proba_class0	proba_class1	repeat	row_index	y_true	y_pred
0.9968420038535646	0.003157996146435453	0	0	0	0
1.0	0.0	0	1	0	0
1.0	0.0	0	2	0	0
1.0	0.0	0	3	0	0
1.0	0.0	0	4	0	0
1.0	0.0	0	5	0	0
1.0	0.0	0	6	0	0
1.0	0.0	0	7	0	0
1.0	0.0	0	8	0	0
1.0	0.0	0	9	0	0
1.0	0.0	0	10	0	0
1.0	0.0	0	11	0	0
1.0	0.0	0	12	0	0
1.0	0.0	0	13	0	0
1.0	0.0	0	14	0	0
1.0	0.0	0	15	0	0
1.0	0.0	0	16	0	0
1.0	0.0	0	17	0	0
1.0	0.0	0	18	0	0
1.0	0.0	0	19	0	0
1.0	0.0	0	20	0	0
0.9967220393095878	0.003277960690412052	0	21	0	0
1.0	0.0	0	22	0	0
1.0	0.0	0	23	0	0
1.0	0.0	0	24	0	0
1.0	0.0	0	25	0	0
1.0	0.0	0	26	0	0
0.9967012687427913	0.003298731257208766	0	27	0	0
0.9935519901557102	0.006448009844289839	0	28	0	0
1.0	0.0	0	29	0	0
1.0	0.0	0	30	0	0
1.0	0.0	0	31	0	0
1.0	0.0	0	32	0	0
1.0	0.0	0	33	0	0
1.0	0.0	0	34	0	0
1.0	0.0	0	35	0	0
1.0	0.0	0	36	0	0
1.0	0.0	0	37	0	0
1.0	0.0	0	38	0	0
0.9408692371702914	0.059130762829708666	0	39	0	0
1.0	0.0	0	40	0	0
1.0	0.0	0	41	0	0
1.0	0.0	0	42	0	0
1.0	0.0	0	43	0	0
1.0	0.0	0	44	0	0
1.0	0.0	0	45	0	0
1.0	0.0	0	46	0	0
1.0	0.0	0	47	0	0
1.0	0.0	0	48	0	0
0.9933931497827738	0.006606850217226221	0	49	0	0
1.0	0.0	0	50	0	0
1.0	0.0	0	51	0	0
1.0	0.0	0	52	0	0
1.0	0.0	0	53	0	0
1.0	0.0	0	54	0	0
1.0	0.0	0	55	0	0
1.0	0.0	0	56	0	0
1.0	0.0	0	57	0	0
1.0	0.0	0	58	0	0
1.0	0.0	0	59	0	0
1.0	0.0	0	60	0	0
0.9737531440153028	0.02624685598469717	0	61	0	0
1.0	0.0	0	62	0	0
0.9737531440153028	0.02624685598469717	0	63	0	0
1.0	0.0	0	64	0	0
1.0	0.0	0	65	0	0
1.0	0.0	0	66	0	0
1.0	0.0	0	67	0	0
1.0	0.0	0	68	0	0
1.0	0.0	0	69	0	0
1.0	0.0	0	70	0	0
1.0	0.0	0	71	0	0
1.0	0.0	0	72	0	0
1.0	0.0	0	73	0	0
1.0	0.0	0	74	0	0
1.0	0.0	0	75	0	0
1.0	0.0	0	76	0	0
1.0	0.0	0	77	0	0
1.0	0.0	0	78	0	0
1.0	0.0	0	79	0	0
1.0	0.0	0	80	0	0
1.0	0.0	0	81	0	0
1.0	0.0	0	82	0	0
1.0	0.0	0	83	0	0
1.0	0.0	0	84	0	0
1.0	0.0	0	85	0	0
1.0	0.0	0	86	0	0
1.0	0.0	0	87	0	0
1.0	0.0	0	88	0	0
1.0	0.0	0	89	0	0
1.0	0.0	0	90	0	0
0.9970250214922401	0.00297497850775983	0	91	0	0
1.0	0.0	0	92	0	0
1.0	0.0	0	93	0	0
1.0	0.0	0	94	0	0
1.0	0.0	0	95	0	0
1.0	0.0	0	96	0	0
0.9967047790983401	0.0032952209016598967	0	97	0	0
1.0	0.0	0	98	0	0
1.0	0.0	0	99	0	0
1.0	0.0	0	100	0	0
1.0	0.0	0	101	0	0
1.0	0.0	0	102	0	0
1.0	0.0	0	103	0	0
1.0	0.0	0	104	0	0
1.0	0.0	0	105	0	0
1.0	0.0	0	106	0	0
1.0	0.0	0	107	0	0
1.0	0.0	0	108	0	0
1.0	0.0	0	109	0	0
1.0	0.0	0	110	0	0
1.0	0.0	0	111	0	0
1.0	0.0	0	112	0	0
1.0	0.0	0	113	0	0
1.0	0.0	0	114	0	0
1.0	0.0	0	115	0	0
1.0	0.0	0	116	0	0
1.0	0.0	0	117	0	0
1.0	0.0	0	118	0	0
1.0	0.0	0	119	0	0
1.0	0.0	0	120	0	0
1.0	0.0	0	121	0	0
1.0	0.0	0	122	0	0
1.0	0.0	0	123	0	0
1.0	0.0	0	124	0	0
1.0	0.0	0	125	0	0
1.0	0.0	0	126	0	0
1.0	0.0	0	127	0	0
1.0	0.0	0	128	0	0
0.9970250214922401	0.00297497850775983	0	129	0	0
1.0	0.0	0	130	0	0
1.0	0.0	0	131	0	0
1.0	0.0	0	132	0	0
1.0	0.0	0	133	0	0
1.0	0.0	0	134	0	0
1.0	0.0	0	135	0	0
1.0	0.0	0	136	0	0
1.0	0.0	0	137	0	0
0.9967002657840631	0.003299734215937014	0	138	0	0
0.9869765960445238	0.013023403955476293	0	139	0	0
1.0	0.0	0	140	0	0
0.9967479070689058	0.003252092931094269	0	141	0	0
1.0	0.0	0	142	0	0
1.0	0.0	0	143	0	0
1.0	0.0	0	144	0	0
1.0	0.0	0	145	0	0
1.0	0.0	0	146	0	0
1.0	0.0	0	147	0	0
1.0	0.0	0	148	0	0
1.0	0.0	0	149	0	0
1.0	0.0	0	150	0	0
1.0	0.0	0	151	0	0
1.0	0.0	0	152	0	0
0.9900537311338097	0.009946268866190327	0	153	0	0
1.0	0.0	0	154	0	0
1.0	0.0	0	155	0	0
1.0	0.0	0	156	0	0
1.0	0.0	0	157	0	0
1.0	0.0	0	158	0	0
1.0	0.0	0	159	0	0
1.0	0.0	0	160	0	0
1.0	0.0	0	161	0	0
1.0	0.0	0	162	0	0
1.0	0.0	0	163	0	0
1.0	0.0	0	164	0	0
1.0	0.0	0	165	0	0
1.0	0.0	0	166	0	0
1.0	0.0	0	167	0	0
1.0	0.0	0	168	0	0
1.0	0.0	0	169	0	0
1.0	0.0	0	170	0	0
1.0	0.0	0	171	0	0
1.0	0.0	0	172	0	0
1.0	0.0	0	173	0	0
0.9967257409207608	0.003274259079239263	0	174	0	0
1.0	0.0	0	175	0	0
0.9974557128490755	0.002544287150924423	0	176	0	0
1.0	0.0	0	177	0	0
1.0	0.0	0	178	0	0
1.0	0.0	0	179	0	0
1.0	0.0	0	180	0	0
1.0	0.0	0	181	0	0
1.0	0.0	0	182	0	0
1.0	0.0	0	183	0	0
1.0	0.0	0	184	0	0
1.0	0.0	0	185	0	0
0.9604299398667274	0.03957006013327273	0	186	0	0
1.0	0.0	0	187	0	0
0.996735170017374	0.003264829982625962	0	188	0	0
1.0	0.0	0	189	0	0
1.0	0.0	0	190	0	0
0.9967174356677119	0.0032825643322880894	0	191	0	0
1.0	0.0	0	192	0	0
1.0	0.0	0	193	0	0
0.996688878792468	0.0033111212075319298	0	194	0	0
0.9977536602846321	0.002246339715368076	0	195	0	0
1.0	0.0	0	196	0	0
1.0	0.0	0	197	0	0
1.0	0.0	0	198	0	0
1.0	0.0	0	199	0	0
1.0	0.0	0	200	0	0
1.0	0.0	0	201	0	0
1.0	0.0	0	202	0	0
1.0	0.0	0	203	0	0
1.0	0.0	0	204	0	0
1.0	0.0	0	205	0	0
1.0	0.0	0	206	0	0
1.0	0.0	0	207	0	0
1.0	0.0	0	208	0	0
1.0	0.0	0	209	0	0
1.0	0.0	0	210	0	0
0.9967784478109526	0.0032215521890474087	0	211	0	0
1.0	0.0	0	212	0	0
1.0	0.0	0	213	0	0
1.0	0.0	0	214	0	0
1.0	0.0	0	215	0	0
1.0	0.0	0	216	0	0
1.0	0.0	0	217	0	0
1.0	0.0	0	218	0	0
1.0	0.0	0	219	0	0
1.0	0.0	0	220	0	0
1.0	0.0	0	221	0	0
1.0	0.0	0	222	0	0
1.0	0.0	0	223	0	0
1.0	0.0	0	224	0	0
1.0	0.0	0	225	0	0
1.0	0.0	0	226	0	0
1.0	0.0	0	227	0	0
1.0	0.0	0	228	0	0
1.0	0.0	0	229	0	0
1.0	0.0	0	230	0	0
1.0	0.0	0	231	0	0
1.0	0.0	0	232	0	0
1.0	0.0	0	233	0	0
1.0	0.0	0	234	0	0
1.0	0.0	0	235	0	0
1.0	0.0	0	236	0	0
1.0	0.0	0	237	0	0
1.0	0.0	0	238	0	0
1.0	0.0	0	239	0	0
1.0	0.0	0	240	0	0
1.0	0.0	0	241	0	0
1.0	0.0	0	242	0	0
1.0	0.0	0	243	0	0
0.9966822853688029	0.003317714631197098	0	244	0	0
1.0	0.0	0	245	0	0
1.0	0.0	0	246	0	0
1.0	0.0	0	247	0	0
1.0	0.0	0	248	0	0
1.0	0.0	0	249	0	0
1.0	0.0	0	250	0	0
0.9966967554285141	0.0033032445714858832	0	251	0	0
1.0	0.0	0	252	0	0
1.0	0.0	0	253	0	0
1.0	0.0	0	254	0	0
1.0	0.0	0	255	0	0
1.0	0.0	0	256	0	0
1.0	0.0	0	257	0	0
1.0	0.0	0	258	0	0
1.0	0.0	0	259	0	0
1.0	0.0	0	260	0	0
1.0	0.0	0	261	0	0
1.0	0.0	0	262	0	0
0.41306969031549506	0.5869303096845051	0	263	1	1
0.841635755874144	0.15836424412585598	0	264	0	0
0.9868670773346385	0.013132922665361538	0	265	0	0
1.0	0.0	0	266	0	0
1.0	0.0	0	267	0	0
0.9900128017248639	0.009987198275136019	0	268	0	0
0.9770205284804492	0.022979471519550664	0	269	0	0
0.6107755749569801	0.38922442504301985	0	270	0	0
0.1453434675429342	0.8546565324570656	0	271	1	1
1.0	0.0	0	272	0	0
1.0	0.0	0	273	0	0
1.0	0.0	0	274	0	0
1.0	0.0	0	275	0	0
1.0	0.0	0	276	0	0
1.0	0.0	0	277	0	0
1.0	0.0	0	278	0	0
0.8317718338124697	0.16822816618753053	0	279	0	0
1.0	0.0	0	280	0	0
1.0	0.0	0	281	0	0
1.0	0.0	0	282	0	0
0.9967712784244388	0.0032287215755611217	0	283	0	0
0.9901215063013213	0.00987849369867868	0	284	0	0
0.9834699860868216	0.016530013913178442	0	285	0	0
0.9967042889390518	0.003295711060948081	0	286	0	0
0.983616597910219	0.01638340208978087	0	287	0	0
0.24919476861273804	0.7508052313872622	0	288	0	1
1.0	0.0	0	289	0	0
0.9966850717293194	0.003314928270680483	0	290	0	0
1.0	0.0	0	291	0	0
0.9934040419236748	0.006595958076325159	0	292	0	0
1.0	0.0	0	293	0	0
0.9992912875967235	0.0007087124032764601	0	294	0	0
1.0	0.0	0	295	0	0
1.0	0.0	0	296	0	0
0.9967057820570684	0.0032942179429316485	0	297	0	0
1.0	0.0	0	298	0	0
1.0	0.0	0	299	0	0
1.0	0.0	0	300	0	0
1.0	0.0	0	301	0	0
0.9934060478411313	0.006593952158868662	0	302	0	0
1.0	0.0	0	303	0	0
1.0	0.0	0	304	0	0
1.0	0.0	0	305	0	0
0.9933926174664951	0.006607382533504858	0	306	0	0
1.0	0.0	0	307	0	0
1.0	0.0	0	308	0	0
1.0	0.0	0	309	0	0
1.0	0.0	0	310	0	0
1.0	0.0	0	311	0	0
1.0	0.0	0	312	0	0
1.0	0.0	0	313	0	0
1.0	0.0	0	314	0	0
1.0	0.0	0	315	0	0
1.0	0.0	0	316	0	0
1.0	0.0	0	317	0	0
1.0	0.0	0	318	0	0
1.0	0.0	0	319	0	0
1.0	0.0	0	320	0	0
1.0	0.0	0	321	0	0
1.0	0.0	0	322	0	0
0.6823500515110843	0.31764994848891603	0	323	0	0
1.0	0.0	0	324	0	0
0.9571529709465094	0.042847029053490575	0	325	0	0
0.9869224308959688	0.013077569104031196	0	326	0	0
0.9870133322667285	0.012986667733271569	0	327	0	0
1.0	0.0	0	328	0	0
1.0	0.0	0	329	0	0
1.0	0.0	0	330	0	0
1.0	0.0	0	331	0	0
0.980307680262258	0.01969231973774197	0	332	0	0
1.0	0.0	0	333	0	0
1.0	0.0	0	334	0	0
1.0	0.0	0	335	0	0
1.0	0.0	0	336	0	0
1.0	0.0	0	337	0	0
1.0	0.0	0	338	0	0
1.0	0.0	0	339	0	0
0.9967712784244388	0.0032287215755611217	0	340	0	0
1.0	0.0	0	341	0	0
0.9934043294013126	0.006595670598687427	0	342	0	0
0.9900491863227239	0.009950813677276035	0	343	0	0
1.0	0.0	0	344	0	0
1.0	0.0	0	345	0	0
1.0	0.0	0	346	0	0
0.9507176768445642	0.04928232315543569	0	347	0	0
1.0	0.0	0	348	0	0
1.0	0.0	0	349	0	0
1.0	0.0	0	350	0	0
0.17806355949749117	0.8219364405025088	0	351	0	1
0.9868576561866892	0.01314234381331084	0	352	0	0
0.9967047790983401	0.0032952209016598967	0	353	0	0
0.9735848067030766	0.02641519329692328	0	354	0	0
0.9640889117251429	0.03591108827485725	0	355	0	0
0.7793223417957332	0.220677658204267	0	356	0	0
1.0	0.0	0	357	0	0
1.0	0.0	0	358	0	0
1.0	0.0	0	359	0	0
1.0	0.0	0	360	0	0
0.9935030713063471	0.006496928693652773	0	361	0	0
0.9935030713063471	0.006496928693652773	0	362	0	0
1.0	0.0	0	363	0	0
0.980046748479834	0.019953251520165895	0	364	0	0
0.993438976377394	0.006561023622605961	0	365	0	0
0.9506764705515988	0.04932352944840126	0	366	0	0
0.9934655301956515	0.006534469804348441	0	367	0	0
1.0	0.0	0	368	0	0
0.9934655301956515	0.006534469804348441	0	369	0	0
1.0	0.0	0	370	0	0
1.0	0.0	0	371	0	0
0.9933950338600451	0.006604966139954854	0	372	0	0
1.0	0.0	0	373	0	0
1.0	0.0	0	374	0	0
0.9934768312555445	0.006523168744455618	0	375	0	0
1.0	0.0	0	376	0	0
1.0	0.0	0	377	0	0
1.0	0.0	0	378	0	0
1.0	0.0	0	379	0	0
1.0	0.0	0	380	0	0
1.0	0.0	0	381	0	0
1.0	0.0	0	382	0	0
1.0	0.0	0	383	0	0
1.0	0.0	0	384	0	0
1.0	0.0	0	385	0	0
1.0	0.0	0	386	0	0
1.0	0.0	0	387	0	0
1.0	0.0	0	388	0	0
1.0	0.0	0	389	0	0
1.0	0.0	0	390	0	0
1.0	0.0	0	391	0	0
1.0	0.0	0	392	0	0
0.9966958887545345	0.0033041112454655383	0	393	0	0
1.0	0.0	0	394	0	0
1.0	0.0	0	395	0	0
1.0	0.0	0	396	0	0
1.0	0.0	0	397	0	0
1.0	0.0	0	398	0	0
1.0	0.0	0	399	0	0
1.0	0.0	0	400	0	0
0.9934020566842238	0.006597943315776273	0	401	0	0
1.0	0.0	0	402	0	0
1.0	0.0	0	403	0	0
1.0	0.0	0	404	0	0
0.9934330359508389	0.00656696404916112	0	405	0	0
1.0	0.0	0	406	0	0
0.9902521900102715	0.009747809989728401	0	407	0	0
0.9902521900102715	0.009747809989728401	0	408	0	0
0.9967223631209905	0.003277636879009399	0	409	0	0
0.9967263236390753	0.0032736763609246835	0	410	0	0
1.0	0.0	0	411	0	0
0.9967518581623329	0.0032481418376669874	0	412	0	0
1.0	0.0	0	413	0	0
1.0	0.0	0	414	0	0
1.0	0.0	0	415	0	0
1.0	0.0	0	416	0	0
1.0	0.0	0	417	0	0
0.9836008796939107	0.016399120306089258	0	418	0	0
1.0	0.0	0	419	0	0
0.9868504266343999	0.013149573365600119	0	420	0	0
0.9703745387842253	0.029625461215774702	0	421	0	0
1.0	0.0	0	422	0	0
1.0	0.0	0	423	0	0
1.0	0.0	0	424	0	0
1.0	0.0	0	425	0	0
0.9933950338600451	0.006604966139954854	0	426	0	0
1.0	0.0	0	427	0	0
1.0	0.0	0	428	0	0
1.0	0.0	0	429	0	0
1.0	0.0	0	430	0	0
1.0	0.0	0	431	0	0
1.0	0.0	0	432	0	0
0.7159995321664251	0.2840004678335751	0	433	0	0
0.9903041805329046	0.009695819467095428	0	434	0	0
0.9506454068219373	0.049354593178062685	0	435	0	0
1.0	0.0	0	436	0	0
0.996707787974525	0.0032922120254751516	0	437	0	0
0.9707133775758189	0.02928662242418126	0	438	0	0
0.7070096783590899	0.29299032164091	0	439	0	0
1.0	0.0	0	440	0	0
0.9967002758966642	0.0032997241033358416	0	441	0	0
0.11707815521537594	0.8829218447846237	0	442	0	1
1.0	0.0	0	443	0	0
1.0	0.0	0	444	0	0
0.9927327309505076	0.007267269049492386	0	445	0	0
1.0	0.0	0	446	0	0
0.9927327309505076	0.007267269049492386	0	447	0	0
0.8945874638855768	0.10541253611442315	0	448	0	0
0.9933924320820354	0.006607567917964656	0	449	0	0
0.9933843290781995	0.00661567092180042	0	450	0	0
1.0	0.0	0	451	0	0
0.9992912875967235	0.0007087124032764601	0	452	0	0
0.9992912875967235	0.0007087124032764601	0	453	0	0
0.9992912875967235	0.0007087124032764601	0	454	0	0
0.5879243871039818	0.4120756128960181	0	455	0	0
1.0	0.0	0	456	0	0
1.0	0.0	0	457	0	0
0.9343364455208905	0.06566355447910967	0	458	0	0
1.0	0.0	0	459	0	0
1.0	0.0	0	460	0	0
1.0	0.0	0	461	0	0
0.9992912875967235	0.0007087124032764601	0	462	0	0
0.9992912875967235	0.0007087124032764601	0	463	0	0
0.9992912875967235	0.0007087124032764601	0	464	0	0
1.0	0.0	0	465	0	0
1.0	0.0	0	466	0	0
1.0	0.0	0	467	0	0
0.9934226706424295	0.006577329357570374	0	468	0	0
0.9868904740040715	0.013109525995928522	0	469	0	0
0.9901727757442885	0.009827224255711435	0	470	0	0
0.993491948353402	0.006508051646597998	0	471	0	0
1.0	0.0	0	472	0	0
1.0	0.0	0	473	0	0
1.0	0.0	0	474	0	0
1.0	0.0	0	475	0	0
1.0	0.0	0	476	0	0
1.0	0.0	0	477	0	0
1.0	0.0	0	478	0	0
1.0	0.0	0	479	0	0
0.9836735497573977	0.016326450242602097	0	480	0	0
1.0	0.0	0	481	0	0
0.9901013934931666	0.009898606506833333	0	482	0	0
0.9933908772269248	0.006609122773075145	0	483	0	0
0.9901013934931666	0.009898606506833333	0	484	0	0
1.0	0.0	0	485	0	0
1.0	0.0	0	486	0	0
0.8450964448428997	0.1549035551571004	0	487	0	0
0.8913798153491943	0.10862018465080571	0	488	0	0
0.9670267922912562	0.03297320770874404	0	489	1	0
0.9967086142322097	0.0032913857677902623	0	490	0	0
1.0	0.0	0	491	0	0
0.9967518581623329	0.0032481418376669874	0	492	0	0
1.0	0.0	0	493	0	0
1.0	0.0	0	494	0	0
1.0	0.0	0	495	0	0
1.0	0.0	0	496	0	0
1.0	0.0	0	497	0	0
1.0	0.0	0	498	0	0
1.0	0.0	0	499	0	0
1.0	0.0	0	500	0	0
0.9802446672793805	0.019755332720619464	0	501	0	0
0.9934990525432997	0.006500947456700299	0	502	0	0
1.0	0.0	0	503	0	0
1.0	0.0	0	504	0	0
1.0	0.0	0	505	0	0
0.9966721660226631	0.0033278339773368647	0	506	0	0
1.0	0.0	0	507	0	0
1.0	0.0	0	508	0	0
0.9902811515924209	0.009718848407579023	0	509	0	0
0.9902811515924209	0.009718848407579023	0	510	0	0
0.9902811515924209	0.009718848407579023	0	511	0	0
0.9900878830259728	0.00991211697402725	0	512	0	0
0.9668918625103161	0.03310813748968393	0	513	1	0
0.9638627664003531	0.03613723359964672	0	514	0	0
0.9801967652994847	0.019803234700515294	0	515	0	0
0.35271142428615304	0.6472885757138471	0	516	1	1
1.0	0.0	0	517	0	0
1.0	0.0	0	518	0	0
1.0	0.0	0	519	0	0
1.0	0.0	0	520	0	0
0.24204000277312337	0.7579599972268766	0	521	1	1
0.4382113658529328	0.561788634147067	0	522	1	1
1.0	0.0	0	523	0	0
1.0	0.0	0	524	0	0
0.9834667920652339	0.016533207934765953	0	525	0	0
1.0	0.0	0	526	0	0
1.0	0.0	0	527	0	0
0.99344627864524	0.006553721354760136	0	528	0	0
1.0	0.0	0	529	0	0
1.0	0.0	0	530	0	0
1.0	0.0	0	531	0	0
0.9934106169614729	0.006589383038527083	0	532	0	0
1.0	0.0	0	533	0	0
1.0	0.0	0	534	0	0
1.0	0.0	0	535	0	0
0.9967537738183618	0.003246226181638208	0	536	0	0
1.0	0.0	0	537	0	0
1.0	0.0	0	538	0	0
1.0	0.0	0	539	0	0
1.0	0.0	0	540	0	0
1.0	0.0	0	541	0	0
1.0	0.0	0	542	0	0
1.0	0.0	0	543	0	0
1.0	0.0	0	544	0	0
1.0	0.0	0	545	0	0
1.0	0.0	0	546	0	0
0.9966967554285141	0.0033032445714858832	0	547	0	0
1.0	0.0	0	548	0	0
1.0	0.0	0	549	0	0
1.0	0.0	0	550	0	0
1.0	0.0	0	551	0	0
0.9935299488615156	0.006470051138484523	0	552	0	0
1.0	0.0	0	553	0	0
0.9902378017814757	0.009762198218524254	0	554	0	0
1.0	0.0	0	555	0	0
0.9769495125231676	0.02305048747683232	0	556	0	0
1.0	0.0	0	557	0	0
1.0	0.0	0	558	0	0
0.9901183491299332	0.009881650870066696	0	559	0	0
1.0	0.0	0	560	0	0
1.0	0.0	0	561	0	0
1.0	0.0	0	562	0	0
1.0	0.0	0	563	0	0
1.0	0.0	0	564	0	0
1.0	0.0	0	565	0	0
1.0	0.0	0	566	0	0
0.9735832006644671	0.026416799335532846	0	567	0	0
0.9735832006644671	0.026416799335532846	0	568	0	0
1.0	0.0	0	569	0	0
1.0	0.0	0	570	0	0
1.0	0.0	0	571	0	0
0.9640521018505687	0.0359478981494314	0	572	0	0
1.0	0.0	0	573	0	0
1.0	0.0	0	574	0	0
0.9934155759490496	0.006584424050950304	0	575	0	0
1.0	0.0	0	576	0	0
1.0	0.0	0	577	0	0
1.0	0.0	0	578	0	0
1.0	0.0	0	579	0	0
1.0	0.0	0	580	0	0
1.0	0.0	0	581	0	0
1.0	0.0	0	582	0	0
1.0	0.0	0	583	0	0
0.2414085916434252	0.7585914083565747	0	584	0	1
1.0	0.0	0	585	0	0
1.0	0.0	0	586	0	0
0.9802710722733635	0.01972892772663646	0	587	0	0
1.0	0.0	0	588	0	0
0.9967712784244388	0.0032287215755611217	0	589	0	0
0.9967625793123801	0.0032374206876198907	0	590	0	0
1.0	0.0	0	591	0	0
0.9967841927427646	0.003215807257235199	0	592	0	0
0.9967841927427646	0.003215807257235199	0	593	0	0
0.9803458340736565	0.01965416592634346	0	594	0	0
0.9543703095024284	0.045629690497571644	0	595	0	0
1.0	0.0	0	596	0	0
0.9934508783009066	0.006549121699093483	0	597	0	0
1.0	0.0	0	598	0	0
1.0	0.0	0	599	0	0
1.0	0.0	0	600	0	0
1.0	0.0	0	601	0	0
0.9967042889390518	0.003295711060948081	0	602	0	0
1.0	0.0	0	603	0	0
1.0	0.0	0	604	0	0
0.6740276581653708	0.3259723418346295	0	605	0	0
0.9966845647735006	0.003315435226499282	0	606	0	0
1.0	0.0	0	607	0	0
1.0	0.0	0	608	0	0
1.0	0.0	0	609	0	0
1.0	0.0	0	610	0	0
1.0	0.0	0	611	0	0
1.0	0.0	0	612	0	0
1.0	0.0	0	613	0	0
1.0	0.0	0	614	0	0
1.0	0.0	0	615	0	0
1.0	0.0	0	616	0	0
1.0	0.0	0	617	0	0
1.0	0.0	0	618	0	0
1.0	0.0	0	619	0	0
1.0	0.0	0	620	0	0
1.0	0.0	0	621	0	0
1.0	0.0	0	622	0	0
1.0	0.0	0	623	0	0
1.0	0.0	0	624	0	0
1.0	0.0	0	625	0	0
1.0	0.0	0	626	0	0
1.0	0.0	0	627	0	0
1.0	0.0	0	628	0	0
1.0	0.0	0	629	0	0
1.0	0.0	0	630	0	0
1.0	0.0	0	631	0	0
1.0	0.0	0	632	0	0
1.0	0.0	0	633	0	0
0.9539365296831941	0.046063470316805695	0	634	0	0
0.1566746294200304	0.8433253705799695	0	635	0	1
1.0	0.0	0	636	0	0
0.9900617005267118	0.009938299473288186	0	637	0	0
1.0	0.0	0	638	0	0
1.0	0.0	0	639	0	0
0.9637670446034328	0.03623295539656715	0	640	0	0
1.0	0.0	0	641	0	0
1.0	0.0	0	642	0	0
1.0	0.0	0	643	0	0
1.0	0.0	0	644	0	0
1.0	0.0	0	645	0	0
1.0	0.0	0	646	0	0
1.0	0.0	0	647	0	0
1.0	0.0	0	648	0	0
1.0	0.0	0	649	0	0
1.0	0.0	0	650	0	0
1.0	0.0	0	651	0	0
1.0	0.0	0	652	0	0
1.0	0.0	0	653	0	0
0.10993313486655576	0.8900668651334441	0	654	0	1
0.9901078642995041	0.009892135700495781	0	655	0	0
1.0	0.0	0	656	0	0
1.0	0.0	0	657	0	0
1.0	0.0	0	658	0	0
1.0	0.0	0	659	0	0
1.0	0.0	0	660	0	0
1.0	0.0	0	661	0	0
0.9934581054305265	0.006541894569473519	0	662	0	0
1.0	0.0	0	663	0	0
1.0	0.0	0	664	0	0
1.0	0.0	0	665	0	0
1.0	0.0	0	666	0	0
1.0	0.0	0	667	0	0
1.0	0.0	0	668	0	0
1.0	0.0	0	669	0	0
0.996694868308405	0.0033051316915949035	0	670	0	0
0.9966786201323299	0.003321379867670085	0	671	0	0
0.996694868308405	0.0033051316915949035	0	672	0	0
0.9901923460323475	0.0098076539676524	0	673	0	0
1.0	0.0	0	674	0	0
0.9901923460323475	0.0098076539676524	0	675	0	0
1.0	0.0	0	676	0	0
1.0	0.0	0	677	0	0
1.0	0.0	0	678	0	0
1.0	0.0	0	679	0	0
1.0	0.0	0	680	0	0
1.0	0.0	0	681	0	0
1.0	0.0	0	682	0	0
1.0	0.0	0	683	0	0
1.0	0.0	0	684	0	0
1.0	0.0	0	685	0	0
1.0	0.0	0	686	0	0
1.0	0.0	0	687	0	0
1.0	0.0	0	688	0	0
1.0	0.0	0	689	0	0
1.0	0.0	0	690	0	0
1.0	0.0	0	691	0	0
1.0	0.0	0	692	0	0
0.9966666666666667	0.0033333333333333335	0	693	0	0
1.0	0.0	0	694	0	0
1.0	0.0	0	695	0	0
1.0	0.0	0	696	0	0
1.0	0.0	0	697	0	0
1.0	0.0	0	698	0	0
0.9967322208978942	0.0032677791021056813	0	699	0	0
1.0	0.0	0	700	0	0
0.9835748800560487	0.016425119943951308	0	701	0	0
0.9869561283984729	0.013043871601526993	0	702	0	0
0.8421657467231065	0.15783425327689346	0	703	0	0
0.9510761933692813	0.04892380663071887	0	704	0	0
1.0	0.0	0	705	0	0
1.0	0.0	0	706	0	0
1.0	0.0	0	707	0	0
1.0	0.0	0	708	0	0
1.0	0.0	0	709	0	0
1.0	0.0	0	710	0	0
1.0	0.0	0	711	0	0
1.0	0.0	0	712	0	0
0.9934306928258839	0.0065693071741161424	0	713	0	0
1.0	0.0	0	714	0	0
1.0	0.0	0	715	0	0
0.9901321191055323	0.00986788089446785	0	716	0	0
1.0	0.0	0	717	0	0
1.0	0.0	0	718	0	0
1.0	0.0	0	719	0	0
1.0	0.0	0	720	0	0
1.0	0.0	0	721	0	0
1.0	0.0	0	722	0	0
1.0	0.0	0	723	0	0
1.0	0.0	0	724	0	0
1.0	0.0	0	725	0	0
1.0	0.0	0	726	0	0
1.0	0.0	0	727	0	0
1.0	0.0	0	728	0	0
1.0	0.0	0	729	0	0
1.0	0.0	0	730	0	0
0.9967351802204348	0.003264819779565088	0	731	0	0
1.0	0.0	0	732	0	0
0.9967032746602479	0.003296725339752269	0	733	0	0
0.9967032746602479	0.003296725339752269	0	734	0	0
1.0	0.0	0	735	0	0
1.0	0.0	0	736	0	0
1.0	0.0	0	737	0	0
0.9933655637698223	0.0066344362301777576	0	738	0	0
1.0	0.0	0	739	0	0
1.0	0.0	0	740	0	0
1.0	0.0	0	741	0	0
1.0	0.0	0	742	0	0
1.0	0.0	0	743	0	0
1.0	0.0	0	744	0	0
1.0	0.0	0	745	0	0
1.0	0.0	0	746	0	0
1.0	0.0	0	747	0	0
1.0	0.0	0	748	0	0
1.0	0.0	0	749	0	0
0.9376431558600439	0.06235684413995595	0	750	0	0
0.8295130906126379	0.17048690938736205	0	751	0	0
0.9960333174445096	0.003966682555490253	0	752	0	0
0.9960333174445096	0.003966682555490253	0	753	0	0
0.9671901774451028	0.03280982255489735	0	754	0	0
0.9702826085689672	0.029717391431032945	0	755	0	0
0.9933881041522181	0.006611895847781974	0	756	0	0
0.9933881041522181	0.006611895847781974	0	757	0	0
0.9933881041522181	0.006611895847781974	0	758	0	0
1.0	0.0	0	759	0	0
0.9574167928152766	0.0425832071847233	0	760	0	0
1.0	0.0	0	761	0	0
0.8978134628576356	0.10218653714236443	0	762	0	0
0.1461264957534826	0.8538735042465172	0	763	0	1
0.18696468807610964	0.8130353119238908	0	764	0	1
1.0	0.0	0	765	0	0
0.9966962584010433	0.003303741598956766	0	766	0	0
0.9867986993594802	0.013201300640519947	0	767	0	0
0.9967351598173515	0.0032648401826484014	0	768	0	0
0.7331342713335208	0.26686572866647934	0	769	0	0
0.8883303492057348	0.11166965079426547	0	770	0	0
0.9179017123561382	0.0820982876438618	0	771	0	0
0.996707787974525	0.0032922120254751516	0	772	0	0
0.9411327339672063	0.05886726603279364	0	773	0	0
0.993395942965775	0.006604057034225062	0	774	0	0
1.0	0.0	0	775	0	0
0.9934655301956515	0.006534469804348441	0	776	0	0
0.996872204776858	0.0031277952231420687	0	777	0	0
0.9992912875967235	0.0007087124032764601	0	778	0	0
0.9992912875967235	0.0007087124032764601	0	779	0	0
1.0	0.0	0	780	0	0
0.9772958543551999	0.022704145644800208	0	781	0	0
0.9636767123914556	0.03632328760854439	0	782	0	0
1.0	0.0	0	783	0	0
1.0	0.0	0	784	0	0
1.0	0.0	0	785	0	0
1.0	0.0	0	786	0	0
1.0	0.0	0	787	0	0
1.0	0.0	0	788	0	0
1.0	0.0	0	789	0	0
1.0	0.0	0	790	0	0
1.0	0.0	0	791	0	0
1.0	0.0	0	792	0	0
1.0	0.0	0	793	0	0
1.0	0.0	0	794	0	0
1.0	0.0	0	795	0	0
0.9935273896692589	0.0064726103307411334	0	796	0	0
1.0	0.0	0	797	0	0
1.0	0.0	0	798	0	0
1.0	0.0	0	799	0	0
0.9966962539491498	0.0033037460508500076	0	800	0	0
1.0	0.0	0	801	0	0
1.0	0.0	0	802	0	0
1.0	0.0	0	803	0	0
1.0	0.0	0	804	0	0
1.0	0.0	0	805	0	0
1.0	0.0	0	806	0	0
1.0	0.0	0	807	0	0
1.0	0.0	0	808	0	0
1.0	0.0	0	809	0	0
1.0	0.0	0	810	0	0
1.0	0.0	0	811	0	0
1.0	0.0	0	812	0	0
1.0	0.0	0	813	0	0
1.0	0.0	0	814	0	0
1.0	0.0	0	815	0	0
1.0	0.0	0	816	0	0
1.0	0.0	0	817	0	0
1.0	0.0	0	818	0	0
0.9934220848630533	0.006577915136946755	0	819	0	0
0.9182736572241775	0.08172634277582265	0	820	0	0
0.9148685438985505	0.08513145610144969	0	821	0	0
0.9804351285074222	0.019564871492577653	0	822	0	0
0.9835688005718441	0.016431199428155942	0	823	0	0
0.9835688005718441	0.016431199428155942	0	824	0	0
0.9271941118266225	0.07280588817337763	0	825	0	0
0.9934410210717526	0.0065589789282475405	0	826	0	0
1.0	0.0	0	827	0	0
0.9803117636482093	0.01968823635179069	0	828	0	0
1.0	0.0	0	829	0	0
0.8847801856316366	0.11521981436836332	0	830	0	0
1.0	0.0	0	831	0	0
1.0	0.0	0	832	0	0
1.0	0.0	0	833	0	0
1.0	0.0	0	834	0	0
1.0	0.0	0	835	0	0
0.9933655637698223	0.0066344362301777576	0	836	0	0
1.0	0.0	0	837	0	0
1.0	0.0	0	838	0	0
1.0	0.0	0	839	0	0
1.0	0.0	0	840	0	0
0.9934768312555445	0.006523168744455618	0	841	0	0
1.0	0.0	0	842	0	0
1.0	0.0	0	843	0	0
0.8485759716910334	0.15142402830896665	0	844	0	0
0.9802687581264454	0.019731241873554635	0	845	0	0
0.8358085777271204	0.16419142227287986	0	846	0	0
0.9769550375266681	0.023044962473331817	0	847	0	0
0.7995467343410797	0.20045326565892005	0	848	0	0
0.9571650589164561	0.04283494108354383	0	849	0	0
0.9933853828987519	0.006614617101248019	0	850	0	0
1.0	0.0	0	851	0	0
1.0	0.0	0	852	0	0
1.0	0.0	0	853	0	0
1.0	0.0	0	854	0	0
1.0	0.0	0	855	0	0
1.0	0.0	0	856	0	0
1.0	0.0	0	857	0	0
0.7428312029477937	0.2571687970522063	0	858	0	0
0.9900888657090612	0.009911134290938905	0	859	0	0
0.9900936302674416	0.009906369732558285	0	860	0	0
0.9900466268512317	0.009953373148768303	0	861	0	0
0.9345345298721194	0.06546547012788075	0	862	0	0
1.0	0.0	0	863	0	0
1.0	0.0	0	864	0	0
1.0	0.0	0	865	0	0
0.9934075522792237	0.00659244772077629	0	866	0	0
0.9934075522792237	0.00659244772077629	0	867	0	0
0.9934075522792237	0.00659244772077629	0	868	0	0
1.0	0.0	0	869	0	0
1.0	0.0	0	870	0	0
1.0	0.0	0	871	0	0
0.9934330359508389	0.00656696404916112	0	872	0	0
1.0	0.0	0	873	0	0
1.0	0.0	0	874	0	0
1.0	0.0	0	875	0	0
1.0	0.0	0	876	0	0
1.0	0.0	0	877	0	0
1.0	0.0	0	878	0	0
1.0	0.0	0	879	0	0
1.0	0.0	0	880	0	0
1.0	0.0	0	881	0	0
1.0	0.0	0	882	0	0
1.0	0.0	0	883	0	0
1.0	0.0	0	884	0	0
1.0	0.0	0	885	0	0
1.0	0.0	0	886	0	0
1.0	0.0	0	887	0	0
0.9901448357602768	0.009855164239723279	0	888	0	0
0.35445415814915193	0.645545841850848	0	889	1	1
0.148731533524325	0.8512684664756751	0	890	1	1
0.9835939869107029	0.01640601308929715	0	891	0	0
0.019366559826945188	0.980633440173055	0	892	1	1
0.0363493714516925	0.9636506285483074	0	893	1	1
0.08880411341460652	0.9111958865853936	0	894	1	1
0.18855542880132498	0.8114445711986755	0	895	1	1
0.9966915059664669	0.0033084940335330547	0	896	0	0
0.996837397200981	0.0031626027990189006	0	897	0	0
0.996837397200981	0.0031626027990189006	0	898	0	0
0.996837397200981	0.0031626027990189006	0	899	0	0
1.0	0.0	0	900	0	0
0.9866918352964865	0.01330816470351354	0	901	0	0
0.9866918352964865	0.01330816470351354	0	902	0	0
0.05587970640828503	0.9441202935917149	0	903	1	1
1.0	0.0	0	904	0	0
0.18953451956285677	0.810465480437143	0	905	1	1
0.06864397174723892	0.9313560282527609	0	906	1	1
0.2957398078207314	0.7042601921792683	0	907	1	1
0.9967827919055318	0.0032172080944681282	0	908	0	0
0.9967827919055318	0.0032172080944681282	0	909	0	0
1.0	0.0	0	910	0	0
1.0	0.0	0	911	0	0
1.0	0.0	0	912	0	0
1.0	0.0	0	913	0	0
1.0	0.0	0	914	0	0
1.0	0.0	0	915	0	0
1.0	0.0	0	916	0	0
1.0	0.0	0	917	0	0
1.0	0.0	0	918	0	0
1.0	0.0	0	919	0	0
1.0	0.0	0	920	0	0
1.0	0.0	0	921	0	0
1.0	0.0	0	922	0	0
1.0	0.0	0	923	0	0
1.0	0.0	0	924	0	0
1.0	0.0	0	925	0	0
1.0	0.0	0	926	0	0
1.0	0.0	0	927	0	0
1.0	0.0	0	928	0	0
1.0	0.0	0	929	0	0
1.0	0.0	0	930	0	0
0.9945299906036079	0.005470009396392187	0	931	0	0
1.0	0.0	0	932	0	0
0.9945299906036079	0.005470009396392187	0	933	0	0
1.0	0.0	0	934	0	0
1.0	0.0	0	935	0	0
1.0	0.0	0	936	0	0
1.0	0.0	0	937	0	0
0.9802280916222018	0.019771908377798228	0	938	0	0
1.0	0.0	0	939	0	0
1.0	0.0	0	940	0	0
1.0	0.0	0	941	0	0
1.0	0.0	0	942	0	0
1.0	0.0	0	943	0	0
1.0	0.0	0	944	0	0
1.0	0.0	0	945	0	0
1.0	0.0	0	946	0	0
1.0	0.0	0	947	0	0
0.40481893229942945	0.5951810677005706	0	948	1	1
1.0	0.0	0	949	0	0
1.0	0.0	0	950	0	0
1.0	0.0	0	951	0	0
1.0	0.0	0	952	0	0
1.0	0.0	0	953	0	0
1.0	0.0	0	954	0	0
1.0	0.0	0	955	0	0
0.9791108053777303	0.02088919462226976	0	956	0	0
0.9872399738158073	0.01276002618419273	0	957	0	0
0.9967017702221553	0.0032982297778446417	0	958	0	0
1.0	0.0	0	959	0	0
0.9902290365837985	0.009770963416201544	0	960	0	0
0.9872399738158073	0.01276002618419273	0	961	0	0
1.0	0.0	0	962	0	0
1.0	0.0	0	963	0	0
1.0	0.0	0	964	0	0
1.0	0.0	0	965	0	0
1.0	0.0	0	966	0	0
1.0	0.0	0	967	0	0
1.0	0.0	0	968	0	0
1.0	0.0	0	969	0	0
1.0	0.0	0	970	0	0
1.0	0.0	0	971	0	0
1.0	0.0	0	972	0	0
1.0	0.0	0	973	0	0
1.0	0.0	0	974	0	0
1.0	0.0	0	975	0	0
1.0	0.0	0	976	0	0
1.0	0.0	0	977	0	0
1.0	0.0	0	978	0	0
1.0	0.0	0	979	0	0
0.9972025860235635	0.0027974139764365613	0	980	0	0
1.0	0.0	0	981	0	0
1.0	0.0	0	982	0	0
1.0	0.0	0	983	0	0
1.0	0.0	0	984	0	0
1.0	0.0	0	985	0	0
1.0	0.0	0	986	0	0
0.9966850717293194	0.003314928270680483	0	987	0	0
1.0	0.0	0	988	0	0
1.0	0.0	0	989	0	0
1.0	0.0	0	990	0	0
1.0	0.0	0	991	0	0
1.0	0.0	0	992	0	0
1.0	0.0	0	993	0	0
1.0	0.0	0	994	0	0
1.0	0.0	0	995	0	0
1.0	0.0	0	996	0	0
1.0	0.0	0	997	0	0
1.0	0.0	0	998	0	0
1.0	0.0	0	999	0	0
1.0	0.0	0	1000	0	0
1.0	0.0	0	1001	0	0
1.0	0.0	0	1002	0	0
1.0	0.0	0	1003	0	0
1.0	0.0	0	1004	0	0
1.0	0.0	0	1005	0	0
1.0	0.0	0	1006	0	0
1.0	0.0	0	1007	0	0
0.018248949510831305	0.9817510504891687	0	1008	1	1
1.0	0.0	0	1009	0	0
1.0	0.0	0	1010	0	0
1.0	0.0	0	1011	0	0
1.0	0.0	0	1012	0	0
1.0	0.0	0	1013	0	0
1.0	0.0	0	1014	0	0
0.9936774624205122	0.006322537579487826	0	1015	0	0
1.0	0.0	0	1016	0	0
1.0	0.0	0	1017	0	0
1.0	0.0	0	1018	0	0
1.0	0.0	0	1019	0	0
1.0	0.0	0	1020	0	0
1.0	0.0	0	1021	0	0
1.0	0.0	0	1022	0	0
1.0	0.0	0	1023	0	0
0.9967381058689287	0.0032618941310710923	0	1024	0	0
1.0	0.0	0	1025	0	0
1.0	0.0	0	1026	0	0
1.0	0.0	0	1027	0	0
1.0	0.0	0	1028	0	0
1.0	0.0	0	1029	0	0
1.0	0.0	0	1030	0	0
0.9946321714088655	0.005367828591134396	0	1031	0	0
1.0	0.0	0	1032	0	0
1.0	0.0	0	1033	0	0
1.0	0.0	0	1034	0	0
1.0	0.0	0	1035	0	0
1.0	0.0	0	1036	0	0
1.0	0.0	0	1037	0	0
1.0	0.0	0	1038	0	0
1.0	0.0	0	1039	0	0
1.0	0.0	0	1040	0	0
1.0	0.0	0	1041	0	0
1.0	0.0	0	1042	0	0
1.0	0.0	0	1043	0	0
1.0	0.0	0	1044	0	0
0.9836615199882818	0.016338480011718358	0	1045	0	0
1.0	0.0	0	1046	0	0
1.0	0.0	0	1047	0	0
1.0	0.0	0	1048	0	0
1.0	0.0	0	1049	0	0
1.0	0.0	0	1050	0	0
1.0	0.0	0	1051	0	0
1.0	0.0	0	1052	0	0
0.9703772865253876	0.029622713474612438	0	1053	0	0
1.0	0.0	0	1054	0	0
1.0	0.0	0	1055	0	0
1.0	0.0	0	1056	0	0
1.0	0.0	0	1057	0	0
1.0	0.0	0	1058	0	0
1.0	0.0	0	1059	0	0
1.0	0.0	0	1060	0	0
1.0	0.0	0	1061	0	0
1.0	0.0	0	1062	0	0
1.0	0.0	0	1063	0	0
0.9966982598666065	0.003301740133393511	0	1064	0	0
0.9935373253688222	0.00646267463117772	0	1065	0	0
1.0	0.0	0	1066	0	0
1.0	0.0	0	1067	0	0
1.0	0.0	0	1068	0	0
1.0	0.0	0	1069	0	0
1.0	0.0	0	1070	0	0
1.0	0.0	0	1071	0	0
1.0	0.0	0	1072	0	0
0.9934619547567881	0.0065380452432120505	0	1073	0	0
1.0	0.0	0	1074	0	0
1.0	0.0	0	1075	0	0
1.0	0.0	0	1076	0	0
1.0	0.0	0	1077	0	0
1.0	0.0	0	1078	0	0
1.0	0.0	0	1079	0	0
0.9835746865178161	0.01642531348218389	0	1080	0	0
1.0	0.0	0	1081	0	0
1.0	0.0	0	1082	0	0
1.0	0.0	0	1083	0	0
1.0	0.0	0	1084	0	0
1.0	0.0	0	1085	0	0
1.0	0.0	0	1086	0	0
1.0	0.0	0	1087	0	0
1.0	0.0	0	1088	0	0
1.0	0.0	0	1089	0	0
1.0	0.0	0	1090	0	0
1.0	0.0	0	1091	0	0
1.0	0.0	0	1092	0	0
1.0	0.0	0	1093	0	0
1.0	0.0	0	1094	0	0
1.0	0.0	0	1095	0	0
0.9809824461240616	0.019017553875938484	0	1096	0	0
0.9967827919055318	0.0032172080944681282	0	1097	0	0
1.0	0.0	0	1098	0	0
1.0	0.0	0	1099	0	0
1.0	0.0	0	1100	0	0
1.0	0.0	0	1101	0	0
1.0	0.0	0	1102	0	0
1.0	0.0	0	1103	0	0
1.0	0.0	0	1104	0	0
1.0	0.0	0	1105	0	0
1.0	0.0	0	1106	0	0
1.0	0.0	0	1107	0	0
1.0	0.0	0	1108	0	0
1.0	0.0	0	1109	0	0
1.0	0.0	0	1110	0	0
1.0	0.0	0	1111	0	0
1.0	0.0	0	1112	0	0
1.0	0.0	0	1113	0	0
1.0	0.0	0	1114	0	0
0.6574615855707076	0.34253841442929267	0	1115	1	0
0.9704231280025732	0.029576871997426722	0	1116	0	0
1.0	0.0	0	1117	0	0
1.0	0.0	0	1118	0	0
1.0	0.0	0	1119	0	0
1.0	0.0	0	1120	0	0
1.0	0.0	0	1121	0	0
1.0	0.0	0	1122	0	0
1.0	0.0	0	1123	0	0
1.0	0.0	0	1124	0	0
1.0	0.0	0	1125	0	0
1.0	0.0	0	1126	0	0
1.0	0.0	0	1127	0	0
1.0	0.0	0	1128	0	0
1.0	0.0	0	1129	0	0
1.0	0.0	0	1130	0	0
1.0	0.0	0	1131	0	0
0.7190149194711524	0.28098508052884763	0	1132	0	0
1.0	0.0	0	1133	0	0
1.0	0.0	0	1134	0	0
1.0	0.0	0	1135	0	0
1.0	0.0	0	1136	0	0
0.004982141064473667	0.9950178589355266	0	1137	1	1
0.10990382562476869	0.8900961743752315	0	1138	1	1
1.0	0.0	0	1139	0	0
1.0	0.0	0	1140	0	0
1.0	0.0	0	1141	0	0
1.0	0.0	0	1142	0	0
1.0	0.0	0	1143	0	0
1.0	0.0	0	1144	0	0
1.0	0.0	0	1145	0	0
1.0	0.0	0	1146	0	0
0.9643411978327703	0.03565880216722978	0	1147	0	0
1.0	0.0	0	1148	0	0
1.0	0.0	0	1149	0	0
1.0	0.0	0	1150	0	0
1.0	0.0	0	1151	0	0
0.3583011194830652	0.6416988805169348	0	1152	1	1
1.0	0.0	0	1153	0	0
1.0	0.0	0	1154	0	0
1.0	0.0	0	1155	0	0
1.0	0.0	0	1156	0	0
1.0	0.0	0	1157	0	0
0.9869598926090731	0.013040107390926984	0	1158	0	0
1.0	0.0	0	1159	0	0
1.0	0.0	0	1160	0	0
1.0	0.0	0	1161	0	0
1.0	0.0	0	1162	0	0
1.0	0.0	0	1163	0	0
1.0	0.0	0	1164	0	0
1.0	0.0	0	1165	0	0
1.0	0.0	0	1166	0	0
1.0	0.0	0	1167	0	0
1.0	0.0	0	1168	0	0
0.997016348773842	0.002983651226158038	0	1169	0	0
1.0	0.0	0	1170	0	0
1.0	0.0	0	1171	0	0
1.0	0.0	0	1172	0	0
1.0	0.0	0	1173	0	0
1.0	0.0	0	1174	0	0
1.0	0.0	0	1175	0	0
1.0	0.0	0	1176	0	0
1.0	0.0	0	1177	0	0
1.0	0.0	0	1178	0	0
1.0	0.0	0	1179	0	0
1.0	0.0	0	1180	0	0
1.0	0.0	0	1181	0	0
1.0	0.0	0	1182	0	0
1.0	0.0	0	1183	0	0
1.0	0.0	0	1184	0	0
1.0	0.0	0	1185	0	0
1.0	0.0	0	1186	0	0
1.0	0.0	0	1187	0	0
1.0	0.0	0	1188	0	0
1.0	0.0	0	1189	0	0
1.0	0.0	0	1190	0	0
1.0	0.0	0	1191	0	0
1.0	0.0	0	1192	0	0
1.0	0.0	0	1193	0	0
1.0	0.0	0	1194	0	0
0.9742057554289422	0.02579424457105783	0	1195	0	0
1.0	0.0	0	1196	0	0
0.9903290392486855	0.009670960751314484	0	1197	0	0
1.0	0.0	0	1198	0	0
1.0	0.0	0	1199	0	0
1.0	0.0	0	1200	0	0
1.0	0.0	0	1201	0	0
1.0	0.0	0	1202	0	0
1.0	0.0	0	1203	0	0
1.0	0.0	0	1204	0	0
1.0	0.0	0	1205	0	0
1.0	0.0	0	1206	0	0
1.0	0.0	0	1207	0	0
1.0	0.0	0	1208	0	0
1.0	0.0	0	1209	0	0
1.0	0.0	0	1210	0	0
1.0	0.0	0	1211	0	0
1.0	0.0	0	1212	0	0
1.0	0.0	0	1213	0	0
1.0	0.0	0	1214	0	0
1.0	0.0	0	1215	0	0
1.0	0.0	0	1216	0	0
1.0	0.0	0	1217	0	0
1.0	0.0	0	1218	0	0
1.0	0.0	0	1219	0	0
1.0	0.0	0	1220	0	0
1.0	0.0	0	1221	0	0
1.0	0.0	0	1222	0	0
1.0	0.0	0	1223	0	0
0.9834753719097641	0.016524628090236047	0	1224	0	0
1.0	0.0	0	1225	0	0
1.0	0.0	0	1226	0	0
1.0	0.0	0	1227	0	0
1.0	0.0	0	1228	0	0
0.21909570501429623	0.7809042949857034	0	1229	1	1
1.0	0.0	0	1230	0	0
1.0	0.0	0	1231	0	0
1.0	0.0	0	1232	0	0
1.0	0.0	0	1233	0	0
1.0	0.0	0	1234	0	0
1.0	0.0	0	1235	0	0
1.0	0.0	0	1236	0	0
1.0	0.0	0	1237	0	0
1.0	0.0	0	1238	0	0
1.0	0.0	0	1239	0	0
1.0	0.0	0	1240	0	0
1.0	0.0	0	1241	0	0
1.0	0.0	0	1242	0	0
1.0	0.0	0	1243	0	0
1.0	0.0	0	1244	0	0
1.0	0.0	0	1245	0	0
1.0	0.0	0	1246	0	0
1.0	0.0	0	1247	0	0
1.0	0.0	0	1248	0	0
1.0	0.0	0	1249	0	0
1.0	0.0	0	1250	0	0
1.0	0.0	0	1251	0	0
1.0	0.0	0	1252	0	0
1.0	0.0	0	1253	0	0
0.05815931056819841	0.9418406894318015	0	1254	1	1
1.0	0.0	0	1255	0	0
0.0038144834081633642	0.9961855165918365	0	1256	1	1
1.0	0.0	0	1257	0	0
1.0	0.0	0	1258	0	0
1.0	0.0	0	1259	0	0
1.0	0.0	0	1260	0	0
1.0	0.0	0	1261	0	0
1.0	0.0	0	1262	0	0
1.0	0.0	0	1263	0	0
1.0	0.0	0	1264	0	0
1.0	0.0	0	1265	0	0
1.0	0.0	0	1266	0	0
1.0	0.0	0	1267	0	0
1.0	0.0	0	1268	0	0
1.0	0.0	0	1269	0	0
1.0	0.0	0	1270	0	0
1.0	0.0	0	1271	0	0
1.0	0.0	0	1272	0	0
1.0	0.0	0	1273	0	0
1.0	0.0	0	1274	0	0
1.0	0.0	0	1275	0	0
0.9702232341991519	0.029776765800848082	0	1276	0	0
1.0	0.0	0	1277	0	0
1.0	0.0	0	1278	0	0
1.0	0.0	0	1279	0	0
1.0	0.0	0	1280	0	0
1.0	0.0	0	1281	0	0
1.0	0.0	0	1282	0	0
1.0	0.0	0	1283	0	0
1.0	0.0	0	1284	0	0
1.0	0.0	0	1285	0	0
1.0	0.0	0	1286	0	0
1.0	0.0	0	1287	0	0
1.0	0.0	0	1288	0	0
1.0	0.0	0	1289	0	0
1.0	0.0	0	1290	0	0
1.0	0.0	0	1291	0	0
0.9376060607877542	0.06239393921224551	0	1292	0	0
1.0	0.0	0	1293	0	0
1.0	0.0	0	1294	0	0
1.0	0.0	0	1295	0	0
0.9974557128490755	0.002544287150924423	0	1296	0	0
1.0	0.0	0	1297	0	0
1.0	0.0	0	1298	0	0
1.0	0.0	0	1299	0	0
1.0	0.0	0	1300	0	0
0.9737257759161433	0.02627422408385682	0	1301	0	0
1.0	0.0	0	1302	0	0
1.0	0.0	0	1303	0	0
1.0	0.0	0	1304	0	0
1.0	0.0	0	1305	0	0
1.0	0.0	0	1306	0	0
1.0	0.0	0	1307	0	0
1.0	0.0	0	1308	0	0
0.9768855486631871	0.023114451336812836	0	1309	0	0
1.0	0.0	0	1310	0	0
1.0	0.0	0	1311	0	0
1.0	0.0	0	1312	0	0
1.0	0.0	0	1313	0	0
1.0	0.0	0	1314	0	0
1.0	0.0	0	1315	0	0
1.0	0.0	0	1316	0	0
1.0	0.0	0	1317	0	0
1.0	0.0	0	1318	0	0
1.0	0.0	0	1319	0	0
1.0	0.0	0	1320	0	0
1.0	0.0	0	1321	0	0
1.0	0.0	0	1322	0	0
1.0	0.0	0	1323	0	0
1.0	0.0	0	1324	0	0
1.0	0.0	0	1325	0	0
0.9977536602846321	0.002246339715368076	0	1326	0	0
1.0	0.0	0	1327	0	0
1.0	0.0	0	1328	0	0
1.0	0.0	0	1329	0	0
1.0	0.0	0	1330	0	0
1.0	0.0	0	1331	0	0
1.0	0.0	0	1332	0	0
0.996740090291214	0.0032599097087860295	0	1333	0	0
1.0	0.0	0	1334	0	0
1.0	0.0	0	1335	0	0
1.0	0.0	0	1336	0	0
1.0	0.0	0	1337	0	0
1.0	0.0	0	1338	0	0
1.0	0.0	0	1339	0	0
1.0	0.0	0	1340	0	0
1.0	0.0	0	1341	0	0
1.0	0.0	0	1342	0	0
1.0	0.0	0	1343	0	0
1.0	0.0	0	1344	0	0
1.0	0.0	0	1345	0	0
1.0	0.0	0	1346	0	0
1.0	0.0	0	1347	0	0
1.0	0.0	0	1348	0	0
0.9901777363574948	0.009822263642505213	0	1349	0	0
0.996740090291214	0.0032599097087860295	0	1350	0	0
0.17078850165192713	0.8292114983480726	0	1351	0	1
1.0	0.0	0	1352	0	0
1.0	0.0	0	1353	0	0
1.0	0.0	0	1354	0	0
1.0	0.0	0	1355	0	0
1.0	0.0	0	1356	0	0
1.0	0.0	0	1357	0	0
1.0	0.0	0	1358	0	0
1.0	0.0	0	1359	0	0
1.0	0.0	0	1360	0	0
1.0	0.0	0	1361	0	0
1.0	0.0	0	1362	0	0
1.0	0.0	0	1363	0	0
0.9967625934671389	0.003237406532861078	0	1364	0	0
1.0	0.0	0	1365	0	0
1.0	0.0	0	1366	0	0
0.9992912875967235	0.0007087124032764601	0	1367	0	0
1.0	0.0	0	1368	0	0
0.9992912875967235	0.0007087124032764601	0	1369	0	0
1.0	0.0	0	1370	0	0
0.9946321714088655	0.005367828591134396	0	1371	0	0
1.0	0.0	0	1372	0	0
1.0	0.0	0	1373	0	0
1.0	0.0	0	1374	0	0
0.9935469394851297	0.006453060514870219	0	1375	0	0
0.9968605996949765	0.0031394003050235686	0	1376	0	0
1.0	0.0	0	1377	0	0
1.0	0.0	0	1378	0	0
1.0	0.0	0	1379	0	0
1.0	0.0	0	1380	0	0
1.0	0.0	0	1381	0	0
1.0	0.0	0	1382	0	0
1.0	0.0	0	1383	0	0
1.0	0.0	0	1384	0	0
1.0	0.0	0	1385	0	0
1.0	0.0	0	1386	0	0
1.0	0.0	0	1387	0	0
1.0	0.0	0	1388	0	0
1.0	0.0	0	1389	0	0
1.0	0.0	0	1390	0	0
1.0	0.0	0	1391	0	0
0.47349144083404004	0.5265085591659601	0	1392	1	1
1.0	0.0	0	1393	0	0
0.93198516580647	0.06801483419353013	0	1394	0	0
0.9375818077364282	0.06241819226357195	0	1395	0	0
1.0	0.0	0	1396	0	0
1.0	0.0	0	1397	0	0
1.0	0.0	0	1398	0	0
1.0	0.0	0	1399	0	0
1.0	0.0	0	1400	0	0
1.0	0.0	0	1401	0	0
1.0	0.0	0	1402	0	0
1.0	0.0	0	1403	0	0
1.0	0.0	0	1404	0	0
0.9972025860235635	0.0027974139764365613	0	1405	0	0
1.0	0.0	0	1406	0	0
1.0	0.0	0	1407	0	0
1.0	0.0	0	1408	0	0
1.0	0.0	0	1409	0	0
1.0	0.0	0	1410	0	0
1.0	0.0	0	1411	0	0
1.0	0.0	0	1412	0	0
1.0	0.0	0	1413	0	0
0.9574386065265844	0.042561393473415525	0	1414	0	0
1.0	0.0	0	1415	0	0
1.0	0.0	0	1416	0	0
1.0	0.0	0	1417	0	0
1.0	0.0	0	1418	0	0
1.0	0.0	0	1419	0	0
1.0	0.0	0	1420	0	0
1.0	0.0	0	1421	0	0
1.0	0.0	0	1422	0	0
1.0	0.0	0	1423	0	0
1.0	0.0	0	1424	0	0
1.0	0.0	0	1425	0	0
1.0	0.0	0	1426	0	0
1.0	0.0	0	1427	0	0
1.0	0.0	0	1428	0	0
1.0	0.0	0	1429	0	0
1.0	0.0	0	1430	0	0
1.0	0.0	0	1431	0	0
1.0	0.0	0	1432	0	0
1.0	0.0	0	1433	0	0
1.0	0.0	0	1434	0	0
0.996703285678455	0.003296714321545021	0	1435	0	0
0.996703285678455	0.003296714321545021	0	1436	0	0
1.0	0.0	0	1437	0	0
1.0	0.0	0	1438	0	0
1.0	0.0	0	1439	0	0
0.9966962171963936	0.003303782803606508	0	1440	0	0
1.0	0.0	0	1441	0	0
1.0	0.0	0	1442	0	0
1.0	0.0	0	1443	0	0
1.0	0.0	0	1444	0	0
1.0	0.0	0	1445	0	0
1.0	0.0	0	1446	0	0
1.0	0.0	0	1447	0	0
1.0	0.0	0	1448	0	0
1.0	0.0	0	1449	0	0
1.0	0.0	0	1450	0	0
1.0	0.0	0	1451	0	0
1.0	0.0	0	1452	0	0
0.9379088626960993	0.06209113730390077	0	1453	0	0
1.0	0.0	0	1454	0	0
0.7854676869344079	0.2145323130655919	0	1455	0	0
0.010878929143507483	0.9891210708564923	0	1456	1	1
0.519910478424464	0.4800895215755361	0	1457	1	0
0.2922500881085705	0.7077499118914297	0	1458	1	1
0.9802434086070034	0.019756591392996778	0	1459	0	0
0.9867721741034283	0.013227825896571772	0	1460	0	0
1.0	0.0	0	1461	0	0
0.9835897450421444	0.016410254957855867	0	1462	0	0
0.9900056062322615	0.009994393767738469	0	1463	0	0
0.08957965524177827	0.9104203447582216	0	1464	1	1
0.9867952644206274	0.013204735579372701	0	1465	0	0
0.9967062835364324	0.003293716463567524	0	1466	0	0
0.9178387959711347	0.082161204028865	0	1467	0	0
0.9967047790983401	0.0032952209016598967	0	1468	0	0
0.9443361775209511	0.05566382247904875	0	1469	0	0
0.9967841927427646	0.003215807257235199	0	1470	0	0
1.0	0.0	0	1471	0	0
0.9967547505938243	0.003245249406175772	0	1472	0	0
1.0	0.0	0	1473	0	0
1.0	0.0	0	1474	0	0
1.0	0.0	0	1475	0	0
0.9900572646157944	0.00994273538420562	0	1476	0	0
1.0	0.0	0	1477	0	0
0.9967625793123801	0.0032374206876198907	0	1478	0	0
0.9967341772151899	0.0032658227848101264	0	1479	0	0
0.9966845647735006	0.003315435226499282	0	1480	0	0
0.8231394134397028	0.1768605865602975	0	1481	0	0
0.1455479263610998	0.8544520736389004	0	1482	1	1
1.0	0.0	0	1483	0	0
0.9968009144413638	0.0031990855586361204	0	1484	0	0
0.9968009144413638	0.0031990855586361204	0	1485	0	0
0.9967098068723351	0.003290193127664911	0	1486	0	0
0.6271927462543572	0.372807253745643	0	1487	0	0
1.0	0.0	0	1488	0	0
1.0	0.0	0	1489	0	0
1.0	0.0	0	1490	0	0
0.9966757699893795	0.003324230010620543	0	1491	0	0
1.0	0.0	0	1492	0	0
0.9966757699893795	0.003324230010620543	0	1493	0	0
1.0	0.0	0	1494	0	0
0.9992912875967235	0.0007087124032764601	0	1495	0	0
0.9992912875967235	0.0007087124032764601	0	1496	0	0
1.0	0.0	0	1497	0	0
1.0	0.0	0	1498	0	0
1.0	0.0	0	1499	0	0
1.0	0.0	0	1500	0	0
1.0	0.0	0	1501	0	0
1.0	0.0	0	1502	0	0
0.9868837985750138	0.0131162014249863	0	1503	0	0
1.0	0.0	0	1504	0	0
1.0	0.0	0	1505	0	0
1.0	0.0	0	1506	0	0
1.0	0.0	0	1507	0	0
1.0	0.0	0	1508	0	0
1.0	0.0	0	1509	0	0
1.0	0.0	0	1510	0	0
1.0	0.0	0	1511	0	0
1.0	0.0	0	1512	0	0
1.0	0.0	0	1513	0	0
1.0	0.0	0	1514	0	0
1.0	0.0	0	1515	0	0
1.0	0.0	0	1516	0	0
0.9001481042705347	0.09985189572946525	0	1517	0	0
1.0	0.0	0	1518	0	0
1.0	0.0	0	1519	0	0
1.0	0.0	0	1520	0	0
1.0	0.0	0	1521	0	0
1.0	0.0	0	1522	0	0
1.0	0.0	0	1523	0	0
1.0	0.0	0	1524	0	0
1.0	0.0	0	1525	0	0
1.0	0.0	0	1526	0	0
1.0	0.0	0	1527	0	0
1.0	0.0	0	1528	0	0
1.0	0.0	0	1529	0	0
1.0	0.0	0	1530	0	0
1.0	0.0	0	1531	0	0
1.0	0.0	0	1532	0	0
1.0	0.0	0	1533	0	0
1.0	0.0	0	1534	0	0
1.0	0.0	0	1535	0	0
1.0	0.0	0	1536	0	0
1.0	0.0	0	1537	0	0
1.0	0.0	0	1538	0	0
1.0	0.0	0	1539	0	0
1.0	0.0	0	1540	0	0
1.0	0.0	0	1541	0	0
1.0	0.0	0	1542	0	0
1.0	0.0	0	1543	0	0
1.0	0.0	0	1544	0	0
1.0	0.0	0	1545	0	0
1.0	0.0	0	1546	0	0
1.0	0.0	0	1547	0	0
1.0	0.0	0	1548	0	0
1.0	0.0	0	1549	0	0
1.0	0.0	0	1550	0	0
1.0	0.0	0	1551	0	0
0.9967027840481565	0.0032972159518434917	0	1552	0	0
1.0	0.0	0	1553	0	0
1.0	0.0	0	1554	0	0
1.0	0.0	0	1555	0	0
1.0	0.0	0	1556	0	0
1.0	0.0	0	1557	0	0
1.0	0.0	0	1558	0	0
1.0	0.0	0	1559	0	0
1.0	0.0	0	1560	0	0
1.0	0.0	0	1561	0	0
0.9934031628890383	0.006596837110961883	0	1562	0	0
1.0	0.0	0	1563	0	0
1.0	0.0	0	1564	0	0
1.0	0.0	0	1565	0	0
1.0	0.0	0	1566	0	0
1.0	0.0	0	1567	0	0
1.0	0.0	0	1568	0	0
1.0	0.0	0	1569	0	0
1.0	0.0	0	1570	0	0
1.0	0.0	0	1571	0	0
1.0	0.0	0	1572	0	0
1.0	0.0	0	1573	0	0
1.0	0.0	0	1574	0	0
1.0	0.0	0	1575	0	0
1.0	0.0	0	1576	0	0
1.0	0.0	0	1577	0	0
1.0	0.0	0	1578	0	0
0.9605636551457756	0.03943634485422447	0	1579	0	0
1.0	0.0	0	1580	0	0
1.0	0.0	0	1581	0	0
1.0	0.0	0	1582	0	0
0.9933661793832638	0.006633820616736245	0	1583	0	0
1.0	0.0	0	1584	0	0
1.0	0.0	0	1585	0	0
1.0	0.0	0	1586	0	0
1.0	0.0	0	1587	0	0
1.0	0.0	0	1588	0	0
1.0	0.0	0	1589	0	0
1.0	0.0	0	1590	0	0
0.990274964147657	0.009725035852343085	0	1591	0	0
1.0	0.0	0	1592	0	0
1.0	0.0	0	1593	0	0
1.0	0.0	0	1594	0	0
1.0	0.0	0	1595	0	0
0.8714533929603836	0.12854660703961646	0	1596	0	0
1.0	0.0	0	1597	0	0
1.0	0.0	0	1598	0	0
1.0	0.0	0	1599	0	0
1.0	0.0	0	1600	0	0
1.0	0.0	0	1601	0	0
1.0	0.0	0	1602	0	0
1.0	0.0	0	1603	0	0
1.0	0.0	0	1604	0	0
1.0	0.0	0	1605	0	0
0.9901068472535742	0.009893152746425885	0	1606	0	0
0.9934507282584412	0.0065492717415588115	0	1607	0	0
1.0	0.0	0	1608	0	0
1.0	0.0	0	1609	0	0
1.0	0.0	0	1610	0	0
1.0	0.0	0	1611	0	0
0.9967052805777041	0.0032947194222957723	0	1612	0	0
1.0	0.0	0	1613	0	0
1.0	0.0	0	1614	0	0
1.0	0.0	0	1615	0	0
1.0	0.0	0	1616	0	0
1.0	0.0	0	1617	0	0
0.6241608143790012	0.3758391856209987	0	1618	0	0
1.0	0.0	0	1619	0	0
1.0	0.0	0	1620	0	0
1.0	0.0	0	1621	0	0
1.0	0.0	0	1622	0	0
1.0	0.0	0	1623	0	0
1.0	0.0	0	1624	0	0
1.0	0.0	0	1625	0	0
1.0	0.0	0	1626	0	0
1.0	0.0	0	1627	0	0
1.0	0.0	0	1628	0	0
0.9968489208633093	0.0031510791366906477	0	1629	0	0
1.0	0.0	0	1630	0	0
1.0	0.0	0	1631	0	0
0.9967047790983401	0.0032952209016598967	0	1632	0	0
1.0	0.0	0	1633	0	0
1.0	0.0	0	1634	0	0
1.0	0.0	0	1635	0	0
1.0	0.0	0	1636	0	0
1.0	0.0	0	1637	0	0
1.0	0.0	0	1638	0	0
1.0	0.0	0	1639	0	0
0.9992912875967235	0.0007087124032764601	0	1640	0	0
0.9992912875967235	0.0007087124032764601	0	1641	0	0
1.0	0.0	0	1642	0	0
1.0	0.0	0	1643	0	0
1.0	0.0	0	1644	0	0
1.0	0.0	0	1645	0	0
1.0	0.0	0	1646	0	0
1.0	0.0	0	1647	0	0
1.0	0.0	0	1648	0	0
1.0	0.0	0	1649	0	0
1.0	0.0	0	1650	0	0
1.0	0.0	0	1651	0	0
1.0	0.0	0	1652	0	0
1.0	0.0	0	1653	0	0
1.0	0.0	0	1654	0	0
1.0	0.0	0	1655	0	0
1.0	0.0	0	1656	0	0
1.0	0.0	0	1657	0	0
1.0	0.0	0	1658	0	0
1.0	0.0	0	1659	0	0
1.0	0.0	0	1660	0	0
1.0	0.0	0	1661	0	0
1.0	0.0	0	1662	0	0
1.0	0.0	0	1663	0	0
1.0	0.0	0	1664	0	0
1.0	0.0	0	1665	0	0
1.0	0.0	0	1666	0	0
1.0	0.0	0	1667	0	0
1.0	0.0	0	1668	0	0
1.0	0.0	0	1669	0	0
0.996992387906555	0.0030076120934450093	0	1670	0	0
1.0	0.0	0	1671	0	0
1.0	0.0	0	1672	0	0
1.0	0.0	0	1673	0	0
1.0	0.0	0	1674	0	0
1.0	0.0	0	1675	0	0
1.0	0.0	0	1676	0	0
1.0	0.0	0	1677	0	0
0.9967012687427913	0.003298731257208766	0	1678	0	0
1.0	0.0	0	1679	0	0
1.0	0.0	0	1680	0	0
1.0	0.0	0	1681	0	0
1.0	0.0	0	1682	0	0
1.0	0.0	0	1683	0	0
1.0	0.0	0	1684	0	0
1.0	0.0	0	1685	0	0
1.0	0.0	0	1686	0	0
1.0	0.0	0	1687	0	0
1.0	0.0	0	1688	0	0
1.0	0.0	0	1689	0	0
1.0	0.0	0	1690	0	0
1.0	0.0	0	1691	0	0
1.0	0.0	0	1692	0	0
1.0	0.0	0	1693	0	0
1.0	0.0	0	1694	0	0
1.0	0.0	0	1695	0	0
1.0	0.0	0	1696	0	0
0.9905646704170504	0.009435329582949566	0	1697	0	0
1.0	0.0	0	1698	0	0
1.0	0.0	0	1699	0	0
1.0	0.0	0	1700	0	0
1.0	0.0	0	1701	0	0
1.0	0.0	0	1702	0	0
1.0	0.0	0	1703	0	0
1.0	0.0	0	1704	0	0
1.0	0.0	0	1705	0	0
1.0	0.0	0	1706	0	0
1.0	0.0	0	1707	0	0
1.0	0.0	0	1708	0	0
1.0	0.0	0	1709	0	0
1.0	0.0	0	1710	0	0
1.0	0.0	0	1711	0	0
1.0	0.0	0	1712	0	0
0.9868829023445136	0.013117097655486328	0	1713	0	0
1.0	0.0	0	1714	0	0
1.0	0.0	0	1715	0	0
1.0	0.0	0	1716	0	0
1.0	0.0	0	1717	0	0
1.0	0.0	0	1718	0	0
1.0	0.0	0	1719	0	0
1.0	0.0	0	1720	0	0
1.0	0.0	0	1721	0	0
1.0	0.0	0	1722	0	0
1.0	0.0	0	1723	0	0
0.9769693730081758	0.023030626991823948	0	1724	0	0
0.8286887179541852	0.171311282045815	0	1725	0	0
1.0	0.0	0	1726	0	0
1.0	0.0	0	1727	0	0
1.0	0.0	0	1728	0	0
1.0	0.0	0	1729	0	0
1.0	0.0	0	1730	0	0
1.0	0.0	0	1731	0	0
1.0	0.0	0	1732	0	0
1.0	0.0	0	1733	0	0
1.0	0.0	0	1734	0	0
0.9934507282584412	0.0065492717415588115	0	1735	0	0
1.0	0.0	0	1736	0	0
1.0	0.0	0	1737	0	0
1.0	0.0	0	1738	0	0
1.0	0.0	0	1739	0	0
1.0	0.0	0	1740	0	0
1.0	0.0	0	1741	0	0
0.9746000268781188	0.02539997312188128	0	1742	0	0
1.0	0.0	0	1743	0	0
1.0	0.0	0	1744	0	0
1.0	0.0	0	1745	0	0
1.0	0.0	0	1746	0	0
1.0	0.0	0	1747	0	0
0.9992912875967235	0.0007087124032764601	0	1748	0	0
0.9992912875967235	0.0007087124032764601	0	1749	0	0
1.0	0.0	0	1750	0	0
1.0	0.0	0	1751	0	0
1.0	0.0	0	1752	0	0
1.0	0.0	0	1753	0	0
1.0	0.0	0	1754	0	0
1.0	0.0	0	1755	0	0
1.0	0.0	0	1756	0	0
1.0	0.0	0	1757	0	0
1.0	0.0	0	1758	0	0
1.0	0.0	0	1759	0	0
1.0	0.0	0	1760	0	0
1.0	0.0	0	1761	0	0
1.0	0.0	0	1762	0	0
1.0	0.0	0	1763	0	0
1.0	0.0	0	1764	0	0
1.0	0.0	0	1765	0	0
1.0	0.0	0	1766	0	0
1.0	0.0	0	1767	0	0
1.0	0.0	0	1768	0	0
1.0	0.0	0	1769	0	0
1.0	0.0	0	1770	0	0
1.0	0.0	0	1771	0	0
1.0	0.0	0	1772	0	0
1.0	0.0	0	1773	0	0
1.0	0.0	0	1774	0	0
1.0	0.0	0	1775	0	0
1.0	0.0	0	1776	0	0
1.0	0.0	0	1777	0	0
1.0	0.0	0	1778	0	0
1.0	0.0	0	1779	0	0
1.0	0.0	0	1780	0	0
1.0	0.0	0	1781	0	0
1.0	0.0	0	1782	0	0
1.0	0.0	0	1783	0	0
1.0	0.0	0	1784	0	0
1.0	0.0	0	1785	0	0
1.0	0.0	0	1786	0	0
1.0	0.0	0	1787	0	0
1.0	0.0	0	1788	0	0
1.0	0.0	0	1789	0	0
1.0	0.0	0	1790	0	0
1.0	0.0	0	1791	0	0
1.0	0.0	0	1792	0	0
0.9992912875967235	0.0007087124032764601	0	1793	0	0
1.0	0.0	0	1794	0	0
0.9992912875967235	0.0007087124032764601	0	1795	0	0
1.0	0.0	0	1796	0	0
1.0	0.0	0	1797	0	0
1.0	0.0	0	1798	0	0
1.0	0.0	0	1799	0	0
1.0	0.0	0	1800	0	0
1.0	0.0	0	1801	0	0
1.0	0.0	0	1802	0	0
1.0	0.0	0	1803	0	0
1.0	0.0	0	1804	0	0
1.0	0.0	0	1805	0	0
1.0	0.0	0	1806	0	0
1.0	0.0	0	1807	0	0
1.0	0.0	0	1808	0	0
1.0	0.0	0	1809	0	0
1.0	0.0	0	1810	0	0
1.0	0.0	0	1811	0	0
1.0	0.0	0	1812	0	0
1.0	0.0	0	1813	0	0
1.0	0.0	0	1814	0	0
1.0	0.0	0	1815	0	0
1.0	0.0	0	1816	0	0
0.9122696433912417	0.08773035660875843	0	1817	0	0
1.0	0.0	0	1818	0	0
1.0	0.0	0	1819	0	0
1.0	0.0	0	1820	0	0
0.9966992726360673	0.0033007273639327817	0	1821	0	0
1.0	0.0	0	1822	0	0
1.0	0.0	0	1823	0	0
1.0	0.0	0	1824	0	0
1.0	0.0	0	1825	0	0
1.0	0.0	0	1826	0	0
1.0	0.0	0	1827	0	0
1.0	0.0	0	1828	0	0
1.0	0.0	0	1829	0	0
1.0	0.0	0	1830	0	0
1.0	0.0	0	1831	0	0
1.0	0.0	0	1832	0	0
1.0	0.0	0	1833	0	0
1.0	0.0	0	1834	0	0
1.0	0.0	0	1835	0	0
1.0	0.0	0	1836	0	0
1.0	0.0	0	1837	0	0
1.0	0.0	0	1838	0	0
0.996704277618976	0.00329572238102402	0	1839	0	0
0.996704277618976	0.00329572238102402	0	1840	0	0
1.0	0.0	0	1841	0	0
1.0	0.0	0	1842	0	0
1.0	0.0	0	1843	0	0
1.0	0.0	0	1844	0	0
1.0	0.0	0	1845	0	0
0.9968178514318942	0.0031821485681058294	0	1846	0	0
1.0	0.0	0	1847	0	0
1.0	0.0	0	1848	0	0
1.0	0.0	0	1849	0	0
1.0	0.0	0	1850	0	0
1.0	0.0	0	1851	0	0
1.0	0.0	0	1852	0	0
1.0	0.0	0	1853	0	0
1.0	0.0	0	1854	0	0
1.0	0.0	0	1855	0	0
1.0	0.0	0	1856	0	0
1.0	0.0	0	1857	0	0
1.0	0.0	0	1858	0	0
1.0	0.0	0	1859	0	0
1.0	0.0	0	1860	0	0
1.0	0.0	0	1861	0	0
1.0	0.0	0	1862	0	0
1.0	0.0	0	1863	0	0
1.0	0.0	0	1864	0	0
1.0	0.0	0	1865	0	0
1.0	0.0	0	1866	0	0
1.0	0.0	0	1867	0	0
1.0	0.0	0	1868	0	0
1.0	0.0	0	1869	0	0
1.0	0.0	0	1870	0	0
1.0	0.0	0	1871	0	0
1.0	0.0	0	1872	0	0
0.5273752353597311	0.47262476464026887	0	1873	0	0
1.0	0.0	0	1874	0	0
1.0	0.0	0	1875	0	0
1.0	0.0	0	1876	0	0
1.0	0.0	0	1877	0	0
1.0	0.0	0	1878	0	0
1.0	0.0	0	1879	0	0
1.0	0.0	0	1880	0	0
1.0	0.0	0	1881	0	0
1.0	0.0	0	1882	0	0
1.0	0.0	0	1883	0	0
1.0	0.0	0	1884	0	0
1.0	0.0	0	1885	0	0
1.0	0.0	0	1886	0	0
1.0	0.0	0	1887	0	0
0.9380556231388456	0.061944376861154685	0	1888	0	0
0.9682515670752795	0.03174843292472078	0	1889	0	0
0.9967371241440904	0.003262875855909497	0	1890	0	0
1.0	0.0	0	1891	0	0
1.0	0.0	0	1892	0	0
1.0	0.0	0	1893	0	0
0.9970160156072774	0.0029839843927226533	0	1894	0	0
1.0	0.0	0	1895	0	0
0.9970160156072774	0.0029839843927226533	0	1896	0	0
1.0	0.0	0	1897	0	0
1.0	0.0	0	1898	0	0
1.0	0.0	0	1899	0	0
1.0	0.0	0	1900	0	0
0.9992912875967235	0.0007087124032764601	0	1901	0	0
0.9992912875967235	0.0007087124032764601	0	1902	0	0
1.0	0.0	0	1903	0	0
1.0	0.0	0	1904	0	0
1.0	0.0	0	1905	0	0
1.0	0.0	0	1906	0	0
1.0	0.0	0	1907	0	0
1.0	0.0	0	1908	0	0
1.0	0.0	0	1909	0	0
1.0	0.0	0	1910	0	0
1.0	0.0	0	1911	0	0
1.0	0.0	0	1912	0	0
1.0	0.0	0	1913	0	0
1.0	0.0	0	1914	0	0
1.0	0.0	0	1915	0	0
1.0	0.0	0	1916	0	0
1.0	0.0	0	1917	0	0
1.0	0.0	0	1918	0	0
1.0	0.0	0	1919	0	0
1.0	0.0	0	1920	0	0
1.0	0.0	0	1921	0	0
1.0	0.0	0	1922	0	0
1.0	0.0	0	1923	0	0
1.0	0.0	0	1924	0	0
0.9390208012999756	0.06097919870002452	0	1925	0	0
1.0	0.0	0	1926	0	0
0.997016348773842	0.002983651226158038	0	1927	0	0
1.0	0.0	0	1928	0	0
0.9992912875967235	0.0007087124032764601	0	1929	0	0
1.0	0.0	0	1930	0	0
1.0	0.0	0	1931	0	0
1.0	0.0	0	1932	0	0
1.0	0.0	0	1933	0	0
1.0	0.0	0	1934	0	0
1.0	0.0	0	1935	0	0
1.0	0.0	0	1936	0	0
1.0	0.0	0	1937	0	0
1.0	0.0	0	1938	0	0
1.0	0.0	0	1939	0	0
1.0	0.0	0	1940	0	0
1.0	0.0	0	1941	0	0
1.0	0.0	0	1942	0	0
1.0	0.0	0	1943	0	0
1.0	0.0	0	1944	0	0
1.0	0.0	0	1945	0	0
1.0	0.0	0	1946	0	0
1.0	0.0	0	1947	0	0
1.0	0.0	0	1948	0	0
1.0	0.0	0	1949	0	0
1.0	0.0	0	1950	0	0
1.0	0.0	0	1951	0	0
1.0	0.0	0	1952	0	0
1.0	0.0	0	1953	0	0
1.0	0.0	0	1954	0	0
1.0	0.0	0	1955	0	0
1.0	0.0	0	1956	0	0
1.0	0.0	0	1957	0	0
1.0	0.0	0	1958	0	0
1.0	0.0	0	1959	0	0
1.0	0.0	0	1960	0	0
1.0	0.0	0	1961	0	0
1.0	0.0	0	1962	0	0
1.0	0.0	0	1963	0	0
1.0	0.0	0	1964	0	0
1.0	0.0	0	1965	0	0
1.0	0.0	0	1966	0	0
1.0	0.0	0	1967	0	0
1.0	0.0	0	1968	0	0
1.0	0.0	0	1969	0	0
1.0	0.0	0	1970	0	0
1.0	0.0	0	1971	0	0
1.0	0.0	0	1972	0	0
1.0	0.0	0	1973	0	0
1.0	0.0	0	1974	0	0
1.0	0.0	0	1975	0	0
1.0	0.0	0	1976	0	0
1.0	0.0	0	1977	0	0
1.0	0.0	0	1978	0	0
1.0	0.0	0	1979	0	0
0.996761131611316	0.003238868388683887	0	1980	0	0
0.9974557128490755	0.002544287150924423	0	1981	0	0
1.0	0.0	0	1982	0	0
0.32820294180584	0.6717970581941598	0	1983	0	1
1.0	0.0	0	1984	0	0
1.0	0.0	0	1985	0	0
1.0	0.0	0	1986	0	0
1.0	0.0	0	1987	0	0
1.0	0.0	0	1988	0	0
1.0	0.0	0	1989	0	0
1.0	0.0	0	1990	0	0
1.0	0.0	0	1991	0	0
1.0	0.0	0	1992	0	0
1.0	0.0	0	1993	0	0
1.0	0.0	0	1994	0	0
1.0	0.0	0	1995	0	0
1.0	0.0	0	1996	0	0
1.0	0.0	0	1997	0	0
1.0	0.0	0	1998	0	0
1.0	0.0	0	1999	0	0
1.0	0.0	0	2000	0	0
1.0	0.0	0	2001	0	0
1.0	0.0	0	2002	0	0
1.0	0.0	0	2003	0	0
1.0	0.0	0	2004	0	0
1.0	0.0	0	2005	0	0
1.0	0.0	0	2006	0	0
1.0	0.0	0	2007	0	0
1.0	0.0	0	2008	0	0
1.0	0.0	0	2009	0	0
1.0	0.0	0	2010	0	0
1.0	0.0	0	2011	0	0
1.0	0.0	0	2012	0	0
1.0	0.0	0	2013	0	0
1.0	0.0	0	2014	0	0
1.0	0.0	0	2015	0	0
1.0	0.0	0	2016	0	0
1.0	0.0	0	2017	0	0
1.0	0.0	0	2018	0	0
1.0	0.0	0	2019	0	0
1.0	0.0	0	2020	0	0
1.0	0.0	0	2021	0	0
1.0	0.0	0	2022	0	0
1.0	0.0	0	2023	0	0
1.0	0.0	0	2024	0	0
1.0	0.0	0	2025	0	0
1.0	0.0	0	2026	0	0
0.9867762768573046	0.013223723142695303	0	2027	0	0
1.0	0.0	0	2028	0	0
1.0	0.0	0	2029	0	0
1.0	0.0	0	2030	0	0
1.0	0.0	0	2031	0	0
1.0	0.0	0	2032	0	0
1.0	0.0	0	2033	0	0
1.0	0.0	0	2034	0	0
1.0	0.0	0	2035	0	0
1.0	0.0	0	2036	0	0
1.0	0.0	0	2037	0	0
0.9992912875967235	0.0007087124032764601	0	2038	0	0
0.9992912875967235	0.0007087124032764601	0	2039	0	0
1.0	0.0	0	2040	0	0
1.0	0.0	0	2041	0	0
1.0	0.0	0	2042	0	0
1.0	0.0	0	2043	0	0
1.0	0.0	0	2044	0	0
1.0	0.0	0	2045	0	0
1.0	0.0	0	2046	0	0
1.0	0.0	0	2047	0	0
1.0	0.0	0	2048	0	0
1.0	0.0	0	2049	0	0
1.0	0.0	0	2050	0	0
1.0	0.0	0	2051	0	0
1.0	0.0	0	2052	0	0
1.0	0.0	0	2053	0	0
1.0	0.0	0	2054	0	0
1.0	0.0	0	2055	0	0
1.0	0.0	0	2056	0	0
1.0	0.0	0	2057	0	0
1.0	0.0	0	2058	0	0
1.0	0.0	0	2059	0	0
1.0	0.0	0	2060	0	0
1.0	0.0	0	2061	0	0
1.0	0.0	0	2062	0	0
1.0	0.0	0	2063	0	0
1.0	0.0	0	2064	0	0
1.0	0.0	0	2065	0	0
1.0	0.0	0	2066	0	0
1.0	0.0	0	2067	0	0
1.0	0.0	0	2068	0	0
1.0	0.0	0	2069	0	0
1.0	0.0	0	2070	0	0
1.0	0.0	0	2071	0	0
1.0	0.0	0	2072	0	0
1.0	0.0	0	2073	0	0
1.0	0.0	0	2074	0	0
1.0	0.0	0	2075	0	0
1.0	0.0	0	2076	0	0
1.0	0.0	0	2077	0	0
1.0	0.0	0	2078	0	0
1.0	0.0	0	2079	0	0
1.0	0.0	0	2080	0	0
1.0	0.0	0	2081	0	0
1.0	0.0	0	2082	0	0
1.0	0.0	0	2083	0	0
1.0	0.0	0	2084	0	0
1.0	0.0	0	2085	0	0
1.0	0.0	0	2086	0	0
1.0	0.0	0	2087	0	0
1.0	0.0	0	2088	0	0
1.0	0.0	0	2089	0	0
1.0	0.0	0	2090	0	0
1.0	0.0	0	2091	0	0
1.0	0.0	0	2092	0	0
1.0	0.0	0	2093	0	0
1.0	0.0	0	2094	0	0
1.0	0.0	0	2095	0	0
1.0	0.0	0	2096	0	0
1.0	0.0	0	2097	0	0
1.0	0.0	0	2098	0	0
1.0	0.0	0	2099	0	0
1.0	0.0	0	2100	0	0
1.0	0.0	0	2101	0	0
1.0	0.0	0	2102	0	0
1.0	0.0	0	2103	0	0
1.0	0.0	0	2104	0	0
1.0	0.0	0	2105	0	0
1.0	0.0	0	2106	0	0
1.0	0.0	0	2107	0	0
1.0	0.0	0	2108	0	0
1.0	0.0	0	2109	0	0
1.0	0.0	0	2110	0	0
1.0	0.0	0	2111	0	0
1.0	0.0	0	2112	0	0
1.0	0.0	0	2113	0	0
1.0	0.0	0	2114	0	0
1.0	0.0	0	2115	0	0
1.0	0.0	0	2116	0	0
1.0	0.0	0	2117	0	0
1.0	0.0	0	2118	0	0
1.0	0.0	0	2119	0	0
0.9966997643046989	0.0033002356953011386	0	2120	0	0
1.0	0.0	0	2121	0	0
0.9967032746602479	0.003296725339752269	0	2122	0	0
0.9967032746602479	0.003296725339752269	0	2123	0	0
0.11015070306294356	0.8898492969370563	0	2124	1	1
0.9935745777164278	0.006425422283572252	0	2125	0	0
1.0	0.0	0	2126	0	0
1.0	0.0	0	2127	0	0
1.0	0.0	0	2128	0	0
0.9966860861012333	0.0033139138987667398	0	2129	0	0
1.0	0.0	0	2130	0	0
0.9933721722024665	0.0066278277975334796	0	2131	0	0
1.0	0.0	0	2132	0	0
1.0	0.0	0	2133	0	0
0.9868626557195609	0.013137344280439146	0	2134	0	0
1.0	0.0	0	2135	0	0
1.0	0.0	0	2136	0	0
1.0	0.0	0	2137	0	0
1.0	0.0	0	2138	0	0
1.0	0.0	0	2139	0	0
0.9967050930491745	0.003294906950825455	0	2140	0	0
1.0	0.0	0	2141	0	0
1.0	0.0	0	2142	0	0
1.0	0.0	0	2143	0	0
1.0	0.0	0	2144	0	0
1.0	0.0	0	2145	0	0
1.0	0.0	0	2146	0	0
1.0	0.0	0	2147	0	0
1.0	0.0	0	2148	0	0
1.0	0.0	0	2149	0	0
1.0	0.0	0	2150	0	0
1.0	0.0	0	2151	0	0
1.0	0.0	0	2152	0	0
1.0	0.0	0	2153	0	0
1.0	0.0	0	2154	0	0
0.9934405326475102	0.0065594673524896905	0	2155	0	0
0.9704624380657301	0.02953756193426986	0	2156	0	0
1.0	0.0	0	2157	0	0
0.3576558083582444	0.6423441916417553	0	2158	1	1
1.0	0.0	0	2159	0	0
1.0	0.0	0	2160	0	0
0.910777559212903	0.08922244078709697	0	2161	0	0
0.014300706727055074	0.9856992932729451	0	2162	1	1
0.05998140239545615	0.9400185976045438	0	2163	1	1
0.9606945463697965	0.03930545363020367	0	2164	0	0
0.9966840606014773	0.0033159393985227764	0	2165	0	0
0.01144040780291268	0.9885595921970872	0	2166	1	1
0.9967361421269417	0.0032638578730584083	0	2167	0	0
1.0	0.0	0	2168	0	0
0.9974518242797876	0.0025481757202124775	0	2169	0	0
1.0	0.0	0	2170	0	0
1.0	0.0	0	2171	0	0
1.0	0.0	0	2172	0	0
1.0	0.0	0	2173	0	0
1.0	0.0	0	2174	0	0
1.0	0.0	0	2175	0	0
1.0	0.0	0	2176	0	0
1.0	0.0	0	2177	0	0
0.9966850717293194	0.003314928270680483	0	2178	0	0
1.0	0.0	0	2179	0	0
1.0	0.0	0	2180	0	0
1.0	0.0	0	2181	0	0
1.0	0.0	0	2182	0	0
1.0	0.0	0	2183	0	0
0.9967027786137025	0.003297221386297522	0	2184	0	0
1.0	0.0	0	2185	0	0
0.9704647130822116	0.029535286917788558	0	2186	0	0
1.0	0.0	0	2187	0	0
1.0	0.0	0	2188	0	0
0.9933980241713054	0.00660197582869465	0	2189	0	0
0.8289687305053481	0.17103126949465156	0	2190	0	0
0.9967077879745248	0.0032922120254751516	0	2191	0	0
0.9967273088776222	0.00327269112237797	0	2192	0	0
0.9967410492908857	0.003258950709114351	0	2193	0	0
0.9868146253385495	0.013185374661450497	0	2194	0	0
1.0	0.0	0	2195	0	0
1.0	0.0	0	2196	0	0
0.993714346903493	0.006285653096506962	0	2197	0	0
0.993714346903493	0.006285653096506962	0	2198	0	0
1.0	0.0	0	2199	0	0
0.9977536602846321	0.002246339715368076	0	2200	0	0
1.0	0.0	0	2201	0	0
0.9946321714088655	0.005367828591134396	0	2202	0	0
1.0	0.0	0	2203	0	0
1.0	0.0	0	2204	0	0
1.0	0.0	0	2205	0	0
1.0	0.0	0	2206	0	0
1.0	0.0	0	2207	0	0
1.0	0.0	0	2208	0	0
1.0	0.0	0	2209	0	0
1.0	0.0	0	2210	0	0
1.0	0.0	0	2211	0	0
1.0	0.0	0	2212	0	0
1.0	0.0	0	2213	0	0
1.0	0.0	0	2214	0	0
1.0	0.0	0	2215	0	0
1.0	0.0	0	2216	0	0
1.0	0.0	0	2217	0	0
1.0	0.0	0	2218	0	0
1.0	0.0	0	2219	0	0
1.0	0.0	0	2220	0	0
1.0	0.0	0	2221	0	0
1.0	0.0	0	2222	0	0
1.0	0.0	0	2223	0	0
1.0	0.0	0	2224	0	0
1.0	0.0	0	2225	0	0
1.0	0.0	0	2226	0	0
0.990126632499002	0.00987336750099782	0	2227	0	0
1.0	0.0	0	2228	0	0
1.0	0.0	0	2229	0	0
1.0	0.0	0	2230	0	0
1.0	0.0	0	2231	0	0
1.0	0.0	0	2232	0	0
1.0	0.0	0	2233	0	0
1.0	0.0	0	2234	0	0
1.0	0.0	0	2235	0	0
1.0	0.0	0	2236	0	0
1.0	0.0	0	2237	0	0
1.0	0.0	0	2238	0	0
1.0	0.0	0	2239	0	0
1.0	0.0	0	2240	0	0
1.0	0.0	0	2241	0	0
1.0	0.0	0	2242	0	0
1.0	0.0	0	2243	0	0
1.0	0.0	0	2244	0	0
1.0	0.0	0	2245	0	0
1.0	0.0	0	2246	0	0
1.0	0.0	0	2247	0	0
1.0	0.0	0	2248	0	0
1.0	0.0	0	2249	0	0
1.0	0.0	0	2250	0	0
1.0	0.0	0	2251	0	0
0.8963050358227285	0.10369496417727145	0	2252	0	0
1.0	0.0	0	2253	0	0
1.0	0.0	0	2254	0	0
1.0	0.0	0	2255	0	0
1.0	0.0	0	2256	0	0
1.0	0.0	0	2257	0	0
1.0	0.0	0	2258	0	0
1.0	0.0	0	2259	0	0
1.0	0.0	0	2260	0	0
1.0	0.0	0	2261	0	0
1.0	0.0	0	2262	0	0
1.0	0.0	0	2263	0	0
1.0	0.0	0	2264	0	0
1.0	0.0	0	2265	0	0
1.0	0.0	0	2266	0	0
1.0	0.0	0	2267	0	0
0.9744031948475894	0.025596805152410772	0	2268	0	0
0.99683380743455	0.0031661925654500747	0	2269	0	0
1.0	0.0	0	2270	0	0
1.0	0.0	0	2271	0	0
1.0	0.0	0	2272	0	0
0.9902485835420665	0.00975141645793362	0	2273	0	0
1.0	0.0	0	2274	0	0
1.0	0.0	0	2275	0	0
1.0	0.0	0	2276	0	0
1.0	0.0	0	2277	0	0
0.9912882555807018	0.008711744419297993	0	2278	0	0
1.0	0.0	0	2279	0	0
1.0	0.0	0	2280	0	0
1.0	0.0	0	2281	0	0
1.0	0.0	0	2282	0	0
1.0	0.0	0	2283	0	0
1.0	0.0	0	2284	0	0
1.0	0.0	0	2285	0	0
1.0	0.0	0	2286	0	0
1.0	0.0	0	2287	0	0
1.0	0.0	0	2288	0	0
1.0	0.0	0	2289	0	0
1.0	0.0	0	2290	0	0
1.0	0.0	0	2291	0	0
1.0	0.0	0	2292	0	0
1.0	0.0	0	2293	0	0
1.0	0.0	0	2294	0	0
1.0	0.0	0	2295	0	0
1.0	0.0	0	2296	0	0
0.9901965483005599	0.009803451699440333	0	2297	0	0
1.0	0.0	0	2298	0	0
1.0	0.0	0	2299	0	0
1.0	0.0	0	2300	0	0
1.0	0.0	0	2301	0	0
1.0	0.0	0	2302	0	0
1.0	0.0	0	2303	0	0
1.0	0.0	0	2304	0	0
1.0	0.0	0	2305	0	0
0.9970909573057545	0.002909042694245558	0	2306	0	0
1.0	0.0	0	2307	0	0
1.0	0.0	0	2308	0	0
1.0	0.0	0	2309	0	0
1.0	0.0	0	2310	0	0
1.0	0.0	0	2311	0	0
1.0	0.0	0	2312	0	0
1.0	0.0	0	2313	0	0
1.0	0.0	0	2314	0	0
1.0	0.0	0	2315	0	0
1.0	0.0	0	2316	0	0
0.9607012506864921	0.039298749313507755	0	2317	0	0
1.0	0.0	0	2318	0	0
1.0	0.0	0	2319	0	0
1.0	0.0	0	2320	0	0
1.0	0.0	0	2321	0	0
1.0	0.0	0	2322	0	0
1.0	0.0	0	2323	0	0
1.0	0.0	0	2324	0	0
1.0	0.0	0	2325	0	0
1.0	0.0	0	2326	0	0
1.0	0.0	0	2327	0	0
1.0	0.0	0	2328	0	0
1.0	0.0	0	2329	0	0
1.0	0.0	0	2330	0	0
1.0	0.0	0	2331	0	0
1.0	0.0	0	2332	0	0
1.0	0.0	0	2333	0	0
1.0	0.0	0	2334	0	0
1.0	0.0	0	2335	0	0
1.0	0.0	0	2336	0	0
1.0	0.0	0	2337	0	0
1.0	0.0	0	2338	0	0
1.0	0.0	0	2339	0	0
1.0	0.0	0	2340	0	0
1.0	0.0	0	2341	0	0
1.0	0.0	0	2342	0	0
1.0	0.0	0	2343	0	0
1.0	0.0	0	2344	0	0
1.0	0.0	0	2345	0	0
1.0	0.0	0	2346	0	0
1.0	0.0	0	2347	0	0
1.0	0.0	0	2348	0	0
1.0	0.0	0	2349	0	0
1.0	0.0	0	2350	0	0
1.0	0.0	0	2351	0	0
1.0	0.0	0	2352	0	0
1.0	0.0	0	2353	0	0
1.0	0.0	0	2354	0	0
1.0	0.0	0	2355	0	0
1.0	0.0	0	2356	0	0
0.9833831547120377	0.016616845287962326	0	2357	0	0
1.0	0.0	0	2358	0	0
1.0	0.0	0	2359	0	0
1.0	0.0	0	2360	0	0
1.0	0.0	0	2361	0	0
1.0	0.0	0	2362	0	0
1.0	0.0	0	2363	0	0
1.0	0.0	0	2364	0	0
1.0	0.0	0	2365	0	0
1.0	0.0	0	2366	0	0
1.0	0.0	0	2367	0	0
1.0	0.0	0	2368	0	0
1.0	0.0	0	2369	0	0
1.0	0.0	0	2370	0	0
1.0	0.0	0	2371	0	0
1.0	0.0	0	2372	0	0
1.0	0.0	0	2373	0	0
1.0	0.0	0	2374	0	0
1.0	0.0	0	2375	0	0
1.0	0.0	0	2376	0	0
1.0	0.0	0	2377	0	0
1.0	0.0	0	2378	0	0
1.0	0.0	0	2379	0	0
1.0	0.0	0	2380	0	0
1.0	0.0	0	2381	0	0
1.0	0.0	0	2382	0	0
1.0	0.0	0	2383	0	0
1.0	0.0	0	2384	0	0
0.9967439900867411	0.003256009913258984	0	2385	0	0
1.0	0.0	0	2386	0	0
1.0	0.0	0	2387	0	0
1.0	0.0	0	2388	0	0
1.0	0.0	0	2389	0	0
1.0	0.0	0	2390	0	0
1.0	0.0	0	2391	0	0
0.993562871396496	0.006437128603504086	0	2392	0	0
1.0	0.0	0	2393	0	0
1.0	0.0	0	2394	0	0
1.0	0.0	0	2395	0	0
1.0	0.0	0	2396	0	0
1.0	0.0	0	2397	0	0
1.0	0.0	0	2398	0	0
1.0	0.0	0	2399	0	0
1.0	0.0	0	2400	0	0
1.0	0.0	0	2401	0	0
1.0	0.0	0	2402	0	0
1.0	0.0	0	2403	0	0
1.0	0.0	0	2404	0	0
1.0	0.0	0	2405	0	0
1.0	0.0	0	2406	0	0
0.9968605996949765	0.0031394003050235686	0	2407	0	0
1.0	0.0	0	2408	0	0
1.0	0.0	0	2409	0	0
1.0	0.0	0	2410	0	0
1.0	0.0	0	2411	0	0
1.0	0.0	0	2412	0	0
1.0	0.0	0	2413	0	0
1.0	0.0	0	2414	0	0
1.0	0.0	0	2415	0	0
1.0	0.0	0	2416	0	0
1.0	0.0	0	2417	0	0
1.0	0.0	0	2418	0	0
1.0	0.0	0	2419	0	0
1.0	0.0	0	2420	0	0
1.0	0.0	0	2421	0	0
1.0	0.0	0	2422	0	0
1.0	0.0	0	2423	0	0
1.0	0.0	0	2424	0	0
1.0	0.0	0	2425	0	0
1.0	0.0	0	2426	0	0
1.0	0.0	0	2427	0	0
1.0	0.0	0	2428	0	0
1.0	0.0	0	2429	0	0
1.0	0.0	0	2430	0	0
1.0	0.0	0	2431	0	0
1.0	0.0	0	2432	0	0
1.0	0.0	0	2433	0	0
1.0	0.0	0	2434	0	0
1.0	0.0	0	2435	0	0
1.0	0.0	0	2436	0	0
1.0	0.0	0	2437	0	0
1.0	0.0	0	2438	0	0
0.9879863878385212	0.012013612161478874	0	2439	0	0
1.0	0.0	0	2440	0	0
1.0	0.0	0	2441	0	0
1.0	0.0	0	2442	0	0
0.9967017702221553	0.0032982297778446417	0	2443	0	0
1.0	0.0	0	2444	0	0
1.0	0.0	0	2445	0	0
1.0	0.0	0	2446	0	0
1.0	0.0	0	2447	0	0
1.0	0.0	0	2448	0	0
1.0	0.0	0	2449	0	0
1.0	0.0	0	2450	0	0
1.0	0.0	0	2451	0	0
1.0	0.0	0	2452	0	0
1.0	0.0	0	2453	0	0
1.0	0.0	0	2454	0	0
1.0	0.0	0	2455	0	0
1.0	0.0	0	2456	0	0
1.0	0.0	0	2457	0	0
0.9967012687427913	0.003298731257208766	0	2458	0	0
1.0	0.0	0	2459	0	0
1.0	0.0	0	2460	0	0
1.0	0.0	0	2461	0	0
1.0	0.0	0	2462	0	0
1.0	0.0	0	2463	0	0
1.0	0.0	0	2464	0	0
1.0	0.0	0	2465	0	0
1.0	0.0	0	2466	0	0
1.0	0.0	0	2467	0	0
1.0	0.0	0	2468	0	0
1.0	0.0	0	2469	0	0
1.0	0.0	0	2470	0	0
1.0	0.0	0	2471	0	0
1.0	0.0	0	2472	0	0
1.0	0.0	0	2473	0	0
1.0	0.0	0	2474	0	0
1.0	0.0	0	2475	0	0
1.0	0.0	0	2476	0	0
1.0	0.0	0	2477	0	0
1.0	0.0	0	2478	0	0
1.0	0.0	0	2479	0	0
1.0	0.0	0	2480	0	0
1.0	0.0	0	2481	0	0
1.0	0.0	0	2482	0	0
1.0	0.0	0	2483	0	0
1.0	0.0	0	2484	0	0
1.0	0.0	0	2485	0	0
1.0	0.0	0	2486	0	0
1.0	0.0	0	2487	0	0
1.0	0.0	0	2488	0	0
1.0	0.0	0	2489	0	0
1.0	0.0	0	2490	0	0
1.0	0.0	0	2491	0	0
0.9913329386722927	0.008667061327707285	0	2492	0	0
1.0	0.0	0	2493	0	0
1.0	0.0	0	2494	0	0
1.0	0.0	0	2495	0	0
1.0	0.0	0	2496	0	0
1.0	0.0	0	2497	0	0
1.0	0.0	0	2498	0	0
1.0	0.0	0	2499	0	0
1.0	0.0	0	2500	0	0
1.0	0.0	0	2501	0	0
1.0	0.0	0	2502	0	0
1.0	0.0	0	2503	0	0
0.996992387906555	0.0030076120934450093	0	2504	0	0
1.0	0.0	0	2505	0	0
1.0	0.0	0	2506	0	0
1.0	0.0	0	2507	0	0
1.0	0.0	0	2508	0	0
1.0	0.0	0	2509	0	0
1.0	0.0	0	2510	0	0
1.0	0.0	0	2511	0	0
1.0	0.0	0	2512	0	0
1.0	0.0	0	2513	0	0
1.0	0.0	0	2514	0	0
0.9901464929608428	0.009853507039157246	0	2515	0	0
1.0	0.0	0	2516	0	0
1.0	0.0	0	2517	0	0
1.0	0.0	0	2518	0	0
1.0	0.0	0	2519	0	0
1.0	0.0	0	2520	0	0
1.0	0.0	0	2521	0	0
1.0	0.0	0	2522	0	0
1.0	0.0	0	2523	0	0
1.0	0.0	0	2524	0	0
1.0	0.0	0	2525	0	0
1.0	0.0	0	2526	0	0
1.0	0.0	0	2527	0	0
0.9967784478109526	0.0032215521890474087	0	2528	0	0
1.0	0.0	0	2529	0	0
1.0	0.0	0	2530	0	0
1.0	0.0	0	2531	0	0
1.0	0.0	0	2532	0	0
1.0	0.0	0	2533	0	0
1.0	0.0	0	2534	0	0
1.0	0.0	0	2535	0	0
1.0	0.0	0	2536	0	0
1.0	0.0	0	2537	0	0
1.0	0.0	0	2538	0	0
1.0	0.0	0	2539	0	0
1.0	0.0	0	2540	0	0
1.0	0.0	0	2541	0	0
1.0	0.0	0	2542	0	0
1.0	0.0	0	2543	0	0
1.0	0.0	0	2544	0	0
1.0	0.0	0	2545	0	0
1.0	0.0	0	2546	0	0
1.0	0.0	0	2547	0	0
1.0	0.0	0	2548	0	0
1.0	0.0	0	2549	0	0
1.0	0.0	0	2550	0	0
1.0	0.0	0	2551	0	0
1.0	0.0	0	2552	0	0
1.0	0.0	0	2553	0	0
1.0	0.0	0	2554	0	0
1.0	0.0	0	2555	0	0
1.0	0.0	0	2556	0	0
1.0	0.0	0	2557	0	0
1.0	0.0	0	2558	0	0
1.0	0.0	0	2559	0	0
0.9386451351963221	0.0613548648036782	0	2560	0	0
1.0	0.0	0	2561	0	0
1.0	0.0	0	2562	0	0
1.0	0.0	0	2563	0	0
1.0	0.0	0	2564	0	0
1.0	0.0	0	2565	0	0
1.0	0.0	0	2566	0	0
1.0	0.0	0	2567	0	0
1.0	0.0	0	2568	0	0
1.0	0.0	0	2569	0	0
1.0	0.0	0	2570	0	0
1.0	0.0	0	2571	0	0
1.0	0.0	0	2572	0	0
1.0	0.0	0	2573	0	0
0.9079807717516062	0.092019228248394	0	2574	0	0
1.0	0.0	0	2575	0	0
1.0	0.0	0	2576	0	0
1.0	0.0	0	2577	0	0
1.0	0.0	0	2578	0	0
1.0	0.0	0	2579	0	0
1.0	0.0	0	2580	0	0
1.0	0.0	0	2581	0	0
1.0	0.0	0	2582	0	0
1.0	0.0	0	2583	0	0
1.0	0.0	0	2584	0	0
1.0	0.0	0	2585	0	0
1.0	0.0	0	2586	0	0
1.0	0.0	0	2587	0	0
1.0	0.0	0	2588	0	0
1.0	0.0	0	2589	0	0
1.0	0.0	0	2590	0	0
1.0	0.0	0	2591	0	0
1.0	0.0	0	2592	0	0
1.0	0.0	0	2593	0	0
1.0	0.0	0	2594	0	0
1.0	0.0	0	2595	0	0
1.0	0.0	0	2596	0	0
1.0	0.0	0	2597	0	0
1.0	0.0	0	2598	0	0
1.0	0.0	0	2599	0	0
1.0	0.0	0	2600	0	0
1.0	0.0	0	2601	0	0
1.0	0.0	0	2602	0	0
1.0	0.0	0	2603	0	0
1.0	0.0	0	2604	0	0
1.0	0.0	0	2605	0	0
1.0	0.0	0	2606	0	0
1.0	0.0	0	2607	0	0
1.0	0.0	0	2608	0	0
1.0	0.0	0	2609	0	0
1.0	0.0	0	2610	0	0
1.0	0.0	0	2611	0	0
1.0	0.0	0	2612	0	0
1.0	0.0	0	2613	0	0
0.9868378160703258	0.01316218392967413	0	2614	0	0
1.0	0.0	0	2615	0	0
1.0	0.0	0	2616	0	0
1.0	0.0	0	2617	0	0
1.0	0.0	0	2618	0	0
1.0	0.0	0	2619	0	0
1.0	0.0	0	2620	0	0
1.0	0.0	0	2621	0	0
1.0	0.0	0	2622	0	0
1.0	0.0	0	2623	0	0
1.0	0.0	0	2624	0	0
1.0	0.0	0	2625	0	0
1.0	0.0	0	2626	0	0
0.9966666666666667	0.0033333333333333335	0	2627	0	0
1.0	0.0	0	2628	0	0
1.0	0.0	0	2629	0	0
1.0	0.0	0	2630	0	0
1.0	0.0	0	2631	0	0
1.0	0.0	0	2632	0	0
1.0	0.0	0	2633	0	0
1.0	0.0	0	2634	0	0
1.0	0.0	0	2635	0	0
1.0	0.0	0	2636	0	0
1.0	0.0	0	2637	0	0
1.0	0.0	0	2638	0	0
1.0	0.0	0	2639	0	0
1.0	0.0	0	2640	0	0
1.0	0.0	0	2641	0	0
1.0	0.0	0	2642	0	0
1.0	0.0	0	2643	0	0
1.0	0.0	0	2644	0	0
1.0	0.0	0	2645	0	0
1.0	0.0	0	2646	0	0
0.8783043169830811	0.12169568301691897	0	2647	0	0
1.0	0.0	0	2648	0	0
1.0	0.0	0	2649	0	0
1.0	0.0	0	2650	0	0
1.0	0.0	0	2651	0	0
1.0	0.0	0	2652	0	0
1.0	0.0	0	2653	0	0
1.0	0.0	0	2654	0	0
1.0	0.0	0	2655	0	0
1.0	0.0	0	2656	0	0
1.0	0.0	0	2657	0	0
1.0	0.0	0	2658	0	0
1.0	0.0	0	2659	0	0
1.0	0.0	0	2660	0	0
1.0	0.0	0	2661	0	0
1.0	0.0	0	2662	0	0
1.0	0.0	0	2663	0	0
1.0	0.0	0	2664	0	0
1.0	0.0	0	2665	0	0
1.0	0.0	0	2666	0	0
1.0	0.0	0	2667	0	0
1.0	0.0	0	2668	0	0
0.9875145110017868	0.012485488998213248	0	2669	0	0
1.0	0.0	0	2670	0	0
1.0	0.0	0	2671	0	0
1.0	0.0	0	2672	0	0
1.0	0.0	0	2673	0	0
1.0	0.0	0	2674	0	0
1.0	0.0	0	2675	0	0
1.0	0.0	0	2676	0	0
1.0	0.0	0	2677	0	0
1.0	0.0	0	2678	0	0
1.0	0.0	0	2679	0	0
1.0	0.0	0	2680	0	0
1.0	0.0	0	2681	0	0
1.0	0.0	0	2682	0	0
1.0	0.0	0	2683	0	0
1.0	0.0	0	2684	0	0
1.0	0.0	0	2685	0	0
1.0	0.0	0	2686	0	0
1.0	0.0	0	2687	0	0
1.0	0.0	0	2688	0	0
1.0	0.0	0	2689	0	0
1.0	0.0	0	2690	0	0
1.0	0.0	0	2691	0	0
1.0	0.0	0	2692	0	0
1.0	0.0	0	2693	0	0
1.0	0.0	0	2694	0	0
1.0	0.0	0	2695	0	0
1.0	0.0	0	2696	0	0
1.0	0.0	0	2697	0	0
1.0	0.0	0	2698	0	0
1.0	0.0	0	2699	0	0
1.0	0.0	0	2700	0	0
1.0	0.0	0	2701	0	0
1.0	0.0	0	2702	0	0
1.0	0.0	0	2703	0	0
1.0	0.0	0	2704	0	0
1.0	0.0	0	2705	0	0
1.0	0.0	0	2706	0	0
1.0	0.0	0	2707	0	0
0.8585113534473823	0.14148864655261775	0	2708	0	0
1.0	0.0	0	2709	0	0
1.0	0.0	0	2710	0	0
1.0	0.0	0	2711	0	0
1.0	0.0	0	2712	0	0
1.0	0.0	0	2713	0	0
1.0	0.0	0	2714	0	0
1.0	0.0	0	2715	0	0
1.0	0.0	0	2716	0	0
1.0	0.0	0	2717	0	0
1.0	0.0	0	2718	0	0
1.0	0.0	0	2719	0	0
1.0	0.0	0	2720	0	0
1.0	0.0	0	2721	0	0
1.0	0.0	0	2722	0	0
1.0	0.0	0	2723	0	0
1.0	0.0	0	2724	0	0
1.0	0.0	0	2725	0	0
1.0	0.0	0	2726	0	0
1.0	0.0	0	2727	0	0
1.0	0.0	0	2728	0	0
1.0	0.0	0	2729	0	0
1.0	0.0	0	2730	0	0
1.0	0.0	0	2731	0	0
1.0	0.0	0	2732	0	0
1.0	0.0	0	2733	0	0
1.0	0.0	0	2734	0	0
1.0	0.0	0	2735	0	0
1.0	0.0	0	2736	0	0
1.0	0.0	0	2737	0	0
1.0	0.0	0	2738	0	0
1.0	0.0	0	2739	0	0
1.0	0.0	0	2740	0	0
1.0	0.0	0	2741	0	0
0.9977536602846321	0.002246339715368076	0	2742	0	0
1.0	0.0	0	2743	0	0
1.0	0.0	0	2744	0	0
1.0	0.0	0	2745	0	0
1.0	0.0	0	2746	0	0
1.0	0.0	0	2747	0	0
1.0	0.0	0	2748	0	0
1.0	0.0	0	2749	0	0
1.0	0.0	0	2750	0	0
1.0	0.0	0	2751	0	0
1.0	0.0	0	2752	0	0
1.0	0.0	0	2753	0	0
1.0	0.0	0	2754	0	0
1.0	0.0	0	2755	0	0
1.0	0.0	0	2756	0	0
1.0	0.0	0	2757	0	0
1.0	0.0	0	2758	0	0
0.9712315411068644	0.028768458893135555	0	2759	0	0
1.0	0.0	0	2760	0	0
1.0	0.0	0	2761	0	0
1.0	0.0	0	2762	0	0
0.9967410492908857	0.003258950709114351	0	2763	0	0
1.0	0.0	0	2764	0	0
1.0	0.0	0	2765	0	0
1.0	0.0	0	2766	0	0
1.0	0.0	0	2767	0	0
1.0	0.0	0	2768	0	0
1.0	0.0	0	2769	0	0
1.0	0.0	0	2770	0	0
1.0	0.0	0	2771	0	0
1.0	0.0	0	2772	0	0
1.0	0.0	0	2773	0	0
1.0	0.0	0	2774	0	0
1.0	0.0	0	2775	0	0
1.0	0.0	0	2776	0	0
1.0	0.0	0	2777	0	0
1.0	0.0	0	2778	0	0
1.0	0.0	0	2779	0	0
1.0	0.0	0	2780	0	0
1.0	0.0	0	2781	0	0
1.0	0.0	0	2782	0	0
1.0	0.0	0	2783	0	0
1.0	0.0	0	2784	0	0
1.0	0.0	0	2785	0	0
1.0	0.0	0	2786	0	0
1.0	0.0	0	2787	0	0
1.0	0.0	0	2788	0	0
0.9967017702221554	0.0032982297778446417	0	2789	0	0
1.0	0.0	0	2790	0	0
1.0	0.0	0	2791	0	0
1.0	0.0	0	2792	0	0
0.9971896095018371	0.002810390498162864	0	2793	0	0
1.0	0.0	0	2794	0	0
1.0	0.0	0	2795	0	0
1.0	0.0	0	2796	0	0
1.0	0.0	0	2797	0	0
1.0	0.0	0	2798	0	0
1.0	0.0	0	2799	0	0
1.0	0.0	0	2800	0	0
1.0	0.0	0	2801	0	0
1.0	0.0	0	2802	0	0
1.0	0.0	0	2803	0	0
1.0	0.0	0	2804	0	0
1.0	0.0	0	2805	0	0
1.0	0.0	0	2806	0	0
1.0	0.0	0	2807	0	0
1.0	0.0	0	2808	0	0
1.0	0.0	0	2809	0	0
1.0	0.0	0	2810	0	0
1.0	0.0	0	2811	0	0
1.0	0.0	0	2812	0	0
1.0	0.0	0	2813	0	0
1.0	0.0	0	2814	0	0
1.0	0.0	0	2815	0	0
1.0	0.0	0	2816	0	0
1.0	0.0	0	2817	0	0
1.0	0.0	0	2818	0	0
1.0	0.0	0	2819	0	0
1.0	0.0	0	2820	0	0
1.0	0.0	0	2821	0	0
1.0	0.0	0	2822	0	0
1.0	0.0	0	2823	0	0
1.0	0.0	0	2824	0	0
1.0	0.0	0	2825	0	0
1.0	0.0	0	2826	0	0
1.0	0.0	0	2827	0	0
1.0	0.0	0	2828	0	0
1.0	0.0	0	2829	0	0
1.0	0.0	0	2830	0	0
1.0	0.0	0	2831	0	0
1.0	0.0	0	2832	0	0
1.0	0.0	0	2833	0	0
1.0	0.0	0	2834	0	0
0.9967037761396117	0.0032962238603881453	0	2835	0	0
1.0	0.0	0	2836	0	0
1.0	0.0	0	2837	0	0
1.0	0.0	0	2838	0	0
1.0	0.0	0	2839	0	0
0.9737878300707096	0.0262121699292905	0	2840	0	0
1.0	0.0	0	2841	0	0
1.0	0.0	0	2842	0	0
1.0	0.0	0	2843	0	0
1.0	0.0	0	2844	0	0
1.0	0.0	0	2845	0	0
1.0	0.0	0	2846	0	0
1.0	0.0	0	2847	0	0
1.0	0.0	0	2848	0	0
1.0	0.0	0	2849	0	0
1.0	0.0	0	2850	0	0
1.0	0.0	0	2851	0	0
1.0	0.0	0	2852	0	0
1.0	0.0	0	2853	0	0
1.0	0.0	0	2854	0	0
1.0	0.0	0	2855	0	0
1.0	0.0	0	2856	0	0
1.0	0.0	0	2857	0	0
0.9977536602846321	0.002246339715368076	0	2858	0	0
1.0	0.0	0	2859	0	0
1.0	0.0	0	2860	0	0
1.0	0.0	0	2861	0	0
0.984751688792904	0.015248311207096054	0	2862	0	0
1.0	0.0	0	2863	0	0
1.0	0.0	0	2864	0	0
1.0	0.0	0	2865	0	0
1.0	0.0	0	2866	0	0
1.0	0.0	0	2867	0	0
1.0	0.0	0	2868	0	0
1.0	0.0	0	2869	0	0
1.0	0.0	0	2870	0	0
1.0	0.0	0	2871	0	0
1.0	0.0	0	2872	0	0
1.0	0.0	0	2873	0	0
1.0	0.0	0	2874	0	0
1.0	0.0	0	2875	0	0
1.0	0.0	0	2876	0	0
1.0	0.0	0	2877	0	0
1.0	0.0	0	2878	0	0
1.0	0.0	0	2879	0	0
1.0	0.0	0	2880	0	0
1.0	0.0	0	2881	0	0
1.0	0.0	0	2882	0	0
1.0	0.0	0	2883	0	0
1.0	0.0	0	2884	0	0
1.0	0.0	0	2885	0	0
1.0	0.0	0	2886	0	0
1.0	0.0	0	2887	0	0
1.0	0.0	0	2888	0	0
1.0	0.0	0	2889	0	0
1.0	0.0	0	2890	0	0
1.0	0.0	0	2891	0	0
1.0	0.0	0	2892	0	0
1.0	0.0	0	2893	0	0
1.0	0.0	0	2894	0	0
1.0	0.0	0	2895	0	0
1.0	0.0	0	2896	0	0
1.0	0.0	0	2897	0	0
1.0	0.0	0	2898	0	0
1.0	0.0	0	2899	0	0
1.0	0.0	0	2900	0	0
0.17421529417095788	0.8257847058290421	0	2901	0	1
1.0	0.0	0	2902	0	0
1.0	0.0	0	2903	0	0
1.0	0.0	0	2904	0	0
0.9834627462128704	0.01653725378712949	0	2905	0	0
1.0	0.0	0	2906	0	0
1.0	0.0	0	2907	0	0
1.0	0.0	0	2908	0	0
0.9967012687427913	0.003298731257208766	0	2909	0	0
1.0	0.0	0	2910	0	0
0.921155517715397	0.0788444822846029	0	2911	0	0
1.0	0.0	0	2912	0	0
1.0	0.0	0	2913	0	0
1.0	0.0	0	2914	0	0
0.9934928564627531	0.006507143537246864	0	2915	0	0
1.0	0.0	0	2916	0	0
1.0	0.0	0	2917	0	0
1.0	0.0	0	2918	0	0
1.0	0.0	0	2919	0	0
1.0	0.0	0	2920	0	0
1.0	0.0	0	2921	0	0
0.9869965867303472	0.013003413269652772	0	2922	0	0
1.0	0.0	0	2923	0	0
1.0	0.0	0	2924	0	0
1.0	0.0	0	2925	0	0
1.0	0.0	0	2926	0	0
1.0	0.0	0	2927	0	0
0.9968140606060606	0.0031859393939393937	0	2928	0	0
1.0	0.0	0	2929	0	0
1.0	0.0	0	2930	0	0
1.0	0.0	0	2931	0	0
1.0	0.0	0	2932	0	0
1.0	0.0	0	2933	0	0
1.0	0.0	0	2934	0	0
1.0	0.0	0	2935	0	0
1.0	0.0	0	2936	0	0
1.0	0.0	0	2937	0	0
1.0	0.0	0	2938	0	0
1.0	0.0	0	2939	0	0
1.0	0.0	0	2940	0	0
1.0	0.0	0	2941	0	0
1.0	0.0	0	2942	0	0
1.0	0.0	0	2943	0	0
1.0	0.0	0	2944	0	0
1.0	0.0	0	2945	0	0
1.0	0.0	0	2946	0	0
1.0	0.0	0	2947	0	0
1.0	0.0	0	2948	0	0
1.0	0.0	0	2949	0	0
1.0	0.0	0	2950	0	0
1.0	0.0	0	2951	0	0
1.0	0.0	0	2952	0	0
1.0	0.0	0	2953	0	0
1.0	0.0	0	2954	0	0
1.0	0.0	0	2955	0	0
1.0	0.0	0	2956	0	0
1.0	0.0	0	2957	0	0
1.0	0.0	0	2958	0	0
1.0	0.0	0	2959	0	0
1.0	0.0	0	2960	0	0
1.0	0.0	0	2961	0	0
1.0	0.0	0	2962	0	0
1.0	0.0	0	2963	0	0
1.0	0.0	0	2964	0	0
1.0	0.0	0	2965	0	0
0.9968489208633093	0.0031510791366906477	0	2966	0	0
0.9968489208633093	0.0031510791366906477	0	2967	0	0
1.0	0.0	0	2968	0	0
1.0	0.0	0	2969	0	0
1.0	0.0	0	2970	0	0
1.0	0.0	0	2971	0	0
1.0	0.0	0	2972	0	0
1.0	0.0	0	2973	0	0
1.0	0.0	0	2974	0	0
1.0	0.0	0	2975	0	0
1.0	0.0	0	2976	0	0
1.0	0.0	0	2977	0	0
1.0	0.0	0	2978	0	0
1.0	0.0	0	2979	0	0
1.0	0.0	0	2980	0	0
0.9847347428307888	0.015265257169211184	0	2981	0	0
0.9968489208633093	0.0031510791366906477	0	2982	0	0
1.0	0.0	0	2983	0	0
0.9967420410592086	0.003257958940791431	0	2984	0	0
1.0	0.0	0	2985	0	0
1.0	0.0	0	2986	0	0
0.9875145110017868	0.012485488998213248	0	2987	0	0
0.9977715717138892	0.0022284282861108266	0	2988	0	0
1.0	0.0	0	2989	0	0
1.0	0.0	0	2990	0	0
1.0	0.0	0	2991	0	0
0.9835726086353791	0.016427391364620965	0	2992	0	0
1.0	0.0	0	2993	0	0
1.0	0.0	0	2994	0	0
1.0	0.0	0	2995	0	0
1.0	0.0	0	2996	0	0
1.0	0.0	0	2997	0	0
1.0	0.0	0	2998	0	0
1.0	0.0	0	2999	0	0
1.0	0.0	0	3000	0	0
1.0	0.0	0	3001	0	0
1.0	0.0	0	3002	0	0
0.9901769565161639	0.009823043483836141	0	3003	0	0
0.9933878289407672	0.006612171059232736	0	3004	0	0
1.0	0.0	0	3005	0	0
1.0	0.0	0	3006	0	0
1.0	0.0	0	3007	0	0
1.0	0.0	0	3008	0	0
1.0	0.0	0	3009	0	0
1.0	0.0	0	3010	0	0
1.0	0.0	0	3011	0	0
1.0	0.0	0	3012	0	0
1.0	0.0	0	3013	0	0
1.0	0.0	0	3014	0	0
1.0	0.0	0	3015	0	0
0.9935410526038131	0.006458947396186747	0	3016	0	0
0.8393535831242018	0.16064641687579834	0	3017	0	0
0.9900754222413206	0.00992457775867926	0	3018	0	0
1.0	0.0	0	3019	0	0
1.0	0.0	0	3020	0	0
1.0	0.0	0	3021	0	0
1.0	0.0	0	3022	0	0
0.9967027731808836	0.0032972268191163935	0	3023	0	0
1.0	0.0	0	3024	0	0
0.9934346059335093	0.0065653940664906815	0	3025	0	0
0.3196202261850316	0.6803797738149681	0	3026	1	1
0.9933778300138459	0.006622169986154041	0	3027	0	0
0.9345163651725176	0.06548363482748244	0	3028	0	0
0.12698108495849217	0.873018915041508	0	3029	1	1
0.996687101087313	0.003312898912687	0	3030	1	0
0.9736405139349669	0.02635948606503322	0	3031	0	0
1.0	0.0	0	3032	0	0
1.0	0.0	0	3033	0	0
1.0	0.0	0	3034	0	0
1.0	0.0	0	3035	0	0
1.0	0.0	0	3036	0	0
0.9374031803273842	0.06259681967261607	0	3037	0	0
0.9869328104010969	0.013067189598903002	0	3038	0	0
0.9966884685047293	0.003311531495270678	0	3039	0	0
1.0	0.0	0	3040	0	0
1.0	0.0	0	3041	0	0
1.0	0.0	0	3042	0	0
1.0	0.0	0	3043	0	0
1.0	0.0	0	3044	0	0
1.0	0.0	0	3045	0	0
1.0	0.0	0	3046	0	0
1.0	0.0	0	3047	0	0
1.0	0.0	0	3048	0	0
1.0	0.0	0	3049	0	0
1.0	0.0	0	3050	0	0
1.0	0.0	0	3051	0	0
1.0	0.0	0	3052	0	0
1.0	0.0	0	3053	0	0
0.9967174356677119	0.0032825643322880894	0	3054	0	0
1.0	0.0	0	3055	0	0
1.0	0.0	0	3056	0	0
1.0	0.0	0	3057	0	0
0.9934619547567881	0.0065380452432120505	0	3058	0	0
1.0	0.0	0	3059	0	0
1.0	0.0	0	3060	0	0
1.0	0.0	0	3061	0	0
1.0	0.0	0	3062	0	0
1.0	0.0	0	3063	0	0
1.0	0.0	0	3064	0	0
1.0	0.0	0	3065	0	0
1.0	0.0	0	3066	0	0
1.0	0.0	0	3067	0	0
1.0	0.0	0	3068	0	0
1.0	0.0	0	3069	0	0
1.0	0.0	0	3070	0	0
1.0	0.0	0	3071	0	0
1.0	0.0	0	3072	0	0
1.0	0.0	0	3073	0	0
1.0	0.0	0	3074	0	0
1.0	0.0	0	3075	0	0
1.0	0.0	0	3076	0	0
1.0	0.0	0	3077	0	0
1.0	0.0	0	3078	0	0
1.0	0.0	0	3079	0	0
1.0	0.0	0	3080	0	0
1.0	0.0	0	3081	0	0
0.9933814151817938	0.006618584818206044	0	3082	0	0
1.0	0.0	0	3083	0	0
1.0	0.0	0	3084	0	0
1.0	0.0	0	3085	0	0
1.0	0.0	0	3086	0	0
1.0	0.0	0	3087	0	0
0.9938324103691226	0.006167589630877452	0	3088	0	0
1.0	0.0	0	3089	0	0
1.0	0.0	0	3090	0	0
1.0	0.0	0	3091	0	0
1.0	0.0	0	3092	0	0
1.0	0.0	0	3093	0	0
1.0	0.0	0	3094	0	0
1.0	0.0	0	3095	0	0
1.0	0.0	0	3096	0	0
1.0	0.0	0	3097	0	0
0.994801880498677	0.005198119501322785	0	3098	0	0
0.9938324103691226	0.006167589630877452	0	3099	0	0
0.9768074507875182	0.02319254921248185	0	3100	0	0
0.9768074507875182	0.02319254921248185	0	3101	0	0
1.0	0.0	0	3102	0	0
1.0	0.0	0	3103	0	0
0.9869484362125522	0.013051563787447892	0	3104	0	0
1.0	0.0	0	3105	0	0
1.0	0.0	0	3106	0	0
1.0	0.0	0	3107	0	0
1.0	0.0	0	3108	0	0
1.0	0.0	0	3109	0	0
1.0	0.0	0	3110	0	0
1.0	0.0	0	3111	0	0
0.9875145110017868	0.012485488998213248	0	3112	0	0
1.0	0.0	0	3113	0	0
1.0	0.0	0	3114	0	0
1.0	0.0	0	3115	0	0
1.0	0.0	0	3116	0	0
1.0	0.0	0	3117	0	0
1.0	0.0	0	3118	0	0
1.0	0.0	0	3119	0	0
1.0	0.0	0	3120	0	0
1.0	0.0	0	3121	0	0
1.0	0.0	0	3122	0	0
0.9868281430219147	0.013171856978085351	0	3123	0	0
1.0	0.0	0	3124	0	0
1.0	0.0	0	3125	0	0
1.0	0.0	0	3126	0	0
1.0	0.0	0	3127	0	0
1.0	0.0	0	3128	0	0
1.0	0.0	0	3129	0	0
1.0	0.0	0	3130	0	0
1.0	0.0	0	3131	0	0
0.9821192114431381	0.017880788556861957	0	3132	0	0
1.0	0.0	0	3133	0	0
1.0	0.0	0	3134	0	0
1.0	0.0	0	3135	0	0
1.0	0.0	0	3136	0	0
1.0	0.0	0	3137	0	0
1.0	0.0	0	3138	0	0
1.0	0.0	0	3139	0	0
1.0	0.0	0	3140	0	0
1.0	0.0	0	3141	0	0
1.0	0.0	0	3142	0	0
1.0	0.0	0	3143	0	0
1.0	0.0	0	3144	0	0
1.0	0.0	0	3145	0	0
1.0	0.0	0	3146	0	0
1.0	0.0	0	3147	0	0
1.0	0.0	0	3148	0	0
1.0	0.0	0	3149	0	0
0.9966666666666667	0.0033333333333333335	0	3150	0	0
1.0	0.0	0	3151	0	0
1.0	0.0	0	3152	0	0
1.0	0.0	0	3153	0	0
1.0	0.0	0	3154	0	0
0.4743977738446534	0.5256022261553464	0	3155	0	1
1.0	0.0	0	3156	0	0
1.0	0.0	0	3157	0	0
1.0	0.0	0	3158	0	0
1.0	0.0	0	3159	0	0
1.0	0.0	0	3160	0	0
1.0	0.0	0	3161	0	0
1.0	0.0	0	3162	0	0
1.0	0.0	0	3163	0	0
1.0	0.0	0	3164	0	0
1.0	0.0	0	3165	0	0
1.0	0.0	0	3166	0	0
1.0	0.0	0	3167	0	0
1.0	0.0	0	3168	0	0
1.0	0.0	0	3169	0	0
1.0	0.0	0	3170	0	0
1.0	0.0	0	3171	0	0
1.0	0.0	0	3172	0	0
0.9900539483158612	0.00994605168413882	0	3173	0	0
1.0	0.0	0	3174	0	0
1.0	0.0	0	3175	0	0
1.0	0.0	0	3176	0	0
1.0	0.0	0	3177	0	0
0.9872391564008687	0.012760843599131419	0	3178	0	0
1.0	0.0	0	3179	0	0
1.0	0.0	0	3180	0	0
0.9966850717293194	0.003314928270680483	0	3181	0	0
1.0	0.0	0	3182	0	0
1.0	0.0	0	3183	0	0
1.0	0.0	0	3184	0	0
1.0	0.0	0	3185	0	0
0.9974557128490755	0.002544287150924423	0	3186	0	0
1.0	0.0	0	3187	0	0
1.0	0.0	0	3188	0	0
1.0	0.0	0	3189	0	0
1.0	0.0	0	3190	0	0
1.0	0.0	0	3191	0	0
1.0	0.0	0	3192	0	0
1.0	0.0	0	3193	0	0
1.0	0.0	0	3194	0	0
1.0	0.0	0	3195	0	0
1.0	0.0	0	3196	0	0
1.0	0.0	0	3197	0	0
1.0	0.0	0	3198	0	0
1.0	0.0	0	3199	0	0
1.0	0.0	0	3200	0	0
1.0	0.0	0	3201	0	0
1.0	0.0	0	3202	0	0
0.9902751796160241	0.009724820383975775	0	3203	0	0
1.0	0.0	0	3204	0	0
1.0	0.0	0	3205	0	0
1.0	0.0	0	3206	0	0
1.0	0.0	0	3207	0	0
1.0	0.0	0	3208	0	0
1.0	0.0	0	3209	0	0
1.0	0.0	0	3210	0	0
1.0	0.0	0	3211	0	0
1.0	0.0	0	3212	0	0
0.9977715717138892	0.0022284282861108266	0	3213	0	0
0.9710597338243949	0.028940266175605155	0	3214	0	0
1.0	0.0	0	3215	0	0
1.0	0.0	0	3216	0	0
1.0	0.0	0	3217	0	0
1.0	0.0	0	3218	0	0
1.0	0.0	0	3219	0	0
1.0	0.0	0	3220	0	0
1.0	0.0	0	3221	0	0
1.0	0.0	0	3222	0	0
1.0	0.0	0	3223	0	0
1.0	0.0	0	3224	0	0
1.0	0.0	0	3225	0	0
1.0	0.0	0	3226	0	0
1.0	0.0	0	3227	0	0
1.0	0.0	0	3228	0	0
1.0	0.0	0	3229	0	0
1.0	0.0	0	3230	0	0
1.0	0.0	0	3231	0	0
1.0	0.0	0	3232	0	0
1.0	0.0	0	3233	0	0
1.0	0.0	0	3234	0	0
1.0	0.0	0	3235	0	0
1.0	0.0	0	3236	0	0
1.0	0.0	0	3237	0	0
1.0	0.0	0	3238	0	0
1.0	0.0	0	3239	0	0
1.0	0.0	0	3240	0	0
1.0	0.0	0	3241	0	0
0.15567238227469282	0.8443276177253074	0	3242	0	1
1.0	0.0	0	3243	0	0
1.0	0.0	0	3244	0	0
1.0	0.0	0	3245	0	0
1.0	0.0	0	3246	0	0
1.0	0.0	0	3247	0	0
1.0	0.0	0	3248	0	0
1.0	0.0	0	3249	0	0
1.0	0.0	0	3250	0	0
1.0	0.0	0	3251	0	0
1.0	0.0	0	3252	0	0
1.0	0.0	0	3253	0	0
1.0	0.0	0	3254	0	0
1.0	0.0	0	3255	0	0
1.0	0.0	0	3256	0	0
1.0	0.0	0	3257	0	0
1.0	0.0	0	3258	0	0
1.0	0.0	0	3259	0	0
1.0	0.0	0	3260	0	0
1.0	0.0	0	3261	0	0
1.0	0.0	0	3262	0	0
1.0	0.0	0	3263	0	0
1.0	0.0	0	3264	0	0
1.0	0.0	0	3265	0	0
1.0	0.0	0	3266	0	0
1.0	0.0	0	3267	0	0
1.0	0.0	0	3268	0	0
0.9680833071668464	0.031916692833153855	0	3269	0	0
1.0	0.0	0	3270	0	0
1.0	0.0	0	3271	0	0
1.0	0.0	0	3272	0	0
1.0	0.0	0	3273	0	0
1.0	0.0	0	3274	0	0
1.0	0.0	0	3275	0	0
1.0	0.0	0	3276	0	0
1.0	0.0	0	3277	0	0
1.0	0.0	0	3278	0	0
1.0	0.0	0	3279	0	0
1.0	0.0	0	3280	0	0
1.0	0.0	0	3281	0	0
1.0	0.0	0	3282	0	0
1.0	0.0	0	3283	0	0
1.0	0.0	0	3284	0	0
1.0	0.0	0	3285	0	0
1.0	0.0	0	3286	0	0
1.0	0.0	0	3287	0	0
1.0	0.0	0	3288	0	0
1.0	0.0	0	3289	0	0
1.0	0.0	0	3290	0	0
1.0	0.0	0	3291	0	0
1.0	0.0	0	3292	0	0
1.0	0.0	0	3293	0	0
1.0	0.0	0	3294	0	0
1.0	0.0	0	3295	0	0
1.0	0.0	0	3296	0	0
1.0	0.0	0	3297	0	0
1.0	0.0	0	3298	0	0
1.0	0.0	0	3299	0	0
1.0	0.0	0	3300	0	0
1.0	0.0	0	3301	0	0
1.0	0.0	0	3302	0	0
1.0	0.0	0	3303	0	0
1.0	0.0	0	3304	0	0
1.0	0.0	0	3305	0	0
1.0	0.0	0	3306	0	0
1.0	0.0	0	3307	0	0
1.0	0.0	0	3308	0	0
1.0	0.0	0	3309	0	0
1.0	0.0	0	3310	0	0
1.0	0.0	0	3311	0	0
1.0	0.0	0	3312	0	0
1.0	0.0	0	3313	0	0
1.0	0.0	0	3314	0	0
1.0	0.0	0	3315	0	0
1.0	0.0	0	3316	0	0
1.0	0.0	0	3317	0	0
1.0	0.0	0	3318	0	0
0.997016348773842	0.002983651226158038	0	3319	0	0
1.0	0.0	0	3320	0	0
1.0	0.0	0	3321	0	0
0.9604428585263577	0.03955714147364259	0	3322	0	0
1.0	0.0	0	3323	0	0
1.0	0.0	0	3324	0	0
1.0	0.0	0	3325	0	0
1.0	0.0	0	3326	0	0
1.0	0.0	0	3327	0	0
1.0	0.0	0	3328	0	0
0.9478252437504545	0.05217475624954553	0	3329	0	0
1.0	0.0	0	3330	0	0
1.0	0.0	0	3331	0	0
1.0	0.0	0	3332	0	0
1.0	0.0	0	3333	0	0
1.0	0.0	0	3334	0	0
1.0	0.0	0	3335	0	0
1.0	0.0	0	3336	0	0
1.0	0.0	0	3337	0	0
1.0	0.0	0	3338	0	0
1.0	0.0	0	3339	0	0
1.0	0.0	0	3340	0	0
1.0	0.0	0	3341	0	0
1.0	0.0	0	3342	0	0
1.0	0.0	0	3343	0	0
1.0	0.0	0	3344	0	0
1.0	0.0	0	3345	0	0
1.0	0.0	0	3346	0	0
1.0	0.0	0	3347	0	0
1.0	0.0	0	3348	0	0
1.0	0.0	0	3349	0	0
1.0	0.0	0	3350	0	0
1.0	0.0	0	3351	0	0
1.0	0.0	0	3352	0	0
1.0	0.0	0	3353	0	0
1.0	0.0	0	3354	0	0
1.0	0.0	0	3355	0	0
1.0	0.0	0	3356	0	0
1.0	0.0	0	3357	0	0
1.0	0.0	0	3358	0	0
1.0	0.0	0	3359	0	0
1.0	0.0	0	3360	0	0
1.0	0.0	0	3361	0	0
0.9808983045548594	0.019101695445140572	0	3362	0	0
1.0	0.0	0	3363	0	0
1.0	0.0	0	3364	0	0
1.0	0.0	0	3365	0	0
1.0	0.0	0	3366	0	0
1.0	0.0	0	3367	0	0
1.0	0.0	0	3368	0	0
1.0	0.0	0	3369	0	0
1.0	0.0	0	3370	0	0
1.0	0.0	0	3371	0	0
1.0	0.0	0	3372	0	0
1.0	0.0	0	3373	0	0
1.0	0.0	0	3374	0	0
1.0	0.0	0	3375	0	0
1.0	0.0	0	3376	0	0
1.0	0.0	0	3377	0	0
1.0	0.0	0	3378	0	0
1.0	0.0	0	3379	0	0
1.0	0.0	0	3380	0	0
1.0	0.0	0	3381	0	0
1.0	0.0	0	3382	0	0
1.0	0.0	0	3383	0	0
1.0	0.0	0	3384	0	0
1.0	0.0	0	3385	0	0
1.0	0.0	0	3386	0	0
1.0	0.0	0	3387	0	0
1.0	0.0	0	3388	0	0
1.0	0.0	0	3389	0	0
1.0	0.0	0	3390	0	0
0.9867830961838234	0.013216903816176696	0	3391	0	0
1.0	0.0	0	3392	0	0
0.9913668074213308	0.008633192578669083	0	3393	0	0
1.0	0.0	0	3394	0	0
1.0	0.0	0	3395	0	0
1.0	0.0	0	3396	0	0
1.0	0.0	0	3397	0	0
1.0	0.0	0	3398	0	0
1.0	0.0	0	3399	0	0
1.0	0.0	0	3400	0	0
1.0	0.0	0	3401	0	0
1.0	0.0	0	3402	0	0
1.0	0.0	0	3403	0	0
1.0	0.0	0	3404	0	0
1.0	0.0	0	3405	0	0
1.0	0.0	0	3406	0	0
1.0	0.0	0	3407	0	0
1.0	0.0	0	3408	0	0
1.0	0.0	0	3409	0	0
0.9671565208109867	0.032843479189013335	0	3410	0	0
0.2454955538416391	0.7545044461583607	0	3411	1	1
0.9869164304653276	0.013083569534672546	0	3412	0	0
0.9870210669486308	0.012978933051369297	0	3413	0	0
0.9934075522792237	0.00659244772077629	0	3414	0	0
1.0	0.0	0	3415	0	0
0.9934075522792237	0.00659244772077629	0	3416	0	0
1.0	0.0	0	3417	0	0
0.04422623017702474	0.9557737698229751	0	3418	1	1
1.0	0.0	0	3419	0	0
1.0	0.0	0	3420	0	0
0.785635762857934	0.21436423714206612	0	3421	0	0
0.059560494170026825	0.9404395058299728	0	3422	1	1
0.9933933972658209	0.0066066027341790835	0	3423	0	0
0.5657463643772278	0.4342536356227722	0	3424	1	0
0.9934180851950828	0.006581914804917282	0	3425	0	0
0.9934180851950828	0.006581914804917282	0	3426	0	0
0.996706289497442	0.0032937105025579293	0	3427	0	0
1.0	0.0	0	3428	0	0
0.9967022824178581	0.0032977175821419613	0	3429	0	0
0.9967022824178581	0.0032977175821419613	0	3430	0	0
1.0	0.0	0	3431	0	0
1.0	0.0	0	3432	0	0
0.2593783355320608	0.7406216644679399	0	3433	1	1
1.0	0.0	0	3434	0	0
0.1576370028416736	0.8423629971583262	0	3435	1	1
1.0	0.0	0	3436	0	0
1.0	0.0	0	3437	0	0
1.0	0.0	0	3438	0	0
1.0	0.0	0	3439	0	0
0.9942353129379323	0.005764687062067659	0	3440	0	0
1.0	0.0	0	3441	0	0
1.0	0.0	0	3442	0	0
1.0	0.0	0	3443	0	0
1.0	0.0	0	3444	0	0
1.0	0.0	0	3445	0	0
1.0	0.0	0	3446	0	0
1.0	0.0	0	3447	0	0
1.0	0.0	0	3448	0	0
1.0	0.0	0	3449	0	0
1.0	0.0	0	3450	0	0
1.0	0.0	0	3451	0	0
1.0	0.0	0	3452	0	0
1.0	0.0	0	3453	0	0
1.0	0.0	0	3454	0	0
1.0	0.0	0	3455	0	0
1.0	0.0	0	3456	0	0
1.0	0.0	0	3457	0	0
1.0	0.0	0	3458	0	0
1.0	0.0	0	3459	0	0
1.0	0.0	0	3460	0	0
1.0	0.0	0	3461	0	0
1.0	0.0	0	3462	0	0
1.0	0.0	0	3463	0	0
1.0	0.0	0	3464	0	0
1.0	0.0	0	3465	0	0
1.0	0.0	0	3466	0	0
0.9871073532745182	0.012892646725481823	0	3467	0	0
1.0	0.0	0	3468	0	0
1.0	0.0	0	3469	0	0
1.0	0.0	0	3470	0	0
1.0	0.0	0	3471	0	0
1.0	0.0	0	3472	0	0
1.0	0.0	0	3473	0	0
1.0	0.0	0	3474	0	0
1.0	0.0	0	3475	0	0
1.0	0.0	0	3476	0	0
1.0	0.0	0	3477	0	0
1.0	0.0	0	3478	0	0
1.0	0.0	0	3479	0	0
1.0	0.0	0	3480	0	0
1.0	0.0	0	3481	0	0
1.0	0.0	0	3482	0	0
1.0	0.0	0	3483	0	0
1.0	0.0	0	3484	0	0
1.0	0.0	0	3485	0	0
1.0	0.0	0	3486	0	0
1.0	0.0	0	3487	0	0
0.9770915022545016	0.022908497745498427	0	3488	0	0
1.0	0.0	0	3489	0	0
1.0	0.0	0	3490	0	0
1.0	0.0	0	3491	0	0
1.0	0.0	0	3492	0	0
1.0	0.0	0	3493	0	0
0.9967553322496429	0.003244667750357125	0	3494	0	0
1.0	0.0	0	3495	0	0
1.0	0.0	0	3496	0	0
1.0	0.0	0	3497	0	0
1.0	0.0	0	3498	0	0
1.0	0.0	0	3499	0	0
1.0	0.0	0	3500	0	0
1.0	0.0	0	3501	0	0
1.0	0.0	0	3502	0	0
1.0	0.0	0	3503	0	0
1.0	0.0	0	3504	0	0
1.0	0.0	0	3505	0	0
1.0	0.0	0	3506	0	0
1.0	0.0	0	3507	0	0
1.0	0.0	0	3508	0	0
1.0	0.0	0	3509	0	0
1.0	0.0	0	3510	0	0
1.0	0.0	0	3511	0	0
1.0	0.0	0	3512	0	0
1.0	0.0	0	3513	0	0
1.0	0.0	0	3514	0	0
1.0	0.0	0	3515	0	0
1.0	0.0	0	3516	0	0
1.0	0.0	0	3517	0	0
1.0	0.0	0	3518	0	0
1.0	0.0	0	3519	0	0
1.0	0.0	0	3520	0	0
1.0	0.0	0	3521	0	0
1.0	0.0	0	3522	0	0
1.0	0.0	0	3523	0	0
1.0	0.0	0	3524	0	0
1.0	0.0	0	3525	0	0
1.0	0.0	0	3526	0	0
1.0	0.0	0	3527	0	0
1.0	0.0	0	3528	0	0
1.0	0.0	0	3529	0	0
1.0	0.0	0	3530	0	0
1.0	0.0	0	3531	0	0
1.0	0.0	0	3532	0	0
1.0	0.0	0	3533	0	0
1.0	0.0	0	3534	0	0
1.0	0.0	0	3535	0	0
1.0	0.0	0	3536	0	0
1.0	0.0	0	3537	0	0
1.0	0.0	0	3538	0	0
1.0	0.0	0	3539	0	0
1.0	0.0	0	3540	0	0
1.0	0.0	0	3541	0	0
1.0	0.0	0	3542	0	0
1.0	0.0	0	3543	0	0
1.0	0.0	0	3544	0	0
0.9517780630658428	0.04822193693415724	0	3545	0	0
0.9967827919055318	0.0032172080944681282	0	3546	0	0
0.9874103844196839	0.012589615580316177	0	3547	0	0
1.0	0.0	0	3548	0	0
1.0	0.0	0	3549	0	0
1.0	0.0	0	3550	0	0
1.0	0.0	0	3551	0	0
1.0	0.0	0	3552	0	0
1.0	0.0	0	3553	0	0
0.9290045425872148	0.07099545741278518	0	3554	0	0
1.0	0.0	0	3555	0	0
1.0	0.0	0	3556	0	0
1.0	0.0	0	3557	0	0
1.0	0.0	0	3558	0	0
1.0	0.0	0	3559	0	0
1.0	0.0	0	3560	0	0
1.0	0.0	0	3561	0	0
1.0	0.0	0	3562	0	0
1.0	0.0	0	3563	0	0
1.0	0.0	0	3564	0	0
1.0	0.0	0	3565	0	0
1.0	0.0	0	3566	0	0
1.0	0.0	0	3567	0	0
1.0	0.0	0	3568	0	0
1.0	0.0	0	3569	0	0
1.0	0.0	0	3570	0	0
1.0	0.0	0	3571	0	0
1.0	0.0	0	3572	0	0
1.0	0.0	0	3573	0	0
1.0	0.0	0	3574	0	0
1.0	0.0	0	3575	0	0
1.0	0.0	0	3576	0	0
1.0	0.0	0	3577	0	0
1.0	0.0	0	3578	0	0
1.0	0.0	0	3579	0	0
1.0	0.0	0	3580	0	0
1.0	0.0	0	3581	0	0
1.0	0.0	0	3582	0	0
1.0	0.0	0	3583	0	0
1.0	0.0	0	3584	0	0
1.0	0.0	0	3585	0	0
0.9879664027386877	0.012033597261312257	0	3586	0	0
0.9938324103691226	0.006167589630877452	0	3587	0	0
1.0	0.0	0	3588	0	0
1.0	0.0	0	3589	0	0
1.0	0.0	0	3590	0	0
1.0	0.0	0	3591	0	0
0.987973926060987	0.01202607393901313	0	3592	0	0
1.0	0.0	0	3593	0	0
1.0	0.0	0	3594	0	0
0.9933688880318168	0.006631111968183293	0	3595	0	0
1.0	0.0	0	3596	0	0
1.0	0.0	0	3597	0	0
1.0	0.0	0	3598	0	0
1.0	0.0	0	3599	0	0
1.0	0.0	0	3600	0	0
1.0	0.0	0	3601	0	0
1.0	0.0	0	3602	0	0
1.0	0.0	0	3603	0	0
1.0	0.0	0	3604	0	0
1.0	0.0	0	3605	0	0
1.0	0.0	0	3606	0	0
1.0	0.0	0	3607	0	0
1.0	0.0	0	3608	0	0
1.0	0.0	0	3609	0	0
1.0	0.0	0	3610	0	0
1.0	0.0	0	3611	0	0
1.0	0.0	0	3612	0	0
1.0	0.0	0	3613	0	0
1.0	0.0	0	3614	0	0
1.0	0.0	0	3615	0	0
1.0	0.0	0	3616	0	0
1.0	0.0	0	3617	0	0
1.0	0.0	0	3618	0	0
1.0	0.0	0	3619	0	0
1.0	0.0	0	3620	0	0
1.0	0.0	0	3621	0	0
1.0	0.0	0	3622	0	0
1.0	0.0	0	3623	0	0
1.0	0.0	0	3624	0	0
0.9653677569196149	0.034632243080385185	0	3625	0	0
0.9869257783945806	0.013074221605419203	0	3626	0	0
0.9869257783945806	0.013074221605419203	0	3627	0	0
1.0	0.0	0	3628	0	0
1.0	0.0	0	3629	0	0
1.0	0.0	0	3630	0	0
0.9670822264288969	0.032917773571103065	0	3631	0	0
1.0	0.0	0	3632	0	0
1.0	0.0	0	3633	0	0
1.0	0.0	0	3634	0	0
1.0	0.0	0	3635	0	0
0.9945299906036079	0.005470009396392187	0	3636	0	0
1.0	0.0	0	3637	0	0
1.0	0.0	0	3638	0	0
1.0	0.0	0	3639	0	0
1.0	0.0	0	3640	0	0
1.0	0.0	0	3641	0	0
1.0	0.0	0	3642	0	0
0.9967603411724103	0.003239658827589607	0	3643	0	0
0.9902394386044273	0.009760561395572553	0	3644	0	0
1.0	0.0	0	3645	0	0
1.0	0.0	0	3646	0	0
1.0	0.0	0	3647	0	0
1.0	0.0	0	3648	0	0
1.0	0.0	0	3649	0	0
1.0	0.0	0	3650	0	0
1.0	0.0	0	3651	0	0
1.0	0.0	0	3652	0	0
1.0	0.0	0	3653	0	0
0.9938324103691226	0.006167589630877452	0	3654	0	0
1.0	0.0	0	3655	0	0
1.0	0.0	0	3656	0	0
1.0	0.0	0	3657	0	0
1.0	0.0	0	3658	0	0
1.0	0.0	0	3659	0	0
1.0	0.0	0	3660	0	0
1.0	0.0	0	3661	0	0
1.0	0.0	0	3662	0	0
1.0	0.0	0	3663	0	0
0.9901008125188082	0.009899187481191694	0	3664	0	0
1.0	0.0	0	3665	0	0
0.9278700926779987	0.07212990732200134	0	3666	0	0
1.0	0.0	0	3667	0	0
1.0	0.0	0	3668	0	0
1.0	0.0	0	3669	0	0
1.0	0.0	0	3670	0	0
1.0	0.0	0	3671	0	0
0.9675727412353626	0.03242725876463762	0	3672	0	0
1.0	0.0	0	3673	0	0
0.997297286201092	0.0027027137989079106	0	3674	0	0
1.0	0.0	0	3675	0	0
0.997297286201092	0.0027027137989079106	0	3676	0	0
1.0	0.0	0	3677	0	0
1.0	0.0	0	3678	0	0
1.0	0.0	0	3679	0	0
1.0	0.0	0	3680	0	0
1.0	0.0	0	3681	0	0
1.0	0.0	0	3682	0	0
1.0	0.0	0	3683	0	0
1.0	0.0	0	3684	0	0
1.0	0.0	0	3685	0	0
1.0	0.0	0	3686	0	0
1.0	0.0	0	3687	0	0
1.0	0.0	0	3688	0	0
1.0	0.0	0	3689	0	0
1.0	0.0	0	3690	0	0
1.0	0.0	0	3691	0	0
1.0	0.0	0	3692	0	0
1.0	0.0	0	3693	0	0
1.0	0.0	0	3694	0	0
1.0	0.0	0	3695	0	0
1.0	0.0	0	3696	0	0
1.0	0.0	0	3697	0	0
1.0	0.0	0	3698	0	0
1.0	0.0	0	3699	0	0
1.0	0.0	0	3700	0	0
1.0	0.0	0	3701	0	0
0.9974499747445312	0.00255002525546878	0	3702	0	0
1.0	0.0	0	3703	0	0
0.9974499747445312	0.00255002525546878	0	3704	0	0
0.9701103723385157	0.029889627661484255	0	3705	0	0
0.9935256793656809	0.0064743206343190664	0	3706	0	0
1.0	0.0	0	3707	0	0
0.9935256793656809	0.0064743206343190664	0	3708	0	0
1.0	0.0	0	3709	0	0
1.0	0.0	0	3710	0	0
1.0	0.0	0	3711	0	0
1.0	0.0	0	3712	0	0
1.0	0.0	0	3713	0	0
1.0	0.0	0	3714	0	0
1.0	0.0	0	3715	0	0
1.0	0.0	0	3716	0	0
1.0	0.0	0	3717	0	0
1.0	0.0	0	3718	0	0
0.9650210527041505	0.03497894729584947	0	3719	0	0
1.0	0.0	0	3720	0	0
0.930809045044714	0.06919095495528596	0	3721	0	0
1.0	0.0	0	3722	0	0
1.0	0.0	0	3723	0	0
1.0	0.0	0	3724	0	0
1.0	0.0	0	3725	0	0
1.0	0.0	0	3726	0	0
1.0	0.0	0	3727	0	0
1.0	0.0	0	3728	0	0
1.0	0.0	0	3729	0	0
1.0	0.0	0	3730	0	0
1.0	0.0	0	3731	0	0
1.0	0.0	0	3732	0	0
1.0	0.0	0	3733	0	0
1.0	0.0	0	3734	0	0
1.0	0.0	0	3735	0	0
0.9974557128490755	0.002544287150924423	0	3736	0	0
1.0	0.0	0	3737	0	0
0.9938324103691226	0.006167589630877452	0	3738	0	0
0.9938324103691226	0.006167589630877452	0	3739	0	0
1.0	0.0	0	3740	0	0
1.0	0.0	0	3741	0	0
1.0	0.0	0	3742	0	0
1.0	0.0	0	3743	0	0
1.0	0.0	0	3744	0	0
1.0	0.0	0	3745	0	0
1.0	0.0	0	3746	0	0
1.0	0.0	0	3747	0	0
1.0	0.0	0	3748	0	0
0.9967420522739673	0.0032579477260328326	0	3749	0	0
1.0	0.0	0	3750	0	0
1.0	0.0	0	3751	0	0
1.0	0.0	0	3752	0	0
1.0	0.0	0	3753	0	0
1.0	0.0	0	3754	0	0
1.0	0.0	0	3755	0	0
1.0	0.0	0	3756	0	0
1.0	0.0	0	3757	0	0
1.0	0.0	0	3758	0	0
1.0	0.0	0	3759	0	0
1.0	0.0	0	3760	0	0
1.0	0.0	0	3761	0	0
1.0	0.0	0	3762	0	0
1.0	0.0	0	3763	0	0
0.9774812786398731	0.022518721360126934	0	3764	0	0
1.0	0.0	0	3765	0	0
1.0	0.0	0	3766	0	0
1.0	0.0	0	3767	0	0
1.0	0.0	0	3768	0	0
1.0	0.0	0	3769	0	0
0.9934120655935008	0.006587934406499172	0	3770	0	0
1.0	0.0	0	3771	0	0
0.9901579397529342	0.009842060247065965	0	3772	0	0
1.0	0.0	0	3773	0	0
1.0	0.0	0	3774	0	0
1.0	0.0	0	3775	0	0
1.0	0.0	0	3776	0	0
1.0	0.0	0	3777	0	0
0.9868901407894045	0.01310985921059554	0	3778	1	0
1.0	0.0	0	3779	0	0
1.0	0.0	0	3780	0	0
1.0	0.0	0	3781	0	0
1.0	0.0	0	3782	0	0
1.0	0.0	0	3783	0	0
0.9870398483652878	0.012960151634712404	0	3784	0	0
1.0	0.0	0	3785	0	0
1.0	0.0	0	3786	0	0
1.0	0.0	0	3787	0	0
0.8497122788758292	0.15028772112417055	0	3788	0	0
1.0	0.0	0	3789	0	0
0.997016348773842	0.002983651226158038	0	3790	0	0
1.0	0.0	0	3791	0	0
1.0	0.0	0	3792	0	0
1.0	0.0	0	3793	0	0
0.9938324103691226	0.006167589630877452	0	3794	0	0
1.0	0.0	0	3795	0	0
1.0	0.0	0	3796	0	0
1.0	0.0	0	3797	0	0
1.0	0.0	0	3798	0	0
1.0	0.0	0	3799	0	0
1.0	0.0	0	3800	0	0
1.0	0.0	0	3801	0	0
1.0	0.0	0	3802	0	0
1.0	0.0	0	3803	0	0
0.996703285678455	0.003296714321545021	0	3804	0	0
1.0	0.0	0	3805	0	0
1.0	0.0	0	3806	0	0
1.0	0.0	0	3807	0	0
1.0	0.0	0	3808	0	0
0.9966891483793034	0.003310851620696598	0	3809	0	0
1.0	0.0	0	3810	0	0
1.0	0.0	0	3811	0	0
1.0	0.0	0	3812	0	0
1.0	0.0	0	3813	0	0
1.0	0.0	0	3814	0	0
1.0	0.0	0	3815	0	0
1.0	0.0	0	3816	0	0
0.6179452212595352	0.38205477874046456	0	3817	0	0
1.0	0.0	0	3818	0	0
1.0	0.0	0	3819	0	0
1.0	0.0	0	3820	0	0
1.0	0.0	0	3821	0	0
1.0	0.0	0	3822	0	0
1.0	0.0	0	3823	0	0
1.0	0.0	0	3824	0	0
1.0	0.0	0	3825	0	0
1.0	0.0	0	3826	0	0
1.0	0.0	0	3827	0	0
0.9934364489167092	0.006563551083290644	0	3828	0	0
1.0	0.0	0	3829	0	0
1.0	0.0	0	3830	0	0
1.0	0.0	0	3831	0	0
1.0	0.0	0	3832	0	0
1.0	0.0	0	3833	0	0
1.0	0.0	0	3834	0	0
1.0	0.0	0	3835	0	0
1.0	0.0	0	3836	0	0
1.0	0.0	0	3837	0	0
1.0	0.0	0	3838	0	0
1.0	0.0	0	3839	0	0
1.0	0.0	0	3840	0	0
1.0	0.0	0	3841	0	0
1.0	0.0	0	3842	0	0
1.0	0.0	0	3843	0	0
1.0	0.0	0	3844	0	0
1.0	0.0	0	3845	0	0
0.9934855759536885	0.006514424046311618	0	3846	0	0
1.0	0.0	0	3847	0	0
1.0	0.0	0	3848	0	0
1.0	0.0	0	3849	0	0
1.0	0.0	0	3850	0	0
1.0	0.0	0	3851	0	0
1.0	0.0	0	3852	0	0
1.0	0.0	0	3853	0	0
1.0	0.0	0	3854	0	0
1.0	0.0	0	3855	0	0
1.0	0.0	0	3856	0	0
1.0	0.0	0	3857	0	0
1.0	0.0	0	3858	0	0
1.0	0.0	0	3859	0	0
1.0	0.0	0	3860	0	0
0.9938324103691226	0.006167589630877452	0	3861	0	0
0.7253581536150904	0.2746418463849098	0	3862	1	0
1.0	0.0	0	3863	0	0
1.0	0.0	0	3864	0	0
1.0	0.0	0	3865	0	0
1.0	0.0	0	3866	0	0
1.0	0.0	0	3867	0	0
1.0	0.0	0	3868	0	0
0.9507629101276038	0.04923708987239622	0	3869	0	0
1.0	0.0	0	3870	0	0
1.0	0.0	0	3871	0	0
1.0	0.0	0	3872	0	0
1.0	0.0	0	3873	0	0
0.9411878722727574	0.05881212772724278	0	3874	0	0
1.0	0.0	0	3875	0	0
1.0	0.0	0	3876	0	0
1.0	0.0	0	3877	0	0
1.0	0.0	0	3878	0	0
0.5965459411479144	0.40345405885208546	0	3879	1	0
0.0761501949674146	0.9238498050325858	0	3880	1	1
1.0	0.0	0	3881	0	0
1.0	0.0	0	3882	0	0
1.0	0.0	0	3883	0	0
1.0	0.0	0	3884	0	0
1.0	0.0	0	3885	0	0
1.0	0.0	0	3886	0	0
1.0	0.0	0	3887	0	0
1.0	0.0	0	3888	0	0
1.0	0.0	0	3889	0	0
0.9938324103691226	0.006167589630877452	0	3890	0	0
0.9837250003982164	0.01627499960178356	0	3891	0	0
1.0	0.0	0	3892	0	0
1.0	0.0	0	3893	0	0
1.0	0.0	0	3894	0	0
0.9941928474825924	0.005807152517407476	0	3895	0	0
1.0	0.0	0	3896	0	0
1.0	0.0	0	3897	0	0
1.0	0.0	0	3898	0	0
0.7866205697349348	0.2133794302650651	0	3899	0	0
1.0	0.0	0	3900	0	0
1.0	0.0	0	3901	0	0
1.0	0.0	0	3902	0	0
1.0	0.0	0	3903	0	0
1.0	0.0	0	3904	0	0
1.0	0.0	0	3905	0	0
1.0	0.0	0	3906	0	0
1.0	0.0	0	3907	0	0
1.0	0.0	0	3908	0	0
1.0	0.0	0	3909	0	0
0.10852472035239695	0.8914752796476026	0	3910	1	1
1.0	0.0	0	3911	0	0
1.0	0.0	0	3912	0	0
1.0	0.0	0	3913	0	0
0.931785729827447	0.06821427017255306	0	3914	0	0
1.0	0.0	0	3915	0	0
0.9933864081068547	0.006613591893145237	0	3916	0	0
0.9974499747445312	0.00255002525546878	0	3917	0	0
0.9934413001972915	0.0065586998027084625	0	3918	0	0
1.0	0.0	0	3919	0	0
1.0	0.0	0	3920	0	0
1.0	0.0	0	3921	0	0
1.0	0.0	0	3922	0	0
1.0	0.0	0	3923	0	0
1.0	0.0	0	3924	0	0
1.0	0.0	0	3925	0	0
1.0	0.0	0	3926	0	0
0.9972723496178132	0.002727650382186773	0	3927	0	0
1.0	0.0	0	3928	0	0
1.0	0.0	0	3929	0	0
1.0	0.0	0	3930	0	0
1.0	0.0	0	3931	0	0
1.0	0.0	0	3932	0	0
1.0	0.0	0	3933	0	0
1.0	0.0	0	3934	0	0
1.0	0.0	0	3935	0	0
1.0	0.0	0	3936	0	0
1.0	0.0	0	3937	0	0
1.0	0.0	0	3938	0	0
1.0	0.0	0	3939	0	0
1.0	0.0	0	3940	0	0
0.9945299906036079	0.005470009396392187	0	3941	0	0
1.0	0.0	0	3942	0	0
0.997297286201092	0.0027027137989079106	0	3943	0	0
1.0	0.0	0	3944	0	0
1.0	0.0	0	3945	0	0
1.0	0.0	0	3946	0	0
1.0	0.0	0	3947	0	0
1.0	0.0	0	3948	0	0
0.9967553322496429	0.003244667750357125	0	3949	0	0
1.0	0.0	0	3950	0	0
1.0	0.0	0	3951	0	0
1.0	0.0	0	3952	0	0
1.0	0.0	0	3953	0	0
1.0	0.0	0	3954	0	0
1.0	0.0	0	3955	0	0
1.0	0.0	0	3956	0	0
1.0	0.0	0	3957	0	0
1.0	0.0	0	3958	0	0
1.0	0.0	0	3959	0	0
1.0	0.0	0	3960	0	0
1.0	0.0	0	3961	0	0
1.0	0.0	0	3962	0	0
1.0	0.0	0	3963	0	0
1.0	0.0	0	3964	0	0
1.0	0.0	0	3965	0	0
1.0	0.0	0	3966	0	0
1.0	0.0	0	3967	0	0
1.0	0.0	0	3968	0	0
1.0	0.0	0	3969	0	0
1.0	0.0	0	3970	0	0
1.0	0.0	0	3971	0	0
1.0	0.0	0	3972	0	0
1.0	0.0	0	3973	0	0
0.9973921861019983	0.002607813898001792	0	3974	0	0
1.0	0.0	0	3975	0	0
1.0	0.0	0	3976	0	0
1.0	0.0	0	3977	0	0
1.0	0.0	0	3978	0	0
1.0	0.0	0	3979	0	0
0.9973921861019983	0.002607813898001792	0	3980	0	0
1.0	0.0	0	3981	0	0
1.0	0.0	0	3982	0	0
1.0	0.0	0	3983	0	0
1.0	0.0	0	3984	0	0
1.0	0.0	0	3985	0	0
1.0	0.0	0	3986	0	0
1.0	0.0	0	3987	0	0
1.0	0.0	0	3988	0	0
1.0	0.0	0	3989	0	0
1.0	0.0	0	3990	0	0
1.0	0.0	0	3991	0	0
1.0	0.0	0	3992	0	0
1.0	0.0	0	3993	0	0
1.0	0.0	0	3994	0	0
1.0	0.0	0	3995	0	0
1.0	0.0	0	3996	0	0
1.0	0.0	0	3997	0	0
1.0	0.0	0	3998	0	0
1.0	0.0	0	3999	0	0
1.0	0.0	0	4000	0	0
1.0	0.0	0	4001	0	0
1.0	0.0	0	4002	0	0
1.0	0.0	0	4003	0	0
1.0	0.0	0	4004	0	0
1.0	0.0	0	4005	0	0
1.0	0.0	0	4006	0	0
1.0	0.0	0	4007	0	0
1.0	0.0	0	4008	0	0
1.0	0.0	0	4009	0	0
1.0	0.0	0	4010	0	0
1.0	0.0	0	4011	0	0
1.0	0.0	0	4012	0	0
1.0	0.0	0	4013	0	0
1.0	0.0	0	4014	0	0
1.0	0.0	0	4015	0	0
1.0	0.0	0	4016	0	0
0.9801398133905023	0.019860186609497673	0	4017	0	0
0.996782791905532	0.003217208094468127	0	4018	0	0
0.8389859910892641	0.16101400891073592	0	4019	0	0
1.0	0.0	0	4020	0	0
1.0	0.0	0	4021	0	0
1.0	0.0	0	4022	0	0
0.9800983050229236	0.01990169497707653	0	4023	0	0
1.0	0.0	0	4024	0	0
1.0	0.0	0	4025	0	0
1.0	0.0	0	4026	0	0
1.0	0.0	0	4027	0	0
1.0	0.0	0	4028	0	0
0.9835500674600507	0.016449932539949377	0	4029	0	0
0.132680968711991	0.867319031288009	0	4030	1	1
1.0	0.0	0	4031	0	0
1.0	0.0	0	4032	0	0
1.0	0.0	0	4033	0	0
1.0	0.0	0	4034	0	0
0.9836102467313849	0.016389753268615127	0	4035	0	0
1.0	0.0	0	4036	0	0
1.0	0.0	0	4037	0	0
1.0	0.0	0	4038	0	0
1.0	0.0	0	4039	0	0
1.0	0.0	0	4040	0	0
1.0	0.0	0	4041	0	0
1.0	0.0	0	4042	0	0
1.0	0.0	0	4043	0	0
1.0	0.0	0	4044	0	0
0.24415164487244634	0.7558483551275543	0	4045	1	1
0.1606880839098967	0.8393119160901034	0	4046	1	1
1.0	0.0	0	4047	0	0
1.0	0.0	0	4048	0	0
0.9509286364960525	0.04907136350394752	0	4049	0	0
0.9938324103691226	0.006167589630877452	0	4050	0	0
0.26863290359106756	0.7313670964089326	0	4051	1	1
1.0	0.0	0	4052	0	0
1.0	0.0	0	4053	0	0
1.0	0.0	0	4054	0	0
1.0	0.0	0	4055	0	0
0.9967022824178581	0.0032977175821419613	0	4056	0	0
1.0	0.0	0	4057	0	0
1.0	0.0	0	4058	0	0
1.0	0.0	0	4059	0	0
1.0	0.0	0	4060	0	0
0.9915076625557454	0.008492337444254433	0	4061	0	0
1.0	0.0	0	4062	0	0
1.0	0.0	0	4063	0	0
0.9967067850157965	0.0032932149842034002	0	4064	0	0
1.0	0.0	0	4065	0	0
1.0	0.0	0	4066	0	0
1.0	0.0	0	4067	0	0
1.0	0.0	0	4068	0	0
0.9790777596216222	0.020922240378377956	0	4069	0	0
1.0	0.0	0	4070	0	0
1.0	0.0	0	4071	0	0
1.0	0.0	0	4072	0	0
1.0	0.0	0	4073	0	0
1.0	0.0	0	4074	0	0
1.0	0.0	0	4075	0	0
1.0	0.0	0	4076	0	0
1.0	0.0	0	4077	0	0
1.0	0.0	0	4078	0	0
1.0	0.0	0	4079	0	0
1.0	0.0	0	4080	0	0
1.0	0.0	0	4081	0	0
1.0	0.0	0	4082	0	0
1.0	0.0	0	4083	0	0
1.0	0.0	0	4084	0	0
1.0	0.0	0	4085	0	0
1.0	0.0	0	4086	0	0
1.0	0.0	0	4087	0	0
1.0	0.0	0	4088	0	0
1.0	0.0	0	4089	0	0
1.0	0.0	0	4090	0	0
1.0	0.0	0	4091	0	0
1.0	0.0	0	4092	0	0
1.0	0.0	0	4093	0	0
1.0	0.0	0	4094	0	0
1.0	0.0	0	4095	0	0
1.0	0.0	0	4096	0	0
0.9879779415281281	0.012022058471871832	0	4097	0	0
1.0	0.0	0	4098	0	0
1.0	0.0	0	4099	0	0
1.0	0.0	0	4100	0	0
1.0	0.0	0	4101	0	0
1.0	0.0	0	4102	0	0
1.0	0.0	0	4103	0	0
1.0	0.0	0	4104	0	0
1.0	0.0	0	4105	0	0
1.0	0.0	0	4106	0	0
1.0	0.0	0	4107	0	0
1.0	0.0	0	4108	0	0
1.0	0.0	0	4109	0	0
1.0	0.0	0	4110	0	0
1.0	0.0	0	4111	0	0
1.0	0.0	0	4112	0	0
1.0	0.0	0	4113	0	0
1.0	0.0	0	4114	0	0
1.0	0.0	0	4115	0	0
1.0	0.0	0	4116	0	0
1.0	0.0	0	4117	0	0
1.0	0.0	0	4118	0	0
1.0	0.0	0	4119	0	0
1.0	0.0	0	4120	0	0
1.0	0.0	0	4121	0	0
1.0	0.0	0	4122	0	0
1.0	0.0	0	4123	0	0
1.0	0.0	0	4124	0	0
1.0	0.0	0	4125	0	0
0.9992912875967235	0.0007087124032764601	0	4126	0	0
1.0	0.0	0	4127	0	0
1.0	0.0	0	4128	0	0
1.0	0.0	0	4129	0	0
1.0	0.0	0	4130	0	0
1.0	0.0	0	4131	0	0
1.0	0.0	0	4132	0	0
1.0	0.0	0	4133	0	0
1.0	0.0	0	4134	0	0
1.0	0.0	0	4135	0	0
1.0	0.0	0	4136	0	0
1.0	0.0	0	4137	0	0
1.0	0.0	0	4138	0	0
1.0	0.0	0	4139	0	0
1.0	0.0	0	4140	0	0
1.0	0.0	0	4141	0	0
1.0	0.0	0	4142	0	0
1.0	0.0	0	4143	0	0
0.9968489208633093	0.0031510791366906477	0	4144	0	0
0.9968489208633093	0.0031510791366906477	0	4145	0	0
1.0	0.0	0	4146	0	0
1.0	0.0	0	4147	0	0
1.0	0.0	0	4148	0	0
1.0	0.0	0	4149	0	0
1.0	0.0	0	4150	0	0
1.0	0.0	0	4151	0	0
1.0	0.0	0	4152	0	0
1.0	0.0	0	4153	0	0
1.0	0.0	0	4154	0	0
1.0	0.0	0	4155	0	0
1.0	0.0	0	4156	0	0
1.0	0.0	0	4157	0	0
1.0	0.0	0	4158	0	0
1.0	0.0	0	4159	0	0
1.0	0.0	0	4160	0	0
1.0	0.0	0	4161	0	0
1.0	0.0	0	4162	0	0
1.0	0.0	0	4163	0	0
1.0	0.0	0	4164	0	0
1.0	0.0	0	4165	0	0
1.0	0.0	0	4166	0	0
1.0	0.0	0	4167	0	0
1.0	0.0	0	4168	0	0
1.0	0.0	0	4169	0	0
1.0	0.0	0	4170	0	0
1.0	0.0	0	4171	0	0
1.0	0.0	0	4172	0	0
1.0	0.0	0	4173	0	0
1.0	0.0	0	4174	0	0
1.0	0.0	0	4175	0	0
0.9977715717138892	0.0022284282861108266	0	4176	0	0
1.0	0.0	0	4177	0	0
1.0	0.0	0	4178	0	0
1.0	0.0	0	4179	0	0
1.0	0.0	0	4180	0	0
1.0	0.0	0	4181	0	0
1.0	0.0	0	4182	0	0
1.0	0.0	0	4183	0	0
0.8718314674527522	0.12816853254724778	0	4184	0	0
1.0	0.0	0	4185	0	0
1.0	0.0	0	4186	0	0
1.0	0.0	0	4187	0	0
1.0	0.0	0	4188	0	0
1.0	0.0	0	4189	0	0
1.0	0.0	0	4190	0	0
1.0	0.0	0	4191	0	0
1.0	0.0	0	4192	0	0
1.0	0.0	0	4193	0	0
1.0	0.0	0	4194	0	0
1.0	0.0	0	4195	0	0
1.0	0.0	0	4196	0	0
1.0	0.0	0	4197	0	0
1.0	0.0	0	4198	0	0
1.0	0.0	0	4199	0	0
1.0	0.0	0	4200	0	0
1.0	0.0	0	4201	0	0
1.0	0.0	0	4202	0	0
1.0	0.0	0	4203	0	0
1.0	0.0	0	4204	0	0
1.0	0.0	0	4205	0	0
1.0	0.0	0	4206	0	0
1.0	0.0	0	4207	0	0
1.0	0.0	0	4208	0	0
1.0	0.0	0	4209	0	0
1.0	0.0	0	4210	0	0
0.9912881232181981	0.008711876781801875	0	4211	0	0
1.0	0.0	0	4212	0	0
1.0	0.0	0	4213	0	0
1.0	0.0	0	4214	0	0
0.9968234155781325	0.0031765844218674404	0	4215	0	0
1.0	0.0	0	4216	0	0
1.0	0.0	0	4217	0	0
1.0	0.0	0	4218	0	0
1.0	0.0	0	4219	0	0
1.0	0.0	0	4220	0	0
1.0	0.0	0	4221	0	0
1.0	0.0	0	4222	0	0
1.0	0.0	0	4223	0	0
1.0	0.0	0	4224	0	0
1.0	0.0	0	4225	0	0
0.9974557128490755	0.002544287150924423	0	4226	0	0
1.0	0.0	0	4227	0	0
1.0	0.0	0	4228	0	0
1.0	0.0	0	4229	0	0
0.9901188250405333	0.009881174959466816	0	4230	0	0
1.0	0.0	0	4231	0	0
1.0	0.0	0	4232	0	0
1.0	0.0	0	4233	0	0
1.0	0.0	0	4234	0	0
1.0	0.0	0	4235	0	0
0.9977536602846321	0.002246339715368076	0	4236	0	0
1.0	0.0	0	4237	0	0
1.0	0.0	0	4238	0	0
1.0	0.0	0	4239	0	0
1.0	0.0	0	4240	0	0
1.0	0.0	0	4241	0	0
1.0	0.0	0	4242	0	0
0.9846218800401588	0.015378119959841226	0	4243	0	0
1.0	0.0	0	4244	0	0
0.9934952246405624	0.006504775359437773	0	4245	0	0
1.0	0.0	0	4246	0	0
1.0	0.0	0	4247	0	0
1.0	0.0	0	4248	0	0
1.0	0.0	0	4249	0	0
0.9875145110017868	0.012485488998213248	0	4250	0	0
1.0	0.0	0	4251	0	0
1.0	0.0	0	4252	0	0
1.0	0.0	0	4253	0	0
1.0	0.0	0	4254	0	0
1.0	0.0	0	4255	0	0
1.0	0.0	0	4256	0	0
0.9802418915659581	0.019758108434041795	0	4257	0	0
1.0	0.0	0	4258	0	0
1.0	0.0	0	4259	0	0
1.0	0.0	0	4260	0	0
1.0	0.0	0	4261	0	0
1.0	0.0	0	4262	0	0
1.0	0.0	0	4263	0	0
0.9938324103691226	0.006167589630877452	0	4264	0	0
1.0	0.0	0	4265	0	0
1.0	0.0	0	4266	0	0
1.0	0.0	0	4267	0	0
1.0	0.0	0	4268	0	0
1.0	0.0	0	4269	0	0
1.0	0.0	0	4270	0	0
1.0	0.0	0	4271	0	0
1.0	0.0	0	4272	0	0
1.0	0.0	0	4273	0	0
1.0	0.0	0	4274	0	0
1.0	0.0	0	4275	0	0
1.0	0.0	0	4276	0	0
1.0	0.0	0	4277	0	0
1.0	0.0	0	4278	0	0
1.0	0.0	0	4279	0	0
1.0	0.0	0	4280	0	0
1.0	0.0	0	4281	0	0
0.9011645287034423	0.09883547129655743	0	4282	0	0
1.0	0.0	0	4283	0	0
1.0	0.0	0	4284	0	0
1.0	0.0	0	4285	0	0
1.0	0.0	0	4286	0	0
1.0	0.0	0	4287	0	0
1.0	0.0	0	4288	0	0
0.8022286816868606	0.19777131831313918	0	4289	0	0
1.0	0.0	0	4290	0	0
1.0	0.0	0	4291	0	0
1.0	0.0	0	4292	0	0
1.0	0.0	0	4293	0	0
1.0	0.0	0	4294	0	0
0.996992387906555	0.0030076120934450093	0	4295	0	0
1.0	0.0	0	4296	0	0
1.0	0.0	0	4297	0	0
1.0	0.0	0	4298	0	0
1.0	0.0	0	4299	0	0
1.0	0.0	0	4300	0	0
1.0	0.0	0	4301	0	0
1.0	0.0	0	4302	0	0
1.0	0.0	0	4303	0	0
1.0	0.0	0	4304	0	0
1.0	0.0	0	4305	0	0
1.0	0.0	0	4306	0	0
1.0	0.0	0	4307	0	0
0.9938324103691226	0.006167589630877452	0	4308	0	0
1.0	0.0	0	4309	0	0
1.0	0.0	0	4310	0	0
1.0	0.0	0	4311	0	0
1.0	0.0	0	4312	0	0
0.9875345393937895	0.012465460606210555	0	4313	0	0
1.0	0.0	0	4314	0	0
1.0	0.0	0	4315	0	0
1.0	0.0	0	4316	0	0
1.0	0.0	0	4317	0	0
1.0	0.0	0	4318	0	0
1.0	0.0	0	4319	0	0
1.0	0.0	0	4320	0	0
1.0	0.0	0	4321	0	0
0.9879440639858493	0.012055936014150703	0	4322	0	0
1.0	0.0	0	4323	0	0
1.0	0.0	0	4324	0	0
1.0	0.0	0	4325	0	0
1.0	0.0	0	4326	0	0
1.0	0.0	0	4327	0	0
1.0	0.0	0	4328	0	0
1.0	0.0	0	4329	0	0
1.0	0.0	0	4330	0	0
1.0	0.0	0	4331	0	0
1.0	0.0	0	4332	0	0
1.0	0.0	0	4333	0	0
1.0	0.0	0	4334	0	0
1.0	0.0	0	4335	0	0
1.0	0.0	0	4336	0	0
1.0	0.0	0	4337	0	0
1.0	0.0	0	4338	0	0
1.0	0.0	0	4339	0	0
1.0	0.0	0	4340	0	0
1.0	0.0	0	4341	0	0
1.0	0.0	0	4342	0	0
0.9058854005039133	0.09411459949608678	0	4343	0	0
0.9909603609422187	0.009039639057781065	0	4344	0	0
0.9974557128490755	0.002544287150924423	0	4345	0	0
1.0	0.0	0	4346	0	0
1.0	0.0	0	4347	0	0
1.0	0.0	0	4348	0	0
0.9966786237558733	0.003321376244126712	0	4349	0	0
1.0	0.0	0	4350	0	0
1.0	0.0	0	4351	0	0
1.0	0.0	0	4352	0	0
1.0	0.0	0	4353	0	0
1.0	0.0	0	4354	0	0
1.0	0.0	0	4355	0	0
1.0	0.0	0	4356	0	0
1.0	0.0	0	4357	0	0
1.0	0.0	0	4358	0	0
1.0	0.0	0	4359	0	0
1.0	0.0	0	4360	0	0
1.0	0.0	0	4361	0	0
1.0	0.0	0	4362	0	0
1.0	0.0	0	4363	0	0
1.0	0.0	0	4364	0	0
1.0	0.0	0	4365	0	0
1.0	0.0	0	4366	0	0
1.0	0.0	0	4367	0	0
1.0	0.0	0	4368	0	0
1.0	0.0	0	4369	0	0
1.0	0.0	0	4370	0	0
1.0	0.0	0	4371	0	0
1.0	0.0	0	4372	0	0
1.0	0.0	0	4373	0	0
1.0	0.0	0	4374	0	0
1.0	0.0	0	4375	0	0
1.0	0.0	0	4376	0	0
1.0	0.0	0	4377	0	0
1.0	0.0	0	4378	0	0
1.0	0.0	0	4379	0	0
1.0	0.0	0	4380	0	0
1.0	0.0	0	4381	0	0
1.0	0.0	0	4382	0	0
1.0	0.0	0	4383	0	0
1.0	0.0	0	4384	0	0
1.0	0.0	0	4385	0	0
1.0	0.0	0	4386	0	0
1.0	0.0	0	4387	0	0
1.0	0.0	0	4388	0	0
1.0	0.0	0	4389	0	0
1.0	0.0	0	4390	0	0
1.0	0.0	0	4391	0	0
0.9913339416310211	0.008666058368979037	0	4392	0	0
1.0	0.0	0	4393	0	0
1.0	0.0	0	4394	0	0
1.0	0.0	0	4395	0	0
1.0	0.0	0	4396	0	0
1.0	0.0	0	4397	0	0
1.0	0.0	0	4398	0	0
1.0	0.0	0	4399	0	0
1.0	0.0	0	4400	0	0
1.0	0.0	0	4401	0	0
1.0	0.0	0	4402	0	0
1.0	0.0	0	4403	0	0
1.0	0.0	0	4404	0	0
1.0	0.0	0	4405	0	0
1.0	0.0	0	4406	0	0
1.0	0.0	0	4407	0	0
1.0	0.0	0	4408	0	0
1.0	0.0	0	4409	0	0
0.9966757699893795	0.003324230010620543	0	4410	0	0
0.9966757699893795	0.003324230010620543	0	4411	0	0
1.0	0.0	0	4412	0	0
1.0	0.0	0	4413	0	0
1.0	0.0	0	4414	0	0
1.0	0.0	0	4415	0	0
1.0	0.0	0	4416	0	0
1.0	0.0	0	4417	0	0
1.0	0.0	0	4418	0	0
1.0	0.0	0	4419	0	0
1.0	0.0	0	4420	0	0
1.0	0.0	0	4421	0	0
1.0	0.0	0	4422	0	0
0.9966863427677716	0.003313657232228445	0	4423	0	0
1.0	0.0	0	4424	0	0
1.0	0.0	0	4425	0	0
1.0	0.0	0	4426	0	0
1.0	0.0	0	4427	0	0
1.0	0.0	0	4428	0	0
1.0	0.0	0	4429	0	0
1.0	0.0	0	4430	0	0
0.9934643258611053	0.006535674138894582	0	4431	0	0
0.9934643258611053	0.006535674138894582	0	4432	0	0
1.0	0.0	0	4433	0	0
1.0	0.0	0	4434	0	0
1.0	0.0	0	4435	0	0
1.0	0.0	0	4436	0	0
0.741204788194269	0.2587952118057307	0	4437	0	0
1.0	0.0	0	4438	0	0
1.0	0.0	0	4439	0	0
1.0	0.0	0	4440	0	0
1.0	0.0	0	4441	0	0
1.0	0.0	0	4442	0	0
1.0	0.0	0	4443	0	0
1.0	0.0	0	4444	0	0
1.0	0.0	0	4445	0	0
0.9933936512621379	0.006606348737862096	0	4446	0	0
1.0	0.0	0	4447	0	0
1.0	0.0	0	4448	0	0
1.0	0.0	0	4449	0	0
1.0	0.0	0	4450	0	0
1.0	0.0	0	4451	0	0
1.0	0.0	0	4452	0	0
1.0	0.0	0	4453	0	0
1.0	0.0	0	4454	0	0
1.0	0.0	0	4455	0	0
1.0	0.0	0	4456	0	0
1.0	0.0	0	4457	0	0
0.977022326298647	0.022977673701352955	0	4458	0	0
1.0	0.0	0	4459	0	0
1.0	0.0	0	4460	0	0
1.0	0.0	0	4461	0	0
1.0	0.0	0	4462	0	0
1.0	0.0	0	4463	0	0
1.0	0.0	0	4464	0	0
1.0	0.0	0	4465	0	0
1.0	0.0	0	4466	0	0
0.9847380338791857	0.01526196612081443	0	4467	0	0
1.0	0.0	0	4468	0	0
1.0	0.0	0	4469	0	0
1.0	0.0	0	4470	0	0
1.0	0.0	0	4471	0	0
1.0	0.0	0	4472	0	0
1.0	0.0	0	4473	0	0
1.0	0.0	0	4474	0	0
1.0	0.0	0	4475	0	0
1.0	0.0	0	4476	0	0
1.0	0.0	0	4477	0	0
0.9967037761396117	0.0032962238603881453	0	4478	0	0
1.0	0.0	0	4479	0	0
1.0	0.0	0	4480	0	0
0.9992912875967235	0.0007087124032764601	0	4481	0	0
1.0	0.0	0	4482	0	0
0.9992912875967235	0.0007087124032764601	0	4483	0	0
0.963814044963811	0.03618595503618912	0	4484	0	0
1.0	0.0	0	4485	0	0
1.0	0.0	0	4486	0	0
1.0	0.0	0	4487	0	0
1.0	0.0	0	4488	0	0
1.0	0.0	0	4489	0	0
0.9902430190128956	0.009756980987104511	0	4490	0	0
1.0	0.0	0	4491	0	0
1.0	0.0	0	4492	0	0
1.0	0.0	0	4493	0	0
1.0	0.0	0	4494	0	0
1.0	0.0	0	4495	0	0
1.0	0.0	0	4496	0	0
1.0	0.0	0	4497	0	0
1.0	0.0	0	4498	0	0
1.0	0.0	0	4499	0	0
1.0	0.0	0	4500	0	0
0.9903551204928934	0.009644879507106397	0	4501	0	0
1.0	0.0	0	4502	0	0
1.0	0.0	0	4503	0	0
1.0	0.0	0	4504	0	0
1.0	0.0	0	4505	0	0
1.0	0.0	0	4506	0	0
1.0	0.0	0	4507	0	0
1.0	0.0	0	4508	0	0
1.0	0.0	0	4509	0	0
1.0	0.0	0	4510	0	0
1.0	0.0	0	4511	0	0
1.0	0.0	0	4512	0	0
1.0	0.0	0	4513	0	0
1.0	0.0	0	4514	0	0
0.9967827919055318	0.0032172080944681282	0	4515	0	0
1.0	0.0	0	4516	0	0
1.0	0.0	0	4517	0	0
1.0	0.0	0	4518	0	0
1.0	0.0	0	4519	0	0
1.0	0.0	0	4520	0	0
1.0	0.0	0	4521	0	0
1.0	0.0	0	4522	0	0
1.0	0.0	0	4523	0	0
1.0	0.0	0	4524	0	0
1.0	0.0	0	4525	0	0
1.0	0.0	0	4526	0	0
1.0	0.0	0	4527	0	0
1.0	0.0	0	4528	0	0
1.0	0.0	0	4529	0	0
1.0	0.0	0	4530	0	0
1.0	0.0	0	4531	0	0
0.8153385661369009	0.18466143386309958	0	4532	0	0
0.9735300713293404	0.026469928670659594	0	4533	0	0
0.9934226706424295	0.006577329357570374	0	4534	0	0
1.0	0.0	0	4535	0	0
0.9967449930596867	0.0032550069403133055	0	4536	0	0
1.0	0.0	0	4537	0	0
1.0	0.0	0	4538	0	0
0.9934573080835143	0.006542691916485866	0	4539	0	0
1.0	0.0	0	4540	0	0
0.01610578627310535	0.9838942137268943	0	4541	1	1
0.983980586098134	0.016019413901866078	0	4542	0	0
1.0	0.0	0	4543	0	0
1.0	0.0	0	4544	0	0
0.9802489729885941	0.019751027011405884	0	4545	0	0
1.0	0.0	0	4546	0	0
0.9966820322930048	0.0033179677069951384	0	4547	0	0
1.0	0.0	0	4548	0	0
0.9966922459624837	0.0033077540375163004	0	4549	0	0
0.9967027731808836	0.0032972268191163935	0	4550	0	0
1.0	0.0	0	4551	0	0
1.0	0.0	0	4552	0	0
1.0	0.0	0	4553	0	0
1.0	0.0	0	4554	0	0
1.0	0.0	0	4555	0	0
1.0	0.0	0	4556	0	0
1.0	0.0	0	4557	0	0
1.0	0.0	0	4558	0	0
1.0	0.0	0	4559	0	0
1.0	0.0	0	4560	0	0
0.9992912875967235	0.0007087124032764601	0	4561	0	0
1.0	0.0	0	4562	0	0
1.0	0.0	0	4563	0	0
1.0	0.0	0	4564	0	0
0.9869388502712824	0.013061149728717454	0	4565	0	0
0.9869388502712824	0.013061149728717454	0	4566	0	0
1.0	0.0	0	4567	0	0
0.9974557128490755	0.002544287150924423	0	4568	0	0
1.0	0.0	0	4569	0	0
1.0	0.0	0	4570	0	0
1.0	0.0	0	4571	0	0
1.0	0.0	0	4572	0	0
1.0	0.0	0	4573	0	0
1.0	0.0	0	4574	0	0
1.0	0.0	0	4575	0	0
1.0	0.0	0	4576	0	0
1.0	0.0	0	4577	0	0
1.0	0.0	0	4578	0	0
1.0	0.0	0	4579	0	0
1.0	0.0	0	4580	0	0
1.0	0.0	0	4581	0	0
1.0	0.0	0	4582	0	0
1.0	0.0	0	4583	0	0
1.0	0.0	0	4584	0	0
1.0	0.0	0	4585	0	0
1.0	0.0	0	4586	0	0
1.0	0.0	0	4587	0	0
1.0	0.0	0	4588	0	0
1.0	0.0	0	4589	0	0
1.0	0.0	0	4590	0	0
1.0	0.0	0	4591	0	0
1.0	0.0	0	4592	0	0
1.0	0.0	0	4593	0	0
0.9977536602846321	0.002246339715368076	0	4594	0	0
1.0	0.0	0	4595	0	0
0.9116103830193873	0.08838961698061278	0	4596	0	0
0.9934201064444346	0.006579893555565303	0	4597	0	0
1.0	0.0	0	4598	0	0
0.9835900828913229	0.016409917108677133	0	4599	0	0
1.0	0.0	0	4600	0	0
1.0	0.0	0	4601	0	0
1.0	0.0	0	4602	0	0
1.0	0.0	0	4603	0	0
1.0	0.0	0	4604	0	0
0.8452140181403678	0.15478598185963197	0	4605	0	0
1.0	0.0	0	4606	0	0
1.0	0.0	0	4607	0	0
1.0	0.0	0	4608	0	0
1.0	0.0	0	4609	0	0
1.0	0.0	0	4610	0	0
1.0	0.0	0	4611	0	0
1.0	0.0	0	4612	0	0
0.9967410492908857	0.003258950709114351	0	4613	0	0
1.0	0.0	0	4614	0	0
1.0	0.0	0	4615	0	0
1.0	0.0	0	4616	0	0
0.9992912875967235	0.0007087124032764601	0	4617	0	0
0.9992912875967235	0.0007087124032764601	0	4618	0	0
1.0	0.0	0	4619	0	0
1.0	0.0	0	4620	0	0
0.48076764380969383	0.5192323561903063	0	4621	1	1
0.9933863404721107	0.006613659527889249	0	4622	0	0
1.0	0.0	0	4623	0	0
1.0	0.0	0	4624	0	0
1.0	0.0	0	4625	0	0
1.0	0.0	0	4626	0	0
1.0	0.0	0	4627	0	0
1.0	0.0	0	4628	0	0
1.0	0.0	0	4629	0	0
0.9968042913662952	0.0031957086337047022	0	4630	0	0
1.0	0.0	0	4631	0	0
0.996680769618213	0.0033192303817870454	0	4632	0	0
1.0	0.0	0	4633	0	0
1.0	0.0	0	4634	0	0
1.0	0.0	0	4635	0	0
1.0	0.0	0	4636	0	0
0.2475944336248364	0.7524055663751636	0	4637	1	1
1.0	0.0	0	4638	0	0
1.0	0.0	0	4639	0	0
1.0	0.0	0	4640	0	0
0.29569667440078284	0.704303325599217	0	4641	1	1
1.0	0.0	0	4642	0	0
1.0	0.0	0	4643	0	0
1.0	0.0	0	4644	0	0
1.0	0.0	0	4645	0	0
1.0	0.0	0	4646	0	0
1.0	0.0	0	4647	0	0
0.9974518242797876	0.0025481757202124775	0	4648	0	0
1.0	0.0	0	4649	0	0
1.0	0.0	0	4650	0	0
1.0	0.0	0	4651	0	0
1.0	0.0	0	4652	0	0
1.0	0.0	0	4653	0	0
1.0	0.0	0	4654	0	0
1.0	0.0	0	4655	0	0
1.0	0.0	0	4656	0	0
1.0	0.0	0	4657	0	0
1.0	0.0	0	4658	0	0
1.0	0.0	0	4659	0	0
1.0	0.0	0	4660	0	0
1.0	0.0	0	4661	0	0
1.0	0.0	0	4662	0	0
1.0	0.0	0	4663	0	0
1.0	0.0	0	4664	0	0
0.98347160975611	0.016528390243889995	0	4665	0	0
0.9970909573057545	0.002909042694245558	0	4666	0	0
1.0	0.0	0	4667	0	0
1.0	0.0	0	4668	0	0
1.0	0.0	0	4669	0	0
1.0	0.0	0	4670	0	0
1.0	0.0	0	4671	0	0
1.0	0.0	0	4672	0	0
1.0	0.0	0	4673	0	0
1.0	0.0	0	4674	0	0
1.0	0.0	0	4675	0	0
1.0	0.0	0	4676	0	0
1.0	0.0	0	4677	0	0
1.0	0.0	0	4678	0	0
1.0	0.0	0	4679	0	0
1.0	0.0	0	4680	0	0
1.0	0.0	0	4681	0	0
1.0	0.0	0	4682	0	0
0.9992912875967235	0.0007087124032764601	0	4683	0	0
0.997016348773842	0.002983651226158038	0	4684	0	0
0.9992912875967235	0.0007087124032764601	0	4685	0	0
1.0	0.0	0	4686	0	0
1.0	0.0	0	4687	0	0
1.0	0.0	0	4688	0	0
1.0	0.0	0	4689	0	0
1.0	0.0	0	4690	0	0
1.0	0.0	0	4691	0	0
1.0	0.0	0	4692	0	0
1.0	0.0	0	4693	0	0
1.0	0.0	0	4694	0	0
1.0	0.0	0	4695	0	0
1.0	0.0	0	4696	0	0
1.0	0.0	0	4697	0	0
1.0	0.0	0	4698	0	0
1.0	0.0	0	4699	0	0
1.0	0.0	0	4700	0	0
1.0	0.0	0	4701	0	0
1.0	0.0	0	4702	0	0
1.0	0.0	0	4703	0	0
0.9992912875967235	0.0007087124032764601	0	4704	0	0
0.9992912875967235	0.0007087124032764601	0	4705	0	0
1.0	0.0	0	4706	0	0
1.0	0.0	0	4707	0	0
1.0	0.0	0	4708	0	0
1.0	0.0	0	4709	0	0
1.0	0.0	0	4710	0	0
1.0	0.0	0	4711	0	0
1.0	0.0	0	4712	0	0
1.0	0.0	0	4713	0	0
1.0	0.0	0	4714	0	0
1.0	0.0	0	4715	0	0
1.0	0.0	0	4716	0	0
1.0	0.0	0	4717	0	0
1.0	0.0	0	4718	0	0
1.0	0.0	0	4719	0	0
1.0	0.0	0	4720	0	0
1.0	0.0	0	4721	0	0
1.0	0.0	0	4722	0	0
1.0	0.0	0	4723	0	0
1.0	0.0	0	4724	0	0
1.0	0.0	0	4725	0	0
1.0	0.0	0	4726	0	0
1.0	0.0	0	4727	0	0
1.0	0.0	0	4728	0	0
1.0	0.0	0	4729	0	0
1.0	0.0	0	4730	0	0
1.0	0.0	0	4731	0	0
1.0	0.0	0	4732	0	0
1.0	0.0	0	4733	0	0
1.0	0.0	0	4734	0	0
1.0	0.0	0	4735	0	0
1.0	0.0	0	4736	0	0
1.0	0.0	0	4737	0	0
1.0	0.0	0	4738	0	0
1.0	0.0	0	4739	0	0
1.0	0.0	0	4740	0	0
1.0	0.0	0	4741	0	0
1.0	0.0	0	4742	0	0
1.0	0.0	0	4743	0	0
1.0	0.0	0	4744	0	0
0.9670433548361048	0.03295664516389512	0	4745	0	0
1.0	0.0	0	4746	0	0
1.0	0.0	0	4747	0	0
1.0	0.0	0	4748	0	0
1.0	0.0	0	4749	0	0
0.9967037873087535	0.0032962126912465515	0	4750	0	0
1.0	0.0	0	4751	0	0
1.0	0.0	0	4752	0	0
1.0	0.0	0	4753	0	0
1.0	0.0	0	4754	0	0
1.0	0.0	0	4755	0	0
1.0	0.0	0	4756	0	0
1.0	0.0	0	4757	0	0
1.0	0.0	0	4758	0	0
1.0	0.0	0	4759	0	0
1.0	0.0	0	4760	0	0
1.0	0.0	0	4761	0	0
1.0	0.0	0	4762	0	0
1.0	0.0	0	4763	0	0
1.0	0.0	0	4764	0	0
1.0	0.0	0	4765	0	0
1.0	0.0	0	4766	0	0
1.0	0.0	0	4767	0	0
1.0	0.0	0	4768	0	0
1.0	0.0	0	4769	0	0
1.0	0.0	0	4770	0	0
1.0	0.0	0	4771	0	0
0.9902445077335301	0.0097554922664698	0	4772	0	0
0.9895357953302537	0.01046420466974626	0	4773	0	0
1.0	0.0	0	4774	0	0
1.0	0.0	0	4775	0	0
1.0	0.0	0	4776	0	0
1.0	0.0	0	4777	0	0
1.0	0.0	0	4778	0	0
1.0	0.0	0	4779	0	0
1.0	0.0	0	4780	0	0
1.0	0.0	0	4781	0	0
1.0	0.0	0	4782	0	0
1.0	0.0	0	4783	0	0
1.0	0.0	0	4784	0	0
1.0	0.0	0	4785	0	0
1.0	0.0	0	4786	0	0
1.0	0.0	0	4787	0	0
1.0	0.0	0	4788	0	0
1.0	0.0	0	4789	0	0
1.0	0.0	0	4790	0	0
0.9178029483310562	0.08219705166894357	0	4791	0	0
0.9934408127208482	0.006559187279151943	0	4792	0	0
1.0	0.0	0	4793	0	0
0.9934408127208482	0.006559187279151943	0	4794	0	0
0.9934408127208482	0.006559187279151943	0	4795	0	0
0.9934408127208482	0.006559187279151943	0	4796	0	0
0.9967381165029274	0.0032618834970725413	0	4797	0	0
0.8615246664946121	0.13847533350538782	0	4798	0	0
0.9967098068723351	0.003290193127664911	0	4799	0	0
1.0	0.0	0	4800	0	0
0.9768525179640183	0.023147482035981676	0	4801	0	0
0.9870375161653865	0.012962483834613554	0	4802	0	0
1.0	0.0	0	4803	0	0
1.0	0.0	0	4804	0	0
1.0	0.0	0	4805	0	0
1.0	0.0	0	4806	0	0
1.0	0.0	0	4807	0	0
1.0	0.0	0	4808	0	0
1.0	0.0	0	4809	0	0
1.0	0.0	0	4810	0	0
1.0	0.0	0	4811	0	0
1.0	0.0	0	4812	0	0
1.0	0.0	0	4813	0	0
0.9972025860235635	0.0027974139764365613	0	4814	0	0
0.9992912875967235	0.0007087124032764601	0	4815	0	0
1.0	0.0	0	4816	0	0
0.9992912875967235	0.0007087124032764601	0	4817	0	0
1.0	0.0	0	4818	0	0
0.9960697354076761	0.003930264592323869	0	4819	0	0
0.9867967077829908	0.013203292217009195	0	4820	0	0
1.0	0.0	0	4821	0	0
0.9867967077829908	0.013203292217009195	0	4822	0	0
1.0	0.0	0	4823	0	0
1.0	0.0	0	4824	0	0
1.0	0.0	0	4825	0	0
1.0	0.0	0	4826	0	0
1.0	0.0	0	4827	0	0
1.0	0.0	0	4828	0	0
1.0	0.0	0	4829	0	0
1.0	0.0	0	4830	0	0
1.0	0.0	0	4831	0	0
1.0	0.0	0	4832	0	0
1.0	0.0	0	4833	0	0
1.0	0.0	0	4834	0	0
1.0	0.0	0	4835	0	0
1.0	0.0	0	4836	0	0
1.0	0.0	0	4837	0	0
1.0	0.0	0	4838	0	0
0.490633391330668	0.5093666086693319	0	4839	0	1
1.0	0.0	0	4840	0	0
1.0	0.0	0	4841	0	0
1.0	0.0	0	4842	0	0
1.0	0.0	0	4843	0	0
1.0	0.0	0	4844	0	0
1.0	0.0	0	4845	0	0
1.0	0.0	0	4846	0	0
1.0	0.0	0	4847	0	0
1.0	0.0	0	4848	0	0
1.0	0.0	0	4849	0	0
1.0	0.0	0	4850	0	0
1.0	0.0	0	4851	0	0
1.0	0.0	0	4852	0	0
1.0	0.0	0	4853	0	0
1.0	0.0	0	4854	0	0
1.0	0.0	0	4855	0	0
1.0	0.0	0	4856	0	0
1.0	0.0	0	4857	0	0
1.0	0.0	0	4858	0	0
1.0	0.0	0	4859	0	0
1.0	0.0	0	4860	0	0
1.0	0.0	0	4861	0	0
1.0	0.0	0	4862	0	0
1.0	0.0	0	4863	0	0
1.0	0.0	0	4864	0	0
1.0	0.0	0	4865	0	0
1.0	0.0	0	4866	0	0
1.0	0.0	0	4867	0	0
1.0	0.0	0	4868	0	0
1.0	0.0	0	4869	0	0
1.0	0.0	0	4870	0	0
1.0	0.0	0	4871	0	0
1.0	0.0	0	4872	0	0
1.0	0.0	0	4873	0	0
1.0	0.0	0	4874	0	0
1.0	0.0	0	4875	0	0
1.0	0.0	0	4876	0	0
1.0	0.0	0	4877	0	0
1.0	0.0	0	4878	0	0
1.0	0.0	0	4879	0	0
1.0	0.0	0	4880	0	0
0.9966937465523293	0.0033062534476706283	0	4881	0	0
0.9992912875967235	0.0007087124032764601	0	4882	0	0
1.0	0.0	0	4883	0	0
1.0	0.0	0	4884	0	0
1.0	0.0	0	4885	0	0
1.0	0.0	0	4886	0	0
1.0	0.0	0	4887	0	0
1.0	0.0	0	4888	0	0
1.0	0.0	0	4889	0	0
1.0	0.0	0	4890	0	0
1.0	0.0	0	4891	0	0
1.0	0.0	0	4892	0	0
1.0	0.0	0	4893	0	0
1.0	0.0	0	4894	0	0
1.0	0.0	0	4895	0	0
1.0	0.0	0	4896	0	0
1.0	0.0	0	4897	0	0
1.0	0.0	0	4898	0	0
0.9970909573057545	0.002909042694245558	0	4899	0	0
1.0	0.0	0	4900	0	0
1.0	0.0	0	4901	0	0
1.0	0.0	0	4902	0	0
1.0	0.0	0	4903	0	0
0.9967371241440904	0.003262875855909497	0	4904	0	0
1.0	0.0	0	4905	0	0
1.0	0.0	0	4906	0	0
1.0	0.0	0	4907	0	0
1.0	0.0	0	4908	0	0
1.0	0.0	0	4909	0	0
1.0	0.0	0	4910	0	0
1.0	0.0	0	4911	0	0
0.9867625982458287	0.013237401754171332	0	4912	0	0
0.9835117545912986	0.016488245408701432	0	4913	0	0
1.0	0.0	0	4914	0	0
1.0	0.0	0	4915	0	0
1.0	0.0	0	4916	0	0
1.0	0.0	0	4917	0	0
0.20681405757284257	0.7931859424271572	0	4918	1	1
1.0	0.0	0	4919	0	0
1.0	0.0	0	4920	0	0
1.0	0.0	0	4921	0	0
1.0	0.0	0	4922	0	0
1.0	0.0	0	4923	0	0
1.0	0.0	0	4924	0	0
1.0	0.0	0	4925	0	0
1.0	0.0	0	4926	0	0
1.0	0.0	0	4927	0	0
1.0	0.0	0	4928	0	0
1.0	0.0	0	4929	0	0
1.0	0.0	0	4930	0	0
1.0	0.0	0	4931	0	0
1.0	0.0	0	4932	0	0
1.0	0.0	0	4933	0	0
1.0	0.0	0	4934	0	0
1.0	0.0	0	4935	0	0
1.0	0.0	0	4936	0	0
1.0	0.0	0	4937	0	0
1.0	0.0	0	4938	0	0
1.0	0.0	0	4939	0	0
1.0	0.0	0	4940	0	0
1.0	0.0	0	4941	0	0
1.0	0.0	0	4942	0	0
1.0	0.0	0	4943	0	0
1.0	0.0	0	4944	0	0
1.0	0.0	0	4945	0	0
0.9770449039605128	0.02295509603948722	0	4946	0	0
1.0	0.0	0	4947	0	0
1.0	0.0	0	4948	0	0
1.0	0.0	0	4949	0	0
0.9406654490343349	0.0593345509656651	0	4950	0	0
1.0	0.0	0	4951	0	0
1.0	0.0	0	4952	0	0
1.0	0.0	0	4953	0	0
1.0	0.0	0	4954	0	0
1.0	0.0	0	4955	0	0
1.0	0.0	0	4956	0	0
1.0	0.0	0	4957	0	0
1.0	0.0	0	4958	0	0
1.0	0.0	0	4959	0	0
1.0	0.0	0	4960	0	0
1.0	0.0	0	4961	0	0
1.0	0.0	0	4962	0	0
1.0	0.0	0	4963	0	0
1.0	0.0	0	4964	0	0
1.0	0.0	0	4965	0	0
1.0	0.0	0	4966	0	0
1.0	0.0	0	4967	0	0
1.0	0.0	0	4968	0	0
1.0	0.0	0	4969	0	0
1.0	0.0	0	4970	0	0
1.0	0.0	0	4971	0	0
1.0	0.0	0	4972	0	0
1.0	0.0	0	4973	0	0
1.0	0.0	0	4974	0	0
1.0	0.0	0	4975	0	0
1.0	0.0	0	4976	0	0
0.9934077159575524	0.006592284042447685	0	4977	0	0
1.0	0.0	0	4978	0	0
1.0	0.0	0	4979	0	0
1.0	0.0	0	4980	0	0
0.9672318212417448	0.03276817875825521	0	4981	0	0
1.0	0.0	0	4982	0	0
0.9966997692847829	0.003300230715217173	0	4983	0	0
1.0	0.0	0	4984	0	0
1.0	0.0	0	4985	0	0
1.0	0.0	0	4986	0	0
1.0	0.0	0	4987	0	0
1.0	0.0	0	4988	0	0
1.0	0.0	0	4989	0	0
1.0	0.0	0	4990	0	0
0.993424116866999	0.006575883133000933	0	4991	0	0
1.0	0.0	0	4992	0	0
1.0	0.0	0	4993	0	0
1.0	0.0	0	4994	0	0
1.0	0.0	0	4995	0	0
1.0	0.0	0	4996	0	0
1.0	0.0	0	4997	0	0
1.0	0.0	0	4998	0	0
1.0	0.0	0	4999	0	0
1.0	0.0	0	5000	0	0
0.9972025860235635	0.0027974139764365613	0	5001	0	0
1.0	0.0	0	5002	0	0
1.0	0.0	0	5003	0	0
1.0	0.0	0	5004	0	0
1.0	0.0	0	5005	0	0
1.0	0.0	0	5006	0	0
1.0	0.0	0	5007	0	0
1.0	0.0	0	5008	0	0
1.0	0.0	0	5009	0	0
0.8908366095441737	0.10916339045582642	0	5010	0	0
0.9968549701957818	0.003145029804218242	0	5011	0	0
1.0	0.0	0	5012	0	0
0.9968549701957818	0.003145029804218242	0	5013	0	0
1.0	0.0	0	5014	0	0
1.0	0.0	0	5015	0	0
1.0	0.0	0	5016	0	0
0.9992912875967235	0.0007087124032764601	0	5017	0	0
0.9992912875967235	0.0007087124032764601	0	5018	0	0
1.0	0.0	0	5019	0	0
1.0	0.0	0	5020	0	0
1.0	0.0	0	5021	0	0
1.0	0.0	0	5022	0	0
1.0	0.0	0	5023	0	0
1.0	0.0	0	5024	0	0
0.9967057820570684	0.0032942179429316485	0	5025	0	0
1.0	0.0	0	5026	0	0
0.9901340181937667	0.009865981806233392	0	5027	0	0
1.0	0.0	0	5028	0	0
1.0	0.0	0	5029	0	0
1.0	0.0	0	5030	0	0
0.9966757672278679	0.0033242327721320596	0	5031	0	0
0.9966757672278679	0.0033242327721320596	0	5032	0	0
1.0	0.0	0	5033	0	0
1.0	0.0	0	5034	0	0
1.0	0.0	0	5035	0	0
1.0	0.0	0	5036	0	0
1.0	0.0	0	5037	0	0
1.0	0.0	0	5038	0	0
1.0	0.0	0	5039	0	0
1.0	0.0	0	5040	0	0
0.9959579542633901	0.004042045736609793	0	5041	0	0
1.0	0.0	0	5042	0	0
0.9959579542633901	0.004042045736609793	0	5043	0	0
1.0	0.0	0	5044	0	0
1.0	0.0	0	5045	0	0
1.0	0.0	0	5046	0	0
1.0	0.0	0	5047	0	0
1.0	0.0	0	5048	0	0
1.0	0.0	0	5049	0	0
1.0	0.0	0	5050	0	0
1.0	0.0	0	5051	0	0
1.0	0.0	0	5052	0	0
1.0	0.0	0	5053	0	0
1.0	0.0	0	5054	0	0
1.0	0.0	0	5055	0	0
1.0	0.0	0	5056	0	0
1.0	0.0	0	5057	0	0
1.0	0.0	0	5058	0	0
1.0	0.0	0	5059	0	0
1.0	0.0	0	5060	0	0
1.0	0.0	0	5061	0	0
1.0	0.0	0	5062	0	0
1.0	0.0	0	5063	0	0
1.0	0.0	0	5064	0	0
1.0	0.0	0	5065	0	0
1.0	0.0	0	5066	0	0
1.0	0.0	0	5067	0	0
0.9900778061185523	0.00992219388144755	0	5068	0	0
1.0	0.0	0	5069	0	0
1.0	0.0	0	5070	0	0
1.0	0.0	0	5071	0	0
1.0	0.0	0	5072	0	0
1.0	0.0	0	5073	0	0
1.0	0.0	0	5074	0	0
1.0	0.0	0	5075	0	0
1.0	0.0	0	5076	0	0
1.0	0.0	0	5077	0	0
0.9967813219657994	0.0032186780342005976	0	5078	0	0
1.0	0.0	0	5079	0	0
0.9967813219657994	0.0032186780342005976	0	5080	0	0
1.0	0.0	0	5081	0	0
1.0	0.0	0	5082	0	0
0.9934184755874211	0.006581524412578952	0	5083	0	0
1.0	0.0	0	5084	0	0
1.0	0.0	0	5085	0	0
1.0	0.0	0	5086	0	0
1.0	0.0	0	5087	0	0
1.0	0.0	0	5088	0	0
1.0	0.0	0	5089	0	0
1.0	0.0	0	5090	0	0
1.0	0.0	0	5091	0	0
1.0	0.0	0	5092	0	0
1.0	0.0	0	5093	0	0
1.0	0.0	0	5094	0	0
1.0	0.0	0	5095	0	0
1.0	0.0	0	5096	0	0
1.0	0.0	0	5097	0	0
1.0	0.0	0	5098	0	0
1.0	0.0	0	5099	0	0
1.0	0.0	0	5100	0	0
1.0	0.0	0	5101	0	0
1.0	0.0	0	5102	0	0
1.0	0.0	0	5103	0	0
1.0	0.0	0	5104	0	0
1.0	0.0	0	5105	0	0
1.0	0.0	0	5106	0	0
0.9992912875967235	0.0007087124032764601	0	5107	0	0
1.0	0.0	0	5108	0	0
0.9992912875967235	0.0007087124032764601	0	5109	0	0
1.0	0.0	0	5110	0	0
1.0	0.0	0	5111	0	0
1.0	0.0	0	5112	0	0
1.0	0.0	0	5113	0	0
1.0	0.0	0	5114	0	0
1.0	0.0	0	5115	0	0
1.0	0.0	0	5116	0	0
1.0	0.0	0	5117	0	0
1.0	0.0	0	5118	0	0
1.0	0.0	0	5119	0	0
1.0	0.0	0	5120	0	0
1.0	0.0	0	5121	0	0
1.0	0.0	0	5122	0	0
1.0	0.0	0	5123	0	0
1.0	0.0	0	5124	0	0
0.9019300251987865	0.09806997480121343	0	5125	0	0
1.0	0.0	0	5126	0	0
1.0	0.0	0	5127	0	0
1.0	0.0	0	5128	0	0
1.0	0.0	0	5129	0	0
1.0	0.0	0	5130	0	0
1.0	0.0	0	5131	0	0
1.0	0.0	0	5132	0	0
1.0	0.0	0	5133	0	0
1.0	0.0	0	5134	0	0
1.0	0.0	0	5135	0	0
0.8942865395679436	0.10571346043205639	0	5136	0	0
1.0	0.0	0	5137	0	0
1.0	0.0	0	5138	0	0
1.0	0.0	0	5139	0	0
0.9672757083409387	0.03272429165906134	0	5140	0	0
1.0	0.0	0	5141	0	0
1.0	0.0	0	5142	0	0
1.0	0.0	0	5143	0	0
1.0	0.0	0	5144	0	0
1.0	0.0	0	5145	0	0
1.0	0.0	0	5146	0	0
1.0	0.0	0	5147	0	0
1.0	0.0	0	5148	0	0
1.0	0.0	0	5149	0	0
1.0	0.0	0	5150	0	0
1.0	0.0	0	5151	0	0
1.0	0.0	0	5152	0	0
1.0	0.0	0	5153	0	0
1.0	0.0	0	5154	0	0
1.0	0.0	0	5155	0	0
1.0	0.0	0	5156	0	0
1.0	0.0	0	5157	0	0
1.0	0.0	0	5158	0	0
1.0	0.0	0	5159	0	0
1.0	0.0	0	5160	0	0
1.0	0.0	0	5161	0	0
1.0	0.0	0	5162	0	0
1.0	0.0	0	5163	0	0
1.0	0.0	0	5164	0	0
1.0	0.0	0	5165	0	0
1.0	0.0	0	5166	0	0
1.0	0.0	0	5167	0	0
1.0	0.0	0	5168	0	0
1.0	0.0	0	5169	0	0
1.0	0.0	0	5170	0	0
1.0	0.0	0	5171	0	0
0.9977536602846321	0.002246339715368076	0	5172	0	0
1.0	0.0	0	5173	0	0
1.0	0.0	0	5174	0	0
1.0	0.0	0	5175	0	0
1.0	0.0	0	5176	0	0
1.0	0.0	0	5177	0	0
1.0	0.0	0	5178	0	0
1.0	0.0	0	5179	0	0
1.0	0.0	0	5180	0	0
0.5973542298785305	0.4026457701214698	0	5181	0	0
1.0	0.0	0	5182	0	0
0.9900470041406102	0.009952995859389663	0	5183	0	0
1.0	0.0	0	5184	0	0
0.993562871396496	0.006437128603504086	0	5185	0	0
1.0	0.0	0	5186	0	0
1.0	0.0	0	5187	0	0
1.0	0.0	0	5188	0	0
1.0	0.0	0	5189	0	0
1.0	0.0	0	5190	0	0
1.0	0.0	0	5191	0	0
1.0	0.0	0	5192	0	0
1.0	0.0	0	5193	0	0
0.9967007775269625	0.003299222473037371	0	5194	0	0
1.0	0.0	0	5195	0	0
1.0	0.0	0	5196	0	0
1.0	0.0	0	5197	0	0
1.0	0.0	0	5198	0	0
0.9930886332318537	0.006911366768146291	0	5199	0	0
1.0	0.0	0	5200	0	0
1.0	0.0	0	5201	0	0
1.0	0.0	0	5202	0	0
1.0	0.0	0	5203	0	0
1.0	0.0	0	5204	0	0
1.0	0.0	0	5205	0	0
1.0	0.0	0	5206	0	0
0.9967568100093592	0.0032431899906408554	0	5207	0	0
1.0	0.0	0	5208	0	0
1.0	0.0	0	5209	0	0
1.0	0.0	0	5210	0	0
0.9901734451040746	0.00982655489592543	0	5211	0	0
1.0	0.0	0	5212	0	0
1.0	0.0	0	5213	0	0
1.0	0.0	0	5214	0	0
1.0	0.0	0	5215	0	0
1.0	0.0	0	5216	0	0
1.0	0.0	0	5217	0	0
1.0	0.0	0	5218	0	0
1.0	0.0	0	5219	0	0
1.0	0.0	0	5220	0	0
1.0	0.0	0	5221	0	0
1.0	0.0	0	5222	0	0
1.0	0.0	0	5223	0	0
1.0	0.0	0	5224	0	0
1.0	0.0	0	5225	0	0
1.0	0.0	0	5226	0	0
1.0	0.0	0	5227	0	0
1.0	0.0	0	5228	0	0
1.0	0.0	0	5229	0	0
1.0	0.0	0	5230	0	0
0.9875129071208647	0.012487092879135199	0	5231	0	0
1.0	0.0	0	5232	0	0
0.9901438398503312	0.009856160149668919	0	5233	0	0
1.0	0.0	0	5234	0	0
1.0	0.0	0	5235	0	0
1.0	0.0	0	5236	0	0
1.0	0.0	0	5237	0	0
1.0	0.0	0	5238	0	0
1.0	0.0	0	5239	0	0
1.0	0.0	0	5240	0	0
1.0	0.0	0	5241	0	0
1.0	0.0	0	5242	0	0
1.0	0.0	0	5243	0	0
1.0	0.0	0	5244	0	0
1.0	0.0	0	5245	0	0
1.0	0.0	0	5246	0	0
1.0	0.0	0	5247	0	0
1.0	0.0	0	5248	0	0
0.9972025860235635	0.0027974139764365613	0	5249	0	0
1.0	0.0	0	5250	0	0
1.0	0.0	0	5251	0	0
1.0	0.0	0	5252	0	0
1.0	0.0	0	5253	0	0
1.0	0.0	0	5254	0	0
1.0	0.0	0	5255	0	0
1.0	0.0	0	5256	0	0
1.0	0.0	0	5257	0	0
1.0	0.0	0	5258	0	0
1.0	0.0	0	5259	0	0
1.0	0.0	0	5260	0	0
1.0	0.0	0	5261	0	0
1.0	0.0	0	5262	0	0
0.9967027786137025	0.003297221386297522	0	5263	0	0
1.0	0.0	0	5264	0	0
1.0	0.0	0	5265	0	0
1.0	0.0	0	5266	0	0
1.0	0.0	0	5267	0	0
0.9967827919055318	0.0032172080944681282	0	5268	0	0
1.0	0.0	0	5269	0	0
1.0	0.0	0	5270	0	0
1.0	0.0	0	5271	0	0
0.9768987945678466	0.023101205432153323	0	5272	0	0
1.0	0.0	0	5273	0	0
1.0	0.0	0	5274	0	0
1.0	0.0	0	5275	0	0
1.0	0.0	0	5276	0	0
1.0	0.0	0	5277	0	0
1.0	0.0	0	5278	0	0
1.0	0.0	0	5279	0	0
1.0	0.0	0	5280	0	0
1.0	0.0	0	5281	0	0
1.0	0.0	0	5282	0	0
1.0	0.0	0	5283	0	0
1.0	0.0	0	5284	0	0
1.0	0.0	0	5285	0	0
1.0	0.0	0	5286	0	0
1.0	0.0	0	5287	0	0
1.0	0.0	0	5288	0	0
1.0	0.0	0	5289	0	0
0.9934045541177651	0.006595445882234928	0	5290	0	0
1.0	0.0	0	5291	0	0
1.0	0.0	0	5292	0	0
1.0	0.0	0	5293	0	0
1.0	0.0	0	5294	0	0
1.0	0.0	0	5295	0	0
1.0	0.0	0	5296	0	0
1.0	0.0	0	5297	0	0
1.0	0.0	0	5298	0	0
1.0	0.0	0	5299	0	0
1.0	0.0	0	5300	0	0
1.0	0.0	0	5301	0	0
1.0	0.0	0	5302	0	0
1.0	0.0	0	5303	0	0
1.0	0.0	0	5304	0	0
1.0	0.0	0	5305	0	0
1.0	0.0	0	5306	0	0
1.0	0.0	0	5307	0	0
1.0	0.0	0	5308	0	0
1.0	0.0	0	5309	0	0
1.0	0.0	0	5310	0	0
1.0	0.0	0	5311	0	0
0.9992912875967235	0.0007087124032764601	0	5312	0	0
0.9992912875967235	0.0007087124032764601	0	5313	0	0
0.9992912875967235	0.0007087124032764601	0	5314	0	0
1.0	0.0	0	5315	0	0
1.0	0.0	0	5316	0	0
1.0	0.0	0	5317	0	0
0.9968549701957818	0.003145029804218242	0	5318	0	0
1.0	0.0	0	5319	0	0
0.9968549701957818	0.003145029804218242	0	5320	0	0
1.0	0.0	0	5321	0	0
1.0	0.0	0	5322	0	0
1.0	0.0	0	5323	0	0
1.0	0.0	0	5324	0	0
1.0	0.0	0	5325	0	0
1.0	0.0	0	5326	0	0
1.0	0.0	0	5327	0	0
1.0	0.0	0	5328	0	0
0.9908770336083205	0.009122966391679577	0	5329	0	0
0.9974518242797876	0.0025481757202124775	0	5330	0	0
1.0	0.0	0	5331	0	0
1.0	0.0	0	5332	0	0
1.0	0.0	0	5333	0	0
0.9992912875967235	0.0007087124032764601	0	5334	0	0
1.0	0.0	0	5335	0	0
0.9992912875967235	0.0007087124032764601	0	5336	0	0
0.9967017702221554	0.0032982297778446417	0	5337	0	0
1.0	0.0	0	5338	0	0
1.0	0.0	0	5339	0	0
1.0	0.0	0	5340	0	0
1.0	0.0	0	5341	0	0
1.0	0.0	0	5342	0	0
1.0	0.0	0	5343	0	0
1.0	0.0	0	5344	0	0
1.0	0.0	0	5345	0	0
1.0	0.0	0	5346	0	0
1.0	0.0	0	5347	0	0
1.0	0.0	0	5348	0	0
1.0	0.0	0	5349	0	0
1.0	0.0	0	5350	0	0
1.0	0.0	0	5351	0	0
1.0	0.0	0	5352	0	0
1.0	0.0	0	5353	0	0
1.0	0.0	0	5354	0	0
1.0	0.0	0	5355	0	0
1.0	0.0	0	5356	0	0
1.0	0.0	0	5357	0	0
1.0	0.0	0	5358	0	0
1.0	0.0	0	5359	0	0
1.0	0.0	0	5360	0	0
1.0	0.0	0	5361	0	0
1.0	0.0	0	5362	0	0
1.0	0.0	0	5363	0	0
1.0	0.0	0	5364	0	0
1.0	0.0	0	5365	0	0
1.0	0.0	0	5366	0	0
1.0	0.0	0	5367	0	0
1.0	0.0	0	5368	0	0
1.0	0.0	0	5369	0	0
1.0	0.0	0	5370	0	0
1.0	0.0	0	5371	0	0
1.0	0.0	0	5372	0	0
1.0	0.0	0	5373	0	0
1.0	0.0	0	5374	0	0
1.0	0.0	0	5375	0	0
1.0	0.0	0	5376	0	0
1.0	0.0	0	5377	0	0
1.0	0.0	0	5378	0	0
1.0	0.0	0	5379	0	0
1.0	0.0	0	5380	0	0
1.0	0.0	0	5381	0	0
1.0	0.0	0	5382	0	0
1.0	0.0	0	5383	0	0
0.9966987613459708	0.003301238654029387	0	5384	0	0
1.0	0.0	0	5385	0	0
1.0	0.0	0	5386	0	0
1.0	0.0	0	5387	0	0
0.20283138894537206	0.797168611054628	0	5388	0	1
1.0	0.0	0	5389	0	0
1.0	0.0	0	5390	0	0
1.0	0.0	0	5391	0	0
0.9944306234298969	0.005569376570103106	0	5392	0	0
1.0	0.0	0	5393	0	0
1.0	0.0	0	5394	0	0
1.0	0.0	0	5395	0	0
1.0	0.0	0	5396	0	0
1.0	0.0	0	5397	0	0
1.0	0.0	0	5398	0	0
1.0	0.0	0	5399	0	0
1.0	0.0	0	5400	0	0
1.0	0.0	0	5401	0	0
1.0	0.0	0	5402	0	0
1.0	0.0	0	5403	0	0
1.0	0.0	0	5404	0	0
1.0	0.0	0	5405	0	0
1.0	0.0	0	5406	0	0
1.0	0.0	0	5407	0	0
1.0	0.0	0	5408	0	0
1.0	0.0	0	5409	0	0
1.0	0.0	0	5410	0	0
1.0	0.0	0	5411	0	0
1.0	0.0	0	5412	0	0
1.0	0.0	0	5413	0	0
1.0	0.0	0	5414	0	0
1.0	0.0	0	5415	0	0
1.0	0.0	0	5416	0	0
1.0	0.0	0	5417	0	0
1.0	0.0	0	5418	0	0
1.0	0.0	0	5419	0	0
1.0	0.0	0	5420	0	0
1.0	0.0	0	5421	0	0
1.0	0.0	0	5422	0	0
1.0	0.0	0	5423	0	0
1.0	0.0	0	5424	0	0
1.0	0.0	0	5425	0	0
1.0	0.0	0	5426	0	0
1.0	0.0	0	5427	0	0
1.0	0.0	0	5428	0	0
1.0	0.0	0	5429	0	0
1.0	0.0	0	5430	0	0
1.0	0.0	0	5431	0	0
1.0	0.0	0	5432	0	0
1.0	0.0	0	5433	0	0
1.0	0.0	0	5434	0	0
1.0	0.0	0	5435	0	0
1.0	0.0	0	5436	0	0
1.0	0.0	0	5437	0	0
1.0	0.0	0	5438	0	0
1.0	0.0	0	5439	0	0
0.9992912875967235	0.0007087124032764601	0	5440	0	0
1.0	0.0	0	5441	0	0
0.9992912875967235	0.0007087124032764601	0	5442	0	0
1.0	0.0	0	5443	0	0
1.0	0.0	0	5444	0	0
1.0	0.0	0	5445	0	0
1.0	0.0	0	5446	0	0
1.0	0.0	0	5447	0	0
1.0	0.0	0	5448	0	0
0.9992912875967235	0.0007087124032764601	0	5449	0	0
0.9992912875967235	0.0007087124032764601	0	5450	0	0
1.0	0.0	0	5451	0	0
1.0	0.0	0	5452	0	0
1.0	0.0	0	5453	0	0
1.0	0.0	0	5454	0	0
1.0	0.0	0	5455	0	0
1.0	0.0	0	5456	0	0
1.0	0.0	0	5457	0	0
1.0	0.0	0	5458	0	0
1.0	0.0	0	5459	0	0
1.0	0.0	0	5460	0	0
1.0	0.0	0	5461	0	0
1.0	0.0	0	5462	0	0
1.0	0.0	0	5463	0	0
1.0	0.0	0	5464	0	0
1.0	0.0	0	5465	0	0
1.0	0.0	0	5466	0	0
1.0	0.0	0	5467	0	0
1.0	0.0	0	5468	0	0
1.0	0.0	0	5469	0	0
1.0	0.0	0	5470	0	0
1.0	0.0	0	5471	0	0
1.0	0.0	0	5472	0	0
1.0	0.0	0	5473	0	0
1.0	0.0	0	5474	0	0
1.0	0.0	0	5475	0	0
1.0	0.0	0	5476	0	0
1.0	0.0	0	5477	0	0
1.0	0.0	0	5478	0	0
1.0	0.0	0	5479	0	0
0.9840607423163459	0.01593925768365401	0	5480	0	0
1.0	0.0	0	5481	0	0
1.0	0.0	0	5482	0	0
1.0	0.0	0	5483	0	0
1.0	0.0	0	5484	0	0
1.0	0.0	0	5485	0	0
1.0	0.0	0	5486	0	0
1.0	0.0	0	5487	0	0
0.9967203899915437	0.0032796100084564496	0	5488	0	0
1.0	0.0	0	5489	0	0
1.0	0.0	0	5490	0	0
1.0	0.0	0	5491	0	0
1.0	0.0	0	5492	0	0
1.0	0.0	0	5493	0	0
1.0	0.0	0	5494	0	0
1.0	0.0	0	5495	0	0
1.0	0.0	0	5496	0	0
1.0	0.0	0	5497	0	0
1.0	0.0	0	5498	0	0
1.0	0.0	0	5499	0	0
1.0	0.0	0	5500	0	0
1.0	0.0	0	5501	0	0
1.0	0.0	0	5502	0	0
1.0	0.0	0	5503	0	0
1.0	0.0	0	5504	0	0
1.0	0.0	0	5505	0	0
0.9739256748363352	0.02607432516366497	0	5506	0	0
1.0	0.0	0	5507	0	0
1.0	0.0	0	5508	0	0
1.0	0.0	0	5509	0	0
1.0	0.0	0	5510	0	0
1.0	0.0	0	5511	0	0
1.0	0.0	0	5512	0	0
1.0	0.0	0	5513	0	0
1.0	0.0	0	5514	0	0
0.9966858382523587	0.0033141617476413906	0	5515	0	0
1.0	0.0	0	5516	0	0
1.0	0.0	0	5517	0	0
1.0	0.0	0	5518	0	0
1.0	0.0	0	5519	0	0
1.0	0.0	0	5520	0	0
1.0	0.0	0	5521	0	0
1.0	0.0	0	5522	0	0
0.9868375679758766	0.013162432024123302	0	5523	0	0
1.0	0.0	0	5524	0	0
1.0	0.0	0	5525	0	0
1.0	0.0	0	5526	0	0
1.0	0.0	0	5527	0	0
0.9319299454498037	0.06807005455019627	0	5528	0	0
1.0	0.0	0	5529	0	0
1.0	0.0	0	5530	0	0
1.0	0.0	0	5531	0	0
1.0	0.0	0	5532	0	0
1.0	0.0	0	5533	0	0
1.0	0.0	0	5534	0	0
1.0	0.0	0	5535	0	0
1.0	0.0	0	5536	0	0
1.0	0.0	0	5537	0	0
1.0	0.0	0	5538	0	0
1.0	0.0	0	5539	0	0
1.0	0.0	0	5540	0	0
1.0	0.0	0	5541	0	0
1.0	0.0	0	5542	0	0
1.0	0.0	0	5543	0	0
1.0	0.0	0	5544	0	0
1.0	0.0	0	5545	0	0
1.0	0.0	0	5546	0	0
1.0	0.0	0	5547	0	0
1.0	0.0	0	5548	0	0
1.0	0.0	0	5549	0	0
1.0	0.0	0	5550	0	0
1.0	0.0	0	5551	0	0
1.0	0.0	0	5552	0	0
1.0	0.0	0	5553	0	0
1.0	0.0	0	5554	0	0
1.0	0.0	0	5555	0	0
1.0	0.0	0	5556	0	0
1.0	0.0	0	5557	0	0
1.0	0.0	0	5558	0	0
1.0	0.0	0	5559	0	0
1.0	0.0	0	5560	0	0
1.0	0.0	0	5561	0	0
1.0	0.0	0	5562	0	0
1.0	0.0	0	5563	0	0
0.0143652301853946	0.9856347698146053	0	5564	1	1
0.9339663850313767	0.0660336149686233	0	5565	1	0
0.9968549701957818	0.003145029804218242	0	5566	0	0
0.9968549701957818	0.003145029804218242	0	5567	0	0
1.0	0.0	0	5568	0	0
1.0	0.0	0	5569	0	0
1.0	0.0	0	5570	0	0
1.0	0.0	0	5571	0	0
1.0	0.0	0	5572	0	0
1.0	0.0	0	5573	0	0
1.0	0.0	0	5574	0	0
1.0	0.0	0	5575	0	0
1.0	0.0	0	5576	0	0
1.0	0.0	0	5577	0	0
1.0	0.0	0	5578	0	0
1.0	0.0	0	5579	0	0
1.0	0.0	0	5580	0	0
1.0	0.0	0	5581	0	0
1.0	0.0	0	5582	0	0
1.0	0.0	0	5583	0	0
1.0	0.0	0	5584	0	0
1.0	0.0	0	5585	0	0
1.0	0.0	0	5586	0	0
1.0	0.0	0	5587	0	0
1.0	0.0	0	5588	0	0
1.0	0.0	0	5589	0	0
1.0	0.0	0	5590	0	0
1.0	0.0	0	5591	0	0
1.0	0.0	0	5592	0	0
1.0	0.0	0	5593	0	0
1.0	0.0	0	5594	0	0
1.0	0.0	0	5595	0	0
0.9992912875967235	0.0007087124032764601	0	5596	0	0
1.0	0.0	0	5597	0	0
0.9992912875967235	0.0007087124032764601	0	5598	0	0
1.0	0.0	0	5599	0	0
1.0	0.0	0	5600	0	0
1.0	0.0	0	5601	0	0
1.0	0.0	0	5602	0	0
0.9672799986486718	0.032720001351328125	0	5603	0	0
1.0	0.0	0	5604	0	0
1.0	0.0	0	5605	0	0
1.0	0.0	0	5606	0	0
1.0	0.0	0	5607	0	0
1.0	0.0	0	5608	0	0
1.0	0.0	0	5609	0	0
1.0	0.0	0	5610	0	0
1.0	0.0	0	5611	0	0
1.0	0.0	0	5612	0	0
1.0	0.0	0	5613	0	0
1.0	0.0	0	5614	0	0
1.0	0.0	0	5615	0	0
1.0	0.0	0	5616	0	0
1.0	0.0	0	5617	0	0
1.0	0.0	0	5618	0	0
1.0	0.0	0	5619	0	0
1.0	0.0	0	5620	0	0
1.0	0.0	0	5621	0	0
0.9902018209531033	0.009798179046896815	0	5622	0	0
1.0	0.0	0	5623	0	0
1.0	0.0	0	5624	0	0
1.0	0.0	0	5625	0	0
1.0	0.0	0	5626	0	0
1.0	0.0	0	5627	0	0
1.0	0.0	0	5628	0	0
1.0	0.0	0	5629	0	0
1.0	0.0	0	5630	0	0
1.0	0.0	0	5631	0	0
1.0	0.0	0	5632	0	0
1.0	0.0	0	5633	0	0
1.0	0.0	0	5634	0	0
1.0	0.0	0	5635	0	0
1.0	0.0	0	5636	0	0
1.0	0.0	0	5637	0	0
1.0	0.0	0	5638	0	0
1.0	0.0	0	5639	0	0
1.0	0.0	0	5640	0	0
1.0	0.0	0	5641	0	0
1.0	0.0	0	5642	0	0
1.0	0.0	0	5643	0	0
1.0	0.0	0	5644	0	0
1.0	0.0	0	5645	0	0
1.0	0.0	0	5646	0	0
1.0	0.0	0	5647	0	0
1.0	0.0	0	5648	0	0
1.0	0.0	0	5649	0	0
1.0	0.0	0	5650	0	0
1.0	0.0	0	5651	0	0
1.0	0.0	0	5652	0	0
1.0	0.0	0	5653	0	0
1.0	0.0	0	5654	0	0
1.0	0.0	0	5655	0	0
1.0	0.0	0	5656	0	0
1.0	0.0	0	5657	0	0
1.0	0.0	0	5658	0	0
1.0	0.0	0	5659	0	0
1.0	0.0	0	5660	0	0
1.0	0.0	0	5661	0	0
1.0	0.0	0	5662	0	0
1.0	0.0	0	5663	0	0
1.0	0.0	0	5664	0	0
1.0	0.0	0	5665	0	0
1.0	0.0	0	5666	0	0
1.0	0.0	0	5667	0	0
1.0	0.0	0	5668	0	0
1.0	0.0	0	5669	0	0
1.0	0.0	0	5670	0	0
1.0	0.0	0	5671	0	0
1.0	0.0	0	5672	0	0
0.9178345482929399	0.08216545170706027	0	5673	0	0
1.0	0.0	0	5674	0	0
1.0	0.0	0	5675	0	0
1.0	0.0	0	5676	0	0
0.9967022824178581	0.0032977175821419613	0	5677	0	0
0.9934010534236267	0.0065989465763732135	0	5678	0	0
1.0	0.0	0	5679	0	0
1.0	0.0	0	5680	0	0
1.0	0.0	0	5681	0	0
1.0	0.0	0	5682	0	0
1.0	0.0	0	5683	0	0
1.0	0.0	0	5684	0	0
1.0	0.0	0	5685	0	0
1.0	0.0	0	5686	0	0
1.0	0.0	0	5687	0	0
1.0	0.0	0	5688	0	0
1.0	0.0	0	5689	0	0
1.0	0.0	0	5690	0	0
1.0	0.0	0	5691	0	0
1.0	0.0	0	5692	0	0
1.0	0.0	0	5693	0	0
1.0	0.0	0	5694	0	0
1.0	0.0	0	5695	0	0
1.0	0.0	0	5696	0	0
1.0	0.0	0	5697	0	0
1.0	0.0	0	5698	0	0
1.0	0.0	0	5699	0	0
1.0	0.0	0	5700	0	0
1.0	0.0	0	5701	0	0
1.0	0.0	0	5702	0	0
1.0	0.0	0	5703	0	0
1.0	0.0	0	5704	0	0
1.0	0.0	0	5705	0	0
1.0	0.0	0	5706	0	0
1.0	0.0	0	5707	0	0
1.0	0.0	0	5708	0	0
1.0	0.0	0	5709	0	0
1.0	0.0	0	5710	0	0
1.0	0.0	0	5711	0	0
1.0	0.0	0	5712	0	0
1.0	0.0	0	5713	0	0
1.0	0.0	0	5714	0	0
1.0	0.0	0	5715	0	0
1.0	0.0	0	5716	0	0
1.0	0.0	0	5717	0	0
1.0	0.0	0	5718	0	0
1.0	0.0	0	5719	0	0
1.0	0.0	0	5720	0	0
1.0	0.0	0	5721	0	0
1.0	0.0	0	5722	0	0
1.0	0.0	0	5723	0	0
1.0	0.0	0	5724	0	0
1.0	0.0	0	5725	0	0
1.0	0.0	0	5726	0	0
1.0	0.0	0	5727	0	0
1.0	0.0	0	5728	0	0
1.0	0.0	0	5729	0	0
1.0	0.0	0	5730	0	0
0.9967596830552685	0.003240316944731532	0	5731	0	0
1.0	0.0	0	5732	0	0
1.0	0.0	0	5733	0	0
1.0	0.0	0	5734	0	0
1.0	0.0	0	5735	0	0
1.0	0.0	0	5736	0	0
1.0	0.0	0	5737	0	0
1.0	0.0	0	5738	0	0
1.0	0.0	0	5739	0	0
1.0	0.0	0	5740	0	0
1.0	0.0	0	5741	0	0
1.0	0.0	0	5742	0	0
1.0	0.0	0	5743	0	0
1.0	0.0	0	5744	0	0
1.0	0.0	0	5745	0	0
1.0	0.0	0	5746	0	0
1.0	0.0	0	5747	0	0
1.0	0.0	0	5748	0	0
1.0	0.0	0	5749	0	0
1.0	0.0	0	5750	0	0
1.0	0.0	0	5751	0	0
1.0	0.0	0	5752	0	0
1.0	0.0	0	5753	0	0
1.0	0.0	0	5754	0	0
1.0	0.0	0	5755	0	0
1.0	0.0	0	5756	0	0
1.0	0.0	0	5757	0	0
1.0	0.0	0	5758	0	0
1.0	0.0	0	5759	0	0
1.0	0.0	0	5760	0	0
1.0	0.0	0	5761	0	0
1.0	0.0	0	5762	0	0
1.0	0.0	0	5763	0	0
1.0	0.0	0	5764	0	0
1.0	0.0	0	5765	0	0
1.0	0.0	0	5766	0	0
1.0	0.0	0	5767	0	0
1.0	0.0	0	5768	0	0
1.0	0.0	0	5769	0	0
1.0	0.0	0	5770	0	0
1.0	0.0	0	5771	0	0
1.0	0.0	0	5772	0	0
1.0	0.0	0	5773	0	0
1.0	0.0	0	5774	0	0
1.0	0.0	0	5775	0	0
1.0	0.0	0	5776	0	0
1.0	0.0	0	5777	0	0
1.0	0.0	0	5778	0	0
1.0	0.0	0	5779	0	0
1.0	0.0	0	5780	0	0
1.0	0.0	0	5781	0	0
1.0	0.0	0	5782	0	0
1.0	0.0	0	5783	0	0
1.0	0.0	0	5784	0	0
0.9901348352814694	0.009865164718530751	0	5785	0	0
0.9967952464445743	0.0032047535554256767	0	5786	0	0
0.9506356948045623	0.04936430519543725	0	5787	0	0
1.0	0.0	0	5788	0	0
1.0	0.0	0	5789	0	0
0.14273830137175708	0.8572616986282433	0	5790	1	1
0.914340672963207	0.08565932703679312	0	5791	0	0
1.0	0.0	0	5792	0	0
1.0	0.0	0	5793	0	0
1.0	0.0	0	5794	0	0
1.0	0.0	0	5795	0	0
0.9506158684040817	0.04938413159591814	0	5796	0	0
1.0	0.0	0	5797	0	0
0.9967087972715418	0.0032912027284582204	0	5798	0	0
1.0	0.0	0	5799	0	0
1.0	0.0	0	5800	0	0
0.9770261424832948	0.02297385751670522	0	5801	0	0
1.0	0.0	0	5802	0	0
1.0	0.0	0	5803	0	0
1.0	0.0	0	5804	0	0
0.9571606224082077	0.042839377591792294	0	5805	0	0
1.0	0.0	0	5806	0	0
0.5459034652123993	0.45409653478760076	0	5807	1	0
0.9835268839630089	0.01647311603699109	0	5808	0	0
1.0	0.0	0	5809	0	0
0.9803772846777069	0.01962271532229302	0	5810	0	0
1.0	0.0	0	5811	0	0
0.9966817792554531	0.003318220744546874	0	5812	0	0
0.9967087972715418	0.0032912027284582204	0	5813	0	0
1.0	0.0	0	5814	0	0
1.0	0.0	0	5815	0	0
0.9934285952686582	0.006571404731341891	0	5816	0	0
1.0	0.0	0	5817	0	0
1.0	0.0	0	5818	0	0
1.0	0.0	0	5819	0	0
0.9902929314230755	0.009707068576924395	0	5820	0	0
0.10222025189593692	0.8977797481040627	0	5821	1	1
0.29951730131622273	0.7004826986837772	0	5822	0	1
0.32379914425204726	0.6762008557479525	0	5823	0	1
0.04557663445066187	0.9544233655493382	0	5824	1	1
0.9967770257013929	0.003222974298607024	0	5825	0	0
1.0	0.0	0	5826	0	0
0.9967027731808836	0.0032972268191163935	0	5827	0	0
0.9967027731808836	0.0032972268191163935	0	5828	0	0
1.0	0.0	0	5829	0	0
1.0	0.0	0	5830	0	0
0.26893414965850176	0.7310658503414982	0	5831	1	1
0.9933535139498512	0.006646486050148832	0	5832	0	0
0.9867200113314331	0.013279988668566875	0	5833	0	0
0.9636285885749313	0.036371411425068834	0	5834	0	0
1.0	0.0	0	5835	0	0
0.9901292518232719	0.009870748176728023	0	5836	0	0
0.020771971963914847	0.9792280280360851	0	5837	1	1
0.0522979466384161	0.9477020533615839	0	5838	1	1
0.9900845047530936	0.009915495246906518	0	5839	0	0
1.0	0.0	0	5840	0	0
1.0	0.0	0	5841	0	0
1.0	0.0	0	5842	0	0
1.0	0.0	0	5843	0	0
0.9966666666666667	0.0033333333333333335	0	5844	0	0
1.0	0.0	0	5845	0	0
1.0	0.0	0	5846	0	0
1.0	0.0	0	5847	0	0
1.0	0.0	0	5848	0	0
1.0	0.0	0	5849	0	0
1.0	0.0	0	5850	0	0
1.0	0.0	0	5851	0	0
1.0	0.0	0	5852	0	0
1.0	0.0	0	5853	0	0
1.0	0.0	0	5854	0	0
1.0	0.0	0	5855	0	0
1.0	0.0	0	5856	0	0
1.0	0.0	0	5857	0	0
1.0	0.0	0	5858	0	0
1.0	0.0	0	5859	0	0
1.0	0.0	0	5860	0	0
1.0	0.0	0	5861	0	0
1.0	0.0	0	5862	0	0
1.0	0.0	0	5863	0	0
0.9977536602846321	0.002246339715368076	0	5864	0	0
0.9966972661148733	0.0033027338851266616	0	5865	0	0
1.0	0.0	0	5866	0	0
1.0	0.0	0	5867	0	0
1.0	0.0	0	5868	0	0
1.0	0.0	0	5869	0	0
1.0	0.0	0	5870	0	0
1.0	0.0	0	5871	0	0
1.0	0.0	0	5872	0	0
1.0	0.0	0	5873	0	0
1.0	0.0	0	5874	0	0
1.0	0.0	0	5875	0	0
1.0	0.0	0	5876	0	0
1.0	0.0	0	5877	0	0
1.0	0.0	0	5878	0	0
1.0	0.0	0	5879	0	0
0.9977536602846321	0.002246339715368076	0	5880	0	0
1.0	0.0	0	5881	0	0
1.0	0.0	0	5882	0	0
1.0	0.0	0	5883	0	0
1.0	0.0	0	5884	0	0
1.0	0.0	0	5885	0	0
0.9967813219657994	0.0032186780342005976	0	5886	0	0
0.9967813219657994	0.0032186780342005976	0	5887	0	0
0.9967813219657994	0.0032186780342005976	0	5888	0	0
1.0	0.0	0	5889	0	0
1.0	0.0	0	5890	0	0
1.0	0.0	0	5891	0	0
1.0	0.0	0	5892	0	0
1.0	0.0	0	5893	0	0
1.0	0.0	0	5894	0	0
1.0	0.0	0	5895	0	0
1.0	0.0	0	5896	0	0
0.993995061357706	0.006004938642294144	0	5897	0	0
1.0	0.0	0	5898	0	0
1.0	0.0	0	5899	0	0
1.0	0.0	0	5900	0	0
1.0	0.0	0	5901	0	0
1.0	0.0	0	5902	0	0
1.0	0.0	0	5903	0	0
0.984379286894407	0.015620713105592921	0	5904	0	0
1.0	0.0	0	5905	0	0
1.0	0.0	0	5906	0	0
1.0	0.0	0	5907	0	0
1.0	0.0	0	5908	0	0
1.0	0.0	0	5909	0	0
1.0	0.0	0	5910	0	0
1.0	0.0	0	5911	0	0
1.0	0.0	0	5912	0	0
1.0	0.0	0	5913	0	0
1.0	0.0	0	5914	0	0
1.0	0.0	0	5915	0	0
0.9967827577761451	0.0032172422238550087	0	5916	0	0
1.0	0.0	0	5917	0	0
1.0	0.0	0	5918	0	0
1.0	0.0	0	5919	0	0
1.0	0.0	0	5920	0	0
0.9992912875967235	0.0007087124032764601	0	5921	0	0
1.0	0.0	0	5922	0	0
0.9992912875967235	0.0007087124032764601	0	5923	0	0
1.0	0.0	0	5924	0	0
1.0	0.0	0	5925	0	0
1.0	0.0	0	5926	0	0
1.0	0.0	0	5927	0	0
1.0	0.0	0	5928	0	0
1.0	0.0	0	5929	0	0
1.0	0.0	0	5930	0	0
1.0	0.0	0	5931	0	0
1.0	0.0	0	5932	0	0
1.0	0.0	0	5933	0	0
1.0	0.0	0	5934	0	0
1.0	0.0	0	5935	0	0
1.0	0.0	0	5936	0	0
1.0	0.0	0	5937	0	0
1.0	0.0	0	5938	0	0
1.0	0.0	0	5939	0	0
1.0	0.0	0	5940	0	0
1.0	0.0	0	5941	0	0
0.9869230357813077	0.013076964218692352	0	5942	0	0
1.0	0.0	0	5943	0	0
1.0	0.0	0	5944	0	0
1.0	0.0	0	5945	0	0
0.993426999306724	0.00657300069327598	0	5946	0	0
1.0	0.0	0	5947	0	0
1.0	0.0	0	5948	0	0
1.0	0.0	0	5949	0	0
1.0	0.0	0	5950	0	0
1.0	0.0	0	5951	0	0
1.0	0.0	0	5952	0	0
1.0	0.0	0	5953	0	0
1.0	0.0	0	5954	0	0
1.0	0.0	0	5955	0	0
1.0	0.0	0	5956	0	0
1.0	0.0	0	5957	0	0
0.9968420038535646	0.003157996146435453	0	5958	0	0
1.0	0.0	0	5959	0	0
1.0	0.0	0	5960	0	0
1.0	0.0	0	5961	0	0
1.0	0.0	0	5962	0	0
1.0	0.0	0	5963	0	0
1.0	0.0	0	5964	0	0
1.0	0.0	0	5965	0	0
0.9966972661148733	0.0033027338851266616	0	5966	0	0
0.9900630028439075	0.009936997156092694	0	5967	0	0
0.9900630028439075	0.009936997156092694	0	5968	0	0
1.0	0.0	0	5969	0	0
1.0	0.0	0	5970	0	0
1.0	0.0	0	5971	0	0
1.0	0.0	0	5972	0	0
1.0	0.0	0	5973	0	0
0.9582221948029115	0.04177780519708854	0	5974	0	0
1.0	0.0	0	5975	0	0
1.0	0.0	0	5976	0	0
1.0	0.0	0	5977	0	0
1.0	0.0	0	5978	0	0
1.0	0.0	0	5979	0	0
1.0	0.0	0	5980	0	0
0.9741799445737841	0.02582005542621603	0	5981	0	0
0.9741799445737841	0.02582005542621603	0	5982	0	0
1.0	0.0	0	5983	0	0
0.92427410074864	0.07572589925135977	0	5984	0	0
1.0	0.0	0	5985	0	0
0.9801790253320359	0.019820974667964137	0	5986	0	0
0.9801790253320359	0.019820974667964137	0	5987	0	0
1.0	0.0	0	5988	0	0
1.0	0.0	0	5989	0	0
1.0	0.0	0	5990	0	0
1.0	0.0	0	5991	0	0
0.9935801097224934	0.006419890277506545	0	5992	0	0
0.9315843521459974	0.06841564785400255	0	5993	0	0
0.9974557128490755	0.002544287150924423	0	5994	0	0
1.0	0.0	0	5995	0	0
1.0	0.0	0	5996	0	0
1.0	0.0	0	5997	0	0
1.0	0.0	0	5998	0	0
1.0	0.0	0	5999	0	0
1.0	0.0	0	6000	0	0
1.0	0.0	0	6001	0	0
0.9966666666666667	0.0033333333333333335	0	6002	0	0
1.0	0.0	0	6003	0	0
0.9868486965428553	0.013151303457144603	0	6004	0	0
1.0	0.0	0	6005	0	0
1.0	0.0	0	6006	0	0
1.0	0.0	0	6007	0	0
1.0	0.0	0	6008	0	0
1.0	0.0	0	6009	0	0
1.0	0.0	0	6010	0	0
1.0	0.0	0	6011	0	0
1.0	0.0	0	6012	0	0
1.0	0.0	0	6013	0	0
0.9967479070689058	0.003252092931094269	0	6014	0	0
1.0	0.0	0	6015	0	0
1.0	0.0	0	6016	0	0
1.0	0.0	0	6017	0	0
1.0	0.0	0	6018	0	0
1.0	0.0	0	6019	0	0
1.0	0.0	0	6020	0	0
1.0	0.0	0	6021	0	0
1.0	0.0	0	6022	0	0
1.0	0.0	0	6023	0	0
1.0	0.0	0	6024	0	0
1.0	0.0	0	6025	0	0
1.0	0.0	0	6026	0	0
1.0	0.0	0	6027	0	0
1.0	0.0	0	6028	0	0
1.0	0.0	0	6029	0	0
1.0	0.0	0	6030	0	0
1.0	0.0	0	6031	0	0
1.0	0.0	0	6032	0	0
1.0	0.0	0	6033	0	0
1.0	0.0	0	6034	0	0
1.0	0.0	0	6035	0	0
1.0	0.0	0	6036	0	0
1.0	0.0	0	6037	0	0
1.0	0.0	0	6038	0	0
1.0	0.0	0	6039	0	0
1.0	0.0	0	6040	0	0
1.0	0.0	0	6041	0	0
1.0	0.0	0	6042	0	0
1.0	0.0	0	6043	0	0
1.0	0.0	0	6044	0	0
1.0	0.0	0	6045	0	0
1.0	0.0	0	6046	0	0
1.0	0.0	0	6047	0	0
1.0	0.0	0	6048	0	0
1.0	0.0	0	6049	0	0
1.0	0.0	0	6050	0	0
1.0	0.0	0	6051	0	0
1.0	0.0	0	6052	0	0
0.9934184755874211	0.006581524412578952	0	6053	0	0
1.0	0.0	0	6054	0	0
0.9941725329703422	0.005827467029657861	0	6055	0	0
1.0	0.0	0	6056	0	0
0.9992912875967235	0.0007087124032764601	0	6057	0	0
1.0	0.0	0	6058	0	0
0.9992912875967235	0.0007087124032764601	0	6059	0	0
0.9966972661148733	0.0033027338851266616	0	6060	0	0
1.0	0.0	0	6061	0	0
1.0	0.0	0	6062	0	0
1.0	0.0	0	6063	0	0
1.0	0.0	0	6064	0	0
1.0	0.0	0	6065	0	0
1.0	0.0	0	6066	0	0
1.0	0.0	0	6067	0	0
1.0	0.0	0	6068	0	0
1.0	0.0	0	6069	0	0
0.014398766019655672	0.9856012339803444	0	6070	1	1
1.0	0.0	0	6071	0	0
1.0	0.0	0	6072	0	0
1.0	0.0	0	6073	0	0
1.0	0.0	0	6074	0	0
1.0	0.0	0	6075	0	0
1.0	0.0	0	6076	0	0
0.8090649734936441	0.19093502650635583	0	6077	0	0
1.0	0.0	0	6078	0	0
1.0	0.0	0	6079	0	0
1.0	0.0	0	6080	0	0
1.0	0.0	0	6081	0	0
0.9967022824178581	0.0032977175821419613	0	6082	0	0
0.9967022824178581	0.0032977175821419613	0	6083	0	0
1.0	0.0	0	6084	0	0
1.0	0.0	0	6085	0	0
1.0	0.0	0	6086	0	0
1.0	0.0	0	6087	0	0
1.0	0.0	0	6088	0	0
1.0	0.0	0	6089	0	0
1.0	0.0	0	6090	0	0
1.0	0.0	0	6091	0	0
0.9934709580329619	0.006529041967038036	0	6092	0	0
1.0	0.0	0	6093	0	0
1.0	0.0	0	6094	0	0
1.0	0.0	0	6095	0	0
1.0	0.0	0	6096	0	0
1.0	0.0	0	6097	0	0
1.0	0.0	0	6098	0	0
1.0	0.0	0	6099	0	0
1.0	0.0	0	6100	0	0
1.0	0.0	0	6101	0	0
1.0	0.0	0	6102	0	0
1.0	0.0	0	6103	0	0
1.0	0.0	0	6104	0	0
1.0	0.0	0	6105	0	0
1.0	0.0	0	6106	0	0
1.0	0.0	0	6107	0	0
1.0	0.0	0	6108	0	0
1.0	0.0	0	6109	0	0
1.0	0.0	0	6110	0	0
1.0	0.0	0	6111	0	0
1.0	0.0	0	6112	0	0
1.0	0.0	0	6113	0	0
1.0	0.0	0	6114	0	0
1.0	0.0	0	6115	0	0
1.0	0.0	0	6116	0	0
1.0	0.0	0	6117	0	0
1.0	0.0	0	6118	0	0
1.0	0.0	0	6119	0	0
1.0	0.0	0	6120	0	0
1.0	0.0	0	6121	0	0
1.0	0.0	0	6122	0	0
1.0	0.0	0	6123	0	0
0.9704265134744535	0.029573486525546495	0	6124	0	0
1.0	0.0	0	6125	0	0
1.0	0.0	0	6126	0	0
1.0	0.0	0	6127	0	0
1.0	0.0	0	6128	0	0
1.0	0.0	0	6129	0	0
1.0	0.0	0	6130	0	0
1.0	0.0	0	6131	0	0
1.0	0.0	0	6132	0	0
1.0	0.0	0	6133	0	0
1.0	0.0	0	6134	0	0
0.9568710095225731	0.04312899047742692	0	6135	0	0
0.9992912875967235	0.0007087124032764601	0	6136	0	0
1.0	0.0	0	6137	0	0
0.9992912875967235	0.0007087124032764601	0	6138	0	0
1.0	0.0	0	6139	0	0
1.0	0.0	0	6140	0	0
1.0	0.0	0	6141	0	0
1.0	0.0	0	6142	0	0
0.9966838046272494	0.003316195372750643	0	6143	0	0
0.9966838046272494	0.003316195372750643	0	6144	0	0
1.0	0.0	0	6145	0	0
1.0	0.0	0	6146	0	0
1.0	0.0	0	6147	0	0
1.0	0.0	0	6148	0	0
1.0	0.0	0	6149	0	0
1.0	0.0	0	6150	0	0
1.0	0.0	0	6151	0	0
1.0	0.0	0	6152	0	0
1.0	0.0	0	6153	0	0
0.9974518242797876	0.0025481757202124775	0	6154	0	0
1.0	0.0	0	6155	0	0
1.0	0.0	0	6156	0	0
1.0	0.0	0	6157	0	0
1.0	0.0	0	6158	0	0
1.0	0.0	0	6159	0	0
1.0	0.0	0	6160	0	0
1.0	0.0	0	6161	0	0
1.0	0.0	0	6162	0	0
1.0	0.0	0	6163	0	0
1.0	0.0	0	6164	0	0
1.0	0.0	0	6165	0	0
1.0	0.0	0	6166	0	0
1.0	0.0	0	6167	0	0
1.0	0.0	0	6168	0	0
1.0	0.0	0	6169	0	0
1.0	0.0	0	6170	0	0
1.0	0.0	0	6171	0	0
1.0	0.0	0	6172	0	0
1.0	0.0	0	6173	0	0
1.0	0.0	0	6174	0	0
1.0	0.0	0	6175	0	0
1.0	0.0	0	6176	0	0
1.0	0.0	0	6177	0	0
1.0	0.0	0	6178	0	0
1.0	0.0	0	6179	0	0
1.0	0.0	0	6180	0	0
1.0	0.0	0	6181	0	0
1.0	0.0	0	6182	0	0
1.0	0.0	0	6183	0	0
1.0	0.0	0	6184	0	0
1.0	0.0	0	6185	0	0
1.0	0.0	0	6186	0	0
1.0	0.0	0	6187	0	0
1.0	0.0	0	6188	0	0
1.0	0.0	0	6189	0	0
1.0	0.0	0	6190	0	0
0.9934328553799865	0.0065671446200134724	0	6191	0	0
1.0	0.0	0	6192	0	0
1.0	0.0	0	6193	0	0
1.0	0.0	0	6194	0	0
1.0	0.0	0	6195	0	0
1.0	0.0	0	6196	0	0
1.0	0.0	0	6197	0	0
1.0	0.0	0	6198	0	0
1.0	0.0	0	6199	0	0
1.0	0.0	0	6200	0	0
0.9968549701957818	0.003145029804218242	0	6201	0	0
0.9968549701957818	0.003145029804218242	0	6202	0	0
1.0	0.0	0	6203	0	0
1.0	0.0	0	6204	0	0
1.0	0.0	0	6205	0	0
1.0	0.0	0	6206	0	0
1.0	0.0	0	6207	0	0
1.0	0.0	0	6208	0	0
1.0	0.0	0	6209	0	0
1.0	0.0	0	6210	0	0
1.0	0.0	0	6211	0	0
1.0	0.0	0	6212	0	0
1.0	0.0	0	6213	0	0
1.0	0.0	0	6214	0	0
1.0	0.0	0	6215	0	0
1.0	0.0	0	6216	0	0
1.0	0.0	0	6217	0	0
1.0	0.0	0	6218	0	0
1.0	0.0	0	6219	0	0
1.0	0.0	0	6220	0	0
1.0	0.0	0	6221	0	0
1.0	0.0	0	6222	0	0
1.0	0.0	0	6223	0	0
1.0	0.0	0	6224	0	0
1.0	0.0	0	6225	0	0
1.0	0.0	0	6226	0	0
1.0	0.0	0	6227	0	0
1.0	0.0	0	6228	0	0
1.0	0.0	0	6229	0	0
1.0	0.0	0	6230	0	0
1.0	0.0	0	6231	0	0
1.0	0.0	0	6232	0	0
1.0	0.0	0	6233	0	0
1.0	0.0	0	6234	0	0
1.0	0.0	0	6235	0	0
1.0	0.0	0	6236	0	0
0.06649582993020067	0.9335041700697992	0	6237	1	1
1.0	0.0	0	6238	0	0
1.0	0.0	0	6239	0	0
1.0	0.0	0	6240	0	0
0.9935698874163753	0.006430112583624634	0	6241	0	0
1.0	0.0	0	6242	0	0
0.011332778658305221	0.9886672213416952	0	6243	1	1
1.0	0.0	0	6244	0	0
1.0	0.0	0	6245	0	0
1.0	0.0	0	6246	0	0
1.0	0.0	0	6247	0	0
1.0	0.0	0	6248	0	0
0.9972025860235635	0.0027974139764365613	0	6249	0	0
1.0	0.0	0	6250	0	0
1.0	0.0	0	6251	0	0
1.0	0.0	0	6252	0	0
1.0	0.0	0	6253	0	0
1.0	0.0	0	6254	0	0
1.0	0.0	0	6255	0	0
1.0	0.0	0	6256	0	0
1.0	0.0	0	6257	0	0
1.0	0.0	0	6258	0	0
1.0	0.0	0	6259	0	0
1.0	0.0	0	6260	0	0
1.0	0.0	0	6261	0	0
1.0	0.0	0	6262	0	0
1.0	0.0	0	6263	0	0
1.0	0.0	0	6264	0	0
0.9971896095018371	0.002810390498162864	0	6265	0	0
1.0	0.0	0	6266	0	0
1.0	0.0	0	6267	0	0
1.0	0.0	0	6268	0	0
0.2200470143093168	0.7799529856906834	0	6269	1	1
1.0	0.0	0	6270	0	0
1.0	0.0	0	6271	0	0
1.0	0.0	0	6272	0	0
1.0	0.0	0	6273	0	0
1.0	0.0	0	6274	0	0
1.0	0.0	0	6275	0	0
1.0	0.0	0	6276	0	0
0.996703285678455	0.003296714321545021	0	6277	0	0
1.0	0.0	0	6278	0	0
1.0	0.0	0	6279	0	0
1.0	0.0	0	6280	0	0
1.0	0.0	0	6281	0	0
1.0	0.0	0	6282	0	0
0.9966972661148733	0.0033027338851266616	0	6283	0	0
1.0	0.0	0	6284	0	0
1.0	0.0	0	6285	0	0
1.0	0.0	0	6286	0	0
1.0	0.0	0	6287	0	0
1.0	0.0	0	6288	0	0
1.0	0.0	0	6289	0	0
1.0	0.0	0	6290	0	0
0.9968605996949765	0.0031394003050235686	0	6291	0	0
1.0	0.0	0	6292	0	0
1.0	0.0	0	6293	0	0
1.0	0.0	0	6294	0	0
1.0	0.0	0	6295	0	0
1.0	0.0	0	6296	0	0
1.0	0.0	0	6297	0	0
1.0	0.0	0	6298	0	0
1.0	0.0	0	6299	0	0
1.0	0.0	0	6300	0	0
1.0	0.0	0	6301	0	0
1.0	0.0	0	6302	0	0
0.881383481262411	0.11861651873758876	0	6303	0	0
0.9966786237558733	0.003321376244126712	0	6304	0	0
1.0	0.0	0	6305	0	0
1.0	0.0	0	6306	0	0
1.0	0.0	0	6307	0	0
1.0	0.0	0	6308	0	0
1.0	0.0	0	6309	0	0
1.0	0.0	0	6310	0	0
1.0	0.0	0	6311	0	0
1.0	0.0	0	6312	0	0
1.0	0.0	0	6313	0	0
1.0	0.0	0	6314	0	0
1.0	0.0	0	6315	0	0
1.0	0.0	0	6316	0	0
0.9901118614910002	0.009888138508999798	0	6317	0	0
1.0	0.0	0	6318	0	0
0.9901118614910002	0.009888138508999798	0	6319	0	0
1.0	0.0	0	6320	0	0
1.0	0.0	0	6321	0	0
1.0	0.0	0	6322	0	0
1.0	0.0	0	6323	0	0
1.0	0.0	0	6324	0	0
1.0	0.0	0	6325	0	0
1.0	0.0	0	6326	0	0
1.0	0.0	0	6327	0	0
0.9974518242797876	0.0025481757202124775	0	6328	0	0
0.9739893748335448	0.02601062516645534	0	6329	0	0
1.0	0.0	0	6330	0	0
1.0	0.0	0	6331	0	0
1.0	0.0	0	6332	0	0
1.0	0.0	0	6333	0	0
1.0	0.0	0	6334	0	0
1.0	0.0	0	6335	0	0
1.0	0.0	0	6336	0	0
1.0	0.0	0	6337	0	0
1.0	0.0	0	6338	0	0
1.0	0.0	0	6339	0	0
1.0	0.0	0	6340	0	0
1.0	0.0	0	6341	0	0
0.9974518242797876	0.0025481757202124775	0	6342	0	0
1.0	0.0	0	6343	0	0
1.0	0.0	0	6344	0	0
1.0	0.0	0	6345	0	0
1.0	0.0	0	6346	0	0
1.0	0.0	0	6347	0	0
1.0	0.0	0	6348	0	0
1.0	0.0	0	6349	0	0
1.0	0.0	0	6350	0	0
0.993995061357706	0.006004938642294144	0	6351	0	0
1.0	0.0	0	6352	0	0
1.0	0.0	0	6353	0	0
1.0	0.0	0	6354	0	0
1.0	0.0	0	6355	0	0
1.0	0.0	0	6356	0	0
1.0	0.0	0	6357	0	0
0.7152349803902635	0.2847650196097367	0	6358	0	0
1.0	0.0	0	6359	0	0
1.0	0.0	0	6360	0	0
1.0	0.0	0	6361	0	0
1.0	0.0	0	6362	0	0
1.0	0.0	0	6363	0	0
1.0	0.0	0	6364	0	0
1.0	0.0	0	6365	0	0
1.0	0.0	0	6366	0	0
1.0	0.0	0	6367	0	0
1.0	0.0	0	6368	0	0
1.0	0.0	0	6369	0	0
1.0	0.0	0	6370	0	0
1.0	0.0	0	6371	0	0
1.0	0.0	0	6372	0	0
1.0	0.0	0	6373	0	0
1.0	0.0	0	6374	0	0
1.0	0.0	0	6375	0	0
0.904965097346384	0.0950349026536164	0	6376	0	0
1.0	0.0	0	6377	0	0
0.9992912875967235	0.0007087124032764601	0	6378	0	0
0.9992912875967235	0.0007087124032764601	0	6379	0	0
1.0	0.0	0	6380	0	0
1.0	0.0	0	6381	0	0
1.0	0.0	0	6382	0	0
1.0	0.0	0	6383	0	0
0.9012892068385596	0.0987107931614402	0	6384	0	0
1.0	0.0	0	6385	0	0
1.0	0.0	0	6386	0	0
1.0	0.0	0	6387	0	0
1.0	0.0	0	6388	0	0
1.0	0.0	0	6389	0	0
1.0	0.0	0	6390	0	0
0.9968605996949765	0.0031394003050235686	0	6391	0	0
1.0	0.0	0	6392	0	0
1.0	0.0	0	6393	0	0
1.0	0.0	0	6394	0	0
1.0	0.0	0	6395	0	0
1.0	0.0	0	6396	0	0
1.0	0.0	0	6397	0	0
1.0	0.0	0	6398	0	0
1.0	0.0	0	6399	0	0
1.0	0.0	0	6400	0	0
1.0	0.0	0	6401	0	0
1.0	0.0	0	6402	0	0
1.0	0.0	0	6403	0	0
1.0	0.0	0	6404	0	0
1.0	0.0	0	6405	0	0
1.0	0.0	0	6406	0	0
1.0	0.0	0	6407	0	0
1.0	0.0	0	6408	0	0
1.0	0.0	0	6409	0	0
1.0	0.0	0	6410	0	0
1.0	0.0	0	6411	0	0
1.0	0.0	0	6412	0	0
1.0	0.0	0	6413	0	0
1.0	0.0	0	6414	0	0
0.020899866120266307	0.9791001338797338	0	6415	1	1
1.0	0.0	0	6416	0	0
1.0	0.0	0	6417	0	0
0.9992912875967235	0.0007087124032764601	0	6418	0	0
0.9992912875967235	0.0007087124032764601	0	6419	0	0
1.0	0.0	0	6420	0	0
1.0	0.0	0	6421	0	0
1.0	0.0	0	6422	0	0
1.0	0.0	0	6423	0	0
1.0	0.0	0	6424	0	0
1.0	0.0	0	6425	0	0
1.0	0.0	0	6426	0	0
1.0	0.0	0	6427	0	0
1.0	0.0	0	6428	0	0
1.0	0.0	0	6429	0	0
1.0	0.0	0	6430	0	0
1.0	0.0	0	6431	0	0
1.0	0.0	0	6432	0	0
1.0	0.0	0	6433	0	0
1.0	0.0	0	6434	0	0
1.0	0.0	0	6435	0	0
1.0	0.0	0	6436	0	0
1.0	0.0	0	6437	0	0
1.0	0.0	0	6438	0	0
1.0	0.0	0	6439	0	0
1.0	0.0	0	6440	0	0
1.0	0.0	0	6441	0	0
1.0	0.0	0	6442	0	0
1.0	0.0	0	6443	0	0
1.0	0.0	0	6444	0	0
1.0	0.0	0	6445	0	0
1.0	0.0	0	6446	0	0
1.0	0.0	0	6447	0	0
1.0	0.0	0	6448	0	0
1.0	0.0	0	6449	0	0
1.0	0.0	0	6450	0	0
1.0	0.0	0	6451	0	0
1.0	0.0	0	6452	0	0
1.0	0.0	0	6453	0	0
1.0	0.0	0	6454	0	0
0.9778887407980958	0.02211125920190418	0	6455	0	0
1.0	0.0	0	6456	0	0
1.0	0.0	0	6457	0	0
1.0	0.0	0	6458	0	0
1.0	0.0	0	6459	0	0
0.9967914777436497	0.0032085222563502506	0	6460	0	0
1.0	0.0	0	6461	0	0
1.0	0.0	0	6462	0	0
1.0	0.0	0	6463	0	0
1.0	0.0	0	6464	0	0
1.0	0.0	0	6465	0	0
1.0	0.0	0	6466	0	0
1.0	0.0	0	6467	0	0
1.0	0.0	0	6468	0	0
1.0	0.0	0	6469	0	0
1.0	0.0	0	6470	0	0
1.0	0.0	0	6471	0	0
1.0	0.0	0	6472	0	0
1.0	0.0	0	6473	0	0
0.0790350675750824	0.9209649324249178	0	6474	1	1
0.05813280437976728	0.9418671956202328	0	6475	1	1
0.9708693319584168	0.02913066804158318	0	6476	0	0
1.0	0.0	0	6477	0	0
1.0	0.0	0	6478	0	0
1.0	0.0	0	6479	0	0
1.0	0.0	0	6480	0	0
1.0	0.0	0	6481	0	0
1.0	0.0	0	6482	0	0
1.0	0.0	0	6483	0	0
1.0	0.0	0	6484	0	0
1.0	0.0	0	6485	0	0
0.9992912875967235	0.0007087124032764601	0	6486	0	0
0.9992912875967235	0.0007087124032764601	0	6487	0	0
0.9967017702221553	0.0032982297778446417	0	6488	0	0
0.996761131611316	0.003238868388683887	0	6489	0	0
1.0	0.0	0	6490	0	0
1.0	0.0	0	6491	0	0
1.0	0.0	0	6492	0	0
1.0	0.0	0	6493	0	0
1.0	0.0	0	6494	0	0
1.0	0.0	0	6495	0	0
0.5248748324717805	0.47512516752821937	0	6496	0	0
1.0	0.0	0	6497	0	0
1.0	0.0	0	6498	0	0
1.0	0.0	0	6499	0	0
1.0	0.0	0	6500	0	0
1.0	0.0	0	6501	0	0
1.0	0.0	0	6502	0	0
1.0	0.0	0	6503	0	0
1.0	0.0	0	6504	0	0
1.0	0.0	0	6505	0	0
1.0	0.0	0	6506	0	0
1.0	0.0	0	6507	0	0
1.0	0.0	0	6508	0	0
1.0	0.0	0	6509	0	0
1.0	0.0	0	6510	0	0
1.0	0.0	0	6511	0	0
1.0	0.0	0	6512	0	0
1.0	0.0	0	6513	0	0
0.9775129105518814	0.022487089448118683	0	6514	0	0
0.9901000613408428	0.00989993865915728	0	6515	0	0
1.0	0.0	0	6516	0	0
0.9901000613408428	0.00989993865915728	0	6517	0	0
0.9507622569103061	0.04923774308969404	0	6518	0	0
1.0	0.0	0	6519	0	0
1.0	0.0	0	6520	0	0
1.0	0.0	0	6521	0	0
1.0	0.0	0	6522	0	0
0.9967322111326282	0.003267788867371766	0	6523	0	0
1.0	0.0	0	6524	0	0
1.0	0.0	0	6525	0	0
1.0	0.0	0	6526	0	0
1.0	0.0	0	6527	0	0
1.0	0.0	0	6528	0	0
1.0	0.0	0	6529	0	0
1.0	0.0	0	6530	0	0
1.0	0.0	0	6531	0	0
1.0	0.0	0	6532	0	0
1.0	0.0	0	6533	0	0
1.0	0.0	0	6534	0	0
1.0	0.0	0	6535	0	0
1.0	0.0	0	6536	0	0
1.0	0.0	0	6537	0	0
1.0	0.0	0	6538	0	0
1.0	0.0	0	6539	0	0
1.0	0.0	0	6540	0	0
0.9539977611393359	0.04600223886066416	0	6541	0	0
1.0	0.0	0	6542	0	0
1.0	0.0	0	6543	0	0
1.0	0.0	0	6544	0	0
1.0	0.0	0	6545	0	0
1.0	0.0	0	6546	0	0
1.0	0.0	0	6547	0	0
1.0	0.0	0	6548	0	0
1.0	0.0	0	6549	0	0
1.0	0.0	0	6550	0	0
1.0	0.0	0	6551	0	0
1.0	0.0	0	6552	0	0
1.0	0.0	0	6553	0	0
1.0	0.0	0	6554	0	0
1.0	0.0	0	6555	0	0
0.9771227302107618	0.02287726978923825	0	6556	0	0
1.0	0.0	0	6557	0	0
1.0	0.0	0	6558	0	0
1.0	0.0	0	6559	0	0
1.0	0.0	0	6560	0	0
1.0	0.0	0	6561	0	0
1.0	0.0	0	6562	0	0
1.0	0.0	0	6563	0	0
1.0	0.0	0	6564	0	0
1.0	0.0	0	6565	0	0
1.0	0.0	0	6566	0	0
1.0	0.0	0	6567	0	0
1.0	0.0	0	6568	0	0
1.0	0.0	0	6569	0	0
1.0	0.0	0	6570	0	0
1.0	0.0	0	6571	0	0
1.0	0.0	0	6572	0	0
1.0	0.0	0	6573	0	0
1.0	0.0	0	6574	0	0
1.0	0.0	0	6575	0	0
1.0	0.0	0	6576	0	0
1.0	0.0	0	6577	0	0
1.0	0.0	0	6578	0	0
1.0	0.0	0	6579	0	0
1.0	0.0	0	6580	0	0
1.0	0.0	0	6581	0	0
1.0	0.0	0	6582	0	0
1.0	0.0	0	6583	0	0
1.0	0.0	0	6584	0	0
1.0	0.0	0	6585	0	0
1.0	0.0	0	6586	0	0
1.0	0.0	0	6587	0	0
1.0	0.0	0	6588	0	0
1.0	0.0	0	6589	0	0
1.0	0.0	0	6590	0	0
1.0	0.0	0	6591	0	0
1.0	0.0	0	6592	0	0
0.9093528741464145	0.09064712585358553	0	6593	0	0
1.0	0.0	0	6594	0	0
1.0	0.0	0	6595	0	0
1.0	0.0	0	6596	0	0
1.0	0.0	0	6597	0	0
1.0	0.0	0	6598	0	0
1.0	0.0	0	6599	0	0
1.0	0.0	0	6600	0	0
1.0	0.0	0	6601	0	0
1.0	0.0	0	6602	0	0
1.0	0.0	0	6603	0	0
1.0	0.0	0	6604	0	0
1.0	0.0	0	6605	0	0
1.0	0.0	0	6606	0	0
1.0	0.0	0	6607	0	0
1.0	0.0	0	6608	0	0
1.0	0.0	0	6609	0	0
1.0	0.0	0	6610	0	0
1.0	0.0	0	6611	0	0
0.9934458283892259	0.006554171610774248	0	6612	0	0
0.9967410492908857	0.003258950709114351	0	6613	0	0
1.0	0.0	0	6614	0	0
0.9968489208633093	0.0031510791366906477	0	6615	0	0
1.0	0.0	0	6616	0	0
1.0	0.0	0	6617	0	0
1.0	0.0	0	6618	0	0
1.0	0.0	0	6619	0	0
1.0	0.0	0	6620	0	0
0.9933991295314987	0.006600870468501321	0	6621	0	0
0.9934213241669947	0.006578675833005286	0	6622	0	0
1.0	0.0	0	6623	0	0
1.0	0.0	0	6624	0	0
1.0	0.0	0	6625	0	0
1.0	0.0	0	6626	0	0
1.0	0.0	0	6627	0	0
1.0	0.0	0	6628	0	0
1.0	0.0	0	6629	0	0
1.0	0.0	0	6630	0	0
1.0	0.0	0	6631	0	0
1.0	0.0	0	6632	0	0
1.0	0.0	0	6633	0	0
1.0	0.0	0	6634	0	0
0.9992912875967235	0.0007087124032764601	0	6635	0	0
0.9992912875967235	0.0007087124032764601	0	6636	0	0
1.0	0.0	0	6637	0	0
1.0	0.0	0	6638	0	0
1.0	0.0	0	6639	0	0
0.997016348773842	0.002983651226158038	0	6640	0	0
1.0	0.0	0	6641	0	0
1.0	0.0	0	6642	0	0
1.0	0.0	0	6643	0	0
1.0	0.0	0	6644	0	0
1.0	0.0	0	6645	0	0
1.0	0.0	0	6646	0	0
1.0	0.0	0	6647	0	0
1.0	0.0	0	6648	0	0
1.0	0.0	0	6649	0	0
1.0	0.0	0	6650	0	0
1.0	0.0	0	6651	0	0
1.0	0.0	0	6652	0	0
1.0	0.0	0	6653	0	0
1.0	0.0	0	6654	0	0
0.9972025860235635	0.0027974139764365613	0	6655	0	0
1.0	0.0	0	6656	0	0
1.0	0.0	0	6657	0	0
1.0	0.0	0	6658	0	0
1.0	0.0	0	6659	0	0
1.0	0.0	0	6660	0	0
1.0	0.0	0	6661	0	0
1.0	0.0	0	6662	0	0
1.0	0.0	0	6663	0	0
1.0	0.0	0	6664	0	0
1.0	0.0	0	6665	0	0
1.0	0.0	0	6666	0	0
1.0	0.0	0	6667	0	0
1.0	0.0	0	6668	0	0
0.9967027840481565	0.0032972159518434917	0	6669	0	0
1.0	0.0	0	6670	0	0
1.0	0.0	0	6671	0	0
1.0	0.0	0	6672	0	0
1.0	0.0	0	6673	0	0
1.0	0.0	0	6674	0	0
1.0	0.0	0	6675	0	0
1.0	0.0	0	6676	0	0
1.0	0.0	0	6677	0	0
1.0	0.0	0	6678	0	0
0.9992912875967235	0.0007087124032764601	0	6679	0	0
0.9992912875967235	0.0007087124032764601	0	6680	0	0
1.0	0.0	0	6681	0	0
1.0	0.0	0	6682	0	0
1.0	0.0	0	6683	0	0
1.0	0.0	0	6684	0	0
1.0	0.0	0	6685	0	0
1.0	0.0	0	6686	0	0
1.0	0.0	0	6687	0	0
1.0	0.0	0	6688	0	0
1.0	0.0	0	6689	0	0
1.0	0.0	0	6690	0	0
1.0	0.0	0	6691	0	0
1.0	0.0	0	6692	0	0
1.0	0.0	0	6693	0	0
1.0	0.0	0	6694	0	0
1.0	0.0	0	6695	0	0
1.0	0.0	0	6696	0	0
1.0	0.0	0	6697	0	0
1.0	0.0	0	6698	0	0
1.0	0.0	0	6699	0	0
1.0	0.0	0	6700	0	0
0.9672065124512409	0.03279348754875913	0	6701	0	0
1.0	0.0	0	6702	0	0
1.0	0.0	0	6703	0	0
1.0	0.0	0	6704	0	0
1.0	0.0	0	6705	0	0
1.0	0.0	0	6706	0	0
0.993995061357706	0.006004938642294144	0	6707	0	0
0.9968489208633093	0.0031510791366906477	0	6708	0	0
0.9968489208633093	0.0031510791366906477	0	6709	0	0
0.9968489208633093	0.0031510791366906477	0	6710	0	0
1.0	0.0	0	6711	0	0
1.0	0.0	0	6712	0	0
1.0	0.0	0	6713	0	0
1.0	0.0	0	6714	0	0
1.0	0.0	0	6715	0	0
1.0	0.0	0	6716	0	0
1.0	0.0	0	6717	0	0
1.0	0.0	0	6718	0	0
1.0	0.0	0	6719	0	0
1.0	0.0	0	6720	0	0
1.0	0.0	0	6721	0	0
1.0	0.0	0	6722	0	0
1.0	0.0	0	6723	0	0
1.0	0.0	0	6724	0	0
1.0	0.0	0	6725	0	0
1.0	0.0	0	6726	0	0
1.0	0.0	0	6727	0	0
1.0	0.0	0	6728	0	0
1.0	0.0	0	6729	0	0
1.0	0.0	0	6730	0	0
1.0	0.0	0	6731	0	0
1.0	0.0	0	6732	0	0
1.0	0.0	0	6733	0	0
1.0	0.0	0	6734	0	0
1.0	0.0	0	6735	0	0
1.0	0.0	0	6736	0	0
1.0	0.0	0	6737	0	0
1.0	0.0	0	6738	0	0
1.0	0.0	0	6739	0	0
1.0	0.0	0	6740	0	0
1.0	0.0	0	6741	0	0
1.0	0.0	0	6742	0	0
1.0	0.0	0	6743	0	0
1.0	0.0	0	6744	0	0
1.0	0.0	0	6745	0	0
1.0	0.0	0	6746	0	0
1.0	0.0	0	6747	0	0
1.0	0.0	0	6748	0	0
1.0	0.0	0	6749	0	0
1.0	0.0	0	6750	0	0
1.0	0.0	0	6751	0	0
1.0	0.0	0	6752	0	0
1.0	0.0	0	6753	0	0
1.0	0.0	0	6754	0	0
1.0	0.0	0	6755	0	0
1.0	0.0	0	6756	0	0
1.0	0.0	0	6757	0	0
1.0	0.0	0	6758	0	0
1.0	0.0	0	6759	0	0
1.0	0.0	0	6760	0	0
1.0	0.0	0	6761	0	0
1.0	0.0	0	6762	0	0
1.0	0.0	0	6763	0	0
1.0	0.0	0	6764	0	0
1.0	0.0	0	6765	0	0
1.0	0.0	0	6766	0	0
1.0	0.0	0	6767	0	0
0.9873291436970913	0.012670856302908562	0	6768	0	0
1.0	0.0	0	6769	0	0
1.0	0.0	0	6770	0	0
1.0	0.0	0	6771	0	0
1.0	0.0	0	6772	0	0
1.0	0.0	0	6773	0	0
1.0	0.0	0	6774	0	0
1.0	0.0	0	6775	0	0
1.0	0.0	0	6776	0	0
1.0	0.0	0	6777	0	0
1.0	0.0	0	6778	0	0
1.0	0.0	0	6779	0	0
1.0	0.0	0	6780	0	0
1.0	0.0	0	6781	0	0
1.0	0.0	0	6782	0	0
1.0	0.0	0	6783	0	0
1.0	0.0	0	6784	0	0
0.9967092924126172	0.0032907075873827786	0	6785	0	0
1.0	0.0	0	6786	0	0
1.0	0.0	0	6787	0	0
1.0	0.0	0	6788	0	0
1.0	0.0	0	6789	0	0
1.0	0.0	0	6790	0	0
1.0	0.0	0	6791	0	0
1.0	0.0	0	6792	0	0
1.0	0.0	0	6793	0	0
1.0	0.0	0	6794	0	0
1.0	0.0	0	6795	0	0
1.0	0.0	0	6796	0	0
1.0	0.0	0	6797	0	0
0.8396553317866767	0.1603446682133234	0	6798	0	0
1.0	0.0	0	6799	0	0
1.0	0.0	0	6800	0	0
1.0	0.0	0	6801	0	0
1.0	0.0	0	6802	0	0
1.0	0.0	0	6803	0	0
1.0	0.0	0	6804	0	0
1.0	0.0	0	6805	0	0
1.0	0.0	0	6806	0	0
0.9867631969555812	0.013236803044418766	0	6807	0	0
0.9867588568305897	0.013241143169410219	0	6808	0	0
1.0	0.0	0	6809	0	0
0.9968489208633093	0.0031510791366906477	0	6810	0	0
1.0	0.0	0	6811	0	0
0.9968489208633093	0.0031510791366906477	0	6812	0	0
1.0	0.0	0	6813	0	0
1.0	0.0	0	6814	0	0
1.0	0.0	0	6815	0	0
1.0	0.0	0	6816	0	0
1.0	0.0	0	6817	0	0
1.0	0.0	0	6818	0	0
1.0	0.0	0	6819	0	0
1.0	0.0	0	6820	0	0
1.0	0.0	0	6821	0	0
1.0	0.0	0	6822	0	0
1.0	0.0	0	6823	0	0
0.9945299906036079	0.005470009396392187	0	6824	0	0
1.0	0.0	0	6825	0	0
1.0	0.0	0	6826	0	0
1.0	0.0	0	6827	0	0
1.0	0.0	0	6828	0	0
1.0	0.0	0	6829	0	0
1.0	0.0	0	6830	0	0
0.9477926057239587	0.05220739427604098	0	6831	0	0
1.0	0.0	0	6832	0	0
1.0	0.0	0	6833	0	0
1.0	0.0	0	6834	0	0
1.0	0.0	0	6835	0	0
1.0	0.0	0	6836	0	0
1.0	0.0	0	6837	0	0
1.0	0.0	0	6838	0	0
1.0	0.0	0	6839	0	0
1.0	0.0	0	6840	0	0
1.0	0.0	0	6841	0	0
1.0	0.0	0	6842	0	0
1.0	0.0	0	6843	0	0
1.0	0.0	0	6844	0	0
1.0	0.0	0	6845	0	0
0.9900838363406721	0.009916163659327949	0	6846	0	0
1.0	0.0	0	6847	0	0
1.0	0.0	0	6848	0	0
1.0	0.0	0	6849	0	0
1.0	0.0	0	6850	0	0
1.0	0.0	0	6851	0	0
1.0	0.0	0	6852	0	0
1.0	0.0	0	6853	0	0
1.0	0.0	0	6854	0	0
1.0	0.0	0	6855	0	0
1.0	0.0	0	6856	0	0
1.0	0.0	0	6857	0	0
1.0	0.0	0	6858	0	0
1.0	0.0	0	6859	0	0
1.0	0.0	0	6860	0	0
1.0	0.0	0	6861	0	0
1.0	0.0	0	6862	0	0
1.0	0.0	0	6863	0	0
1.0	0.0	0	6864	0	0
1.0	0.0	0	6865	0	0
1.0	0.0	0	6866	0	0
1.0	0.0	0	6867	0	0
1.0	0.0	0	6868	0	0
0.9966987613459708	0.003301238654029387	0	6869	0	0
1.0	0.0	0	6870	0	0
1.0	0.0	0	6871	0	0
1.0	0.0	0	6872	0	0
1.0	0.0	0	6873	0	0
1.0	0.0	0	6874	0	0
1.0	0.0	0	6875	0	0
0.996755345354222	0.003244654645777909	0	6876	0	0
1.0	0.0	0	6877	0	0
1.0	0.0	0	6878	0	0
1.0	0.0	0	6879	0	0
0.9835256793656809	0.016474320634319063	0	6880	0	0
0.9835256793656809	0.016474320634319063	0	6881	0	0
1.0	0.0	0	6882	0	0
1.0	0.0	0	6883	0	0
1.0	0.0	0	6884	0	0
1.0	0.0	0	6885	0	0
1.0	0.0	0	6886	0	0
1.0	0.0	0	6887	0	0
1.0	0.0	0	6888	0	0
1.0	0.0	0	6889	0	0
1.0	0.0	0	6890	0	0
1.0	0.0	0	6891	0	0
1.0	0.0	0	6892	0	0
1.0	0.0	0	6893	0	0
1.0	0.0	0	6894	0	0
1.0	0.0	0	6895	0	0
1.0	0.0	0	6896	0	0
1.0	0.0	0	6897	0	0
1.0	0.0	0	6898	0	0
1.0	0.0	0	6899	0	0
1.0	0.0	0	6900	0	0
1.0	0.0	0	6901	0	0
1.0	0.0	0	6902	0	0
1.0	0.0	0	6903	0	0
1.0	0.0	0	6904	0	0
1.0	0.0	0	6905	0	0
1.0	0.0	0	6906	0	0
1.0	0.0	0	6907	0	0
1.0	0.0	0	6908	0	0
1.0	0.0	0	6909	0	0
1.0	0.0	0	6910	0	0
1.0	0.0	0	6911	0	0
1.0	0.0	0	6912	0	0
1.0	0.0	0	6913	0	0
1.0	0.0	0	6914	0	0
1.0	0.0	0	6915	0	0
1.0	0.0	0	6916	0	0
1.0	0.0	0	6917	0	0
1.0	0.0	0	6918	0	0
1.0	0.0	0	6919	0	0
1.0	0.0	0	6920	0	0
1.0	0.0	0	6921	0	0
1.0	0.0	0	6922	0	0
1.0	0.0	0	6923	0	0
1.0	0.0	0	6924	0	0
1.0	0.0	0	6925	0	0
1.0	0.0	0	6926	0	0
1.0	0.0	0	6927	0	0
1.0	0.0	0	6928	0	0
1.0	0.0	0	6929	0	0
1.0	0.0	0	6930	0	0
1.0	0.0	0	6931	0	0
1.0	0.0	0	6932	0	0
1.0	0.0	0	6933	0	0
1.0	0.0	0	6934	0	0
1.0	0.0	0	6935	0	0
1.0	0.0	0	6936	0	0
1.0	0.0	0	6937	0	0
1.0	0.0	0	6938	0	0
1.0	0.0	0	6939	0	0
1.0	0.0	0	6940	0	0
1.0	0.0	0	6941	0	0
1.0	0.0	0	6942	0	0
1.0	0.0	0	6943	0	0
1.0	0.0	0	6944	0	0
1.0	0.0	0	6945	0	0
0.9867062058135214	0.013293794186478625	0	6946	0	0
0.9640405043950843	0.03595949560491573	0	6947	0	0
0.9507416663636904	0.049258333636309375	0	6948	0	0
1.0	0.0	0	6949	0	0
1.0	0.0	0	6950	0	0
1.0	0.0	0	6951	0	0
1.0	0.0	0	6952	0	0
1.0	0.0	0	6953	0	0
1.0	0.0	0	6954	0	0
1.0	0.0	0	6955	0	0
1.0	0.0	0	6956	0	0
1.0	0.0	0	6957	0	0
1.0	0.0	0	6958	0	0
1.0	0.0	0	6959	0	0
1.0	0.0	0	6960	0	0
1.0	0.0	0	6961	0	0
1.0	0.0	0	6962	0	0
1.0	0.0	0	6963	0	0
1.0	0.0	0	6964	0	0
1.0	0.0	0	6965	0	0
1.0	0.0	0	6966	0	0
1.0	0.0	0	6967	0	0
1.0	0.0	0	6968	0	0
1.0	0.0	0	6969	0	0
1.0	0.0	0	6970	0	0
1.0	0.0	0	6971	0	0
1.0	0.0	0	6972	0	0
1.0	0.0	0	6973	0	0
1.0	0.0	0	6974	0	0
1.0	0.0	0	6975	0	0
1.0	0.0	0	6976	0	0
1.0	0.0	0	6977	0	0
1.0	0.0	0	6978	0	0
0.7493184972582256	0.25068150274177475	0	6979	0	0
0.9967190540338273	0.0032809459661727286	0	6980	0	0
1.0	0.0	0	6981	0	0
1.0	0.0	0	6982	0	0
1.0	0.0	0	6983	0	0
1.0	0.0	0	6984	0	0
1.0	0.0	0	6985	0	0
1.0	0.0	0	6986	0	0
0.9802413566196594	0.01975864338034047	0	6987	0	0
1.0	0.0	0	6988	0	0
1.0	0.0	0	6989	0	0
0.9967146354869336	0.003285364513066506	0	6990	0	0
0.9967146354869336	0.003285364513066506	0	6991	0	0
1.0	0.0	0	6992	0	0
1.0	0.0	0	6993	0	0
1.0	0.0	0	6994	0	0
1.0	0.0	0	6995	0	0
1.0	0.0	0	6996	0	0
1.0	0.0	0	6997	0	0
1.0	0.0	0	6998	0	0
1.0	0.0	0	6999	0	0
1.0	0.0	0	7000	0	0
1.0	0.0	0	7001	0	0
1.0	0.0	0	7002	0	0
1.0	0.0	0	7003	0	0
1.0	0.0	0	7004	0	0
1.0	0.0	0	7005	0	0
1.0	0.0	0	7006	0	0
1.0	0.0	0	7007	0	0
1.0	0.0	0	7008	0	0
1.0	0.0	0	7009	0	0
1.0	0.0	0	7010	0	0
1.0	0.0	0	7011	0	0
1.0	0.0	0	7012	0	0
1.0	0.0	0	7013	0	0
1.0	0.0	0	7014	0	0
0.9801790253320359	0.019820974667964137	0	7015	0	0
0.9801790253320359	0.019820974667964137	0	7016	0	0
1.0	0.0	0	7017	0	0
0.9276011029434706	0.07239889705652956	0	7018	0	0
1.0	0.0	0	7019	0	0
1.0	0.0	0	7020	0	0
1.0	0.0	0	7021	0	0
1.0	0.0	0	7022	0	0
1.0	0.0	0	7023	0	0
1.0	0.0	0	7024	0	0
1.0	0.0	0	7025	0	0
1.0	0.0	0	7026	0	0
1.0	0.0	0	7027	0	0
1.0	0.0	0	7028	0	0
1.0	0.0	0	7029	0	0
1.0	0.0	0	7030	0	0
1.0	0.0	0	7031	0	0
1.0	0.0	0	7032	0	0
1.0	0.0	0	7033	0	0
1.0	0.0	0	7034	0	0
1.0	0.0	0	7035	0	0
1.0	0.0	0	7036	0	0
1.0	0.0	0	7037	0	0
1.0	0.0	0	7038	0	0
1.0	0.0	0	7039	0	0
1.0	0.0	0	7040	0	0
1.0	0.0	0	7041	0	0
1.0	0.0	0	7042	0	0
1.0	0.0	0	7043	0	0
1.0	0.0	0	7044	0	0
1.0	0.0	0	7045	0	0
1.0	0.0	0	7046	0	0
1.0	0.0	0	7047	0	0
1.0	0.0	0	7048	0	0
0.996753893159866	0.003246106840134043	0	7049	0	0
1.0	0.0	0	7050	0	0
1.0	0.0	0	7051	0	0
1.0	0.0	0	7052	0	0
1.0	0.0	0	7053	0	0
1.0	0.0	0	7054	0	0
0.9810141572415975	0.018985842758402694	0	7055	0	0
1.0	0.0	0	7056	0	0
1.0	0.0	0	7057	0	0
1.0	0.0	0	7058	0	0
0.9669260243932233	0.03307397560677673	0	7059	0	0
0.19783579193926062	0.8021642080607391	0	7060	1	1
1.0	0.0	0	7061	0	0
0.050571026364078245	0.9494289736359218	0	7062	1	1
1.0	0.0	0	7063	0	0
1.0	0.0	0	7064	0	0
1.0	0.0	0	7065	0	0
1.0	0.0	0	7066	0	0
0.9930886332318537	0.006911366768146291	0	7067	0	0
1.0	0.0	0	7068	0	0
1.0	0.0	0	7069	0	0
1.0	0.0	0	7070	0	0
1.0	0.0	0	7071	0	0
1.0	0.0	0	7072	0	0
1.0	0.0	0	7073	0	0
0.946428467988607	0.053571532011392906	0	7074	1	0
0.946428467988607	0.053571532011392906	0	7075	1	0
0.996694868308405	0.0033051316915949035	0	7076	1	0
1.0	0.0	0	7077	0	0
0.28886671457876906	0.7111332854212309	0	7078	1	1
1.0	0.0	0	7079	0	0
1.0	0.0	0	7080	0	0
1.0	0.0	0	7081	0	0
1.0	0.0	0	7082	0	0
1.0	0.0	0	7083	0	0
1.0	0.0	0	7084	0	0
1.0	0.0	0	7085	0	0
0.12504016781132357	0.8749598321886765	0	7086	1	1
0.9900798411969214	0.009920158803078618	0	7087	0	0
1.0	0.0	0	7088	0	0
0.9977536602846321	0.002246339715368076	0	7089	0	0
1.0	0.0	0	7090	0	0
1.0	0.0	0	7091	0	0
1.0	0.0	0	7092	0	0
1.0	0.0	0	7093	0	0
1.0	0.0	0	7094	0	0
0.9967547505938243	0.003245249406175772	0	7095	0	0
1.0	0.0	0	7096	0	0
1.0	0.0	0	7097	0	0
1.0	0.0	0	7098	0	0
1.0	0.0	0	7099	0	0
1.0	0.0	0	7100	0	0
1.0	0.0	0	7101	0	0
1.0	0.0	0	7102	0	0
1.0	0.0	0	7103	0	0
1.0	0.0	0	7104	0	0
1.0	0.0	0	7105	0	0
0.8457654892764808	0.1542345107235194	0	7106	0	0
1.0	0.0	0	7107	0	0
1.0	0.0	0	7108	0	0
1.0	0.0	0	7109	0	0
1.0	0.0	0	7110	0	0
1.0	0.0	0	7111	0	0
0.9475213688287969	0.05247863117120307	0	7112	0	0
1.0	0.0	0	7113	0	0
1.0	0.0	0	7114	0	0
1.0	0.0	0	7115	0	0
1.0	0.0	0	7116	0	0
1.0	0.0	0	7117	0	0
1.0	0.0	0	7118	0	0
1.0	0.0	0	7119	0	0
1.0	0.0	0	7120	0	0
1.0	0.0	0	7121	0	0
1.0	0.0	0	7122	0	0
1.0	0.0	0	7123	0	0
1.0	0.0	0	7124	0	0
1.0	0.0	0	7125	0	0
0.9213776665491166	0.07862233345088351	0	7126	1	0
1.0	0.0	0	7127	0	0
1.0	0.0	0	7128	0	0
1.0	0.0	0	7129	0	0
1.0	0.0	0	7130	0	0
1.0	0.0	0	7131	0	0
1.0	0.0	0	7132	0	0
1.0	0.0	0	7133	0	0
1.0	0.0	0	7134	0	0
1.0	0.0	0	7135	0	0
1.0	0.0	0	7136	0	0
1.0	0.0	0	7137	0	0
1.0	0.0	0	7138	0	0
1.0	0.0	0	7139	0	0
1.0	0.0	0	7140	0	0
1.0	0.0	0	7141	0	0
1.0	0.0	0	7142	0	0
1.0	0.0	0	7143	0	0
1.0	0.0	0	7144	0	0
1.0	0.0	0	7145	0	0
1.0	0.0	0	7146	0	0
1.0	0.0	0	7147	0	0
1.0	0.0	0	7148	0	0
1.0	0.0	0	7149	0	0
1.0	0.0	0	7150	0	0
0.9868549946689096	0.013145005331090455	0	7151	0	0
1.0	0.0	0	7152	0	0
1.0	0.0	0	7153	0	0
1.0	0.0	0	7154	0	0
1.0	0.0	0	7155	0	0
1.0	0.0	0	7156	0	0
1.0	0.0	0	7157	0	0
1.0	0.0	0	7158	0	0
1.0	0.0	0	7159	0	0
1.0	0.0	0	7160	0	0
1.0	0.0	0	7161	0	0
1.0	0.0	0	7162	0	0
1.0	0.0	0	7163	0	0
1.0	0.0	0	7164	0	0
1.0	0.0	0	7165	0	0
1.0	0.0	0	7166	0	0
1.0	0.0	0	7167	0	0
1.0	0.0	0	7168	0	0
1.0	0.0	0	7169	0	0
1.0	0.0	0	7170	0	0
1.0	0.0	0	7171	0	0
1.0	0.0	0	7172	0	0
1.0	0.0	0	7173	0	0
1.0	0.0	0	7174	0	0
1.0	0.0	0	7175	0	0
1.0	0.0	0	7176	0	0
1.0	0.0	0	7177	0	0
1.0	0.0	0	7178	0	0
0.8955363067910986	0.10446369320890134	0	7179	0	0
1.0	0.0	0	7180	1	0
1.0	0.0	0	7181	0	0
1.0	0.0	0	7182	0	0
0.9901014264408191	0.009898573559180933	0	7183	0	0
0.9573818025720284	0.04261819742797133	0	7184	0	0
0.9966780657091471	0.003321934290852902	0	7185	0	0
0.9933838330752902	0.00661616692470987	0	7186	0	0
0.993398438243993	0.006601561756006955	0	7187	0	0
0.27325099373191863	0.7267490062680815	0	7188	1	1
0.13984197102066737	0.8601580289793325	0	7189	1	1
0.9305614978634984	0.06943850213650148	0	7190	0	0
0.9911953854822015	0.008804614517798553	0	7191	0	0
1.0	0.0	0	7192	0	0
1.0	0.0	0	7193	0	0
1.0	0.0	0	7194	0	0
1.0	0.0	0	7195	0	0
1.0	0.0	0	7196	0	0
1.0	0.0	0	7197	0	0
1.0	0.0	0	7198	0	0
1.0	0.0	0	7199	0	0
1.0	0.0	0	7200	0	0
1.0	0.0	0	7201	0	0
1.0	0.0	0	7202	0	0
1.0	0.0	0	7203	0	0
1.0	0.0	0	7204	0	0
1.0	0.0	0	7205	0	0
0.9975295308808639	0.002470469119136011	0	7206	0	0
1.0	0.0	0	7207	0	0
1.0	0.0	0	7208	0	0
1.0	0.0	0	7209	0	0
0.9212513297685974	0.0787486702314025	0	7210	0	0
1.0	0.0	0	7211	0	0
1.0	0.0	0	7212	0	0
1.0	0.0	0	7213	0	0
1.0	0.0	0	7214	0	0
1.0	0.0	0	7215	0	0
1.0	0.0	0	7216	0	0
1.0	0.0	0	7217	0	0
1.0	0.0	0	7218	0	0
0.997016348773842	0.002983651226158038	0	7219	0	0
1.0	0.0	0	7220	0	0
0.9966666666666667	0.0033333333333333335	0	7221	0	0
1.0	0.0	0	7222	0	0
1.0	0.0	0	7223	0	0
1.0	0.0	0	7224	0	0
1.0	0.0	0	7225	0	0
1.0	0.0	0	7226	0	0
1.0	0.0	0	7227	0	0
0.9771633365121537	0.022836663487846354	0	7228	0	0
0.996992387906555	0.0030076120934450093	0	7229	0	0
1.0	0.0	0	7230	0	0
1.0	0.0	0	7231	0	0
1.0	0.0	0	7232	0	0
1.0	0.0	0	7233	0	0
1.0	0.0	0	7234	0	0
0.1098258512529656	0.8901741487470345	0	7235	1	1
1.0	0.0	0	7236	0	0
1.0	0.0	0	7237	0	0
1.0	0.0	0	7238	0	0
1.0	0.0	0	7239	0	0
1.0	0.0	0	7240	0	0
1.0	0.0	0	7241	0	0
1.0	0.0	0	7242	0	0
1.0	0.0	0	7243	0	0
1.0	0.0	0	7244	0	0
1.0	0.0	0	7245	0	0
1.0	0.0	0	7246	0	0
0.9866510031489856	0.0133489968510145	0	7247	0	0
1.0	0.0	0	7248	0	0
1.0	0.0	0	7249	0	0
1.0	0.0	0	7250	0	0
1.0	0.0	0	7251	0	0
1.0	0.0	0	7252	0	0
1.0	0.0	0	7253	0	0
1.0	0.0	0	7254	0	0
1.0	0.0	0	7255	0	0
1.0	0.0	0	7256	0	0
1.0	0.0	0	7257	0	0
1.0	0.0	0	7258	0	0
1.0	0.0	0	7259	0	0
1.0	0.0	0	7260	0	0
1.0	0.0	0	7261	0	0
1.0	0.0	0	7262	0	0
0.9780432917163627	0.02195670828363715	0	7263	0	0
1.0	0.0	0	7264	0	0
1.0	0.0	0	7265	0	0
1.0	0.0	0	7266	0	0
1.0	0.0	0	7267	0	0
1.0	0.0	0	7268	0	0
1.0	0.0	0	7269	0	0
1.0	0.0	0	7270	0	0
1.0	0.0	0	7271	0	0
1.0	0.0	0	7272	0	0
1.0	0.0	0	7273	0	0
1.0	0.0	0	7274	0	0
1.0	0.0	0	7275	0	0
1.0	0.0	0	7276	0	0
0.9669260243932233	0.03307397560677673	0	7277	0	0
0.9669260243932233	0.03307397560677673	0	7278	0	0
0.845229282150478	0.1547707178495218	0	7279	0	0
1.0	0.0	0	7280	0	0
0.9737994702587353	0.026200529741264657	0	7281	0	0
0.9934555268131547	0.00654447318684528	0	7282	0	0
1.0	0.0	0	7283	0	0
1.0	0.0	0	7284	0	0
1.0	0.0	0	7285	0	0
1.0	0.0	0	7286	0	0
1.0	0.0	0	7287	0	0
1.0	0.0	0	7288	0	0
0.9672651546584086	0.03273484534159119	0	7289	0	0
1.0	0.0	0	7290	0	0
1.0	0.0	0	7291	0	0
1.0	0.0	0	7292	0	0
1.0	0.0	0	7293	0	0
1.0	0.0	0	7294	0	0
1.0	0.0	0	7295	0	0
0.9968271461716938	0.0031728538283062645	0	7296	0	0
1.0	0.0	0	7297	0	0
1.0	0.0	0	7298	0	0
1.0	0.0	0	7299	0	0
0.9087257980621531	0.0912742019378468	0	7300	0	0
1.0	0.0	0	7301	0	0
1.0	0.0	0	7302	0	0
1.0	0.0	0	7303	0	0
1.0	0.0	0	7304	0	0
0.9824576348547155	0.017542365145284424	0	7305	0	0
1.0	0.0	0	7306	0	0
1.0	0.0	0	7307	0	0
1.0	0.0	0	7308	0	0
1.0	0.0	0	7309	0	0
1.0	0.0	0	7310	0	0
1.0	0.0	0	7311	0	0
1.0	0.0	0	7312	0	0
1.0	0.0	0	7313	0	0
0.9977536602846321	0.002246339715368076	0	7314	0	0
0.9771281845637108	0.02287181543628938	0	7315	0	0
1.0	0.0	0	7316	0	0
1.0	0.0	0	7317	0	0
1.0	0.0	0	7318	0	0
1.0	0.0	0	7319	0	0
1.0	0.0	0	7320	0	0
1.0	0.0	0	7321	0	0
1.0	0.0	0	7322	0	0
1.0	0.0	0	7323	0	0
1.0	0.0	0	7324	0	0
1.0	0.0	0	7325	0	0
1.0	0.0	0	7326	0	0
1.0	0.0	0	7327	0	0
1.0	0.0	0	7328	0	0
0.9977536602846321	0.002246339715368076	0	7329	0	0
1.0	0.0	0	7330	0	0
1.0	0.0	0	7331	0	0
1.0	0.0	0	7332	0	0
1.0	0.0	0	7333	0	0
1.0	0.0	0	7334	0	0
1.0	0.0	0	7335	0	0
1.0	0.0	0	7336	0	0
1.0	0.0	0	7337	0	0
1.0	0.0	0	7338	0	0
1.0	0.0	0	7339	0	0
1.0	0.0	0	7340	0	0
1.0	0.0	0	7341	0	0
1.0	0.0	0	7342	0	0
1.0	0.0	0	7343	0	0
1.0	0.0	0	7344	0	0
1.0	0.0	0	7345	0	0
1.0	0.0	0	7346	0	0
1.0	0.0	0	7347	0	0
1.0	0.0	0	7348	0	0
1.0	0.0	0	7349	0	0
1.0	0.0	0	7350	0	0
0.9872556013860071	0.01274439861399281	0	7351	0	0
1.0	0.0	0	7352	0	0
1.0	0.0	0	7353	0	0
1.0	0.0	0	7354	0	0
1.0	0.0	0	7355	0	0
1.0	0.0	0	7356	0	0
1.0	0.0	0	7357	0	0
1.0	0.0	0	7358	0	0
1.0	0.0	0	7359	0	0
1.0	0.0	0	7360	0	0
1.0	0.0	0	7361	0	0
1.0	0.0	0	7362	0	0
1.0	0.0	0	7363	0	0
0.9975295308808639	0.002470469119136011	0	7364	0	0
1.0	0.0	0	7365	0	0
1.0	0.0	0	7366	0	0
1.0	0.0	0	7367	0	0
1.0	0.0	0	7368	0	0
1.0	0.0	0	7369	0	0
1.0	0.0	0	7370	0	0
1.0	0.0	0	7371	0	0
1.0	0.0	0	7372	0	0
1.0	0.0	0	7373	0	0
1.0	0.0	0	7374	0	0
1.0	0.0	0	7375	0	0
1.0	0.0	0	7376	0	0
1.0	0.0	0	7377	0	0
1.0	0.0	0	7378	0	0
1.0	0.0	0	7379	0	0
1.0	0.0	0	7380	0	0
1.0	0.0	0	7381	0	0
1.0	0.0	0	7382	0	0
1.0	0.0	0	7383	0	0
1.0	0.0	0	7384	0	0
1.0	0.0	0	7385	0	0
1.0	0.0	0	7386	0	0
1.0	0.0	0	7387	0	0
1.0	0.0	0	7388	0	0
1.0	0.0	0	7389	0	0
1.0	0.0	0	7390	0	0
1.0	0.0	0	7391	0	0
1.0	0.0	0	7392	0	0
1.0	0.0	0	7393	0	0
0.9934721178391304	0.006527882160869547	0	7394	0	0
1.0	0.0	0	7395	0	0
1.0	0.0	0	7396	0	0
1.0	0.0	0	7397	0	0
1.0	0.0	0	7398	0	0
1.0	0.0	0	7399	0	0
1.0	0.0	0	7400	0	0
1.0	0.0	0	7401	0	0
1.0	0.0	0	7402	0	0
1.0	0.0	0	7403	0	0
1.0	0.0	0	7404	0	0
1.0	0.0	0	7405	0	0
1.0	0.0	0	7406	0	0
1.0	0.0	0	7407	0	0
1.0	0.0	0	7408	0	0
1.0	0.0	0	7409	0	0
1.0	0.0	0	7410	0	0
1.0	0.0	0	7411	0	0
1.0	0.0	0	7412	0	0
1.0	0.0	0	7413	0	0
1.0	0.0	0	7414	0	0
1.0	0.0	0	7415	0	0
1.0	0.0	0	7416	0	0
1.0	0.0	0	7417	0	0
1.0	0.0	0	7418	0	0
1.0	0.0	0	7419	0	0
1.0	0.0	0	7420	0	0
1.0	0.0	0	7421	0	0
1.0	0.0	0	7422	0	0
1.0	0.0	0	7423	0	0
1.0	0.0	0	7424	0	0
1.0	0.0	0	7425	0	0
1.0	0.0	0	7426	0	0
1.0	0.0	0	7427	0	0
0.9900773234200745	0.009922676579925651	0	7428	0	0
1.0	0.0	0	7429	0	0
1.0	0.0	0	7430	0	0
1.0	0.0	0	7431	0	0
1.0	0.0	0	7432	0	0
1.0	0.0	0	7433	0	0
1.0	0.0	0	7434	0	0
0.9974557128490755	0.002544287150924423	0	7435	0	0
1.0	0.0	0	7436	0	0
1.0	0.0	0	7437	0	0
1.0	0.0	0	7438	0	0
1.0	0.0	0	7439	0	0
1.0	0.0	0	7440	0	0
0.976984395979219	0.023015604020780712	0	7441	0	0
1.0	0.0	0	7442	0	0
1.0	0.0	0	7443	0	0
0.993420835929732	0.006579164070268017	0	7444	0	0
1.0	0.0	0	7445	0	0
0.9854184825367215	0.014581517463278567	0	7446	0	0
1.0	0.0	0	7447	0	0
1.0	0.0	0	7448	0	0
1.0	0.0	0	7449	0	0
1.0	0.0	0	7450	0	0
1.0	0.0	0	7451	0	0
1.0	0.0	0	7452	0	0
1.0	0.0	0	7453	0	0
0.9935407473113761	0.006459252688623993	0	7454	0	0
1.0	0.0	0	7455	0	0
1.0	0.0	0	7456	0	0
0.9837442478316901	0.01625575216830991	0	7457	0	0
1.0	0.0	0	7458	0	0
0.9933869169595196	0.006613083040480457	0	7459	0	0
1.0	0.0	0	7460	0	0
1.0	0.0	0	7461	0	0
1.0	0.0	0	7462	0	0
1.0	0.0	0	7463	0	0
1.0	0.0	0	7464	0	0
1.0	0.0	0	7465	0	0
1.0	0.0	0	7466	0	0
1.0	0.0	0	7467	0	0
1.0	0.0	0	7468	0	0
1.0	0.0	0	7469	0	0
1.0	0.0	0	7470	0	0
1.0	0.0	0	7471	0	0
0.9974557128490755	0.002544287150924423	0	7472	0	0
1.0	0.0	0	7473	0	0
1.0	0.0	0	7474	0	0
1.0	0.0	0	7475	0	0
1.0	0.0	0	7476	0	0
1.0	0.0	0	7477	0	0
1.0	0.0	0	7478	0	0
1.0	0.0	0	7479	0	0
1.0	0.0	0	7480	0	0
1.0	0.0	0	7481	0	0
1.0	0.0	0	7482	0	0
1.0	0.0	0	7483	0	0
1.0	0.0	0	7484	0	0
1.0	0.0	0	7485	0	0
0.9966947495110575	0.00330525048894238	0	7486	0	0
1.0	0.0	0	7487	0	0
0.9967381058689287	0.0032618941310710923	0	7488	0	0
1.0	0.0	0	7489	0	0
0.9966791327639358	0.0033208672360640827	0	7490	0	0
1.0	0.0	0	7491	0	0
1.0	0.0	0	7492	0	0
1.0	0.0	0	7493	0	0
1.0	0.0	0	7494	0	0
1.0	0.0	0	7495	0	0
1.0	0.0	0	7496	0	0
1.0	0.0	0	7497	0	0
1.0	0.0	0	7498	0	0
1.0	0.0	0	7499	0	0
1.0	0.0	0	7500	0	0
1.0	0.0	0	7501	0	0
1.0	0.0	0	7502	0	0
1.0	0.0	0	7503	0	0
1.0	0.0	0	7504	0	0
1.0	0.0	0	7505	0	0
1.0	0.0	0	7506	0	0
1.0	0.0	0	7507	0	0
1.0	0.0	0	7508	0	0
1.0	0.0	0	7509	0	0
1.0	0.0	0	7510	0	0
1.0	0.0	0	7511	0	0
1.0	0.0	0	7512	0	0
1.0	0.0	0	7513	0	0
0.08328933780810588	0.9167106621918939	0	7514	1	1
1.0	0.0	0	7515	0	0
0.9971896095018371	0.002810390498162864	0	7516	0	0
1.0	0.0	0	7517	0	0
1.0	0.0	0	7518	0	0
0.9525997201545107	0.047400279845489335	0	7519	0	0
1.0	0.0	0	7520	0	0
1.0	0.0	0	7521	0	0
1.0	0.0	0	7522	0	0
1.0	0.0	0	7523	0	0
1.0	0.0	0	7524	0	0
1.0	0.0	0	7525	0	0
1.0	0.0	0	7526	0	0
1.0	0.0	0	7527	0	0
1.0	0.0	0	7528	0	0
1.0	0.0	0	7529	0	0
1.0	0.0	0	7530	0	0
0.9942906660082722	0.005709333991727693	0	7531	0	0
1.0	0.0	0	7532	0	0
1.0	0.0	0	7533	0	0
1.0	0.0	0	7534	0	0
0.9903606228817391	0.009639377118260933	0	7535	0	0
1.0	0.0	0	7536	0	0
1.0	0.0	0	7537	0	0
1.0	0.0	0	7538	0	0
1.0	0.0	0	7539	0	0
1.0	0.0	0	7540	0	0
1.0	0.0	0	7541	0	0
1.0	0.0	0	7542	0	0
1.0	0.0	0	7543	0	0
1.0	0.0	0	7544	0	0
1.0	0.0	0	7545	0	0
1.0	0.0	0	7546	0	0
1.0	0.0	0	7547	0	0
1.0	0.0	0	7548	0	0
1.0	0.0	0	7549	0	0
1.0	0.0	0	7550	0	0
1.0	0.0	0	7551	0	0
1.0	0.0	0	7552	0	0
1.0	0.0	0	7553	0	0
0.9967420410592086	0.003257958940791431	0	7554	0	0
1.0	0.0	0	7555	0	0
0.9968489208633093	0.0031510791366906477	0	7556	0	0
1.0	0.0	0	7557	0	0
1.0	0.0	0	7558	0	0
1.0	0.0	0	7559	0	0
1.0	0.0	0	7560	0	0
1.0	0.0	0	7561	0	0
1.0	0.0	0	7562	0	0
1.0	0.0	0	7563	0	0
1.0	0.0	0	7564	0	0
1.0	0.0	0	7565	0	0
1.0	0.0	0	7566	0	0
1.0	0.0	0	7567	0	0
1.0	0.0	0	7568	0	0
0.9907901618747572	0.009209838125242674	0	7569	0	0
0.8839447110815327	0.11605528891846736	0	7570	0	0
1.0	0.0	0	7571	0	0
1.0	0.0	0	7572	0	0
1.0	0.0	0	7573	0	0
1.0	0.0	0	7574	0	0
1.0	0.0	0	7575	0	0
1.0	0.0	0	7576	0	0
1.0	0.0	0	7577	0	0
1.0	0.0	0	7578	0	0
1.0	0.0	0	7579	0	0
0.9966868472831846	0.0033131527168154986	0	7580	0	0
1.0	0.0	0	7581	0	0
1.0	0.0	0	7582	0	0
1.0	0.0	0	7583	0	0
1.0	0.0	0	7584	0	0
1.0	0.0	0	7585	0	0
1.0	0.0	0	7586	0	0
1.0	0.0	0	7587	0	0
1.0	0.0	0	7588	0	0
1.0	0.0	0	7589	0	0
1.0	0.0	0	7590	0	0
1.0	0.0	0	7591	0	0
1.0	0.0	0	7592	0	0
1.0	0.0	0	7593	0	0
1.0	0.0	0	7594	0	0
1.0	0.0	0	7595	0	0
1.0	0.0	0	7596	0	0
1.0	0.0	0	7597	0	0
1.0	0.0	0	7598	0	0
1.0	0.0	0	7599	0	0
1.0	0.0	0	7600	0	0
1.0	0.0	0	7601	0	0
1.0	0.0	0	7602	0	0
1.0	0.0	0	7603	0	0
1.0	0.0	0	7604	0	0
0.9872202634967823	0.012779736503217792	0	7605	0	0
1.0	0.0	0	7606	0	0
1.0	0.0	0	7607	0	0
0.08974937729403078	0.9102506227059689	0	7608	0	1
0.4569783262738943	0.5430216737261051	0	7609	0	1
1.0	0.0	0	7610	0	0
0.990535188982825	0.009464811017174975	0	7611	0	0
1.0	0.0	0	7612	0	0
0.9341415035223773	0.06585849647762237	0	7613	0	0
0.9977715717138892	0.0022284282861108266	0	7614	0	0
1.0	0.0	0	7615	0	0
0.9967037873087535	0.0032962126912465515	0	7616	0	0
0.15078503869968987	0.8492149613003099	0	7617	0	1
1.0	0.0	0	7618	0	0
1.0	0.0	0	7619	0	0
1.0	0.0	0	7620	0	0
0.974765960201415	0.02523403979858497	0	7621	0	0
1.0	0.0	0	7622	0	0
1.0	0.0	0	7623	0	0
1.0	0.0	0	7624	0	0
1.0	0.0	0	7625	0	0
0.9813909419562862	0.0186090580437138	0	7626	0	0
1.0	0.0	0	7627	0	0
1.0	0.0	0	7628	0	0
1.0	0.0	0	7629	0	0
1.0	0.0	0	7630	0	0
1.0	0.0	0	7631	0	0
1.0	0.0	0	7632	0	0
1.0	0.0	0	7633	0	0
1.0	0.0	0	7634	0	0
1.0	0.0	0	7635	0	0
1.0	0.0	0	7636	0	0
1.0	0.0	0	7637	0	0
1.0	0.0	0	7638	0	0
1.0	0.0	0	7639	0	0
1.0	0.0	0	7640	0	0
1.0	0.0	0	7641	0	0
1.0	0.0	0	7642	0	0
1.0	0.0	0	7643	0	0
1.0	0.0	0	7644	0	0
1.0	0.0	0	7645	0	0
0.003811770033127182	0.9961882299668728	0	7646	1	1
1.0	0.0	0	7647	0	0
1.0	0.0	0	7648	0	0
1.0	0.0	0	7649	0	0
1.0	0.0	0	7650	0	0
1.0	0.0	0	7651	0	0
1.0	0.0	0	7652	0	0
1.0	0.0	0	7653	0	0
1.0	0.0	0	7654	0	0
1.0	0.0	0	7655	0	0
0.9966850717293194	0.003314928270680483	0	7656	0	0
1.0	0.0	0	7657	0	0
1.0	0.0	0	7658	0	0
1.0	0.0	0	7659	0	0
1.0	0.0	0	7660	0	0
1.0	0.0	0	7661	0	0
1.0	0.0	0	7662	0	0
1.0	0.0	0	7663	0	0
1.0	0.0	0	7664	0	0
1.0	0.0	0	7665	0	0
1.0	0.0	0	7666	0	0
1.0	0.0	0	7667	0	0
0.9901558785937679	0.009844121406232108	0	7668	0	0
1.0	0.0	0	7669	0	0
1.0	0.0	0	7670	0	0
1.0	0.0	0	7671	0	0
1.0	0.0	0	7672	0	0
1.0	0.0	0	7673	0	0
1.0	0.0	0	7674	0	0
1.0	0.0	0	7675	0	0
1.0	0.0	0	7676	0	0
0.9868077573023658	0.013192242697634304	0	7677	0	0
1.0	0.0	0	7678	0	0
0.9839381814029057	0.016061818597094317	0	7679	0	0
1.0	0.0	0	7680	0	0
1.0	0.0	0	7681	0	0
1.0	0.0	0	7682	0	0
1.0	0.0	0	7683	0	0
1.0	0.0	0	7684	0	0
0.9888198436659352	0.011180156334064687	0	7685	0	0
1.0	0.0	0	7686	0	0
1.0	0.0	0	7687	0	0
1.0	0.0	0	7688	0	0
1.0	0.0	0	7689	0	0
1.0	0.0	0	7690	0	0
1.0	0.0	0	7691	0	0
1.0	0.0	0	7692	0	0
1.0	0.0	0	7693	0	0
1.0	0.0	0	7694	0	0
1.0	0.0	0	7695	0	0
1.0	0.0	0	7696	0	0
1.0	0.0	0	7697	0	0
1.0	0.0	0	7698	0	0
1.0	0.0	0	7699	0	0
1.0	0.0	0	7700	0	0
1.0	0.0	0	7701	0	0
1.0	0.0	0	7702	0	0
1.0	0.0	0	7703	0	0
1.0	0.0	0	7704	0	0
1.0	0.0	0	7705	0	0
1.0	0.0	0	7706	0	0
1.0	0.0	0	7707	0	0
1.0	0.0	0	7708	0	0
1.0	0.0	0	7709	0	0
1.0	0.0	0	7710	0	0
1.0	0.0	0	7711	0	0
1.0	0.0	0	7712	0	0
1.0	0.0	0	7713	0	0
1.0	0.0	0	7714	0	0
0.9743331436080683	0.02566685639193177	0	7715	0	0
1.0	0.0	0	7716	0	0
1.0	0.0	0	7717	0	0
1.0	0.0	0	7718	0	0
1.0	0.0	0	7719	0	0
1.0	0.0	0	7720	0	0
1.0	0.0	0	7721	0	0
0.9930886332318537	0.006911366768146291	0	7722	0	0
1.0	0.0	0	7723	0	0
1.0	0.0	0	7724	0	0
0.9966833030852994	0.003316696914700544	0	7725	0	0
1.0	0.0	0	7726	0	0
1.0	0.0	0	7727	0	0
1.0	0.0	0	7728	0	0
1.0	0.0	0	7729	0	0
1.0	0.0	0	7730	0	0
0.9934201064444346	0.006579893555565303	0	7731	0	0
0.9934201064444346	0.006579893555565303	0	7732	0	0
1.0	0.0	0	7733	0	0
1.0	0.0	0	7734	0	0
1.0	0.0	0	7735	0	0
1.0	0.0	0	7736	0	0
1.0	0.0	0	7737	0	0
1.0	0.0	0	7738	0	0
1.0	0.0	0	7739	0	0
0.6821062454233425	0.3178937545766576	0	7740	0	0
1.0	0.0	0	7741	0	0
1.0	0.0	0	7742	0	0
1.0	0.0	0	7743	0	0
1.0	0.0	0	7744	0	0
1.0	0.0	0	7745	0	0
1.0	0.0	0	7746	0	0
1.0	0.0	0	7747	0	0
0.9870078655262595	0.012992134473740556	0	7748	0	0
1.0	0.0	0	7749	0	0
1.0	0.0	0	7750	0	0
1.0	0.0	0	7751	0	0
1.0	0.0	0	7752	0	0
1.0	0.0	0	7753	0	0
1.0	0.0	0	7754	0	0
1.0	0.0	0	7755	0	0
1.0	0.0	0	7756	0	0
1.0	0.0	0	7757	0	0
0.9966848182322392	0.003315181767760803	0	7758	0	0
0.9920039088011491	0.007996091198850964	0	7759	0	0
1.0	0.0	0	7760	0	0
1.0	0.0	0	7761	0	0
1.0	0.0	0	7762	0	0
1.0	0.0	0	7763	0	0
0.9672215331578191	0.032778466842180984	0	7764	0	0
1.0	0.0	0	7765	0	0
0.6574566251802524	0.3425433748197478	0	7766	0	0
1.0	0.0	0	7767	0	0
1.0	0.0	0	7768	0	0
1.0	0.0	0	7769	0	0
0.9915121758700226	0.008487824129977315	0	7770	0	0
0.9915121758700226	0.008487824129977315	0	7771	0	0
1.0	0.0	0	7772	0	0
1.0	0.0	0	7773	0	0
1.0	0.0	0	7774	0	0
1.0	0.0	0	7775	0	0
1.0	0.0	0	7776	0	0
1.0	0.0	0	7777	0	0
1.0	0.0	0	7778	0	0
1.0	0.0	0	7779	0	0
1.0	0.0	0	7780	0	0
1.0	0.0	0	7781	0	0
1.0	0.0	0	7782	0	0
1.0	0.0	0	7783	0	0
1.0	0.0	0	7784	0	0
1.0	0.0	0	7785	0	0
1.0	0.0	0	7786	0	0
1.0	0.0	0	7787	0	0
0.9920039088011491	0.007996091198850964	0	7788	0	0
1.0	0.0	0	7789	0	0
1.0	0.0	0	7790	0	0
1.0	0.0	0	7791	0	0
1.0	0.0	0	7792	0	0
1.0	0.0	0	7793	0	0
1.0	0.0	0	7794	0	0
1.0	0.0	0	7795	0	0
1.0	0.0	0	7796	0	0
1.0	0.0	0	7797	0	0
1.0	0.0	0	7798	0	0
1.0	0.0	0	7799	0	0
1.0	0.0	0	7800	0	0
1.0	0.0	0	7801	0	0
1.0	0.0	0	7802	0	0
1.0	0.0	0	7803	0	0
1.0	0.0	0	7804	0	0
1.0	0.0	0	7805	0	0
1.0	0.0	0	7806	0	0
1.0	0.0	0	7807	0	0
1.0	0.0	0	7808	0	0
1.0	0.0	0	7809	0	0
1.0	0.0	0	7810	0	0
1.0	0.0	0	7811	0	0
1.0	0.0	0	7812	0	0
1.0	0.0	0	7813	0	0
1.0	0.0	0	7814	0	0
1.0	0.0	0	7815	0	0
1.0	0.0	0	7816	0	0
1.0	0.0	0	7817	0	0
1.0	0.0	0	7818	0	0
1.0	0.0	0	7819	0	0
1.0	0.0	0	7820	0	0
1.0	0.0	0	7821	0	0
1.0	0.0	0	7822	0	0
0.9967322306660706	0.003267769333929369	0	7823	0	0
1.0	0.0	0	7824	0	0
0.9901532487150079	0.0098467512849921	0	7825	0	0
1.0	0.0	0	7826	0	0
1.0	0.0	0	7827	0	0
1.0	0.0	0	7828	0	0
1.0	0.0	0	7829	0	0
1.0	0.0	0	7830	0	0
1.0	0.0	0	7831	0	0
1.0	0.0	0	7832	0	0
0.9870368048192316	0.012963195180768411	0	7833	0	0
1.0	0.0	0	7834	0	0
1.0	0.0	0	7835	0	0
1.0	0.0	0	7836	0	0
0.9968489208633093	0.0031510791366906477	0	7837	0	0
1.0	0.0	0	7838	0	0
0.9968489208633093	0.0031510791366906477	0	7839	0	0
1.0	0.0	0	7840	0	0
1.0	0.0	0	7841	0	0
0.996992387906555	0.0030076120934450093	0	7842	0	0
1.0	0.0	0	7843	0	0
1.0	0.0	0	7844	0	0
0.9473651980795633	0.05263480192043656	0	7845	0	0
1.0	0.0	0	7846	0	0
1.0	0.0	0	7847	0	0
1.0	0.0	0	7848	0	0
1.0	0.0	0	7849	0	0
1.0	0.0	0	7850	0	0
0.9940045607504415	0.00599543924955854	0	7851	0	0
0.9739166656067545	0.02608333439324553	0	7852	0	0
0.9967022824178581	0.0032977175821419613	0	7853	0	0
0.8775640615672082	0.12243593843279194	0	7854	0	0
0.9902375831233545	0.009762416876645509	0	7855	0	0
1.0	0.0	0	7856	0	0
0.9902375831233545	0.009762416876645509	0	7857	0	0
0.9966977677451719	0.0033022322548281915	0	7858	0	0
1.0	0.0	0	7859	0	0
0.9967371451260671	0.0032628548739328965	0	7860	0	0
1.0	0.0	0	7861	0	0
0.9604404800303975	0.039559519969602254	0	7862	0	0
0.9901473775840745	0.009852622415925605	0	7863	0	0
0.9870039487731219	0.01299605122687801	0	7864	0	0
1.0	0.0	0	7865	0	0
0.990225712492437	0.009774287507563146	0	7866	0	0
1.0	0.0	0	7867	0	0
1.0	0.0	0	7868	0	0
1.0	0.0	0	7869	0	0
1.0	0.0	0	7870	0	0
1.0	0.0	0	7871	0	0
0.9945299906036079	0.005470009396392187	0	7872	0	0
1.0	0.0	0	7873	0	0
1.0	0.0	0	7874	0	0
1.0	0.0	0	7875	0	0
1.0	0.0	0	7876	0	0
1.0	0.0	0	7877	0	0
1.0	0.0	0	7878	0	0
1.0	0.0	0	7879	0	0
1.0	0.0	0	7880	0	0
1.0	0.0	0	7881	0	0
1.0	0.0	0	7882	0	0
0.9242452644324944	0.07575473556750593	0	7883	0	0
1.0	0.0	0	7884	0	0
1.0	0.0	0	7885	0	0
1.0	0.0	0	7886	0	0
1.0	0.0	0	7887	0	0
1.0	0.0	0	7888	0	0
0.9967547505938243	0.003245249406175772	0	7889	0	0
1.0	0.0	0	7890	0	0
0.9967067850157967	0.0032932149842034002	0	7891	0	0
0.9967067850157967	0.0032932149842034002	0	7892	0	0
0.9967067850157967	0.0032932149842034002	0	7893	0	0
1.0	0.0	0	7894	0	0
1.0	0.0	0	7895	0	0
1.0	0.0	0	7896	0	0
0.9934319754373271	0.006568024562672905	0	7897	0	0
0.9474531634578168	0.05254683654218294	0	7898	0	0
0.04898915328380357	0.951010846716196	0	7899	1	1
1.0	0.0	0	7900	0	0
0.9967942139471241	0.0032057860528759224	0	7901	0	0
1.0	0.0	0	7902	0	0
0.9901078180632866	0.009892181936713304	0	7903	0	0
0.9901601552953891	0.00983984470461074	0	7904	0	0
0.99683380743455	0.0031661925654500747	0	7905	0	0
0.9722671156947423	0.027732884305257645	0	7906	0	0
1.0	0.0	0	7907	0	0
1.0	0.0	0	7908	0	0
0.9934502678004417	0.006549732199558408	0	7909	0	0
0.9972319663512093	0.0027680336487907473	0	7910	0	0
1.0	0.0	0	7911	0	0
1.0	0.0	0	7912	0	0
0.9967410492908857	0.003258950709114351	0	7913	0	0
1.0	0.0	0	7914	0	0
1.0	0.0	0	7915	0	0
1.0	0.0	0	7916	0	0
1.0	0.0	0	7917	0	0
1.0	0.0	0	7918	0	0
1.0	0.0	0	7919	0	0
1.0	0.0	0	7920	0	0
1.0	0.0	0	7921	0	0
1.0	0.0	0	7922	0	0
1.0	0.0	0	7923	0	0
1.0	0.0	0	7924	0	0
1.0	0.0	0	7925	0	0
1.0	0.0	0	7926	0	0
1.0	0.0	0	7927	0	0
1.0	0.0	0	7928	0	0
1.0	0.0	0	7929	0	0
1.0	0.0	0	7930	0	0
1.0	0.0	0	7931	0	0
1.0	0.0	0	7932	0	0
1.0	0.0	0	7933	0	0
1.0	0.0	0	7934	0	0
1.0	0.0	0	7935	0	0
1.0	0.0	0	7936	0	0
1.0	0.0	0	7937	0	0
1.0	0.0	0	7938	0	0
1.0	0.0	0	7939	0	0
1.0	0.0	0	7940	0	0
1.0	0.0	0	7941	0	0
1.0	0.0	0	7942	0	0
1.0	0.0	0	7943	0	0
1.0	0.0	0	7944	0	0
1.0	0.0	0	7945	0	0
1.0	0.0	0	7946	0	0
1.0	0.0	0	7947	0	0
1.0	0.0	0	7948	0	0
1.0	0.0	0	7949	0	0
1.0	0.0	0	7950	0	0
0.9936278874518509	0.0063721125481491095	0	7951	0	0
0.9936278874518509	0.0063721125481491095	0	7952	0	0
1.0	0.0	0	7953	0	0
1.0	0.0	0	7954	0	0
1.0	0.0	0	7955	0	0
1.0	0.0	0	7956	0	0
1.0	0.0	0	7957	0	0
1.0	0.0	0	7958	0	0
1.0	0.0	0	7959	0	0
1.0	0.0	0	7960	0	0
0.9933995385695656	0.006600461430434346	0	7961	0	0
1.0	0.0	0	7962	0	0
1.0	0.0	0	7963	0	0
1.0	0.0	0	7964	0	0
1.0	0.0	0	7965	0	0
1.0	0.0	0	7966	0	0
1.0	0.0	0	7967	0	0
1.0	0.0	0	7968	0	0
1.0	0.0	0	7969	0	0
1.0	0.0	0	7970	0	0
1.0	0.0	0	7971	0	0
1.0	0.0	0	7972	0	0
1.0	0.0	0	7973	0	0
1.0	0.0	0	7974	0	0
1.0	0.0	0	7975	0	0
1.0	0.0	0	7976	0	0
1.0	0.0	0	7977	0	0
1.0	0.0	0	7978	0	0
1.0	0.0	0	7979	0	0
1.0	0.0	0	7980	0	0
1.0	0.0	0	7981	0	0
1.0	0.0	0	7982	0	0
1.0	0.0	0	7983	0	0
1.0	0.0	0	7984	0	0
1.0	0.0	0	7985	0	0
1.0	0.0	0	7986	0	0
1.0	0.0	0	7987	0	0
1.0	0.0	0	7988	0	0
1.0	0.0	0	7989	0	0
1.0	0.0	0	7990	0	0
1.0	0.0	0	7991	0	0
1.0	0.0	0	7992	0	0
1.0	0.0	0	7993	0	0
1.0	0.0	0	7994	0	0
1.0	0.0	0	7995	0	0
1.0	0.0	0	7996	0	0
1.0	0.0	0	7997	0	0
1.0	0.0	0	7998	0	0
1.0	0.0	0	7999	0	0
1.0	0.0	0	8000	0	0
1.0	0.0	0	8001	0	0
1.0	0.0	0	8002	0	0
1.0	0.0	0	8003	0	0
1.0	0.0	0	8004	0	0
1.0	0.0	0	8005	0	0
0.9944306234298969	0.005569376570103106	0	8006	0	0
0.9049531423852274	0.09504685761477266	0	8007	0	0
1.0	0.0	0	8008	0	0
0.9967400793650795	0.003259920634920635	0	8009	0	0
1.0	0.0	0	8010	0	0
0.9967400793650795	0.003259920634920635	0	8011	0	0
1.0	0.0	0	8012	0	0
1.0	0.0	0	8013	0	0
1.0	0.0	0	8014	0	0
1.0	0.0	0	8015	0	0
1.0	0.0	0	8016	0	0
1.0	0.0	0	8017	0	0
1.0	0.0	0	8018	0	0
1.0	0.0	0	8019	0	0
1.0	0.0	0	8020	0	0
0.9966975666280417	0.003302433371958285	0	8021	0	0
0.9934317438432314	0.006568256156768412	0	8022	0	0
1.0	0.0	0	8023	0	0
1.0	0.0	0	8024	0	0
1.0	0.0	0	8025	0	0
1.0	0.0	0	8026	0	0
1.0	0.0	0	8027	0	0
1.0	0.0	0	8028	0	0
1.0	0.0	0	8029	0	0
1.0	0.0	0	8030	0	0
0.9940673036238612	0.005932696376138753	0	8031	0	0
1.0	0.0	0	8032	0	0
1.0	0.0	0	8033	0	0
1.0	0.0	0	8034	0	0
1.0	0.0	0	8035	0	0
1.0	0.0	0	8036	0	0
1.0	0.0	0	8037	0	0
1.0	0.0	0	8038	0	0
1.0	0.0	0	8039	0	0
1.0	0.0	0	8040	0	0
1.0	0.0	0	8041	0	0
1.0	0.0	0	8042	0	0
1.0	0.0	0	8043	0	0
0.9968853234890435	0.0031146765109565057	0	8044	0	0
1.0	0.0	0	8045	0	0
1.0	0.0	0	8046	0	0
1.0	0.0	0	8047	0	0
1.0	0.0	0	8048	0	0
1.0	0.0	0	8049	0	0
1.0	0.0	0	8050	0	0
1.0	0.0	0	8051	0	0
0.9967400793650795	0.003259920634920635	0	8052	0	0
0.9967400793650795	0.003259920634920635	0	8053	0	0
0.9967400793650795	0.003259920634920635	0	8054	0	0
1.0	0.0	0	8055	0	0
1.0	0.0	0	8056	0	0
1.0	0.0	0	8057	0	0
1.0	0.0	0	8058	0	0
1.0	0.0	0	8059	0	0
1.0	0.0	0	8060	0	0
1.0	0.0	0	8061	0	0
1.0	0.0	0	8062	0	0
1.0	0.0	0	8063	0	0
1.0	0.0	0	8064	0	0
1.0	0.0	0	8065	0	0
1.0	0.0	0	8066	0	0
1.0	0.0	0	8067	0	0
1.0	0.0	0	8068	0	0
1.0	0.0	0	8069	0	0
1.0	0.0	0	8070	0	0
1.0	0.0	0	8071	0	0
1.0	0.0	0	8072	0	0
1.0	0.0	0	8073	0	0
1.0	0.0	0	8074	0	0
1.0	0.0	0	8075	0	0
1.0	0.0	0	8076	0	0
1.0	0.0	0	8077	0	0
1.0	0.0	0	8078	0	0
1.0	0.0	0	8079	0	0
1.0	0.0	0	8080	0	0
1.0	0.0	0	8081	0	0
1.0	0.0	0	8082	0	0
1.0	0.0	0	8083	0	0
1.0	0.0	0	8084	0	0
1.0	0.0	0	8085	0	0
1.0	0.0	0	8086	0	0
1.0	0.0	0	8087	0	0
1.0	0.0	0	8088	0	0
1.0	0.0	0	8089	0	0
1.0	0.0	0	8090	0	0
1.0	0.0	0	8091	0	0
1.0	0.0	0	8092	0	0
1.0	0.0	0	8093	0	0
1.0	0.0	0	8094	0	0
1.0	0.0	0	8095	0	0
1.0	0.0	0	8096	0	0
1.0	0.0	0	8097	0	0
1.0	0.0	0	8098	0	0
1.0	0.0	0	8099	0	0
1.0	0.0	0	8100	0	0
1.0	0.0	0	8101	0	0
1.0	0.0	0	8102	0	0
1.0	0.0	0	8103	0	0
1.0	0.0	0	8104	0	0
1.0	0.0	0	8105	0	0
0.9934414837742147	0.0065585162257853396	0	8106	0	0
0.9934414837742147	0.0065585162257853396	0	8107	0	0
1.0	0.0	0	8108	0	0
1.0	0.0	0	8109	0	0
1.0	0.0	0	8110	0	0
0.9967027786137025	0.003297221386297522	0	8111	0	0
1.0	0.0	0	8112	0	0
1.0	0.0	0	8113	0	0
1.0	0.0	0	8114	0	0
1.0	0.0	0	8115	0	0
1.0	0.0	0	8116	0	0
1.0	0.0	0	8117	0	0
1.0	0.0	0	8118	0	0
0.9868019004517247	0.01319809954827541	0	8119	0	0
1.0	0.0	0	8120	0	0
1.0	0.0	0	8121	0	0
0.9934468534579929	0.0065531465420072986	0	8122	0	0
1.0	0.0	0	8123	0	0
1.0	0.0	0	8124	0	0
1.0	0.0	0	8125	0	0
1.0	0.0	0	8126	0	0
1.0	0.0	0	8127	0	0
1.0	0.0	0	8128	0	0
1.0	0.0	0	8129	0	0
1.0	0.0	0	8130	0	0
1.0	0.0	0	8131	0	0
1.0	0.0	0	8132	0	0
1.0	0.0	0	8133	0	0
1.0	0.0	0	8134	0	0
0.9967451503035687	0.003254849696431216	0	8135	0	0
1.0	0.0	0	8136	0	0
1.0	0.0	0	8137	0	0
1.0	0.0	0	8138	0	0
1.0	0.0	0	8139	0	0
1.0	0.0	0	8140	0	0
1.0	0.0	0	8141	0	0
1.0	0.0	0	8142	0	0
1.0	0.0	0	8143	0	0
1.0	0.0	0	8144	0	0
1.0	0.0	0	8145	0	0
1.0	0.0	0	8146	0	0
1.0	0.0	0	8147	0	0
0.9803550625206283	0.019644937479371787	0	8148	0	0
1.0	0.0	0	8149	0	0
1.0	0.0	0	8150	0	0
1.0	0.0	0	8151	0	0
1.0	0.0	0	8152	0	0
1.0	0.0	0	8153	0	0
1.0	0.0	0	8154	0	0
1.0	0.0	0	8155	0	0
0.9967027786137025	0.003297221386297522	0	8156	0	0
1.0	0.0	0	8157	0	0
1.0	0.0	0	8158	0	0
1.0	0.0	0	8159	0	0
1.0	0.0	0	8160	0	0
0.9968383239307586	0.0031616760692415257	0	8161	0	0
0.9968383239307586	0.0031616760692415257	0	8162	0	0
0.9968383239307586	0.0031616760692415257	0	8163	0	0
1.0	0.0	0	8164	0	0
1.0	0.0	0	8165	0	0
1.0	0.0	0	8166	0	0
1.0	0.0	0	8167	0	0
0.9972092035999321	0.0027907964000679223	0	8168	0	0
1.0	0.0	0	8169	0	0
1.0	0.0	0	8170	0	0
1.0	0.0	0	8171	0	0
1.0	0.0	0	8172	0	0
1.0	0.0	0	8173	0	0
1.0	0.0	0	8174	0	0
0.9802542508996597	0.019745749100340354	0	8175	0	0
1.0	0.0	0	8176	0	0
1.0	0.0	0	8177	0	0
1.0	0.0	0	8178	0	0
1.0	0.0	0	8179	0	0
1.0	0.0	0	8180	0	0
1.0	0.0	0	8181	0	0
1.0	0.0	0	8182	0	0
1.0	0.0	0	8183	0	0
1.0	0.0	0	8184	0	0
1.0	0.0	0	8185	0	0
1.0	0.0	0	8186	0	0
1.0	0.0	0	8187	0	0
1.0	0.0	0	8188	0	0
1.0	0.0	0	8189	0	0
1.0	0.0	0	8190	0	0
1.0	0.0	0	8191	0	0
1.0	0.0	0	8192	0	0
1.0	0.0	0	8193	0	0
1.0	0.0	0	8194	0	0
1.0	0.0	0	8195	0	0
1.0	0.0	0	8196	0	0
1.0	0.0	0	8197	0	0
1.0	0.0	0	8198	0	0
1.0	0.0	0	8199	0	0
1.0	0.0	0	8200	0	0
1.0	0.0	0	8201	0	0
1.0	0.0	0	8202	0	0
1.0	0.0	0	8203	0	0
1.0	0.0	0	8204	0	0
1.0	0.0	0	8205	0	0
0.9972092035999321	0.0027907964000679223	0	8206	0	0
0.9972092035999321	0.0027907964000679223	0	8207	0	0
1.0	0.0	0	8208	0	0
1.0	0.0	0	8209	0	0
1.0	0.0	0	8210	0	0
1.0	0.0	0	8211	0	0
1.0	0.0	0	8212	0	0
0.9935610933763712	0.006438906623628788	0	8213	0	0
1.0	0.0	0	8214	0	0
0.9935610933763712	0.006438906623628788	0	8215	0	0
1.0	0.0	0	8216	0	0
1.0	0.0	0	8217	0	0
1.0	0.0	0	8218	0	0
0.9966723113552317	0.00332768864476817	0	8219	0	0
0.9867669218532817	0.013233078146718195	0	8220	0	0
1.0	0.0	0	8221	0	0
1.0	0.0	0	8222	0	0
1.0	0.0	0	8223	0	0
0.9967459491601011	0.0032540508398989153	0	8224	0	0
1.0	0.0	0	8225	0	0
1.0	0.0	0	8226	0	0
1.0	0.0	0	8227	0	0
1.0	0.0	0	8228	0	0
1.0	0.0	0	8229	0	0
1.0	0.0	0	8230	0	0
1.0	0.0	0	8231	0	0
1.0	0.0	0	8232	0	0
1.0	0.0	0	8233	0	0
1.0	0.0	0	8234	0	0
1.0	0.0	0	8235	0	0
1.0	0.0	0	8236	0	0
1.0	0.0	0	8237	0	0
1.0	0.0	0	8238	0	0
0.9972092035999321	0.0027907964000679223	0	8239	0	0
0.9972092035999321	0.0027907964000679223	0	8240	0	0
1.0	0.0	0	8241	0	0
1.0	0.0	0	8242	0	0
1.0	0.0	0	8243	0	0
0.9803494067608903	0.019650593239109556	0	8244	0	0
1.0	0.0	0	8245	0	0
0.9803494067608903	0.019650593239109556	0	8246	0	0
1.0	0.0	0	8247	0	0
0.9977536602846321	0.002246339715368076	0	8248	0	0
1.0	0.0	0	8249	0	0
1.0	0.0	0	8250	0	0
0.996678115056316	0.003321884943684025	0	8251	0	0
0.9968271927279762	0.0031728072720239816	0	8252	0	0
0.9866530090664419	0.013346990933558006	0	8253	0	0
0.7879340913012074	0.21206590869879283	0	8254	0	0
0.7879340913012074	0.21206590869879283	0	8255	0	0
0.9639461529161218	0.03605384708387827	0	8256	0	0
0.9901279288369897	0.00987207116301017	0	8257	0	0
0.9967057820570684	0.0032942179429316485	0	8258	0	0
0.9574219112307454	0.042578088769254514	0	8259	0	0
0.9960509706519919	0.003949029348007992	0	8260	0	0
0.9960509706519919	0.003949029348007992	0	8261	0	0
0.9960509706519919	0.003949029348007992	0	8262	0	0
1.0	0.0	0	8263	0	0
1.0	0.0	0	8264	0	0
1.0	0.0	0	8265	0	0
1.0	0.0	0	8266	0	0
1.0	0.0	0	8267	0	0
1.0	0.0	0	8268	0	0
0.7123432763823995	0.2876567236176007	0	8269	0	0
0.7123432763823995	0.2876567236176007	0	8270	0	0
0.7123432763823995	0.2876567236176007	0	8271	0	0
0.862019762835923	0.13798023716407717	0	8272	0	0
1.0	0.0	0	8273	0	0
0.9967990074441688	0.0032009925558312653	0	8274	0	0
1.0	0.0	0	8275	0	0
0.9967990074441688	0.0032009925558312653	0	8276	0	0
1.0	0.0	0	8277	0	0
1.0	0.0	0	8278	0	0
1.0	0.0	0	8279	0	0
1.0	0.0	0	8280	0	0
1.0	0.0	0	8281	0	0
1.0	0.0	0	8282	0	0
1.0	0.0	0	8283	0	0
1.0	0.0	0	8284	0	0
1.0	0.0	0	8285	0	0
1.0	0.0	0	8286	0	0
0.9974557128490755	0.002544287150924423	0	8287	0	0
0.9912881232181981	0.008711876781801875	0	8288	0	0
1.0	0.0	0	8289	0	0
1.0	0.0	0	8290	0	0
1.0	0.0	0	8291	0	0
1.0	0.0	0	8292	0	0
1.0	0.0	0	8293	0	0
0.987039243268065	0.012960756731934872	0	8294	0	0
1.0	0.0	0	8295	0	0
0.987039243268065	0.012960756731934872	0	8296	0	0
0.9967087972715418	0.0032912027284582204	0	8297	0	0
1.0	0.0	0	8298	0	0
1.0	0.0	0	8299	0	0
0.9967143072062585	0.0032856927937415376	0	8300	0	0
1.0	0.0	0	8301	0	0
1.0	0.0	0	8302	0	0
1.0	0.0	0	8303	0	0
1.0	0.0	0	8304	0	0
1.0	0.0	0	8305	0	0
1.0	0.0	0	8306	0	0
0.8976348456150302	0.10236515438496999	0	8307	0	0
0.9950331617344436	0.004966838265556351	1	0	0	0
1.0	0.0	1	1	0	0
0.9917742110253293	0.008225788974670701	1	2	0	0
1.0	0.0	1	3	0	0
1.0	0.0	1	4	0	0
1.0	0.0	1	5	0	0
1.0	0.0	1	6	0	0
1.0	0.0	1	7	0	0
1.0	0.0	1	8	0	0
1.0	0.0	1	9	0	0
1.0	0.0	1	10	0	0
1.0	0.0	1	11	0	0
1.0	0.0	1	12	0	0
1.0	0.0	1	13	0	0
1.0	0.0	1	14	0	0
1.0	0.0	1	15	0	0
1.0	0.0	1	16	0	0
1.0	0.0	1	17	0	0
1.0	0.0	1	18	0	0
1.0	0.0	1	19	0	0
1.0	0.0	1	20	0	0
0.9967052805777041	0.0032947194222957723	1	21	0	0
1.0	0.0	1	22	0	0
1.0	0.0	1	23	0	0
1.0	0.0	1	24	0	0
1.0	0.0	1	25	0	0
1.0	0.0	1	26	0	0
0.980513977164107	0.019486022835892836	1	27	0	0
0.9968029342466419	0.00319706575335811	1	28	0	0
1.0	0.0	1	29	0	0
1.0	0.0	1	30	0	0
1.0	0.0	1	31	0	0
1.0	0.0	1	32	0	0
1.0	0.0	1	33	0	0
1.0	0.0	1	34	0	0
1.0	0.0	1	35	0	0
1.0	0.0	1	36	0	0
1.0	0.0	1	37	0	0
1.0	0.0	1	38	0	0
0.963652047475443	0.036347952524556866	1	39	0	0
1.0	0.0	1	40	0	0
1.0	0.0	1	41	0	0
1.0	0.0	1	42	0	0
1.0	0.0	1	43	0	0
1.0	0.0	1	44	0	0
1.0	0.0	1	45	0	0
1.0	0.0	1	46	0	0
1.0	0.0	1	47	0	0
1.0	0.0	1	48	0	0
1.0	0.0	1	49	0	0
1.0	0.0	1	50	0	0
1.0	0.0	1	51	0	0
1.0	0.0	1	52	0	0
0.996743010113028	0.0032569898869720406	1	53	0	0
1.0	0.0	1	54	0	0
1.0	0.0	1	55	0	0
1.0	0.0	1	56	0	0
1.0	0.0	1	57	0	0
1.0	0.0	1	58	0	0
1.0	0.0	1	59	0	0
1.0	0.0	1	60	0	0
0.9966997692847829	0.003300230715217173	1	61	0	0
1.0	0.0	1	62	0	0
0.9966997692847829	0.003300230715217173	1	63	0	0
1.0	0.0	1	64	0	0
1.0	0.0	1	65	0	0
1.0	0.0	1	66	0	0
1.0	0.0	1	67	0	0
1.0	0.0	1	68	0	0
1.0	0.0	1	69	0	0
1.0	0.0	1	70	0	0
1.0	0.0	1	71	0	0
1.0	0.0	1	72	0	0
1.0	0.0	1	73	0	0
1.0	0.0	1	74	0	0
1.0	0.0	1	75	0	0
1.0	0.0	1	76	0	0
1.0	0.0	1	77	0	0
1.0	0.0	1	78	0	0
1.0	0.0	1	79	0	0
1.0	0.0	1	80	0	0
1.0	0.0	1	81	0	0
1.0	0.0	1	82	0	0
1.0	0.0	1	83	0	0
1.0	0.0	1	84	0	0
1.0	0.0	1	85	0	0
1.0	0.0	1	86	0	0
1.0	0.0	1	87	0	0
1.0	0.0	1	88	0	0
1.0	0.0	1	89	0	0
1.0	0.0	1	90	0	0
1.0	0.0	1	91	0	0
1.0	0.0	1	92	0	0
1.0	0.0	1	93	0	0
1.0	0.0	1	94	0	0
1.0	0.0	1	95	0	0
1.0	0.0	1	96	0	0
1.0	0.0	1	97	0	0
1.0	0.0	1	98	0	0
1.0	0.0	1	99	0	0
1.0	0.0	1	100	0	0
1.0	0.0	1	101	0	0
1.0	0.0	1	102	0	0
1.0	0.0	1	103	0	0
1.0	0.0	1	104	0	0
1.0	0.0	1	105	0	0
1.0	0.0	1	106	0	0
1.0	0.0	1	107	0	0
1.0	0.0	1	108	0	0
1.0	0.0	1	109	0	0
1.0	0.0	1	110	0	0
1.0	0.0	1	111	0	0
1.0	0.0	1	112	0	0
0.9836586438700374	0.01634135612996265	1	113	0	0
1.0	0.0	1	114	0	0
0.9967449930596867	0.0032550069403133055	1	115	0	0
1.0	0.0	1	116	0	0
1.0	0.0	1	117	0	0
1.0	0.0	1	118	0	0
1.0	0.0	1	119	0	0
1.0	0.0	1	120	0	0
1.0	0.0	1	121	0	0
1.0	0.0	1	122	0	0
1.0	0.0	1	123	0	0
1.0	0.0	1	124	0	0
1.0	0.0	1	125	0	0
1.0	0.0	1	126	0	0
1.0	0.0	1	127	0	0
1.0	0.0	1	128	0	0
0.9935159520964707	0.0064840479035293205	1	129	0	0
1.0	0.0	1	130	0	0
1.0	0.0	1	131	0	0
1.0	0.0	1	132	0	0
1.0	0.0	1	133	0	0
1.0	0.0	1	134	0	0
1.0	0.0	1	135	0	0
1.0	0.0	1	136	0	0
1.0	0.0	1	137	0	0
1.0	0.0	1	138	0	0
0.9836542815324826	0.016345718467517648	1	139	0	0
1.0	0.0	1	140	0	0
1.0	0.0	1	141	0	0
1.0	0.0	1	142	0	0
1.0	0.0	1	143	0	0
1.0	0.0	1	144	0	0
1.0	0.0	1	145	0	0
1.0	0.0	1	146	0	0
1.0	0.0	1	147	0	0
1.0	0.0	1	148	0	0
1.0	0.0	1	149	0	0
1.0	0.0	1	150	0	0
1.0	0.0	1	151	0	0
1.0	0.0	1	152	0	0
0.9835069813164067	0.016493018683593364	1	153	0	0
1.0	0.0	1	154	0	0
1.0	0.0	1	155	0	0
1.0	0.0	1	156	0	0
1.0	0.0	1	157	0	0
1.0	0.0	1	158	0	0
0.9967479070689058	0.003252092931094268	1	159	0	0
1.0	0.0	1	160	0	0
1.0	0.0	1	161	0	0
1.0	0.0	1	162	0	0
1.0	0.0	1	163	0	0
1.0	0.0	1	164	0	0
1.0	0.0	1	165	0	0
1.0	0.0	1	166	0	0
1.0	0.0	1	167	0	0
1.0	0.0	1	168	0	0
1.0	0.0	1	169	0	0
1.0	0.0	1	170	0	0
1.0	0.0	1	171	0	0
1.0	0.0	1	172	0	0
1.0	0.0	1	173	0	0
0.996704277618976	0.00329572238102402	1	174	0	0
1.0	0.0	1	175	0	0
1.0	0.0	1	176	0	0
1.0	0.0	1	177	0	0
1.0	0.0	1	178	0	0
1.0	0.0	1	179	0	0
1.0	0.0	1	180	0	0
1.0	0.0	1	181	0	0
1.0	0.0	1	182	0	0
1.0	0.0	1	183	0	0
1.0	0.0	1	184	0	0
1.0	0.0	1	185	0	0
0.983591065565648	0.016408934434352006	1	186	0	0
1.0	0.0	1	187	0	0
1.0	0.0	1	188	0	0
1.0	0.0	1	189	0	0
1.0	0.0	1	190	0	0
1.0	0.0	1	191	0	0
1.0	0.0	1	192	0	0
1.0	0.0	1	193	0	0
0.9967469282600079	0.0032530717399920726	1	194	0	0
1.0	0.0	1	195	0	0
1.0	0.0	1	196	0	0
1.0	0.0	1	197	0	0
1.0	0.0	1	198	0	0
1.0	0.0	1	199	0	0
1.0	0.0	1	200	0	0
1.0	0.0	1	201	0	0
1.0	0.0	1	202	0	0
1.0	0.0	1	203	0	0
1.0	0.0	1	204	0	0
1.0	0.0	1	205	0	0
1.0	0.0	1	206	0	0
1.0	0.0	1	207	0	0
1.0	0.0	1	208	0	0
1.0	0.0	1	209	0	0
1.0	0.0	1	210	0	0
1.0	0.0	1	211	0	0
1.0	0.0	1	212	0	0
1.0	0.0	1	213	0	0
1.0	0.0	1	214	0	0
1.0	0.0	1	215	0	0
1.0	0.0	1	216	0	0
1.0	0.0	1	217	0	0
1.0	0.0	1	218	0	0
1.0	0.0	1	219	0	0
1.0	0.0	1	220	0	0
1.0	0.0	1	221	0	0
1.0	0.0	1	222	0	0
1.0	0.0	1	223	0	0
1.0	0.0	1	224	0	0
1.0	0.0	1	225	0	0
1.0	0.0	1	226	0	0
1.0	0.0	1	227	0	0
1.0	0.0	1	228	0	0
1.0	0.0	1	229	0	0
1.0	0.0	1	230	0	0
1.0	0.0	1	231	0	0
1.0	0.0	1	232	0	0
1.0	0.0	1	233	0	0
1.0	0.0	1	234	0	0
1.0	0.0	1	235	0	0
1.0	0.0	1	236	0	0
1.0	0.0	1	237	0	0
1.0	0.0	1	238	0	0
1.0	0.0	1	239	0	0
1.0	0.0	1	240	0	0
0.9836264724322533	0.016373527567746737	1	241	0	0
0.9836264724322533	0.016373527567746737	1	242	0	0
0.9966850717293194	0.003314928270680483	1	243	0	0
1.0	0.0	1	244	0	0
1.0	0.0	1	245	0	0
1.0	0.0	1	246	0	0
1.0	0.0	1	247	0	0
1.0	0.0	1	248	0	0
1.0	0.0	1	249	0	0
1.0	0.0	1	250	0	0
1.0	0.0	1	251	0	0
1.0	0.0	1	252	0	0
1.0	0.0	1	253	0	0
1.0	0.0	1	254	0	0
1.0	0.0	1	255	0	0
1.0	0.0	1	256	0	0
1.0	0.0	1	257	0	0
1.0	0.0	1	258	0	0
1.0	0.0	1	259	0	0
1.0	0.0	1	260	0	0
1.0	0.0	1	261	0	0
1.0	0.0	1	262	0	0
0.39428508092788594	0.605714919072114	1	263	1	1
0.7557128405613364	0.2442871594386636	1	264	0	0
0.996751819397	0.0032481806030001483	1	265	0	0
1.0	0.0	1	266	0	0
1.0	0.0	1	267	0	0
1.0	0.0	1	268	0	0
0.9738409635360245	0.026159036463975546	1	269	0	0
0.7066400828407957	0.2933599171592041	1	270	0	0
0.18774634001831159	0.8122536599816884	1	271	1	1
0.9933782287121458	0.006621771287854182	1	272	0	0
1.0	0.0	1	273	0	0
1.0	0.0	1	274	0	0
1.0	0.0	1	275	0	0
1.0	0.0	1	276	0	0
1.0	0.0	1	277	0	0
1.0	0.0	1	278	0	0
0.8185844265422242	0.18141557345777587	1	279	0	0
0.9901311903186045	0.009868809681395287	1	280	0	0
1.0	0.0	1	281	0	0
1.0	0.0	1	282	0	0
0.9967488855869241	0.0032511144130757804	1	283	0	0
1.0	0.0	1	284	0	0
0.9834037908107571	0.01659620918924283	1	285	0	0
0.9966666666666667	0.0033333333333333335	1	286	0	0
0.7927077066591405	0.2072922933408596	1	287	0	0
0.23378923989446268	0.7662107601055376	1	288	0	1
1.0	0.0	1	289	0	0
1.0	0.0	1	290	0	0
1.0	0.0	1	291	0	0
0.9966843113530954	0.0033156886469046178	1	292	0	0
1.0	0.0	1	293	0	0
0.9967439900867411	0.003256009913258984	1	294	0	0
1.0	0.0	1	295	0	0
1.0	0.0	1	296	0	0
0.9867855987818545	0.013214401218145398	1	297	0	0
1.0	0.0	1	298	0	0
1.0	0.0	1	299	0	0
1.0	0.0	1	300	0	0
1.0	0.0	1	301	0	0
0.9901557322862404	0.00984426771375961	1	302	0	0
1.0	0.0	1	303	0	0
0.9966884750880726	0.003311524911927529	1	304	0	0
0.9966884750880726	0.003311524911927529	1	305	0	0
0.9966884750880726	0.003311524911927529	1	306	0	0
0.9966901514770268	0.003309848522973177	1	307	0	0
1.0	0.0	1	308	0	0
1.0	0.0	1	309	0	0
1.0	0.0	1	310	0	0
1.0	0.0	1	311	0	0
1.0	0.0	1	312	0	0
1.0	0.0	1	313	0	0
1.0	0.0	1	314	0	0
1.0	0.0	1	315	0	0
1.0	0.0	1	316	0	0
1.0	0.0	1	317	0	0
1.0	0.0	1	318	0	0
1.0	0.0	1	319	0	0
1.0	0.0	1	320	0	0
1.0	0.0	1	321	0	0
1.0	0.0	1	322	0	0
0.6789601330888252	0.32103986691117514	1	323	0	0
1.0	0.0	1	324	0	0
0.9804388878934236	0.019561112106576427	1	325	0	0
0.9705296440920368	0.02947035590796327	1	326	0	0
0.9708027714487562	0.029197228551243876	1	327	0	0
1.0	0.0	1	328	0	0
1.0	0.0	1	329	0	0
1.0	0.0	1	330	0	0
1.0	0.0	1	331	0	0
0.9803083186464554	0.019691681353544765	1	332	0	0
1.0	0.0	1	333	0	0
1.0	0.0	1	334	0	0
1.0	0.0	1	335	0	0
1.0	0.0	1	336	0	0
1.0	0.0	1	337	0	0
1.0	0.0	1	338	0	0
1.0	0.0	1	339	0	0
1.0	0.0	1	340	0	0
1.0	0.0	1	341	0	0
0.9835536222072045	0.01644637779279563	1	342	0	0
0.9539378578942427	0.04606214210575745	1	343	0	0
1.0	0.0	1	344	0	0
1.0	0.0	1	345	0	0
1.0	0.0	1	346	0	0
0.928031160243216	0.07196883975678386	1	347	0	0
0.9967037761396119	0.0032962238603881453	1	348	0	0
1.0	0.0	1	349	0	0
0.9967037761396119	0.0032962238603881453	1	350	0	0
0.2015370479455976	0.7984629520544028	1	351	0	1
0.9901440608002418	0.009855939199758303	1	352	0	0
1.0	0.0	1	353	0	0
0.9672625608660688	0.03273743913393112	1	354	0	0
0.9639846588524764	0.03601534114752357	1	355	0	0
0.77245111462836	0.2275488853716399	1	356	0	0
1.0	0.0	1	357	0	0
0.9904557577088317	0.009544242291168297	1	358	0	0
1.0	0.0	1	359	0	0
1.0	0.0	1	360	0	0
0.9967439900867411	0.003256009913258984	1	361	0	0
0.9967439900867411	0.003256009913258984	1	362	0	0
0.9967400684421961	0.0032599315578038983	1	363	0	0
0.9274909546394378	0.07250904536056228	1	364	0	0
1.0	0.0	1	365	0	0
0.941042794834399	0.05895720516560109	1	366	0	0
0.9966977677451717	0.0033022322548281915	1	367	0	0
0.9966977677451717	0.0033022322548281915	1	368	0	0
0.9966977677451717	0.0033022322548281915	1	369	0	0
1.0	0.0	1	370	0	0
1.0	0.0	1	371	0	0
1.0	0.0	1	372	0	0
1.0	0.0	1	373	0	0
1.0	0.0	1	374	0	0
1.0	0.0	1	375	0	0
1.0	0.0	1	376	0	0
1.0	0.0	1	377	0	0
0.9967017702221553	0.0032982297778446417	1	378	0	0
1.0	0.0	1	379	0	0
1.0	0.0	1	380	0	0
1.0	0.0	1	381	0	0
1.0	0.0	1	382	0	0
1.0	0.0	1	383	0	0
1.0	0.0	1	384	0	0
1.0	0.0	1	385	0	0
1.0	0.0	1	386	0	0
1.0	0.0	1	387	0	0
1.0	0.0	1	388	0	0
1.0	0.0	1	389	0	0
1.0	0.0	1	390	0	0
1.0	0.0	1	391	0	0
1.0	0.0	1	392	0	0
0.9966801476163996	0.0033198523836004247	1	393	0	0
1.0	0.0	1	394	0	0
1.0	0.0	1	395	0	0
1.0	0.0	1	396	0	0
1.0	0.0	1	397	0	0
1.0	0.0	1	398	0	0
1.0	0.0	1	399	0	0
1.0	0.0	1	400	0	0
0.986752423524998	0.013247576475002036	1	401	0	0
1.0	0.0	1	402	0	0
1.0	0.0	1	403	0	0
1.0	0.0	1	404	0	0
0.9966845647735006	0.003315435226499282	1	405	0	0
1.0	0.0	1	406	0	0
0.9933441006746413	0.006655899325358771	1	407	0	0
0.9933441006746413	0.006655899325358771	1	408	0	0
1.0	0.0	1	409	0	0
0.9900737908877596	0.009926209112240328	1	410	0	0
1.0	0.0	1	411	0	0
1.0	0.0	1	412	0	0
1.0	0.0	1	413	0	0
1.0	0.0	1	414	0	0
1.0	0.0	1	415	0	0
1.0	0.0	1	416	0	0
1.0	0.0	1	417	0	0
1.0	0.0	1	418	0	0
1.0	0.0	1	419	0	0
0.822440602912383	0.1775593970876171	1	420	0	0
0.8975001301302253	0.10249986986977472	1	421	0	0
1.0	0.0	1	422	0	0
1.0	0.0	1	423	0	0
1.0	0.0	1	424	0	0
0.9967913732394366	0.00320862676056338	1	425	0	0
1.0	0.0	1	426	0	0
1.0	0.0	1	427	0	0
1.0	0.0	1	428	0	0
1.0	0.0	1	429	0	0
1.0	0.0	1	430	0	0
1.0	0.0	1	431	0	0
1.0	0.0	1	432	0	0
0.703364945172949	0.2966350548270516	1	433	0	0
0.9868700558055559	0.013129944194444033	1	434	0	0
0.940834664703785	0.059165335296215114	1	435	0	0
1.0	0.0	1	436	0	0
1.0	0.0	1	437	0	0
1.0	0.0	1	438	0	0
0.7062500729572413	0.2937499270427586	1	439	0	0
1.0	0.0	1	440	0	0
1.0	0.0	1	441	0	0
0.12345061796874003	0.87654938203126	1	442	0	1
1.0	0.0	1	443	0	0
0.9902567226281827	0.009743277371817363	1	444	0	0
0.9967439900867411	0.003256009913258984	1	445	0	0
1.0	0.0	1	446	0	0
0.9967439900867411	0.003256009913258984	1	447	0	0
0.8620091382598044	0.13799086174019554	1	448	0	0
0.9867581178167022	0.0132418821832978	1	449	0	0
0.9769231021386219	0.023076897861378284	1	450	0	0
1.0	0.0	1	451	0	0
1.0	0.0	1	452	0	0
1.0	0.0	1	453	0	0
1.0	0.0	1	454	0	0
0.41238294600478986	0.5876170539952102	1	455	0	1
0.9967067850157967	0.0032932149842034002	1	456	0	0
1.0	0.0	1	457	0	0
0.8545860265992072	0.14541397340079312	1	458	0	0
1.0	0.0	1	459	0	0
1.0	0.0	1	460	0	0
1.0	0.0	1	461	0	0
1.0	0.0	1	462	0	0
1.0	0.0	1	463	0	0
1.0	0.0	1	464	0	0
0.9966832980546316	0.0033167019453684107	1	465	0	0
0.9966832980546316	0.0033167019453684107	1	466	0	0
1.0	0.0	1	467	0	0
0.9934023754841477	0.006597624515852407	1	468	0	0
0.9933597916291451	0.006640208370854741	1	469	0	0
0.9900470641145563	0.009952935885443704	1	470	0	0
0.9966786219438272	0.0033213780561729645	1	471	0	0
0.9934229241011682	0.006577075898831895	1	472	0	0
1.0	0.0	1	473	0	0
1.0	0.0	1	474	0	0
1.0	0.0	1	475	0	0
1.0	0.0	1	476	0	0
1.0	0.0	1	477	0	0
0.9934174045400421	0.00658259545995796	1	478	0	0
0.9901003715124261	0.00989962848757399	1	479	0	0
0.9834819753570516	0.016518024642948614	1	480	0	0
0.9967381165029274	0.0032618834970725413	1	481	0	0
1.0	0.0	1	482	0	0
0.9966838046272494	0.003316195372750643	1	483	0	0
1.0	0.0	1	484	0	0
0.9967184311383206	0.003281568861679359	1	485	0	0
0.9967184311383206	0.003281568861679359	1	486	0	0
0.8218150749952238	0.1781849250047761	1	487	0	0
0.9508474603104783	0.04915253968952182	1	488	0	0
0.9539312662419742	0.04606873375802573	1	489	1	0
0.9967012687427913	0.003298731257208766	1	490	0	0
1.0	0.0	1	491	0	0
1.0	0.0	1	492	0	0
1.0	0.0	1	493	0	0
1.0	0.0	1	494	0	0
1.0	0.0	1	495	0	0
1.0	0.0	1	496	0	0
1.0	0.0	1	497	0	0
1.0	0.0	1	498	0	0
1.0	0.0	1	499	0	0
1.0	0.0	1	500	0	0
0.9933931099576345	0.006606890042365456	1	501	0	0
0.9967118066004614	0.0032881933995385693	1	502	0	0
1.0	0.0	1	503	0	0
1.0	0.0	1	504	0	0
0.9868410892475113	0.013158910752488567	1	505	0	0
1.0	0.0	1	506	0	0
0.9934001669054866	0.00659983309451333	1	507	0	0
0.9967381058689287	0.0032618941310710923	1	508	0	0
0.9934791469842453	0.0065208530157547205	1	509	0	0
0.9934791469842453	0.0065208530157547205	1	510	0	0
0.9934791469842453	0.0065208530157547205	1	511	0	0
0.9967002657840629	0.003299734215937014	1	512	0	0
0.9508405497841551	0.04915945021584504	1	513	1	0
0.9738459119668609	0.026154088033139043	1	514	0	0
0.9606969189325163	0.03930308106748363	1	515	0	0
0.38960694375332217	0.6103930562466778	1	516	1	1
0.9967390873015873	0.0032609126984126983	1	517	0	0
1.0	0.0	1	518	0	0
1.0	0.0	1	519	0	0
1.0	0.0	1	520	0	0
0.23829132987608673	0.7617086701239132	1	521	1	1
0.37008369408449093	0.6299163059155087	1	522	1	1
0.99016220555566	0.009837794444339923	1	523	0	0
1.0	0.0	1	524	0	0
0.9867148086856226	0.013285191314377413	1	525	0	0
0.9933909187404538	0.006609081259546067	1	526	0	0
1.0	0.0	1	527	0	0
0.996829032569827	0.003170967430172997	1	528	0	0
1.0	0.0	1	529	0	0
1.0	0.0	1	530	0	0
1.0	0.0	1	531	0	0
1.0	0.0	1	532	0	0
1.0	0.0	1	533	0	0
0.9967047905693505	0.0032952094306496114	1	534	0	0
0.9967047905693505	0.0032952094306496114	1	535	0	0
0.9868407646571573	0.013159235342842607	1	536	0	0
1.0	0.0	1	537	0	0
1.0	0.0	1	538	0	0
1.0	0.0	1	539	0	0
1.0	0.0	1	540	0	0
1.0	0.0	1	541	0	0
1.0	0.0	1	542	0	0
1.0	0.0	1	543	0	0
1.0	0.0	1	544	0	0
1.0	0.0	1	545	0	0
1.0	0.0	1	546	0	0
1.0	0.0	1	547	0	0
1.0	0.0	1	548	0	0
1.0	0.0	1	549	0	0
1.0	0.0	1	550	0	0
1.0	0.0	1	551	0	0
1.0	0.0	1	552	0	0
1.0	0.0	1	553	0	0
1.0	0.0	1	554	0	0
1.0	0.0	1	555	0	0
0.9902262180249058	0.00977378197509421	1	556	0	0
1.0	0.0	1	557	0	0
1.0	0.0	1	558	0	0
1.0	0.0	1	559	0	0
0.9966870240518737	0.0033129759481263666	1	560	0	0
1.0	0.0	1	561	0	0
0.9967698050193998	0.003230194980600167	1	562	0	0
1.0	0.0	1	563	0	0
1.0	0.0	1	564	0	0
1.0	0.0	1	565	0	0
1.0	0.0	1	566	0	0
0.9903005964798162	0.009699403520183801	1	567	0	0
0.9903005964798162	0.009699403520183801	1	568	0	0
1.0	0.0	1	569	0	0
0.9901565621127124	0.009843437887287664	1	570	0	0
0.9966925090616189	0.0033074909383809907	1	571	0	0
0.9706248936841598	0.029375106315840272	1	572	0	0
0.996678959333165	0.0033210406668350593	1	573	0	0
1.0	0.0	1	574	0	0
1.0	0.0	1	575	0	0
1.0	0.0	1	576	0	0
0.9967027731808836	0.003297226819116393	1	577	0	0
1.0	0.0	1	578	0	0
1.0	0.0	1	579	0	0
1.0	0.0	1	580	0	0
0.9933333333333333	0.006666666666666667	1	581	0	0
1.0	0.0	1	582	0	0
1.0	0.0	1	583	0	0
0.2551839391700653	0.7448160608299343	1	584	0	1
1.0	0.0	1	585	0	0
0.9967253206084103	0.003274679391589621	1	586	0	0
0.9934363442094656	0.006563655790534457	1	587	0	0
1.0	0.0	1	588	0	0
0.9834942335434423	0.016505766456557883	1	589	0	0
1.0	0.0	1	590	0	0
1.0	0.0	1	591	0	0
0.9935524012861511	0.006447598713848959	1	592	0	0
1.0	0.0	1	593	0	0
0.9968047049674347	0.0031952950325653735	1	594	0	0
0.9607501293522468	0.03924987064775302	1	595	0	0
1.0	0.0	1	596	0	0
0.9935809367605289	0.006419063239470963	1	597	0	0
1.0	0.0	1	598	0	0
1.0	0.0	1	599	0	0
1.0	0.0	1	600	0	0
1.0	0.0	1	601	0	0
1.0	0.0	1	602	0	0
0.9935319252700339	0.006468074729966161	1	603	0	0
1.0	0.0	1	604	0	0
0.6778249997076907	0.32217500029230906	1	605	0	0
0.9604516692802588	0.03954833071974118	1	606	0	0
1.0	0.0	1	607	0	0
1.0	0.0	1	608	0	0
1.0	0.0	1	609	0	0
1.0	0.0	1	610	0	0
1.0	0.0	1	611	0	0
1.0	0.0	1	612	0	0
1.0	0.0	1	613	0	0
1.0	0.0	1	614	0	0
1.0	0.0	1	615	0	0
1.0	0.0	1	616	0	0
1.0	0.0	1	617	0	0
1.0	0.0	1	618	0	0
1.0	0.0	1	619	0	0
0.9604036598415384	0.03959634015846169	1	620	0	0
0.9967597105302023	0.0032402894697976664	1	621	0	0
0.9967597105302023	0.0032402894697976664	1	622	0	0
1.0	0.0	1	623	0	0
1.0	0.0	1	624	0	0
1.0	0.0	1	625	0	0
1.0	0.0	1	626	0	0
1.0	0.0	1	627	0	0
1.0	0.0	1	628	0	0
1.0	0.0	1	629	0	0
1.0	0.0	1	630	0	0
1.0	0.0	1	631	0	0
0.9901382194706793	0.009861780529320715	1	632	0	0
1.0	0.0	1	633	0	0
0.9372828105832821	0.0627171894167179	1	634	0	0
0.18626583401489585	0.8137341659851035	1	635	0	1
0.9967895635210924	0.003210436478907584	1	636	0	0
0.9867200697495605	0.013279930250439675	1	637	0	0
1.0	0.0	1	638	0	0
1.0	0.0	1	639	0	0
0.9768588734192569	0.02314112658074302	1	640	0	0
1.0	0.0	1	641	0	0
1.0	0.0	1	642	0	0
1.0	0.0	1	643	0	0
1.0	0.0	1	644	0	0
1.0	0.0	1	645	0	0
0.9967488855869241	0.0032511144130757804	1	646	0	0
1.0	0.0	1	647	0	0
1.0	0.0	1	648	0	0
1.0	0.0	1	649	0	0
1.0	0.0	1	650	0	0
1.0	0.0	1	651	0	0
1.0	0.0	1	652	0	0
1.0	0.0	1	653	0	0
0.09702295753907808	0.9029770424609217	1	654	0	1
0.9967072864951607	0.0032927135048392755	1	655	0	0
0.976946901855257	0.023053098144743087	1	656	0	0
1.0	0.0	1	657	0	0
1.0	0.0	1	658	0	0
1.0	0.0	1	659	0	0
1.0	0.0	1	660	0	0
1.0	0.0	1	661	0	0
1.0	0.0	1	662	0	0
1.0	0.0	1	663	0	0
1.0	0.0	1	664	0	0
1.0	0.0	1	665	0	0
1.0	0.0	1	666	0	0
1.0	0.0	1	667	0	0
1.0	0.0	1	668	0	0
1.0	0.0	1	669	0	0
1.0	0.0	1	670	0	0
1.0	0.0	1	671	0	0
1.0	0.0	1	672	0	0
1.0	0.0	1	673	0	0
1.0	0.0	1	674	0	0
1.0	0.0	1	675	0	0
1.0	0.0	1	676	0	0
1.0	0.0	1	677	0	0
1.0	0.0	1	678	0	0
1.0	0.0	1	679	0	0
1.0	0.0	1	680	0	0
1.0	0.0	1	681	0	0
1.0	0.0	1	682	0	0
1.0	0.0	1	683	0	0
1.0	0.0	1	684	0	0
1.0	0.0	1	685	0	0
1.0	0.0	1	686	0	0
1.0	0.0	1	687	0	0
1.0	0.0	1	688	0	0
1.0	0.0	1	689	0	0
1.0	0.0	1	690	0	0
1.0	0.0	1	691	0	0
1.0	0.0	1	692	0	0
1.0	0.0	1	693	0	0
1.0	0.0	1	694	0	0
1.0	0.0	1	695	0	0
1.0	0.0	1	696	0	0
1.0	0.0	1	697	0	0
1.0	0.0	1	698	0	0
0.9967654721525833	0.0032345278474168017	1	699	0	0
0.9934167759061289	0.0065832240938710485	1	700	0	0
0.9769323850013027	0.023067614998697382	1	701	0	0
0.9706981464821494	0.02930185351785045	1	702	0	0
0.7791345602689727	0.22086543973102707	1	703	0	0
0.9309938073780218	0.06900619262197823	1	704	0	0
0.9934850277138658	0.006514972286134188	1	705	0	0
0.9935131515919017	0.006486848408098377	1	706	0	0
0.9967361421269417	0.0032638578730584083	1	707	0	0
1.0	0.0	1	708	0	0
1.0	0.0	1	709	0	0
1.0	0.0	1	710	0	0
1.0	0.0	1	711	0	0
1.0	0.0	1	712	0	0
0.9834681382454042	0.016531861754595707	1	713	0	0
1.0	0.0	1	714	0	0
0.9966840579710143	0.0033159420289855072	1	715	0	0
0.9902202511675295	0.009779748832470342	1	716	0	0
1.0	0.0	1	717	0	0
1.0	0.0	1	718	0	0
1.0	0.0	1	719	0	0
1.0	0.0	1	720	0	0
1.0	0.0	1	721	0	0
1.0	0.0	1	722	0	0
1.0	0.0	1	723	0	0
1.0	0.0	1	724	0	0
1.0	0.0	1	725	0	0
1.0	0.0	1	726	0	0
1.0	0.0	1	727	0	0
1.0	0.0	1	728	0	0
1.0	0.0	1	729	0	0
1.0	0.0	1	730	0	0
1.0	0.0	1	731	0	0
1.0	0.0	1	732	0	0
1.0	0.0	1	733	0	0
1.0	0.0	1	734	0	0
1.0	0.0	1	735	0	0
1.0	0.0	1	736	0	0
1.0	0.0	1	737	0	0
0.9933867364162271	0.006613263583773008	1	738	0	0
1.0	0.0	1	739	0	0
1.0	0.0	1	740	0	0
1.0	0.0	1	741	0	0
1.0	0.0	1	742	0	0
1.0	0.0	1	743	0	0
1.0	0.0	1	744	0	0
1.0	0.0	1	745	0	0
1.0	0.0	1	746	0	0
1.0	0.0	1	747	0	0
1.0	0.0	1	748	0	0
1.0	0.0	1	749	0	0
0.9673955137398725	0.032604486260127505	1	750	0	0
0.8548353555762439	0.14516464442375618	1	751	0	0
0.993383731161008	0.006616268838991899	1	752	0	0
0.993383731161008	0.006616268838991899	1	753	0	0
0.9803995130947866	0.019600486905213342	1	754	0	0
0.9276109214222765	0.07238907857772357	1	755	0	0
0.993383731161008	0.006616268838991899	1	756	0	0
0.993383731161008	0.006616268838991899	1	757	0	0
0.993383731161008	0.006616268838991899	1	758	0	0
1.0	0.0	1	759	0	0
0.9869161659647783	0.013083834035221776	1	760	0	0
1.0	0.0	1	761	0	0
0.8621752649666277	0.13782473503337273	1	762	0	0
0.24087660189110585	0.759123398108894	1	763	0	1
0.20459093222514574	0.7954090677748541	1	764	0	1
1.0	0.0	1	765	0	0
0.9966666666666667	0.0033333333333333335	1	766	0	0
0.9967098068723351	0.003290193127664911	1	767	0	0
0.993493148743499	0.006506851256500786	1	768	0	0
0.7227925184138021	0.2772074815861979	1	769	0	0
0.8187039664233057	0.1812960335766944	1	770	0	0
0.9410111714049308	0.05898882859506928	1	771	0	0
0.9801397453393038	0.019860254660696207	1	772	0	0
0.8913444873608326	0.10865551263916719	1	773	0	0
0.9868319271006342	0.01316807289936574	1	774	0	0
1.0	0.0	1	775	0	0
1.0	0.0	1	776	0	0
1.0	0.0	1	777	0	0
1.0	0.0	1	778	0	0
1.0	0.0	1	779	0	0
0.9902040801815918	0.009795919818408038	1	780	0	0
0.980461112054336	0.01953888794566402	1	781	0	0
0.966863549489752	0.0331364505102481	1	782	0	0
1.0	0.0	1	783	0	0
0.9967002657840631	0.003299734215937014	1	784	0	0
1.0	0.0	1	785	0	0
1.0	0.0	1	786	0	0
1.0	0.0	1	787	0	0
1.0	0.0	1	788	0	0
1.0	0.0	1	789	0	0
1.0	0.0	1	790	0	0
1.0	0.0	1	791	0	0
1.0	0.0	1	792	0	0
1.0	0.0	1	793	0	0
1.0	0.0	1	794	0	0
1.0	0.0	1	795	0	0
1.0	0.0	1	796	0	0
1.0	0.0	1	797	0	0
1.0	0.0	1	798	0	0
1.0	0.0	1	799	0	0
1.0	0.0	1	800	0	0
1.0	0.0	1	801	0	0
1.0	0.0	1	802	0	0
1.0	0.0	1	803	0	0
1.0	0.0	1	804	0	0
1.0	0.0	1	805	0	0
1.0	0.0	1	806	0	0
1.0	0.0	1	807	0	0
1.0	0.0	1	808	0	0
1.0	0.0	1	809	0	0
0.9967078003511411	0.003292199648858791	1	810	0	0
0.9967078003511411	0.003292199648858791	1	811	0	0
1.0	0.0	1	812	0	0
1.0	0.0	1	813	0	0
1.0	0.0	1	814	0	0
1.0	0.0	1	815	0	0
1.0	0.0	1	816	0	0
1.0	0.0	1	817	0	0
1.0	0.0	1	818	0	0
0.9967698050193998	0.003230194980600167	1	819	0	0
0.9176223598135561	0.08237764018644386	1	820	0	0
0.8780947401266407	0.12190525987335916	1	821	0	0
0.9805000336260973	0.01949996637390283	1	822	0	0
1.0	0.0	1	823	0	0
1.0	0.0	1	824	0	0
0.9078320037221692	0.09216799627783094	1	825	0	0
1.0	0.0	1	826	0	0
1.0	0.0	1	827	0	0
0.9835533494209775	0.01644665057902264	1	828	0	0
0.9966987613459706	0.003301238654029387	1	829	0	0
0.9244569304891695	0.0755430695108306	1	830	0	0
1.0	0.0	1	831	0	0
0.9967322306660706	0.0032677693339293696	1	832	0	0
1.0	0.0	1	833	0	0
0.9967322306660706	0.0032677693339293696	1	834	0	0
1.0	0.0	1	835	0	0
0.9900534030828938	0.00994659691710634	1	836	0	0
1.0	0.0	1	837	0	0
1.0	0.0	1	838	0	0
1.0	0.0	1	839	0	0
1.0	0.0	1	840	0	0
1.0	0.0	1	841	0	0
0.9967012687427913	0.003298731257208766	1	842	0	0
0.9901180446489201	0.009881955351079814	1	843	0	0
0.8254125676997881	0.1745874323002121	1	844	0	0
0.8190033124836879	0.18099668751631248	1	845	0	0
0.8981734560386426	0.10182654396135751	1	846	0	0
1.0	0.0	1	847	0	0
0.7501046821181	0.2498953178818999	1	848	0	0
0.9309259473475866	0.06907405265241325	1	849	0	0
1.0	0.0	1	850	0	0
1.0	0.0	1	851	0	0
1.0	0.0	1	852	0	0
1.0	0.0	1	853	0	0
0.9968885104772718	0.003111489522728348	1	854	0	0
0.9968885104772718	0.003111489522728348	1	855	0	0
1.0	0.0	1	856	0	0
0.986969994593371	0.013030005406629078	1	857	0	0
0.7304109323364846	0.2695890676635152	1	858	0	0
0.9868742754936332	0.01312572450636716	1	859	0	0
0.9935098995831756	0.006490100416824555	1	860	0	0
0.9933522512296633	0.006647748770336738	1	861	0	0
0.9933434881949733	0.006656511805026656	1	862	0	0
1.0	0.0	1	863	0	0
1.0	0.0	1	864	0	0
1.0	0.0	1	865	0	0
0.993409056717316	0.006590943282683917	1	866	0	0
0.993409056717316	0.006590943282683917	1	867	0	0
0.993409056717316	0.006590943282683917	1	868	0	0
1.0	0.0	1	869	0	0
1.0	0.0	1	870	0	0
1.0	0.0	1	871	0	0
1.0	0.0	1	872	0	0
1.0	0.0	1	873	0	0
1.0	0.0	1	874	0	0
1.0	0.0	1	875	0	0
1.0	0.0	1	876	0	0
1.0	0.0	1	877	0	0
1.0	0.0	1	878	0	0
1.0	0.0	1	879	0	0
1.0	0.0	1	880	0	0
1.0	0.0	1	881	0	0
1.0	0.0	1	882	0	0
1.0	0.0	1	883	0	0
1.0	0.0	1	884	0	0
1.0	0.0	1	885	0	0
1.0	0.0	1	886	0	0
1.0	0.0	1	887	0	0
1.0	0.0	1	888	0	0
0.2908474001894616	0.7091525998105382	1	889	1	1
0.057969895070394004	0.9420301049296057	1	890	1	1
0.9867391690203785	0.013260830979621512	1	891	0	0
0.02889679358092422	0.9711032064190754	1	892	1	1
0.037706016341303134	0.9622939836586966	1	893	1	1
0.034316952017435266	0.9656830479825648	1	894	1	1
0.2380520978549953	0.7619479021450049	1	895	1	1
1.0	0.0	1	896	0	0
0.9866981332347143	0.013301866765285749	1	897	0	0
0.9866981332347143	0.013301866765285749	1	898	0	0
0.9866981332347143	0.013301866765285749	1	899	0	0
1.0	0.0	1	900	0	0
0.9866981332347143	0.013301866765285749	1	901	0	0
0.9866981332347143	0.013301866765285749	1	902	0	0
0.0355769885704978	0.9644230114295025	1	903	1	1
0.9933729502030991	0.006627049796900857	1	904	0	0
0.15036105159925395	0.8496389484007462	1	905	1	1
0.03846801198479644	0.9615319880152036	1	906	1	1
0.24870447327705966	0.7512955267229405	1	907	1	1
0.9969382624080455	0.00306173759195456	1	908	0	0
0.9936400379121081	0.006359962087891966	1	909	0	0
1.0	0.0	1	910	0	0
1.0	0.0	1	911	0	0
0.9992102819208706	0.0007897180791293719	1	912	0	0
1.0	0.0	1	913	0	0
1.0	0.0	1	914	0	0
1.0	0.0	1	915	0	0
1.0	0.0	1	916	0	0
1.0	0.0	1	917	0	0
1.0	0.0	1	918	0	0
1.0	0.0	1	919	0	0
1.0	0.0	1	920	0	0
1.0	0.0	1	921	0	0
1.0	0.0	1	922	0	0
1.0	0.0	1	923	0	0
1.0	0.0	1	924	0	0
1.0	0.0	1	925	0	0
1.0	0.0	1	926	0	0
1.0	0.0	1	927	0	0
1.0	0.0	1	928	0	0
1.0	0.0	1	929	0	0
1.0	0.0	1	930	0	0
0.9966938611069145	0.003306138893085562	1	931	0	0
1.0	0.0	1	932	0	0
0.9966938611069145	0.003306138893085562	1	933	0	0
0.9992102819208706	0.0007897180791293719	1	934	0	0
1.0	0.0	1	935	0	0
0.9992102819208706	0.0007897180791293719	1	936	0	0
1.0	0.0	1	937	0	0
0.9966809974204642	0.0033190025795356835	1	938	0	0
1.0	0.0	1	939	0	0
1.0	0.0	1	940	0	0
1.0	0.0	1	941	0	0
1.0	0.0	1	942	0	0
1.0	0.0	1	943	0	0
1.0	0.0	1	944	0	0
1.0	0.0	1	945	0	0
1.0	0.0	1	946	0	0
1.0	0.0	1	947	0	0
0.19047650463212895	0.8095234953678714	1	948	1	1
1.0	0.0	1	949	0	0
1.0	0.0	1	950	0	0
1.0	0.0	1	951	0	0
1.0	0.0	1	952	0	0
1.0	0.0	1	953	0	0
1.0	0.0	1	954	0	0
1.0	0.0	1	955	0	0
0.9840327159874209	0.015967284012579106	1	956	0	0
1.0	0.0	1	957	0	0
0.9970177812175673	0.0029822187824326504	1	958	0	0
1.0	0.0	1	959	0	0
0.990375101728988	0.00962489827101202	1	960	0	0
0.9937080826261414	0.00629191737385848	1	961	0	0
1.0	0.0	1	962	0	0
1.0	0.0	1	963	0	0
1.0	0.0	1	964	0	0
1.0	0.0	1	965	0	0
1.0	0.0	1	966	0	0
1.0	0.0	1	967	0	0
1.0	0.0	1	968	0	0
1.0	0.0	1	969	0	0
1.0	0.0	1	970	0	0
1.0	0.0	1	971	0	0
1.0	0.0	1	972	0	0
1.0	0.0	1	973	0	0
1.0	0.0	1	974	0	0
1.0	0.0	1	975	0	0
1.0	0.0	1	976	0	0
1.0	0.0	1	977	0	0
1.0	0.0	1	978	0	0
1.0	0.0	1	979	0	0
1.0	0.0	1	980	0	0
1.0	0.0	1	981	0	0
1.0	0.0	1	982	0	0
1.0	0.0	1	983	0	0
0.9992102819208706	0.0007897180791293719	1	984	0	0
0.9992102819208706	0.0007897180791293719	1	985	0	0
1.0	0.0	1	986	0	0
1.0	0.0	1	987	0	0
1.0	0.0	1	988	0	0
1.0	0.0	1	989	0	0
1.0	0.0	1	990	0	0
1.0	0.0	1	991	0	0
1.0	0.0	1	992	0	0
1.0	0.0	1	993	0	0
1.0	0.0	1	994	0	0
1.0	0.0	1	995	0	0
1.0	0.0	1	996	0	0
1.0	0.0	1	997	0	0
1.0	0.0	1	998	0	0
1.0	0.0	1	999	0	0
1.0	0.0	1	1000	0	0
0.9967017755040627	0.003298224495937406	1	1001	0	0
0.9967017755040627	0.003298224495937406	1	1002	0	0
1.0	0.0	1	1003	0	0
1.0	0.0	1	1004	0	0
1.0	0.0	1	1005	0	0
1.0	0.0	1	1006	0	0
1.0	0.0	1	1007	0	0
0.01787677048845714	0.9821232295115429	1	1008	1	1
1.0	0.0	1	1009	0	0
1.0	0.0	1	1010	0	0
1.0	0.0	1	1011	0	0
0.9992102819208706	0.0007897180791293719	1	1012	0	0
0.9992102819208706	0.0007897180791293719	1	1013	0	0
1.0	0.0	1	1014	0	0
0.9968997734994338	0.0031002265005662514	1	1015	0	0
1.0	0.0	1	1016	0	0
1.0	0.0	1	1017	0	0
1.0	0.0	1	1018	0	0
1.0	0.0	1	1019	0	0
1.0	0.0	1	1020	0	0
1.0	0.0	1	1021	0	0
1.0	0.0	1	1022	0	0
1.0	0.0	1	1023	0	0
1.0	0.0	1	1024	0	0
1.0	0.0	1	1025	0	0
1.0	0.0	1	1026	0	0
1.0	0.0	1	1027	0	0
1.0	0.0	1	1028	0	0
1.0	0.0	1	1029	0	0
1.0	0.0	1	1030	0	0
0.9970177812175673	0.0029822187824326504	1	1031	0	0
1.0	0.0	1	1032	0	0
1.0	0.0	1	1033	0	0
1.0	0.0	1	1034	0	0
1.0	0.0	1	1035	0	0
1.0	0.0	1	1036	0	0
1.0	0.0	1	1037	0	0
1.0	0.0	1	1038	0	0
1.0	0.0	1	1039	0	0
1.0	0.0	1	1040	0	0
1.0	0.0	1	1041	0	0
1.0	0.0	1	1042	0	0
1.0	0.0	1	1043	0	0
1.0	0.0	1	1044	0	0
0.9968029794070397	0.003197020592960421	1	1045	0	0
1.0	0.0	1	1046	0	0
1.0	0.0	1	1047	0	0
1.0	0.0	1	1048	0	0
1.0	0.0	1	1049	0	0
1.0	0.0	1	1050	0	0
1.0	0.0	1	1051	0	0
1.0	0.0	1	1052	0	0
0.9676782358362451	0.03232176416375473	1	1053	0	0
1.0	0.0	1	1054	0	0
1.0	0.0	1	1055	0	0
1.0	0.0	1	1056	0	0
1.0	0.0	1	1057	0	0
1.0	0.0	1	1058	0	0
1.0	0.0	1	1059	0	0
1.0	0.0	1	1060	0	0
1.0	0.0	1	1061	0	0
1.0	0.0	1	1062	0	0
1.0	0.0	1	1063	0	0
1.0	0.0	1	1064	0	0
0.9901995405043059	0.0098004594956941	1	1065	0	0
1.0	0.0	1	1066	0	0
1.0	0.0	1	1067	0	0
1.0	0.0	1	1068	0	0
1.0	0.0	1	1069	0	0
1.0	0.0	1	1070	0	0
1.0	0.0	1	1071	0	0
1.0	0.0	1	1072	0	0
1.0	0.0	1	1073	0	0
1.0	0.0	1	1074	0	0
1.0	0.0	1	1075	0	0
1.0	0.0	1	1076	0	0
1.0	0.0	1	1077	0	0
1.0	0.0	1	1078	0	0
1.0	0.0	1	1079	0	0
0.9967243522800735	0.003275647719926401	1	1080	0	0
1.0	0.0	1	1081	0	0
1.0	0.0	1	1082	0	0
1.0	0.0	1	1083	0	0
1.0	0.0	1	1084	0	0
1.0	0.0	1	1085	0	0
1.0	0.0	1	1086	0	0
1.0	0.0	1	1087	0	0
1.0	0.0	1	1088	0	0
1.0	0.0	1	1089	0	0
1.0	0.0	1	1090	0	0
1.0	0.0	1	1091	0	0
1.0	0.0	1	1092	0	0
1.0	0.0	1	1093	0	0
1.0	0.0	1	1094	0	0
1.0	0.0	1	1095	0	0
0.9868115577817186	0.0131884422182815	1	1096	0	0
0.991739445270876	0.008260554729123874	1	1097	0	0
1.0	0.0	1	1098	0	0
1.0	0.0	1	1099	0	0
1.0	0.0	1	1100	0	0
1.0	0.0	1	1101	0	0
1.0	0.0	1	1102	0	0
1.0	0.0	1	1103	0	0
1.0	0.0	1	1104	0	0
1.0	0.0	1	1105	0	0
1.0	0.0	1	1106	0	0
1.0	0.0	1	1107	0	0
1.0	0.0	1	1108	0	0
1.0	0.0	1	1109	0	0
1.0	0.0	1	1110	0	0
1.0	0.0	1	1111	0	0
1.0	0.0	1	1112	0	0
1.0	0.0	1	1113	0	0
1.0	0.0	1	1114	0	0
0.5572439001012655	0.4427560998987347	1	1115	1	0
0.9868662071709726	0.013133792829027434	1	1116	0	0
1.0	0.0	1	1117	0	0
1.0	0.0	1	1118	0	0
1.0	0.0	1	1119	0	0
1.0	0.0	1	1120	0	0
1.0	0.0	1	1121	0	0
1.0	0.0	1	1122	0	0
1.0	0.0	1	1123	0	0
1.0	0.0	1	1124	0	0
1.0	0.0	1	1125	0	0
1.0	0.0	1	1126	0	0
1.0	0.0	1	1127	0	0
1.0	0.0	1	1128	0	0
1.0	0.0	1	1129	0	0
1.0	0.0	1	1130	0	0
1.0	0.0	1	1131	0	0
0.7643022335467317	0.23569776645326812	1	1132	0	0
1.0	0.0	1	1133	0	0
1.0	0.0	1	1134	0	0
1.0	0.0	1	1135	0	0
1.0	0.0	1	1136	0	0
0.011452065856341394	0.9885479341436585	1	1137	1	1
0.11281130720461917	0.8871886927953807	1	1138	1	1
1.0	0.0	1	1139	0	0
1.0	0.0	1	1140	0	0
1.0	0.0	1	1141	0	0
1.0	0.0	1	1142	0	0
1.0	0.0	1	1143	0	0
1.0	0.0	1	1144	0	0
1.0	0.0	1	1145	0	0
1.0	0.0	1	1146	0	0
0.9738185371190896	0.026181462880910323	1	1147	0	0
1.0	0.0	1	1148	0	0
1.0	0.0	1	1149	0	0
1.0	0.0	1	1150	0	0
1.0	0.0	1	1151	0	0
0.19828177241754952	0.8017182275824501	1	1152	1	1
1.0	0.0	1	1153	0	0
1.0	0.0	1	1154	0	0
1.0	0.0	1	1155	0	0
1.0	0.0	1	1156	0	0
1.0	0.0	1	1157	0	0
0.9967097938919812	0.003290206108018655	1	1158	0	0
1.0	0.0	1	1159	0	0
1.0	0.0	1	1160	0	0
1.0	0.0	1	1161	0	0
1.0	0.0	1	1162	0	0
0.9966777744117944	0.0033222255882055943	1	1163	0	0
0.9992102819208706	0.0007897180791293719	1	1164	0	0
1.0	0.0	1	1165	0	0
1.0	0.0	1	1166	0	0
1.0	0.0	1	1167	0	0
1.0	0.0	1	1168	0	0
1.0	0.0	1	1169	0	0
1.0	0.0	1	1170	0	0
1.0	0.0	1	1171	0	0
1.0	0.0	1	1172	0	0
1.0	0.0	1	1173	0	0
1.0	0.0	1	1174	0	0
1.0	0.0	1	1175	0	0
1.0	0.0	1	1176	0	0
1.0	0.0	1	1177	0	0
1.0	0.0	1	1178	0	0
1.0	0.0	1	1179	0	0
1.0	0.0	1	1180	0	0
1.0	0.0	1	1181	0	0
1.0	0.0	1	1182	0	0
1.0	0.0	1	1183	0	0
1.0	0.0	1	1184	0	0
1.0	0.0	1	1185	0	0
1.0	0.0	1	1186	0	0
1.0	0.0	1	1187	0	0
1.0	0.0	1	1188	0	0
1.0	0.0	1	1189	0	0
1.0	0.0	1	1190	0	0
1.0	0.0	1	1191	0	0
1.0	0.0	1	1192	0	0
1.0	0.0	1	1193	0	0
1.0	0.0	1	1194	0	0
0.954296328699688	0.045703671300312096	1	1195	0	0
1.0	0.0	1	1196	0	0
0.9804847735814364	0.01951522641856349	1	1197	0	0
1.0	0.0	1	1198	0	0
1.0	0.0	1	1199	0	0
1.0	0.0	1	1200	0	0
0.9992102819208706	0.0007897180791293719	1	1201	0	0
0.9992102819208706	0.0007897180791293719	1	1202	0	0
1.0	0.0	1	1203	0	0
1.0	0.0	1	1204	0	0
1.0	0.0	1	1205	0	0
1.0	0.0	1	1206	0	0
1.0	0.0	1	1207	0	0
1.0	0.0	1	1208	0	0
1.0	0.0	1	1209	0	0
1.0	0.0	1	1210	0	0
0.9992102819208706	0.0007897180791293719	1	1211	0	0
1.0	0.0	1	1212	0	0
1.0	0.0	1	1213	0	0
1.0	0.0	1	1214	0	0
0.9992102819208706	0.0007897180791293719	1	1215	0	0
0.9992102819208706	0.0007897180791293719	1	1216	0	0
1.0	0.0	1	1217	0	0
1.0	0.0	1	1218	0	0
1.0	0.0	1	1219	0	0
1.0	0.0	1	1220	0	0
1.0	0.0	1	1221	0	0
1.0	0.0	1	1222	0	0
1.0	0.0	1	1223	0	0
1.0	0.0	1	1224	0	0
1.0	0.0	1	1225	0	0
1.0	0.0	1	1226	0	0
1.0	0.0	1	1227	0	0
1.0	0.0	1	1228	0	0
0.12369521830652917	0.876304781693471	1	1229	1	1
1.0	0.0	1	1230	0	0
1.0	0.0	1	1231	0	0
1.0	0.0	1	1232	0	0
1.0	0.0	1	1233	0	0
1.0	0.0	1	1234	0	0
1.0	0.0	1	1235	0	0
1.0	0.0	1	1236	0	0
1.0	0.0	1	1237	0	0
1.0	0.0	1	1238	0	0
1.0	0.0	1	1239	0	0
1.0	0.0	1	1240	0	0
1.0	0.0	1	1241	0	0
1.0	0.0	1	1242	0	0
1.0	0.0	1	1243	0	0
1.0	0.0	1	1244	0	0
1.0	0.0	1	1245	0	0
1.0	0.0	1	1246	0	0
1.0	0.0	1	1247	0	0
1.0	0.0	1	1248	0	0
1.0	0.0	1	1249	0	0
1.0	0.0	1	1250	0	0
1.0	0.0	1	1251	0	0
1.0	0.0	1	1252	0	0
1.0	0.0	1	1253	0	0
0.0759319655878523	0.9240680344121474	1	1254	1	1
1.0	0.0	1	1255	0	0
0.01561183141854836	0.9843881685814512	1	1256	1	1
1.0	0.0	1	1257	0	0
1.0	0.0	1	1258	0	0
1.0	0.0	1	1259	0	0
1.0	0.0	1	1260	0	0
1.0	0.0	1	1261	0	0
0.9992102819208706	0.0007897180791293719	1	1262	0	0
1.0	0.0	1	1263	0	0
1.0	0.0	1	1264	0	0
1.0	0.0	1	1265	0	0
1.0	0.0	1	1266	0	0
1.0	0.0	1	1267	0	0
1.0	0.0	1	1268	0	0
1.0	0.0	1	1269	0	0
1.0	0.0	1	1270	0	0
1.0	0.0	1	1271	0	0
1.0	0.0	1	1272	0	0
1.0	0.0	1	1273	0	0
1.0	0.0	1	1274	0	0
1.0	0.0	1	1275	0	0
0.9695444142290682	0.03045558577093179	1	1276	0	0
1.0	0.0	1	1277	0	0
1.0	0.0	1	1278	0	0
0.9967439900867411	0.003256009913258984	1	1279	0	0
1.0	0.0	1	1280	0	0
0.9967439900867411	0.003256009913258984	1	1281	0	0
1.0	0.0	1	1282	0	0
1.0	0.0	1	1283	0	0
1.0	0.0	1	1284	0	0
0.9992102819208706	0.0007897180791293719	1	1285	0	0
1.0	0.0	1	1286	0	0
1.0	0.0	1	1287	0	0
1.0	0.0	1	1288	0	0
0.9992102819208706	0.0007897180791293719	1	1289	0	0
1.0	0.0	1	1290	0	0
1.0	0.0	1	1291	0	0
1.0	0.0	1	1292	0	0
1.0	0.0	1	1293	0	0
1.0	0.0	1	1294	0	0
1.0	0.0	1	1295	0	0
1.0	0.0	1	1296	0	0
1.0	0.0	1	1297	0	0
1.0	0.0	1	1298	0	0
1.0	0.0	1	1299	0	0
1.0	0.0	1	1300	0	0
0.9803604150820009	0.019639584917999078	1	1301	0	0
1.0	0.0	1	1302	0	0
1.0	0.0	1	1303	0	0
1.0	0.0	1	1304	0	0
1.0	0.0	1	1305	0	0
1.0	0.0	1	1306	0	0
1.0	0.0	1	1307	0	0
1.0	0.0	1	1308	0	0
1.0	0.0	1	1309	0	0
1.0	0.0	1	1310	0	0
1.0	0.0	1	1311	0	0
1.0	0.0	1	1312	0	0
1.0	0.0	1	1313	0	0
1.0	0.0	1	1314	0	0
1.0	0.0	1	1315	0	0
1.0	0.0	1	1316	0	0
1.0	0.0	1	1317	0	0
1.0	0.0	1	1318	0	0
0.9992102819208706	0.0007897180791293719	1	1319	0	0
0.9992102819208706	0.0007897180791293719	1	1320	0	0
1.0	0.0	1	1321	0	0
1.0	0.0	1	1322	0	0
1.0	0.0	1	1323	0	0
1.0	0.0	1	1324	0	0
1.0	0.0	1	1325	0	0
1.0	0.0	1	1326	0	0
1.0	0.0	1	1327	0	0
1.0	0.0	1	1328	0	0
1.0	0.0	1	1329	0	0
1.0	0.0	1	1330	0	0
1.0	0.0	1	1331	0	0
1.0	0.0	1	1332	0	0
1.0	0.0	1	1333	0	0
1.0	0.0	1	1334	0	0
1.0	0.0	1	1335	0	0
1.0	0.0	1	1336	0	0
1.0	0.0	1	1337	0	0
1.0	0.0	1	1338	0	0
1.0	0.0	1	1339	0	0
1.0	0.0	1	1340	0	0
1.0	0.0	1	1341	0	0
1.0	0.0	1	1342	0	0
1.0	0.0	1	1343	0	0
1.0	0.0	1	1344	0	0
1.0	0.0	1	1345	0	0
1.0	0.0	1	1346	0	0
1.0	0.0	1	1347	0	0
1.0	0.0	1	1348	0	0
0.9968065879609386	0.0031934120390613614	1	1349	0	0
1.0	0.0	1	1350	0	0
0.1312028197237021	0.8687971802762983	1	1351	0	1
1.0	0.0	1	1352	0	0
1.0	0.0	1	1353	0	0
1.0	0.0	1	1354	0	0
1.0	0.0	1	1355	0	0
1.0	0.0	1	1356	0	0
1.0	0.0	1	1357	0	0
1.0	0.0	1	1358	0	0
1.0	0.0	1	1359	0	0
1.0	0.0	1	1360	0	0
1.0	0.0	1	1361	0	0
1.0	0.0	1	1362	0	0
1.0	0.0	1	1363	0	0
1.0	0.0	1	1364	0	0
1.0	0.0	1	1365	0	0
1.0	0.0	1	1366	0	0
1.0	0.0	1	1367	0	0
1.0	0.0	1	1368	0	0
1.0	0.0	1	1369	0	0
1.0	0.0	1	1370	0	0
1.0	0.0	1	1371	0	0
0.9992102819208706	0.0007897180791293719	1	1372	0	0
1.0	0.0	1	1373	0	0
1.0	0.0	1	1374	0	0
0.9887367754027095	0.011263224597290459	1	1375	0	0
0.9837508755791653	0.016249124420834767	1	1376	0	0
1.0	0.0	1	1377	0	0
1.0	0.0	1	1378	0	0
1.0	0.0	1	1379	0	0
1.0	0.0	1	1380	0	0
1.0	0.0	1	1381	0	0
1.0	0.0	1	1382	0	0
1.0	0.0	1	1383	0	0
1.0	0.0	1	1384	0	0
1.0	0.0	1	1385	0	0
1.0	0.0	1	1386	0	0
1.0	0.0	1	1387	0	0
1.0	0.0	1	1388	0	0
1.0	0.0	1	1389	0	0
1.0	0.0	1	1390	0	0
1.0	0.0	1	1391	0	0
0.539356449601926	0.46064355039807403	1	1392	1	0
1.0	0.0	1	1393	0	0
0.9475730335638226	0.05242696643617739	1	1394	0	0
0.9052691597237864	0.0947308402762134	1	1395	0	0
1.0	0.0	1	1396	0	0
1.0	0.0	1	1397	0	0
1.0	0.0	1	1398	0	0
1.0	0.0	1	1399	0	0
1.0	0.0	1	1400	0	0
1.0	0.0	1	1401	0	0
1.0	0.0	1	1402	0	0
1.0	0.0	1	1403	0	0
1.0	0.0	1	1404	0	0
1.0	0.0	1	1405	0	0
1.0	0.0	1	1406	0	0
1.0	0.0	1	1407	0	0
1.0	0.0	1	1408	0	0
1.0	0.0	1	1409	0	0
1.0	0.0	1	1410	0	0
1.0	0.0	1	1411	0	0
1.0	0.0	1	1412	0	0
1.0	0.0	1	1413	0	0
0.9493632930104324	0.05063670698956732	1	1414	0	0
1.0	0.0	1	1415	0	0
1.0	0.0	1	1416	0	0
1.0	0.0	1	1417	0	0
1.0	0.0	1	1418	0	0
1.0	0.0	1	1419	0	0
1.0	0.0	1	1420	0	0
1.0	0.0	1	1421	0	0
1.0	0.0	1	1422	0	0
1.0	0.0	1	1423	0	0
1.0	0.0	1	1424	0	0
1.0	0.0	1	1425	0	0
1.0	0.0	1	1426	0	0
1.0	0.0	1	1427	0	0
1.0	0.0	1	1428	0	0
0.9968706900651544	0.0031293099348456742	1	1429	0	0
1.0	0.0	1	1430	0	0
1.0	0.0	1	1431	0	0
1.0	0.0	1	1432	0	0
1.0	0.0	1	1433	0	0
1.0	0.0	1	1434	0	0
1.0	0.0	1	1435	0	0
1.0	0.0	1	1436	0	0
1.0	0.0	1	1437	0	0
1.0	0.0	1	1438	0	0
1.0	0.0	1	1439	0	0
1.0	0.0	1	1440	0	0
1.0	0.0	1	1441	0	0
1.0	0.0	1	1442	0	0
0.9984700675518287	0.0015299324481714406	1	1443	0	0
1.0	0.0	1	1444	0	0
0.9984700675518287	0.0015299324481714406	1	1445	0	0
1.0	0.0	1	1446	0	0
1.0	0.0	1	1447	0	0
1.0	0.0	1	1448	0	0
1.0	0.0	1	1449	0	0
1.0	0.0	1	1450	0	0
1.0	0.0	1	1451	0	0
1.0	0.0	1	1452	0	0
0.9382267439011706	0.06177325609882966	1	1453	0	0
1.0	0.0	1	1454	0	0
0.9769240195682128	0.023075980431787203	1	1455	0	0
0.014159332206178652	0.985840667793821	1	1456	1	1
0.48062823741480676	0.5193717625851932	1	1457	1	1
0.15633075513069755	0.843669244869302	1	1458	1	1
0.9575012881790564	0.04249871182094359	1	1459	0	0
0.9803412479264244	0.019658752073575383	1	1460	0	0
1.0	0.0	1	1461	0	0
0.9967331943203256	0.003266805679674312	1	1462	0	0
0.9667179609018118	0.033282039098188325	1	1463	0	0
0.15274781273538315	0.8472521872646166	1	1464	1	1
0.9934419032424308	0.006558096757569394	1	1465	0	0
1.0	0.0	1	1466	0	0
1.0	0.0	1	1467	0	0
1.0	0.0	1	1468	0	0
0.9245199683893454	0.07548003161065467	1	1469	0	0
0.9934288077566704	0.0065711922433296715	1	1470	0	0
0.9967361421269417	0.0032638578730584083	1	1471	0	0
1.0	0.0	1	1472	0	0
1.0	0.0	1	1473	0	0
1.0	0.0	1	1474	0	0
1.0	0.0	1	1475	0	0
1.0	0.0	1	1476	0	0
1.0	0.0	1	1477	0	0
1.0	0.0	1	1478	0	0
0.9966883706844337	0.0033116293155663235	1	1479	0	0
0.9705943794428896	0.029405620557110386	1	1480	0	0
0.8320903187241585	0.16790968127584102	1	1481	0	0
0.15902916353798674	0.8409708364620133	1	1482	1	1
0.9769481717712817	0.023051828228718197	1	1483	0	0
0.9967547970206679	0.0032452029793321167	1	1484	0	0
0.9967547970206679	0.0032452029793321167	1	1485	0	0
1.0	0.0	1	1486	0	0
0.5581873323194925	0.4418126676805074	1	1487	0	0
1.0	0.0	1	1488	0	0
1.0	0.0	1	1489	0	0
1.0	0.0	1	1490	0	0
1.0	0.0	1	1491	0	0
1.0	0.0	1	1492	0	0
1.0	0.0	1	1493	0	0
1.0	0.0	1	1494	0	0
1.0	0.0	1	1495	0	0
1.0	0.0	1	1496	0	0
1.0	0.0	1	1497	0	0
1.0	0.0	1	1498	0	0
1.0	0.0	1	1499	0	0
1.0	0.0	1	1500	0	0
1.0	0.0	1	1501	0	0
1.0	0.0	1	1502	0	0
0.9934631817895532	0.006536818210446954	1	1503	0	0
1.0	0.0	1	1504	0	0
1.0	0.0	1	1505	0	0
1.0	0.0	1	1506	0	0
1.0	0.0	1	1507	0	0
1.0	0.0	1	1508	0	0
1.0	0.0	1	1509	0	0
1.0	0.0	1	1510	0	0
1.0	0.0	1	1511	0	0
1.0	0.0	1	1512	0	0
1.0	0.0	1	1513	0	0
0.9992102819208706	0.0007897180791293719	1	1514	0	0
1.0	0.0	1	1515	0	0
1.0	0.0	1	1516	0	0
0.907774707029503	0.09222529297049704	1	1517	0	0
1.0	0.0	1	1518	0	0
1.0	0.0	1	1519	0	0
1.0	0.0	1	1520	0	0
1.0	0.0	1	1521	0	0
1.0	0.0	1	1522	0	0
1.0	0.0	1	1523	0	0
1.0	0.0	1	1524	0	0
1.0	0.0	1	1525	0	0
1.0	0.0	1	1526	0	0
1.0	0.0	1	1527	0	0
1.0	0.0	1	1528	0	0
1.0	0.0	1	1529	0	0
1.0	0.0	1	1530	0	0
1.0	0.0	1	1531	0	0
1.0	0.0	1	1532	0	0
0.996704277618976	0.003295722381024021	1	1533	0	0
1.0	0.0	1	1534	0	0
1.0	0.0	1	1535	0	0
1.0	0.0	1	1536	0	0
1.0	0.0	1	1537	0	0
1.0	0.0	1	1538	0	0
1.0	0.0	1	1539	0	0
1.0	0.0	1	1540	0	0
1.0	0.0	1	1541	0	0
0.9992102819208706	0.0007897180791293719	1	1542	0	0
1.0	0.0	1	1543	0	0
0.9992102819208706	0.0007897180791293719	1	1544	0	0
1.0	0.0	1	1545	0	0
1.0	0.0	1	1546	0	0
1.0	0.0	1	1547	0	0
1.0	0.0	1	1548	0	0
1.0	0.0	1	1549	0	0
1.0	0.0	1	1550	0	0
1.0	0.0	1	1551	0	0
1.0	0.0	1	1552	0	0
1.0	0.0	1	1553	0	0
1.0	0.0	1	1554	0	0
1.0	0.0	1	1555	0	0
1.0	0.0	1	1556	0	0
0.9992102819208706	0.0007897180791293719	1	1557	0	0
1.0	0.0	1	1558	0	0
1.0	0.0	1	1559	0	0
1.0	0.0	1	1560	0	0
1.0	0.0	1	1561	0	0
0.9967971183800621	0.0032028816199376944	1	1562	0	0
1.0	0.0	1	1563	0	0
1.0	0.0	1	1564	0	0
1.0	0.0	1	1565	0	0
1.0	0.0	1	1566	0	0
1.0	0.0	1	1567	0	0
1.0	0.0	1	1568	0	0
1.0	0.0	1	1569	0	0
1.0	0.0	1	1570	0	0
1.0	0.0	1	1571	0	0
1.0	0.0	1	1572	0	0
1.0	0.0	1	1573	0	0
1.0	0.0	1	1574	0	0
1.0	0.0	1	1575	0	0
1.0	0.0	1	1576	0	0
1.0	0.0	1	1577	0	0
1.0	0.0	1	1578	0	0
0.8997384184282505	0.10026158157174954	1	1579	0	0
1.0	0.0	1	1580	0	0
1.0	0.0	1	1581	0	0
1.0	0.0	1	1582	0	0
0.9966792986711132	0.0033207013288868675	1	1583	0	0
1.0	0.0	1	1584	0	0
0.9992102819208706	0.0007897180791293719	1	1585	0	0
1.0	0.0	1	1586	0	0
1.0	0.0	1	1587	0	0
1.0	0.0	1	1588	0	0
1.0	0.0	1	1589	0	0
1.0	0.0	1	1590	0	0
0.9802508004963435	0.019749199503656525	1	1591	0	0
1.0	0.0	1	1592	0	0
1.0	0.0	1	1593	0	0
1.0	0.0	1	1594	0	0
1.0	0.0	1	1595	0	0
0.980456963078782	0.019543036921217838	1	1596	0	0
1.0	0.0	1	1597	0	0
1.0	0.0	1	1598	0	0
1.0	0.0	1	1599	0	0
1.0	0.0	1	1600	0	0
1.0	0.0	1	1601	0	0
1.0	0.0	1	1602	0	0
1.0	0.0	1	1603	0	0
1.0	0.0	1	1604	0	0
1.0	0.0	1	1605	0	0
0.9966982646203231	0.0033017353796769983	1	1606	0	0
1.0	0.0	1	1607	0	0
1.0	0.0	1	1608	0	0
1.0	0.0	1	1609	0	0
1.0	0.0	1	1610	0	0
1.0	0.0	1	1611	0	0
0.9935252703688565	0.006474729631143559	1	1612	0	0
1.0	0.0	1	1613	0	0
1.0	0.0	1	1614	0	0
1.0	0.0	1	1615	0	0
1.0	0.0	1	1616	0	0
1.0	0.0	1	1617	0	0
0.788942679288543	0.21105732071145672	1	1618	0	0
1.0	0.0	1	1619	0	0
1.0	0.0	1	1620	0	0
1.0	0.0	1	1621	0	0
1.0	0.0	1	1622	0	0
1.0	0.0	1	1623	0	0
1.0	0.0	1	1624	0	0
1.0	0.0	1	1625	0	0
1.0	0.0	1	1626	0	0
1.0	0.0	1	1627	0	0
1.0	0.0	1	1628	0	0
1.0	0.0	1	1629	0	0
1.0	0.0	1	1630	0	0
1.0	0.0	1	1631	0	0
1.0	0.0	1	1632	0	0
1.0	0.0	1	1633	0	0
1.0	0.0	1	1634	0	0
1.0	0.0	1	1635	0	0
1.0	0.0	1	1636	0	0
1.0	0.0	1	1637	0	0
1.0	0.0	1	1638	0	0
1.0	0.0	1	1639	0	0
1.0	0.0	1	1640	0	0
1.0	0.0	1	1641	0	0
1.0	0.0	1	1642	0	0
1.0	0.0	1	1643	0	0
1.0	0.0	1	1644	0	0
1.0	0.0	1	1645	0	0
1.0	0.0	1	1646	0	0
1.0	0.0	1	1647	0	0
1.0	0.0	1	1648	0	0
1.0	0.0	1	1649	0	0
1.0	0.0	1	1650	0	0
1.0	0.0	1	1651	0	0
1.0	0.0	1	1652	0	0
1.0	0.0	1	1653	0	0
1.0	0.0	1	1654	0	0
1.0	0.0	1	1655	0	0
1.0	0.0	1	1656	0	0
1.0	0.0	1	1657	0	0
0.9984700675518287	0.0015299324481714406	1	1658	0	0
1.0	0.0	1	1659	0	0
1.0	0.0	1	1660	0	0
1.0	0.0	1	1661	0	0
1.0	0.0	1	1662	0	0
1.0	0.0	1	1663	0	0
1.0	0.0	1	1664	0	0
1.0	0.0	1	1665	0	0
1.0	0.0	1	1666	0	0
1.0	0.0	1	1667	0	0
1.0	0.0	1	1668	0	0
1.0	0.0	1	1669	0	0
1.0	0.0	1	1670	0	0
1.0	0.0	1	1671	0	0
1.0	0.0	1	1672	0	0
1.0	0.0	1	1673	0	0
1.0	0.0	1	1674	0	0
1.0	0.0	1	1675	0	0
1.0	0.0	1	1676	0	0
1.0	0.0	1	1677	0	0
0.9966886247192146	0.0033113752807854423	1	1678	0	0
1.0	0.0	1	1679	0	0
1.0	0.0	1	1680	0	0
1.0	0.0	1	1681	0	0
1.0	0.0	1	1682	0	0
1.0	0.0	1	1683	0	0
1.0	0.0	1	1684	0	0
1.0	0.0	1	1685	0	0
1.0	0.0	1	1686	0	0
1.0	0.0	1	1687	0	0
1.0	0.0	1	1688	0	0
1.0	0.0	1	1689	0	0
1.0	0.0	1	1690	0	0
1.0	0.0	1	1691	0	0
1.0	0.0	1	1692	0	0
1.0	0.0	1	1693	0	0
1.0	0.0	1	1694	0	0
1.0	0.0	1	1695	0	0
1.0	0.0	1	1696	0	0
0.9949275804358639	0.005072419564136049	1	1697	0	0
1.0	0.0	1	1698	0	0
1.0	0.0	1	1699	0	0
1.0	0.0	1	1700	0	0
1.0	0.0	1	1701	0	0
1.0	0.0	1	1702	0	0
1.0	0.0	1	1703	0	0
1.0	0.0	1	1704	0	0
1.0	0.0	1	1705	0	0
1.0	0.0	1	1706	0	0
1.0	0.0	1	1707	0	0
1.0	0.0	1	1708	0	0
1.0	0.0	1	1709	0	0
0.9992102819208706	0.0007897180791293719	1	1710	0	0
0.9992102819208706	0.0007897180791293719	1	1711	0	0
1.0	0.0	1	1712	0	0
1.0	0.0	1	1713	0	0
1.0	0.0	1	1714	0	0
1.0	0.0	1	1715	0	0
1.0	0.0	1	1716	0	0
1.0	0.0	1	1717	0	0
1.0	0.0	1	1718	0	0
1.0	0.0	1	1719	0	0
1.0	0.0	1	1720	0	0
1.0	0.0	1	1721	0	0
1.0	0.0	1	1722	0	0
1.0	0.0	1	1723	0	0
0.9935947981034201	0.0064052018965798435	1	1724	0	0
0.8947426842215488	0.10525731577845111	1	1725	0	0
1.0	0.0	1	1726	0	0
1.0	0.0	1	1727	0	0
1.0	0.0	1	1728	0	0
0.9992102819208706	0.0007897180791293719	1	1729	0	0
1.0	0.0	1	1730	0	0
0.9992102819208706	0.0007897180791293719	1	1731	0	0
1.0	0.0	1	1732	0	0
1.0	0.0	1	1733	0	0
1.0	0.0	1	1734	0	0
1.0	0.0	1	1735	0	0
1.0	0.0	1	1736	0	0
1.0	0.0	1	1737	0	0
1.0	0.0	1	1738	0	0
1.0	0.0	1	1739	0	0
1.0	0.0	1	1740	0	0
1.0	0.0	1	1741	0	0
0.9903603282314793	0.009639671768520626	1	1742	0	0
1.0	0.0	1	1743	0	0
1.0	0.0	1	1744	0	0
1.0	0.0	1	1745	0	0
1.0	0.0	1	1746	0	0
1.0	0.0	1	1747	0	0
1.0	0.0	1	1748	0	0
1.0	0.0	1	1749	0	0
1.0	0.0	1	1750	0	0
1.0	0.0	1	1751	0	0
1.0	0.0	1	1752	0	0
1.0	0.0	1	1753	0	0
1.0	0.0	1	1754	0	0
1.0	0.0	1	1755	0	0
1.0	0.0	1	1756	0	0
1.0	0.0	1	1757	0	0
1.0	0.0	1	1758	0	0
1.0	0.0	1	1759	0	0
1.0	0.0	1	1760	0	0
1.0	0.0	1	1761	0	0
1.0	0.0	1	1762	0	0
1.0	0.0	1	1763	0	0
1.0	0.0	1	1764	0	0
1.0	0.0	1	1765	0	0
1.0	0.0	1	1766	0	0
0.9992102819208706	0.0007897180791293719	1	1767	0	0
1.0	0.0	1	1768	0	0
0.9992102819208706	0.0007897180791293719	1	1769	0	0
1.0	0.0	1	1770	0	0
1.0	0.0	1	1771	0	0
1.0	0.0	1	1772	0	0
1.0	0.0	1	1773	0	0
1.0	0.0	1	1774	0	0
1.0	0.0	1	1775	0	0
1.0	0.0	1	1776	0	0
1.0	0.0	1	1777	0	0
1.0	0.0	1	1778	0	0
1.0	0.0	1	1779	0	0
0.9992102819208706	0.0007897180791293719	1	1780	0	0
1.0	0.0	1	1781	0	0
1.0	0.0	1	1782	0	0
1.0	0.0	1	1783	0	0
1.0	0.0	1	1784	0	0
1.0	0.0	1	1785	0	0
1.0	0.0	1	1786	0	0
0.9967037761396117	0.0032962238603881453	1	1787	0	0
0.9969382624080455	0.00306173759195456	1	1788	0	0
1.0	0.0	1	1789	0	0
1.0	0.0	1	1790	0	0
0.9992102819208706	0.0007897180791293719	1	1791	0	0
1.0	0.0	1	1792	0	0
1.0	0.0	1	1793	0	0
1.0	0.0	1	1794	0	0
1.0	0.0	1	1795	0	0
1.0	0.0	1	1796	0	0
1.0	0.0	1	1797	0	0
1.0	0.0	1	1798	0	0
1.0	0.0	1	1799	0	0
1.0	0.0	1	1800	0	0
1.0	0.0	1	1801	0	0
1.0	0.0	1	1802	0	0
1.0	0.0	1	1803	0	0
1.0	0.0	1	1804	0	0
1.0	0.0	1	1805	0	0
0.9992102819208706	0.0007897180791293719	1	1806	0	0
1.0	0.0	1	1807	0	0
1.0	0.0	1	1808	0	0
1.0	0.0	1	1809	0	0
1.0	0.0	1	1810	0	0
0.9968946796959826	0.0031053203040173716	1	1811	0	0
1.0	0.0	1	1812	0	0
1.0	0.0	1	1813	0	0
1.0	0.0	1	1814	0	0
1.0	0.0	1	1815	0	0
1.0	0.0	1	1816	0	0
0.9475539800039932	0.05244601999600677	1	1817	0	0
1.0	0.0	1	1818	0	0
1.0	0.0	1	1819	0	0
1.0	0.0	1	1820	0	0
0.9771419215762488	0.022858078423751246	1	1821	0	0
1.0	0.0	1	1822	0	0
1.0	0.0	1	1823	0	0
1.0	0.0	1	1824	0	0
1.0	0.0	1	1825	0	0
1.0	0.0	1	1826	0	0
1.0	0.0	1	1827	0	0
1.0	0.0	1	1828	0	0
1.0	0.0	1	1829	0	0
1.0	0.0	1	1830	0	0
1.0	0.0	1	1831	0	0
1.0	0.0	1	1832	0	0
1.0	0.0	1	1833	0	0
1.0	0.0	1	1834	0	0
1.0	0.0	1	1835	0	0
1.0	0.0	1	1836	0	0
1.0	0.0	1	1837	0	0
1.0	0.0	1	1838	0	0
1.0	0.0	1	1839	0	0
1.0	0.0	1	1840	0	0
1.0	0.0	1	1841	0	0
1.0	0.0	1	1842	0	0
1.0	0.0	1	1843	0	0
1.0	0.0	1	1844	0	0
1.0	0.0	1	1845	0	0
1.0	0.0	1	1846	0	0
1.0	0.0	1	1847	0	0
1.0	0.0	1	1848	0	0
0.9978391959798995	0.0021608040201005034	1	1849	0	0
1.0	0.0	1	1850	0	0
0.9978391959798995	0.0021608040201005034	1	1851	0	0
0.9992102819208706	0.0007897180791293719	1	1852	0	0
1.0	0.0	1	1853	0	0
0.9992102819208706	0.0007897180791293719	1	1854	0	0
1.0	0.0	1	1855	0	0
1.0	0.0	1	1856	0	0
1.0	0.0	1	1857	0	0
1.0	0.0	1	1858	0	0
1.0	0.0	1	1859	0	0
1.0	0.0	1	1860	0	0
0.9978391959798995	0.0021608040201005034	1	1861	0	0
1.0	0.0	1	1862	0	0
0.9978391959798995	0.0021608040201005034	1	1863	0	0
1.0	0.0	1	1864	0	0
1.0	0.0	1	1865	0	0
1.0	0.0	1	1866	0	0
1.0	0.0	1	1867	0	0
1.0	0.0	1	1868	0	0
1.0	0.0	1	1869	0	0
1.0	0.0	1	1870	0	0
1.0	0.0	1	1871	0	0
1.0	0.0	1	1872	0	0
0.6409398462149771	0.3590601537850231	1	1873	0	0
1.0	0.0	1	1874	0	0
1.0	0.0	1	1875	0	0
1.0	0.0	1	1876	0	0
1.0	0.0	1	1877	0	0
1.0	0.0	1	1878	0	0
1.0	0.0	1	1879	0	0
1.0	0.0	1	1880	0	0
1.0	0.0	1	1881	0	0
1.0	0.0	1	1882	0	0
1.0	0.0	1	1883	0	0
1.0	0.0	1	1884	0	0
1.0	0.0	1	1885	0	0
1.0	0.0	1	1886	0	0
0.9992102819208706	0.0007897180791293719	1	1887	0	0
1.0	0.0	1	1888	0	0
0.9740503345738485	0.025949665426151392	1	1889	0	0
0.986829082607633	0.013170917392366999	1	1890	0	0
0.9879586823492925	0.012041317650707564	1	1891	0	0
1.0	0.0	1	1892	0	0
0.9879586823492925	0.012041317650707564	1	1893	0	0
0.9938819894429507	0.006118010557049332	1	1894	0	0
1.0	0.0	1	1895	0	0
0.9938819894429507	0.006118010557049332	1	1896	0	0
1.0	0.0	1	1897	0	0
1.0	0.0	1	1898	0	0
1.0	0.0	1	1899	0	0
1.0	0.0	1	1900	0	0
1.0	0.0	1	1901	0	0
1.0	0.0	1	1902	0	0
1.0	0.0	1	1903	0	0
1.0	0.0	1	1904	0	0
1.0	0.0	1	1905	0	0
1.0	0.0	1	1906	0	0
1.0	0.0	1	1907	0	0
1.0	0.0	1	1908	0	0
1.0	0.0	1	1909	0	0
1.0	0.0	1	1910	0	0
1.0	0.0	1	1911	0	0
1.0	0.0	1	1912	0	0
1.0	0.0	1	1913	0	0
1.0	0.0	1	1914	0	0
1.0	0.0	1	1915	0	0
1.0	0.0	1	1916	0	0
1.0	0.0	1	1917	0	0
1.0	0.0	1	1918	0	0
1.0	0.0	1	1919	0	0
1.0	0.0	1	1920	0	0
1.0	0.0	1	1921	0	0
1.0	0.0	1	1922	0	0
1.0	0.0	1	1923	0	0
1.0	0.0	1	1924	0	0
0.9967449697690556	0.003255030230944593	1	1925	0	0
1.0	0.0	1	1926	0	0
1.0	0.0	1	1927	0	0
1.0	0.0	1	1928	0	0
1.0	0.0	1	1929	0	0
1.0	0.0	1	1930	0	0
1.0	0.0	1	1931	0	0
1.0	0.0	1	1932	0	0
1.0	0.0	1	1933	0	0
1.0	0.0	1	1934	0	0
1.0	0.0	1	1935	0	0
1.0	0.0	1	1936	0	0
1.0	0.0	1	1937	0	0
1.0	0.0	1	1938	0	0
1.0	0.0	1	1939	0	0
1.0	0.0	1	1940	0	0
1.0	0.0	1	1941	0	0
1.0	0.0	1	1942	0	0
1.0	0.0	1	1943	0	0
1.0	0.0	1	1944	0	0
1.0	0.0	1	1945	0	0
1.0	0.0	1	1946	0	0
0.996700767263427	0.0032992327365728904	1	1947	0	0
1.0	0.0	1	1948	0	0
1.0	0.0	1	1949	0	0
1.0	0.0	1	1950	0	0
1.0	0.0	1	1951	0	0
1.0	0.0	1	1952	0	0
1.0	0.0	1	1953	0	0
1.0	0.0	1	1954	0	0
1.0	0.0	1	1955	0	0
1.0	0.0	1	1956	0	0
1.0	0.0	1	1957	0	0
1.0	0.0	1	1958	0	0
1.0	0.0	1	1959	0	0
1.0	0.0	1	1960	0	0
1.0	0.0	1	1961	0	0
1.0	0.0	1	1962	0	0
1.0	0.0	1	1963	0	0
0.9992102819208706	0.0007897180791293719	1	1964	0	0
1.0	0.0	1	1965	0	0
1.0	0.0	1	1966	0	0
1.0	0.0	1	1967	0	0
1.0	0.0	1	1968	0	0
1.0	0.0	1	1969	0	0
1.0	0.0	1	1970	0	0
1.0	0.0	1	1971	0	0
1.0	0.0	1	1972	0	0
1.0	0.0	1	1973	0	0
1.0	0.0	1	1974	0	0
1.0	0.0	1	1975	0	0
1.0	0.0	1	1976	0	0
1.0	0.0	1	1977	0	0
1.0	0.0	1	1978	0	0
1.0	0.0	1	1979	0	0
1.0	0.0	1	1980	0	0
1.0	0.0	1	1981	0	0
1.0	0.0	1	1982	0	0
0.368570478854819	0.6314295211451804	1	1983	0	1
1.0	0.0	1	1984	0	0
1.0	0.0	1	1985	0	0
1.0	0.0	1	1986	0	0
1.0	0.0	1	1987	0	0
1.0	0.0	1	1988	0	0
1.0	0.0	1	1989	0	0
1.0	0.0	1	1990	0	0
1.0	0.0	1	1991	0	0
1.0	0.0	1	1992	0	0
1.0	0.0	1	1993	0	0
1.0	0.0	1	1994	0	0
1.0	0.0	1	1995	0	0
1.0	0.0	1	1996	0	0
1.0	0.0	1	1997	0	0
1.0	0.0	1	1998	0	0
1.0	0.0	1	1999	0	0
1.0	0.0	1	2000	0	0
1.0	0.0	1	2001	0	0
1.0	0.0	1	2002	0	0
1.0	0.0	1	2003	0	0
1.0	0.0	1	2004	0	0
1.0	0.0	1	2005	0	0
1.0	0.0	1	2006	0	0
1.0	0.0	1	2007	0	0
1.0	0.0	1	2008	0	0
1.0	0.0	1	2009	0	0
1.0	0.0	1	2010	0	0
1.0	0.0	1	2011	0	0
1.0	0.0	1	2012	0	0
1.0	0.0	1	2013	0	0
1.0	0.0	1	2014	0	0
1.0	0.0	1	2015	0	0
1.0	0.0	1	2016	0	0
1.0	0.0	1	2017	0	0
1.0	0.0	1	2018	0	0
1.0	0.0	1	2019	0	0
1.0	0.0	1	2020	0	0
1.0	0.0	1	2021	0	0
1.0	0.0	1	2022	0	0
0.9976274063639975	0.002372593636002456	1	2023	0	0
1.0	0.0	1	2024	0	0
1.0	0.0	1	2025	0	0
1.0	0.0	1	2026	0	0
0.9734964174888436	0.02650358251115614	1	2027	0	0
1.0	0.0	1	2028	0	0
1.0	0.0	1	2029	0	0
1.0	0.0	1	2030	0	0
1.0	0.0	1	2031	0	0
1.0	0.0	1	2032	0	0
1.0	0.0	1	2033	0	0
1.0	0.0	1	2034	0	0
1.0	0.0	1	2035	0	0
1.0	0.0	1	2036	0	0
1.0	0.0	1	2037	0	0
1.0	0.0	1	2038	0	0
1.0	0.0	1	2039	0	0
1.0	0.0	1	2040	0	0
0.9992102819208706	0.0007897180791293719	1	2041	0	0
1.0	0.0	1	2042	0	0
1.0	0.0	1	2043	0	0
1.0	0.0	1	2044	0	0
1.0	0.0	1	2045	0	0
1.0	0.0	1	2046	0	0
1.0	0.0	1	2047	0	0
1.0	0.0	1	2048	0	0
1.0	0.0	1	2049	0	0
1.0	0.0	1	2050	0	0
1.0	0.0	1	2051	0	0
1.0	0.0	1	2052	0	0
1.0	0.0	1	2053	0	0
1.0	0.0	1	2054	0	0
1.0	0.0	1	2055	0	0
1.0	0.0	1	2056	0	0
1.0	0.0	1	2057	0	0
1.0	0.0	1	2058	0	0
1.0	0.0	1	2059	0	0
1.0	0.0	1	2060	0	0
1.0	0.0	1	2061	0	0
1.0	0.0	1	2062	0	0
1.0	0.0	1	2063	0	0
1.0	0.0	1	2064	0	0
1.0	0.0	1	2065	0	0
1.0	0.0	1	2066	0	0
1.0	0.0	1	2067	0	0
1.0	0.0	1	2068	0	0
1.0	0.0	1	2069	0	0
1.0	0.0	1	2070	0	0
1.0	0.0	1	2071	0	0
1.0	0.0	1	2072	0	0
1.0	0.0	1	2073	0	0
1.0	0.0	1	2074	0	0
1.0	0.0	1	2075	0	0
1.0	0.0	1	2076	0	0
1.0	0.0	1	2077	0	0
1.0	0.0	1	2078	0	0
1.0	0.0	1	2079	0	0
1.0	0.0	1	2080	0	0
1.0	0.0	1	2081	0	0
1.0	0.0	1	2082	0	0
1.0	0.0	1	2083	0	0
1.0	0.0	1	2084	0	0
1.0	0.0	1	2085	0	0
1.0	0.0	1	2086	0	0
1.0	0.0	1	2087	0	0
1.0	0.0	1	2088	0	0
1.0	0.0	1	2089	0	0
1.0	0.0	1	2090	0	0
1.0	0.0	1	2091	0	0
1.0	0.0	1	2092	0	0
1.0	0.0	1	2093	0	0
1.0	0.0	1	2094	0	0
1.0	0.0	1	2095	0	0
1.0	0.0	1	2096	0	0
1.0	0.0	1	2097	0	0
0.9992102819208706	0.0007897180791293719	1	2098	0	0
1.0	0.0	1	2099	0	0
1.0	0.0	1	2100	0	0
1.0	0.0	1	2101	0	0
1.0	0.0	1	2102	0	0
1.0	0.0	1	2103	0	0
1.0	0.0	1	2104	0	0
1.0	0.0	1	2105	0	0
1.0	0.0	1	2106	0	0
1.0	0.0	1	2107	0	0
1.0	0.0	1	2108	0	0
1.0	0.0	1	2109	0	0
1.0	0.0	1	2110	0	0
1.0	0.0	1	2111	0	0
1.0	0.0	1	2112	0	0
1.0	0.0	1	2113	0	0
1.0	0.0	1	2114	0	0
1.0	0.0	1	2115	0	0
1.0	0.0	1	2116	0	0
1.0	0.0	1	2117	0	0
1.0	0.0	1	2118	0	0
1.0	0.0	1	2119	0	0
0.99352454451207	0.006475455487929927	1	2120	0	0
1.0	0.0	1	2121	0	0
1.0	0.0	1	2122	0	0
0.996678959333165	0.0033210406668350593	1	2123	0	0
0.07930687497300874	0.9206931250269909	1	2124	1	1
0.98361977303562	0.01638022696437997	1	2125	0	0
0.9935674056648736	0.006432594335126424	1	2126	0	0
1.0	0.0	1	2127	0	0
0.9935674056648736	0.006432594335126424	1	2128	0	0
0.9868600484109972	0.013139951589002724	1	2129	0	0
0.9967410492908857	0.003258950709114351	1	2130	0	0
0.9308652125443513	0.0691347874556489	1	2131	0	0
1.0	0.0	1	2132	0	0
1.0	0.0	1	2133	0	0
0.9967341772151899	0.0032658227848101264	1	2134	0	0
1.0	0.0	1	2135	0	0
1.0	0.0	1	2136	0	0
1.0	0.0	1	2137	0	0
1.0	0.0	1	2138	0	0
1.0	0.0	1	2139	0	0
1.0	0.0	1	2140	0	0
1.0	0.0	1	2141	0	0
1.0	0.0	1	2142	0	0
1.0	0.0	1	2143	0	0
1.0	0.0	1	2144	0	0
1.0	0.0	1	2145	0	0
1.0	0.0	1	2146	0	0
1.0	0.0	1	2147	0	0
1.0	0.0	1	2148	0	0
1.0	0.0	1	2149	0	0
0.9966666666666667	0.0033333333333333335	1	2150	0	0
1.0	0.0	1	2151	0	0
1.0	0.0	1	2152	0	0
1.0	0.0	1	2153	0	0
1.0	0.0	1	2154	0	0
0.9901686971789515	0.009831302821048467	1	2155	0	0
0.9438522422663095	0.056147757733690566	1	2156	0	0
1.0	0.0	1	2157	0	0
0.36855889651429147	0.6314411034857081	1	2158	1	1
1.0	0.0	1	2159	0	0
0.9967508667657257	0.0032491332342743933	1	2160	0	0
0.9966794722741747	0.0033205277258252035	1	2161	0	0
0.03228578112148072	0.9677142188785194	1	2162	1	1
0.025602529013968867	0.9743974709860312	1	2163	1	1
0.976939541590156	0.023060458409843974	1	2164	0	0
1.0	0.0	1	2165	0	0
0.018244212111278378	0.9817557878887212	1	2166	1	1
1.0	0.0	1	2167	0	0
1.0	0.0	1	2168	0	0
1.0	0.0	1	2169	0	0
1.0	0.0	1	2170	0	0
0.996844303615152	0.0031556963848480483	1	2171	0	0
1.0	0.0	1	2172	0	0
1.0	0.0	1	2173	0	0
1.0	0.0	1	2174	0	0
1.0	0.0	1	2175	0	0
1.0	0.0	1	2176	0	0
1.0	0.0	1	2177	0	0
0.9835367664229837	0.01646323357701613	1	2178	0	0
1.0	0.0	1	2179	0	0
1.0	0.0	1	2180	0	0
1.0	0.0	1	2181	0	0
1.0	0.0	1	2182	0	0
1.0	0.0	1	2183	0	0
0.9934514522919282	0.006548547708071698	1	2184	0	0
1.0	0.0	1	2185	0	0
0.966801452517581	0.033198547482418996	1	2186	0	0
1.0	0.0	1	2187	0	0
1.0	0.0	1	2188	0	0
1.0	0.0	1	2189	0	0
0.9371183309102026	0.06288166908979755	1	2190	0	0
0.993414083659344	0.006585916340656034	1	2191	0	0
1.0	0.0	1	2192	0	0
0.9966799777586818	0.003320022241318303	1	2193	0	0
0.9869175505726876	0.013082449427312438	1	2194	0	0
1.0	0.0	1	2195	0	0
1.0	0.0	1	2196	0	0
1.0	0.0	1	2197	0	0
1.0	0.0	1	2198	0	0
0.9934378701736276	0.00656212982637223	1	2199	0	0
1.0	0.0	1	2200	0	0
1.0	0.0	1	2201	0	0
0.9969382624080455	0.00306173759195456	1	2202	0	0
1.0	0.0	1	2203	0	0
1.0	0.0	1	2204	0	0
1.0	0.0	1	2205	0	0
1.0	0.0	1	2206	0	0
0.9992102819208706	0.0007897180791293719	1	2207	0	0
1.0	0.0	1	2208	0	0
1.0	0.0	1	2209	0	0
1.0	0.0	1	2210	0	0
1.0	0.0	1	2211	0	0
1.0	0.0	1	2212	0	0
1.0	0.0	1	2213	0	0
1.0	0.0	1	2214	0	0
1.0	0.0	1	2215	0	0
1.0	0.0	1	2216	0	0
1.0	0.0	1	2217	0	0
1.0	0.0	1	2218	0	0
1.0	0.0	1	2219	0	0
1.0	0.0	1	2220	0	0
1.0	0.0	1	2221	0	0
1.0	0.0	1	2222	0	0
1.0	0.0	1	2223	0	0
1.0	0.0	1	2224	0	0
1.0	0.0	1	2225	0	0
1.0	0.0	1	2226	0	0
0.983497922553252	0.01650207744674816	1	2227	0	0
1.0	0.0	1	2228	0	0
1.0	0.0	1	2229	0	0
1.0	0.0	1	2230	0	0
1.0	0.0	1	2231	0	0
1.0	0.0	1	2232	0	0
1.0	0.0	1	2233	0	0
1.0	0.0	1	2234	0	0
1.0	0.0	1	2235	0	0
1.0	0.0	1	2236	0	0
1.0	0.0	1	2237	0	0
0.9992102819208706	0.0007897180791293719	1	2238	0	0
1.0	0.0	1	2239	0	0
0.9992102819208706	0.0007897180791293719	1	2240	0	0
1.0	0.0	1	2241	0	0
1.0	0.0	1	2242	0	0
1.0	0.0	1	2243	0	0
1.0	0.0	1	2244	0	0
1.0	0.0	1	2245	0	0
1.0	0.0	1	2246	0	0
1.0	0.0	1	2247	0	0
1.0	0.0	1	2248	0	0
1.0	0.0	1	2249	0	0
1.0	0.0	1	2250	0	0
1.0	0.0	1	2251	0	0
0.8477007236557784	0.15229927634422188	1	2252	0	0
1.0	0.0	1	2253	0	0
1.0	0.0	1	2254	0	0
1.0	0.0	1	2255	0	0
1.0	0.0	1	2256	0	0
1.0	0.0	1	2257	0	0
1.0	0.0	1	2258	0	0
1.0	0.0	1	2259	0	0
1.0	0.0	1	2260	0	0
1.0	0.0	1	2261	0	0
1.0	0.0	1	2262	0	0
1.0	0.0	1	2263	0	0
1.0	0.0	1	2264	0	0
1.0	0.0	1	2265	0	0
1.0	0.0	1	2266	0	0
1.0	0.0	1	2267	0	0
1.0	0.0	1	2268	0	0
1.0	0.0	1	2269	0	0
1.0	0.0	1	2270	0	0
1.0	0.0	1	2271	0	0
1.0	0.0	1	2272	0	0
0.9934095581966801	0.006590441803319793	1	2273	0	0
1.0	0.0	1	2274	0	0
1.0	0.0	1	2275	0	0
1.0	0.0	1	2276	0	0
1.0	0.0	1	2277	0	0
0.9970177812175673	0.0029822187824326504	1	2278	0	0
0.9992102819208706	0.0007897180791293719	1	2279	0	0
1.0	0.0	1	2280	0	0
0.9992102819208706	0.0007897180791293719	1	2281	0	0
1.0	0.0	1	2282	0	0
1.0	0.0	1	2283	0	0
1.0	0.0	1	2284	0	0
1.0	0.0	1	2285	0	0
1.0	0.0	1	2286	0	0
1.0	0.0	1	2287	0	0
1.0	0.0	1	2288	0	0
1.0	0.0	1	2289	0	0
1.0	0.0	1	2290	0	0
1.0	0.0	1	2291	0	0
1.0	0.0	1	2292	0	0
1.0	0.0	1	2293	0	0
1.0	0.0	1	2294	0	0
1.0	0.0	1	2295	0	0
1.0	0.0	1	2296	0	0
0.9911352934153407	0.00886470658465933	1	2297	0	0
1.0	0.0	1	2298	0	0
1.0	0.0	1	2299	0	0
1.0	0.0	1	2300	0	0
1.0	0.0	1	2301	0	0
1.0	0.0	1	2302	0	0
1.0	0.0	1	2303	0	0
0.9992102819208706	0.0007897180791293719	1	2304	0	0
1.0	0.0	1	2305	0	0
1.0	0.0	1	2306	0	0
1.0	0.0	1	2307	0	0
1.0	0.0	1	2308	0	0
1.0	0.0	1	2309	0	0
1.0	0.0	1	2310	0	0
1.0	0.0	1	2311	0	0
1.0	0.0	1	2312	0	0
1.0	0.0	1	2313	0	0
1.0	0.0	1	2314	0	0
1.0	0.0	1	2315	0	0
1.0	0.0	1	2316	0	0
0.9378503170802475	0.06214968291975277	1	2317	0	0
1.0	0.0	1	2318	0	0
1.0	0.0	1	2319	0	0
1.0	0.0	1	2320	0	0
1.0	0.0	1	2321	0	0
1.0	0.0	1	2322	0	0
1.0	0.0	1	2323	0	0
1.0	0.0	1	2324	0	0
1.0	0.0	1	2325	0	0
1.0	0.0	1	2326	0	0
1.0	0.0	1	2327	0	0
1.0	0.0	1	2328	0	0
1.0	0.0	1	2329	0	0
1.0	0.0	1	2330	0	0
1.0	0.0	1	2331	0	0
1.0	0.0	1	2332	0	0
1.0	0.0	1	2333	0	0
1.0	0.0	1	2334	0	0
1.0	0.0	1	2335	0	0
1.0	0.0	1	2336	0	0
0.9992102819208706	0.0007897180791293719	1	2337	0	0
0.9992102819208706	0.0007897180791293719	1	2338	0	0
1.0	0.0	1	2339	0	0
1.0	0.0	1	2340	0	0
1.0	0.0	1	2341	0	0
1.0	0.0	1	2342	0	0
1.0	0.0	1	2343	0	0
1.0	0.0	1	2344	0	0
0.9967017755040627	0.003298224495937406	1	2345	0	0
1.0	0.0	1	2346	0	0
0.9967017755040627	0.003298224495937406	1	2347	0	0
1.0	0.0	1	2348	0	0
1.0	0.0	1	2349	0	0
1.0	0.0	1	2350	0	0
1.0	0.0	1	2351	0	0
1.0	0.0	1	2352	0	0
1.0	0.0	1	2353	0	0
1.0	0.0	1	2354	0	0
1.0	0.0	1	2355	0	0
1.0	0.0	1	2356	0	0
0.9665615458687462	0.03343845413125392	1	2357	0	0
1.0	0.0	1	2358	0	0
1.0	0.0	1	2359	0	0
1.0	0.0	1	2360	0	0
1.0	0.0	1	2361	0	0
1.0	0.0	1	2362	0	0
1.0	0.0	1	2363	0	0
1.0	0.0	1	2364	0	0
0.9934100596760443	0.0065899403239556694	1	2365	0	0
1.0	0.0	1	2366	0	0
1.0	0.0	1	2367	0	0
0.9992102819208706	0.0007897180791293719	1	2368	0	0
1.0	0.0	1	2369	0	0
1.0	0.0	1	2370	0	0
0.9992102819208706	0.0007897180791293719	1	2371	0	0
1.0	0.0	1	2372	0	0
1.0	0.0	1	2373	0	0
1.0	0.0	1	2374	0	0
1.0	0.0	1	2375	0	0
0.9992102819208706	0.0007897180791293719	1	2376	0	0
1.0	0.0	1	2377	0	0
0.9992102819208706	0.0007897180791293719	1	2378	0	0
0.9967146354869336	0.003285364513066506	1	2379	0	0
1.0	0.0	1	2380	0	0
1.0	0.0	1	2381	0	0
1.0	0.0	1	2382	0	0
1.0	0.0	1	2383	0	0
1.0	0.0	1	2384	0	0
1.0	0.0	1	2385	0	0
1.0	0.0	1	2386	0	0
1.0	0.0	1	2387	0	0
1.0	0.0	1	2388	0	0
1.0	0.0	1	2389	0	0
1.0	0.0	1	2390	0	0
1.0	0.0	1	2391	0	0
0.9937025994498065	0.006297400550193453	1	2392	0	0
1.0	0.0	1	2393	0	0
1.0	0.0	1	2394	0	0
1.0	0.0	1	2395	0	0
1.0	0.0	1	2396	0	0
1.0	0.0	1	2397	0	0
1.0	0.0	1	2398	0	0
1.0	0.0	1	2399	0	0
1.0	0.0	1	2400	0	0
1.0	0.0	1	2401	0	0
1.0	0.0	1	2402	0	0
1.0	0.0	1	2403	0	0
1.0	0.0	1	2404	0	0
1.0	0.0	1	2405	0	0
1.0	0.0	1	2406	0	0
0.9869436587451923	0.013056341254807731	1	2407	0	0
0.9968946796959826	0.0031053203040173716	1	2408	0	0
1.0	0.0	1	2409	0	0
1.0	0.0	1	2410	0	0
1.0	0.0	1	2411	0	0
1.0	0.0	1	2412	0	0
1.0	0.0	1	2413	0	0
1.0	0.0	1	2414	0	0
1.0	0.0	1	2415	0	0
1.0	0.0	1	2416	0	0
1.0	0.0	1	2417	0	0
1.0	0.0	1	2418	0	0
1.0	0.0	1	2419	0	0
1.0	0.0	1	2420	0	0
1.0	0.0	1	2421	0	0
1.0	0.0	1	2422	0	0
1.0	0.0	1	2423	0	0
1.0	0.0	1	2424	0	0
1.0	0.0	1	2425	0	0
1.0	0.0	1	2426	0	0
1.0	0.0	1	2427	0	0
1.0	0.0	1	2428	0	0
1.0	0.0	1	2429	0	0
1.0	0.0	1	2430	0	0
1.0	0.0	1	2431	0	0
1.0	0.0	1	2432	0	0
1.0	0.0	1	2433	0	0
0.9992102819208706	0.0007897180791293719	1	2434	0	0
0.9992102819208706	0.0007897180791293719	1	2435	0	0
1.0	0.0	1	2436	0	0
1.0	0.0	1	2437	0	0
1.0	0.0	1	2438	0	0
0.98697660684252	0.01302339315748011	1	2439	0	0
1.0	0.0	1	2440	0	0
1.0	0.0	1	2441	0	0
1.0	0.0	1	2442	0	0
0.9968557784145177	0.0031442215854823284	1	2443	0	0
1.0	0.0	1	2444	0	0
1.0	0.0	1	2445	0	0
1.0	0.0	1	2446	0	0
1.0	0.0	1	2447	0	0
1.0	0.0	1	2448	0	0
1.0	0.0	1	2449	0	0
1.0	0.0	1	2450	0	0
1.0	0.0	1	2451	0	0
1.0	0.0	1	2452	0	0
1.0	0.0	1	2453	0	0
1.0	0.0	1	2454	0	0
1.0	0.0	1	2455	0	0
1.0	0.0	1	2456	0	0
1.0	0.0	1	2457	0	0
1.0	0.0	1	2458	0	0
0.9934050388111291	0.006594961188870885	1	2459	0	0
1.0	0.0	1	2460	0	0
0.9992102819208706	0.0007897180791293719	1	2461	0	0
1.0	0.0	1	2462	0	0
1.0	0.0	1	2463	0	0
1.0	0.0	1	2464	0	0
1.0	0.0	1	2465	0	0
1.0	0.0	1	2466	0	0
1.0	0.0	1	2467	0	0
1.0	0.0	1	2468	0	0
1.0	0.0	1	2469	0	0
1.0	0.0	1	2470	0	0
1.0	0.0	1	2471	0	0
1.0	0.0	1	2472	0	0
1.0	0.0	1	2473	0	0
1.0	0.0	1	2474	0	0
1.0	0.0	1	2475	0	0
1.0	0.0	1	2476	0	0
1.0	0.0	1	2477	0	0
1.0	0.0	1	2478	0	0
1.0	0.0	1	2479	0	0
1.0	0.0	1	2480	0	0
1.0	0.0	1	2481	0	0
1.0	0.0	1	2482	0	0
1.0	0.0	1	2483	0	0
1.0	0.0	1	2484	0	0
1.0	0.0	1	2485	0	0
1.0	0.0	1	2486	0	0
1.0	0.0	1	2487	0	0
1.0	0.0	1	2488	0	0
1.0	0.0	1	2489	0	0
1.0	0.0	1	2490	0	0
1.0	0.0	1	2491	0	0
0.9969382624080455	0.00306173759195456	1	2492	0	0
1.0	0.0	1	2493	0	0
1.0	0.0	1	2494	0	0
1.0	0.0	1	2495	0	0
1.0	0.0	1	2496	0	0
1.0	0.0	1	2497	0	0
1.0	0.0	1	2498	0	0
1.0	0.0	1	2499	0	0
1.0	0.0	1	2500	0	0
1.0	0.0	1	2501	0	0
0.9992102819208706	0.0007897180791293719	1	2502	0	0
1.0	0.0	1	2503	0	0
0.9970177812175673	0.0029822187824326504	1	2504	0	0
1.0	0.0	1	2505	0	0
0.9992102819208706	0.0007897180791293719	1	2506	0	0
1.0	0.0	1	2507	0	0
1.0	0.0	1	2508	0	0
0.9992102819208706	0.0007897180791293719	1	2509	0	0
1.0	0.0	1	2510	0	0
1.0	0.0	1	2511	0	0
1.0	0.0	1	2512	0	0
1.0	0.0	1	2513	0	0
1.0	0.0	1	2514	0	0
0.9970177812175673	0.0029822187824326504	1	2515	0	0
1.0	0.0	1	2516	0	0
1.0	0.0	1	2517	0	0
1.0	0.0	1	2518	0	0
0.9992102819208706	0.0007897180791293719	1	2519	0	0
1.0	0.0	1	2520	0	0
0.9992102819208706	0.0007897180791293719	1	2521	0	0
1.0	0.0	1	2522	0	0
1.0	0.0	1	2523	0	0
1.0	0.0	1	2524	0	0
1.0	0.0	1	2525	0	0
1.0	0.0	1	2526	0	0
1.0	0.0	1	2527	0	0
1.0	0.0	1	2528	0	0
1.0	0.0	1	2529	0	0
1.0	0.0	1	2530	0	0
1.0	0.0	1	2531	0	0
1.0	0.0	1	2532	0	0
1.0	0.0	1	2533	0	0
0.9992102819208706	0.0007897180791293719	1	2534	0	0
1.0	0.0	1	2535	0	0
1.0	0.0	1	2536	0	0
1.0	0.0	1	2537	0	0
1.0	0.0	1	2538	0	0
1.0	0.0	1	2539	0	0
1.0	0.0	1	2540	0	0
1.0	0.0	1	2541	0	0
1.0	0.0	1	2542	0	0
1.0	0.0	1	2543	0	0
1.0	0.0	1	2544	0	0
0.9992102819208706	0.0007897180791293719	1	2545	0	0
1.0	0.0	1	2546	0	0
1.0	0.0	1	2547	0	0
1.0	0.0	1	2548	0	0
0.9992102819208706	0.0007897180791293719	1	2549	0	0
1.0	0.0	1	2550	0	0
1.0	0.0	1	2551	0	0
1.0	0.0	1	2552	0	0
1.0	0.0	1	2553	0	0
1.0	0.0	1	2554	0	0
1.0	0.0	1	2555	0	0
1.0	0.0	1	2556	0	0
1.0	0.0	1	2557	0	0
1.0	0.0	1	2558	0	0
1.0	0.0	1	2559	0	0
0.960715996248456	0.03928400375154402	1	2560	0	0
1.0	0.0	1	2561	0	0
1.0	0.0	1	2562	0	0
1.0	0.0	1	2563	0	0
0.9992102819208706	0.0007897180791293719	1	2564	0	0
0.9992102819208706	0.0007897180791293719	1	2565	0	0
1.0	0.0	1	2566	0	0
1.0	0.0	1	2567	0	0
1.0	0.0	1	2568	0	0
1.0	0.0	1	2569	0	0
1.0	0.0	1	2570	0	0
1.0	0.0	1	2571	0	0
1.0	0.0	1	2572	0	0
1.0	0.0	1	2573	0	0
0.858743126204976	0.1412568737950242	1	2574	0	0
1.0	0.0	1	2575	0	0
1.0	0.0	1	2576	0	0
1.0	0.0	1	2577	0	0
1.0	0.0	1	2578	0	0
1.0	0.0	1	2579	0	0
1.0	0.0	1	2580	0	0
1.0	0.0	1	2581	0	0
1.0	0.0	1	2582	0	0
1.0	0.0	1	2583	0	0
1.0	0.0	1	2584	0	0
1.0	0.0	1	2585	0	0
1.0	0.0	1	2586	0	0
1.0	0.0	1	2587	0	0
1.0	0.0	1	2588	0	0
1.0	0.0	1	2589	0	0
1.0	0.0	1	2590	0	0
1.0	0.0	1	2591	0	0
0.9992102819208706	0.0007897180791293719	1	2592	0	0
1.0	0.0	1	2593	0	0
1.0	0.0	1	2594	0	0
1.0	0.0	1	2595	0	0
1.0	0.0	1	2596	0	0
1.0	0.0	1	2597	0	0
1.0	0.0	1	2598	0	0
1.0	0.0	1	2599	0	0
1.0	0.0	1	2600	0	0
1.0	0.0	1	2601	0	0
1.0	0.0	1	2602	0	0
1.0	0.0	1	2603	0	0
1.0	0.0	1	2604	0	0
1.0	0.0	1	2605	0	0
1.0	0.0	1	2606	0	0
1.0	0.0	1	2607	0	0
1.0	0.0	1	2608	0	0
1.0	0.0	1	2609	0	0
1.0	0.0	1	2610	0	0
1.0	0.0	1	2611	0	0
1.0	0.0	1	2612	0	0
1.0	0.0	1	2613	0	0
0.9870369470015993	0.012963052998400774	1	2614	0	0
1.0	0.0	1	2615	0	0
1.0	0.0	1	2616	0	0
1.0	0.0	1	2617	0	0
1.0	0.0	1	2618	0	0
1.0	0.0	1	2619	0	0
1.0	0.0	1	2620	0	0
1.0	0.0	1	2621	0	0
1.0	0.0	1	2622	0	0
1.0	0.0	1	2623	0	0
1.0	0.0	1	2624	0	0
1.0	0.0	1	2625	0	0
1.0	0.0	1	2626	0	0
0.9820701087360428	0.017929891263957127	1	2627	0	0
1.0	0.0	1	2628	0	0
1.0	0.0	1	2629	0	0
1.0	0.0	1	2630	0	0
1.0	0.0	1	2631	0	0
1.0	0.0	1	2632	0	0
1.0	0.0	1	2633	0	0
1.0	0.0	1	2634	0	0
1.0	0.0	1	2635	0	0
1.0	0.0	1	2636	0	0
1.0	0.0	1	2637	0	0
0.9992102819208706	0.0007897180791293719	1	2638	0	0
1.0	0.0	1	2639	0	0
0.9992102819208706	0.0007897180791293719	1	2640	0	0
1.0	0.0	1	2641	0	0
1.0	0.0	1	2642	0	0
1.0	0.0	1	2643	0	0
1.0	0.0	1	2644	0	0
1.0	0.0	1	2645	0	0
1.0	0.0	1	2646	0	0
0.910898579209132	0.08910142079086804	1	2647	0	0
1.0	0.0	1	2648	0	0
1.0	0.0	1	2649	0	0
1.0	0.0	1	2650	0	0
1.0	0.0	1	2651	0	0
1.0	0.0	1	2652	0	0
1.0	0.0	1	2653	0	0
1.0	0.0	1	2654	0	0
1.0	0.0	1	2655	0	0
1.0	0.0	1	2656	0	0
1.0	0.0	1	2657	0	0
1.0	0.0	1	2658	0	0
1.0	0.0	1	2659	0	0
1.0	0.0	1	2660	0	0
1.0	0.0	1	2661	0	0
1.0	0.0	1	2662	0	0
1.0	0.0	1	2663	0	0
1.0	0.0	1	2664	0	0
1.0	0.0	1	2665	0	0
1.0	0.0	1	2666	0	0
1.0	0.0	1	2667	0	0
1.0	0.0	1	2668	0	0
1.0	0.0	1	2669	0	0
1.0	0.0	1	2670	0	0
1.0	0.0	1	2671	0	0
1.0	0.0	1	2672	0	0
1.0	0.0	1	2673	0	0
1.0	0.0	1	2674	0	0
1.0	0.0	1	2675	0	0
1.0	0.0	1	2676	0	0
1.0	0.0	1	2677	0	0
1.0	0.0	1	2678	0	0
1.0	0.0	1	2679	0	0
1.0	0.0	1	2680	0	0
1.0	0.0	1	2681	0	0
1.0	0.0	1	2682	0	0
1.0	0.0	1	2683	0	0
0.9992102819208706	0.0007897180791293719	1	2684	0	0
1.0	0.0	1	2685	0	0
0.9992102819208706	0.0007897180791293719	1	2686	0	0
1.0	0.0	1	2687	0	0
1.0	0.0	1	2688	0	0
1.0	0.0	1	2689	0	0
1.0	0.0	1	2690	0	0
1.0	0.0	1	2691	0	0
1.0	0.0	1	2692	0	0
1.0	0.0	1	2693	0	0
1.0	0.0	1	2694	0	0
0.9992102819208706	0.0007897180791293719	1	2695	0	0
1.0	0.0	1	2696	0	0
1.0	0.0	1	2697	0	0
1.0	0.0	1	2698	0	0
1.0	0.0	1	2699	0	0
1.0	0.0	1	2700	0	0
1.0	0.0	1	2701	0	0
1.0	0.0	1	2702	0	0
1.0	0.0	1	2703	0	0
1.0	0.0	1	2704	0	0
1.0	0.0	1	2705	0	0
1.0	0.0	1	2706	0	0
1.0	0.0	1	2707	0	0
0.8912699295236867	0.10873007047631328	1	2708	0	0
0.9992102819208706	0.0007897180791293719	1	2709	0	0
0.9992102819208706	0.0007897180791293719	1	2710	0	0
1.0	0.0	1	2711	0	0
1.0	0.0	1	2712	0	0
0.9992102819208706	0.0007897180791293719	1	2713	0	0
1.0	0.0	1	2714	0	0
1.0	0.0	1	2715	0	0
1.0	0.0	1	2716	0	0
1.0	0.0	1	2717	0	0
1.0	0.0	1	2718	0	0
1.0	0.0	1	2719	0	0
1.0	0.0	1	2720	0	0
1.0	0.0	1	2721	0	0
1.0	0.0	1	2722	0	0
1.0	0.0	1	2723	0	0
1.0	0.0	1	2724	0	0
1.0	0.0	1	2725	0	0
1.0	0.0	1	2726	0	0
1.0	0.0	1	2727	0	0
1.0	0.0	1	2728	0	0
1.0	0.0	1	2729	0	0
1.0	0.0	1	2730	0	0
1.0	0.0	1	2731	0	0
1.0	0.0	1	2732	0	0
1.0	0.0	1	2733	0	0
1.0	0.0	1	2734	0	0
1.0	0.0	1	2735	0	0
0.9992102819208706	0.0007897180791293719	1	2736	0	0
1.0	0.0	1	2737	0	0
0.9992102819208706	0.0007897180791293719	1	2738	0	0
1.0	0.0	1	2739	0	0
1.0	0.0	1	2740	0	0
1.0	0.0	1	2741	0	0
1.0	0.0	1	2742	0	0
1.0	0.0	1	2743	0	0
1.0	0.0	1	2744	0	0
1.0	0.0	1	2745	0	0
1.0	0.0	1	2746	0	0
1.0	0.0	1	2747	0	0
1.0	0.0	1	2748	0	0
1.0	0.0	1	2749	0	0
1.0	0.0	1	2750	0	0
1.0	0.0	1	2751	0	0
1.0	0.0	1	2752	0	0
0.9992102819208706	0.0007897180791293719	1	2753	0	0
1.0	0.0	1	2754	0	0
0.9992102819208706	0.0007897180791293719	1	2755	0	0
1.0	0.0	1	2756	0	0
1.0	0.0	1	2757	0	0
1.0	0.0	1	2758	0	0
0.97387076923676	0.02612923076324005	1	2759	0	0
1.0	0.0	1	2760	0	0
1.0	0.0	1	2761	0	0
1.0	0.0	1	2762	0	0
1.0	0.0	1	2763	0	0
1.0	0.0	1	2764	0	0
1.0	0.0	1	2765	0	0
1.0	0.0	1	2766	0	0
1.0	0.0	1	2767	0	0
1.0	0.0	1	2768	0	0
1.0	0.0	1	2769	0	0
1.0	0.0	1	2770	0	0
1.0	0.0	1	2771	0	0
1.0	0.0	1	2772	0	0
1.0	0.0	1	2773	0	0
1.0	0.0	1	2774	0	0
1.0	0.0	1	2775	0	0
1.0	0.0	1	2776	0	0
1.0	0.0	1	2777	0	0
1.0	0.0	1	2778	0	0
1.0	0.0	1	2779	0	0
1.0	0.0	1	2780	0	0
1.0	0.0	1	2781	0	0
1.0	0.0	1	2782	0	0
1.0	0.0	1	2783	0	0
1.0	0.0	1	2784	0	0
1.0	0.0	1	2785	0	0
1.0	0.0	1	2786	0	0
1.0	0.0	1	2787	0	0
1.0	0.0	1	2788	0	0
1.0	0.0	1	2789	0	0
1.0	0.0	1	2790	0	0
1.0	0.0	1	2791	0	0
1.0	0.0	1	2792	0	0
0.9966858324506986	0.0033141675493014574	1	2793	0	0
1.0	0.0	1	2794	0	0
1.0	0.0	1	2795	0	0
1.0	0.0	1	2796	0	0
1.0	0.0	1	2797	0	0
1.0	0.0	1	2798	0	0
1.0	0.0	1	2799	0	0
1.0	0.0	1	2800	0	0
1.0	0.0	1	2801	0	0
1.0	0.0	1	2802	0	0
1.0	0.0	1	2803	0	0
1.0	0.0	1	2804	0	0
1.0	0.0	1	2805	0	0
1.0	0.0	1	2806	0	0
1.0	0.0	1	2807	0	0
1.0	0.0	1	2808	0	0
1.0	0.0	1	2809	0	0
1.0	0.0	1	2810	0	0
1.0	0.0	1	2811	0	0
0.9992102819208706	0.0007897180791293719	1	2812	0	0
1.0	0.0	1	2813	0	0
1.0	0.0	1	2814	0	0
1.0	0.0	1	2815	0	0
1.0	0.0	1	2816	0	0
1.0	0.0	1	2817	0	0
1.0	0.0	1	2818	0	0
1.0	0.0	1	2819	0	0
1.0	0.0	1	2820	0	0
1.0	0.0	1	2821	0	0
1.0	0.0	1	2822	0	0
1.0	0.0	1	2823	0	0
1.0	0.0	1	2824	0	0
1.0	0.0	1	2825	0	0
1.0	0.0	1	2826	0	0
1.0	0.0	1	2827	0	0
1.0	0.0	1	2828	0	0
1.0	0.0	1	2829	0	0
1.0	0.0	1	2830	0	0
1.0	0.0	1	2831	0	0
1.0	0.0	1	2832	0	0
1.0	0.0	1	2833	0	0
1.0	0.0	1	2834	0	0
0.9968557784145177	0.0031442215854823284	1	2835	0	0
1.0	0.0	1	2836	0	0
0.9968040471549242	0.0031959528450756537	1	2837	0	0
1.0	0.0	1	2838	0	0
0.9968040471549242	0.0031959528450756537	1	2839	0	0
0.9970177812175673	0.0029822187824326504	1	2840	0	0
1.0	0.0	1	2841	0	0
1.0	0.0	1	2842	0	0
1.0	0.0	1	2843	0	0
1.0	0.0	1	2844	0	0
1.0	0.0	1	2845	0	0
1.0	0.0	1	2846	0	0
1.0	0.0	1	2847	0	0
1.0	0.0	1	2848	0	0
1.0	0.0	1	2849	0	0
1.0	0.0	1	2850	0	0
1.0	0.0	1	2851	0	0
1.0	0.0	1	2852	0	0
1.0	0.0	1	2853	0	0
1.0	0.0	1	2854	0	0
1.0	0.0	1	2855	0	0
1.0	0.0	1	2856	0	0
1.0	0.0	1	2857	0	0
0.9871196672247398	0.012880332775260244	1	2858	0	0
1.0	0.0	1	2859	0	0
1.0	0.0	1	2860	0	0
1.0	0.0	1	2861	0	0
0.9936783417731249	0.006321658226875196	1	2862	0	0
0.9984700675518287	0.0015299324481714406	1	2863	0	0
0.9984700675518287	0.0015299324481714406	1	2864	0	0
1.0	0.0	1	2865	0	0
1.0	0.0	1	2866	0	0
1.0	0.0	1	2867	0	0
1.0	0.0	1	2868	0	0
1.0	0.0	1	2869	0	0
1.0	0.0	1	2870	0	0
1.0	0.0	1	2871	0	0
1.0	0.0	1	2872	0	0
1.0	0.0	1	2873	0	0
1.0	0.0	1	2874	0	0
1.0	0.0	1	2875	0	0
0.9992102819208706	0.0007897180791293719	1	2876	0	0
1.0	0.0	1	2877	0	0
0.9992102819208706	0.0007897180791293719	1	2878	0	0
0.993441826540333	0.006558173459667144	1	2879	0	0
1.0	0.0	1	2880	0	0
1.0	0.0	1	2881	0	0
1.0	0.0	1	2882	0	0
1.0	0.0	1	2883	0	0
1.0	0.0	1	2884	0	0
1.0	0.0	1	2885	0	0
1.0	0.0	1	2886	0	0
1.0	0.0	1	2887	0	0
1.0	0.0	1	2888	0	0
1.0	0.0	1	2889	0	0
1.0	0.0	1	2890	0	0
1.0	0.0	1	2891	0	0
1.0	0.0	1	2892	0	0
1.0	0.0	1	2893	0	0
1.0	0.0	1	2894	0	0
1.0	0.0	1	2895	0	0
1.0	0.0	1	2896	0	0
1.0	0.0	1	2897	0	0
1.0	0.0	1	2898	0	0
1.0	0.0	1	2899	0	0
1.0	0.0	1	2900	0	0
0.15230451825110872	0.8476954817488912	1	2901	0	1
1.0	0.0	1	2902	0	0
1.0	0.0	1	2903	0	0
1.0	0.0	1	2904	0	0
1.0	0.0	1	2905	0	0
1.0	0.0	1	2906	0	0
1.0	0.0	1	2907	0	0
1.0	0.0	1	2908	0	0
0.9966904917702725	0.003309508229727689	1	2909	0	0
1.0	0.0	1	2910	0	0
0.9146708411002883	0.08532915889971168	1	2911	0	0
1.0	0.0	1	2912	0	0
1.0	0.0	1	2913	0	0
1.0	0.0	1	2914	0	0
0.9966860861012333	0.0033139138987667398	1	2915	0	0
0.9978391959798995	0.0021608040201005034	1	2916	0	0
1.0	0.0	1	2917	0	0
1.0	0.0	1	2918	0	0
1.0	0.0	1	2919	0	0
1.0	0.0	1	2920	0	0
1.0	0.0	1	2921	0	0
0.9900880302236853	0.009911969776314734	1	2922	0	0
1.0	0.0	1	2923	0	0
0.9992102819208706	0.0007897180791293719	1	2924	0	0
1.0	0.0	1	2925	0	0
1.0	0.0	1	2926	0	0
1.0	0.0	1	2927	0	0
0.9968557784145177	0.0031442215854823284	1	2928	0	0
1.0	0.0	1	2929	0	0
1.0	0.0	1	2930	0	0
1.0	0.0	1	2931	0	0
1.0	0.0	1	2932	0	0
1.0	0.0	1	2933	0	0
1.0	0.0	1	2934	0	0
1.0	0.0	1	2935	0	0
1.0	0.0	1	2936	0	0
0.9984700675518287	0.0015299324481714406	1	2937	0	0
1.0	0.0	1	2938	0	0
0.9984700675518287	0.0015299324481714406	1	2939	0	0
1.0	0.0	1	2940	0	0
1.0	0.0	1	2941	0	0
1.0	0.0	1	2942	0	0
1.0	0.0	1	2943	0	0
1.0	0.0	1	2944	0	0
1.0	0.0	1	2945	0	0
1.0	0.0	1	2946	0	0
1.0	0.0	1	2947	0	0
1.0	0.0	1	2948	0	0
1.0	0.0	1	2949	0	0
0.9902264289823777	0.009773571017622325	1	2950	0	0
1.0	0.0	1	2951	0	0
1.0	0.0	1	2952	0	0
1.0	0.0	1	2953	0	0
1.0	0.0	1	2954	0	0
1.0	0.0	1	2955	0	0
1.0	0.0	1	2956	0	0
1.0	0.0	1	2957	0	0
1.0	0.0	1	2958	0	0
1.0	0.0	1	2959	0	0
1.0	0.0	1	2960	0	0
1.0	0.0	1	2961	0	0
1.0	0.0	1	2962	0	0
1.0	0.0	1	2963	0	0
1.0	0.0	1	2964	0	0
1.0	0.0	1	2965	0	0
0.99706339632757	0.002936603672429969	1	2966	0	0
0.99706339632757	0.002936603672429969	1	2967	0	0
1.0	0.0	1	2968	0	0
1.0	0.0	1	2969	0	0
1.0	0.0	1	2970	0	0
1.0	0.0	1	2971	0	0
1.0	0.0	1	2972	0	0
1.0	0.0	1	2973	0	0
1.0	0.0	1	2974	0	0
1.0	0.0	1	2975	0	0
1.0	0.0	1	2976	0	0
1.0	0.0	1	2977	0	0
1.0	0.0	1	2978	0	0
1.0	0.0	1	2979	0	0
1.0	0.0	1	2980	0	0
0.9969382624080455	0.00306173759195456	1	2981	0	0
0.9968416750805328	0.0031583249194672806	1	2982	0	0
1.0	0.0	1	2983	0	0
0.9935349810585407	0.0064650189414593605	1	2984	0	0
1.0	0.0	1	2985	0	0
1.0	0.0	1	2986	0	0
1.0	0.0	1	2987	0	0
1.0	0.0	1	2988	0	0
1.0	0.0	1	2989	0	0
1.0	0.0	1	2990	0	0
1.0	0.0	1	2991	0	0
1.0	0.0	1	2992	0	0
1.0	0.0	1	2993	0	0
1.0	0.0	1	2994	0	0
1.0	0.0	1	2995	0	0
1.0	0.0	1	2996	0	0
1.0	0.0	1	2997	0	0
1.0	0.0	1	2998	0	0
1.0	0.0	1	2999	0	0
1.0	0.0	1	3000	0	0
1.0	0.0	1	3001	0	0
1.0	0.0	1	3002	0	0
0.9920509429520109	0.007949057047989	1	3003	0	0
0.9838833318039208	0.016116668196079292	1	3004	0	0
1.0	0.0	1	3005	0	0
0.9992102819208706	0.0007897180791293719	1	3006	0	0
0.9992102819208706	0.0007897180791293719	1	3007	0	0
1.0	0.0	1	3008	0	0
1.0	0.0	1	3009	0	0
1.0	0.0	1	3010	0	0
1.0	0.0	1	3011	0	0
1.0	0.0	1	3012	0	0
1.0	0.0	1	3013	0	0
1.0	0.0	1	3014	0	0
1.0	0.0	1	3015	0	0
0.9967459609475666	0.003254039052433343	1	3016	0	0
0.851693533459776	0.14830646654022422	1	3017	0	0
0.9837649317359649	0.016235068264035195	1	3018	0	0
1.0	0.0	1	3019	0	0
0.7827265505768586	0.2172734494231416	1	3020	0	0
0.9967784807022705	0.0032215192977293906	1	3021	0	0
1.0	0.0	1	3022	0	0
1.0	0.0	1	3023	0	0
1.0	0.0	1	3024	0	0
1.0	0.0	1	3025	0	0
0.2568561498918147	0.7431438501081847	1	3026	1	1
0.993406560337045	0.006593439662955161	1	3027	0	0
0.9966777760945312	0.0033222239054688683	1	3028	0	0
0.10700911597109194	0.892990884028908	1	3029	1	1
0.9933950152951206	0.006604984704879395	1	3030	1	0
0.9738805112957061	0.026119488704293873	1	3031	0	0
0.9934797924335932	0.0065202075664067575	1	3032	0	0
1.0	0.0	1	3033	0	0
1.0	0.0	1	3034	0	0
1.0	0.0	1	3035	0	0
1.0	0.0	1	3036	0	0
0.9770072494037011	0.022992750596298836	1	3037	0	0
0.9801370913812631	0.019862908618736772	1	3038	0	0
0.9967272590982346	0.0032727409017653014	1	3039	0	0
0.9967002657840629	0.003299734215937014	1	3040	0	0
1.0	0.0	1	3041	0	0
1.0	0.0	1	3042	0	0
1.0	0.0	1	3043	0	0
1.0	0.0	1	3044	0	0
1.0	0.0	1	3045	0	0
1.0	0.0	1	3046	0	0
1.0	0.0	1	3047	0	0
1.0	0.0	1	3048	0	0
1.0	0.0	1	3049	0	0
1.0	0.0	1	3050	0	0
1.0	0.0	1	3051	0	0
1.0	0.0	1	3052	0	0
1.0	0.0	1	3053	0	0
1.0	0.0	1	3054	0	0
1.0	0.0	1	3055	0	0
1.0	0.0	1	3056	0	0
1.0	0.0	1	3057	0	0
0.9901138476884084	0.009886152311591692	1	3058	0	0
1.0	0.0	1	3059	0	0
1.0	0.0	1	3060	0	0
1.0	0.0	1	3061	0	0
1.0	0.0	1	3062	0	0
1.0	0.0	1	3063	0	0
1.0	0.0	1	3064	0	0
1.0	0.0	1	3065	0	0
1.0	0.0	1	3066	0	0
1.0	0.0	1	3067	0	0
1.0	0.0	1	3068	0	0
0.9992102819208706	0.0007897180791293719	1	3069	0	0
0.9992102819208706	0.0007897180791293719	1	3070	0	0
1.0	0.0	1	3071	0	0
1.0	0.0	1	3072	0	0
1.0	0.0	1	3073	0	0
1.0	0.0	1	3074	0	0
1.0	0.0	1	3075	0	0
1.0	0.0	1	3076	0	0
1.0	0.0	1	3077	0	0
1.0	0.0	1	3078	0	0
1.0	0.0	1	3079	0	0
1.0	0.0	1	3080	0	0
1.0	0.0	1	3081	0	0
0.9771306146625532	0.022869385337446802	1	3082	0	0
1.0	0.0	1	3083	0	0
1.0	0.0	1	3084	0	0
1.0	0.0	1	3085	0	0
1.0	0.0	1	3086	0	0
1.0	0.0	1	3087	0	0
1.0	0.0	1	3088	0	0
1.0	0.0	1	3089	0	0
0.9992102819208706	0.0007897180791293719	1	3090	0	0
1.0	0.0	1	3091	0	0
1.0	0.0	1	3092	0	0
1.0	0.0	1	3093	0	0
1.0	0.0	1	3094	0	0
0.9943246705703858	0.00567532942961428	1	3095	0	0
1.0	0.0	1	3096	0	0
1.0	0.0	1	3097	0	0
0.9969382624080455	0.00306173759195456	1	3098	0	0
1.0	0.0	1	3099	0	0
0.9866893870544279	0.013310612945572049	1	3100	0	0
0.9866893870544279	0.013310612945572049	1	3101	0	0
1.0	0.0	1	3102	0	0
1.0	0.0	1	3103	0	0
0.9736785042569117	0.026321495743088157	1	3104	0	0
1.0	0.0	1	3105	0	0
1.0	0.0	1	3106	0	0
1.0	0.0	1	3107	0	0
1.0	0.0	1	3108	0	0
1.0	0.0	1	3109	0	0
1.0	0.0	1	3110	0	0
1.0	0.0	1	3111	0	0
1.0	0.0	1	3112	0	0
1.0	0.0	1	3113	0	0
1.0	0.0	1	3114	0	0
1.0	0.0	1	3115	0	0
1.0	0.0	1	3116	0	0
1.0	0.0	1	3117	0	0
1.0	0.0	1	3118	0	0
1.0	0.0	1	3119	0	0
1.0	0.0	1	3120	0	0
1.0	0.0	1	3121	0	0
1.0	0.0	1	3122	0	0
0.9835432035223134	0.016456796477686643	1	3123	0	0
1.0	0.0	1	3124	0	0
0.9992102819208706	0.0007897180791293719	1	3125	0	0
1.0	0.0	1	3126	0	0
1.0	0.0	1	3127	0	0
1.0	0.0	1	3128	0	0
1.0	0.0	1	3129	0	0
1.0	0.0	1	3130	0	0
1.0	0.0	1	3131	0	0
0.9813435239489716	0.0186564760510284	1	3132	0	0
1.0	0.0	1	3133	0	0
1.0	0.0	1	3134	0	0
1.0	0.0	1	3135	0	0
1.0	0.0	1	3136	0	0
1.0	0.0	1	3137	0	0
1.0	0.0	1	3138	0	0
1.0	0.0	1	3139	0	0
1.0	0.0	1	3140	0	0
1.0	0.0	1	3141	0	0
1.0	0.0	1	3142	0	0
1.0	0.0	1	3143	0	0
1.0	0.0	1	3144	0	0
1.0	0.0	1	3145	0	0
0.9992102819208706	0.0007897180791293719	1	3146	0	0
1.0	0.0	1	3147	0	0
0.9992102819208706	0.0007897180791293719	1	3148	0	0
1.0	0.0	1	3149	0	0
0.9902277256588885	0.009772274341111435	1	3150	0	0
1.0	0.0	1	3151	0	0
1.0	0.0	1	3152	0	0
0.9992102819208706	0.0007897180791293719	1	3153	0	0
1.0	0.0	1	3154	0	0
0.432779854756712	0.567220145243288	1	3155	0	1
1.0	0.0	1	3156	0	0
1.0	0.0	1	3157	0	0
1.0	0.0	1	3158	0	0
1.0	0.0	1	3159	0	0
1.0	0.0	1	3160	0	0
0.9969382624080455	0.00306173759195456	1	3161	0	0
1.0	0.0	1	3162	0	0
1.0	0.0	1	3163	0	0
1.0	0.0	1	3164	0	0
1.0	0.0	1	3165	0	0
1.0	0.0	1	3166	0	0
1.0	0.0	1	3167	0	0
0.9992102819208706	0.0007897180791293719	1	3168	0	0
1.0	0.0	1	3169	0	0
1.0	0.0	1	3170	0	0
1.0	0.0	1	3171	0	0
1.0	0.0	1	3172	0	0
0.9967027731808836	0.0032972268191163935	1	3173	0	0
1.0	0.0	1	3174	0	0
1.0	0.0	1	3175	0	0
1.0	0.0	1	3176	0	0
1.0	0.0	1	3177	0	0
0.9966848182322392	0.003315181767760803	1	3178	0	0
1.0	0.0	1	3179	0	0
1.0	0.0	1	3180	0	0
0.9967371451260671	0.0032628548739328965	1	3181	0	0
1.0	0.0	1	3182	0	0
0.9992102819208706	0.0007897180791293719	1	3183	0	0
1.0	0.0	1	3184	0	0
1.0	0.0	1	3185	0	0
1.0	0.0	1	3186	0	0
1.0	0.0	1	3187	0	0
1.0	0.0	1	3188	0	0
1.0	0.0	1	3189	0	0
1.0	0.0	1	3190	0	0
1.0	0.0	1	3191	0	0
1.0	0.0	1	3192	0	0
1.0	0.0	1	3193	0	0
1.0	0.0	1	3194	0	0
1.0	0.0	1	3195	0	0
1.0	0.0	1	3196	0	0
1.0	0.0	1	3197	0	0
1.0	0.0	1	3198	0	0
1.0	0.0	1	3199	0	0
1.0	0.0	1	3200	0	0
1.0	0.0	1	3201	0	0
1.0	0.0	1	3202	0	0
0.9870587425582003	0.012941257441799671	1	3203	0	0
1.0	0.0	1	3204	0	0
1.0	0.0	1	3205	0	0
1.0	0.0	1	3206	0	0
1.0	0.0	1	3207	0	0
1.0	0.0	1	3208	0	0
1.0	0.0	1	3209	0	0
1.0	0.0	1	3210	0	0
1.0	0.0	1	3211	0	0
1.0	0.0	1	3212	0	0
1.0	0.0	1	3213	0	0
0.9738444521164297	0.02615554788357018	1	3214	0	0
1.0	0.0	1	3215	0	0
1.0	0.0	1	3216	0	0
1.0	0.0	1	3217	0	0
1.0	0.0	1	3218	0	0
1.0	0.0	1	3219	0	0
1.0	0.0	1	3220	0	0
1.0	0.0	1	3221	0	0
1.0	0.0	1	3222	0	0
1.0	0.0	1	3223	0	0
1.0	0.0	1	3224	0	0
1.0	0.0	1	3225	0	0
1.0	0.0	1	3226	0	0
0.9992102819208706	0.0007897180791293719	1	3227	0	0
0.9992102819208706	0.0007897180791293719	1	3228	0	0
1.0	0.0	1	3229	0	0
1.0	0.0	1	3230	0	0
1.0	0.0	1	3231	0	0
1.0	0.0	1	3232	0	0
1.0	0.0	1	3233	0	0
1.0	0.0	1	3234	0	0
1.0	0.0	1	3235	0	0
1.0	0.0	1	3236	0	0
1.0	0.0	1	3237	0	0
1.0	0.0	1	3238	0	0
1.0	0.0	1	3239	0	0
1.0	0.0	1	3240	0	0
1.0	0.0	1	3241	0	0
0.13613832395098516	0.863861676049015	1	3242	0	1
1.0	0.0	1	3243	0	0
1.0	0.0	1	3244	0	0
1.0	0.0	1	3245	0	0
1.0	0.0	1	3246	0	0
0.9992102819208706	0.0007897180791293719	1	3247	0	0
0.9992102819208706	0.0007897180791293719	1	3248	0	0
1.0	0.0	1	3249	0	0
1.0	0.0	1	3250	0	0
1.0	0.0	1	3251	0	0
1.0	0.0	1	3252	0	0
1.0	0.0	1	3253	0	0
1.0	0.0	1	3254	0	0
1.0	0.0	1	3255	0	0
1.0	0.0	1	3256	0	0
1.0	0.0	1	3257	0	0
1.0	0.0	1	3258	0	0
1.0	0.0	1	3259	0	0
1.0	0.0	1	3260	0	0
1.0	0.0	1	3261	0	0
1.0	0.0	1	3262	0	0
1.0	0.0	1	3263	0	0
1.0	0.0	1	3264	0	0
1.0	0.0	1	3265	0	0
1.0	0.0	1	3266	0	0
1.0	0.0	1	3267	0	0
1.0	0.0	1	3268	0	0
0.9539940716133234	0.046005928386676595	1	3269	0	0
1.0	0.0	1	3270	0	0
1.0	0.0	1	3271	0	0
1.0	0.0	1	3272	0	0
1.0	0.0	1	3273	0	0
0.9992102819208706	0.0007897180791293719	1	3274	0	0
0.9992102819208706	0.0007897180791293719	1	3275	0	0
1.0	0.0	1	3276	0	0
1.0	0.0	1	3277	0	0
1.0	0.0	1	3278	0	0
1.0	0.0	1	3279	0	0
1.0	0.0	1	3280	0	0
1.0	0.0	1	3281	0	0
1.0	0.0	1	3282	0	0
1.0	0.0	1	3283	0	0
1.0	0.0	1	3284	0	0
1.0	0.0	1	3285	0	0
1.0	0.0	1	3286	0	0
1.0	0.0	1	3287	0	0
1.0	0.0	1	3288	0	0
0.9968580450696138	0.0031419549303861056	1	3289	0	0
0.9968580450696138	0.0031419549303861056	1	3290	0	0
1.0	0.0	1	3291	0	0
0.9992102819208706	0.0007897180791293719	1	3292	0	0
0.9992102819208706	0.0007897180791293719	1	3293	0	0
1.0	0.0	1	3294	0	0
1.0	0.0	1	3295	0	0
1.0	0.0	1	3296	0	0
1.0	0.0	1	3297	0	0
1.0	0.0	1	3298	0	0
1.0	0.0	1	3299	0	0
1.0	0.0	1	3300	0	0
0.9992102819208706	0.0007897180791293719	1	3301	0	0
1.0	0.0	1	3302	0	0
0.9992102819208706	0.0007897180791293719	1	3303	0	0
0.9950331617344436	0.004966838265556351	1	3304	0	0
1.0	0.0	1	3305	0	0
1.0	0.0	1	3306	0	0
1.0	0.0	1	3307	0	0
1.0	0.0	1	3308	0	0
1.0	0.0	1	3309	0	0
1.0	0.0	1	3310	0	0
1.0	0.0	1	3311	0	0
1.0	0.0	1	3312	0	0
1.0	0.0	1	3313	0	0
0.9992102819208706	0.0007897180791293719	1	3314	0	0
1.0	0.0	1	3315	0	0
1.0	0.0	1	3316	0	0
1.0	0.0	1	3317	0	0
1.0	0.0	1	3318	0	0
1.0	0.0	1	3319	0	0
1.0	0.0	1	3320	0	0
1.0	0.0	1	3321	0	0
0.9476289653946603	0.05237103460533936	1	3322	0	0
1.0	0.0	1	3323	0	0
1.0	0.0	1	3324	0	0
1.0	0.0	1	3325	0	0
1.0	0.0	1	3326	0	0
1.0	0.0	1	3327	0	0
1.0	0.0	1	3328	0	0
0.874730964365696	0.12526903563430436	1	3329	0	0
0.9992102819208706	0.0007897180791293719	1	3330	0	0
0.9992102819208706	0.0007897180791293719	1	3331	0	0
1.0	0.0	1	3332	0	0
1.0	0.0	1	3333	0	0
1.0	0.0	1	3334	0	0
1.0	0.0	1	3335	0	0
1.0	0.0	1	3336	0	0
1.0	0.0	1	3337	0	0
1.0	0.0	1	3338	0	0
1.0	0.0	1	3339	0	0
0.9992102819208706	0.0007897180791293719	1	3340	0	0
1.0	0.0	1	3341	0	0
1.0	0.0	1	3342	0	0
1.0	0.0	1	3343	0	0
1.0	0.0	1	3344	0	0
1.0	0.0	1	3345	0	0
1.0	0.0	1	3346	0	0
1.0	0.0	1	3347	0	0
1.0	0.0	1	3348	0	0
1.0	0.0	1	3349	0	0
1.0	0.0	1	3350	0	0
1.0	0.0	1	3351	0	0
1.0	0.0	1	3352	0	0
1.0	0.0	1	3353	0	0
1.0	0.0	1	3354	0	0
1.0	0.0	1	3355	0	0
1.0	0.0	1	3356	0	0
1.0	0.0	1	3357	0	0
1.0	0.0	1	3358	0	0
1.0	0.0	1	3359	0	0
1.0	0.0	1	3360	0	0
1.0	0.0	1	3361	0	0
0.9868073133940887	0.013192686605911422	1	3362	0	0
1.0	0.0	1	3363	0	0
1.0	0.0	1	3364	0	0
1.0	0.0	1	3365	0	0
1.0	0.0	1	3366	0	0
1.0	0.0	1	3367	0	0
1.0	0.0	1	3368	0	0
1.0	0.0	1	3369	0	0
1.0	0.0	1	3370	0	0
1.0	0.0	1	3371	0	0
1.0	0.0	1	3372	0	0
1.0	0.0	1	3373	0	0
1.0	0.0	1	3374	0	0
1.0	0.0	1	3375	0	0
1.0	0.0	1	3376	0	0
1.0	0.0	1	3377	0	0
1.0	0.0	1	3378	0	0
1.0	0.0	1	3379	0	0
1.0	0.0	1	3380	0	0
1.0	0.0	1	3381	0	0
1.0	0.0	1	3382	0	0
1.0	0.0	1	3383	0	0
1.0	0.0	1	3384	0	0
1.0	0.0	1	3385	0	0
1.0	0.0	1	3386	0	0
1.0	0.0	1	3387	0	0
1.0	0.0	1	3388	0	0
1.0	0.0	1	3389	0	0
1.0	0.0	1	3390	0	0
0.9970379872175713	0.002962012782428662	1	3391	0	0
1.0	0.0	1	3392	0	0
1.0	0.0	1	3393	0	0
1.0	0.0	1	3394	0	0
1.0	0.0	1	3395	0	0
1.0	0.0	1	3396	0	0
1.0	0.0	1	3397	0	0
1.0	0.0	1	3398	0	0
1.0	0.0	1	3399	0	0
1.0	0.0	1	3400	0	0
1.0	0.0	1	3401	0	0
1.0	0.0	1	3402	0	0
1.0	0.0	1	3403	0	0
1.0	0.0	1	3404	0	0
1.0	0.0	1	3405	0	0
1.0	0.0	1	3406	0	0
1.0	0.0	1	3407	0	0
1.0	0.0	1	3408	0	0
1.0	0.0	1	3409	0	0
0.9705327365358875	0.02946726346411279	1	3410	0	0
0.1979406960335541	0.8020593039664456	1	3411	1	1
0.9867746875147361	0.013225312485264035	1	3412	0	0
0.9803401356430747	0.019659864356925325	1	3413	0	0
0.9967037761396119	0.0032962238603881453	1	3414	0	0
1.0	0.0	1	3415	0	0
0.9967037761396119	0.0032962238603881453	1	3416	0	0
1.0	0.0	1	3417	0	0
0.023964522866430842	0.9760354771335688	1	3418	1	1
0.9801705029838024	0.01982949701619778	1	3419	0	0
1.0	0.0	1	3420	0	0
0.7425307872703103	0.2574692127296903	1	3421	0	0
0.05584631701464069	0.9441536829853592	1	3422	1	1
0.9770888253369604	0.02291117466303956	1	3423	0	0
0.5097718790730617	0.4902281209269384	1	3424	1	0
0.9867546277737224	0.013245372226277594	1	3425	0	0
0.9867546277737224	0.013245372226277594	1	3426	0	0
0.9868779973778652	0.013122002622134782	1	3427	0	0
1.0	0.0	1	3428	0	0
1.0	0.0	1	3429	0	0
1.0	0.0	1	3430	0	0
1.0	0.0	1	3431	0	0
1.0	0.0	1	3432	0	0
0.3548223949403484	0.6451776050596517	1	3433	1	1
0.9670676310520607	0.032932368947939356	1	3434	0	0
0.5033466302455224	0.4966533697544776	1	3435	1	0
1.0	0.0	1	3436	0	0
1.0	0.0	1	3437	0	0
1.0	0.0	1	3438	0	0
1.0	0.0	1	3439	0	0
0.9869669711640423	0.013033028835957647	1	3440	0	0
1.0	0.0	1	3441	0	0
1.0	0.0	1	3442	0	0
1.0	0.0	1	3443	0	0
1.0	0.0	1	3444	0	0
0.9966666666666667	0.0033333333333333335	1	3445	0	0
0.9968557784145177	0.0031442215854823284	1	3446	0	0
1.0	0.0	1	3447	0	0
1.0	0.0	1	3448	0	0
1.0	0.0	1	3449	0	0
1.0	0.0	1	3450	0	0
1.0	0.0	1	3451	0	0
1.0	0.0	1	3452	0	0
1.0	0.0	1	3453	0	0
1.0	0.0	1	3454	0	0
1.0	0.0	1	3455	0	0
1.0	0.0	1	3456	0	0
1.0	0.0	1	3457	0	0
1.0	0.0	1	3458	0	0
1.0	0.0	1	3459	0	0
1.0	0.0	1	3460	0	0
1.0	0.0	1	3461	0	0
1.0	0.0	1	3462	0	0
1.0	0.0	1	3463	0	0
1.0	0.0	1	3464	0	0
1.0	0.0	1	3465	0	0
1.0	0.0	1	3466	0	0
1.0	0.0	1	3467	0	0
1.0	0.0	1	3468	0	0
1.0	0.0	1	3469	0	0
1.0	0.0	1	3470	0	0
1.0	0.0	1	3471	0	0
1.0	0.0	1	3472	0	0
1.0	0.0	1	3473	0	0
1.0	0.0	1	3474	0	0
1.0	0.0	1	3475	0	0
1.0	0.0	1	3476	0	0
1.0	0.0	1	3477	0	0
1.0	0.0	1	3478	0	0
1.0	0.0	1	3479	0	0
1.0	0.0	1	3480	0	0
0.9992102819208706	0.0007897180791293719	1	3481	0	0
1.0	0.0	1	3482	0	0
0.9992102819208706	0.0007897180791293719	1	3483	0	0
1.0	0.0	1	3484	0	0
1.0	0.0	1	3485	0	0
1.0	0.0	1	3486	0	0
1.0	0.0	1	3487	0	0
0.9509691702372297	0.049030829762770164	1	3488	0	0
1.0	0.0	1	3489	0	0
1.0	0.0	1	3490	0	0
1.0	0.0	1	3491	0	0
1.0	0.0	1	3492	0	0
1.0	0.0	1	3493	0	0
0.9970177812175673	0.0029822187824326504	1	3494	0	0
1.0	0.0	1	3495	0	0
1.0	0.0	1	3496	0	0
1.0	0.0	1	3497	0	0
1.0	0.0	1	3498	0	0
1.0	0.0	1	3499	0	0
0.9992102819208706	0.0007897180791293719	1	3500	0	0
0.9992102819208706	0.0007897180791293719	1	3501	0	0
1.0	0.0	1	3502	0	0
1.0	0.0	1	3503	0	0
1.0	0.0	1	3504	0	0
1.0	0.0	1	3505	0	0
0.9992102819208706	0.0007897180791293719	1	3506	0	0
1.0	0.0	1	3507	0	0
1.0	0.0	1	3508	0	0
0.9967351598173517	0.0032648401826484014	1	3509	0	0
1.0	0.0	1	3510	0	0
1.0	0.0	1	3511	0	0
1.0	0.0	1	3512	0	0
1.0	0.0	1	3513	0	0
1.0	0.0	1	3514	0	0
1.0	0.0	1	3515	0	0
1.0	0.0	1	3516	0	0
1.0	0.0	1	3517	0	0
1.0	0.0	1	3518	0	0
1.0	0.0	1	3519	0	0
1.0	0.0	1	3520	0	0
1.0	0.0	1	3521	0	0
1.0	0.0	1	3522	0	0
1.0	0.0	1	3523	0	0
1.0	0.0	1	3524	0	0
1.0	0.0	1	3525	0	0
1.0	0.0	1	3526	0	0
1.0	0.0	1	3527	0	0
1.0	0.0	1	3528	0	0
1.0	0.0	1	3529	0	0
1.0	0.0	1	3530	0	0
1.0	0.0	1	3531	0	0
1.0	0.0	1	3532	0	0
1.0	0.0	1	3533	0	0
1.0	0.0	1	3534	0	0
1.0	0.0	1	3535	0	0
1.0	0.0	1	3536	0	0
1.0	0.0	1	3537	0	0
1.0	0.0	1	3538	0	0
1.0	0.0	1	3539	0	0
1.0	0.0	1	3540	0	0
1.0	0.0	1	3541	0	0
1.0	0.0	1	3542	0	0
1.0	0.0	1	3543	0	0
1.0	0.0	1	3544	0	0
0.981286346427266	0.018713653572733895	1	3545	0	0
0.987027353730856	0.012972646269144026	1	3546	0	0
0.9904789525003947	0.009521047499605176	1	3547	0	0
1.0	0.0	1	3548	0	0
1.0	0.0	1	3549	0	0
1.0	0.0	1	3550	0	0
1.0	0.0	1	3551	0	0
1.0	0.0	1	3552	0	0
1.0	0.0	1	3553	0	0
0.9687503717042723	0.031249628295727798	1	3554	0	0
1.0	0.0	1	3555	0	0
1.0	0.0	1	3556	0	0
1.0	0.0	1	3557	0	0
1.0	0.0	1	3558	0	0
1.0	0.0	1	3559	0	0
0.9935734370998484	0.006426562900151609	1	3560	0	0
0.9992102819208706	0.0007897180791293719	1	3561	0	0
1.0	0.0	1	3562	0	0
1.0	0.0	1	3563	0	0
1.0	0.0	1	3564	0	0
1.0	0.0	1	3565	0	0
1.0	0.0	1	3566	0	0
0.9943246705703858	0.00567532942961428	1	3567	0	0
1.0	0.0	1	3568	0	0
1.0	0.0	1	3569	0	0
1.0	0.0	1	3570	0	0
1.0	0.0	1	3571	0	0
1.0	0.0	1	3572	0	0
1.0	0.0	1	3573	0	0
1.0	0.0	1	3574	0	0
1.0	0.0	1	3575	0	0
1.0	0.0	1	3576	0	0
0.9976274063639975	0.002372593636002456	1	3577	0	0
1.0	0.0	1	3578	0	0
1.0	0.0	1	3579	0	0
1.0	0.0	1	3580	0	0
1.0	0.0	1	3581	0	0
1.0	0.0	1	3582	0	0
1.0	0.0	1	3583	0	0
1.0	0.0	1	3584	0	0
1.0	0.0	1	3585	0	0
1.0	0.0	1	3586	0	0
0.9969382624080455	0.00306173759195456	1	3587	0	0
1.0	0.0	1	3588	0	0
0.9992102819208706	0.0007897180791293719	1	3589	0	0
1.0	0.0	1	3590	0	0
1.0	0.0	1	3591	0	0
0.9739502971712318	0.026049702828768215	1	3592	0	0
1.0	0.0	1	3593	0	0
1.0	0.0	1	3594	0	0
0.9670096327607877	0.032990367239212316	1	3595	0	0
1.0	0.0	1	3596	0	0
1.0	0.0	1	3597	0	0
1.0	0.0	1	3598	0	0
1.0	0.0	1	3599	0	0
1.0	0.0	1	3600	0	0
1.0	0.0	1	3601	0	0
1.0	0.0	1	3602	0	0
1.0	0.0	1	3603	0	0
1.0	0.0	1	3604	0	0
1.0	0.0	1	3605	0	0
1.0	0.0	1	3606	0	0
1.0	0.0	1	3607	0	0
1.0	0.0	1	3608	0	0
1.0	0.0	1	3609	0	0
1.0	0.0	1	3610	0	0
1.0	0.0	1	3611	0	0
1.0	0.0	1	3612	0	0
1.0	0.0	1	3613	0	0
1.0	0.0	1	3614	0	0
1.0	0.0	1	3615	0	0
1.0	0.0	1	3616	0	0
1.0	0.0	1	3617	0	0
1.0	0.0	1	3618	0	0
0.9992102819208706	0.0007897180791293719	1	3619	0	0
1.0	0.0	1	3620	0	0
0.9992102819208706	0.0007897180791293719	1	3621	0	0
1.0	0.0	1	3622	0	0
1.0	0.0	1	3623	0	0
1.0	0.0	1	3624	0	0
0.9746591130324428	0.02534088696755714	1	3625	0	0
0.9835589621897429	0.016441037810256943	1	3626	0	0
0.9835589621897429	0.016441037810256943	1	3627	0	0
1.0	0.0	1	3628	0	0
1.0	0.0	1	3629	0	0
1.0	0.0	1	3630	0	0
0.9509691702372297	0.049030829762770164	1	3631	0	0
1.0	0.0	1	3632	0	0
0.9992102819208706	0.0007897180791293719	1	3633	0	0
1.0	0.0	1	3634	0	0
0.9992102819208706	0.0007897180791293719	1	3635	0	0
1.0	0.0	1	3636	0	0
1.0	0.0	1	3637	0	0
1.0	0.0	1	3638	0	0
1.0	0.0	1	3639	0	0
1.0	0.0	1	3640	0	0
1.0	0.0	1	3641	0	0
1.0	0.0	1	3642	0	0
0.973734481922512	0.026265518077488125	1	3643	0	0
0.9672435455482665	0.03275645445173327	1	3644	0	0
1.0	0.0	1	3645	0	0
1.0	0.0	1	3646	0	0
1.0	0.0	1	3647	0	0
1.0	0.0	1	3648	0	0
1.0	0.0	1	3649	0	0
1.0	0.0	1	3650	0	0
1.0	0.0	1	3651	0	0
1.0	0.0	1	3652	0	0
1.0	0.0	1	3653	0	0
0.9970177812175673	0.0029822187824326504	1	3654	0	0
1.0	0.0	1	3655	0	0
1.0	0.0	1	3656	0	0
1.0	0.0	1	3657	0	0
1.0	0.0	1	3658	0	0
1.0	0.0	1	3659	0	0
0.9992102819208706	0.0007897180791293719	1	3660	0	0
1.0	0.0	1	3661	0	0
0.9992102819208706	0.0007897180791293719	1	3662	0	0
0.9770191589192931	0.022980841080706933	1	3663	0	0
0.9604220341436495	0.03957796585635046	1	3664	0	0
1.0	0.0	1	3665	0	0
0.9184456117927868	0.08155438820721324	1	3666	0	0
1.0	0.0	1	3667	0	0
1.0	0.0	1	3668	0	0
1.0	0.0	1	3669	0	0
1.0	0.0	1	3670	0	0
1.0	0.0	1	3671	0	0
0.954223168567911	0.04577683143208913	1	3672	0	0
1.0	0.0	1	3673	0	0
1.0	0.0	1	3674	0	0
1.0	0.0	1	3675	0	0
1.0	0.0	1	3676	0	0
1.0	0.0	1	3677	0	0
1.0	0.0	1	3678	0	0
1.0	0.0	1	3679	0	0
1.0	0.0	1	3680	0	0
1.0	0.0	1	3681	0	0
1.0	0.0	1	3682	0	0
0.9871136398535466	0.012886360146453526	1	3683	0	0
1.0	0.0	1	3684	0	0
1.0	0.0	1	3685	0	0
1.0	0.0	1	3686	0	0
1.0	0.0	1	3687	0	0
1.0	0.0	1	3688	0	0
1.0	0.0	1	3689	0	0
1.0	0.0	1	3690	0	0
1.0	0.0	1	3691	0	0
1.0	0.0	1	3692	0	0
1.0	0.0	1	3693	0	0
1.0	0.0	1	3694	0	0
0.9992102819208706	0.0007897180791293719	1	3695	0	0
1.0	0.0	1	3696	0	0
1.0	0.0	1	3697	0	0
1.0	0.0	1	3698	0	0
1.0	0.0	1	3699	0	0
1.0	0.0	1	3700	0	0
1.0	0.0	1	3701	0	0
1.0	0.0	1	3702	0	0
1.0	0.0	1	3703	0	0
1.0	0.0	1	3704	0	0
0.9868193427631368	0.013180657236863258	1	3705	0	0
0.99706339632757	0.002936603672429969	1	3706	0	0
1.0	0.0	1	3707	0	0
0.99706339632757	0.002936603672429969	1	3708	0	0
1.0	0.0	1	3709	0	0
1.0	0.0	1	3710	0	0
1.0	0.0	1	3711	0	0
1.0	0.0	1	3712	0	0
1.0	0.0	1	3713	0	0
1.0	0.0	1	3714	0	0
1.0	0.0	1	3715	0	0
1.0	0.0	1	3716	0	0
1.0	0.0	1	3717	0	0
1.0	0.0	1	3718	0	0
0.9846543026835993	0.015345697316400581	1	3719	0	0
1.0	0.0	1	3720	0	0
0.8852829285100431	0.11471707148995675	1	3721	0	0
1.0	0.0	1	3722	0	0
0.9992102819208706	0.0007897180791293719	1	3723	0	0
1.0	0.0	1	3724	0	0
0.993441826540333	0.006558173459667144	1	3725	0	0
1.0	0.0	1	3726	0	0
1.0	0.0	1	3727	0	0
1.0	0.0	1	3728	0	0
1.0	0.0	1	3729	0	0
1.0	0.0	1	3730	0	0
1.0	0.0	1	3731	0	0
1.0	0.0	1	3732	0	0
1.0	0.0	1	3733	0	0
1.0	0.0	1	3734	0	0
1.0	0.0	1	3735	0	0
1.0	0.0	1	3736	0	0
1.0	0.0	1	3737	0	0
0.9969382624080455	0.00306173759195456	1	3738	0	0
0.9969382624080455	0.00306173759195456	1	3739	0	0
1.0	0.0	1	3740	0	0
1.0	0.0	1	3741	0	0
1.0	0.0	1	3742	0	0
1.0	0.0	1	3743	0	0
1.0	0.0	1	3744	0	0
1.0	0.0	1	3745	0	0
1.0	0.0	1	3746	0	0
0.9992102819208706	0.0007897180791293719	1	3747	0	0
1.0	0.0	1	3748	0	0
0.9933714230457288	0.006628576954271157	1	3749	0	0
1.0	0.0	1	3750	0	0
0.9992102819208706	0.0007897180791293719	1	3751	0	0
1.0	0.0	1	3752	0	0
1.0	0.0	1	3753	0	0
1.0	0.0	1	3754	0	0
0.9992102819208706	0.0007897180791293719	1	3755	0	0
1.0	0.0	1	3756	0	0
1.0	0.0	1	3757	0	0
1.0	0.0	1	3758	0	0
0.9992102819208706	0.0007897180791293719	1	3759	0	0
0.9992102819208706	0.0007897180791293719	1	3760	0	0
1.0	0.0	1	3761	0	0
1.0	0.0	1	3762	0	0
1.0	0.0	1	3763	0	0
0.9804037717260347	0.019596228273965302	1	3764	0	0
1.0	0.0	1	3765	0	0
1.0	0.0	1	3766	0	0
1.0	0.0	1	3767	0	0
1.0	0.0	1	3768	0	0
1.0	0.0	1	3769	0	0
1.0	0.0	1	3770	0	0
1.0	0.0	1	3771	0	0
1.0	0.0	1	3772	0	0
1.0	0.0	1	3773	0	0
1.0	0.0	1	3774	0	0
1.0	0.0	1	3775	0	0
1.0	0.0	1	3776	0	0
1.0	0.0	1	3777	0	0
0.9752002302492129	0.02479976975078709	1	3778	1	0
1.0	0.0	1	3779	0	0
1.0	0.0	1	3780	0	0
1.0	0.0	1	3781	0	0
1.0	0.0	1	3782	0	0
1.0	0.0	1	3783	0	0
0.9904789525003947	0.009521047499605176	1	3784	0	0
1.0	0.0	1	3785	0	0
1.0	0.0	1	3786	0	0
1.0	0.0	1	3787	0	0
0.8593117865906531	0.14068821340934684	1	3788	0	0
1.0	0.0	1	3789	0	0
1.0	0.0	1	3790	0	0
1.0	0.0	1	3791	0	0
0.9968557784145177	0.0031442215854823284	1	3792	0	0
1.0	0.0	1	3793	0	0
1.0	0.0	1	3794	0	0
1.0	0.0	1	3795	0	0
0.996687101087313	0.003312898912687	1	3796	0	0
1.0	0.0	1	3797	0	0
1.0	0.0	1	3798	0	0
1.0	0.0	1	3799	0	0
1.0	0.0	1	3800	0	0
1.0	0.0	1	3801	0	0
1.0	0.0	1	3802	0	0
1.0	0.0	1	3803	0	0
0.9967097938919812	0.003290206108018655	1	3804	0	0
1.0	0.0	1	3805	0	0
1.0	0.0	1	3806	0	0
1.0	0.0	1	3807	0	0
1.0	0.0	1	3808	0	0
0.9966738611836873	0.003326138816312621	1	3809	0	0
1.0	0.0	1	3810	0	0
1.0	0.0	1	3811	0	0
1.0	0.0	1	3812	0	0
1.0	0.0	1	3813	0	0
1.0	0.0	1	3814	0	0
1.0	0.0	1	3815	0	0
1.0	0.0	1	3816	0	0
0.7029249771124221	0.29707502288757826	1	3817	0	0
1.0	0.0	1	3818	0	0
1.0	0.0	1	3819	0	0
1.0	0.0	1	3820	0	0
0.9967052805777041	0.0032947194222957723	1	3821	0	0
1.0	0.0	1	3822	0	0
1.0	0.0	1	3823	0	0
1.0	0.0	1	3824	0	0
1.0	0.0	1	3825	0	0
1.0	0.0	1	3826	0	0
1.0	0.0	1	3827	0	0
0.9936588051597166	0.006341194840283404	1	3828	0	0
1.0	0.0	1	3829	0	0
1.0	0.0	1	3830	0	0
1.0	0.0	1	3831	0	0
1.0	0.0	1	3832	0	0
1.0	0.0	1	3833	0	0
0.9992102819208706	0.0007897180791293719	1	3834	0	0
1.0	0.0	1	3835	0	0
1.0	0.0	1	3836	0	0
1.0	0.0	1	3837	0	0
0.996687101087313	0.003312898912687	1	3838	0	0
1.0	0.0	1	3839	0	0
1.0	0.0	1	3840	0	0
1.0	0.0	1	3841	0	0
1.0	0.0	1	3842	0	0
1.0	0.0	1	3843	0	0
1.0	0.0	1	3844	0	0
1.0	0.0	1	3845	0	0
0.9935472039062696	0.006452796093730268	1	3846	0	0
0.9943246705703858	0.00567532942961428	1	3847	0	0
1.0	0.0	1	3848	0	0
1.0	0.0	1	3849	0	0
1.0	0.0	1	3850	0	0
1.0	0.0	1	3851	0	0
1.0	0.0	1	3852	0	0
1.0	0.0	1	3853	0	0
1.0	0.0	1	3854	0	0
1.0	0.0	1	3855	0	0
1.0	0.0	1	3856	0	0
0.9967669320751008	0.003233067924899243	1	3857	0	0
1.0	0.0	1	3858	0	0
1.0	0.0	1	3859	0	0
1.0	0.0	1	3860	0	0
0.9966927514421869	0.0033072485578128923	1	3861	0	0
0.7415523416510141	0.2584476583489857	1	3862	1	0
1.0	0.0	1	3863	0	0
1.0	0.0	1	3864	0	0
1.0	0.0	1	3865	0	0
1.0	0.0	1	3866	0	0
1.0	0.0	1	3867	0	0
1.0	0.0	1	3868	0	0
0.9406142395626413	0.0593857604373589	1	3869	0	0
1.0	0.0	1	3870	0	0
1.0	0.0	1	3871	0	0
1.0	0.0	1	3872	0	0
1.0	0.0	1	3873	0	0
0.9480908481359197	0.051909151864080114	1	3874	0	0
1.0	0.0	1	3875	0	0
1.0	0.0	1	3876	0	0
1.0	0.0	1	3877	0	0
1.0	0.0	1	3878	0	0
0.28960645099108684	0.7103935490089137	1	3879	1	1
0.05809635474081117	0.9419036452591888	1	3880	1	1
1.0	0.0	1	3881	0	0
1.0	0.0	1	3882	0	0
1.0	0.0	1	3883	0	0
1.0	0.0	1	3884	0	0
0.9992102819208706	0.0007897180791293719	1	3885	0	0
1.0	0.0	1	3886	0	0
0.9992102819208706	0.0007897180791293719	1	3887	0	0
1.0	0.0	1	3888	0	0
1.0	0.0	1	3889	0	0
0.9968557784145177	0.0031442215854823284	1	3890	0	0
0.9934752241681117	0.006524775831888105	1	3891	0	0
1.0	0.0	1	3892	0	0
1.0	0.0	1	3893	0	0
1.0	0.0	1	3894	0	0
1.0	0.0	1	3895	0	0
1.0	0.0	1	3896	0	0
1.0	0.0	1	3897	0	0
1.0	0.0	1	3898	0	0
0.5531731907572113	0.4468268092427887	1	3899	0	0
1.0	0.0	1	3900	0	0
1.0	0.0	1	3901	0	0
1.0	0.0	1	3902	0	0
1.0	0.0	1	3903	0	0
1.0	0.0	1	3904	0	0
1.0	0.0	1	3905	0	0
1.0	0.0	1	3906	0	0
1.0	0.0	1	3907	0	0
1.0	0.0	1	3908	0	0
1.0	0.0	1	3909	0	0
0.08766599115347556	0.9123340088465244	1	3910	1	1
1.0	0.0	1	3911	0	0
1.0	0.0	1	3912	0	0
1.0	0.0	1	3913	0	0
0.9379080700995436	0.062091929900456484	1	3914	0	0
1.0	0.0	1	3915	0	0
1.0	0.0	1	3916	0	0
1.0	0.0	1	3917	0	0
0.9839551569337484	0.016044843066251528	1	3918	0	0
1.0	0.0	1	3919	0	0
0.9917409140253678	0.008259085974632192	1	3920	0	0
1.0	0.0	1	3921	0	0
1.0	0.0	1	3922	0	0
1.0	0.0	1	3923	0	0
1.0	0.0	1	3924	0	0
1.0	0.0	1	3925	0	0
1.0	0.0	1	3926	0	0
0.9903652222358897	0.009634777764110156	1	3927	0	0
1.0	0.0	1	3928	0	0
1.0	0.0	1	3929	0	0
1.0	0.0	1	3930	0	0
0.9992102819208706	0.0007897180791293719	1	3931	0	0
0.9992102819208706	0.0007897180791293719	1	3932	0	0
1.0	0.0	1	3933	0	0
1.0	0.0	1	3934	0	0
1.0	0.0	1	3935	0	0
1.0	0.0	1	3936	0	0
1.0	0.0	1	3937	0	0
1.0	0.0	1	3938	0	0
1.0	0.0	1	3939	0	0
1.0	0.0	1	3940	0	0
1.0	0.0	1	3941	0	0
1.0	0.0	1	3942	0	0
1.0	0.0	1	3943	0	0
1.0	0.0	1	3944	0	0
1.0	0.0	1	3945	0	0
0.9992102819208706	0.0007897180791293719	1	3946	0	0
0.9992102819208706	0.0007897180791293719	1	3947	0	0
1.0	0.0	1	3948	0	0
0.9903871608692987	0.00961283913070146	1	3949	0	0
1.0	0.0	1	3950	0	0
1.0	0.0	1	3951	0	0
1.0	0.0	1	3952	0	0
0.9968557784145177	0.0031442215854823284	1	3953	0	0
1.0	0.0	1	3954	0	0
1.0	0.0	1	3955	0	0
1.0	0.0	1	3956	0	0
1.0	0.0	1	3957	0	0
1.0	0.0	1	3958	0	0
1.0	0.0	1	3959	0	0
1.0	0.0	1	3960	0	0
1.0	0.0	1	3961	0	0
1.0	0.0	1	3962	0	0
1.0	0.0	1	3963	0	0
1.0	0.0	1	3964	0	0
1.0	0.0	1	3965	0	0
0.9992102819208706	0.0007897180791293719	1	3966	0	0
0.9992102819208706	0.0007897180791293719	1	3967	0	0
1.0	0.0	1	3968	0	0
1.0	0.0	1	3969	0	0
1.0	0.0	1	3970	0	0
1.0	0.0	1	3971	0	0
1.0	0.0	1	3972	0	0
1.0	0.0	1	3973	0	0
1.0	0.0	1	3974	0	0
1.0	0.0	1	3975	0	0
1.0	0.0	1	3976	0	0
1.0	0.0	1	3977	0	0
1.0	0.0	1	3978	0	0
1.0	0.0	1	3979	0	0
1.0	0.0	1	3980	0	0
1.0	0.0	1	3981	0	0
0.9992102819208706	0.0007897180791293719	1	3982	0	0
1.0	0.0	1	3983	0	0
1.0	0.0	1	3984	0	0
1.0	0.0	1	3985	0	0
1.0	0.0	1	3986	0	0
1.0	0.0	1	3987	0	0
1.0	0.0	1	3988	0	0
1.0	0.0	1	3989	0	0
1.0	0.0	1	3990	0	0
1.0	0.0	1	3991	0	0
1.0	0.0	1	3992	0	0
1.0	0.0	1	3993	0	0
1.0	0.0	1	3994	0	0
1.0	0.0	1	3995	0	0
1.0	0.0	1	3996	0	0
1.0	0.0	1	3997	0	0
0.9970177812175673	0.0029822187824326504	1	3998	0	0
1.0	0.0	1	3999	0	0
1.0	0.0	1	4000	0	0
1.0	0.0	1	4001	0	0
1.0	0.0	1	4002	0	0
1.0	0.0	1	4003	0	0
1.0	0.0	1	4004	0	0
1.0	0.0	1	4005	0	0
1.0	0.0	1	4006	0	0
1.0	0.0	1	4007	0	0
1.0	0.0	1	4008	0	0
1.0	0.0	1	4009	0	0
1.0	0.0	1	4010	0	0
1.0	0.0	1	4011	0	0
1.0	0.0	1	4012	0	0
1.0	0.0	1	4013	0	0
1.0	0.0	1	4014	0	0
1.0	0.0	1	4015	0	0
1.0	0.0	1	4016	0	0
0.9768943303929213	0.023105669607078796	1	4017	0	0
0.9934165552087977	0.006583444791202259	1	4018	0	0
0.8395524551358046	0.1604475448641953	1	4019	0	0
1.0	0.0	1	4020	0	0
1.0	0.0	1	4021	0	0
1.0	0.0	1	4022	0	0
0.9606880756810574	0.039311924318942634	1	4023	0	0
1.0	0.0	1	4024	0	0
1.0	0.0	1	4025	0	0
1.0	0.0	1	4026	0	0
0.9933745432905524	0.006625456709447556	1	4027	0	0
1.0	0.0	1	4028	0	0
0.9739984448802415	0.02600155511975857	1	4029	0	0
0.11645817337416098	0.8835418266258387	1	4030	1	1
1.0	0.0	1	4031	0	0
1.0	0.0	1	4032	0	0
1.0	0.0	1	4033	0	0
1.0	0.0	1	4034	0	0
0.9867602828343613	0.013239717165638635	1	4035	0	0
1.0	0.0	1	4036	0	0
1.0	0.0	1	4037	0	0
1.0	0.0	1	4038	0	0
1.0	0.0	1	4039	0	0
1.0	0.0	1	4040	0	0
1.0	0.0	1	4041	0	0
1.0	0.0	1	4042	0	0
1.0	0.0	1	4043	0	0
1.0	0.0	1	4044	0	0
0.2862531445302489	0.7137468554697509	1	4045	1	1
0.2151971836127532	0.7848028163872466	1	4046	1	1
0.9901154706307693	0.009884529369230583	1	4047	0	0
1.0	0.0	1	4048	0	0
0.9571972826164719	0.04280271738352812	1	4049	0	0
0.9969382624080455	0.00306173759195456	1	4050	0	0
0.22728500412134642	0.7727149958786538	1	4051	1	1
1.0	0.0	1	4052	0	0
1.0	0.0	1	4053	0	0
1.0	0.0	1	4054	0	0
1.0	0.0	1	4055	0	0
1.0	0.0	1	4056	0	0
1.0	0.0	1	4057	0	0
1.0	0.0	1	4058	0	0
1.0	0.0	1	4059	0	0
1.0	0.0	1	4060	0	0
1.0	0.0	1	4061	0	0
1.0	0.0	1	4062	0	0
0.9969382624080455	0.00306173759195456	1	4063	0	0
1.0	0.0	1	4064	0	0
1.0	0.0	1	4065	0	0
1.0	0.0	1	4066	0	0
1.0	0.0	1	4067	0	0
1.0	0.0	1	4068	0	0
0.9937224724188203	0.006277527581179753	1	4069	0	0
1.0	0.0	1	4070	0	0
1.0	0.0	1	4071	0	0
1.0	0.0	1	4072	0	0
1.0	0.0	1	4073	0	0
0.9992102819208706	0.0007897180791293719	1	4074	0	0
1.0	0.0	1	4075	0	0
1.0	0.0	1	4076	0	0
1.0	0.0	1	4077	0	0
1.0	0.0	1	4078	0	0
1.0	0.0	1	4079	0	0
1.0	0.0	1	4080	0	0
1.0	0.0	1	4081	0	0
1.0	0.0	1	4082	0	0
1.0	0.0	1	4083	0	0
1.0	0.0	1	4084	0	0
1.0	0.0	1	4085	0	0
1.0	0.0	1	4086	0	0
1.0	0.0	1	4087	0	0
1.0	0.0	1	4088	0	0
1.0	0.0	1	4089	0	0
1.0	0.0	1	4090	0	0
1.0	0.0	1	4091	0	0
1.0	0.0	1	4092	0	0
1.0	0.0	1	4093	0	0
1.0	0.0	1	4094	0	0
1.0	0.0	1	4095	0	0
1.0	0.0	1	4096	0	0
0.9970177812175673	0.0029822187824326504	1	4097	0	0
1.0	0.0	1	4098	0	0
1.0	0.0	1	4099	0	0
1.0	0.0	1	4100	0	0
1.0	0.0	1	4101	0	0
1.0	0.0	1	4102	0	0
1.0	0.0	1	4103	0	0
1.0	0.0	1	4104	0	0
1.0	0.0	1	4105	0	0
1.0	0.0	1	4106	0	0
1.0	0.0	1	4107	0	0
1.0	0.0	1	4108	0	0
1.0	0.0	1	4109	0	0
1.0	0.0	1	4110	0	0
1.0	0.0	1	4111	0	0
1.0	0.0	1	4112	0	0
1.0	0.0	1	4113	0	0
1.0	0.0	1	4114	0	0
1.0	0.0	1	4115	0	0
1.0	0.0	1	4116	0	0
1.0	0.0	1	4117	0	0
1.0	0.0	1	4118	0	0
1.0	0.0	1	4119	0	0
1.0	0.0	1	4120	0	0
1.0	0.0	1	4121	0	0
1.0	0.0	1	4122	0	0
1.0	0.0	1	4123	0	0
1.0	0.0	1	4124	0	0
1.0	0.0	1	4125	0	0
1.0	0.0	1	4126	0	0
1.0	0.0	1	4127	0	0
1.0	0.0	1	4128	0	0
1.0	0.0	1	4129	0	0
1.0	0.0	1	4130	0	0
1.0	0.0	1	4131	0	0
1.0	0.0	1	4132	0	0
1.0	0.0	1	4133	0	0
1.0	0.0	1	4134	0	0
1.0	0.0	1	4135	0	0
1.0	0.0	1	4136	0	0
1.0	0.0	1	4137	0	0
1.0	0.0	1	4138	0	0
1.0	0.0	1	4139	0	0
1.0	0.0	1	4140	0	0
1.0	0.0	1	4141	0	0
1.0	0.0	1	4142	0	0
1.0	0.0	1	4143	0	0
0.9966777760945312	0.0033222239054688683	1	4144	0	0
0.9966777760945312	0.0033222239054688683	1	4145	0	0
1.0	0.0	1	4146	0	0
1.0	0.0	1	4147	0	0
1.0	0.0	1	4148	0	0
1.0	0.0	1	4149	0	0
1.0	0.0	1	4150	0	0
1.0	0.0	1	4151	0	0
1.0	0.0	1	4152	0	0
1.0	0.0	1	4153	0	0
1.0	0.0	1	4154	0	0
1.0	0.0	1	4155	0	0
0.9992102819208706	0.0007897180791293719	1	4156	0	0
0.9992102819208706	0.0007897180791293719	1	4157	0	0
1.0	0.0	1	4158	0	0
1.0	0.0	1	4159	0	0
1.0	0.0	1	4160	0	0
1.0	0.0	1	4161	0	0
1.0	0.0	1	4162	0	0
0.9992102819208706	0.0007897180791293719	1	4163	0	0
1.0	0.0	1	4164	0	0
0.9992102819208706	0.0007897180791293719	1	4165	0	0
0.9992102819208706	0.0007897180791293719	1	4166	0	0
1.0	0.0	1	4167	0	0
0.9992102819208706	0.0007897180791293719	1	4168	0	0
1.0	0.0	1	4169	0	0
1.0	0.0	1	4170	0	0
1.0	0.0	1	4171	0	0
1.0	0.0	1	4172	0	0
1.0	0.0	1	4173	0	0
1.0	0.0	1	4174	0	0
1.0	0.0	1	4175	0	0
0.9970177812175673	0.0029822187824326504	1	4176	0	0
1.0	0.0	1	4177	0	0
1.0	0.0	1	4178	0	0
1.0	0.0	1	4179	0	0
1.0	0.0	1	4180	0	0
1.0	0.0	1	4181	0	0
1.0	0.0	1	4182	0	0
1.0	0.0	1	4183	0	0
0.9079976029500316	0.09200239704996833	1	4184	0	0
1.0	0.0	1	4185	0	0
1.0	0.0	1	4186	0	0
0.9992102819208706	0.0007897180791293719	1	4187	0	0
1.0	0.0	1	4188	0	0
1.0	0.0	1	4189	0	0
1.0	0.0	1	4190	0	0
1.0	0.0	1	4191	0	0
1.0	0.0	1	4192	0	0
1.0	0.0	1	4193	0	0
1.0	0.0	1	4194	0	0
1.0	0.0	1	4195	0	0
1.0	0.0	1	4196	0	0
1.0	0.0	1	4197	0	0
1.0	0.0	1	4198	0	0
1.0	0.0	1	4199	0	0
1.0	0.0	1	4200	0	0
1.0	0.0	1	4201	0	0
1.0	0.0	1	4202	0	0
1.0	0.0	1	4203	0	0
1.0	0.0	1	4204	0	0
1.0	0.0	1	4205	0	0
1.0	0.0	1	4206	0	0
1.0	0.0	1	4207	0	0
1.0	0.0	1	4208	0	0
0.9992102819208706	0.0007897180791293719	1	4209	0	0
1.0	0.0	1	4210	0	0
1.0	0.0	1	4211	0	0
1.0	0.0	1	4212	0	0
1.0	0.0	1	4213	0	0
1.0	0.0	1	4214	0	0
1.0	0.0	1	4215	0	0
1.0	0.0	1	4216	0	0
1.0	0.0	1	4217	0	0
0.9992102819208706	0.0007897180791293719	1	4218	0	0
1.0	0.0	1	4219	0	0
1.0	0.0	1	4220	0	0
1.0	0.0	1	4221	0	0
1.0	0.0	1	4222	0	0
1.0	0.0	1	4223	0	0
1.0	0.0	1	4224	0	0
1.0	0.0	1	4225	0	0
1.0	0.0	1	4226	0	0
1.0	0.0	1	4227	0	0
1.0	0.0	1	4228	0	0
1.0	0.0	1	4229	0	0
0.9967057938299473	0.0032942061700526716	1	4230	0	0
0.9992102819208706	0.0007897180791293719	1	4231	0	0
1.0	0.0	1	4232	0	0
0.9992102819208706	0.0007897180791293719	1	4233	0	0
1.0	0.0	1	4234	0	0
1.0	0.0	1	4235	0	0
1.0	0.0	1	4236	0	0
0.9992102819208706	0.0007897180791293719	1	4237	0	0
1.0	0.0	1	4238	0	0
0.9992102819208706	0.0007897180791293719	1	4239	0	0
1.0	0.0	1	4240	0	0
1.0	0.0	1	4241	0	0
1.0	0.0	1	4242	0	0
0.9877188728068969	0.012281127193103052	1	4243	0	0
1.0	0.0	1	4244	0	0
0.9970177812175673	0.0029822187824326504	1	4245	0	0
1.0	0.0	1	4246	0	0
1.0	0.0	1	4247	0	0
1.0	0.0	1	4248	0	0
1.0	0.0	1	4249	0	0
1.0	0.0	1	4250	0	0
1.0	0.0	1	4251	0	0
1.0	0.0	1	4252	0	0
1.0	0.0	1	4253	0	0
1.0	0.0	1	4254	0	0
1.0	0.0	1	4255	0	0
1.0	0.0	1	4256	0	0
0.9804517720003693	0.0195482279996309	1	4257	0	0
1.0	0.0	1	4258	0	0
1.0	0.0	1	4259	0	0
1.0	0.0	1	4260	0	0
1.0	0.0	1	4261	0	0
1.0	0.0	1	4262	0	0
1.0	0.0	1	4263	0	0
0.9900902018029302	0.009909798197069811	1	4264	0	0
1.0	0.0	1	4265	0	0
1.0	0.0	1	4266	0	0
1.0	0.0	1	4267	0	0
1.0	0.0	1	4268	0	0
1.0	0.0	1	4269	0	0
1.0	0.0	1	4270	0	0
1.0	0.0	1	4271	0	0
1.0	0.0	1	4272	0	0
1.0	0.0	1	4273	0	0
1.0	0.0	1	4274	0	0
0.9970177812175673	0.0029822187824326504	1	4275	0	0
1.0	0.0	1	4276	0	0
1.0	0.0	1	4277	0	0
1.0	0.0	1	4278	0	0
1.0	0.0	1	4279	0	0
1.0	0.0	1	4280	0	0
1.0	0.0	1	4281	0	0
0.8118520395837178	0.18814796041628193	1	4282	0	0
1.0	0.0	1	4283	0	0
1.0	0.0	1	4284	0	0
1.0	0.0	1	4285	0	0
0.9992102819208706	0.0007897180791293719	1	4286	0	0
1.0	0.0	1	4287	0	0
0.9992102819208706	0.0007897180791293719	1	4288	0	0
0.8131139597291582	0.1868860402708417	1	4289	0	0
1.0	0.0	1	4290	0	0
1.0	0.0	1	4291	0	0
1.0	0.0	1	4292	0	0
1.0	0.0	1	4293	0	0
1.0	0.0	1	4294	0	0
1.0	0.0	1	4295	0	0
1.0	0.0	1	4296	0	0
1.0	0.0	1	4297	0	0
1.0	0.0	1	4298	0	0
1.0	0.0	1	4299	0	0
1.0	0.0	1	4300	0	0
1.0	0.0	1	4301	0	0
1.0	0.0	1	4302	0	0
1.0	0.0	1	4303	0	0
1.0	0.0	1	4304	0	0
1.0	0.0	1	4305	0	0
1.0	0.0	1	4306	0	0
1.0	0.0	1	4307	0	0
0.9969382624080455	0.00306173759195456	1	4308	0	0
1.0	0.0	1	4309	0	0
1.0	0.0	1	4310	0	0
1.0	0.0	1	4311	0	0
1.0	0.0	1	4312	0	0
1.0	0.0	1	4313	0	0
1.0	0.0	1	4314	0	0
1.0	0.0	1	4315	0	0
1.0	0.0	1	4316	0	0
1.0	0.0	1	4317	0	0
1.0	0.0	1	4318	0	0
1.0	0.0	1	4319	0	0
1.0	0.0	1	4320	0	0
1.0	0.0	1	4321	0	0
0.9935958468567138	0.006404153143286227	1	4322	0	0
1.0	0.0	1	4323	0	0
1.0	0.0	1	4324	0	0
1.0	0.0	1	4325	0	0
1.0	0.0	1	4326	0	0
1.0	0.0	1	4327	0	0
1.0	0.0	1	4328	0	0
1.0	0.0	1	4329	0	0
1.0	0.0	1	4330	0	0
1.0	0.0	1	4331	0	0
1.0	0.0	1	4332	0	0
0.9978391959798995	0.0021608040201005034	1	4333	0	0
0.9978391959798995	0.0021608040201005034	1	4334	0	0
1.0	0.0	1	4335	0	0
1.0	0.0	1	4336	0	0
1.0	0.0	1	4337	0	0
1.0	0.0	1	4338	0	0
0.9992102819208706	0.0007897180791293719	1	4339	0	0
1.0	0.0	1	4340	0	0
1.0	0.0	1	4341	0	0
1.0	0.0	1	4342	0	0
0.9836762124144058	0.016323787585594343	1	4343	0	0
0.9938380359074792	0.006161964092520811	1	4344	0	0
1.0	0.0	1	4345	0	0
1.0	0.0	1	4346	0	0
1.0	0.0	1	4347	0	0
1.0	0.0	1	4348	0	0
1.0	0.0	1	4349	0	0
1.0	0.0	1	4350	0	0
1.0	0.0	1	4351	0	0
1.0	0.0	1	4352	0	0
1.0	0.0	1	4353	0	0
1.0	0.0	1	4354	0	0
1.0	0.0	1	4355	0	0
1.0	0.0	1	4356	0	0
1.0	0.0	1	4357	0	0
1.0	0.0	1	4358	0	0
1.0	0.0	1	4359	0	0
1.0	0.0	1	4360	0	0
1.0	0.0	1	4361	0	0
1.0	0.0	1	4362	0	0
1.0	0.0	1	4363	0	0
1.0	0.0	1	4364	0	0
1.0	0.0	1	4365	0	0
1.0	0.0	1	4366	0	0
0.9980499673609874	0.0019500326390125221	1	4367	0	0
1.0	0.0	1	4368	0	0
0.9980499673609874	0.0019500326390125221	1	4369	0	0
1.0	0.0	1	4370	0	0
1.0	0.0	1	4371	0	0
1.0	0.0	1	4372	0	0
1.0	0.0	1	4373	0	0
1.0	0.0	1	4374	0	0
1.0	0.0	1	4375	0	0
1.0	0.0	1	4376	0	0
1.0	0.0	1	4377	0	0
1.0	0.0	1	4378	0	0
1.0	0.0	1	4379	0	0
1.0	0.0	1	4380	0	0
1.0	0.0	1	4381	0	0
1.0	0.0	1	4382	0	0
1.0	0.0	1	4383	0	0
1.0	0.0	1	4384	0	0
1.0	0.0	1	4385	0	0
1.0	0.0	1	4386	0	0
1.0	0.0	1	4387	0	0
1.0	0.0	1	4388	0	0
1.0	0.0	1	4389	0	0
1.0	0.0	1	4390	0	0
1.0	0.0	1	4391	0	0
0.9969382624080455	0.00306173759195456	1	4392	0	0
1.0	0.0	1	4393	0	0
1.0	0.0	1	4394	0	0
1.0	0.0	1	4395	0	0
1.0	0.0	1	4396	0	0
1.0	0.0	1	4397	0	0
0.9992102819208706	0.0007897180791293719	1	4398	0	0
1.0	0.0	1	4399	0	0
1.0	0.0	1	4400	0	0
1.0	0.0	1	4401	0	0
1.0	0.0	1	4402	0	0
1.0	0.0	1	4403	0	0
1.0	0.0	1	4404	0	0
1.0	0.0	1	4405	0	0
1.0	0.0	1	4406	0	0
1.0	0.0	1	4407	0	0
0.9992102819208706	0.0007897180791293719	1	4408	0	0
1.0	0.0	1	4409	0	0
1.0	0.0	1	4410	0	0
1.0	0.0	1	4411	0	0
1.0	0.0	1	4412	0	0
1.0	0.0	1	4413	0	0
1.0	0.0	1	4414	0	0
1.0	0.0	1	4415	0	0
1.0	0.0	1	4416	0	0
1.0	0.0	1	4417	0	0
1.0	0.0	1	4418	0	0
1.0	0.0	1	4419	0	0
1.0	0.0	1	4420	0	0
1.0	0.0	1	4421	0	0
1.0	0.0	1	4422	0	0
0.9966838072191975	0.003316192780802581	1	4423	0	0
1.0	0.0	1	4424	0	0
1.0	0.0	1	4425	0	0
1.0	0.0	1	4426	0	0
1.0	0.0	1	4427	0	0
1.0	0.0	1	4428	0	0
1.0	0.0	1	4429	0	0
1.0	0.0	1	4430	0	0
1.0	0.0	1	4431	0	0
1.0	0.0	1	4432	0	0
1.0	0.0	1	4433	0	0
0.9992102819208706	0.0007897180791293719	1	4434	0	0
1.0	0.0	1	4435	0	0
1.0	0.0	1	4436	0	0
0.4067853693756145	0.5932146306243857	1	4437	0	1
1.0	0.0	1	4438	0	0
1.0	0.0	1	4439	0	0
1.0	0.0	1	4440	0	0
0.9992102819208706	0.0007897180791293719	1	4441	0	0
0.9992102819208706	0.0007897180791293719	1	4442	0	0
1.0	0.0	1	4443	0	0
1.0	0.0	1	4444	0	0
1.0	0.0	1	4445	0	0
1.0	0.0	1	4446	0	0
1.0	0.0	1	4447	0	0
1.0	0.0	1	4448	0	0
1.0	0.0	1	4449	0	0
1.0	0.0	1	4450	0	0
1.0	0.0	1	4451	0	0
1.0	0.0	1	4452	0	0
1.0	0.0	1	4453	0	0
1.0	0.0	1	4454	0	0
1.0	0.0	1	4455	0	0
1.0	0.0	1	4456	0	0
1.0	0.0	1	4457	0	0
0.9543091508112339	0.04569084918876593	1	4458	0	0
1.0	0.0	1	4459	0	0
1.0	0.0	1	4460	0	0
1.0	0.0	1	4461	0	0
1.0	0.0	1	4462	0	0
1.0	0.0	1	4463	0	0
1.0	0.0	1	4464	0	0
1.0	0.0	1	4465	0	0
1.0	0.0	1	4466	0	0
0.9837365726253608	0.016263427374639292	1	4467	0	0
1.0	0.0	1	4468	0	0
1.0	0.0	1	4469	0	0
1.0	0.0	1	4470	0	0
1.0	0.0	1	4471	0	0
1.0	0.0	1	4472	0	0
1.0	0.0	1	4473	0	0
1.0	0.0	1	4474	0	0
1.0	0.0	1	4475	0	0
1.0	0.0	1	4476	0	0
1.0	0.0	1	4477	0	0
0.9967158264359167	0.0032841735640832706	1	4478	0	0
1.0	0.0	1	4479	0	0
1.0	0.0	1	4480	0	0
1.0	0.0	1	4481	0	0
1.0	0.0	1	4482	0	0
1.0	0.0	1	4483	0	0
0.963913088209754	0.036086911790246076	1	4484	0	0
1.0	0.0	1	4485	0	0
1.0	0.0	1	4486	0	0
1.0	0.0	1	4487	0	0
1.0	0.0	1	4488	0	0
1.0	0.0	1	4489	0	0
0.9868741834771705	0.01312581652282948	1	4490	0	0
1.0	0.0	1	4491	0	0
1.0	0.0	1	4492	0	0
1.0	0.0	1	4493	0	0
1.0	0.0	1	4494	0	0
1.0	0.0	1	4495	0	0
1.0	0.0	1	4496	0	0
1.0	0.0	1	4497	0	0
1.0	0.0	1	4498	0	0
1.0	0.0	1	4499	0	0
1.0	0.0	1	4500	0	0
0.993684447884234	0.006315552115765984	1	4501	0	0
1.0	0.0	1	4502	0	0
0.9970177812175673	0.0029822187824326504	1	4503	0	0
1.0	0.0	1	4504	0	0
1.0	0.0	1	4505	0	0
1.0	0.0	1	4506	0	0
1.0	0.0	1	4507	0	0
1.0	0.0	1	4508	0	0
0.9992102819208706	0.0007897180791293719	1	4509	0	0
0.9992102819208706	0.0007897180791293719	1	4510	0	0
0.9966992628253346	0.0033007371746652625	1	4511	0	0
0.9992102819208706	0.0007897180791293719	1	4512	0	0
1.0	0.0	1	4513	0	0
0.9992102819208706	0.0007897180791293719	1	4514	0	0
0.9941099782291889	0.005890021770811176	1	4515	0	0
1.0	0.0	1	4516	0	0
1.0	0.0	1	4517	0	0
1.0	0.0	1	4518	0	0
1.0	0.0	1	4519	0	0
1.0	0.0	1	4520	0	0
1.0	0.0	1	4521	0	0
1.0	0.0	1	4522	0	0
1.0	0.0	1	4523	0	0
1.0	0.0	1	4524	0	0
1.0	0.0	1	4525	0	0
1.0	0.0	1	4526	0	0
1.0	0.0	1	4527	0	0
1.0	0.0	1	4528	0	0
0.9992102819208706	0.0007897180791293719	1	4529	0	0
1.0	0.0	1	4530	0	0
1.0	0.0	1	4531	0	0
0.8980355448241598	0.10196445517584028	1	4532	0	0
0.9802663765010737	0.019733623498926312	1	4533	0	0
1.0	0.0	1	4534	0	0
0.9868008491683349	0.013199150831665167	1	4535	0	0
1.0	0.0	1	4536	0	0
0.9868008491683349	0.013199150831665167	1	4537	0	0
0.9870196945358096	0.012980305464190519	1	4538	0	0
1.0	0.0	1	4539	0	0
0.9870196945358096	0.012980305464190519	1	4540	0	0
0.007402385152979056	0.9925976148470209	1	4541	1	1
0.9967116037547434	0.003288396245256641	1	4542	0	0
1.0	0.0	1	4543	0	0
1.0	0.0	1	4544	0	0
0.9736720372727101	0.026327962727289773	1	4545	0	0
1.0	0.0	1	4546	0	0
1.0	0.0	1	4547	0	0
1.0	0.0	1	4548	0	0
0.9900768873879	0.009923112612100007	1	4549	0	0
0.9967322306660706	0.0032677693339293696	1	4550	0	0
1.0	0.0	1	4551	0	0
1.0	0.0	1	4552	0	0
1.0	0.0	1	4553	0	0
1.0	0.0	1	4554	0	0
1.0	0.0	1	4555	0	0
1.0	0.0	1	4556	0	0
1.0	0.0	1	4557	0	0
1.0	0.0	1	4558	0	0
1.0	0.0	1	4559	0	0
1.0	0.0	1	4560	0	0
1.0	0.0	1	4561	0	0
1.0	0.0	1	4562	0	0
1.0	0.0	1	4563	0	0
1.0	0.0	1	4564	0	0
0.9968040471549242	0.0031959528450756537	1	4565	0	0
0.9968040471549242	0.0031959528450756537	1	4566	0	0
1.0	0.0	1	4567	0	0
1.0	0.0	1	4568	0	0
0.9980499673609874	0.0019500326390125221	1	4569	0	0
0.9980499673609874	0.0019500326390125221	1	4570	0	0
1.0	0.0	1	4571	0	0
1.0	0.0	1	4572	0	0
1.0	0.0	1	4573	0	0
1.0	0.0	1	4574	0	0
0.99452477481844	0.005475225181560018	1	4575	0	0
0.99452477481844	0.005475225181560018	1	4576	0	0
0.9934169989475751	0.006583001052424955	1	4577	0	0
1.0	0.0	1	4578	0	0
1.0	0.0	1	4579	0	0
1.0	0.0	1	4580	0	0
1.0	0.0	1	4581	0	0
1.0	0.0	1	4582	0	0
1.0	0.0	1	4583	0	0
1.0	0.0	1	4584	0	0
1.0	0.0	1	4585	0	0
1.0	0.0	1	4586	0	0
1.0	0.0	1	4587	0	0
1.0	0.0	1	4588	0	0
1.0	0.0	1	4589	0	0
1.0	0.0	1	4590	0	0
1.0	0.0	1	4591	0	0
1.0	0.0	1	4592	0	0
0.9968706900651544	0.0031293099348456742	1	4593	0	0
1.0	0.0	1	4594	0	0
0.9980499673609874	0.0019500326390125221	1	4595	0	0
0.924207519518089	0.07579248048191105	1	4596	0	0
0.9967282754508869	0.003271724549113132	1	4597	0	0
1.0	0.0	1	4598	0	0
0.9868052326885637	0.01319476731143637	1	4599	0	0
1.0	0.0	1	4600	0	0
1.0	0.0	1	4601	0	0
1.0	0.0	1	4602	0	0
1.0	0.0	1	4603	0	0
1.0	0.0	1	4604	0	0
0.8390950230194201	0.16090497698057973	1	4605	0	0
1.0	0.0	1	4606	0	0
1.0	0.0	1	4607	0	0
1.0	0.0	1	4608	0	0
1.0	0.0	1	4609	0	0
1.0	0.0	1	4610	0	0
1.0	0.0	1	4611	0	0
1.0	0.0	1	4612	0	0
0.9901335168561851	0.009866483143814924	1	4613	0	0
0.9992102819208706	0.0007897180791293719	1	4614	0	0
0.9992102819208706	0.0007897180791293719	1	4615	0	0
1.0	0.0	1	4616	0	0
1.0	0.0	1	4617	0	0
1.0	0.0	1	4618	0	0
1.0	0.0	1	4619	0	0
1.0	0.0	1	4620	0	0
0.47692972647012416	0.5230702735298756	1	4621	1	1
0.9444930513191774	0.055506948680822545	1	4622	0	0
1.0	0.0	1	4623	0	0
1.0	0.0	1	4624	0	0
1.0	0.0	1	4625	0	0
1.0	0.0	1	4626	0	0
1.0	0.0	1	4627	0	0
1.0	0.0	1	4628	0	0
1.0	0.0	1	4629	0	0
0.9969997715330134	0.00300022846698652	1	4630	0	0
1.0	0.0	1	4631	0	0
1.0	0.0	1	4632	0	0
0.9992102819208706	0.0007897180791293719	1	4633	0	0
1.0	0.0	1	4634	0	0
0.9992102819208706	0.0007897180791293719	1	4635	0	0
0.9918738134881028	0.00812618651189714	1	4636	0	0
0.192883876417022	0.8071161235829775	1	4637	1	1
0.9992102819208706	0.0007897180791293719	1	4638	0	0
0.9992102819208706	0.0007897180791293719	1	4639	0	0
1.0	0.0	1	4640	0	0
0.18409295037380816	0.8159070496261916	1	4641	1	1
0.9992102819208706	0.0007897180791293719	1	4642	0	0
0.9992102819208706	0.0007897180791293719	1	4643	0	0
1.0	0.0	1	4644	0	0
1.0	0.0	1	4645	0	0
1.0	0.0	1	4646	0	0
1.0	0.0	1	4647	0	0
1.0	0.0	1	4648	0	0
1.0	0.0	1	4649	0	0
1.0	0.0	1	4650	0	0
1.0	0.0	1	4651	0	0
1.0	0.0	1	4652	0	0
1.0	0.0	1	4653	0	0
1.0	0.0	1	4654	0	0
1.0	0.0	1	4655	0	0
1.0	0.0	1	4656	0	0
1.0	0.0	1	4657	0	0
1.0	0.0	1	4658	0	0
1.0	0.0	1	4659	0	0
1.0	0.0	1	4660	0	0
1.0	0.0	1	4661	0	0
1.0	0.0	1	4662	0	0
1.0	0.0	1	4663	0	0
1.0	0.0	1	4664	0	0
0.9377715312275149	0.062228468772485265	1	4665	0	0
1.0	0.0	1	4666	0	0
1.0	0.0	1	4667	0	0
1.0	0.0	1	4668	0	0
1.0	0.0	1	4669	0	0
1.0	0.0	1	4670	0	0
1.0	0.0	1	4671	0	0
1.0	0.0	1	4672	0	0
1.0	0.0	1	4673	0	0
1.0	0.0	1	4674	0	0
1.0	0.0	1	4675	0	0
1.0	0.0	1	4676	0	0
1.0	0.0	1	4677	0	0
1.0	0.0	1	4678	0	0
1.0	0.0	1	4679	0	0
1.0	0.0	1	4680	0	0
1.0	0.0	1	4681	0	0
1.0	0.0	1	4682	0	0
1.0	0.0	1	4683	0	0
1.0	0.0	1	4684	0	0
1.0	0.0	1	4685	0	0
1.0	0.0	1	4686	0	0
1.0	0.0	1	4687	0	0
1.0	0.0	1	4688	0	0
1.0	0.0	1	4689	0	0
1.0	0.0	1	4690	0	0
1.0	0.0	1	4691	0	0
1.0	0.0	1	4692	0	0
1.0	0.0	1	4693	0	0
1.0	0.0	1	4694	0	0
0.9992102819208706	0.0007897180791293719	1	4695	0	0
1.0	0.0	1	4696	0	0
1.0	0.0	1	4697	0	0
1.0	0.0	1	4698	0	0
1.0	0.0	1	4699	0	0
1.0	0.0	1	4700	0	0
0.9992102819208706	0.0007897180791293719	1	4701	0	0
1.0	0.0	1	4702	0	0
0.9992102819208706	0.0007897180791293719	1	4703	0	0
1.0	0.0	1	4704	0	0
1.0	0.0	1	4705	0	0
1.0	0.0	1	4706	0	0
1.0	0.0	1	4707	0	0
1.0	0.0	1	4708	0	0
1.0	0.0	1	4709	0	0
1.0	0.0	1	4710	0	0
1.0	0.0	1	4711	0	0
1.0	0.0	1	4712	0	0
1.0	0.0	1	4713	0	0
1.0	0.0	1	4714	0	0
1.0	0.0	1	4715	0	0
1.0	0.0	1	4716	0	0
1.0	0.0	1	4717	0	0
1.0	0.0	1	4718	0	0
1.0	0.0	1	4719	0	0
0.9969382624080455	0.00306173759195456	1	4720	0	0
0.9992102819208706	0.0007897180791293719	1	4721	0	0
1.0	0.0	1	4722	0	0
0.9992102819208706	0.0007897180791293719	1	4723	0	0
1.0	0.0	1	4724	0	0
1.0	0.0	1	4725	0	0
1.0	0.0	1	4726	0	0
1.0	0.0	1	4727	0	0
1.0	0.0	1	4728	0	0
1.0	0.0	1	4729	0	0
1.0	0.0	1	4730	0	0
1.0	0.0	1	4731	0	0
1.0	0.0	1	4732	0	0
1.0	0.0	1	4733	0	0
1.0	0.0	1	4734	0	0
1.0	0.0	1	4735	0	0
1.0	0.0	1	4736	0	0
1.0	0.0	1	4737	0	0
1.0	0.0	1	4738	0	0
1.0	0.0	1	4739	0	0
1.0	0.0	1	4740	0	0
1.0	0.0	1	4741	0	0
1.0	0.0	1	4742	0	0
1.0	0.0	1	4743	0	0
1.0	0.0	1	4744	0	0
0.9702895868097058	0.0297104131902942	1	4745	0	0
1.0	0.0	1	4746	0	0
1.0	0.0	1	4747	0	0
1.0	0.0	1	4748	0	0
1.0	0.0	1	4749	0	0
0.9837365726253608	0.016263427374639292	1	4750	0	0
0.9968706900651544	0.0031293099348456742	1	4751	0	0
1.0	0.0	1	4752	0	0
1.0	0.0	1	4753	0	0
1.0	0.0	1	4754	0	0
1.0	0.0	1	4755	0	0
1.0	0.0	1	4756	0	0
1.0	0.0	1	4757	0	0
0.9992102819208706	0.0007897180791293719	1	4758	0	0
1.0	0.0	1	4759	0	0
0.9992102819208706	0.0007897180791293719	1	4760	0	0
1.0	0.0	1	4761	0	0
1.0	0.0	1	4762	0	0
1.0	0.0	1	4763	0	0
1.0	0.0	1	4764	0	0
0.9835522929458993	0.01644770705410057	1	4765	0	0
1.0	0.0	1	4766	0	0
1.0	0.0	1	4767	0	0
1.0	0.0	1	4768	0	0
1.0	0.0	1	4769	0	0
1.0	0.0	1	4770	0	0
1.0	0.0	1	4771	0	0
1.0	0.0	1	4772	0	0
1.0	0.0	1	4773	0	0
1.0	0.0	1	4774	0	0
1.0	0.0	1	4775	0	0
1.0	0.0	1	4776	0	0
1.0	0.0	1	4777	0	0
1.0	0.0	1	4778	0	0
1.0	0.0	1	4779	0	0
1.0	0.0	1	4780	0	0
1.0	0.0	1	4781	0	0
1.0	0.0	1	4782	0	0
1.0	0.0	1	4783	0	0
1.0	0.0	1	4784	0	0
1.0	0.0	1	4785	0	0
1.0	0.0	1	4786	0	0
1.0	0.0	1	4787	0	0
1.0	0.0	1	4788	0	0
1.0	0.0	1	4789	0	0
1.0	0.0	1	4790	0	0
0.9113483184429072	0.08865168155709276	1	4791	0	0
0.9900503978276747	0.009949602172325232	1	4792	0	0
1.0	0.0	1	4793	0	0
0.9900503978276747	0.009949602172325232	1	4794	0	0
0.9902669700587882	0.00973302994121182	1	4795	0	0
0.9902669700587882	0.00973302994121182	1	4796	0	0
1.0	0.0	1	4797	0	0
0.9279492068199068	0.07205079318009298	1	4798	0	0
1.0	0.0	1	4799	0	0
1.0	0.0	1	4800	0	0
0.9736556801317543	0.026344319868245713	1	4801	0	0
0.9770981158997479	0.02290188410025191	1	4802	0	0
1.0	0.0	1	4803	0	0
1.0	0.0	1	4804	0	0
1.0	0.0	1	4805	0	0
1.0	0.0	1	4806	0	0
1.0	0.0	1	4807	0	0
1.0	0.0	1	4808	0	0
0.991253998676688	0.008746001323311952	1	4809	0	0
1.0	0.0	1	4810	0	0
0.991253998676688	0.008746001323311952	1	4811	0	0
1.0	0.0	1	4812	0	0
1.0	0.0	1	4813	0	0
1.0	0.0	1	4814	0	0
0.9477589645999328	0.05224103540006731	1	4815	0	0
1.0	0.0	1	4816	0	0
0.9477589645999328	0.05224103540006731	1	4817	0	0
1.0	0.0	1	4818	0	0
0.9669240784314345	0.03307592156856549	1	4819	0	0
0.9934526105242151	0.00654738947578477	1	4820	0	0
1.0	0.0	1	4821	0	0
0.9934526105242151	0.00654738947578477	1	4822	0	0
1.0	0.0	1	4823	0	0
1.0	0.0	1	4824	0	0
1.0	0.0	1	4825	0	0
0.9992102819208706	0.0007897180791293719	1	4826	0	0
0.9992102819208706	0.0007897180791293719	1	4827	0	0
1.0	0.0	1	4828	0	0
1.0	0.0	1	4829	0	0
1.0	0.0	1	4830	0	0
1.0	0.0	1	4831	0	0
1.0	0.0	1	4832	0	0
1.0	0.0	1	4833	0	0
1.0	0.0	1	4834	0	0
1.0	0.0	1	4835	0	0
1.0	0.0	1	4836	0	0
1.0	0.0	1	4837	0	0
1.0	0.0	1	4838	0	0
0.4197509716641133	0.5802490283358867	1	4839	0	1
1.0	0.0	1	4840	0	0
1.0	0.0	1	4841	0	0
1.0	0.0	1	4842	0	0
1.0	0.0	1	4843	0	0
1.0	0.0	1	4844	0	0
1.0	0.0	1	4845	0	0
1.0	0.0	1	4846	0	0
1.0	0.0	1	4847	0	0
1.0	0.0	1	4848	0	0
1.0	0.0	1	4849	0	0
1.0	0.0	1	4850	0	0
1.0	0.0	1	4851	0	0
1.0	0.0	1	4852	0	0
1.0	0.0	1	4853	0	0
1.0	0.0	1	4854	0	0
1.0	0.0	1	4855	0	0
1.0	0.0	1	4856	0	0
1.0	0.0	1	4857	0	0
1.0	0.0	1	4858	0	0
1.0	0.0	1	4859	0	0
1.0	0.0	1	4860	0	0
1.0	0.0	1	4861	0	0
1.0	0.0	1	4862	0	0
1.0	0.0	1	4863	0	0
1.0	0.0	1	4864	0	0
0.9966798079353045	0.003320192064695476	1	4865	0	0
1.0	0.0	1	4866	0	0
0.9966798079353045	0.003320192064695476	1	4867	0	0
1.0	0.0	1	4868	0	0
1.0	0.0	1	4869	0	0
1.0	0.0	1	4870	0	0
1.0	0.0	1	4871	0	0
0.9967057879426221	0.0032942120573778715	1	4872	0	0
0.9934468483007037	0.006553151699296237	1	4873	0	0
0.9967057879426221	0.0032942120573778715	1	4874	0	0
1.0	0.0	1	4875	0	0
1.0	0.0	1	4876	0	0
1.0	0.0	1	4877	0	0
1.0	0.0	1	4878	0	0
1.0	0.0	1	4879	0	0
1.0	0.0	1	4880	0	0
0.9966992628253346	0.0033007371746652625	1	4881	0	0
0.9966798079353045	0.003320192064695476	1	4882	0	0
1.0	0.0	1	4883	0	0
1.0	0.0	1	4884	0	0
1.0	0.0	1	4885	0	0
1.0	0.0	1	4886	0	0
1.0	0.0	1	4887	0	0
1.0	0.0	1	4888	0	0
1.0	0.0	1	4889	0	0
1.0	0.0	1	4890	0	0
1.0	0.0	1	4891	0	0
1.0	0.0	1	4892	0	0
1.0	0.0	1	4893	0	0
1.0	0.0	1	4894	0	0
1.0	0.0	1	4895	0	0
1.0	0.0	1	4896	0	0
1.0	0.0	1	4897	0	0
1.0	0.0	1	4898	0	0
1.0	0.0	1	4899	0	0
0.9992102819208706	0.0007897180791293719	1	4900	0	0
0.9992102819208706	0.0007897180791293719	1	4901	0	0
1.0	0.0	1	4902	0	0
1.0	0.0	1	4903	0	0
0.9967047848329823	0.003295215167017755	1	4904	0	0
1.0	0.0	1	4905	0	0
1.0	0.0	1	4906	0	0
0.9992102819208706	0.0007897180791293719	1	4907	0	0
1.0	0.0	1	4908	0	0
1.0	0.0	1	4909	0	0
1.0	0.0	1	4910	0	0
1.0	0.0	1	4911	0	0
0.9966997742663657	0.0033002257336343112	1	4912	0	0
0.9868221966708484	0.01317780332915159	1	4913	0	0
0.9992102819208706	0.0007897180791293719	1	4914	0	0
0.9992102819208706	0.0007897180791293719	1	4915	0	0
1.0	0.0	1	4916	0	0
1.0	0.0	1	4917	0	0
0.20049178294219602	0.7995082170578034	1	4918	1	1
1.0	0.0	1	4919	0	0
1.0	0.0	1	4920	0	0
1.0	0.0	1	4921	0	0
1.0	0.0	1	4922	0	0
1.0	0.0	1	4923	0	0
1.0	0.0	1	4924	0	0
1.0	0.0	1	4925	0	0
1.0	0.0	1	4926	0	0
1.0	0.0	1	4927	0	0
1.0	0.0	1	4928	0	0
1.0	0.0	1	4929	0	0
1.0	0.0	1	4930	0	0
1.0	0.0	1	4931	0	0
1.0	0.0	1	4932	0	0
1.0	0.0	1	4933	0	0
1.0	0.0	1	4934	0	0
1.0	0.0	1	4935	0	0
1.0	0.0	1	4936	0	0
0.9992102819208706	0.0007897180791293719	1	4937	0	0
1.0	0.0	1	4938	0	0
1.0	0.0	1	4939	0	0
1.0	0.0	1	4940	0	0
1.0	0.0	1	4941	0	0
1.0	0.0	1	4942	0	0
1.0	0.0	1	4943	0	0
1.0	0.0	1	4944	0	0
1.0	0.0	1	4945	0	0
0.9934408285475875	0.006559171452412507	1	4946	0	0
1.0	0.0	1	4947	0	0
1.0	0.0	1	4948	0	0
1.0	0.0	1	4949	0	0
0.8153557525308744	0.18464424746912567	1	4950	0	0
1.0	0.0	1	4951	0	0
1.0	0.0	1	4952	0	0
1.0	0.0	1	4953	0	0
1.0	0.0	1	4954	0	0
0.9992102819208706	0.0007897180791293719	1	4955	0	0
0.9992102819208706	0.0007897180791293719	1	4956	0	0
1.0	0.0	1	4957	0	0
1.0	0.0	1	4958	0	0
1.0	0.0	1	4959	0	0
1.0	0.0	1	4960	0	0
1.0	0.0	1	4961	0	0
1.0	0.0	1	4962	0	0
0.9992102819208706	0.0007897180791293719	1	4963	0	0
1.0	0.0	1	4964	0	0
1.0	0.0	1	4965	0	0
1.0	0.0	1	4966	0	0
1.0	0.0	1	4967	0	0
1.0	0.0	1	4968	0	0
1.0	0.0	1	4969	0	0
1.0	0.0	1	4970	0	0
0.9992102819208706	0.0007897180791293719	1	4971	0	0
1.0	0.0	1	4972	0	0
1.0	0.0	1	4973	0	0
1.0	0.0	1	4974	0	0
1.0	0.0	1	4975	0	0
1.0	0.0	1	4976	0	0
0.990151712588757	0.009848287411243052	1	4977	0	0
1.0	0.0	1	4978	0	0
1.0	0.0	1	4979	0	0
1.0	0.0	1	4980	0	0
0.9771510598696312	0.022848940130368717	1	4981	0	0
1.0	0.0	1	4982	0	0
0.9979409647228222	0.002059035277177825	1	4983	0	0
1.0	0.0	1	4984	0	0
1.0	0.0	1	4985	0	0
1.0	0.0	1	4986	0	0
1.0	0.0	1	4987	0	0
1.0	0.0	1	4988	0	0
1.0	0.0	1	4989	0	0
1.0	0.0	1	4990	0	0
0.9967390873015873	0.0032609126984126983	1	4991	0	0
1.0	0.0	1	4992	0	0
1.0	0.0	1	4993	0	0
1.0	0.0	1	4994	0	0
1.0	0.0	1	4995	0	0
1.0	0.0	1	4996	0	0
1.0	0.0	1	4997	0	0
1.0	0.0	1	4998	0	0
1.0	0.0	1	4999	0	0
1.0	0.0	1	5000	0	0
0.9968946796959826	0.0031053203040173716	1	5001	0	0
1.0	0.0	1	5002	0	0
1.0	0.0	1	5003	0	0
1.0	0.0	1	5004	0	0
1.0	0.0	1	5005	0	0
1.0	0.0	1	5006	0	0
1.0	0.0	1	5007	0	0
1.0	0.0	1	5008	0	0
1.0	0.0	1	5009	0	0
0.9038446738715197	0.09615532612848034	1	5010	0	0
1.0	0.0	1	5011	0	0
1.0	0.0	1	5012	0	0
1.0	0.0	1	5013	0	0
1.0	0.0	1	5014	0	0
1.0	0.0	1	5015	0	0
1.0	0.0	1	5016	0	0
1.0	0.0	1	5017	0	0
1.0	0.0	1	5018	0	0
1.0	0.0	1	5019	0	0
1.0	0.0	1	5020	0	0
1.0	0.0	1	5021	0	0
1.0	0.0	1	5022	0	0
1.0	0.0	1	5023	0	0
0.9973060035290738	0.002693996470926177	1	5024	0	0
0.9841994175086953	0.01580058249130457	1	5025	0	0
0.9973060035290738	0.002693996470926177	1	5026	0	0
0.97413483987586	0.025865160124139964	1	5027	0	0
1.0	0.0	1	5028	0	0
1.0	0.0	1	5029	0	0
1.0	0.0	1	5030	0	0
0.9966666666666667	0.0033333333333333335	1	5031	0	0
0.9966666666666667	0.0033333333333333335	1	5032	0	0
1.0	0.0	1	5033	0	0
1.0	0.0	1	5034	0	0
1.0	0.0	1	5035	0	0
1.0	0.0	1	5036	0	0
1.0	0.0	1	5037	0	0
1.0	0.0	1	5038	0	0
1.0	0.0	1	5039	0	0
1.0	0.0	1	5040	0	0
0.993451778061266	0.0065482219387341355	1	5041	0	0
1.0	0.0	1	5042	0	0
0.993451778061266	0.0065482219387341355	1	5043	0	0
1.0	0.0	1	5044	0	0
1.0	0.0	1	5045	0	0
1.0	0.0	1	5046	0	0
1.0	0.0	1	5047	0	0
1.0	0.0	1	5048	0	0
1.0	0.0	1	5049	0	0
1.0	0.0	1	5050	0	0
1.0	0.0	1	5051	0	0
1.0	0.0	1	5052	0	0
1.0	0.0	1	5053	0	0
1.0	0.0	1	5054	0	0
1.0	0.0	1	5055	0	0
1.0	0.0	1	5056	0	0
1.0	0.0	1	5057	0	0
1.0	0.0	1	5058	0	0
1.0	0.0	1	5059	0	0
1.0	0.0	1	5060	0	0
1.0	0.0	1	5061	0	0
1.0	0.0	1	5062	0	0
1.0	0.0	1	5063	0	0
1.0	0.0	1	5064	0	0
0.9968706900651544	0.0031293099348456742	1	5065	0	0
0.9968706900651544	0.0031293099348456742	1	5066	0	0
1.0	0.0	1	5067	0	0
0.9967741302321016	0.0032258697678983267	1	5068	0	0
1.0	0.0	1	5069	0	0
1.0	0.0	1	5070	0	0
1.0	0.0	1	5071	0	0
1.0	0.0	1	5072	0	0
1.0	0.0	1	5073	0	0
1.0	0.0	1	5074	0	0
1.0	0.0	1	5075	0	0
1.0	0.0	1	5076	0	0
1.0	0.0	1	5077	0	0
1.0	0.0	1	5078	0	0
1.0	0.0	1	5079	0	0
1.0	0.0	1	5080	0	0
1.0	0.0	1	5081	0	0
1.0	0.0	1	5082	0	0
0.996678115056316	0.003321884943684025	1	5083	0	0
1.0	0.0	1	5084	0	0
1.0	0.0	1	5085	0	0
1.0	0.0	1	5086	0	0
1.0	0.0	1	5087	0	0
1.0	0.0	1	5088	0	0
0.9992102819208706	0.0007897180791293719	1	5089	0	0
0.9992102819208706	0.0007897180791293719	1	5090	0	0
1.0	0.0	1	5091	0	0
1.0	0.0	1	5092	0	0
1.0	0.0	1	5093	0	0
1.0	0.0	1	5094	0	0
1.0	0.0	1	5095	0	0
1.0	0.0	1	5096	0	0
0.9992102819208706	0.0007897180791293719	1	5097	0	0
1.0	0.0	1	5098	0	0
0.9992102819208706	0.0007897180791293719	1	5099	0	0
1.0	0.0	1	5100	0	0
1.0	0.0	1	5101	0	0
1.0	0.0	1	5102	0	0
1.0	0.0	1	5103	0	0
1.0	0.0	1	5104	0	0
1.0	0.0	1	5105	0	0
1.0	0.0	1	5106	0	0
1.0	0.0	1	5107	0	0
1.0	0.0	1	5108	0	0
1.0	0.0	1	5109	0	0
1.0	0.0	1	5110	0	0
1.0	0.0	1	5111	0	0
1.0	0.0	1	5112	0	0
1.0	0.0	1	5113	0	0
1.0	0.0	1	5114	0	0
1.0	0.0	1	5115	0	0
0.9992102819208706	0.0007897180791293719	1	5116	0	0
1.0	0.0	1	5117	0	0
1.0	0.0	1	5118	0	0
1.0	0.0	1	5119	0	0
1.0	0.0	1	5120	0	0
1.0	0.0	1	5121	0	0
1.0	0.0	1	5122	0	0
1.0	0.0	1	5123	0	0
1.0	0.0	1	5124	0	0
0.9280033308237773	0.07199666917622286	1	5125	0	0
1.0	0.0	1	5126	0	0
1.0	0.0	1	5127	0	0
1.0	0.0	1	5128	0	0
1.0	0.0	1	5129	0	0
1.0	0.0	1	5130	0	0
1.0	0.0	1	5131	0	0
1.0	0.0	1	5132	0	0
1.0	0.0	1	5133	0	0
1.0	0.0	1	5134	0	0
1.0	0.0	1	5135	0	0
0.9815332642812739	0.01846673571872608	1	5136	0	0
1.0	0.0	1	5137	0	0
1.0	0.0	1	5138	0	0
1.0	0.0	1	5139	0	0
0.960544901002556	0.0394550989974442	1	5140	0	0
1.0	0.0	1	5141	0	0
1.0	0.0	1	5142	0	0
1.0	0.0	1	5143	0	0
1.0	0.0	1	5144	0	0
1.0	0.0	1	5145	0	0
1.0	0.0	1	5146	0	0
1.0	0.0	1	5147	0	0
1.0	0.0	1	5148	0	0
1.0	0.0	1	5149	0	0
1.0	0.0	1	5150	0	0
1.0	0.0	1	5151	0	0
1.0	0.0	1	5152	0	0
1.0	0.0	1	5153	0	0
0.9992102819208706	0.0007897180791293719	1	5154	0	0
1.0	0.0	1	5155	0	0
1.0	0.0	1	5156	0	0
1.0	0.0	1	5157	0	0
1.0	0.0	1	5158	0	0
1.0	0.0	1	5159	0	0
1.0	0.0	1	5160	0	0
1.0	0.0	1	5161	0	0
1.0	0.0	1	5162	0	0
1.0	0.0	1	5163	0	0
1.0	0.0	1	5164	0	0
1.0	0.0	1	5165	0	0
1.0	0.0	1	5166	0	0
1.0	0.0	1	5167	0	0
1.0	0.0	1	5168	0	0
1.0	0.0	1	5169	0	0
1.0	0.0	1	5170	0	0
1.0	0.0	1	5171	0	0
1.0	0.0	1	5172	0	0
1.0	0.0	1	5173	0	0
1.0	0.0	1	5174	0	0
1.0	0.0	1	5175	0	0
1.0	0.0	1	5176	0	0
1.0	0.0	1	5177	0	0
1.0	0.0	1	5178	0	0
1.0	0.0	1	5179	0	0
1.0	0.0	1	5180	0	0
0.3735174937303521	0.6264825062696482	1	5181	0	1
1.0	0.0	1	5182	0	0
0.9966666666666667	0.0033333333333333335	1	5183	0	0
1.0	0.0	1	5184	0	0
0.9904530005580732	0.00954699944192691	1	5185	0	0
1.0	0.0	1	5186	0	0
1.0	0.0	1	5187	0	0
1.0	0.0	1	5188	0	0
1.0	0.0	1	5189	0	0
1.0	0.0	1	5190	0	0
1.0	0.0	1	5191	0	0
1.0	0.0	1	5192	0	0
0.9968040471549242	0.0031959528450756537	1	5193	0	0
0.9968040471549242	0.0031959528450756537	1	5194	0	0
1.0	0.0	1	5195	0	0
1.0	0.0	1	5196	0	0
1.0	0.0	1	5197	0	0
0.9934624447525008	0.006537555247499118	1	5198	0	0
1.0	0.0	1	5199	0	0
1.0	0.0	1	5200	0	0
1.0	0.0	1	5201	0	0
1.0	0.0	1	5202	0	0
1.0	0.0	1	5203	0	0
1.0	0.0	1	5204	0	0
1.0	0.0	1	5205	0	0
1.0	0.0	1	5206	0	0
1.0	0.0	1	5207	0	0
1.0	0.0	1	5208	0	0
1.0	0.0	1	5209	0	0
1.0	0.0	1	5210	0	0
0.9801847577288163	0.019815242271183742	1	5211	0	0
1.0	0.0	1	5212	0	0
1.0	0.0	1	5213	0	0
1.0	0.0	1	5214	0	0
1.0	0.0	1	5215	0	0
1.0	0.0	1	5216	0	0
1.0	0.0	1	5217	0	0
1.0	0.0	1	5218	0	0
1.0	0.0	1	5219	0	0
1.0	0.0	1	5220	0	0
1.0	0.0	1	5221	0	0
1.0	0.0	1	5222	0	0
1.0	0.0	1	5223	0	0
1.0	0.0	1	5224	0	0
1.0	0.0	1	5225	0	0
1.0	0.0	1	5226	0	0
1.0	0.0	1	5227	0	0
0.9992102819208706	0.0007897180791293719	1	5228	0	0
0.9992102819208706	0.0007897180791293719	1	5229	0	0
1.0	0.0	1	5230	0	0
0.9835037350529628	0.016496264947037254	1	5231	0	0
1.0	0.0	1	5232	0	0
1.0	0.0	1	5233	0	0
1.0	0.0	1	5234	0	0
1.0	0.0	1	5235	0	0
1.0	0.0	1	5236	0	0
1.0	0.0	1	5237	0	0
1.0	0.0	1	5238	0	0
1.0	0.0	1	5239	0	0
1.0	0.0	1	5240	0	0
1.0	0.0	1	5241	0	0
1.0	0.0	1	5242	0	0
1.0	0.0	1	5243	0	0
1.0	0.0	1	5244	0	0
1.0	0.0	1	5245	0	0
1.0	0.0	1	5246	0	0
1.0	0.0	1	5247	0	0
1.0	0.0	1	5248	0	0
0.9968946796959826	0.0031053203040173716	1	5249	0	0
1.0	0.0	1	5250	0	0
1.0	0.0	1	5251	0	0
1.0	0.0	1	5252	0	0
1.0	0.0	1	5253	0	0
1.0	0.0	1	5254	0	0
1.0	0.0	1	5255	0	0
1.0	0.0	1	5256	0	0
1.0	0.0	1	5257	0	0
1.0	0.0	1	5258	0	0
1.0	0.0	1	5259	0	0
1.0	0.0	1	5260	0	0
1.0	0.0	1	5261	0	0
1.0	0.0	1	5262	0	0
1.0	0.0	1	5263	0	0
1.0	0.0	1	5264	0	0
1.0	0.0	1	5265	0	0
1.0	0.0	1	5266	0	0
1.0	0.0	1	5267	0	0
1.0	0.0	1	5268	0	0
1.0	0.0	1	5269	0	0
1.0	0.0	1	5270	0	0
1.0	0.0	1	5271	0	0
0.9901679142155609	0.009832085784439195	1	5272	0	0
1.0	0.0	1	5273	0	0
1.0	0.0	1	5274	0	0
1.0	0.0	1	5275	0	0
1.0	0.0	1	5276	0	0
1.0	0.0	1	5277	0	0
1.0	0.0	1	5278	0	0
1.0	0.0	1	5279	0	0
1.0	0.0	1	5280	0	0
1.0	0.0	1	5281	0	0
1.0	0.0	1	5282	0	0
0.9979409647228222	0.002059035277177825	1	5283	0	0
1.0	0.0	1	5284	0	0
1.0	0.0	1	5285	0	0
1.0	0.0	1	5286	0	0
0.9967341772151899	0.0032658227848101264	1	5287	0	0
0.9967341772151899	0.0032658227848101264	1	5288	0	0
1.0	0.0	1	5289	0	0
1.0	0.0	1	5290	0	0
1.0	0.0	1	5291	0	0
1.0	0.0	1	5292	0	0
1.0	0.0	1	5293	0	0
1.0	0.0	1	5294	0	0
1.0	0.0	1	5295	0	0
1.0	0.0	1	5296	0	0
1.0	0.0	1	5297	0	0
1.0	0.0	1	5298	0	0
1.0	0.0	1	5299	0	0
1.0	0.0	1	5300	0	0
1.0	0.0	1	5301	0	0
1.0	0.0	1	5302	0	0
1.0	0.0	1	5303	0	0
1.0	0.0	1	5304	0	0
1.0	0.0	1	5305	0	0
1.0	0.0	1	5306	0	0
1.0	0.0	1	5307	0	0
0.9992102819208706	0.0007897180791293719	1	5308	0	0
1.0	0.0	1	5309	0	0
1.0	0.0	1	5310	0	0
1.0	0.0	1	5311	0	0
1.0	0.0	1	5312	0	0
1.0	0.0	1	5313	0	0
1.0	0.0	1	5314	0	0
0.9992102819208706	0.0007897180791293719	1	5315	0	0
0.9992102819208706	0.0007897180791293719	1	5316	0	0
1.0	0.0	1	5317	0	0
1.0	0.0	1	5318	0	0
1.0	0.0	1	5319	0	0
1.0	0.0	1	5320	0	0
1.0	0.0	1	5321	0	0
1.0	0.0	1	5322	0	0
1.0	0.0	1	5323	0	0
1.0	0.0	1	5324	0	0
1.0	0.0	1	5325	0	0
1.0	0.0	1	5326	0	0
1.0	0.0	1	5327	0	0
0.9967017755040627	0.003298224495937406	1	5328	0	0
1.0	0.0	1	5329	0	0
1.0	0.0	1	5330	0	0
1.0	0.0	1	5331	0	0
1.0	0.0	1	5332	0	0
1.0	0.0	1	5333	0	0
0.9967439900867411	0.003256009913258984	1	5334	0	0
0.9835017161784011	0.0164982838215989	1	5335	0	0
0.9967439900867411	0.003256009913258984	1	5336	0	0
1.0	0.0	1	5337	0	0
1.0	0.0	1	5338	0	0
1.0	0.0	1	5339	0	0
1.0	0.0	1	5340	0	0
1.0	0.0	1	5341	0	0
0.9992102819208706	0.0007897180791293719	1	5342	0	0
0.9992102819208706	0.0007897180791293719	1	5343	0	0
1.0	0.0	1	5344	0	0
1.0	0.0	1	5345	0	0
0.9771408857088545	0.022859114291145576	1	5346	0	0
1.0	0.0	1	5347	0	0
1.0	0.0	1	5348	0	0
1.0	0.0	1	5349	0	0
1.0	0.0	1	5350	0	0
1.0	0.0	1	5351	0	0
1.0	0.0	1	5352	0	0
1.0	0.0	1	5353	0	0
1.0	0.0	1	5354	0	0
1.0	0.0	1	5355	0	0
0.9933865997141256	0.006613400285874348	1	5356	0	0
1.0	0.0	1	5357	0	0
1.0	0.0	1	5358	0	0
1.0	0.0	1	5359	0	0
1.0	0.0	1	5360	0	0
1.0	0.0	1	5361	0	0
1.0	0.0	1	5362	0	0
1.0	0.0	1	5363	0	0
1.0	0.0	1	5364	0	0
1.0	0.0	1	5365	0	0
1.0	0.0	1	5366	0	0
1.0	0.0	1	5367	0	0
1.0	0.0	1	5368	0	0
1.0	0.0	1	5369	0	0
1.0	0.0	1	5370	0	0
1.0	0.0	1	5371	0	0
1.0	0.0	1	5372	0	0
1.0	0.0	1	5373	0	0
1.0	0.0	1	5374	0	0
1.0	0.0	1	5375	0	0
1.0	0.0	1	5376	0	0
1.0	0.0	1	5377	0	0
1.0	0.0	1	5378	0	0
1.0	0.0	1	5379	0	0
1.0	0.0	1	5380	0	0
0.9992102819208706	0.0007897180791293719	1	5381	0	0
1.0	0.0	1	5382	0	0
1.0	0.0	1	5383	0	0
1.0	0.0	1	5384	0	0
0.9992102819208706	0.0007897180791293719	1	5385	0	0
1.0	0.0	1	5386	0	0
1.0	0.0	1	5387	0	0
0.21313783996574065	0.786862160034259	1	5388	0	1
0.9992102819208706	0.0007897180791293719	1	5389	0	0
1.0	0.0	1	5390	0	0
0.9992102819208706	0.0007897180791293719	1	5391	0	0
1.0	0.0	1	5392	0	0
1.0	0.0	1	5393	0	0
1.0	0.0	1	5394	0	0
1.0	0.0	1	5395	0	0
1.0	0.0	1	5396	0	0
1.0	0.0	1	5397	0	0
1.0	0.0	1	5398	0	0
1.0	0.0	1	5399	0	0
1.0	0.0	1	5400	0	0
1.0	0.0	1	5401	0	0
1.0	0.0	1	5402	0	0
1.0	0.0	1	5403	0	0
1.0	0.0	1	5404	0	0
1.0	0.0	1	5405	0	0
1.0	0.0	1	5406	0	0
1.0	0.0	1	5407	0	0
0.9992102819208706	0.0007897180791293719	1	5408	0	0
1.0	0.0	1	5409	0	0
0.9992102819208706	0.0007897180791293719	1	5410	0	0
1.0	0.0	1	5411	0	0
1.0	0.0	1	5412	0	0
1.0	0.0	1	5413	0	0
1.0	0.0	1	5414	0	0
1.0	0.0	1	5415	0	0
1.0	0.0	1	5416	0	0
1.0	0.0	1	5417	0	0
1.0	0.0	1	5418	0	0
1.0	0.0	1	5419	0	0
1.0	0.0	1	5420	0	0
1.0	0.0	1	5421	0	0
1.0	0.0	1	5422	0	0
1.0	0.0	1	5423	0	0
1.0	0.0	1	5424	0	0
1.0	0.0	1	5425	0	0
1.0	0.0	1	5426	0	0
0.9992102819208706	0.0007897180791293719	1	5427	0	0
1.0	0.0	1	5428	0	0
1.0	0.0	1	5429	0	0
1.0	0.0	1	5430	0	0
1.0	0.0	1	5431	0	0
1.0	0.0	1	5432	0	0
1.0	0.0	1	5433	0	0
1.0	0.0	1	5434	0	0
1.0	0.0	1	5435	0	0
1.0	0.0	1	5436	0	0
1.0	0.0	1	5437	0	0
1.0	0.0	1	5438	0	0
1.0	0.0	1	5439	0	0
0.9966798079353045	0.003320192064695476	1	5440	0	0
1.0	0.0	1	5441	0	0
0.9966798079353045	0.003320192064695476	1	5442	0	0
1.0	0.0	1	5443	0	0
1.0	0.0	1	5444	0	0
1.0	0.0	1	5445	0	0
1.0	0.0	1	5446	0	0
1.0	0.0	1	5447	0	0
1.0	0.0	1	5448	0	0
1.0	0.0	1	5449	0	0
1.0	0.0	1	5450	0	0
1.0	0.0	1	5451	0	0
1.0	0.0	1	5452	0	0
1.0	0.0	1	5453	0	0
1.0	0.0	1	5454	0	0
1.0	0.0	1	5455	0	0
1.0	0.0	1	5456	0	0
1.0	0.0	1	5457	0	0
1.0	0.0	1	5458	0	0
1.0	0.0	1	5459	0	0
1.0	0.0	1	5460	0	0
1.0	0.0	1	5461	0	0
1.0	0.0	1	5462	0	0
1.0	0.0	1	5463	0	0
1.0	0.0	1	5464	0	0
1.0	0.0	1	5465	0	0
1.0	0.0	1	5466	0	0
1.0	0.0	1	5467	0	0
1.0	0.0	1	5468	0	0
1.0	0.0	1	5469	0	0
1.0	0.0	1	5470	0	0
1.0	0.0	1	5471	0	0
1.0	0.0	1	5472	0	0
1.0	0.0	1	5473	0	0
1.0	0.0	1	5474	0	0
1.0	0.0	1	5475	0	0
1.0	0.0	1	5476	0	0
1.0	0.0	1	5477	0	0
0.9992102819208706	0.0007897180791293719	1	5478	0	0
1.0	0.0	1	5479	0	0
0.9902024778947534	0.009797522105246552	1	5480	0	0
1.0	0.0	1	5481	0	0
1.0	0.0	1	5482	0	0
1.0	0.0	1	5483	0	0
1.0	0.0	1	5484	0	0
1.0	0.0	1	5485	0	0
1.0	0.0	1	5486	0	0
1.0	0.0	1	5487	0	0
1.0	0.0	1	5488	0	0
1.0	0.0	1	5489	0	0
1.0	0.0	1	5490	0	0
1.0	0.0	1	5491	0	0
1.0	0.0	1	5492	0	0
1.0	0.0	1	5493	0	0
1.0	0.0	1	5494	0	0
1.0	0.0	1	5495	0	0
1.0	0.0	1	5496	0	0
1.0	0.0	1	5497	0	0
1.0	0.0	1	5498	0	0
1.0	0.0	1	5499	0	0
1.0	0.0	1	5500	0	0
1.0	0.0	1	5501	0	0
1.0	0.0	1	5502	0	0
0.9992102819208706	0.0007897180791293719	1	5503	0	0
1.0	0.0	1	5504	0	0
1.0	0.0	1	5505	0	0
0.9738499670744551	0.02615003292554501	1	5506	0	0
1.0	0.0	1	5507	0	0
1.0	0.0	1	5508	0	0
1.0	0.0	1	5509	0	0
1.0	0.0	1	5510	0	0
1.0	0.0	1	5511	0	0
1.0	0.0	1	5512	0	0
1.0	0.0	1	5513	0	0
1.0	0.0	1	5514	0	0
1.0	0.0	1	5515	0	0
1.0	0.0	1	5516	0	0
1.0	0.0	1	5517	0	0
1.0	0.0	1	5518	0	0
1.0	0.0	1	5519	0	0
1.0	0.0	1	5520	0	0
1.0	0.0	1	5521	0	0
1.0	0.0	1	5522	0	0
0.9966987661751429	0.003301233824857057	1	5523	0	0
1.0	0.0	1	5524	0	0
1.0	0.0	1	5525	0	0
1.0	0.0	1	5526	0	0
1.0	0.0	1	5527	0	0
0.8950405557426487	0.10495944425735138	1	5528	0	0
1.0	0.0	1	5529	0	0
1.0	0.0	1	5530	0	0
1.0	0.0	1	5531	0	0
1.0	0.0	1	5532	0	0
1.0	0.0	1	5533	0	0
1.0	0.0	1	5534	0	0
1.0	0.0	1	5535	0	0
1.0	0.0	1	5536	0	0
1.0	0.0	1	5537	0	0
1.0	0.0	1	5538	0	0
1.0	0.0	1	5539	0	0
1.0	0.0	1	5540	0	0
1.0	0.0	1	5541	0	0
1.0	0.0	1	5542	0	0
1.0	0.0	1	5543	0	0
1.0	0.0	1	5544	0	0
1.0	0.0	1	5545	0	0
1.0	0.0	1	5546	0	0
1.0	0.0	1	5547	0	0
1.0	0.0	1	5548	0	0
1.0	0.0	1	5549	0	0
1.0	0.0	1	5550	0	0
1.0	0.0	1	5551	0	0
0.9992102819208706	0.0007897180791293719	1	5552	0	0
1.0	0.0	1	5553	0	0
0.9992102819208706	0.0007897180791293719	1	5554	0	0
1.0	0.0	1	5555	0	0
1.0	0.0	1	5556	0	0
1.0	0.0	1	5557	0	0
1.0	0.0	1	5558	0	0
1.0	0.0	1	5559	0	0
1.0	0.0	1	5560	0	0
1.0	0.0	1	5561	0	0
1.0	0.0	1	5562	0	0
1.0	0.0	1	5563	0	0
0.12947741119466477	0.8705225888053353	1	5564	1	1
0.891923349945761	0.10807665005423904	1	5565	1	0
1.0	0.0	1	5566	0	0
1.0	0.0	1	5567	0	0
1.0	0.0	1	5568	0	0
0.9966798079353045	0.003320192064695476	1	5569	0	0
0.9966798079353045	0.003320192064695476	1	5570	0	0
1.0	0.0	1	5571	0	0
1.0	0.0	1	5572	0	0
1.0	0.0	1	5573	0	0
1.0	0.0	1	5574	0	0
1.0	0.0	1	5575	0	0
1.0	0.0	1	5576	0	0
1.0	0.0	1	5577	0	0
1.0	0.0	1	5578	0	0
1.0	0.0	1	5579	0	0
1.0	0.0	1	5580	0	0
1.0	0.0	1	5581	0	0
1.0	0.0	1	5582	0	0
1.0	0.0	1	5583	0	0
1.0	0.0	1	5584	0	0
1.0	0.0	1	5585	0	0
1.0	0.0	1	5586	0	0
1.0	0.0	1	5587	0	0
1.0	0.0	1	5588	0	0
1.0	0.0	1	5589	0	0
1.0	0.0	1	5590	0	0
1.0	0.0	1	5591	0	0
1.0	0.0	1	5592	0	0
1.0	0.0	1	5593	0	0
1.0	0.0	1	5594	0	0
1.0	0.0	1	5595	0	0
1.0	0.0	1	5596	0	0
1.0	0.0	1	5597	0	0
1.0	0.0	1	5598	0	0
1.0	0.0	1	5599	0	0
1.0	0.0	1	5600	0	0
1.0	0.0	1	5601	0	0
1.0	0.0	1	5602	0	0
0.9474150757701661	0.05258492422983401	1	5603	0	0
1.0	0.0	1	5604	0	0
1.0	0.0	1	5605	0	0
1.0	0.0	1	5606	0	0
1.0	0.0	1	5607	0	0
1.0	0.0	1	5608	0	0
1.0	0.0	1	5609	0	0
1.0	0.0	1	5610	0	0
1.0	0.0	1	5611	0	0
1.0	0.0	1	5612	0	0
1.0	0.0	1	5613	0	0
1.0	0.0	1	5614	0	0
1.0	0.0	1	5615	0	0
1.0	0.0	1	5616	0	0
1.0	0.0	1	5617	0	0
1.0	0.0	1	5618	0	0
1.0	0.0	1	5619	0	0
1.0	0.0	1	5620	0	0
0.9968580450696138	0.0031419549303861056	1	5621	0	0
1.0	0.0	1	5622	0	0
0.9968580450696138	0.0031419549303861056	1	5623	0	0
1.0	0.0	1	5624	0	0
1.0	0.0	1	5625	0	0
1.0	0.0	1	5626	0	0
1.0	0.0	1	5627	0	0
1.0	0.0	1	5628	0	0
1.0	0.0	1	5629	0	0
1.0	0.0	1	5630	0	0
1.0	0.0	1	5631	0	0
1.0	0.0	1	5632	0	0
1.0	0.0	1	5633	0	0
1.0	0.0	1	5634	0	0
1.0	0.0	1	5635	0	0
1.0	0.0	1	5636	0	0
1.0	0.0	1	5637	0	0
1.0	0.0	1	5638	0	0
1.0	0.0	1	5639	0	0
0.9970177812175673	0.0029822187824326504	1	5640	0	0
1.0	0.0	1	5641	0	0
1.0	0.0	1	5642	0	0
1.0	0.0	1	5643	0	0
1.0	0.0	1	5644	0	0
0.9968040471549242	0.0031959528450756537	1	5645	0	0
0.9968040471549242	0.0031959528450756537	1	5646	0	0
1.0	0.0	1	5647	0	0
1.0	0.0	1	5648	0	0
1.0	0.0	1	5649	0	0
1.0	0.0	1	5650	0	0
1.0	0.0	1	5651	0	0
1.0	0.0	1	5652	0	0
1.0	0.0	1	5653	0	0
1.0	0.0	1	5654	0	0
1.0	0.0	1	5655	0	0
1.0	0.0	1	5656	0	0
1.0	0.0	1	5657	0	0
1.0	0.0	1	5658	0	0
1.0	0.0	1	5659	0	0
1.0	0.0	1	5660	0	0
1.0	0.0	1	5661	0	0
1.0	0.0	1	5662	0	0
1.0	0.0	1	5663	0	0
1.0	0.0	1	5664	0	0
0.9992102819208706	0.0007897180791293719	1	5665	0	0
0.9992102819208706	0.0007897180791293719	1	5666	0	0
1.0	0.0	1	5667	0	0
0.9978391959798995	0.0021608040201005034	1	5668	0	0
1.0	0.0	1	5669	0	0
0.9978391959798995	0.0021608040201005034	1	5670	0	0
1.0	0.0	1	5671	0	0
1.0	0.0	1	5672	0	0
0.9247924276127858	0.07520757238721447	1	5673	0	0
1.0	0.0	1	5674	0	0
1.0	0.0	1	5675	0	0
1.0	0.0	1	5676	0	0
0.9966845647735006	0.003315435226499282	1	5677	0	0
0.9966845647735006	0.003315435226499282	1	5678	0	0
1.0	0.0	1	5679	0	0
1.0	0.0	1	5680	0	0
1.0	0.0	1	5681	0	0
1.0	0.0	1	5682	0	0
1.0	0.0	1	5683	0	0
1.0	0.0	1	5684	0	0
1.0	0.0	1	5685	0	0
1.0	0.0	1	5686	0	0
1.0	0.0	1	5687	0	0
1.0	0.0	1	5688	0	0
1.0	0.0	1	5689	0	0
0.993389581591064	0.0066104184089359344	1	5690	0	0
1.0	0.0	1	5691	0	0
1.0	0.0	1	5692	0	0
1.0	0.0	1	5693	0	0
1.0	0.0	1	5694	0	0
1.0	0.0	1	5695	0	0
1.0	0.0	1	5696	0	0
1.0	0.0	1	5697	0	0
0.9992102819208706	0.0007897180791293719	1	5698	0	0
1.0	0.0	1	5699	0	0
1.0	0.0	1	5700	0	0
1.0	0.0	1	5701	0	0
1.0	0.0	1	5702	0	0
1.0	0.0	1	5703	0	0
1.0	0.0	1	5704	0	0
1.0	0.0	1	5705	0	0
1.0	0.0	1	5706	0	0
1.0	0.0	1	5707	0	0
1.0	0.0	1	5708	0	0
1.0	0.0	1	5709	0	0
1.0	0.0	1	5710	0	0
1.0	0.0	1	5711	0	0
1.0	0.0	1	5712	0	0
1.0	0.0	1	5713	0	0
1.0	0.0	1	5714	0	0
1.0	0.0	1	5715	0	0
0.9984700675518287	0.0015299324481714406	1	5716	0	0
0.9984700675518287	0.0015299324481714406	1	5717	0	0
1.0	0.0	1	5718	0	0
1.0	0.0	1	5719	0	0
1.0	0.0	1	5720	0	0
1.0	0.0	1	5721	0	0
1.0	0.0	1	5722	0	0
1.0	0.0	1	5723	0	0
1.0	0.0	1	5724	0	0
1.0	0.0	1	5725	0	0
1.0	0.0	1	5726	0	0
1.0	0.0	1	5727	0	0
1.0	0.0	1	5728	0	0
1.0	0.0	1	5729	0	0
1.0	0.0	1	5730	0	0
1.0	0.0	1	5731	0	0
1.0	0.0	1	5732	0	0
1.0	0.0	1	5733	0	0
1.0	0.0	1	5734	0	0
1.0	0.0	1	5735	0	0
1.0	0.0	1	5736	0	0
1.0	0.0	1	5737	0	0
1.0	0.0	1	5738	0	0
1.0	0.0	1	5739	0	0
1.0	0.0	1	5740	0	0
1.0	0.0	1	5741	0	0
1.0	0.0	1	5742	0	0
1.0	0.0	1	5743	0	0
1.0	0.0	1	5744	0	0
1.0	0.0	1	5745	0	0
1.0	0.0	1	5746	0	0
1.0	0.0	1	5747	0	0
1.0	0.0	1	5748	0	0
1.0	0.0	1	5749	0	0
1.0	0.0	1	5750	0	0
1.0	0.0	1	5751	0	0
1.0	0.0	1	5752	0	0
1.0	0.0	1	5753	0	0
1.0	0.0	1	5754	0	0
1.0	0.0	1	5755	0	0
1.0	0.0	1	5756	0	0
1.0	0.0	1	5757	0	0
1.0	0.0	1	5758	0	0
1.0	0.0	1	5759	0	0
1.0	0.0	1	5760	0	0
1.0	0.0	1	5761	0	0
1.0	0.0	1	5762	0	0
1.0	0.0	1	5763	0	0
1.0	0.0	1	5764	0	0
1.0	0.0	1	5765	0	0
1.0	0.0	1	5766	0	0
1.0	0.0	1	5767	0	0
1.0	0.0	1	5768	0	0
1.0	0.0	1	5769	0	0
1.0	0.0	1	5770	0	0
1.0	0.0	1	5771	0	0
1.0	0.0	1	5772	0	0
1.0	0.0	1	5773	0	0
1.0	0.0	1	5774	0	0
1.0	0.0	1	5775	0	0
1.0	0.0	1	5776	0	0
1.0	0.0	1	5777	0	0
1.0	0.0	1	5778	0	0
1.0	0.0	1	5779	0	0
1.0	0.0	1	5780	0	0
0.9803863281350349	0.01961367186496498	1	5781	0	0
1.0	0.0	1	5782	0	0
0.9803863281350349	0.01961367186496498	1	5783	0	0
1.0	0.0	1	5784	0	0
0.9906184276038213	0.00938157239617883	1	5785	0	0
0.9934277347991167	0.006572265200883275	1	5786	0	0
0.9900552722982489	0.009944727701751184	1	5787	0	0
1.0	0.0	1	5788	0	0
0.9604952038971951	0.03950479610280497	1	5789	0	0
0.051254247601472555	0.9487457523985273	1	5790	1	1
0.9802611011348802	0.01973889886512006	1	5791	0	0
1.0	0.0	1	5792	0	0
0.9967012739492426	0.0032987260507573476	1	5793	0	0
1.0	0.0	1	5794	0	0
1.0	0.0	1	5795	0	0
0.9769444168351679	0.02305558316483214	1	5796	0	0
1.0	0.0	1	5797	0	0
0.9869960008809344	0.013003999119065577	1	5798	0	0
1.0	0.0	1	5799	0	0
1.0	0.0	1	5800	0	0
0.9867811181009685	0.01321888189903147	1	5801	0	0
1.0	0.0	1	5802	0	0
1.0	0.0	1	5803	0	0
1.0	0.0	1	5804	0	0
0.930963674320228	0.06903632567977197	1	5805	0	0
1.0	0.0	1	5806	0	0
0.5585770082402468	0.44142299175975325	1	5807	1	0
1.0	0.0	1	5808	0	0
1.0	0.0	1	5809	0	0
0.9735188412348115	0.026481158765188577	1	5810	0	0
1.0	0.0	1	5811	0	0
1.0	0.0	1	5812	0	0
1.0	0.0	1	5813	0	0
1.0	0.0	1	5814	0	0
1.0	0.0	1	5815	0	0
1.0	0.0	1	5816	0	0
1.0	0.0	1	5817	0	0
1.0	0.0	1	5818	0	0
1.0	0.0	1	5819	0	0
0.9967755702722589	0.003224429727740986	1	5820	0	0
0.1545317210497785	0.8454682789502216	1	5821	1	1
0.29630389202255536	0.7036961079774442	1	5822	0	1
0.25371543820891895	0.7462845617910809	1	5823	0	1
0.03489806651515883	0.9651019334848411	1	5824	1	1
0.9769769922898445	0.02302300771015571	1	5825	0	0
0.9968065675701934	0.003193432429806665	1	5826	0	0
1.0	0.0	1	5827	0	0
1.0	0.0	1	5828	0	0
1.0	0.0	1	5829	0	0
1.0	0.0	1	5830	0	0
0.5297304765249237	0.47026952347507633	1	5831	1	0
0.9966868503380765	0.003313149661923504	1	5832	0	0
0.9835186573539503	0.01648134264604971	1	5833	0	0
0.9670861953567368	0.032913804643263184	1	5834	0	0
1.0	0.0	1	5835	0	0
0.9968065675701934	0.003193432429806665	1	5836	0	0
0.0138610340241893	0.9861389659758107	1	5837	1	1
0.09791167912319151	0.9020883208768083	1	5838	1	1
0.9703223194256296	0.029677680574370154	1	5839	0	0
0.9970177812175673	0.0029822187824326504	1	5840	0	0
0.9984700675518287	0.0015299324481714406	1	5841	0	0
0.9984700675518287	0.0015299324481714406	1	5842	0	0
0.9984700675518287	0.0015299324481714406	1	5843	0	0
1.0	0.0	1	5844	0	0
1.0	0.0	1	5845	0	0
1.0	0.0	1	5846	0	0
1.0	0.0	1	5847	0	0
1.0	0.0	1	5848	0	0
1.0	0.0	1	5849	0	0
1.0	0.0	1	5850	0	0
1.0	0.0	1	5851	0	0
1.0	0.0	1	5852	0	0
1.0	0.0	1	5853	0	0
1.0	0.0	1	5854	0	0
1.0	0.0	1	5855	0	0
1.0	0.0	1	5856	0	0
1.0	0.0	1	5857	0	0
1.0	0.0	1	5858	0	0
1.0	0.0	1	5859	0	0
1.0	0.0	1	5860	0	0
0.9984700675518287	0.0015299324481714406	1	5861	0	0
1.0	0.0	1	5862	0	0
0.9984700675518287	0.0015299324481714406	1	5863	0	0
1.0	0.0	1	5864	0	0
1.0	0.0	1	5865	0	0
1.0	0.0	1	5866	0	0
1.0	0.0	1	5867	0	0
1.0	0.0	1	5868	0	0
1.0	0.0	1	5869	0	0
1.0	0.0	1	5870	0	0
1.0	0.0	1	5871	0	0
1.0	0.0	1	5872	0	0
1.0	0.0	1	5873	0	0
1.0	0.0	1	5874	0	0
1.0	0.0	1	5875	0	0
1.0	0.0	1	5876	0	0
1.0	0.0	1	5877	0	0
1.0	0.0	1	5878	0	0
1.0	0.0	1	5879	0	0
1.0	0.0	1	5880	0	0
1.0	0.0	1	5881	0	0
1.0	0.0	1	5882	0	0
0.9984700675518287	0.0015299324481714406	1	5883	0	0
1.0	0.0	1	5884	0	0
0.9984700675518287	0.0015299324481714406	1	5885	0	0
1.0	0.0	1	5886	0	0
1.0	0.0	1	5887	0	0
1.0	0.0	1	5888	0	0
1.0	0.0	1	5889	0	0
1.0	0.0	1	5890	0	0
1.0	0.0	1	5891	0	0
1.0	0.0	1	5892	0	0
1.0	0.0	1	5893	0	0
1.0	0.0	1	5894	0	0
0.9984700675518287	0.0015299324481714406	1	5895	0	0
0.9984700675518287	0.0015299324481714406	1	5896	0	0
0.9968946796959826	0.0031053203040173716	1	5897	0	0
1.0	0.0	1	5898	0	0
1.0	0.0	1	5899	0	0
1.0	0.0	1	5900	0	0
1.0	0.0	1	5901	0	0
1.0	0.0	1	5902	0	0
1.0	0.0	1	5903	0	0
0.9967764865031051	0.003223513496894791	1	5904	0	0
0.9992102819208706	0.0007897180791293719	1	5905	0	0
0.9992102819208706	0.0007897180791293719	1	5906	0	0
1.0	0.0	1	5907	0	0
1.0	0.0	1	5908	0	0
1.0	0.0	1	5909	0	0
0.9992102819208706	0.0007897180791293719	1	5910	0	0
1.0	0.0	1	5911	0	0
0.9933931132392751	0.006606886760724773	1	5912	0	0
1.0	0.0	1	5913	0	0
1.0	0.0	1	5914	0	0
1.0	0.0	1	5915	0	0
0.9934077159575524	0.006592284042447685	1	5916	0	0
1.0	0.0	1	5917	0	0
1.0	0.0	1	5918	0	0
1.0	0.0	1	5919	0	0
1.0	0.0	1	5920	0	0
1.0	0.0	1	5921	0	0
1.0	0.0	1	5922	0	0
1.0	0.0	1	5923	0	0
0.9967057879426221	0.0032942120573778715	1	5924	0	0
1.0	0.0	1	5925	0	0
1.0	0.0	1	5926	0	0
1.0	0.0	1	5927	0	0
1.0	0.0	1	5928	0	0
1.0	0.0	1	5929	0	0
1.0	0.0	1	5930	0	0
0.996681273295054	0.003318726704946107	1	5931	0	0
1.0	0.0	1	5932	0	0
1.0	0.0	1	5933	0	0
1.0	0.0	1	5934	0	0
1.0	0.0	1	5935	0	0
1.0	0.0	1	5936	0	0
1.0	0.0	1	5937	0	0
1.0	0.0	1	5938	0	0
1.0	0.0	1	5939	0	0
1.0	0.0	1	5940	0	0
1.0	0.0	1	5941	0	0
0.9967508542564254	0.003249145743574506	1	5942	0	0
1.0	0.0	1	5943	0	0
1.0	0.0	1	5944	0	0
1.0	0.0	1	5945	0	0
1.0	0.0	1	5946	0	0
1.0	0.0	1	5947	0	0
1.0	0.0	1	5948	0	0
1.0	0.0	1	5949	0	0
1.0	0.0	1	5950	0	0
1.0	0.0	1	5951	0	0
1.0	0.0	1	5952	0	0
1.0	0.0	1	5953	0	0
1.0	0.0	1	5954	0	0
1.0	0.0	1	5955	0	0
1.0	0.0	1	5956	0	0
1.0	0.0	1	5957	0	0
1.0	0.0	1	5958	0	0
1.0	0.0	1	5959	0	0
1.0	0.0	1	5960	0	0
1.0	0.0	1	5961	0	0
1.0	0.0	1	5962	0	0
1.0	0.0	1	5963	0	0
1.0	0.0	1	5964	0	0
1.0	0.0	1	5965	0	0
1.0	0.0	1	5966	0	0
0.9902029928273509	0.009797007172648925	1	5967	0	0
0.9902029928273509	0.009797007172648925	1	5968	0	0
1.0	0.0	1	5969	0	0
1.0	0.0	1	5970	0	0
1.0	0.0	1	5971	0	0
1.0	0.0	1	5972	0	0
1.0	0.0	1	5973	0	0
0.9803198296294205	0.019680170370579456	1	5974	0	0
1.0	0.0	1	5975	0	0
1.0	0.0	1	5976	0	0
1.0	0.0	1	5977	0	0
1.0	0.0	1	5978	0	0
1.0	0.0	1	5979	0	0
1.0	0.0	1	5980	0	0
0.986975215694412	0.013024784305587967	1	5981	0	0
0.986975215694412	0.013024784305587967	1	5982	0	0
1.0	0.0	1	5983	0	0
0.9736489093495506	0.026351090650449403	1	5984	0	0
1.0	0.0	1	5985	0	0
0.9868386817597306	0.013161318240269575	1	5986	0	0
0.9868386817597306	0.013161318240269575	1	5987	0	0
1.0	0.0	1	5988	0	0
1.0	0.0	1	5989	0	0
1.0	0.0	1	5990	0	0
1.0	0.0	1	5991	0	0
0.9901080551393484	0.009891944860651496	1	5992	0	0
0.9046767963187923	0.09532320368120774	1	5993	0	0
1.0	0.0	1	5994	0	0
1.0	0.0	1	5995	0	0
1.0	0.0	1	5996	0	0
1.0	0.0	1	5997	0	0
1.0	0.0	1	5998	0	0
1.0	0.0	1	5999	0	0
1.0	0.0	1	6000	0	0
1.0	0.0	1	6001	0	0
0.9868074581129127	0.013192541887087128	1	6002	0	0
1.0	0.0	1	6003	0	0
1.0	0.0	1	6004	0	0
1.0	0.0	1	6005	0	0
1.0	0.0	1	6006	0	0
1.0	0.0	1	6007	0	0
1.0	0.0	1	6008	0	0
1.0	0.0	1	6009	0	0
1.0	0.0	1	6010	0	0
1.0	0.0	1	6011	0	0
1.0	0.0	1	6012	0	0
1.0	0.0	1	6013	0	0
0.9901505623922516	0.009849437607748332	1	6014	0	0
1.0	0.0	1	6015	0	0
1.0	0.0	1	6016	0	0
1.0	0.0	1	6017	0	0
1.0	0.0	1	6018	0	0
1.0	0.0	1	6019	0	0
1.0	0.0	1	6020	0	0
1.0	0.0	1	6021	0	0
1.0	0.0	1	6022	0	0
1.0	0.0	1	6023	0	0
1.0	0.0	1	6024	0	0
1.0	0.0	1	6025	0	0
1.0	0.0	1	6026	0	0
1.0	0.0	1	6027	0	0
1.0	0.0	1	6028	0	0
1.0	0.0	1	6029	0	0
1.0	0.0	1	6030	0	0
1.0	0.0	1	6031	0	0
1.0	0.0	1	6032	0	0
1.0	0.0	1	6033	0	0
1.0	0.0	1	6034	0	0
1.0	0.0	1	6035	0	0
1.0	0.0	1	6036	0	0
1.0	0.0	1	6037	0	0
1.0	0.0	1	6038	0	0
1.0	0.0	1	6039	0	0
1.0	0.0	1	6040	0	0
1.0	0.0	1	6041	0	0
1.0	0.0	1	6042	0	0
1.0	0.0	1	6043	0	0
1.0	0.0	1	6044	0	0
0.9967027731808836	0.0032972268191163935	1	6045	0	0
0.9967971183800621	0.0032028816199376944	1	6046	0	0
1.0	0.0	1	6047	0	0
1.0	0.0	1	6048	0	0
1.0	0.0	1	6049	0	0
1.0	0.0	1	6050	0	0
1.0	0.0	1	6051	0	0
1.0	0.0	1	6052	0	0
1.0	0.0	1	6053	0	0
1.0	0.0	1	6054	0	0
0.9902410484815287	0.009758951518471256	1	6055	0	0
1.0	0.0	1	6056	0	0
1.0	0.0	1	6057	0	0
1.0	0.0	1	6058	0	0
1.0	0.0	1	6059	0	0
1.0	0.0	1	6060	0	0
1.0	0.0	1	6061	0	0
1.0	0.0	1	6062	0	0
1.0	0.0	1	6063	0	0
1.0	0.0	1	6064	0	0
1.0	0.0	1	6065	0	0
1.0	0.0	1	6066	0	0
1.0	0.0	1	6067	0	0
1.0	0.0	1	6068	0	0
1.0	0.0	1	6069	0	0
0.02746958767728586	0.972530412322714	1	6070	1	1
1.0	0.0	1	6071	0	0
1.0	0.0	1	6072	0	0
1.0	0.0	1	6073	0	0
1.0	0.0	1	6074	0	0
1.0	0.0	1	6075	0	0
1.0	0.0	1	6076	0	0
0.865576181337624	0.1344238186623759	1	6077	0	0
0.9992102819208706	0.0007897180791293719	1	6078	0	0
0.9992102819208706	0.0007897180791293719	1	6079	0	0
1.0	0.0	1	6080	0	0
1.0	0.0	1	6081	0	0
1.0	0.0	1	6082	0	0
1.0	0.0	1	6083	0	0
1.0	0.0	1	6084	0	0
1.0	0.0	1	6085	0	0
1.0	0.0	1	6086	0	0
1.0	0.0	1	6087	0	0
1.0	0.0	1	6088	0	0
1.0	0.0	1	6089	0	0
1.0	0.0	1	6090	0	0
1.0	0.0	1	6091	0	0
0.996724997507229	0.0032750024927709646	1	6092	0	0
1.0	0.0	1	6093	0	0
1.0	0.0	1	6094	0	0
1.0	0.0	1	6095	0	0
1.0	0.0	1	6096	0	0
1.0	0.0	1	6097	0	0
1.0	0.0	1	6098	0	0
1.0	0.0	1	6099	0	0
1.0	0.0	1	6100	0	0
0.9992102819208706	0.0007897180791293719	1	6101	0	0
1.0	0.0	1	6102	0	0
1.0	0.0	1	6103	0	0
1.0	0.0	1	6104	0	0
1.0	0.0	1	6105	0	0
1.0	0.0	1	6106	0	0
1.0	0.0	1	6107	0	0
1.0	0.0	1	6108	0	0
1.0	0.0	1	6109	0	0
1.0	0.0	1	6110	0	0
1.0	0.0	1	6111	0	0
1.0	0.0	1	6112	0	0
0.9992102819208706	0.0007897180791293719	1	6113	0	0
1.0	0.0	1	6114	0	0
1.0	0.0	1	6115	0	0
1.0	0.0	1	6116	0	0
1.0	0.0	1	6117	0	0
1.0	0.0	1	6118	0	0
0.9992102819208706	0.0007897180791293719	1	6119	0	0
0.9992102819208706	0.0007897180791293719	1	6120	0	0
1.0	0.0	1	6121	0	0
1.0	0.0	1	6122	0	0
1.0	0.0	1	6123	0	0
1.0	0.0	1	6124	0	0
1.0	0.0	1	6125	0	0
1.0	0.0	1	6126	0	0
1.0	0.0	1	6127	0	0
1.0	0.0	1	6128	0	0
1.0	0.0	1	6129	0	0
1.0	0.0	1	6130	0	0
1.0	0.0	1	6131	0	0
1.0	0.0	1	6132	0	0
1.0	0.0	1	6133	0	0
1.0	0.0	1	6134	0	0
0.9612103911635722	0.03878960883642782	1	6135	0	0
1.0	0.0	1	6136	0	0
1.0	0.0	1	6137	0	0
1.0	0.0	1	6138	0	0
1.0	0.0	1	6139	0	0
1.0	0.0	1	6140	0	0
1.0	0.0	1	6141	0	0
1.0	0.0	1	6142	0	0
1.0	0.0	1	6143	0	0
1.0	0.0	1	6144	0	0
1.0	0.0	1	6145	0	0
1.0	0.0	1	6146	0	0
1.0	0.0	1	6147	0	0
1.0	0.0	1	6148	0	0
1.0	0.0	1	6149	0	0
1.0	0.0	1	6150	0	0
1.0	0.0	1	6151	0	0
1.0	0.0	1	6152	0	0
1.0	0.0	1	6153	0	0
0.9950331617344436	0.004966838265556351	1	6154	0	0
1.0	0.0	1	6155	0	0
1.0	0.0	1	6156	0	0
1.0	0.0	1	6157	0	0
1.0	0.0	1	6158	0	0
1.0	0.0	1	6159	0	0
1.0	0.0	1	6160	0	0
1.0	0.0	1	6161	0	0
1.0	0.0	1	6162	0	0
0.9984700675518287	0.0015299324481714406	1	6163	0	0
1.0	0.0	1	6164	0	0
0.9984700675518287	0.0015299324481714406	1	6165	0	0
1.0	0.0	1	6166	0	0
1.0	0.0	1	6167	0	0
1.0	0.0	1	6168	0	0
1.0	0.0	1	6169	0	0
1.0	0.0	1	6170	0	0
1.0	0.0	1	6171	0	0
1.0	0.0	1	6172	0	0
1.0	0.0	1	6173	0	0
1.0	0.0	1	6174	0	0
1.0	0.0	1	6175	0	0
1.0	0.0	1	6176	0	0
1.0	0.0	1	6177	0	0
0.9992102819208706	0.0007897180791293719	1	6178	0	0
1.0	0.0	1	6179	0	0
0.9992102819208706	0.0007897180791293719	1	6180	0	0
1.0	0.0	1	6181	0	0
1.0	0.0	1	6182	0	0
1.0	0.0	1	6183	0	0
1.0	0.0	1	6184	0	0
0.9978391959798995	0.0021608040201005034	1	6185	0	0
1.0	0.0	1	6186	0	0
0.9992102819208706	0.0007897180791293719	1	6187	0	0
1.0	0.0	1	6188	0	0
0.9992102819208706	0.0007897180791293719	1	6189	0	0
1.0	0.0	1	6190	0	0
0.9934095581966801	0.006590441803319793	1	6191	0	0
1.0	0.0	1	6192	0	0
1.0	0.0	1	6193	0	0
1.0	0.0	1	6194	0	0
1.0	0.0	1	6195	0	0
1.0	0.0	1	6196	0	0
1.0	0.0	1	6197	0	0
1.0	0.0	1	6198	0	0
1.0	0.0	1	6199	0	0
1.0	0.0	1	6200	0	0
0.9966798079353045	0.003320192064695476	1	6201	0	0
0.9966798079353045	0.003320192064695476	1	6202	0	0
1.0	0.0	1	6203	0	0
1.0	0.0	1	6204	0	0
1.0	0.0	1	6205	0	0
1.0	0.0	1	6206	0	0
1.0	0.0	1	6207	0	0
1.0	0.0	1	6208	0	0
1.0	0.0	1	6209	0	0
1.0	0.0	1	6210	0	0
1.0	0.0	1	6211	0	0
0.9992102819208706	0.0007897180791293719	1	6212	0	0
1.0	0.0	1	6213	0	0
0.9992102819208706	0.0007897180791293719	1	6214	0	0
1.0	0.0	1	6215	0	0
1.0	0.0	1	6216	0	0
1.0	0.0	1	6217	0	0
1.0	0.0	1	6218	0	0
1.0	0.0	1	6219	0	0
1.0	0.0	1	6220	0	0
1.0	0.0	1	6221	0	0
1.0	0.0	1	6222	0	0
1.0	0.0	1	6223	0	0
1.0	0.0	1	6224	0	0
1.0	0.0	1	6225	0	0
1.0	0.0	1	6226	0	0
1.0	0.0	1	6227	0	0
1.0	0.0	1	6228	0	0
1.0	0.0	1	6229	0	0
1.0	0.0	1	6230	0	0
1.0	0.0	1	6231	0	0
1.0	0.0	1	6232	0	0
1.0	0.0	1	6233	0	0
1.0	0.0	1	6234	0	0
1.0	0.0	1	6235	0	0
0.9992102819208706	0.0007897180791293719	1	6236	0	0
0.07094346751534357	0.9290565324846565	1	6237	1	1
1.0	0.0	1	6238	0	0
1.0	0.0	1	6239	0	0
1.0	0.0	1	6240	0	0
0.9738272349436738	0.026172765056326316	1	6241	0	0
1.0	0.0	1	6242	0	0
0.0007045680064515077	0.9992954319935482	1	6243	1	1
1.0	0.0	1	6244	0	0
1.0	0.0	1	6245	0	0
1.0	0.0	1	6246	0	0
1.0	0.0	1	6247	0	0
0.9992102819208706	0.0007897180791293719	1	6248	0	0
1.0	0.0	1	6249	0	0
1.0	0.0	1	6250	0	0
1.0	0.0	1	6251	0	0
1.0	0.0	1	6252	0	0
1.0	0.0	1	6253	0	0
1.0	0.0	1	6254	0	0
1.0	0.0	1	6255	0	0
1.0	0.0	1	6256	0	0
1.0	0.0	1	6257	0	0
1.0	0.0	1	6258	0	0
1.0	0.0	1	6259	0	0
1.0	0.0	1	6260	0	0
1.0	0.0	1	6261	0	0
1.0	0.0	1	6262	0	0
1.0	0.0	1	6263	0	0
1.0	0.0	1	6264	0	0
1.0	0.0	1	6265	0	0
1.0	0.0	1	6266	0	0
1.0	0.0	1	6267	0	0
1.0	0.0	1	6268	0	0
0.2334117745391923	0.7665882254608071	1	6269	1	1
1.0	0.0	1	6270	0	0
1.0	0.0	1	6271	0	0
1.0	0.0	1	6272	0	0
1.0	0.0	1	6273	0	0
1.0	0.0	1	6274	0	0
1.0	0.0	1	6275	0	0
1.0	0.0	1	6276	0	0
0.9901861842857752	0.009813815714224851	1	6277	0	0
1.0	0.0	1	6278	0	0
1.0	0.0	1	6279	0	0
1.0	0.0	1	6280	0	0
1.0	0.0	1	6281	0	0
1.0	0.0	1	6282	0	0
1.0	0.0	1	6283	0	0
0.9992102819208706	0.0007897180791293719	1	6284	0	0
0.9992102819208706	0.0007897180791293719	1	6285	0	0
1.0	0.0	1	6286	0	0
1.0	0.0	1	6287	0	0
1.0	0.0	1	6288	0	0
1.0	0.0	1	6289	0	0
1.0	0.0	1	6290	0	0
0.9970177812175673	0.0029822187824326504	1	6291	0	0
1.0	0.0	1	6292	0	0
1.0	0.0	1	6293	0	0
1.0	0.0	1	6294	0	0
1.0	0.0	1	6295	0	0
0.9984700675518287	0.0015299324481714406	1	6296	0	0
1.0	0.0	1	6297	0	0
1.0	0.0	1	6298	0	0
1.0	0.0	1	6299	0	0
0.9951876248037369	0.004812375196263044	1	6300	0	0
1.0	0.0	1	6301	0	0
0.9951876248037369	0.004812375196263044	1	6302	0	0
0.8221153719635477	0.1778846280364523	1	6303	0	0
0.9970177812175673	0.0029822187824326504	1	6304	0	0
1.0	0.0	1	6305	0	0
1.0	0.0	1	6306	0	0
0.9992102819208706	0.0007897180791293719	1	6307	0	0
1.0	0.0	1	6308	0	0
1.0	0.0	1	6309	0	0
1.0	0.0	1	6310	0	0
1.0	0.0	1	6311	0	0
1.0	0.0	1	6312	0	0
1.0	0.0	1	6313	0	0
1.0	0.0	1	6314	0	0
1.0	0.0	1	6315	0	0
1.0	0.0	1	6316	0	0
0.9967361628195582	0.003263837180441797	1	6317	0	0
1.0	0.0	1	6318	0	0
0.9967361628195582	0.003263837180441797	1	6319	0	0
1.0	0.0	1	6320	0	0
1.0	0.0	1	6321	0	0
1.0	0.0	1	6322	0	0
1.0	0.0	1	6323	0	0
1.0	0.0	1	6324	0	0
1.0	0.0	1	6325	0	0
1.0	0.0	1	6326	0	0
1.0	0.0	1	6327	0	0
1.0	0.0	1	6328	0	0
0.9867678161674811	0.013232183832518951	1	6329	0	0
1.0	0.0	1	6330	0	0
1.0	0.0	1	6331	0	0
1.0	0.0	1	6332	0	0
1.0	0.0	1	6333	0	0
1.0	0.0	1	6334	0	0
1.0	0.0	1	6335	0	0
0.9992102819208706	0.0007897180791293719	1	6336	0	0
1.0	0.0	1	6337	0	0
1.0	0.0	1	6338	0	0
1.0	0.0	1	6339	0	0
1.0	0.0	1	6340	0	0
1.0	0.0	1	6341	0	0
1.0	0.0	1	6342	0	0
1.0	0.0	1	6343	0	0
1.0	0.0	1	6344	0	0
1.0	0.0	1	6345	0	0
1.0	0.0	1	6346	0	0
1.0	0.0	1	6347	0	0
1.0	0.0	1	6348	0	0
0.9934291024462993	0.006570897553700512	1	6349	0	0
1.0	0.0	1	6350	0	0
1.0	0.0	1	6351	0	0
0.9992102819208706	0.0007897180791293719	1	6352	0	0
1.0	0.0	1	6353	0	0
1.0	0.0	1	6354	0	0
1.0	0.0	1	6355	0	0
0.9992102819208706	0.0007897180791293719	1	6356	0	0
1.0	0.0	1	6357	0	0
0.9210253219064763	0.07897467809352371	1	6358	0	0
1.0	0.0	1	6359	0	0
1.0	0.0	1	6360	0	0
1.0	0.0	1	6361	0	0
0.9992102819208706	0.0007897180791293719	1	6362	0	0
1.0	0.0	1	6363	0	0
0.9992102819208706	0.0007897180791293719	1	6364	0	0
1.0	0.0	1	6365	0	0
1.0	0.0	1	6366	0	0
1.0	0.0	1	6367	0	0
1.0	0.0	1	6368	0	0
1.0	0.0	1	6369	0	0
1.0	0.0	1	6370	0	0
1.0	0.0	1	6371	0	0
1.0	0.0	1	6372	0	0
0.9992102819208706	0.0007897180791293719	1	6373	0	0
1.0	0.0	1	6374	0	0
0.9992102819208706	0.0007897180791293719	1	6375	0	0
0.9213539606938711	0.07864603930612865	1	6376	0	0
1.0	0.0	1	6377	0	0
1.0	0.0	1	6378	0	0
1.0	0.0	1	6379	0	0
1.0	0.0	1	6380	0	0
1.0	0.0	1	6381	0	0
1.0	0.0	1	6382	0	0
1.0	0.0	1	6383	0	0
0.9605841306623844	0.03941586933761571	1	6384	0	0
1.0	0.0	1	6385	0	0
1.0	0.0	1	6386	0	0
1.0	0.0	1	6387	0	0
1.0	0.0	1	6388	0	0
1.0	0.0	1	6389	0	0
1.0	0.0	1	6390	0	0
0.9887587309265358	0.011241269073464153	1	6391	0	0
1.0	0.0	1	6392	0	0
1.0	0.0	1	6393	0	0
1.0	0.0	1	6394	0	0
1.0	0.0	1	6395	0	0
1.0	0.0	1	6396	0	0
1.0	0.0	1	6397	0	0
1.0	0.0	1	6398	0	0
1.0	0.0	1	6399	0	0
1.0	0.0	1	6400	0	0
1.0	0.0	1	6401	0	0
1.0	0.0	1	6402	0	0
1.0	0.0	1	6403	0	0
1.0	0.0	1	6404	0	0
1.0	0.0	1	6405	0	0
1.0	0.0	1	6406	0	0
1.0	0.0	1	6407	0	0
1.0	0.0	1	6408	0	0
1.0	0.0	1	6409	0	0
1.0	0.0	1	6410	0	0
1.0	0.0	1	6411	0	0
1.0	0.0	1	6412	0	0
0.9992102819208706	0.0007897180791293719	1	6413	0	0
1.0	0.0	1	6414	0	0
0.04077368966118044	0.9592263103388192	1	6415	1	1
1.0	0.0	1	6416	0	0
1.0	0.0	1	6417	0	0
0.9966798079353045	0.003320192064695476	1	6418	0	0
0.9966798079353045	0.003320192064695476	1	6419	0	0
1.0	0.0	1	6420	0	0
1.0	0.0	1	6421	0	0
1.0	0.0	1	6422	0	0
1.0	0.0	1	6423	0	0
1.0	0.0	1	6424	0	0
1.0	0.0	1	6425	0	0
1.0	0.0	1	6426	0	0
1.0	0.0	1	6427	0	0
1.0	0.0	1	6428	0	0
1.0	0.0	1	6429	0	0
1.0	0.0	1	6430	0	0
1.0	0.0	1	6431	0	0
1.0	0.0	1	6432	0	0
1.0	0.0	1	6433	0	0
1.0	0.0	1	6434	0	0
1.0	0.0	1	6435	0	0
1.0	0.0	1	6436	0	0
1.0	0.0	1	6437	0	0
1.0	0.0	1	6438	0	0
1.0	0.0	1	6439	0	0
1.0	0.0	1	6440	0	0
1.0	0.0	1	6441	0	0
1.0	0.0	1	6442	0	0
0.9992102819208706	0.0007897180791293719	1	6443	0	0
1.0	0.0	1	6444	0	0
0.9992102819208706	0.0007897180791293719	1	6445	0	0
1.0	0.0	1	6446	0	0
1.0	0.0	1	6447	0	0
1.0	0.0	1	6448	0	0
1.0	0.0	1	6449	0	0
1.0	0.0	1	6450	0	0
1.0	0.0	1	6451	0	0
1.0	0.0	1	6452	0	0
1.0	0.0	1	6453	0	0
1.0	0.0	1	6454	0	0
0.9705542538990763	0.029445746100923705	1	6455	0	0
1.0	0.0	1	6456	0	0
1.0	0.0	1	6457	0	0
0.9969382624080455	0.00306173759195456	1	6458	0	0
0.9966981185524039	0.003301881447596109	1	6459	0	0
0.9768403479757561	0.02315965202424381	1	6460	0	0
1.0	0.0	1	6461	0	0
1.0	0.0	1	6462	0	0
1.0	0.0	1	6463	0	0
1.0	0.0	1	6464	0	0
1.0	0.0	1	6465	0	0
1.0	0.0	1	6466	0	0
1.0	0.0	1	6467	0	0
1.0	0.0	1	6468	0	0
1.0	0.0	1	6469	0	0
0.9992102819208706	0.0007897180791293719	1	6470	0	0
0.9992102819208706	0.0007897180791293719	1	6471	0	0
1.0	0.0	1	6472	0	0
1.0	0.0	1	6473	0	0
0.08550630190641573	0.9144936980935844	1	6474	1	1
0.044378595485509945	0.9556214045144901	1	6475	1	1
0.9603921368096299	0.03960786319037013	1	6476	0	0
1.0	0.0	1	6477	0	0
1.0	0.0	1	6478	0	0
1.0	0.0	1	6479	0	0
1.0	0.0	1	6480	0	0
0.9950331617344436	0.004966838265556351	1	6481	0	0
1.0	0.0	1	6482	0	0
1.0	0.0	1	6483	0	0
1.0	0.0	1	6484	0	0
1.0	0.0	1	6485	0	0
1.0	0.0	1	6486	0	0
1.0	0.0	1	6487	0	0
1.0	0.0	1	6488	0	0
1.0	0.0	1	6489	0	0
1.0	0.0	1	6490	0	0
1.0	0.0	1	6491	0	0
1.0	0.0	1	6492	0	0
1.0	0.0	1	6493	0	0
1.0	0.0	1	6494	0	0
1.0	0.0	1	6495	0	0
0.40138136927102114	0.5986186307289788	1	6496	0	1
1.0	0.0	1	6497	0	0
1.0	0.0	1	6498	0	0
1.0	0.0	1	6499	0	0
1.0	0.0	1	6500	0	0
1.0	0.0	1	6501	0	0
1.0	0.0	1	6502	0	0
1.0	0.0	1	6503	0	0
1.0	0.0	1	6504	0	0
1.0	0.0	1	6505	0	0
1.0	0.0	1	6506	0	0
1.0	0.0	1	6507	0	0
1.0	0.0	1	6508	0	0
1.0	0.0	1	6509	0	0
1.0	0.0	1	6510	0	0
1.0	0.0	1	6511	0	0
1.0	0.0	1	6512	0	0
1.0	0.0	1	6513	0	0
0.9966848182322392	0.003315181767760803	1	6514	0	0
0.9735215201169124	0.026478479883087682	1	6515	0	0
1.0	0.0	1	6516	0	0
0.9735215201169124	0.026478479883087682	1	6517	0	0
0.9673896787105916	0.03261032128940839	1	6518	0	0
1.0	0.0	1	6519	0	0
1.0	0.0	1	6520	0	0
1.0	0.0	1	6521	0	0
1.0	0.0	1	6522	0	0
1.0	0.0	1	6523	0	0
1.0	0.0	1	6524	0	0
1.0	0.0	1	6525	0	0
1.0	0.0	1	6526	0	0
1.0	0.0	1	6527	0	0
1.0	0.0	1	6528	0	0
1.0	0.0	1	6529	0	0
1.0	0.0	1	6530	0	0
1.0	0.0	1	6531	0	0
1.0	0.0	1	6532	0	0
1.0	0.0	1	6533	0	0
1.0	0.0	1	6534	0	0
1.0	0.0	1	6535	0	0
1.0	0.0	1	6536	0	0
1.0	0.0	1	6537	0	0
1.0	0.0	1	6538	0	0
1.0	0.0	1	6539	0	0
1.0	0.0	1	6540	0	0
0.986781643803697	0.01321835619630307	1	6541	0	0
1.0	0.0	1	6542	0	0
0.9967047848329821	0.003295215167017755	1	6543	0	0
1.0	0.0	1	6544	0	0
0.9967047848329821	0.003295215167017755	1	6545	0	0
1.0	0.0	1	6546	0	0
1.0	0.0	1	6547	0	0
1.0	0.0	1	6548	0	0
1.0	0.0	1	6549	0	0
1.0	0.0	1	6550	0	0
1.0	0.0	1	6551	0	0
1.0	0.0	1	6552	0	0
1.0	0.0	1	6553	0	0
1.0	0.0	1	6554	0	0
1.0	0.0	1	6555	0	0
0.9967726893437392	0.0032273106562607373	1	6556	0	0
1.0	0.0	1	6557	0	0
1.0	0.0	1	6558	0	0
1.0	0.0	1	6559	0	0
1.0	0.0	1	6560	0	0
1.0	0.0	1	6561	0	0
1.0	0.0	1	6562	0	0
1.0	0.0	1	6563	0	0
1.0	0.0	1	6564	0	0
1.0	0.0	1	6565	0	0
1.0	0.0	1	6566	0	0
1.0	0.0	1	6567	0	0
1.0	0.0	1	6568	0	0
1.0	0.0	1	6569	0	0
1.0	0.0	1	6570	0	0
1.0	0.0	1	6571	0	0
0.9967508667657257	0.0032491332342743933	1	6572	0	0
1.0	0.0	1	6573	0	0
0.9992102819208706	0.0007897180791293719	1	6574	0	0
1.0	0.0	1	6575	0	0
1.0	0.0	1	6576	0	0
1.0	0.0	1	6577	0	0
1.0	0.0	1	6578	0	0
1.0	0.0	1	6579	0	0
1.0	0.0	1	6580	0	0
1.0	0.0	1	6581	0	0
1.0	0.0	1	6582	0	0
1.0	0.0	1	6583	0	0
1.0	0.0	1	6584	0	0
1.0	0.0	1	6585	0	0
1.0	0.0	1	6586	0	0
1.0	0.0	1	6587	0	0
0.9835553584308654	0.01644464156913464	1	6588	0	0
0.9835553584308654	0.01644464156913464	1	6589	0	0
0.9835553584308654	0.01644464156913464	1	6590	0	0
1.0	0.0	1	6591	0	0
1.0	0.0	1	6592	0	0
0.9279816614043516	0.0720183385956484	1	6593	0	0
1.0	0.0	1	6594	0	0
1.0	0.0	1	6595	0	0
1.0	0.0	1	6596	0	0
1.0	0.0	1	6597	0	0
1.0	0.0	1	6598	0	0
1.0	0.0	1	6599	0	0
1.0	0.0	1	6600	0	0
1.0	0.0	1	6601	0	0
1.0	0.0	1	6602	0	0
1.0	0.0	1	6603	0	0
1.0	0.0	1	6604	0	0
1.0	0.0	1	6605	0	0
1.0	0.0	1	6606	0	0
1.0	0.0	1	6607	0	0
1.0	0.0	1	6608	0	0
1.0	0.0	1	6609	0	0
1.0	0.0	1	6610	0	0
1.0	0.0	1	6611	0	0
1.0	0.0	1	6612	0	0
1.0	0.0	1	6613	0	0
1.0	0.0	1	6614	0	0
1.0	0.0	1	6615	0	0
1.0	0.0	1	6616	0	0
1.0	0.0	1	6617	0	0
1.0	0.0	1	6618	0	0
1.0	0.0	1	6619	0	0
1.0	0.0	1	6620	0	0
0.9867042347307434	0.013295765269256566	1	6621	0	0
0.9869913933760569	0.013008606623943202	1	6622	0	0
1.0	0.0	1	6623	0	0
1.0	0.0	1	6624	0	0
1.0	0.0	1	6625	0	0
1.0	0.0	1	6626	0	0
1.0	0.0	1	6627	0	0
1.0	0.0	1	6628	0	0
1.0	0.0	1	6629	0	0
1.0	0.0	1	6630	0	0
1.0	0.0	1	6631	0	0
1.0	0.0	1	6632	0	0
1.0	0.0	1	6633	0	0
1.0	0.0	1	6634	0	0
1.0	0.0	1	6635	0	0
1.0	0.0	1	6636	0	0
1.0	0.0	1	6637	0	0
1.0	0.0	1	6638	0	0
1.0	0.0	1	6639	0	0
1.0	0.0	1	6640	0	0
1.0	0.0	1	6641	0	0
1.0	0.0	1	6642	0	0
1.0	0.0	1	6643	0	0
1.0	0.0	1	6644	0	0
1.0	0.0	1	6645	0	0
1.0	0.0	1	6646	0	0
1.0	0.0	1	6647	0	0
1.0	0.0	1	6648	0	0
1.0	0.0	1	6649	0	0
1.0	0.0	1	6650	0	0
1.0	0.0	1	6651	0	0
1.0	0.0	1	6652	0	0
1.0	0.0	1	6653	0	0
1.0	0.0	1	6654	0	0
1.0	0.0	1	6655	0	0
1.0	0.0	1	6656	0	0
1.0	0.0	1	6657	0	0
1.0	0.0	1	6658	0	0
1.0	0.0	1	6659	0	0
1.0	0.0	1	6660	0	0
1.0	0.0	1	6661	0	0
1.0	0.0	1	6662	0	0
1.0	0.0	1	6663	0	0
1.0	0.0	1	6664	0	0
1.0	0.0	1	6665	0	0
1.0	0.0	1	6666	0	0
1.0	0.0	1	6667	0	0
1.0	0.0	1	6668	0	0
0.9966820346156753	0.0033179653843246923	1	6669	0	0
1.0	0.0	1	6670	0	0
1.0	0.0	1	6671	0	0
1.0	0.0	1	6672	0	0
1.0	0.0	1	6673	0	0
1.0	0.0	1	6674	0	0
1.0	0.0	1	6675	0	0
1.0	0.0	1	6676	0	0
1.0	0.0	1	6677	0	0
1.0	0.0	1	6678	0	0
1.0	0.0	1	6679	0	0
1.0	0.0	1	6680	0	0
1.0	0.0	1	6681	0	0
1.0	0.0	1	6682	0	0
1.0	0.0	1	6683	0	0
1.0	0.0	1	6684	0	0
1.0	0.0	1	6685	0	0
1.0	0.0	1	6686	0	0
1.0	0.0	1	6687	0	0
0.9978391959798995	0.0021608040201005034	1	6688	0	0
0.9978391959798995	0.0021608040201005034	1	6689	0	0
1.0	0.0	1	6690	0	0
1.0	0.0	1	6691	0	0
1.0	0.0	1	6692	0	0
0.9967072926070819	0.003292707392918046	1	6693	0	0
1.0	0.0	1	6694	0	0
0.9967072926070819	0.003292707392918046	1	6695	0	0
1.0	0.0	1	6696	0	0
1.0	0.0	1	6697	0	0
1.0	0.0	1	6698	0	0
1.0	0.0	1	6699	0	0
1.0	0.0	1	6700	0	0
0.9771053774838917	0.02289462251610846	1	6701	0	0
1.0	0.0	1	6702	0	0
1.0	0.0	1	6703	0	0
1.0	0.0	1	6704	0	0
1.0	0.0	1	6705	0	0
1.0	0.0	1	6706	0	0
1.0	0.0	1	6707	0	0
0.9967072926070819	0.003292707392918046	1	6708	0	0
0.9967072926070819	0.003292707392918046	1	6709	0	0
0.9967072926070819	0.003292707392918046	1	6710	0	0
1.0	0.0	1	6711	0	0
1.0	0.0	1	6712	0	0
1.0	0.0	1	6713	0	0
0.9992102819208706	0.0007897180791293719	1	6714	0	0
1.0	0.0	1	6715	0	0
1.0	0.0	1	6716	0	0
1.0	0.0	1	6717	0	0
1.0	0.0	1	6718	0	0
1.0	0.0	1	6719	0	0
1.0	0.0	1	6720	0	0
1.0	0.0	1	6721	0	0
1.0	0.0	1	6722	0	0
1.0	0.0	1	6723	0	0
1.0	0.0	1	6724	0	0
1.0	0.0	1	6725	0	0
1.0	0.0	1	6726	0	0
1.0	0.0	1	6727	0	0
1.0	0.0	1	6728	0	0
1.0	0.0	1	6729	0	0
1.0	0.0	1	6730	0	0
1.0	0.0	1	6731	0	0
1.0	0.0	1	6732	0	0
1.0	0.0	1	6733	0	0
1.0	0.0	1	6734	0	0
1.0	0.0	1	6735	0	0
1.0	0.0	1	6736	0	0
1.0	0.0	1	6737	0	0
0.9992102819208706	0.0007897180791293719	1	6738	0	0
1.0	0.0	1	6739	0	0
1.0	0.0	1	6740	0	0
1.0	0.0	1	6741	0	0
1.0	0.0	1	6742	0	0
1.0	0.0	1	6743	0	0
1.0	0.0	1	6744	0	0
1.0	0.0	1	6745	0	0
1.0	0.0	1	6746	0	0
1.0	0.0	1	6747	0	0
0.9984700675518287	0.0015299324481714406	1	6748	0	0
0.9984700675518287	0.0015299324481714406	1	6749	0	0
1.0	0.0	1	6750	0	0
1.0	0.0	1	6751	0	0
1.0	0.0	1	6752	0	0
1.0	0.0	1	6753	0	0
1.0	0.0	1	6754	0	0
1.0	0.0	1	6755	0	0
1.0	0.0	1	6756	0	0
1.0	0.0	1	6757	0	0
1.0	0.0	1	6758	0	0
1.0	0.0	1	6759	0	0
1.0	0.0	1	6760	0	0
1.0	0.0	1	6761	0	0
1.0	0.0	1	6762	0	0
1.0	0.0	1	6763	0	0
1.0	0.0	1	6764	0	0
1.0	0.0	1	6765	0	0
1.0	0.0	1	6766	0	0
1.0	0.0	1	6767	0	0
0.9934161023325809	0.006583897667419112	1	6768	0	0
1.0	0.0	1	6769	0	0
1.0	0.0	1	6770	0	0
1.0	0.0	1	6771	0	0
0.9992102819208706	0.0007897180791293719	1	6772	0	0
1.0	0.0	1	6773	0	0
1.0	0.0	1	6774	0	0
1.0	0.0	1	6775	0	0
1.0	0.0	1	6776	0	0
1.0	0.0	1	6777	0	0
1.0	0.0	1	6778	0	0
1.0	0.0	1	6779	0	0
1.0	0.0	1	6780	0	0
1.0	0.0	1	6781	0	0
1.0	0.0	1	6782	0	0
1.0	0.0	1	6783	0	0
1.0	0.0	1	6784	0	0
0.9970177812175673	0.0029822187824326504	1	6785	0	0
1.0	0.0	1	6786	0	0
0.9947383413324148	0.005261658667585394	1	6787	0	0
0.9947383413324148	0.005261658667585394	1	6788	0	0
1.0	0.0	1	6789	0	0
0.9992102819208706	0.0007897180791293719	1	6790	0	0
1.0	0.0	1	6791	0	0
0.9992102819208706	0.0007897180791293719	1	6792	0	0
1.0	0.0	1	6793	0	0
1.0	0.0	1	6794	0	0
1.0	0.0	1	6795	0	0
1.0	0.0	1	6796	0	0
1.0	0.0	1	6797	0	0
0.8527809231069402	0.14721907689305977	1	6798	0	0
1.0	0.0	1	6799	0	0
0.9966883706844337	0.0033116293155663235	1	6800	0	0
1.0	0.0	1	6801	0	0
1.0	0.0	1	6802	0	0
1.0	0.0	1	6803	0	0
1.0	0.0	1	6804	0	0
1.0	0.0	1	6805	0	0
1.0	0.0	1	6806	0	0
0.9966840525214544	0.003315947478545653	1	6807	0	0
0.9966938569989929	0.003306143001007049	1	6808	0	0
1.0	0.0	1	6809	0	0
1.0	0.0	1	6810	0	0
1.0	0.0	1	6811	0	0
1.0	0.0	1	6812	0	0
1.0	0.0	1	6813	0	0
1.0	0.0	1	6814	0	0
1.0	0.0	1	6815	0	0
1.0	0.0	1	6816	0	0
1.0	0.0	1	6817	0	0
1.0	0.0	1	6818	0	0
1.0	0.0	1	6819	0	0
1.0	0.0	1	6820	0	0
1.0	0.0	1	6821	0	0
1.0	0.0	1	6822	0	0
1.0	0.0	1	6823	0	0
1.0	0.0	1	6824	0	0
1.0	0.0	1	6825	0	0
1.0	0.0	1	6826	0	0
1.0	0.0	1	6827	0	0
0.990221429498023	0.009778570501977012	1	6828	0	0
0.990221429498023	0.009778570501977012	1	6829	0	0
1.0	0.0	1	6830	0	0
0.9769944881605306	0.02300551183946959	1	6831	0	0
1.0	0.0	1	6832	0	0
1.0	0.0	1	6833	0	0
1.0	0.0	1	6834	0	0
1.0	0.0	1	6835	0	0
1.0	0.0	1	6836	0	0
1.0	0.0	1	6837	0	0
1.0	0.0	1	6838	0	0
1.0	0.0	1	6839	0	0
1.0	0.0	1	6840	0	0
1.0	0.0	1	6841	0	0
0.9992102819208706	0.0007897180791293719	1	6842	0	0
0.9992102819208706	0.0007897180791293719	1	6843	0	0
1.0	0.0	1	6844	0	0
1.0	0.0	1	6845	0	0
1.0	0.0	1	6846	0	0
1.0	0.0	1	6847	0	0
1.0	0.0	1	6848	0	0
1.0	0.0	1	6849	0	0
1.0	0.0	1	6850	0	0
1.0	0.0	1	6851	0	0
1.0	0.0	1	6852	0	0
1.0	0.0	1	6853	0	0
1.0	0.0	1	6854	0	0
1.0	0.0	1	6855	0	0
1.0	0.0	1	6856	0	0
1.0	0.0	1	6857	0	0
1.0	0.0	1	6858	0	0
1.0	0.0	1	6859	0	0
1.0	0.0	1	6860	0	0
1.0	0.0	1	6861	0	0
1.0	0.0	1	6862	0	0
1.0	0.0	1	6863	0	0
1.0	0.0	1	6864	0	0
1.0	0.0	1	6865	0	0
1.0	0.0	1	6866	0	0
1.0	0.0	1	6867	0	0
1.0	0.0	1	6868	0	0
1.0	0.0	1	6869	0	0
1.0	0.0	1	6870	0	0
1.0	0.0	1	6871	0	0
1.0	0.0	1	6872	0	0
1.0	0.0	1	6873	0	0
1.0	0.0	1	6874	0	0
1.0	0.0	1	6875	0	0
1.0	0.0	1	6876	0	0
1.0	0.0	1	6877	0	0
1.0	0.0	1	6878	0	0
1.0	0.0	1	6879	0	0
1.0	0.0	1	6880	0	0
1.0	0.0	1	6881	0	0
1.0	0.0	1	6882	0	0
1.0	0.0	1	6883	0	0
1.0	0.0	1	6884	0	0
1.0	0.0	1	6885	0	0
1.0	0.0	1	6886	0	0
1.0	0.0	1	6887	0	0
1.0	0.0	1	6888	0	0
0.9967072926070819	0.003292707392918046	1	6889	0	0
0.9967072926070819	0.003292707392918046	1	6890	0	0
1.0	0.0	1	6891	0	0
1.0	0.0	1	6892	0	0
0.9968416750805328	0.0031583249194672806	1	6893	0	0
1.0	0.0	1	6894	0	0
1.0	0.0	1	6895	0	0
1.0	0.0	1	6896	0	0
1.0	0.0	1	6897	0	0
1.0	0.0	1	6898	0	0
1.0	0.0	1	6899	0	0
1.0	0.0	1	6900	0	0
1.0	0.0	1	6901	0	0
1.0	0.0	1	6902	0	0
1.0	0.0	1	6903	0	0
1.0	0.0	1	6904	0	0
1.0	0.0	1	6905	0	0
1.0	0.0	1	6906	0	0
1.0	0.0	1	6907	0	0
1.0	0.0	1	6908	0	0
1.0	0.0	1	6909	0	0
1.0	0.0	1	6910	0	0
1.0	0.0	1	6911	0	0
1.0	0.0	1	6912	0	0
1.0	0.0	1	6913	0	0
1.0	0.0	1	6914	0	0
1.0	0.0	1	6915	0	0
1.0	0.0	1	6916	0	0
1.0	0.0	1	6917	0	0
1.0	0.0	1	6918	0	0
1.0	0.0	1	6919	0	0
1.0	0.0	1	6920	0	0
1.0	0.0	1	6921	0	0
1.0	0.0	1	6922	0	0
1.0	0.0	1	6923	0	0
1.0	0.0	1	6924	0	0
1.0	0.0	1	6925	0	0
1.0	0.0	1	6926	0	0
1.0	0.0	1	6927	0	0
1.0	0.0	1	6928	0	0
1.0	0.0	1	6929	0	0
1.0	0.0	1	6930	0	0
1.0	0.0	1	6931	0	0
1.0	0.0	1	6932	0	0
1.0	0.0	1	6933	0	0
1.0	0.0	1	6934	0	0
1.0	0.0	1	6935	0	0
1.0	0.0	1	6936	0	0
1.0	0.0	1	6937	0	0
1.0	0.0	1	6938	0	0
1.0	0.0	1	6939	0	0
1.0	0.0	1	6940	0	0
1.0	0.0	1	6941	0	0
1.0	0.0	1	6942	0	0
1.0	0.0	1	6943	0	0
1.0	0.0	1	6944	0	0
1.0	0.0	1	6945	0	0
0.9969382624080455	0.00306173759195456	1	6946	0	0
0.9373624564608648	0.0626375435391353	1	6947	0	0
0.9604402173506495	0.03955978264935035	1	6948	0	0
1.0	0.0	1	6949	0	0
1.0	0.0	1	6950	0	0
1.0	0.0	1	6951	0	0
1.0	0.0	1	6952	0	0
1.0	0.0	1	6953	0	0
1.0	0.0	1	6954	0	0
1.0	0.0	1	6955	0	0
1.0	0.0	1	6956	0	0
1.0	0.0	1	6957	0	0
1.0	0.0	1	6958	0	0
1.0	0.0	1	6959	0	0
1.0	0.0	1	6960	0	0
1.0	0.0	1	6961	0	0
1.0	0.0	1	6962	0	0
1.0	0.0	1	6963	0	0
1.0	0.0	1	6964	0	0
1.0	0.0	1	6965	0	0
1.0	0.0	1	6966	0	0
1.0	0.0	1	6967	0	0
1.0	0.0	1	6968	0	0
1.0	0.0	1	6969	0	0
1.0	0.0	1	6970	0	0
1.0	0.0	1	6971	0	0
1.0	0.0	1	6972	0	0
1.0	0.0	1	6973	0	0
1.0	0.0	1	6974	0	0
0.9966955470481563	0.0033044529518436432	1	6975	0	0
1.0	0.0	1	6976	0	0
1.0	0.0	1	6977	0	0
1.0	0.0	1	6978	0	0
0.7906438021249222	0.20935619787507795	1	6979	0	0
1.0	0.0	1	6980	0	0
1.0	0.0	1	6981	0	0
0.9992102819208706	0.0007897180791293719	1	6982	0	0
0.9992102819208706	0.0007897180791293719	1	6983	0	0
1.0	0.0	1	6984	0	0
0.9475527291447166	0.052447270855283584	1	6985	0	0
1.0	0.0	1	6986	0	0
0.9901981436529165	0.009801856347083611	1	6987	0	0
1.0	0.0	1	6988	0	0
1.0	0.0	1	6989	0	0
1.0	0.0	1	6990	0	0
1.0	0.0	1	6991	0	0
1.0	0.0	1	6992	0	0
1.0	0.0	1	6993	0	0
1.0	0.0	1	6994	0	0
1.0	0.0	1	6995	0	0
1.0	0.0	1	6996	0	0
1.0	0.0	1	6997	0	0
1.0	0.0	1	6998	0	0
1.0	0.0	1	6999	0	0
1.0	0.0	1	7000	0	0
1.0	0.0	1	7001	0	0
1.0	0.0	1	7002	0	0
1.0	0.0	1	7003	0	0
1.0	0.0	1	7004	0	0
1.0	0.0	1	7005	0	0
1.0	0.0	1	7006	0	0
1.0	0.0	1	7007	0	0
1.0	0.0	1	7008	0	0
1.0	0.0	1	7009	0	0
1.0	0.0	1	7010	0	0
1.0	0.0	1	7011	0	0
1.0	0.0	1	7012	0	0
1.0	0.0	1	7013	0	0
1.0	0.0	1	7014	0	0
0.9967138470755637	0.0032861529244364563	1	7015	0	0
0.9967138470755637	0.0032861529244364563	1	7016	0	0
1.0	0.0	1	7017	0	0
0.937456220240244	0.06254377975975593	1	7018	0	0
0.9978391959798995	0.0021608040201005034	1	7019	0	0
0.9978391959798995	0.0021608040201005034	1	7020	0	0
0.9978391959798995	0.0021608040201005034	1	7021	0	0
0.9978391959798995	0.0021608040201005034	1	7022	0	0
1.0	0.0	1	7023	0	0
1.0	0.0	1	7024	0	0
1.0	0.0	1	7025	0	0
0.9992102819208706	0.0007897180791293719	1	7026	0	0
1.0	0.0	1	7027	0	0
1.0	0.0	1	7028	0	0
1.0	0.0	1	7029	0	0
1.0	0.0	1	7030	0	0
1.0	0.0	1	7031	0	0
1.0	0.0	1	7032	0	0
1.0	0.0	1	7033	0	0
1.0	0.0	1	7034	0	0
1.0	0.0	1	7035	0	0
1.0	0.0	1	7036	0	0
1.0	0.0	1	7037	0	0
1.0	0.0	1	7038	0	0
1.0	0.0	1	7039	0	0
1.0	0.0	1	7040	0	0
1.0	0.0	1	7041	0	0
1.0	0.0	1	7042	0	0
1.0	0.0	1	7043	0	0
1.0	0.0	1	7044	0	0
1.0	0.0	1	7045	0	0
1.0	0.0	1	7046	0	0
1.0	0.0	1	7047	0	0
1.0	0.0	1	7048	0	0
1.0	0.0	1	7049	0	0
1.0	0.0	1	7050	0	0
1.0	0.0	1	7051	0	0
1.0	0.0	1	7052	0	0
1.0	0.0	1	7053	0	0
1.0	0.0	1	7054	0	0
0.9818022195627083	0.018197780437291585	1	7055	0	0
1.0	0.0	1	7056	0	0
1.0	0.0	1	7057	0	0
1.0	0.0	1	7058	0	0
0.9735842118640634	0.026415788135936636	1	7059	0	0
0.16903095645297267	0.8309690435470273	1	7060	1	1
1.0	0.0	1	7061	0	0
0.07939982617684062	0.9206001738231593	1	7062	1	1
1.0	0.0	1	7063	0	0
1.0	0.0	1	7064	0	0
1.0	0.0	1	7065	0	0
1.0	0.0	1	7066	0	0
1.0	0.0	1	7067	0	0
1.0	0.0	1	7068	0	0
1.0	0.0	1	7069	0	0
1.0	0.0	1	7070	0	0
0.9992102819208706	0.0007897180791293719	1	7071	0	0
1.0	0.0	1	7072	0	0
0.9992102819208706	0.0007897180791293719	1	7073	0	0
0.9667513806392276	0.03324861936077235	1	7074	1	0
0.9667513806392276	0.03324861936077235	1	7075	1	0
1.0	0.0	1	7076	1	0
1.0	0.0	1	7077	0	0
0.29419013016866585	0.7058098698313338	1	7078	1	1
0.9992102819208706	0.0007897180791293719	1	7079	0	0
1.0	0.0	1	7080	0	0
0.9992102819208706	0.0007897180791293719	1	7081	0	0
1.0	0.0	1	7082	0	0
0.9992102819208706	0.0007897180791293719	1	7083	0	0
1.0	0.0	1	7084	0	0
1.0	0.0	1	7085	0	0
0.17600772841295592	0.8239922715870434	1	7086	1	1
0.9933667213034352	0.006633278696564792	1	7087	0	0
1.0	0.0	1	7088	0	0
0.9968420546826197	0.003157945317380232	1	7089	0	0
1.0	0.0	1	7090	0	0
1.0	0.0	1	7091	0	0
1.0	0.0	1	7092	0	0
1.0	0.0	1	7093	0	0
1.0	0.0	1	7094	0	0
1.0	0.0	1	7095	0	0
1.0	0.0	1	7096	0	0
1.0	0.0	1	7097	0	0
1.0	0.0	1	7098	0	0
1.0	0.0	1	7099	0	0
1.0	0.0	1	7100	0	0
1.0	0.0	1	7101	0	0
1.0	0.0	1	7102	0	0
1.0	0.0	1	7103	0	0
1.0	0.0	1	7104	0	0
1.0	0.0	1	7105	0	0
0.8719107756226157	0.12808922437738424	1	7106	0	0
1.0	0.0	1	7107	0	0
1.0	0.0	1	7108	0	0
1.0	0.0	1	7109	0	0
1.0	0.0	1	7110	0	0
1.0	0.0	1	7111	0	0
0.9739971048481205	0.026002895151879615	1	7112	0	0
1.0	0.0	1	7113	0	0
1.0	0.0	1	7114	0	0
1.0	0.0	1	7115	0	0
1.0	0.0	1	7116	0	0
1.0	0.0	1	7117	0	0
1.0	0.0	1	7118	0	0
1.0	0.0	1	7119	0	0
1.0	0.0	1	7120	0	0
1.0	0.0	1	7121	0	0
1.0	0.0	1	7122	0	0
1.0	0.0	1	7123	0	0
1.0	0.0	1	7124	0	0
1.0	0.0	1	7125	0	0
0.9476105467537425	0.05238945324625759	1	7126	1	0
1.0	0.0	1	7127	0	0
1.0	0.0	1	7128	0	0
0.9992102819208706	0.0007897180791293719	1	7129	0	0
1.0	0.0	1	7130	0	0
0.9992102819208706	0.0007897180791293719	1	7131	0	0
0.9967683915671531	0.003231608432846823	1	7132	0	0
1.0	0.0	1	7133	0	0
1.0	0.0	1	7134	0	0
1.0	0.0	1	7135	0	0
1.0	0.0	1	7136	0	0
1.0	0.0	1	7137	0	0
0.9992102819208706	0.0007897180791293719	1	7138	0	0
1.0	0.0	1	7139	0	0
0.9992102819208706	0.0007897180791293719	1	7140	0	0
1.0	0.0	1	7141	0	0
0.9945612187207733	0.005438781279226775	1	7142	0	0
1.0	0.0	1	7143	0	0
0.9945612187207733	0.005438781279226775	1	7144	0	0
1.0	0.0	1	7145	0	0
1.0	0.0	1	7146	0	0
1.0	0.0	1	7147	0	0
1.0	0.0	1	7148	0	0
1.0	0.0	1	7149	0	0
1.0	0.0	1	7150	0	0
0.9802652891599375	0.019734710840062425	1	7151	0	0
1.0	0.0	1	7152	0	0
1.0	0.0	1	7153	0	0
1.0	0.0	1	7154	0	0
1.0	0.0	1	7155	0	0
1.0	0.0	1	7156	0	0
0.9992102819208706	0.0007897180791293719	1	7157	0	0
1.0	0.0	1	7158	0	0
1.0	0.0	1	7159	0	0
1.0	0.0	1	7160	0	0
1.0	0.0	1	7161	0	0
0.9992102819208706	0.0007897180791293719	1	7162	0	0
1.0	0.0	1	7163	0	0
1.0	0.0	1	7164	0	0
0.9966798079353045	0.003320192064695476	1	7165	0	0
0.9966798079353045	0.003320192064695476	1	7166	0	0
1.0	0.0	1	7167	0	0
0.9901708766955767	0.009829123304423282	1	7168	0	0
1.0	0.0	1	7169	0	0
1.0	0.0	1	7170	0	0
1.0	0.0	1	7171	0	0
1.0	0.0	1	7172	0	0
1.0	0.0	1	7173	0	0
1.0	0.0	1	7174	0	0
1.0	0.0	1	7175	0	0
1.0	0.0	1	7176	0	0
1.0	0.0	1	7177	0	0
1.0	0.0	1	7178	0	0
0.8781254666663572	0.12187453333364277	1	7179	0	0
1.0	0.0	1	7180	1	0
0.98696363512571	0.013036364874289934	1	7181	0	0
1.0	0.0	1	7182	0	0
0.9934841629299596	0.0065158370700403425	1	7183	0	0
0.9703450024411562	0.029654997558843828	1	7184	0	0
1.0	0.0	1	7185	0	0
0.9933797420633806	0.006620257936619442	1	7186	0	0
0.9869327116928127	0.013067288307187258	1	7187	0	0
0.3422269394265476	0.6577730605734525	1	7188	1	1
0.2236541124177876	0.7763458875822125	1	7189	1	1
0.9342006372044854	0.06579936279551472	1	7190	0	0
0.9934441202582913	0.006555879741708638	1	7191	0	0
1.0	0.0	1	7192	0	0
1.0	0.0	1	7193	0	0
1.0	0.0	1	7194	0	0
1.0	0.0	1	7195	0	0
1.0	0.0	1	7196	0	0
1.0	0.0	1	7197	0	0
1.0	0.0	1	7198	0	0
1.0	0.0	1	7199	0	0
1.0	0.0	1	7200	0	0
1.0	0.0	1	7201	0	0
0.9966982598666065	0.003301740133393511	1	7202	0	0
1.0	0.0	1	7203	0	0
1.0	0.0	1	7204	0	0
1.0	0.0	1	7205	0	0
0.990448493960528	0.009551506039471956	1	7206	0	0
1.0	0.0	1	7207	0	0
1.0	0.0	1	7208	0	0
1.0	0.0	1	7209	0	0
0.951017981240825	0.04898201875917498	1	7210	0	0
1.0	0.0	1	7211	0	0
0.9992102819208706	0.0007897180791293719	1	7212	0	0
0.9992102819208706	0.0007897180791293719	1	7213	0	0
1.0	0.0	1	7214	0	0
1.0	0.0	1	7215	0	0
1.0	0.0	1	7216	0	0
1.0	0.0	1	7217	0	0
1.0	0.0	1	7218	0	0
1.0	0.0	1	7219	0	0
1.0	0.0	1	7220	0	0
0.9045743833426008	0.09542561665739918	1	7221	0	0
1.0	0.0	1	7222	0	0
1.0	0.0	1	7223	0	0
1.0	0.0	1	7224	0	0
1.0	0.0	1	7225	0	0
1.0	0.0	1	7226	0	0
1.0	0.0	1	7227	0	0
0.9771568554196525	0.022843144580347547	1	7228	0	0
1.0	0.0	1	7229	0	0
1.0	0.0	1	7230	0	0
1.0	0.0	1	7231	0	0
1.0	0.0	1	7232	0	0
1.0	0.0	1	7233	0	0
1.0	0.0	1	7234	0	0
0.1129974934149672	0.8870025065850327	1	7235	1	1
1.0	0.0	1	7236	0	0
1.0	0.0	1	7237	0	0
1.0	0.0	1	7238	0	0
1.0	0.0	1	7239	0	0
1.0	0.0	1	7240	0	0
1.0	0.0	1	7241	0	0
1.0	0.0	1	7242	0	0
1.0	0.0	1	7243	0	0
1.0	0.0	1	7244	0	0
1.0	0.0	1	7245	0	0
1.0	0.0	1	7246	0	0
0.9976274063639975	0.002372593636002456	1	7247	0	0
1.0	0.0	1	7248	0	0
1.0	0.0	1	7249	0	0
1.0	0.0	1	7250	0	0
1.0	0.0	1	7251	0	0
1.0	0.0	1	7252	0	0
1.0	0.0	1	7253	0	0
1.0	0.0	1	7254	0	0
0.9606831009163396	0.03931689908366034	1	7255	0	0
1.0	0.0	1	7256	0	0
1.0	0.0	1	7257	0	0
1.0	0.0	1	7258	0	0
1.0	0.0	1	7259	0	0
1.0	0.0	1	7260	0	0
0.9992102819208706	0.0007897180791293719	1	7261	0	0
1.0	0.0	1	7262	0	0
0.978082322973991	0.021917677026008924	1	7263	0	0
1.0	0.0	1	7264	0	0
1.0	0.0	1	7265	0	0
1.0	0.0	1	7266	0	0
1.0	0.0	1	7267	0	0
1.0	0.0	1	7268	0	0
1.0	0.0	1	7269	0	0
1.0	0.0	1	7270	0	0
1.0	0.0	1	7271	0	0
1.0	0.0	1	7272	0	0
1.0	0.0	1	7273	0	0
1.0	0.0	1	7274	0	0
1.0	0.0	1	7275	0	0
1.0	0.0	1	7276	0	0
0.9801017590179278	0.019898240982072216	1	7277	0	0
0.9801017590179278	0.019898240982072216	1	7278	0	0
0.800023968612267	0.1999760313877329	1	7279	0	0
1.0	0.0	1	7280	0	0
0.9702854078013977	0.029714592198602195	1	7281	0	0
0.9869335435617539	0.013066456438246105	1	7282	0	0
1.0	0.0	1	7283	0	0
0.9978391959798995	0.0021608040201005034	1	7284	0	0
0.9978391959798995	0.0021608040201005034	1	7285	0	0
1.0	0.0	1	7286	0	0
1.0	0.0	1	7287	0	0
1.0	0.0	1	7288	0	0
0.9802652891599375	0.019734710840062425	1	7289	0	0
1.0	0.0	1	7290	0	0
1.0	0.0	1	7291	0	0
1.0	0.0	1	7292	0	0
0.9967479191438762	0.003252080856123662	1	7293	0	0
1.0	0.0	1	7294	0	0
1.0	0.0	1	7295	0	0
0.9970177812175673	0.0029822187824326504	1	7296	0	0
1.0	0.0	1	7297	0	0
1.0	0.0	1	7298	0	0
1.0	0.0	1	7299	0	0
0.901556416211684	0.09844358378831593	1	7300	0	0
1.0	0.0	1	7301	0	0
1.0	0.0	1	7302	0	0
1.0	0.0	1	7303	0	0
1.0	0.0	1	7304	0	0
0.961828846581137	0.03817115341886319	1	7305	0	0
0.9992102819208706	0.0007897180791293719	1	7306	0	0
0.9992102819208706	0.0007897180791293719	1	7307	0	0
1.0	0.0	1	7308	0	0
1.0	0.0	1	7309	0	0
1.0	0.0	1	7310	0	0
1.0	0.0	1	7311	0	0
1.0	0.0	1	7312	0	0
1.0	0.0	1	7313	0	0
0.9968159348647861	0.003184065135213725	1	7314	0	0
0.9802652891599375	0.019734710840062425	1	7315	0	0
1.0	0.0	1	7316	0	0
1.0	0.0	1	7317	0	0
1.0	0.0	1	7318	0	0
1.0	0.0	1	7319	0	0
1.0	0.0	1	7320	0	0
1.0	0.0	1	7321	0	0
1.0	0.0	1	7322	0	0
1.0	0.0	1	7323	0	0
1.0	0.0	1	7324	0	0
1.0	0.0	1	7325	0	0
1.0	0.0	1	7326	0	0
1.0	0.0	1	7327	0	0
1.0	0.0	1	7328	0	0
0.9902264289823777	0.009773571017622325	1	7329	0	0
1.0	0.0	1	7330	0	0
1.0	0.0	1	7331	0	0
1.0	0.0	1	7332	0	0
1.0	0.0	1	7333	0	0
1.0	0.0	1	7334	0	0
1.0	0.0	1	7335	0	0
1.0	0.0	1	7336	0	0
1.0	0.0	1	7337	0	0
1.0	0.0	1	7338	0	0
1.0	0.0	1	7339	0	0
1.0	0.0	1	7340	0	0
1.0	0.0	1	7341	0	0
1.0	0.0	1	7342	0	0
1.0	0.0	1	7343	0	0
1.0	0.0	1	7344	0	0
1.0	0.0	1	7345	0	0
1.0	0.0	1	7346	0	0
1.0	0.0	1	7347	0	0
1.0	0.0	1	7348	0	0
1.0	0.0	1	7349	0	0
1.0	0.0	1	7350	0	0
0.9970177812175673	0.0029822187824326504	1	7351	0	0
0.993615690339224	0.006384309660776012	1	7352	0	0
1.0	0.0	1	7353	0	0
1.0	0.0	1	7354	0	0
1.0	0.0	1	7355	0	0
0.9951876248037369	0.004812375196263044	1	7356	0	0
0.9951876248037369	0.004812375196263044	1	7357	0	0
1.0	0.0	1	7358	0	0
1.0	0.0	1	7359	0	0
1.0	0.0	1	7360	0	0
1.0	0.0	1	7361	0	0
1.0	0.0	1	7362	0	0
1.0	0.0	1	7363	0	0
0.9970177812175673	0.0029822187824326504	1	7364	0	0
1.0	0.0	1	7365	0	0
1.0	0.0	1	7366	0	0
1.0	0.0	1	7367	0	0
1.0	0.0	1	7368	0	0
1.0	0.0	1	7369	0	0
1.0	0.0	1	7370	0	0
1.0	0.0	1	7371	0	0
1.0	0.0	1	7372	0	0
1.0	0.0	1	7373	0	0
1.0	0.0	1	7374	0	0
1.0	0.0	1	7375	0	0
1.0	0.0	1	7376	0	0
1.0	0.0	1	7377	0	0
1.0	0.0	1	7378	0	0
1.0	0.0	1	7379	0	0
1.0	0.0	1	7380	0	0
1.0	0.0	1	7381	0	0
1.0	0.0	1	7382	0	0
1.0	0.0	1	7383	0	0
1.0	0.0	1	7384	0	0
1.0	0.0	1	7385	0	0
1.0	0.0	1	7386	0	0
1.0	0.0	1	7387	0	0
1.0	0.0	1	7388	0	0
1.0	0.0	1	7389	0	0
1.0	0.0	1	7390	0	0
1.0	0.0	1	7391	0	0
1.0	0.0	1	7392	0	0
1.0	0.0	1	7393	0	0
1.0	0.0	1	7394	0	0
1.0	0.0	1	7395	0	0
1.0	0.0	1	7396	0	0
1.0	0.0	1	7397	0	0
1.0	0.0	1	7398	0	0
1.0	0.0	1	7399	0	0
1.0	0.0	1	7400	0	0
1.0	0.0	1	7401	0	0
1.0	0.0	1	7402	0	0
1.0	0.0	1	7403	0	0
1.0	0.0	1	7404	0	0
0.9992102819208706	0.0007897180791293719	1	7405	0	0
1.0	0.0	1	7406	0	0
1.0	0.0	1	7407	0	0
1.0	0.0	1	7408	0	0
1.0	0.0	1	7409	0	0
1.0	0.0	1	7410	0	0
1.0	0.0	1	7411	0	0
1.0	0.0	1	7412	0	0
1.0	0.0	1	7413	0	0
1.0	0.0	1	7414	0	0
1.0	0.0	1	7415	0	0
1.0	0.0	1	7416	0	0
1.0	0.0	1	7417	0	0
1.0	0.0	1	7418	0	0
1.0	0.0	1	7419	0	0
1.0	0.0	1	7420	0	0
1.0	0.0	1	7421	0	0
1.0	0.0	1	7422	0	0
0.9935948657161051	0.006405134283895027	1	7423	0	0
1.0	0.0	1	7424	0	0
1.0	0.0	1	7425	0	0
1.0	0.0	1	7426	0	0
1.0	0.0	1	7427	0	0
0.9900813159956997	0.009918684004300349	1	7428	0	0
1.0	0.0	1	7429	0	0
1.0	0.0	1	7430	0	0
1.0	0.0	1	7431	0	0
1.0	0.0	1	7432	0	0
1.0	0.0	1	7433	0	0
1.0	0.0	1	7434	0	0
1.0	0.0	1	7435	0	0
0.9992102819208706	0.0007897180791293719	1	7436	0	0
1.0	0.0	1	7437	0	0
1.0	0.0	1	7438	0	0
1.0	0.0	1	7439	0	0
1.0	0.0	1	7440	0	0
0.9769373380135765	0.02306266198642353	1	7441	0	0
1.0	0.0	1	7442	0	0
1.0	0.0	1	7443	0	0
0.9970177812175673	0.0029822187824326504	1	7444	0	0
1.0	0.0	1	7445	0	0
0.9967103085026335	0.003289691497366441	1	7446	0	0
1.0	0.0	1	7447	0	0
1.0	0.0	1	7448	0	0
1.0	0.0	1	7449	0	0
1.0	0.0	1	7450	0	0
1.0	0.0	1	7451	0	0
1.0	0.0	1	7452	0	0
1.0	0.0	1	7453	0	0
0.9869153344697281	0.013084665530271983	1	7454	0	0
0.9966843166918811	0.003315683308119012	1	7455	0	0
1.0	0.0	1	7456	0	0
1.0	0.0	1	7457	0	0
1.0	0.0	1	7458	0	0
0.9902009294393022	0.009799070560697851	1	7459	0	0
1.0	0.0	1	7460	0	0
1.0	0.0	1	7461	0	0
1.0	0.0	1	7462	0	0
1.0	0.0	1	7463	0	0
0.9992102819208706	0.0007897180791293719	1	7464	0	0
1.0	0.0	1	7465	0	0
1.0	0.0	1	7466	0	0
1.0	0.0	1	7467	0	0
1.0	0.0	1	7468	0	0
1.0	0.0	1	7469	0	0
1.0	0.0	1	7470	0	0
0.9992102819208706	0.0007897180791293719	1	7471	0	0
1.0	0.0	1	7472	0	0
1.0	0.0	1	7473	0	0
1.0	0.0	1	7474	0	0
1.0	0.0	1	7475	0	0
1.0	0.0	1	7476	0	0
0.990448493960528	0.009551506039471956	1	7477	0	0
1.0	0.0	1	7478	0	0
1.0	0.0	1	7479	0	0
1.0	0.0	1	7480	0	0
1.0	0.0	1	7481	0	0
1.0	0.0	1	7482	0	0
1.0	0.0	1	7483	0	0
1.0	0.0	1	7484	0	0
1.0	0.0	1	7485	0	0
0.9967097938919812	0.003290206108018655	1	7486	0	0
1.0	0.0	1	7487	0	0
1.0	0.0	1	7488	0	0
1.0	0.0	1	7489	0	0
0.9970177812175673	0.0029822187824326504	1	7490	0	0
1.0	0.0	1	7491	0	0
1.0	0.0	1	7492	0	0
1.0	0.0	1	7493	0	0
1.0	0.0	1	7494	0	0
1.0	0.0	1	7495	0	0
1.0	0.0	1	7496	0	0
1.0	0.0	1	7497	0	0
1.0	0.0	1	7498	0	0
1.0	0.0	1	7499	0	0
1.0	0.0	1	7500	0	0
1.0	0.0	1	7501	0	0
1.0	0.0	1	7502	0	0
1.0	0.0	1	7503	0	0
0.9769373380135765	0.02306266198642353	1	7504	0	0
1.0	0.0	1	7505	0	0
1.0	0.0	1	7506	0	0
1.0	0.0	1	7507	0	0
1.0	0.0	1	7508	0	0
1.0	0.0	1	7509	0	0
0.9835328738376393	0.016467126162360766	1	7510	0	0
1.0	0.0	1	7511	0	0
1.0	0.0	1	7512	0	0
1.0	0.0	1	7513	0	0
0.09925015137414031	0.9007498486258593	1	7514	1	1
1.0	0.0	1	7515	0	0
1.0	0.0	1	7516	0	0
1.0	0.0	1	7517	0	0
1.0	0.0	1	7518	0	0
0.9770028332594262	0.022997166740573793	1	7519	0	0
1.0	0.0	1	7520	0	0
1.0	0.0	1	7521	0	0
1.0	0.0	1	7522	0	0
1.0	0.0	1	7523	0	0
1.0	0.0	1	7524	0	0
1.0	0.0	1	7525	0	0
1.0	0.0	1	7526	0	0
1.0	0.0	1	7527	0	0
1.0	0.0	1	7528	0	0
1.0	0.0	1	7529	0	0
1.0	0.0	1	7530	0	0
1.0	0.0	1	7531	0	0
1.0	0.0	1	7532	0	0
1.0	0.0	1	7533	0	0
1.0	0.0	1	7534	0	0
1.0	0.0	1	7535	0	0
1.0	0.0	1	7536	0	0
1.0	0.0	1	7537	0	0
1.0	0.0	1	7538	0	0
0.9992102819208706	0.0007897180791293719	1	7539	0	0
1.0	0.0	1	7540	0	0
1.0	0.0	1	7541	0	0
1.0	0.0	1	7542	0	0
1.0	0.0	1	7543	0	0
1.0	0.0	1	7544	0	0
1.0	0.0	1	7545	0	0
1.0	0.0	1	7546	0	0
1.0	0.0	1	7547	0	0
1.0	0.0	1	7548	0	0
1.0	0.0	1	7549	0	0
1.0	0.0	1	7550	0	0
1.0	0.0	1	7551	0	0
1.0	0.0	1	7552	0	0
1.0	0.0	1	7553	0	0
0.9967233492442324	0.003276650755767701	1	7554	0	0
1.0	0.0	1	7555	0	0
0.9967233492442324	0.003276650755767701	1	7556	0	0
1.0	0.0	1	7557	0	0
1.0	0.0	1	7558	0	0
0.9966765353374327	0.0033234646625673724	1	7559	0	0
1.0	0.0	1	7560	0	0
1.0	0.0	1	7561	0	0
1.0	0.0	1	7562	0	0
1.0	0.0	1	7563	0	0
1.0	0.0	1	7564	0	0
1.0	0.0	1	7565	0	0
0.9966992628253346	0.0033007371746652625	1	7566	0	0
1.0	0.0	1	7567	0	0
1.0	0.0	1	7568	0	0
0.9738551843014572	0.02614481569854297	1	7569	0	0
0.8880508314467592	0.11194916855324102	1	7570	0	0
1.0	0.0	1	7571	0	0
1.0	0.0	1	7572	0	0
1.0	0.0	1	7573	0	0
1.0	0.0	1	7574	0	0
1.0	0.0	1	7575	0	0
1.0	0.0	1	7576	0	0
0.9835589621897429	0.016441037810256943	1	7577	0	0
1.0	0.0	1	7578	0	0
0.9835589621897429	0.016441037810256943	1	7579	0	0
1.0	0.0	1	7580	0	0
1.0	0.0	1	7581	0	0
1.0	0.0	1	7582	0	0
1.0	0.0	1	7583	0	0
1.0	0.0	1	7584	0	0
0.9959523117686567	0.004047688231343165	1	7585	0	0
1.0	0.0	1	7586	0	0
0.9959523117686567	0.004047688231343165	1	7587	0	0
1.0	0.0	1	7588	0	0
1.0	0.0	1	7589	0	0
1.0	0.0	1	7590	0	0
1.0	0.0	1	7591	0	0
1.0	0.0	1	7592	0	0
1.0	0.0	1	7593	0	0
1.0	0.0	1	7594	0	0
1.0	0.0	1	7595	0	0
1.0	0.0	1	7596	0	0
1.0	0.0	1	7597	0	0
1.0	0.0	1	7598	0	0
1.0	0.0	1	7599	0	0
1.0	0.0	1	7600	0	0
1.0	0.0	1	7601	0	0
1.0	0.0	1	7602	0	0
1.0	0.0	1	7603	0	0
1.0	0.0	1	7604	0	0
0.9873660493207542	0.01263395067924577	1	7605	0	0
1.0	0.0	1	7606	0	0
1.0	0.0	1	7607	0	0
0.11531924722884179	0.8846807527711583	1	7608	0	1
0.41048298259820454	0.5895170174017956	1	7609	0	1
1.0	0.0	1	7610	0	0
0.990448493960528	0.009551506039471956	1	7611	0	0
1.0	0.0	1	7612	0	0
0.9345578716583144	0.06544212834168608	1	7613	0	0
1.0	0.0	1	7614	0	0
1.0	0.0	1	7615	0	0
0.9877366508855147	0.012263349114485346	1	7616	0	0
0.14313934099971812	0.8568606590002821	1	7617	0	1
0.9992102819208706	0.0007897180791293719	1	7618	0	0
1.0	0.0	1	7619	0	0
1.0	0.0	1	7620	0	0
0.9811656338301495	0.01883436616985046	1	7621	0	0
1.0	0.0	1	7622	0	0
1.0	0.0	1	7623	0	0
1.0	0.0	1	7624	0	0
1.0	0.0	1	7625	0	0
0.9739921497757901	0.02600785022420978	1	7626	0	0
1.0	0.0	1	7627	0	0
1.0	0.0	1	7628	0	0
1.0	0.0	1	7629	0	0
1.0	0.0	1	7630	0	0
1.0	0.0	1	7631	0	0
1.0	0.0	1	7632	0	0
1.0	0.0	1	7633	0	0
1.0	0.0	1	7634	0	0
0.9992102819208706	0.0007897180791293719	1	7635	0	0
1.0	0.0	1	7636	0	0
1.0	0.0	1	7637	0	0
1.0	0.0	1	7638	0	0
1.0	0.0	1	7639	0	0
1.0	0.0	1	7640	0	0
1.0	0.0	1	7641	0	0
1.0	0.0	1	7642	0	0
1.0	0.0	1	7643	0	0
1.0	0.0	1	7644	0	0
1.0	0.0	1	7645	0	0
0.004168502784084067	0.9958314972159159	1	7646	1	1
1.0	0.0	1	7647	0	0
1.0	0.0	1	7648	0	0
1.0	0.0	1	7649	0	0
1.0	0.0	1	7650	0	0
1.0	0.0	1	7651	0	0
1.0	0.0	1	7652	0	0
1.0	0.0	1	7653	0	0
1.0	0.0	1	7654	0	0
1.0	0.0	1	7655	0	0
0.9936783417731249	0.006321658226875196	1	7656	0	0
1.0	0.0	1	7657	0	0
1.0	0.0	1	7658	0	0
1.0	0.0	1	7659	0	0
0.9945434735988755	0.005456526401124524	1	7660	0	0
0.9945434735988755	0.005456526401124524	1	7661	0	0
1.0	0.0	1	7662	0	0
1.0	0.0	1	7663	0	0
1.0	0.0	1	7664	0	0
1.0	0.0	1	7665	0	0
1.0	0.0	1	7666	0	0
1.0	0.0	1	7667	0	0
0.9933891126642751	0.0066108873357249	1	7668	0	0
1.0	0.0	1	7669	0	0
1.0	0.0	1	7670	0	0
1.0	0.0	1	7671	0	0
1.0	0.0	1	7672	0	0
1.0	0.0	1	7673	0	0
1.0	0.0	1	7674	0	0
1.0	0.0	1	7675	0	0
1.0	0.0	1	7676	0	0
1.0	0.0	1	7677	0	0
1.0	0.0	1	7678	0	0
0.9706582573412394	0.029341742658760328	1	7679	0	0
1.0	0.0	1	7680	0	0
1.0	0.0	1	7681	0	0
1.0	0.0	1	7682	0	0
1.0	0.0	1	7683	0	0
1.0	0.0	1	7684	0	0
0.9917409140253678	0.008259085974632192	1	7685	0	0
1.0	0.0	1	7686	0	0
1.0	0.0	1	7687	0	0
1.0	0.0	1	7688	0	0
1.0	0.0	1	7689	0	0
1.0	0.0	1	7690	0	0
1.0	0.0	1	7691	0	0
1.0	0.0	1	7692	0	0
1.0	0.0	1	7693	0	0
1.0	0.0	1	7694	0	0
0.9992102819208706	0.0007897180791293719	1	7695	0	0
1.0	0.0	1	7696	0	0
0.9992102819208706	0.0007897180791293719	1	7697	0	0
0.9966878627302549	0.0033121372697451426	1	7698	0	0
0.9966878627302549	0.0033121372697451426	1	7699	0	0
1.0	0.0	1	7700	0	0
1.0	0.0	1	7701	0	0
1.0	0.0	1	7702	0	0
1.0	0.0	1	7703	0	0
1.0	0.0	1	7704	0	0
1.0	0.0	1	7705	0	0
1.0	0.0	1	7706	0	0
1.0	0.0	1	7707	0	0
0.996730262831023	0.0032697371689769964	1	7708	0	0
0.996730262831023	0.0032697371689769964	1	7709	0	0
1.0	0.0	1	7710	0	0
1.0	0.0	1	7711	0	0
1.0	0.0	1	7712	0	0
1.0	0.0	1	7713	0	0
1.0	0.0	1	7714	0	0
0.9838405312793155	0.016159468720684477	1	7715	0	0
1.0	0.0	1	7716	0	0
1.0	0.0	1	7717	0	0
1.0	0.0	1	7718	0	0
0.9992102819208706	0.0007897180791293719	1	7719	0	0
1.0	0.0	1	7720	0	0
1.0	0.0	1	7721	0	0
0.9944340246725494	0.005565975327450563	1	7722	0	0
1.0	0.0	1	7723	0	0
1.0	0.0	1	7724	0	0
1.0	0.0	1	7725	0	0
1.0	0.0	1	7726	0	0
1.0	0.0	1	7727	0	0
1.0	0.0	1	7728	0	0
1.0	0.0	1	7729	0	0
1.0	0.0	1	7730	0	0
0.9980499673609874	0.0019500326390125221	1	7731	0	0
0.9980499673609874	0.0019500326390125221	1	7732	0	0
1.0	0.0	1	7733	0	0
0.9992102819208706	0.0007897180791293719	1	7734	0	0
1.0	0.0	1	7735	0	0
0.9992102819208706	0.0007897180791293719	1	7736	0	0
1.0	0.0	1	7737	0	0
1.0	0.0	1	7738	0	0
1.0	0.0	1	7739	0	0
0.694325608442293	0.3056743915577069	1	7740	0	0
1.0	0.0	1	7741	0	0
1.0	0.0	1	7742	0	0
0.9992102819208706	0.0007897180791293719	1	7743	0	0
1.0	0.0	1	7744	0	0
1.0	0.0	1	7745	0	0
1.0	0.0	1	7746	0	0
1.0	0.0	1	7747	0	0
0.9970177812175673	0.0029822187824326504	1	7748	0	0
1.0	0.0	1	7749	0	0
1.0	0.0	1	7750	0	0
1.0	0.0	1	7751	0	0
1.0	0.0	1	7752	0	0
1.0	0.0	1	7753	0	0
1.0	0.0	1	7754	0	0
1.0	0.0	1	7755	0	0
1.0	0.0	1	7756	0	0
1.0	0.0	1	7757	0	0
1.0	0.0	1	7758	0	0
0.9944340246725494	0.005565975327450563	1	7759	0	0
0.9802303102984452	0.01976968970155473	1	7760	0	0
1.0	0.0	1	7761	0	0
1.0	0.0	1	7762	0	0
1.0	0.0	1	7763	0	0
0.9803162796182612	0.01968372038173896	1	7764	0	0
1.0	0.0	1	7765	0	0
0.3496026800363323	0.6503973199636678	1	7766	0	1
1.0	0.0	1	7767	0	0
1.0	0.0	1	7768	0	0
1.0	0.0	1	7769	0	0
1.0	0.0	1	7770	0	0
1.0	0.0	1	7771	0	0
1.0	0.0	1	7772	0	0
1.0	0.0	1	7773	0	0
1.0	0.0	1	7774	0	0
1.0	0.0	1	7775	0	0
1.0	0.0	1	7776	0	0
1.0	0.0	1	7777	0	0
1.0	0.0	1	7778	0	0
1.0	0.0	1	7779	0	0
1.0	0.0	1	7780	0	0
1.0	0.0	1	7781	0	0
1.0	0.0	1	7782	0	0
1.0	0.0	1	7783	0	0
1.0	0.0	1	7784	0	0
1.0	0.0	1	7785	0	0
1.0	0.0	1	7786	0	0
1.0	0.0	1	7787	0	0
1.0	0.0	1	7788	0	0
1.0	0.0	1	7789	0	0
1.0	0.0	1	7790	0	0
1.0	0.0	1	7791	0	0
1.0	0.0	1	7792	0	0
1.0	0.0	1	7793	0	0
1.0	0.0	1	7794	0	0
1.0	0.0	1	7795	0	0
1.0	0.0	1	7796	0	0
1.0	0.0	1	7797	0	0
1.0	0.0	1	7798	0	0
1.0	0.0	1	7799	0	0
1.0	0.0	1	7800	0	0
1.0	0.0	1	7801	0	0
1.0	0.0	1	7802	0	0
1.0	0.0	1	7803	0	0
1.0	0.0	1	7804	0	0
1.0	0.0	1	7805	0	0
1.0	0.0	1	7806	0	0
1.0	0.0	1	7807	0	0
1.0	0.0	1	7808	0	0
1.0	0.0	1	7809	0	0
1.0	0.0	1	7810	0	0
1.0	0.0	1	7811	0	0
1.0	0.0	1	7812	0	0
1.0	0.0	1	7813	0	0
1.0	0.0	1	7814	0	0
1.0	0.0	1	7815	0	0
1.0	0.0	1	7816	0	0
1.0	0.0	1	7817	0	0
1.0	0.0	1	7818	0	0
1.0	0.0	1	7819	0	0
1.0	0.0	1	7820	0	0
1.0	0.0	1	7821	0	0
1.0	0.0	1	7822	0	0
1.0	0.0	1	7823	0	0
1.0	0.0	1	7824	0	0
1.0	0.0	1	7825	0	0
1.0	0.0	1	7826	0	0
1.0	0.0	1	7827	0	0
1.0	0.0	1	7828	0	0
1.0	0.0	1	7829	0	0
1.0	0.0	1	7830	0	0
1.0	0.0	1	7831	0	0
1.0	0.0	1	7832	0	0
0.9901708035638941	0.009829196436106016	1	7833	0	0
1.0	0.0	1	7834	0	0
1.0	0.0	1	7835	0	0
1.0	0.0	1	7836	0	0
0.9967072926070819	0.003292707392918046	1	7837	0	0
1.0	0.0	1	7838	0	0
0.9967072926070819	0.003292707392918046	1	7839	0	0
1.0	0.0	1	7840	0	0
1.0	0.0	1	7841	0	0
1.0	0.0	1	7842	0	0
1.0	0.0	1	7843	0	0
1.0	0.0	1	7844	0	0
0.983504402507132	0.016495597492868014	1	7845	0	0
1.0	0.0	1	7846	0	0
1.0	0.0	1	7847	0	0
1.0	0.0	1	7848	0	0
1.0	0.0	1	7849	0	0
1.0	0.0	1	7850	0	0
1.0	0.0	1	7851	0	0
0.9869428245423655	0.01305717545763442	1	7852	0	0
1.0	0.0	1	7853	0	0
0.8621332523086032	0.13786674769139695	1	7854	0	0
0.9966855788385404	0.003314421161459515	1	7855	0	0
1.0	0.0	1	7856	0	0
0.9966855788385404	0.003314421161459515	1	7857	0	0
0.9967022717015194	0.003297728298480518	1	7858	0	0
1.0	0.0	1	7859	0	0
1.0	0.0	1	7860	0	0
0.9934129811022063	0.0065870188977936095	1	7861	0	0
0.9703060758729142	0.0296939241270858	1	7862	0	0
0.9868774278348205	0.013122572165179654	1	7863	0	0
1.0	0.0	1	7864	0	0
0.9967322111326282	0.003267788867371766	1	7865	0	0
0.9901113451700271	0.009888654829972915	1	7866	0	0
1.0	0.0	1	7867	0	0
1.0	0.0	1	7868	0	0
1.0	0.0	1	7869	0	0
1.0	0.0	1	7870	0	0
1.0	0.0	1	7871	0	0
0.9992102819208706	0.0007897180791293719	1	7872	0	0
1.0	0.0	1	7873	0	0
1.0	0.0	1	7874	0	0
1.0	0.0	1	7875	0	0
1.0	0.0	1	7876	0	0
1.0	0.0	1	7877	0	0
1.0	0.0	1	7878	0	0
1.0	0.0	1	7879	0	0
1.0	0.0	1	7880	0	0
1.0	0.0	1	7881	0	0
1.0	0.0	1	7882	0	0
0.8389405139611337	0.16105948603886694	1	7883	0	0
1.0	0.0	1	7884	0	0
0.9967390873015873	0.0032609126984126983	1	7885	0	0
1.0	0.0	1	7886	0	0
1.0	0.0	1	7887	0	0
1.0	0.0	1	7888	0	0
1.0	0.0	1	7889	0	0
1.0	0.0	1	7890	0	0
1.0	0.0	1	7891	0	0
0.9938340845015508	0.006165915498449334	1	7892	0	0
1.0	0.0	1	7893	0	0
1.0	0.0	1	7894	0	0
1.0	0.0	1	7895	0	0
1.0	0.0	1	7896	0	0
0.9933664963260485	0.00663350367395157	1	7897	0	0
0.9967331943203256	0.003266805679674312	1	7898	0	0
0.0687526063702085	0.9312473936297914	1	7899	1	1
1.0	0.0	1	7900	0	0
1.0	0.0	1	7901	0	0
1.0	0.0	1	7902	0	0
0.9836642460529961	0.016335753947003935	1	7903	0	0
0.9934465867471113	0.006553413252888638	1	7904	0	0
1.0	0.0	1	7905	0	0
0.9652080295153039	0.0347919704846961	1	7906	0	0
0.9934340200178217	0.006565979982178241	1	7907	0	0
0.9934340200178217	0.006565979982178241	1	7908	0	0
0.9967047790983402	0.0032952209016598967	1	7909	0	0
0.9933624278906447	0.006637572109355405	1	7910	0	0
1.0	0.0	1	7911	0	0
1.0	0.0	1	7912	0	0
1.0	0.0	1	7913	0	0
1.0	0.0	1	7914	0	0
1.0	0.0	1	7915	0	0
1.0	0.0	1	7916	0	0
1.0	0.0	1	7917	0	0
1.0	0.0	1	7918	0	0
1.0	0.0	1	7919	0	0
1.0	0.0	1	7920	0	0
1.0	0.0	1	7921	0	0
0.9996002530736894	0.00039974692631054176	1	7922	0	0
1.0	0.0	1	7923	0	0
1.0	0.0	1	7924	0	0
1.0	0.0	1	7925	0	0
1.0	0.0	1	7926	0	0
1.0	0.0	1	7927	0	0
1.0	0.0	1	7928	0	0
1.0	0.0	1	7929	0	0
1.0	0.0	1	7930	0	0
1.0	0.0	1	7931	0	0
1.0	0.0	1	7932	0	0
1.0	0.0	1	7933	0	0
1.0	0.0	1	7934	0	0
1.0	0.0	1	7935	0	0
1.0	0.0	1	7936	0	0
1.0	0.0	1	7937	0	0
1.0	0.0	1	7938	0	0
1.0	0.0	1	7939	0	0
1.0	0.0	1	7940	0	0
1.0	0.0	1	7941	0	0
1.0	0.0	1	7942	0	0
1.0	0.0	1	7943	0	0
1.0	0.0	1	7944	0	0
1.0	0.0	1	7945	0	0
1.0	0.0	1	7946	0	0
1.0	0.0	1	7947	0	0
1.0	0.0	1	7948	0	0
1.0	0.0	1	7949	0	0
1.0	0.0	1	7950	0	0
1.0	0.0	1	7951	0	0
1.0	0.0	1	7952	0	0
1.0	0.0	1	7953	0	0
1.0	0.0	1	7954	0	0
1.0	0.0	1	7955	0	0
1.0	0.0	1	7956	0	0
1.0	0.0	1	7957	0	0
1.0	0.0	1	7958	0	0
1.0	0.0	1	7959	0	0
0.9967047790983401	0.0032952209016598967	1	7960	0	0
0.9967037761396117	0.0032962238603881453	1	7961	0	0
1.0	0.0	1	7962	0	0
1.0	0.0	1	7963	0	0
1.0	0.0	1	7964	0	0
1.0	0.0	1	7965	0	0
1.0	0.0	1	7966	0	0
1.0	0.0	1	7967	0	0
1.0	0.0	1	7968	0	0
1.0	0.0	1	7969	0	0
1.0	0.0	1	7970	0	0
1.0	0.0	1	7971	0	0
1.0	0.0	1	7972	0	0
1.0	0.0	1	7973	0	0
1.0	0.0	1	7974	0	0
1.0	0.0	1	7975	0	0
1.0	0.0	1	7976	0	0
1.0	0.0	1	7977	0	0
1.0	0.0	1	7978	0	0
1.0	0.0	1	7979	0	0
1.0	0.0	1	7980	0	0
1.0	0.0	1	7981	0	0
1.0	0.0	1	7982	0	0
0.9838768125721871	0.016123187427812907	1	7983	0	0
1.0	0.0	1	7984	0	0
1.0	0.0	1	7985	0	0
1.0	0.0	1	7986	0	0
1.0	0.0	1	7987	0	0
1.0	0.0	1	7988	0	0
1.0	0.0	1	7989	0	0
1.0	0.0	1	7990	0	0
1.0	0.0	1	7991	0	0
1.0	0.0	1	7992	0	0
1.0	0.0	1	7993	0	0
1.0	0.0	1	7994	0	0
1.0	0.0	1	7995	0	0
1.0	0.0	1	7996	0	0
1.0	0.0	1	7997	0	0
1.0	0.0	1	7998	0	0
1.0	0.0	1	7999	0	0
1.0	0.0	1	8000	0	0
1.0	0.0	1	8001	0	0
0.9996002530736894	0.00039974692631054176	1	8002	0	0
0.9838833318039208	0.016116668196079292	1	8003	0	0
1.0	0.0	1	8004	0	0
1.0	0.0	1	8005	0	0
0.9944340246725494	0.005565975327450563	1	8006	0	0
0.9124639343993102	0.08753606560068966	1	8007	0	0
1.0	0.0	1	8008	0	0
0.9903110453495944	0.009688954650405575	1	8009	0	0
1.0	0.0	1	8010	0	0
0.9903110453495944	0.009688954650405575	1	8011	0	0
1.0	0.0	1	8012	0	0
1.0	0.0	1	8013	0	0
1.0	0.0	1	8014	0	0
1.0	0.0	1	8015	0	0
1.0	0.0	1	8016	0	0
1.0	0.0	1	8017	0	0
1.0	0.0	1	8018	0	0
1.0	0.0	1	8019	0	0
1.0	0.0	1	8020	0	0
0.9933512314401673	0.0066487685598326145	1	8021	0	0
0.9933512314401673	0.0066487685598326145	1	8022	0	0
1.0	0.0	1	8023	0	0
1.0	0.0	1	8024	0	0
1.0	0.0	1	8025	0	0
1.0	0.0	1	8026	0	0
1.0	0.0	1	8027	0	0
1.0	0.0	1	8028	0	0
1.0	0.0	1	8029	0	0
1.0	0.0	1	8030	0	0
0.9996002530736894	0.00039974692631054176	1	8031	0	0
1.0	0.0	1	8032	0	0
1.0	0.0	1	8033	0	0
1.0	0.0	1	8034	0	0
1.0	0.0	1	8035	0	0
1.0	0.0	1	8036	0	0
1.0	0.0	1	8037	0	0
1.0	0.0	1	8038	0	0
1.0	0.0	1	8039	0	0
1.0	0.0	1	8040	0	0
0.9996002530736894	0.00039974692631054176	1	8041	0	0
1.0	0.0	1	8042	0	0
1.0	0.0	1	8043	0	0
0.9968029342466419	0.00319706575335811	1	8044	0	0
1.0	0.0	1	8045	0	0
1.0	0.0	1	8046	0	0
1.0	0.0	1	8047	0	0
1.0	0.0	1	8048	0	0
1.0	0.0	1	8049	0	0
1.0	0.0	1	8050	0	0
1.0	0.0	1	8051	0	0
0.9968029342466419	0.00319706575335811	1	8052	0	0
0.9968029342466419	0.00319706575335811	1	8053	0	0
0.9968029342466419	0.00319706575335811	1	8054	0	0
1.0	0.0	1	8055	0	0
1.0	0.0	1	8056	0	0
1.0	0.0	1	8057	0	0
1.0	0.0	1	8058	0	0
1.0	0.0	1	8059	0	0
1.0	0.0	1	8060	0	0
1.0	0.0	1	8061	0	0
1.0	0.0	1	8062	0	0
1.0	0.0	1	8063	0	0
0.9996002530736894	0.00039974692631054176	1	8064	0	0
1.0	0.0	1	8065	0	0
1.0	0.0	1	8066	0	0
1.0	0.0	1	8067	0	0
1.0	0.0	1	8068	0	0
1.0	0.0	1	8069	0	0
1.0	0.0	1	8070	0	0
1.0	0.0	1	8071	0	0
1.0	0.0	1	8072	0	0
1.0	0.0	1	8073	0	0
1.0	0.0	1	8074	0	0
1.0	0.0	1	8075	0	0
1.0	0.0	1	8076	0	0
1.0	0.0	1	8077	0	0
1.0	0.0	1	8078	0	0
1.0	0.0	1	8079	0	0
1.0	0.0	1	8080	0	0
1.0	0.0	1	8081	0	0
1.0	0.0	1	8082	0	0
1.0	0.0	1	8083	0	0
1.0	0.0	1	8084	0	0
1.0	0.0	1	8085	0	0
0.9967381058689287	0.0032618941310710923	1	8086	0	0
1.0	0.0	1	8087	0	0
1.0	0.0	1	8088	0	0
1.0	0.0	1	8089	0	0
1.0	0.0	1	8090	0	0
1.0	0.0	1	8091	0	0
1.0	0.0	1	8092	0	0
1.0	0.0	1	8093	0	0
1.0	0.0	1	8094	0	0
1.0	0.0	1	8095	0	0
1.0	0.0	1	8096	0	0
1.0	0.0	1	8097	0	0
1.0	0.0	1	8098	0	0
1.0	0.0	1	8099	0	0
1.0	0.0	1	8100	0	0
1.0	0.0	1	8101	0	0
1.0	0.0	1	8102	0	0
1.0	0.0	1	8103	0	0
1.0	0.0	1	8104	0	0
1.0	0.0	1	8105	0	0
0.9836586438700374	0.01634135612996265	1	8106	0	0
0.9836586438700374	0.01634135612996265	1	8107	0	0
1.0	0.0	1	8108	0	0
1.0	0.0	1	8109	0	0
1.0	0.0	1	8110	0	0
0.9967390873015873	0.0032609126984126983	1	8111	0	0
1.0	0.0	1	8112	0	0
1.0	0.0	1	8113	0	0
1.0	0.0	1	8114	0	0
1.0	0.0	1	8115	0	0
1.0	0.0	1	8116	0	0
1.0	0.0	1	8117	0	0
1.0	0.0	1	8118	0	0
0.9869310626716257	0.013068937328374325	1	8119	0	0
1.0	0.0	1	8120	0	0
1.0	0.0	1	8121	0	0
1.0	0.0	1	8122	0	0
1.0	0.0	1	8123	0	0
1.0	0.0	1	8124	0	0
1.0	0.0	1	8125	0	0
1.0	0.0	1	8126	0	0
1.0	0.0	1	8127	0	0
1.0	0.0	1	8128	0	0
1.0	0.0	1	8129	0	0
1.0	0.0	1	8130	0	0
1.0	0.0	1	8131	0	0
1.0	0.0	1	8132	0	0
0.9966822853688029	0.003317714631197098	1	8133	0	0
1.0	0.0	1	8134	0	0
1.0	0.0	1	8135	0	0
1.0	0.0	1	8136	0	0
1.0	0.0	1	8137	0	0
1.0	0.0	1	8138	0	0
1.0	0.0	1	8139	0	0
1.0	0.0	1	8140	0	0
1.0	0.0	1	8141	0	0
1.0	0.0	1	8142	0	0
1.0	0.0	1	8143	0	0
1.0	0.0	1	8144	0	0
1.0	0.0	1	8145	0	0
1.0	0.0	1	8146	0	0
1.0	0.0	1	8147	0	0
0.9836111959313094	0.016388804068690508	1	8148	0	0
1.0	0.0	1	8149	0	0
1.0	0.0	1	8150	0	0
1.0	0.0	1	8151	0	0
1.0	0.0	1	8152	0	0
1.0	0.0	1	8153	0	0
1.0	0.0	1	8154	0	0
1.0	0.0	1	8155	0	0
0.9966850717293194	0.003314928270680483	1	8156	0	0
1.0	0.0	1	8157	0	0
1.0	0.0	1	8158	0	0
1.0	0.0	1	8159	0	0
1.0	0.0	1	8160	0	0
1.0	0.0	1	8161	0	0
1.0	0.0	1	8162	0	0
1.0	0.0	1	8163	0	0
1.0	0.0	1	8164	0	0
1.0	0.0	1	8165	0	0
1.0	0.0	1	8166	0	0
1.0	0.0	1	8167	0	0
0.9996002530736894	0.00039974692631054176	1	8168	0	0
1.0	0.0	1	8169	0	0
1.0	0.0	1	8170	0	0
1.0	0.0	1	8171	0	0
1.0	0.0	1	8172	0	0
0.9934496772910613	0.00655032270893891	1	8173	0	0
1.0	0.0	1	8174	0	0
0.9902526115377032	0.009747388462297021	1	8175	0	0
1.0	0.0	1	8176	0	0
1.0	0.0	1	8177	0	0
1.0	0.0	1	8178	0	0
1.0	0.0	1	8179	0	0
1.0	0.0	1	8180	0	0
1.0	0.0	1	8181	0	0
1.0	0.0	1	8182	0	0
1.0	0.0	1	8183	0	0
1.0	0.0	1	8184	0	0
1.0	0.0	1	8185	0	0
1.0	0.0	1	8186	0	0
1.0	0.0	1	8187	0	0
1.0	0.0	1	8188	0	0
1.0	0.0	1	8189	0	0
1.0	0.0	1	8190	0	0
1.0	0.0	1	8191	0	0
1.0	0.0	1	8192	0	0
1.0	0.0	1	8193	0	0
1.0	0.0	1	8194	0	0
1.0	0.0	1	8195	0	0
1.0	0.0	1	8196	0	0
1.0	0.0	1	8197	0	0
1.0	0.0	1	8198	0	0
1.0	0.0	1	8199	0	0
1.0	0.0	1	8200	0	0
1.0	0.0	1	8201	0	0
1.0	0.0	1	8202	0	0
1.0	0.0	1	8203	0	0
1.0	0.0	1	8204	0	0
1.0	0.0	1	8205	0	0
0.9996002530736894	0.00039974692631054176	1	8206	0	0
0.9996002530736894	0.00039974692631054176	1	8207	0	0
1.0	0.0	1	8208	0	0
1.0	0.0	1	8209	0	0
1.0	0.0	1	8210	0	0
1.0	0.0	1	8211	0	0
1.0	0.0	1	8212	0	0
1.0	0.0	1	8213	0	0
1.0	0.0	1	8214	0	0
1.0	0.0	1	8215	0	0
1.0	0.0	1	8216	0	0
1.0	0.0	1	8217	0	0
1.0	0.0	1	8218	0	0
1.0	0.0	1	8219	0	0
1.0	0.0	1	8220	0	0
1.0	0.0	1	8221	0	0
1.0	0.0	1	8222	0	0
1.0	0.0	1	8223	0	0
0.99706339632757	0.002936603672429969	1	8224	0	0
1.0	0.0	1	8225	0	0
1.0	0.0	1	8226	0	0
1.0	0.0	1	8227	0	0
1.0	0.0	1	8228	0	0
1.0	0.0	1	8229	0	0
1.0	0.0	1	8230	0	0
1.0	0.0	1	8231	0	0
1.0	0.0	1	8232	0	0
1.0	0.0	1	8233	0	0
1.0	0.0	1	8234	0	0
1.0	0.0	1	8235	0	0
1.0	0.0	1	8236	0	0
1.0	0.0	1	8237	0	0
1.0	0.0	1	8238	0	0
0.997021113070211	0.0029788869297888696	1	8239	0	0
0.997021113070211	0.0029788869297888696	1	8240	0	0
1.0	0.0	1	8241	0	0
1.0	0.0	1	8242	0	0
1.0	0.0	1	8243	0	0
0.9934020463436654	0.006597953656334637	1	8244	0	0
1.0	0.0	1	8245	0	0
0.9934020463436654	0.006597953656334637	1	8246	0	0
1.0	0.0	1	8247	0	0
1.0	0.0	1	8248	0	0
1.0	0.0	1	8249	0	0
1.0	0.0	1	8250	0	0
1.0	0.0	1	8251	0	0
0.9966843113530954	0.0033156886469046178	1	8252	0	0
0.9967097938919814	0.003290206108018655	1	8253	0	0
0.8258384380564566	0.17416156194354349	1	8254	0	0
0.8258384380564566	0.17416156194354349	1	8255	0	0
0.9443346035152589	0.05566539648474122	1	8256	0	0
0.9736519565503592	0.02634804344964074	1	8257	0	0
0.9900881630929924	0.009911836907007482	1	8258	0	0
0.9637701440274694	0.036229855972530506	1	8259	0	0
1.0	0.0	1	8260	0	0
1.0	0.0	1	8261	0	0
1.0	0.0	1	8262	0	0
1.0	0.0	1	8263	0	0
1.0	0.0	1	8264	0	0
0.9834812719688316	0.016518728031168273	1	8265	0	0
1.0	0.0	1	8266	0	0
1.0	0.0	1	8267	0	0
1.0	0.0	1	8268	0	0
0.804634696879973	0.19536530312002703	1	8269	0	0
0.804634696879973	0.19536530312002703	1	8270	0	0
0.804634696879973	0.19536530312002703	1	8271	0	0
0.8882479031948619	0.11175209680513809	1	8272	0	0
1.0	0.0	1	8273	0	0
1.0	0.0	1	8274	0	0
1.0	0.0	1	8275	0	0
1.0	0.0	1	8276	0	0
1.0	0.0	1	8277	0	0
1.0	0.0	1	8278	0	0
1.0	0.0	1	8279	0	0
1.0	0.0	1	8280	0	0
1.0	0.0	1	8281	0	0
1.0	0.0	1	8282	0	0
1.0	0.0	1	8283	0	0
1.0	0.0	1	8284	0	0
1.0	0.0	1	8285	0	0
1.0	0.0	1	8286	0	0
1.0	0.0	1	8287	0	0
0.9934303070081622	0.006569692991837804	1	8288	0	0
0.9966666666666667	0.0033333333333333335	1	8289	0	0
1.0	0.0	1	8290	0	0
1.0	0.0	1	8291	0	0
1.0	0.0	1	8292	0	0
1.0	0.0	1	8293	0	0
0.9972304573672875	0.00276954263271253	1	8294	0	0
1.0	0.0	1	8295	0	0
0.9972304573672875	0.00276954263271253	1	8296	0	0
1.0	0.0	1	8297	0	0
1.0	0.0	1	8298	0	0
1.0	0.0	1	8299	0	0
1.0	0.0	1	8300	0	0
1.0	0.0	1	8301	0	0
1.0	0.0	1	8302	0	0
1.0	0.0	1	8303	0	0
1.0	0.0	1	8304	0	0
1.0	0.0	1	8305	0	0
1.0	0.0	1	8306	0	0
0.7656445107698979	0.23435548923010194	1	8307	0	0
1.0	0.0	2	0	0	0
1.0	0.0	2	1	0	0
0.996706289497442	0.0032937105025579293	2	2	0	0
1.0	0.0	2	3	0	0
1.0	0.0	2	4	0	0
1.0	0.0	2	5	0	0
1.0	0.0	2	6	0	0
1.0	0.0	2	7	0	0
1.0	0.0	2	8	0	0
1.0	0.0	2	9	0	0
1.0	0.0	2	10	0	0
1.0	0.0	2	11	0	0
1.0	0.0	2	12	0	0
1.0	0.0	2	13	0	0
1.0	0.0	2	14	0	0
1.0	0.0	2	15	0	0
1.0	0.0	2	16	0	0
1.0	0.0	2	17	0	0
1.0	0.0	2	18	0	0
1.0	0.0	2	19	0	0
1.0	0.0	2	20	0	0
1.0	0.0	2	21	0	0
1.0	0.0	2	22	0	0
1.0	0.0	2	23	0	0
1.0	0.0	2	24	0	0
1.0	0.0	2	25	0	0
1.0	0.0	2	26	0	0
0.9636725827643617	0.0363274172356383	2	27	0	0
0.9967996553688803	0.0032003446311196343	2	28	0	0
1.0	0.0	2	29	0	0
1.0	0.0	2	30	0	0
1.0	0.0	2	31	0	0
1.0	0.0	2	32	0	0
1.0	0.0	2	33	0	0
1.0	0.0	2	34	0	0
1.0	0.0	2	35	0	0
0.9968304668304669	0.003169533169533169	2	36	0	0
1.0	0.0	2	37	0	0
1.0	0.0	2	38	0	0
0.9548510663386346	0.04514893366136535	2	39	0	0
1.0	0.0	2	40	0	0
1.0	0.0	2	41	0	0
1.0	0.0	2	42	0	0
1.0	0.0	2	43	0	0
1.0	0.0	2	44	0	0
1.0	0.0	2	45	0	0
1.0	0.0	2	46	0	0
1.0	0.0	2	47	0	0
1.0	0.0	2	48	0	0
1.0	0.0	2	49	0	0
1.0	0.0	2	50	0	0
1.0	0.0	2	51	0	0
1.0	0.0	2	52	0	0
1.0	0.0	2	53	0	0
1.0	0.0	2	54	0	0
1.0	0.0	2	55	0	0
1.0	0.0	2	56	0	0
1.0	0.0	2	57	0	0
1.0	0.0	2	58	0	0
1.0	0.0	2	59	0	0
1.0	0.0	2	60	0	0
1.0	0.0	2	61	0	0
1.0	0.0	2	62	0	0
1.0	0.0	2	63	0	0
1.0	0.0	2	64	0	0
1.0	0.0	2	65	0	0
1.0	0.0	2	66	0	0
1.0	0.0	2	67	0	0
1.0	0.0	2	68	0	0
1.0	0.0	2	69	0	0
1.0	0.0	2	70	0	0
1.0	0.0	2	71	0	0
1.0	0.0	2	72	0	0
1.0	0.0	2	73	0	0
1.0	0.0	2	74	0	0
1.0	0.0	2	75	0	0
1.0	0.0	2	76	0	0
1.0	0.0	2	77	0	0
1.0	0.0	2	78	0	0
1.0	0.0	2	79	0	0
1.0	0.0	2	80	0	0
1.0	0.0	2	81	0	0
1.0	0.0	2	82	0	0
1.0	0.0	2	83	0	0
1.0	0.0	2	84	0	0
1.0	0.0	2	85	0	0
1.0	0.0	2	86	0	0
1.0	0.0	2	87	0	0
1.0	0.0	2	88	0	0
1.0	0.0	2	89	0	0
1.0	0.0	2	90	0	0
1.0	0.0	2	91	0	0
1.0	0.0	2	92	0	0
1.0	0.0	2	93	0	0
1.0	0.0	2	94	0	0
1.0	0.0	2	95	0	0
1.0	0.0	2	96	0	0
1.0	0.0	2	97	0	0
1.0	0.0	2	98	0	0
1.0	0.0	2	99	0	0
1.0	0.0	2	100	0	0
1.0	0.0	2	101	0	0
1.0	0.0	2	102	0	0
1.0	0.0	2	103	0	0
1.0	0.0	2	104	0	0
1.0	0.0	2	105	0	0
1.0	0.0	2	106	0	0
1.0	0.0	2	107	0	0
1.0	0.0	2	108	0	0
1.0	0.0	2	109	0	0
1.0	0.0	2	110	0	0
1.0	0.0	2	111	0	0
1.0	0.0	2	112	0	0
0.9835561932027874	0.0164438067972127	2	113	0	0
1.0	0.0	2	114	0	0
0.9968559139784946	0.0031440860215053764	2	115	0	0
1.0	0.0	2	116	0	0
1.0	0.0	2	117	0	0
1.0	0.0	2	118	0	0
1.0	0.0	2	119	0	0
1.0	0.0	2	120	0	0
1.0	0.0	2	121	0	0
1.0	0.0	2	122	0	0
1.0	0.0	2	123	0	0
1.0	0.0	2	124	0	0
1.0	0.0	2	125	0	0
1.0	0.0	2	126	0	0
1.0	0.0	2	127	0	0
1.0	0.0	2	128	0	0
1.0	0.0	2	129	0	0
1.0	0.0	2	130	0	0
1.0	0.0	2	131	0	0
1.0	0.0	2	132	0	0
1.0	0.0	2	133	0	0
1.0	0.0	2	134	0	0
1.0	0.0	2	135	0	0
1.0	0.0	2	136	0	0
1.0	0.0	2	137	0	0
1.0	0.0	2	138	0	0
0.9967996553688803	0.0032003446311196343	2	139	0	0
1.0	0.0	2	140	0	0
1.0	0.0	2	141	0	0
1.0	0.0	2	142	0	0
1.0	0.0	2	143	0	0
1.0	0.0	2	144	0	0
1.0	0.0	2	145	0	0
1.0	0.0	2	146	0	0
1.0	0.0	2	147	0	0
1.0	0.0	2	148	0	0
1.0	0.0	2	149	0	0
1.0	0.0	2	150	0	0
1.0	0.0	2	151	0	0
1.0	0.0	2	152	0	0
0.9868590431115725	0.013140956888427542	2	153	0	0
1.0	0.0	2	154	0	0
1.0	0.0	2	155	0	0
1.0	0.0	2	156	0	0
1.0	0.0	2	157	0	0
1.0	0.0	2	158	0	0
1.0	0.0	2	159	0	0
1.0	0.0	2	160	0	0
1.0	0.0	2	161	0	0
1.0	0.0	2	162	0	0
1.0	0.0	2	163	0	0
1.0	0.0	2	164	0	0
1.0	0.0	2	165	0	0
1.0	0.0	2	166	0	0
1.0	0.0	2	167	0	0
1.0	0.0	2	168	0	0
1.0	0.0	2	169	0	0
1.0	0.0	2	170	0	0
1.0	0.0	2	171	0	0
1.0	0.0	2	172	0	0
1.0	0.0	2	173	0	0
1.0	0.0	2	174	0	0
1.0	0.0	2	175	0	0
1.0	0.0	2	176	0	0
1.0	0.0	2	177	0	0
1.0	0.0	2	178	0	0
1.0	0.0	2	179	0	0
1.0	0.0	2	180	0	0
1.0	0.0	2	181	0	0
1.0	0.0	2	182	0	0
1.0	0.0	2	183	0	0
1.0	0.0	2	184	0	0
1.0	0.0	2	185	0	0
0.9835867824580551	0.016413217541944917	2	186	0	0
1.0	0.0	2	187	0	0
1.0	0.0	2	188	0	0
1.0	0.0	2	189	0	0
1.0	0.0	2	190	0	0
1.0	0.0	2	191	0	0
1.0	0.0	2	192	0	0
1.0	0.0	2	193	0	0
1.0	0.0	2	194	0	0
1.0	0.0	2	195	0	0
1.0	0.0	2	196	0	0
1.0	0.0	2	197	0	0
1.0	0.0	2	198	0	0
1.0	0.0	2	199	0	0
1.0	0.0	2	200	0	0
1.0	0.0	2	201	0	0
1.0	0.0	2	202	0	0
1.0	0.0	2	203	0	0
1.0	0.0	2	204	0	0
1.0	0.0	2	205	0	0
1.0	0.0	2	206	0	0
1.0	0.0	2	207	0	0
1.0	0.0	2	208	0	0
1.0	0.0	2	209	0	0
1.0	0.0	2	210	0	0
1.0	0.0	2	211	0	0
1.0	0.0	2	212	0	0
1.0	0.0	2	213	0	0
1.0	0.0	2	214	0	0
1.0	0.0	2	215	0	0
1.0	0.0	2	216	0	0
1.0	0.0	2	217	0	0
1.0	0.0	2	218	0	0
1.0	0.0	2	219	0	0
1.0	0.0	2	220	0	0
1.0	0.0	2	221	0	0
1.0	0.0	2	222	0	0
1.0	0.0	2	223	0	0
1.0	0.0	2	224	0	0
1.0	0.0	2	225	0	0
1.0	0.0	2	226	0	0
1.0	0.0	2	227	0	0
1.0	0.0	2	228	0	0
1.0	0.0	2	229	0	0
1.0	0.0	2	230	0	0
1.0	0.0	2	231	0	0
1.0	0.0	2	232	0	0
1.0	0.0	2	233	0	0
1.0	0.0	2	234	0	0
1.0	0.0	2	235	0	0
1.0	0.0	2	236	0	0
1.0	0.0	2	237	0	0
1.0	0.0	2	238	0	0
1.0	0.0	2	239	0	0
1.0	0.0	2	240	0	0
1.0	0.0	2	241	0	0
1.0	0.0	2	242	0	0
0.99668133758284	0.0033186624171599134	2	243	0	0
0.986774879784027	0.013225120215972901	2	244	0	0
1.0	0.0	2	245	0	0
1.0	0.0	2	246	0	0
1.0	0.0	2	247	0	0
1.0	0.0	2	248	0	0
1.0	0.0	2	249	0	0
1.0	0.0	2	250	0	0
0.9967669172932332	0.0032330827067669175	2	251	0	0
1.0	0.0	2	252	0	0
1.0	0.0	2	253	0	0
1.0	0.0	2	254	0	0
1.0	0.0	2	255	0	0
1.0	0.0	2	256	0	0
1.0	0.0	2	257	0	0
1.0	0.0	2	258	0	0
1.0	0.0	2	259	0	0
1.0	0.0	2	260	0	0
1.0	0.0	2	261	0	0
1.0	0.0	2	262	0	0
0.41581149653334293	0.5841885034666573	2	263	1	1
0.6826931233341013	0.31730687666589874	2	264	0	0
0.9902342671927533	0.009765732807246595	2	265	0	0
1.0	0.0	2	266	0	0
1.0	0.0	2	267	0	0
0.9900176500252144	0.009982349974785677	2	268	0	0
0.9702219053210164	0.029778094678983593	2	269	0	0
0.9270798196076177	0.07292018039238246	2	270	0	0
0.1953590412149653	0.8046409587850345	2	271	1	1
0.986790956027549	0.01320904397245101	2	272	0	0
1.0	0.0	2	273	0	0
1.0	0.0	2	274	0	0
1.0	0.0	2	275	0	0
1.0	0.0	2	276	0	0
1.0	0.0	2	277	0	0
1.0	0.0	2	278	0	0
0.789201749182694	0.2107982508173059	2	279	0	0
0.9901381987822981	0.00986180121770181	2	280	0	0
1.0	0.0	2	281	0	0
1.0	0.0	2	282	0	0
0.9967381058689287	0.0032618941310710923	2	283	0	0
0.9802206633234065	0.0197793366765935	2	284	0	0
0.9933333333333333	0.006666666666666667	2	285	0	0
0.9933837538982935	0.006616246101706449	2	286	0	0
0.703249705288081	0.2967502947119193	2	287	0	0
0.3571298326687615	0.6428701673312384	2	288	0	1
1.0	0.0	2	289	0	0
0.9966873549298617	0.003312645070138258	2	290	0	0
1.0	0.0	2	291	0	0
0.9637492573935388	0.03625074260646109	2	292	0	0
1.0	0.0	2	293	0	0
0.998748857404022	0.0012511425959780623	2	294	0	0
1.0	0.0	2	295	0	0
0.9966799777586818	0.003320022241318303	2	296	0	0
0.9835982464761293	0.01640175352387081	2	297	0	0
1.0	0.0	2	298	0	0
1.0	0.0	2	299	0	0
1.0	0.0	2	300	0	0
1.0	0.0	2	301	0	0
0.9901751858938277	0.009824814106172457	2	302	0	0
1.0	0.0	2	303	0	0
1.0	0.0	2	304	0	0
1.0	0.0	2	305	0	0
1.0	0.0	2	306	0	0
1.0	0.0	2	307	0	0
1.0	0.0	2	308	0	0
1.0	0.0	2	309	0	0
1.0	0.0	2	310	0	0
1.0	0.0	2	311	0	0
1.0	0.0	2	312	0	0
1.0	0.0	2	313	0	0
1.0	0.0	2	314	0	0
1.0	0.0	2	315	0	0
1.0	0.0	2	316	0	0
1.0	0.0	2	317	0	0
1.0	0.0	2	318	0	0
1.0	0.0	2	319	0	0
1.0	0.0	2	320	0	0
0.9934816315796519	0.0065183684203480455	2	321	0	0
1.0	0.0	2	322	0	0
0.7658396423742827	0.23416035762571746	2	323	0	0
1.0	0.0	2	324	0	0
0.9210920898331572	0.07890791016684279	2	325	0	0
0.9901743412767272	0.009825658723272743	2	326	0	0
0.9967027786137025	0.003297221386297522	2	327	0	0
1.0	0.0	2	328	0	0
1.0	0.0	2	329	0	0
1.0	0.0	2	330	0	0
1.0	0.0	2	331	0	0
0.9901611735024833	0.009838826497516742	2	332	0	0
1.0	0.0	2	333	0	0
1.0	0.0	2	334	0	0
1.0	0.0	2	335	0	0
1.0	0.0	2	336	0	0
1.0	0.0	2	337	0	0
1.0	0.0	2	338	0	0
1.0	0.0	2	339	0	0
0.9966762786462285	0.003323721353771437	2	340	0	0
1.0	0.0	2	341	0	0
1.0	0.0	2	342	0	0
0.9539011736321885	0.04609882636781155	2	343	0	0
1.0	0.0	2	344	0	0
1.0	0.0	2	345	0	0
1.0	0.0	2	346	0	0
0.9874860746459184	0.012513925354081579	2	347	0	0
0.9967062835364324	0.003293716463567524	2	348	0	0
1.0	0.0	2	349	0	0
1.0	0.0	2	350	0	0
0.16587806693524143	0.8341219330647585	2	351	0	1
0.9933719588663155	0.006628041133684474	2	352	0	0
1.0	0.0	2	353	0	0
0.9606079381659276	0.039392061834072505	2	354	0	0
0.9339814834079506	0.06601851659204923	2	355	0	0
0.9901304303801675	0.009869569619832751	2	356	0	0
0.9966992628253346	0.0033007371746652625	2	357	0	0
0.99349513401899	0.006504865981009947	2	358	0	0
1.0	0.0	2	359	0	0
1.0	0.0	2	360	0	0
1.0	0.0	2	361	0	0
1.0	0.0	2	362	0	0
1.0	0.0	2	363	0	0
0.920859699317953	0.0791403006820468	2	364	0	0
1.0	0.0	2	365	0	0
0.9440282075817542	0.05597179241824609	2	366	0	0
0.9967440015863572	0.0032559984136426726	2	367	0	0
1.0	0.0	2	368	0	0
0.9967440015863572	0.0032559984136426726	2	369	0	0
1.0	0.0	2	370	0	0
1.0	0.0	2	371	0	0
1.0	0.0	2	372	0	0
1.0	0.0	2	373	0	0
1.0	0.0	2	374	0	0
0.996712301288802	0.003287698711198034	2	375	0	0
1.0	0.0	2	376	0	0
1.0	0.0	2	377	0	0
1.0	0.0	2	378	0	0
1.0	0.0	2	379	0	0
1.0	0.0	2	380	0	0
1.0	0.0	2	381	0	0
1.0	0.0	2	382	0	0
1.0	0.0	2	383	0	0
1.0	0.0	2	384	0	0
1.0	0.0	2	385	0	0
1.0	0.0	2	386	0	0
1.0	0.0	2	387	0	0
1.0	0.0	2	388	0	0
1.0	0.0	2	389	0	0
1.0	0.0	2	390	0	0
1.0	0.0	2	391	0	0
0.9933795433674798	0.006620456632520204	2	392	0	0
0.9901138722928378	0.00988612770716223	2	393	0	0
1.0	0.0	2	394	0	0
0.9967067850157965	0.0032932149842034002	2	395	0	0
1.0	0.0	2	396	0	0
0.9967067850157965	0.0032932149842034002	2	397	0	0
1.0	0.0	2	398	0	0
1.0	0.0	2	399	0	0
1.0	0.0	2	400	0	0
1.0	0.0	2	401	0	0
1.0	0.0	2	402	0	0
1.0	0.0	2	403	0	0
1.0	0.0	2	404	0	0
0.9900737561218454	0.009926243878154656	2	405	0	0
1.0	0.0	2	406	0	0
0.9900932728334589	0.009906727166541052	2	407	0	0
0.9900932728334589	0.009906727166541052	2	408	0	0
1.0	0.0	2	409	0	0
0.9934137901778606	0.006586209822139311	2	410	0	0
1.0	0.0	2	411	0	0
0.9967381058689287	0.0032618941310710923	2	412	0	0
1.0	0.0	2	413	0	0
1.0	0.0	2	414	0	0
1.0	0.0	2	415	0	0
1.0	0.0	2	416	0	0
1.0	0.0	2	417	0	0
0.996692242114237	0.003307757885763001	2	418	0	0
1.0	0.0	2	419	0	0
0.8055351905803775	0.1944648094196224	2	420	0	0
0.9305113359857011	0.06948866401429848	2	421	0	0
1.0	0.0	2	422	0	0
1.0	0.0	2	423	0	0
1.0	0.0	2	424	0	0
1.0	0.0	2	425	0	0
1.0	0.0	2	426	0	0
1.0	0.0	2	427	0	0
0.998748857404022	0.0012511425959780623	2	428	0	0
1.0	0.0	2	429	0	0
1.0	0.0	2	430	0	0
1.0	0.0	2	431	0	0
1.0	0.0	2	432	0	0
0.7366511245326696	0.26334887546733066	2	433	0	0
0.996692242114237	0.003307757885763001	2	434	0	0
0.9474408277778863	0.05255917222211377	2	435	0	0
1.0	0.0	2	436	0	0
1.0	0.0	2	437	0	0
0.9933931508897861	0.006606849110213848	2	438	0	0
0.6069691138854117	0.3930308861145885	2	439	0	0
1.0	0.0	2	440	0	0
1.0	0.0	2	441	0	0
0.01772428106219651	0.9822757189378035	2	442	0	1
1.0	0.0	2	443	0	0
0.9966830448257616	0.0033169551742384157	2	444	0	0
1.0	0.0	2	445	0	0
1.0	0.0	2	446	0	0
1.0	0.0	2	447	0	0
0.8421476494258234	0.15785235057417663	2	448	0	0
1.0	0.0	2	449	0	0
0.9967027731808836	0.0032972268191163935	2	450	0	0
1.0	0.0	2	451	0	0
1.0	0.0	2	452	0	0
1.0	0.0	2	453	0	0
1.0	0.0	2	454	0	0
0.532137124374662	0.4678628756253382	2	455	0	0
0.9933711578305527	0.006628842169447223	2	456	0	0
1.0	0.0	2	457	0	0
0.8417087280805685	0.15829127191943151	2	458	0	0
0.9966855817003354	0.003314418299664573	2	459	0	0
0.9966855817003354	0.003314418299664573	2	460	0	0
1.0	0.0	2	461	0	0
1.0	0.0	2	462	0	0
1.0	0.0	2	463	0	0
1.0	0.0	2	464	0	0
1.0	0.0	2	465	0	0
1.0	0.0	2	466	0	0
1.0	0.0	2	467	0	0
1.0	0.0	2	468	0	0
0.9934211507500854	0.0065788492499144835	2	469	0	0
0.9966987710057688	0.003301228994231252	2	470	0	0
0.9966987710057688	0.003301228994231252	2	471	0	0
0.9933955167744847	0.00660448322551527	2	472	0	0
1.0	0.0	2	473	0	0
1.0	0.0	2	474	0	0
1.0	0.0	2	475	0	0
1.0	0.0	2	476	0	0
0.9934100712207843	0.006589928779215568	2	477	0	0
0.9966796381462577	0.0033203618537423563	2	478	0	0
1.0	0.0	2	479	0	0
0.9934322591490987	0.006567740850901366	2	480	0	0
1.0	0.0	2	481	0	0
1.0	0.0	2	482	0	0
0.9967381058689287	0.0032618941310710923	2	483	0	0
1.0	0.0	2	484	0	0
1.0	0.0	2	485	0	0
0.9967841927427646	0.003215807257235199	2	486	0	0
0.8716293935133298	0.1283706064866701	2	487	0	0
0.9440817986311053	0.05591820136889466	2	488	0	0
0.9011601902684269	0.09883980973157287	2	489	1	0
1.0	0.0	2	490	0	0
1.0	0.0	2	491	0	0
0.9934850341289366	0.0065149658710631645	2	492	0	0
1.0	0.0	2	493	0	0
1.0	0.0	2	494	0	0
1.0	0.0	2	495	0	0
1.0	0.0	2	496	0	0
0.998748857404022	0.0012511425959780623	2	497	0	0
0.998748857404022	0.0012511425959780623	2	498	0	0
1.0	0.0	2	499	0	0
1.0	0.0	2	500	0	0
0.9669598568596162	0.0330401431403839	2	501	0	0
0.9955834453214123	0.004416554678587596	2	502	0	0
0.9968345879173904	0.0031654120826095345	2	503	0	0
0.9968345879173904	0.0031654120826095345	2	504	0	0
0.9636723921711503	0.036327607828849716	2	505	0	0
1.0	0.0	2	506	0	0
0.9934127942356089	0.006587205764391009	2	507	0	0
0.9934403988043382	0.006559601195661766	2	508	0	0
0.9954840172213735	0.004515982778626464	2	509	0	0
0.9954840172213735	0.004515982778626464	2	510	0	0
0.9954840172213735	0.004515982778626464	2	511	0	0
0.9834784688947609	0.01652153110523926	2	512	0	0
0.9374010155482624	0.06259898445173766	2	513	1	0
0.9738718570548921	0.026128142945107815	2	514	0	0
0.9868300932623144	0.013169906737685701	2	515	0	0
0.4051372347403343	0.5948627652596654	2	516	1	1
1.0	0.0	2	517	0	0
1.0	0.0	2	518	0	0
1.0	0.0	2	519	0	0
1.0	0.0	2	520	0	0
0.235373423751373	0.7646265762486271	2	521	1	1
0.474060152777911	0.5259398472220891	2	522	1	1
1.0	0.0	2	523	0	0
1.0	0.0	2	524	0	0
0.9802917068737478	0.019708293126252302	2	525	0	0
0.9934449075551894	0.006555092444810529	2	526	0	0
1.0	0.0	2	527	0	0
1.0	0.0	2	528	0	0
1.0	0.0	2	529	0	0
1.0	0.0	2	530	0	0
1.0	0.0	2	531	0	0
1.0	0.0	2	532	0	0
1.0	0.0	2	533	0	0
1.0	0.0	2	534	0	0
1.0	0.0	2	535	0	0
0.9967107968507095	0.0032892031492904065	2	536	0	0
1.0	0.0	2	537	0	0
1.0	0.0	2	538	0	0
1.0	0.0	2	539	0	0
1.0	0.0	2	540	0	0
1.0	0.0	2	541	0	0
1.0	0.0	2	542	0	0
1.0	0.0	2	543	0	0
1.0	0.0	2	544	0	0
1.0	0.0	2	545	0	0
1.0	0.0	2	546	0	0
1.0	0.0	2	547	0	0
1.0	0.0	2	548	0	0
1.0	0.0	2	549	0	0
1.0	0.0	2	550	0	0
1.0	0.0	2	551	0	0
0.9967390873015873	0.0032609126984126983	2	552	0	0
1.0	0.0	2	553	0	0
1.0	0.0	2	554	0	0
1.0	0.0	2	555	0	0
0.9736892833358662	0.026310716664133534	2	556	0	0
1.0	0.0	2	557	0	0
1.0	0.0	2	558	0	0
0.9967027840481565	0.0032972159518434917	2	559	0	0
1.0	0.0	2	560	0	0
0.998748857404022	0.0012511425959780623	2	561	0	0
0.9967082894538889	0.0032917105461110273	2	562	0	0
0.998748857404022	0.0012511425959780623	2	563	0	0
1.0	0.0	2	564	0	0
1.0	0.0	2	565	0	0
1.0	0.0	2	566	0	0
0.9900709229409789	0.009929077059021256	2	567	0	0
0.9900709229409789	0.009929077059021256	2	568	0	0
0.9901312637224564	0.009868736277543396	2	569	0	0
1.0	0.0	2	570	0	0
1.0	0.0	2	571	0	0
0.9771185841620676	0.022881415837932205	2	572	0	0
1.0	0.0	2	573	0	0
1.0	0.0	2	574	0	0
1.0	0.0	2	575	0	0
1.0	0.0	2	576	0	0
1.0	0.0	2	577	0	0
1.0	0.0	2	578	0	0
1.0	0.0	2	579	0	0
1.0	0.0	2	580	0	0
1.0	0.0	2	581	0	0
1.0	0.0	2	582	0	0
1.0	0.0	2	583	0	0
0.2946789096625118	0.7053210903374882	2	584	0	1
1.0	0.0	2	585	0	0
0.986811136192626	0.013188863807373967	2	586	0	0
0.9901108602959618	0.009889139704038125	2	587	0	0
1.0	0.0	2	588	0	0
0.9900618034037401	0.009938196596259859	2	589	0	0
1.0	0.0	2	590	0	0
1.0	0.0	2	591	0	0
0.9901187062771036	0.009881293722896268	2	592	0	0
1.0	0.0	2	593	0	0
0.9934572652908518	0.00654273470914826	2	594	0	0
1.0	0.0	2	595	0	0
1.0	0.0	2	596	0	0
0.9835145125226525	0.016485487477347415	2	597	0	0
1.0	0.0	2	598	0	0
1.0	0.0	2	599	0	0
0.9966838046272494	0.003316195372750643	2	600	0	0
1.0	0.0	2	601	0	0
0.9934442182409513	0.0065557817590487545	2	602	0	0
0.9868395692071775	0.013160430792822465	2	603	0	0
1.0	0.0	2	604	0	0
0.690424750044603	0.30957524995539726	2	605	0	0
0.9868090598746996	0.013190940125300447	2	606	0	0
1.0	0.0	2	607	0	0
1.0	0.0	2	608	0	0
1.0	0.0	2	609	0	0
1.0	0.0	2	610	0	0
1.0	0.0	2	611	0	0
1.0	0.0	2	612	0	0
1.0	0.0	2	613	0	0
1.0	0.0	2	614	0	0
1.0	0.0	2	615	0	0
0.9933795433674798	0.006620456632520204	2	616	0	0
1.0	0.0	2	617	0	0
1.0	0.0	2	618	0	0
1.0	0.0	2	619	0	0
0.9902748799855404	0.009725120014459486	2	620	0	0
0.9901328728876341	0.009867127112365912	2	621	0	0
0.9901328728876341	0.009867127112365912	2	622	0	0
1.0	0.0	2	623	0	0
1.0	0.0	2	624	0	0
1.0	0.0	2	625	0	0
1.0	0.0	2	626	0	0
0.9967052805777041	0.0032947194222957723	2	627	0	0
1.0	0.0	2	628	0	0
0.9935020203356096	0.006497979664390206	2	629	0	0
1.0	0.0	2	630	0	0
0.9935020203356096	0.006497979664390206	2	631	0	0
0.996704277618976	0.003295722381024021	2	632	0	0
0.9967012791572613	0.0032987208427389014	2	633	0	0
0.821369259847922	0.17863074015207808	2	634	0	0
0.20619108115916304	0.793808918840837	2	635	0	1
0.9933996218496767	0.006600378150323293	2	636	0	0
0.9873709236441719	0.012629076355827993	2	637	0	0
1.0	0.0	2	638	0	0
1.0	0.0	2	639	0	0
0.9570810201496582	0.04291897985034188	2	640	0	0
1.0	0.0	2	641	0	0
1.0	0.0	2	642	0	0
1.0	0.0	2	643	0	0
1.0	0.0	2	644	0	0
0.9935020203356096	0.006497979664390206	2	645	0	0
1.0	0.0	2	646	0	0
1.0	0.0	2	647	0	0
0.9934734377320672	0.0065265622679327	2	648	0	0
0.9934734377320672	0.0065265622679327	2	649	0	0
1.0	0.0	2	650	0	0
1.0	0.0	2	651	0	0
1.0	0.0	2	652	0	0
1.0	0.0	2	653	0	0
0.046593426938933355	0.9534065730610665	2	654	0	1
0.9934020360062182	0.006597963993781656	2	655	0	0
1.0	0.0	2	656	0	0
1.0	0.0	2	657	0	0
1.0	0.0	2	658	0	0
1.0	0.0	2	659	0	0
1.0	0.0	2	660	0	0
1.0	0.0	2	661	0	0
0.9967508667657257	0.0032491332342743933	2	662	0	0
1.0	0.0	2	663	0	0
1.0	0.0	2	664	0	0
1.0	0.0	2	665	0	0
1.0	0.0	2	666	0	0
1.0	0.0	2	667	0	0
1.0	0.0	2	668	0	0
1.0	0.0	2	669	0	0
0.9966912428528438	0.0033087571471561842	2	670	0	0
0.9967052863878022	0.0032947136121978136	2	671	0	0
0.9966912428528438	0.0033087571471561842	2	672	0	0
0.9966912428528438	0.0033087571471561842	2	673	0	0
1.0	0.0	2	674	0	0
0.9966912428528438	0.0033087571471561842	2	675	0	0
1.0	0.0	2	676	0	0
1.0	0.0	2	677	0	0
1.0	0.0	2	678	0	0
1.0	0.0	2	679	0	0
1.0	0.0	2	680	0	0
1.0	0.0	2	681	0	0
1.0	0.0	2	682	0	0
1.0	0.0	2	683	0	0
1.0	0.0	2	684	0	0
1.0	0.0	2	685	0	0
1.0	0.0	2	686	0	0
1.0	0.0	2	687	0	0
1.0	0.0	2	688	0	0
1.0	0.0	2	689	0	0
1.0	0.0	2	690	0	0
1.0	0.0	2	691	0	0
1.0	0.0	2	692	0	0
0.9967037761396117	0.0032962238603881453	2	693	0	0
0.9966666666666667	0.0033333333333333335	2	694	0	0
0.996761131611316	0.003238868388683887	2	695	0	0
1.0	0.0	2	696	0	0
1.0	0.0	2	697	0	0
1.0	0.0	2	698	0	0
0.9967118133935291	0.0032881866064710303	2	699	0	0
0.9967331943203256	0.003266805679674312	2	700	0	0
0.9967371241440904	0.003262875855909497	2	701	0	0
0.9966843166918811	0.003315683308119012	2	702	0	0
0.8188991224920371	0.1811008775079632	2	703	0	0
0.9243443578627651	0.0756556421372345	2	704	0	0
1.0	0.0	2	705	0	0
1.0	0.0	2	706	0	0
1.0	0.0	2	707	0	0
0.9901696916812173	0.009830308318782706	2	708	0	0
0.9901696916812173	0.009830308318782706	2	709	0	0
1.0	0.0	2	710	0	0
1.0	0.0	2	711	0	0
1.0	0.0	2	712	0	0
0.9868988898445035	0.013101110155496674	2	713	0	0
1.0	0.0	2	714	0	0
1.0	0.0	2	715	0	0
0.9868954958112359	0.013104504188764151	2	716	0	0
1.0	0.0	2	717	0	0
1.0	0.0	2	718	0	0
1.0	0.0	2	719	0	0
1.0	0.0	2	720	0	0
1.0	0.0	2	721	0	0
1.0	0.0	2	722	0	0
1.0	0.0	2	723	0	0
1.0	0.0	2	724	0	0
1.0	0.0	2	725	0	0
1.0	0.0	2	726	0	0
1.0	0.0	2	727	0	0
1.0	0.0	2	728	0	0
1.0	0.0	2	729	0	0
1.0	0.0	2	730	0	0
1.0	0.0	2	731	0	0
1.0	0.0	2	732	0	0
1.0	0.0	2	733	0	0
1.0	0.0	2	734	0	0
1.0	0.0	2	735	0	0
1.0	0.0	2	736	0	0
1.0	0.0	2	737	0	0
1.0	0.0	2	738	0	0
1.0	0.0	2	739	0	0
1.0	0.0	2	740	0	0
1.0	0.0	2	741	0	0
1.0	0.0	2	742	0	0
1.0	0.0	2	743	0	0
1.0	0.0	2	744	0	0
1.0	0.0	2	745	0	0
1.0	0.0	2	746	0	0
1.0	0.0	2	747	0	0
0.9967082894538889	0.0032917105461110273	2	748	0	0
1.0	0.0	2	749	0	0
0.9574190520108349	0.04258094798916507	2	750	0	0
0.8622677336448138	0.1377322663551862	2	751	0	0
0.9854493970374404	0.01455060296255955	2	752	0	0
0.9854493970374404	0.01455060296255955	2	753	0	0
0.9571549266855167	0.042845073314483326	2	754	0	0
0.9571498418585134	0.042850158141486794	2	755	0	0
0.9934467632676247	0.006553236732375377	2	756	0	0
0.9934467632676247	0.006553236732375377	2	757	0	0
0.9934467632676247	0.006553236732375377	2	758	0	0
0.9887827303707737	0.011217269629226216	2	759	0	0
0.9866914571028049	0.013308542897195116	2	760	0	0
0.9887827303707737	0.011217269629226216	2	761	0	0
0.9673854692879568	0.032614530712043246	2	762	0	0
0.22948187665259767	0.7705181233474024	2	763	0	1
0.1720627162155591	0.8279372837844409	2	764	0	1
0.9934281451780589	0.006571854821941048	2	765	0	0
1.0	0.0	2	766	0	0
0.9801886428304757	0.019811357169524372	2	767	0	0
1.0	0.0	2	768	0	0
0.7435402981659568	0.25645970183404326	2	769	0	0
0.8851074285649465	0.11489257143505348	2	770	0	0
0.9146302061175308	0.08536979388246957	2	771	0	0
1.0	0.0	2	772	0	0
0.990199724908229	0.009800275091770894	2	773	0	0
0.9966774262965354	0.003322573703464601	2	774	0	0
0.9967841927427646	0.003215807257235199	2	775	0	0
0.9935496648953479	0.006450335104652	2	776	0	0
0.9967841927427646	0.003215807257235199	2	777	0	0
0.9967654721525833	0.0032345278474168017	2	778	0	0
0.9967654721525833	0.0032345278474168017	2	779	0	0
0.9933853145623553	0.00661468543764448	2	780	0	0
0.9805949481690025	0.01940505183099758	2	781	0	0
0.9668297949236438	0.0331702050763561	2	782	0	0
1.0	0.0	2	783	0	0
0.9966997692847829	0.003300230715217173	2	784	0	0
1.0	0.0	2	785	0	0
1.0	0.0	2	786	0	0
1.0	0.0	2	787	0	0
1.0	0.0	2	788	0	0
1.0	0.0	2	789	0	0
1.0	0.0	2	790	0	0
1.0	0.0	2	791	0	0
1.0	0.0	2	792	0	0
1.0	0.0	2	793	0	0
0.9967253206084103	0.003274679391589622	2	794	0	0
1.0	0.0	2	795	0	0
1.0	0.0	2	796	0	0
1.0	0.0	2	797	0	0
1.0	0.0	2	798	0	0
1.0	0.0	2	799	0	0
1.0	0.0	2	800	0	0
0.9967108101329321	0.003289189867067971	2	801	0	0
1.0	0.0	2	802	0	0
1.0	0.0	2	803	0	0
1.0	0.0	2	804	0	0
1.0	0.0	2	805	0	0
1.0	0.0	2	806	0	0
1.0	0.0	2	807	0	0
1.0	0.0	2	808	0	0
1.0	0.0	2	809	0	0
1.0	0.0	2	810	0	0
1.0	0.0	2	811	0	0
1.0	0.0	2	812	0	0
1.0	0.0	2	813	0	0
1.0	0.0	2	814	0	0
1.0	0.0	2	815	0	0
1.0	0.0	2	816	0	0
0.998748857404022	0.0012511425959780623	2	817	0	0
0.998748857404022	0.0012511425959780623	2	818	0	0
0.9935663345235027	0.006433665476497134	2	819	0	0
0.917578595304765	0.08242140469523486	2	820	0	0
0.8912486863678316	0.10875131363216814	2	821	0	0
0.9868861663847918	0.013113833615208249	2	822	0	0
0.9901108602959618	0.009889139704038125	2	823	0	0
0.9868136443441183	0.013186355655881617	2	824	0	0
0.8712828583188483	0.1287171416811517	2	825	0	0
0.9966666666666667	0.0033333333333333335	2	826	0	0
0.993404564835716	0.006595435164283923	2	827	0	0
0.9900543480536724	0.009945651946327674	2	828	0	0
1.0	0.0	2	829	0	0
0.9542604696054351	0.04573953039456477	2	830	0	0
1.0	0.0	2	831	0	0
1.0	0.0	2	832	0	0
1.0	0.0	2	833	0	0
1.0	0.0	2	834	0	0
1.0	0.0	2	835	0	0
1.0	0.0	2	836	0	0
1.0	0.0	2	837	0	0
1.0	0.0	2	838	0	0
1.0	0.0	2	839	0	0
1.0	0.0	2	840	0	0
1.0	0.0	2	841	0	0
0.9934215893337061	0.006578410666293977	2	842	0	0
0.9901155706465082	0.009884429353491722	2	843	0	0
0.8580306366759544	0.14196936332404553	2	844	0	0
0.8617159320878826	0.13828406791211736	2	845	0	0
0.8983803374074654	0.1016196625925348	2	846	0	0
0.9770795085405367	0.022920491459463208	2	847	0	0
0.633039558155567	0.3669604418444331	2	848	0	0
0.9440272863664755	0.05597271363352456	2	849	0	0
1.0	0.0	2	850	0	0
0.998748857404022	0.0012511425959780623	2	851	0	0
1.0	0.0	2	852	0	0
1.0	0.0	2	853	0	0
0.9966843113530954	0.0033156886469046178	2	854	0	0
0.9966843113530954	0.0033156886469046178	2	855	0	0
0.9968382991032687	0.00316170089673127	2	856	0	0
0.9900840371098908	0.009915962890109126	2	857	0	0
0.8520285492995535	0.14797145070044665	2	858	0	0
0.9867686685135793	0.013231331486420927	2	859	0	0
0.9967371241440904	0.003262875855909497	2	860	0	0
1.0	0.0	2	861	0	0
0.9506052872037327	0.04939471279626737	2	862	0	0
1.0	0.0	2	863	0	0
1.0	0.0	2	864	0	0
1.0	0.0	2	865	0	0
1.0	0.0	2	866	0	0
1.0	0.0	2	867	0	0
1.0	0.0	2	868	0	0
1.0	0.0	2	869	0	0
1.0	0.0	2	870	0	0
1.0	0.0	2	871	0	0
0.9967047790983401	0.0032952209016598967	2	872	0	0
1.0	0.0	2	873	0	0
1.0	0.0	2	874	0	0
1.0	0.0	2	875	0	0
1.0	0.0	2	876	0	0
1.0	0.0	2	877	0	0
1.0	0.0	2	878	0	0
1.0	0.0	2	879	0	0
1.0	0.0	2	880	0	0
1.0	0.0	2	881	0	0
1.0	0.0	2	882	0	0
1.0	0.0	2	883	0	0
1.0	0.0	2	884	0	0
1.0	0.0	2	885	0	0
1.0	0.0	2	886	0	0
1.0	0.0	2	887	0	0
0.9868652566733797	0.013134743326620315	2	888	0	0
0.29136634216862817	0.7086336578313717	2	889	1	1
0.0876511058005566	0.9123488941994438	2	890	1	1
0.980116808874814	0.01988319112518606	2	891	0	0
0.012553194531357425	0.9874468054686425	2	892	1	1
0.09610211635492694	0.9038978836450732	2	893	1	1
0.06573406398953706	0.9342659360104629	2	894	1	1
0.14013417924878702	0.8598658207512131	2	895	1	1
0.993377359553045	0.0066226404469549765	2	896	0	0
0.9834632207966733	0.016536779203326683	2	897	0	0
0.9834632207966733	0.016536779203326683	2	898	0	0
0.9834632207966733	0.016536779203326683	2	899	0	0
1.0	0.0	2	900	0	0
0.9867604421829708	0.013239557817029159	2	901	0	0
0.9867604421829708	0.013239557817029159	2	902	0	0
0.004486673916670894	0.9955133260833293	2	903	1	1
1.0	0.0	2	904	0	0
0.21498345135158176	0.785016548648418	2	905	1	1
0.024693262187550264	0.9753067378124498	2	906	1	1
0.3086614277188725	0.6913385722811273	2	907	1	1
0.9910752204065598	0.008924779593440154	2	908	0	0
0.9910752204065598	0.008924779593440154	2	909	0	0
1.0	0.0	2	910	0	0
1.0	0.0	2	911	0	0
1.0	0.0	2	912	0	0
1.0	0.0	2	913	0	0
1.0	0.0	2	914	0	0
0.9997447882149127	0.00025521178508726335	2	915	0	0
0.9997447882149127	0.00025521178508726335	2	916	0	0
1.0	0.0	2	917	0	0
1.0	0.0	2	918	0	0
1.0	0.0	2	919	0	0
1.0	0.0	2	920	0	0
1.0	0.0	2	921	0	0
1.0	0.0	2	922	0	0
1.0	0.0	2	923	0	0
0.9943724472256762	0.00562755277432376	2	924	0	0
0.9997447882149127	0.00025521178508726335	2	925	0	0
1.0	0.0	2	926	0	0
1.0	0.0	2	927	0	0
1.0	0.0	2	928	0	0
1.0	0.0	2	929	0	0
1.0	0.0	2	930	0	0
1.0	0.0	2	931	0	0
1.0	0.0	2	932	0	0
1.0	0.0	2	933	0	0
1.0	0.0	2	934	0	0
1.0	0.0	2	935	0	0
1.0	0.0	2	936	0	0
1.0	0.0	2	937	0	0
0.9836633366059452	0.01633666339405488	2	938	0	0
1.0	0.0	2	939	0	0
1.0	0.0	2	940	0	0
1.0	0.0	2	941	0	0
1.0	0.0	2	942	0	0
1.0	0.0	2	943	0	0
1.0	0.0	2	944	0	0
1.0	0.0	2	945	0	0
1.0	0.0	2	946	0	0
1.0	0.0	2	947	0	0
0.3678525176205975	0.6321474823794027	2	948	1	1
1.0	0.0	2	949	0	0
1.0	0.0	2	950	0	0
1.0	0.0	2	951	0	0
1.0	0.0	2	952	0	0
1.0	0.0	2	953	0	0
1.0	0.0	2	954	0	0
1.0	0.0	2	955	0	0
0.9872780569717691	0.012721943028230914	2	956	0	0
0.9968479877200556	0.003152012279944355	2	957	0	0
0.9968479877200556	0.003152012279944355	2	958	0	0
1.0	0.0	2	959	0	0
0.9835324787498931	0.016467521250106854	2	960	0	0
0.9971606931439027	0.002839306856097299	2	961	0	0
1.0	0.0	2	962	0	0
1.0	0.0	2	963	0	0
0.9966845701893737	0.003315429810626119	2	964	0	0
1.0	0.0	2	965	0	0
1.0	0.0	2	966	0	0
1.0	0.0	2	967	0	0
1.0	0.0	2	968	0	0
1.0	0.0	2	969	0	0
1.0	0.0	2	970	0	0
1.0	0.0	2	971	0	0
1.0	0.0	2	972	0	0
1.0	0.0	2	973	0	0
1.0	0.0	2	974	0	0
1.0	0.0	2	975	0	0
1.0	0.0	2	976	0	0
1.0	0.0	2	977	0	0
1.0	0.0	2	978	0	0
1.0	0.0	2	979	0	0
1.0	0.0	2	980	0	0
1.0	0.0	2	981	0	0
1.0	0.0	2	982	0	0
1.0	0.0	2	983	0	0
1.0	0.0	2	984	0	0
1.0	0.0	2	985	0	0
1.0	0.0	2	986	0	0
1.0	0.0	2	987	0	0
1.0	0.0	2	988	0	0
1.0	0.0	2	989	0	0
0.9997447882149127	0.00025521178508726335	2	990	0	0
1.0	0.0	2	991	0	0
1.0	0.0	2	992	0	0
1.0	0.0	2	993	0	0
1.0	0.0	2	994	0	0
1.0	0.0	2	995	0	0
1.0	0.0	2	996	0	0
1.0	0.0	2	997	0	0
1.0	0.0	2	998	0	0
1.0	0.0	2	999	0	0
1.0	0.0	2	1000	0	0
1.0	0.0	2	1001	0	0
1.0	0.0	2	1002	0	0
1.0	0.0	2	1003	0	0
1.0	0.0	2	1004	0	0
1.0	0.0	2	1005	0	0
1.0	0.0	2	1006	0	0
1.0	0.0	2	1007	0	0
0.00810655592465454	0.991893444075345	2	1008	1	1
1.0	0.0	2	1009	0	0
1.0	0.0	2	1010	0	0
1.0	0.0	2	1011	0	0
1.0	0.0	2	1012	0	0
1.0	0.0	2	1013	0	0
1.0	0.0	2	1014	0	0
0.9943724472256762	0.00562755277432376	2	1015	0	0
1.0	0.0	2	1016	0	0
1.0	0.0	2	1017	0	0
1.0	0.0	2	1018	0	0
1.0	0.0	2	1019	0	0
1.0	0.0	2	1020	0	0
1.0	0.0	2	1021	0	0
0.9997447882149127	0.00025521178508726335	2	1022	0	0
1.0	0.0	2	1023	0	0
1.0	0.0	2	1024	0	0
1.0	0.0	2	1025	0	0
1.0	0.0	2	1026	0	0
1.0	0.0	2	1027	0	0
1.0	0.0	2	1028	0	0
1.0	0.0	2	1029	0	0
1.0	0.0	2	1030	0	0
0.9971606931439027	0.002839306856097299	2	1031	0	0
1.0	0.0	2	1032	0	0
1.0	0.0	2	1033	0	0
1.0	0.0	2	1034	0	0
1.0	0.0	2	1035	0	0
1.0	0.0	2	1036	0	0
1.0	0.0	2	1037	0	0
1.0	0.0	2	1038	0	0
1.0	0.0	2	1039	0	0
1.0	0.0	2	1040	0	0
1.0	0.0	2	1041	0	0
1.0	0.0	2	1042	0	0
1.0	0.0	2	1043	0	0
1.0	0.0	2	1044	0	0
0.9966666666666667	0.0033333333333333335	2	1045	0	0
1.0	0.0	2	1046	0	0
1.0	0.0	2	1047	0	0
1.0	0.0	2	1048	0	0
1.0	0.0	2	1049	0	0
1.0	0.0	2	1050	0	0
1.0	0.0	2	1051	0	0
1.0	0.0	2	1052	0	0
0.9769565147640935	0.023043485235906474	2	1053	0	0
1.0	0.0	2	1054	0	0
1.0	0.0	2	1055	0	0
1.0	0.0	2	1056	0	0
1.0	0.0	2	1057	0	0
1.0	0.0	2	1058	0	0
1.0	0.0	2	1059	0	0
1.0	0.0	2	1060	0	0
1.0	0.0	2	1061	0	0
1.0	0.0	2	1062	0	0
1.0	0.0	2	1063	0	0
1.0	0.0	2	1064	0	0
0.9966666666666667	0.0033333333333333335	2	1065	0	0
1.0	0.0	2	1066	0	0
1.0	0.0	2	1067	0	0
1.0	0.0	2	1068	0	0
1.0	0.0	2	1069	0	0
1.0	0.0	2	1070	0	0
1.0	0.0	2	1071	0	0
1.0	0.0	2	1072	0	0
0.9837052186479188	0.016294781352081296	2	1073	0	0
1.0	0.0	2	1074	0	0
1.0	0.0	2	1075	0	0
1.0	0.0	2	1076	0	0
0.9997447882149127	0.00025521178508726335	2	1077	0	0
0.9997447882149127	0.00025521178508726335	2	1078	0	0
1.0	0.0	2	1079	0	0
0.9935093160715553	0.006490683928444572	2	1080	0	0
1.0	0.0	2	1081	0	0
1.0	0.0	2	1082	0	0
1.0	0.0	2	1083	0	0
1.0	0.0	2	1084	0	0
1.0	0.0	2	1085	0	0
1.0	0.0	2	1086	0	0
1.0	0.0	2	1087	0	0
1.0	0.0	2	1088	0	0
1.0	0.0	2	1089	0	0
1.0	0.0	2	1090	0	0
1.0	0.0	2	1091	0	0
1.0	0.0	2	1092	0	0
1.0	0.0	2	1093	0	0
1.0	0.0	2	1094	0	0
1.0	0.0	2	1095	0	0
0.9869058150992503	0.013094184900749659	2	1096	0	0
0.9973892718485066	0.0026107281514935435	2	1097	0	0
1.0	0.0	2	1098	0	0
1.0	0.0	2	1099	0	0
1.0	0.0	2	1100	0	0
1.0	0.0	2	1101	0	0
1.0	0.0	2	1102	0	0
1.0	0.0	2	1103	0	0
1.0	0.0	2	1104	0	0
1.0	0.0	2	1105	0	0
1.0	0.0	2	1106	0	0
1.0	0.0	2	1107	0	0
1.0	0.0	2	1108	0	0
1.0	0.0	2	1109	0	0
1.0	0.0	2	1110	0	0
1.0	0.0	2	1111	0	0
1.0	0.0	2	1112	0	0
1.0	0.0	2	1113	0	0
1.0	0.0	2	1114	0	0
0.581163280707662	0.418836719292338	2	1115	1	0
0.9869772714862438	0.013022728513756097	2	1116	0	0
1.0	0.0	2	1117	0	0
1.0	0.0	2	1118	0	0
0.9997447882149127	0.00025521178508726335	2	1119	0	0
1.0	0.0	2	1120	0	0
1.0	0.0	2	1121	0	0
1.0	0.0	2	1122	0	0
1.0	0.0	2	1123	0	0
1.0	0.0	2	1124	0	0
1.0	0.0	2	1125	0	0
1.0	0.0	2	1126	0	0
1.0	0.0	2	1127	0	0
1.0	0.0	2	1128	0	0
1.0	0.0	2	1129	0	0
1.0	0.0	2	1130	0	0
1.0	0.0	2	1131	0	0
0.9382474657267532	0.06175253427324692	2	1132	0	0
1.0	0.0	2	1133	0	0
1.0	0.0	2	1134	0	0
1.0	0.0	2	1135	0	0
1.0	0.0	2	1136	0	0
0.049436183479857024	0.9505638165201425	2	1137	1	1
0.060356079706027806	0.9396439202939721	2	1138	1	1
1.0	0.0	2	1139	0	0
1.0	0.0	2	1140	0	0
1.0	0.0	2	1141	0	0
1.0	0.0	2	1142	0	0
1.0	0.0	2	1143	0	0
1.0	0.0	2	1144	0	0
1.0	0.0	2	1145	0	0
1.0	0.0	2	1146	0	0
0.9681176340459932	0.0318823659540068	2	1147	0	0
1.0	0.0	2	1148	0	0
1.0	0.0	2	1149	0	0
1.0	0.0	2	1150	0	0
1.0	0.0	2	1151	0	0
0.3505619738784534	0.6494380261215468	2	1152	1	1
1.0	0.0	2	1153	0	0
1.0	0.0	2	1154	0	0
1.0	0.0	2	1155	0	0
1.0	0.0	2	1156	0	0
1.0	0.0	2	1157	0	0
0.9938827922489811	0.006117207751018657	2	1158	0	0
1.0	0.0	2	1159	0	0
1.0	0.0	2	1160	0	0
1.0	0.0	2	1161	0	0
1.0	0.0	2	1162	0	0
0.9967047905693505	0.0032952094306496114	2	1163	0	0
1.0	0.0	2	1164	0	0
1.0	0.0	2	1165	0	0
1.0	0.0	2	1166	0	0
1.0	0.0	2	1167	0	0
1.0	0.0	2	1168	0	0
1.0	0.0	2	1169	0	0
1.0	0.0	2	1170	0	0
1.0	0.0	2	1171	0	0
1.0	0.0	2	1172	0	0
0.998748857404022	0.0012511425959780623	2	1173	0	0
1.0	0.0	2	1174	0	0
0.998748857404022	0.0012511425959780623	2	1175	0	0
1.0	0.0	2	1176	0	0
1.0	0.0	2	1177	0	0
1.0	0.0	2	1178	0	0
1.0	0.0	2	1179	0	0
1.0	0.0	2	1180	0	0
1.0	0.0	2	1181	0	0
1.0	0.0	2	1182	0	0
1.0	0.0	2	1183	0	0
1.0	0.0	2	1184	0	0
1.0	0.0	2	1185	0	0
1.0	0.0	2	1186	0	0
1.0	0.0	2	1187	0	0
1.0	0.0	2	1188	0	0
1.0	0.0	2	1189	0	0
1.0	0.0	2	1190	0	0
1.0	0.0	2	1191	0	0
1.0	0.0	2	1192	0	0
1.0	0.0	2	1193	0	0
1.0	0.0	2	1194	0	0
0.9476555981400474	0.05234440185995268	2	1195	0	0
1.0	0.0	2	1196	0	0
1.0	0.0	2	1197	0	0
1.0	0.0	2	1198	0	0
1.0	0.0	2	1199	0	0
1.0	0.0	2	1200	0	0
1.0	0.0	2	1201	0	0
1.0	0.0	2	1202	0	0
1.0	0.0	2	1203	0	0
1.0	0.0	2	1204	0	0
1.0	0.0	2	1205	0	0
1.0	0.0	2	1206	0	0
1.0	0.0	2	1207	0	0
1.0	0.0	2	1208	0	0
1.0	0.0	2	1209	0	0
1.0	0.0	2	1210	0	0
1.0	0.0	2	1211	0	0
1.0	0.0	2	1212	0	0
1.0	0.0	2	1213	0	0
1.0	0.0	2	1214	0	0
1.0	0.0	2	1215	0	0
1.0	0.0	2	1216	0	0
1.0	0.0	2	1217	0	0
1.0	0.0	2	1218	0	0
1.0	0.0	2	1219	0	0
1.0	0.0	2	1220	0	0
1.0	0.0	2	1221	0	0
1.0	0.0	2	1222	0	0
1.0	0.0	2	1223	0	0
1.0	0.0	2	1224	0	0
1.0	0.0	2	1225	0	0
1.0	0.0	2	1226	0	0
1.0	0.0	2	1227	0	0
1.0	0.0	2	1228	0	0
0.18545672516622852	0.8145432748337718	2	1229	1	1
1.0	0.0	2	1230	0	0
1.0	0.0	2	1231	0	0
1.0	0.0	2	1232	0	0
1.0	0.0	2	1233	0	0
1.0	0.0	2	1234	0	0
1.0	0.0	2	1235	0	0
1.0	0.0	2	1236	0	0
1.0	0.0	2	1237	0	0
1.0	0.0	2	1238	0	0
1.0	0.0	2	1239	0	0
1.0	0.0	2	1240	0	0
1.0	0.0	2	1241	0	0
1.0	0.0	2	1242	0	0
1.0	0.0	2	1243	0	0
1.0	0.0	2	1244	0	0
1.0	0.0	2	1245	0	0
1.0	0.0	2	1246	0	0
1.0	0.0	2	1247	0	0
1.0	0.0	2	1248	0	0
1.0	0.0	2	1249	0	0
1.0	0.0	2	1250	0	0
1.0	0.0	2	1251	0	0
1.0	0.0	2	1252	0	0
1.0	0.0	2	1253	0	0
0.07163230109513284	0.928367698904867	2	1254	1	1
1.0	0.0	2	1255	0	0
0.007698449151859886	0.9923015508481399	2	1256	1	1
1.0	0.0	2	1257	0	0
1.0	0.0	2	1258	0	0
1.0	0.0	2	1259	0	0
1.0	0.0	2	1260	0	0
1.0	0.0	2	1261	0	0
1.0	0.0	2	1262	0	0
1.0	0.0	2	1263	0	0
1.0	0.0	2	1264	0	0
1.0	0.0	2	1265	0	0
1.0	0.0	2	1266	0	0
1.0	0.0	2	1267	0	0
1.0	0.0	2	1268	0	0
1.0	0.0	2	1269	0	0
1.0	0.0	2	1270	0	0
1.0	0.0	2	1271	0	0
1.0	0.0	2	1272	0	0
1.0	0.0	2	1273	0	0
1.0	0.0	2	1274	0	0
1.0	0.0	2	1275	0	0
0.9636147028356163	0.03638529716438368	2	1276	0	0
1.0	0.0	2	1277	0	0
1.0	0.0	2	1278	0	0
1.0	0.0	2	1279	0	0
1.0	0.0	2	1280	0	0
1.0	0.0	2	1281	0	0
1.0	0.0	2	1282	0	0
0.9967914412438467	0.0032085587561534335	2	1283	0	0
1.0	0.0	2	1284	0	0
1.0	0.0	2	1285	0	0
1.0	0.0	2	1286	0	0
1.0	0.0	2	1287	0	0
1.0	0.0	2	1288	0	0
1.0	0.0	2	1289	0	0
1.0	0.0	2	1290	0	0
1.0	0.0	2	1291	0	0
0.9971395662189767	0.0028604337810231666	2	1292	0	0
0.9997447882149127	0.00025521178508726335	2	1293	0	0
1.0	0.0	2	1294	0	0
0.9997447882149127	0.00025521178508726335	2	1295	0	0
1.0	0.0	2	1296	0	0
1.0	0.0	2	1297	0	0
1.0	0.0	2	1298	0	0
1.0	0.0	2	1299	0	0
1.0	0.0	2	1300	0	0
0.9736443580648342	0.026355641935165704	2	1301	0	0
1.0	0.0	2	1302	0	0
1.0	0.0	2	1303	0	0
1.0	0.0	2	1304	0	0
1.0	0.0	2	1305	0	0
1.0	0.0	2	1306	0	0
1.0	0.0	2	1307	0	0
1.0	0.0	2	1308	0	0
1.0	0.0	2	1309	0	0
1.0	0.0	2	1310	0	0
1.0	0.0	2	1311	0	0
1.0	0.0	2	1312	0	0
1.0	0.0	2	1313	0	0
1.0	0.0	2	1314	0	0
1.0	0.0	2	1315	0	0
1.0	0.0	2	1316	0	0
1.0	0.0	2	1317	0	0
1.0	0.0	2	1318	0	0
1.0	0.0	2	1319	0	0
1.0	0.0	2	1320	0	0
1.0	0.0	2	1321	0	0
1.0	0.0	2	1322	0	0
1.0	0.0	2	1323	0	0
1.0	0.0	2	1324	0	0
1.0	0.0	2	1325	0	0
1.0	0.0	2	1326	0	0
1.0	0.0	2	1327	0	0
1.0	0.0	2	1328	0	0
1.0	0.0	2	1329	0	0
1.0	0.0	2	1330	0	0
1.0	0.0	2	1331	0	0
1.0	0.0	2	1332	0	0
1.0	0.0	2	1333	0	0
1.0	0.0	2	1334	0	0
1.0	0.0	2	1335	0	0
1.0	0.0	2	1336	0	0
1.0	0.0	2	1337	0	0
1.0	0.0	2	1338	0	0
1.0	0.0	2	1339	0	0
1.0	0.0	2	1340	0	0
1.0	0.0	2	1341	0	0
1.0	0.0	2	1342	0	0
1.0	0.0	2	1343	0	0
1.0	0.0	2	1344	0	0
1.0	0.0	2	1345	0	0
0.9997447882149127	0.00025521178508726335	2	1346	0	0
1.0	0.0	2	1347	0	0
0.9997447882149127	0.00025521178508726335	2	1348	0	0
1.0	0.0	2	1349	0	0
1.0	0.0	2	1350	0	0
0.23510932785832608	0.7648906721416738	2	1351	0	1
1.0	0.0	2	1352	0	0
1.0	0.0	2	1353	0	0
1.0	0.0	2	1354	0	0
1.0	0.0	2	1355	0	0
1.0	0.0	2	1356	0	0
1.0	0.0	2	1357	0	0
1.0	0.0	2	1358	0	0
1.0	0.0	2	1359	0	0
1.0	0.0	2	1360	0	0
1.0	0.0	2	1361	0	0
1.0	0.0	2	1362	0	0
1.0	0.0	2	1363	0	0
1.0	0.0	2	1364	0	0
1.0	0.0	2	1365	0	0
1.0	0.0	2	1366	0	0
0.998748857404022	0.0012511425959780623	2	1367	0	0
1.0	0.0	2	1368	0	0
0.998748857404022	0.0012511425959780623	2	1369	0	0
1.0	0.0	2	1370	0	0
0.9902312254780096	0.009768774521990362	2	1371	0	0
1.0	0.0	2	1372	0	0
1.0	0.0	2	1373	0	0
1.0	0.0	2	1374	0	0
0.9935616338839486	0.006438366116051467	2	1375	0	0
0.9747201615547766	0.02527983844522342	2	1376	0	0
1.0	0.0	2	1377	0	0
1.0	0.0	2	1378	0	0
1.0	0.0	2	1379	0	0
1.0	0.0	2	1380	0	0
1.0	0.0	2	1381	0	0
1.0	0.0	2	1382	0	0
1.0	0.0	2	1383	0	0
1.0	0.0	2	1384	0	0
1.0	0.0	2	1385	0	0
1.0	0.0	2	1386	0	0
1.0	0.0	2	1387	0	0
1.0	0.0	2	1388	0	0
1.0	0.0	2	1389	0	0
1.0	0.0	2	1390	0	0
1.0	0.0	2	1391	0	0
0.351789386686597	0.6482106133134032	2	1392	1	1
1.0	0.0	2	1393	0	0
0.9345969076661221	0.06540309233387788	2	1394	0	0
0.9278451125800024	0.07215488741999768	2	1395	0	0
1.0	0.0	2	1396	0	0
1.0	0.0	2	1397	0	0
1.0	0.0	2	1398	0	0
1.0	0.0	2	1399	0	0
1.0	0.0	2	1400	0	0
1.0	0.0	2	1401	0	0
1.0	0.0	2	1402	0	0
1.0	0.0	2	1403	0	0
1.0	0.0	2	1404	0	0
1.0	0.0	2	1405	0	0
1.0	0.0	2	1406	0	0
1.0	0.0	2	1407	0	0
1.0	0.0	2	1408	0	0
1.0	0.0	2	1409	0	0
1.0	0.0	2	1410	0	0
1.0	0.0	2	1411	0	0
1.0	0.0	2	1412	0	0
1.0	0.0	2	1413	0	0
0.9645602140654955	0.035439785934504545	2	1414	0	0
1.0	0.0	2	1415	0	0
1.0	0.0	2	1416	0	0
1.0	0.0	2	1417	0	0
1.0	0.0	2	1418	0	0
1.0	0.0	2	1419	0	0
1.0	0.0	2	1420	0	0
1.0	0.0	2	1421	0	0
1.0	0.0	2	1422	0	0
1.0	0.0	2	1423	0	0
1.0	0.0	2	1424	0	0
1.0	0.0	2	1425	0	0
1.0	0.0	2	1426	0	0
1.0	0.0	2	1427	0	0
0.9969251605370695	0.0030748394629305275	2	1428	0	0
0.9974747067519054	0.0025252932480946074	2	1429	0	0
1.0	0.0	2	1430	0	0
1.0	0.0	2	1431	0	0
0.9997447882149127	0.00025521178508726335	2	1432	0	0
0.9997447882149127	0.00025521178508726335	2	1433	0	0
1.0	0.0	2	1434	0	0
1.0	0.0	2	1435	0	0
1.0	0.0	2	1436	0	0
1.0	0.0	2	1437	0	0
1.0	0.0	2	1438	0	0
1.0	0.0	2	1439	0	0
1.0	0.0	2	1440	0	0
1.0	0.0	2	1441	0	0
1.0	0.0	2	1442	0	0
1.0	0.0	2	1443	0	0
1.0	0.0	2	1444	0	0
1.0	0.0	2	1445	0	0
1.0	0.0	2	1446	0	0
1.0	0.0	2	1447	0	0
1.0	0.0	2	1448	0	0
0.9997447882149127	0.00025521178508726335	2	1449	0	0
1.0	0.0	2	1450	0	0
0.9997447882149127	0.00025521178508726335	2	1451	0	0
1.0	0.0	2	1452	0	0
0.9442736086268195	0.055726391373180854	2	1453	0	0
1.0	0.0	2	1454	0	0
0.7763575723601116	0.2236424276398883	2	1455	0	0
0.010917357555310021	0.98908264244469	2	1456	1	1
0.49031818761836576	0.5096818123816342	2	1457	1	1
0.193556282812256	0.8064437171877443	2	1458	1	1
0.9769351080478785	0.023064891952121257	2	1459	0	0
0.9637991592514222	0.036200840748577816	2	1460	0	0
1.0	0.0	2	1461	0	0
0.9967088036117381	0.003291196388261851	2	1462	0	0
0.9900255847022792	0.009974415297720673	2	1463	0	0
0.06715767895086289	0.9328423210491369	2	1464	1	1
1.0	0.0	2	1465	0	0
0.9967027731808836	0.0032972268191163935	2	1466	0	0
0.9901784015521857	0.009821598447814266	2	1467	0	0
1.0	0.0	2	1468	0	0
0.9310108711146431	0.06898912888535692	2	1469	0	0
0.9935271285899963	0.006472871410003771	2	1470	0	0
1.0	0.0	2	1471	0	0
0.9802091309460239	0.019790869053976153	2	1472	0	0
1.0	0.0	2	1473	0	0
1.0	0.0	2	1474	0	0
1.0	0.0	2	1475	0	0
0.9835787263381383	0.01642127366186174	2	1476	0	0
1.0	0.0	2	1477	0	0
1.0	0.0	2	1478	0	0
0.9901547469961326	0.009845253003867448	2	1479	0	0
0.9934326221006173	0.006567377899382686	2	1480	0	0
0.8422610214541232	0.15773897854587665	2	1481	0	0
0.12304024706146532	0.8769597529385343	2	1482	1	1
0.986831238846621	0.013168761153378759	2	1483	0	0
0.9901120299520303	0.009887970047969787	2	1484	0	0
0.9901120299520303	0.009887970047969787	2	1485	0	0
0.9934040419236748	0.006595958076325159	2	1486	0	0
0.8156767247647678	0.18432327523523215	2	1487	0	0
1.0	0.0	2	1488	0	0
1.0	0.0	2	1489	0	0
1.0	0.0	2	1490	0	0
0.998748857404022	0.0012511425959780623	2	1491	0	0
1.0	0.0	2	1492	0	0
0.998748857404022	0.0012511425959780623	2	1493	0	0
1.0	0.0	2	1494	0	0
1.0	0.0	2	1495	0	0
1.0	0.0	2	1496	0	0
1.0	0.0	2	1497	0	0
1.0	0.0	2	1498	0	0
1.0	0.0	2	1499	0	0
1.0	0.0	2	1500	0	0
1.0	0.0	2	1501	0	0
1.0	0.0	2	1502	0	0
0.9967032746602479	0.003296725339752269	2	1503	0	0
1.0	0.0	2	1504	0	0
1.0	0.0	2	1505	0	0
1.0	0.0	2	1506	0	0
1.0	0.0	2	1507	0	0
1.0	0.0	2	1508	0	0
1.0	0.0	2	1509	0	0
1.0	0.0	2	1510	0	0
0.9997447882149127	0.00025521178508726335	2	1511	0	0
0.9997447882149127	0.00025521178508726335	2	1512	0	0
1.0	0.0	2	1513	0	0
1.0	0.0	2	1514	0	0
1.0	0.0	2	1515	0	0
1.0	0.0	2	1516	0	0
0.9123068163036125	0.08769318369638734	2	1517	0	0
1.0	0.0	2	1518	0	0
1.0	0.0	2	1519	0	0
1.0	0.0	2	1520	0	0
1.0	0.0	2	1521	0	0
1.0	0.0	2	1522	0	0
1.0	0.0	2	1523	0	0
1.0	0.0	2	1524	0	0
1.0	0.0	2	1525	0	0
1.0	0.0	2	1526	0	0
1.0	0.0	2	1527	0	0
1.0	0.0	2	1528	0	0
1.0	0.0	2	1529	0	0
1.0	0.0	2	1530	0	0
1.0	0.0	2	1531	0	0
1.0	0.0	2	1532	0	0
1.0	0.0	2	1533	0	0
1.0	0.0	2	1534	0	0
1.0	0.0	2	1535	0	0
1.0	0.0	2	1536	0	0
1.0	0.0	2	1537	0	0
1.0	0.0	2	1538	0	0
1.0	0.0	2	1539	0	0
1.0	0.0	2	1540	0	0
1.0	0.0	2	1541	0	0
1.0	0.0	2	1542	0	0
1.0	0.0	2	1543	0	0
1.0	0.0	2	1544	0	0
0.998748857404022	0.0012511425959780623	2	1545	0	0
1.0	0.0	2	1546	0	0
0.998748857404022	0.0012511425959780623	2	1547	0	0
1.0	0.0	2	1548	0	0
1.0	0.0	2	1549	0	0
1.0	0.0	2	1550	0	0
1.0	0.0	2	1551	0	0
0.9771713082182553	0.022828691781744844	2	1552	0	0
1.0	0.0	2	1553	0	0
1.0	0.0	2	1554	0	0
1.0	0.0	2	1555	0	0
1.0	0.0	2	1556	0	0
1.0	0.0	2	1557	0	0
1.0	0.0	2	1558	0	0
1.0	0.0	2	1559	0	0
1.0	0.0	2	1560	0	0
1.0	0.0	2	1561	0	0
0.9938639184990503	0.006136081500949567	2	1562	0	0
1.0	0.0	2	1563	0	0
1.0	0.0	2	1564	0	0
1.0	0.0	2	1565	0	0
1.0	0.0	2	1566	0	0
0.9997447882149127	0.00025521178508726335	2	1567	0	0
0.9997447882149127	0.00025521178508726335	2	1568	0	0
1.0	0.0	2	1569	0	0
0.9966997643046989	0.0033002356953011386	2	1570	0	0
1.0	0.0	2	1571	0	0
0.998748857404022	0.0012511425959780623	2	1572	0	0
1.0	0.0	2	1573	0	0
1.0	0.0	2	1574	0	0
1.0	0.0	2	1575	0	0
1.0	0.0	2	1576	0	0
0.9997447882149127	0.00025521178508726335	2	1577	0	0
1.0	0.0	2	1578	0	0
0.9479767103070801	0.052023289692920034	2	1579	0	0
1.0	0.0	2	1580	0	0
1.0	0.0	2	1581	0	0
1.0	0.0	2	1582	0	0
1.0	0.0	2	1583	0	0
1.0	0.0	2	1584	0	0
1.0	0.0	2	1585	0	0
1.0	0.0	2	1586	0	0
1.0	0.0	2	1587	0	0
1.0	0.0	2	1588	0	0
1.0	0.0	2	1589	0	0
1.0	0.0	2	1590	0	0
0.9901955976237938	0.009804402376206358	2	1591	0	0
1.0	0.0	2	1592	0	0
1.0	0.0	2	1593	0	0
1.0	0.0	2	1594	0	0
1.0	0.0	2	1595	0	0
0.8157413509836375	0.18425864901636252	2	1596	0	0
1.0	0.0	2	1597	0	0
1.0	0.0	2	1598	0	0
1.0	0.0	2	1599	0	0
1.0	0.0	2	1600	0	0
1.0	0.0	2	1601	0	0
1.0	0.0	2	1602	0	0
1.0	0.0	2	1603	0	0
1.0	0.0	2	1604	0	0
1.0	0.0	2	1605	0	0
0.9867798020517081	0.013220197948291879	2	1606	0	0
0.990120450665083	0.009879549334916977	2	1607	0	0
1.0	0.0	2	1608	0	0
1.0	0.0	2	1609	0	0
1.0	0.0	2	1610	0	0
1.0	0.0	2	1611	0	0
1.0	0.0	2	1612	0	0
1.0	0.0	2	1613	0	0
1.0	0.0	2	1614	0	0
1.0	0.0	2	1615	0	0
1.0	0.0	2	1616	0	0
1.0	0.0	2	1617	0	0
0.7497464760753796	0.25025352392462047	2	1618	0	0
1.0	0.0	2	1619	0	0
1.0	0.0	2	1620	0	0
1.0	0.0	2	1621	0	0
0.9967047790983402	0.0032952209016598967	2	1622	0	0
1.0	0.0	2	1623	0	0
1.0	0.0	2	1624	0	0
1.0	0.0	2	1625	0	0
1.0	0.0	2	1626	0	0
1.0	0.0	2	1627	0	0
1.0	0.0	2	1628	0	0
1.0	0.0	2	1629	0	0
1.0	0.0	2	1630	0	0
1.0	0.0	2	1631	0	0
1.0	0.0	2	1632	0	0
1.0	0.0	2	1633	0	0
1.0	0.0	2	1634	0	0
1.0	0.0	2	1635	0	0
1.0	0.0	2	1636	0	0
1.0	0.0	2	1637	0	0
1.0	0.0	2	1638	0	0
1.0	0.0	2	1639	0	0
1.0	0.0	2	1640	0	0
1.0	0.0	2	1641	0	0
1.0	0.0	2	1642	0	0
0.9997447882149127	0.00025521178508726335	2	1643	0	0
1.0	0.0	2	1644	0	0
0.9997447882149127	0.00025521178508726335	2	1645	0	0
1.0	0.0	2	1646	0	0
0.996704277618976	0.003295722381024021	2	1647	0	0
1.0	0.0	2	1648	0	0
0.996704277618976	0.003295722381024021	2	1649	0	0
1.0	0.0	2	1650	0	0
1.0	0.0	2	1651	0	0
1.0	0.0	2	1652	0	0
1.0	0.0	2	1653	0	0
1.0	0.0	2	1654	0	0
1.0	0.0	2	1655	0	0
1.0	0.0	2	1656	0	0
1.0	0.0	2	1657	0	0
1.0	0.0	2	1658	0	0
1.0	0.0	2	1659	0	0
1.0	0.0	2	1660	0	0
1.0	0.0	2	1661	0	0
1.0	0.0	2	1662	0	0
1.0	0.0	2	1663	0	0
1.0	0.0	2	1664	0	0
1.0	0.0	2	1665	0	0
1.0	0.0	2	1666	0	0
1.0	0.0	2	1667	0	0
1.0	0.0	2	1668	0	0
1.0	0.0	2	1669	0	0
1.0	0.0	2	1670	0	0
1.0	0.0	2	1671	0	0
1.0	0.0	2	1672	0	0
1.0	0.0	2	1673	0	0
1.0	0.0	2	1674	0	0
1.0	0.0	2	1675	0	0
1.0	0.0	2	1676	0	0
1.0	0.0	2	1677	0	0
1.0	0.0	2	1678	0	0
1.0	0.0	2	1679	0	0
1.0	0.0	2	1680	0	0
1.0	0.0	2	1681	0	0
1.0	0.0	2	1682	0	0
1.0	0.0	2	1683	0	0
1.0	0.0	2	1684	0	0
1.0	0.0	2	1685	0	0
0.996681273295054	0.003318726704946107	2	1686	0	0
1.0	0.0	2	1687	0	0
1.0	0.0	2	1688	0	0
1.0	0.0	2	1689	0	0
1.0	0.0	2	1690	0	0
1.0	0.0	2	1691	0	0
1.0	0.0	2	1692	0	0
1.0	0.0	2	1693	0	0
1.0	0.0	2	1694	0	0
1.0	0.0	2	1695	0	0
1.0	0.0	2	1696	0	0
1.0	0.0	2	1697	0	0
1.0	0.0	2	1698	0	0
1.0	0.0	2	1699	0	0
1.0	0.0	2	1700	0	0
1.0	0.0	2	1701	0	0
1.0	0.0	2	1702	0	0
1.0	0.0	2	1703	0	0
1.0	0.0	2	1704	0	0
1.0	0.0	2	1705	0	0
1.0	0.0	2	1706	0	0
1.0	0.0	2	1707	0	0
1.0	0.0	2	1708	0	0
1.0	0.0	2	1709	0	0
1.0	0.0	2	1710	0	0
1.0	0.0	2	1711	0	0
1.0	0.0	2	1712	0	0
0.9902864425076238	0.009713557492376191	2	1713	0	0
1.0	0.0	2	1714	0	0
1.0	0.0	2	1715	0	0
1.0	0.0	2	1716	0	0
1.0	0.0	2	1717	0	0
1.0	0.0	2	1718	0	0
1.0	0.0	2	1719	0	0
1.0	0.0	2	1720	0	0
1.0	0.0	2	1721	0	0
1.0	0.0	2	1722	0	0
1.0	0.0	2	1723	0	0
1.0	0.0	2	1724	0	0
0.9263210389021133	0.0736789610978867	2	1725	0	0
1.0	0.0	2	1726	0	0
0.9987061041715767	0.0012938958284232833	2	1727	0	0
1.0	0.0	2	1728	0	0
1.0	0.0	2	1729	0	0
1.0	0.0	2	1730	0	0
1.0	0.0	2	1731	0	0
1.0	0.0	2	1732	0	0
1.0	0.0	2	1733	0	0
1.0	0.0	2	1734	0	0
0.9967330082595284	0.0032669917404716886	2	1735	0	0
1.0	0.0	2	1736	0	0
1.0	0.0	2	1737	0	0
1.0	0.0	2	1738	0	0
1.0	0.0	2	1739	0	0
1.0	0.0	2	1740	0	0
1.0	0.0	2	1741	0	0
0.9772516799721378	0.02274832002786215	2	1742	0	0
1.0	0.0	2	1743	0	0
1.0	0.0	2	1744	0	0
1.0	0.0	2	1745	0	0
1.0	0.0	2	1746	0	0
1.0	0.0	2	1747	0	0
1.0	0.0	2	1748	0	0
1.0	0.0	2	1749	0	0
1.0	0.0	2	1750	0	0
0.9974747067519054	0.0025252932480946074	2	1751	0	0
1.0	0.0	2	1752	0	0
1.0	0.0	2	1753	0	0
0.9997447882149127	0.00025521178508726335	2	1754	0	0
1.0	0.0	2	1755	0	0
0.9997447882149127	0.00025521178508726335	2	1756	0	0
1.0	0.0	2	1757	0	0
1.0	0.0	2	1758	0	0
1.0	0.0	2	1759	0	0
0.9933711691643843	0.006628830835615564	2	1760	0	0
1.0	0.0	2	1761	0	0
1.0	0.0	2	1762	0	0
1.0	0.0	2	1763	0	0
1.0	0.0	2	1764	0	0
1.0	0.0	2	1765	0	0
1.0	0.0	2	1766	0	0
1.0	0.0	2	1767	0	0
1.0	0.0	2	1768	0	0
1.0	0.0	2	1769	0	0
0.9987061041715767	0.0012938958284232833	2	1770	0	0
1.0	0.0	2	1771	0	0
0.9987061041715767	0.0012938958284232833	2	1772	0	0
1.0	0.0	2	1773	0	0
1.0	0.0	2	1774	0	0
1.0	0.0	2	1775	0	0
1.0	0.0	2	1776	0	0
1.0	0.0	2	1777	0	0
1.0	0.0	2	1778	0	0
1.0	0.0	2	1779	0	0
1.0	0.0	2	1780	0	0
1.0	0.0	2	1781	0	0
1.0	0.0	2	1782	0	0
1.0	0.0	2	1783	0	0
1.0	0.0	2	1784	0	0
1.0	0.0	2	1785	0	0
1.0	0.0	2	1786	0	0
1.0	0.0	2	1787	0	0
0.9968479877200556	0.003152012279944355	2	1788	0	0
1.0	0.0	2	1789	0	0
1.0	0.0	2	1790	0	0
1.0	0.0	2	1791	0	0
1.0	0.0	2	1792	0	0
0.998748857404022	0.0012511425959780623	2	1793	0	0
1.0	0.0	2	1794	0	0
0.998748857404022	0.0012511425959780623	2	1795	0	0
1.0	0.0	2	1796	0	0
1.0	0.0	2	1797	0	0
1.0	0.0	2	1798	0	0
1.0	0.0	2	1799	0	0
1.0	0.0	2	1800	0	0
1.0	0.0	2	1801	0	0
0.998748857404022	0.0012511425959780623	2	1802	0	0
1.0	0.0	2	1803	0	0
0.998748857404022	0.0012511425959780623	2	1804	0	0
1.0	0.0	2	1805	0	0
1.0	0.0	2	1806	0	0
1.0	0.0	2	1807	0	0
1.0	0.0	2	1808	0	0
1.0	0.0	2	1809	0	0
1.0	0.0	2	1810	0	0
1.0	0.0	2	1811	0	0
1.0	0.0	2	1812	0	0
1.0	0.0	2	1813	0	0
1.0	0.0	2	1814	0	0
1.0	0.0	2	1815	0	0
1.0	0.0	2	1816	0	0
0.9405721309234562	0.05942786907654387	2	1817	0	0
1.0	0.0	2	1818	0	0
1.0	0.0	2	1819	0	0
1.0	0.0	2	1820	0	0
1.0	0.0	2	1821	0	0
1.0	0.0	2	1822	0	0
1.0	0.0	2	1823	0	0
1.0	0.0	2	1824	0	0
1.0	0.0	2	1825	0	0
1.0	0.0	2	1826	0	0
1.0	0.0	2	1827	0	0
1.0	0.0	2	1828	0	0
1.0	0.0	2	1829	0	0
1.0	0.0	2	1830	0	0
1.0	0.0	2	1831	0	0
1.0	0.0	2	1832	0	0
1.0	0.0	2	1833	0	0
1.0	0.0	2	1834	0	0
1.0	0.0	2	1835	0	0
1.0	0.0	2	1836	0	0
1.0	0.0	2	1837	0	0
1.0	0.0	2	1838	0	0
1.0	0.0	2	1839	0	0
1.0	0.0	2	1840	0	0
1.0	0.0	2	1841	0	0
1.0	0.0	2	1842	0	0
1.0	0.0	2	1843	0	0
0.996681273295054	0.003318726704946107	2	1844	0	0
0.9967410492908857	0.0032589507091143506	2	1845	0	0
1.0	0.0	2	1846	0	0
0.9967410492908857	0.0032589507091143506	2	1847	0	0
1.0	0.0	2	1848	0	0
0.9987061041715767	0.0012938958284232833	2	1849	0	0
1.0	0.0	2	1850	0	0
0.9987061041715767	0.0012938958284232833	2	1851	0	0
1.0	0.0	2	1852	0	0
1.0	0.0	2	1853	0	0
1.0	0.0	2	1854	0	0
1.0	0.0	2	1855	0	0
1.0	0.0	2	1856	0	0
1.0	0.0	2	1857	0	0
1.0	0.0	2	1858	0	0
1.0	0.0	2	1859	0	0
1.0	0.0	2	1860	0	0
1.0	0.0	2	1861	0	0
1.0	0.0	2	1862	0	0
1.0	0.0	2	1863	0	0
1.0	0.0	2	1864	0	0
0.9987061041715767	0.0012938958284232833	2	1865	0	0
1.0	0.0	2	1866	0	0
0.9987061041715767	0.0012938958284232833	2	1867	0	0
0.9966815122222783	0.0033184877777215445	2	1868	0	0
0.9966815122222783	0.0033184877777215445	2	1869	0	0
1.0	0.0	2	1870	0	0
1.0	0.0	2	1871	0	0
1.0	0.0	2	1872	0	0
0.7248889926966364	0.2751110073033635	2	1873	0	0
1.0	0.0	2	1874	0	0
1.0	0.0	2	1875	0	0
1.0	0.0	2	1876	0	0
1.0	0.0	2	1877	0	0
1.0	0.0	2	1878	0	0
1.0	0.0	2	1879	0	0
1.0	0.0	2	1880	0	0
1.0	0.0	2	1881	0	0
1.0	0.0	2	1882	0	0
1.0	0.0	2	1883	0	0
1.0	0.0	2	1884	0	0
1.0	0.0	2	1885	0	0
1.0	0.0	2	1886	0	0
1.0	0.0	2	1887	0	0
0.9375111291380108	0.06248887086198923	2	1888	0	0
0.990059462169397	0.00994053783060318	2	1889	0	0
0.973797984577017	0.02620201542298286	2	1890	0	0
1.0	0.0	2	1891	0	0
1.0	0.0	2	1892	0	0
1.0	0.0	2	1893	0	0
0.9903189801678959	0.009681019832104152	2	1894	0	0
1.0	0.0	2	1895	0	0
0.9903189801678959	0.009681019832104152	2	1896	0	0
1.0	0.0	2	1897	0	0
1.0	0.0	2	1898	0	0
1.0	0.0	2	1899	0	0
1.0	0.0	2	1900	0	0
1.0	0.0	2	1901	0	0
1.0	0.0	2	1902	0	0
1.0	0.0	2	1903	0	0
1.0	0.0	2	1904	0	0
1.0	0.0	2	1905	0	0
1.0	0.0	2	1906	0	0
1.0	0.0	2	1907	0	0
1.0	0.0	2	1908	0	0
1.0	0.0	2	1909	0	0
1.0	0.0	2	1910	0	0
1.0	0.0	2	1911	0	0
1.0	0.0	2	1912	0	0
1.0	0.0	2	1913	0	0
1.0	0.0	2	1914	0	0
1.0	0.0	2	1915	0	0
1.0	0.0	2	1916	0	0
1.0	0.0	2	1917	0	0
1.0	0.0	2	1918	0	0
1.0	0.0	2	1919	0	0
1.0	0.0	2	1920	0	0
1.0	0.0	2	1921	0	0
1.0	0.0	2	1922	0	0
1.0	0.0	2	1923	0	0
1.0	0.0	2	1924	0	0
0.9715012367420466	0.028498763257953263	2	1925	0	0
0.9997447882149127	0.00025521178508726335	2	1926	0	0
0.9972347050408147	0.002765294959185391	2	1927	0	0
0.9997447882149127	0.00025521178508726335	2	1928	0	0
1.0	0.0	2	1929	0	0
1.0	0.0	2	1930	0	0
1.0	0.0	2	1931	0	0
1.0	0.0	2	1932	0	0
1.0	0.0	2	1933	0	0
1.0	0.0	2	1934	0	0
1.0	0.0	2	1935	0	0
1.0	0.0	2	1936	0	0
1.0	0.0	2	1937	0	0
1.0	0.0	2	1938	0	0
1.0	0.0	2	1939	0	0
1.0	0.0	2	1940	0	0
1.0	0.0	2	1941	0	0
1.0	0.0	2	1942	0	0
1.0	0.0	2	1943	0	0
1.0	0.0	2	1944	0	0
1.0	0.0	2	1945	0	0
1.0	0.0	2	1946	0	0
0.9967755702722589	0.003224429727740986	2	1947	0	0
1.0	0.0	2	1948	0	0
1.0	0.0	2	1949	0	0
1.0	0.0	2	1950	0	0
1.0	0.0	2	1951	0	0
1.0	0.0	2	1952	0	0
1.0	0.0	2	1953	0	0
1.0	0.0	2	1954	0	0
1.0	0.0	2	1955	0	0
1.0	0.0	2	1956	0	0
1.0	0.0	2	1957	0	0
1.0	0.0	2	1958	0	0
1.0	0.0	2	1959	0	0
1.0	0.0	2	1960	0	0
1.0	0.0	2	1961	0	0
1.0	0.0	2	1962	0	0
1.0	0.0	2	1963	0	0
1.0	0.0	2	1964	0	0
1.0	0.0	2	1965	0	0
1.0	0.0	2	1966	0	0
1.0	0.0	2	1967	0	0
1.0	0.0	2	1968	0	0
1.0	0.0	2	1969	0	0
1.0	0.0	2	1970	0	0
0.9997447882149127	0.00025521178508726335	2	1971	0	0
1.0	0.0	2	1972	0	0
1.0	0.0	2	1973	0	0
1.0	0.0	2	1974	0	0
1.0	0.0	2	1975	0	0
1.0	0.0	2	1976	0	0
0.9997447882149127	0.00025521178508726335	2	1977	0	0
1.0	0.0	2	1978	0	0
1.0	0.0	2	1979	0	0
0.9935380947457562	0.006461905254243964	2	1980	0	0
1.0	0.0	2	1981	0	0
1.0	0.0	2	1982	0	0
0.34861666450902135	0.6513833354909787	2	1983	0	1
1.0	0.0	2	1984	0	0
1.0	0.0	2	1985	0	0
1.0	0.0	2	1986	0	0
1.0	0.0	2	1987	0	0
1.0	0.0	2	1988	0	0
1.0	0.0	2	1989	0	0
1.0	0.0	2	1990	0	0
1.0	0.0	2	1991	0	0
1.0	0.0	2	1992	0	0
0.9997447882149127	0.00025521178508726335	2	1993	0	0
1.0	0.0	2	1994	0	0
1.0	0.0	2	1995	0	0
0.9987061041715767	0.0012938958284232833	2	1996	0	0
0.9987061041715767	0.0012938958284232833	2	1997	0	0
1.0	0.0	2	1998	0	0
1.0	0.0	2	1999	0	0
1.0	0.0	2	2000	0	0
1.0	0.0	2	2001	0	0
1.0	0.0	2	2002	0	0
1.0	0.0	2	2003	0	0
1.0	0.0	2	2004	0	0
1.0	0.0	2	2005	0	0
1.0	0.0	2	2006	0	0
1.0	0.0	2	2007	0	0
1.0	0.0	2	2008	0	0
0.9987061041715767	0.0012938958284232833	2	2009	0	0
0.9987061041715767	0.0012938958284232833	2	2010	0	0
1.0	0.0	2	2011	0	0
1.0	0.0	2	2012	0	0
1.0	0.0	2	2013	0	0
1.0	0.0	2	2014	0	0
1.0	0.0	2	2015	0	0
1.0	0.0	2	2016	0	0
1.0	0.0	2	2017	0	0
0.9997447882149127	0.00025521178508726335	2	2018	0	0
0.9997447882149127	0.00025521178508726335	2	2019	0	0
1.0	0.0	2	2020	0	0
1.0	0.0	2	2021	0	0
1.0	0.0	2	2022	0	0
1.0	0.0	2	2023	0	0
1.0	0.0	2	2024	0	0
1.0	0.0	2	2025	0	0
1.0	0.0	2	2026	0	0
0.9867517474986467	0.013248252501353405	2	2027	0	0
1.0	0.0	2	2028	0	0
1.0	0.0	2	2029	0	0
1.0	0.0	2	2030	0	0
1.0	0.0	2	2031	0	0
1.0	0.0	2	2032	0	0
1.0	0.0	2	2033	0	0
1.0	0.0	2	2034	0	0
1.0	0.0	2	2035	0	0
1.0	0.0	2	2036	0	0
1.0	0.0	2	2037	0	0
0.998748857404022	0.0012511425959780623	2	2038	0	0
0.998748857404022	0.0012511425959780623	2	2039	0	0
1.0	0.0	2	2040	0	0
0.9997447882149127	0.00025521178508726335	2	2041	0	0
1.0	0.0	2	2042	0	0
1.0	0.0	2	2043	0	0
0.9997447882149127	0.00025521178508726335	2	2044	0	0
0.9997447882149127	0.00025521178508726335	2	2045	0	0
1.0	0.0	2	2046	0	0
1.0	0.0	2	2047	0	0
1.0	0.0	2	2048	0	0
1.0	0.0	2	2049	0	0
1.0	0.0	2	2050	0	0
1.0	0.0	2	2051	0	0
1.0	0.0	2	2052	0	0
1.0	0.0	2	2053	0	0
1.0	0.0	2	2054	0	0
1.0	0.0	2	2055	0	0
1.0	0.0	2	2056	0	0
1.0	0.0	2	2057	0	0
1.0	0.0	2	2058	0	0
1.0	0.0	2	2059	0	0
1.0	0.0	2	2060	0	0
1.0	0.0	2	2061	0	0
1.0	0.0	2	2062	0	0
1.0	0.0	2	2063	0	0
1.0	0.0	2	2064	0	0
1.0	0.0	2	2065	0	0
1.0	0.0	2	2066	0	0
1.0	0.0	2	2067	0	0
1.0	0.0	2	2068	0	0
1.0	0.0	2	2069	0	0
1.0	0.0	2	2070	0	0
1.0	0.0	2	2071	0	0
1.0	0.0	2	2072	0	0
1.0	0.0	2	2073	0	0
1.0	0.0	2	2074	0	0
1.0	0.0	2	2075	0	0
0.9987061041715767	0.0012938958284232833	2	2076	0	0
0.9987061041715767	0.0012938958284232833	2	2077	0	0
1.0	0.0	2	2078	0	0
1.0	0.0	2	2079	0	0
1.0	0.0	2	2080	0	0
1.0	0.0	2	2081	0	0
1.0	0.0	2	2082	0	0
1.0	0.0	2	2083	0	0
1.0	0.0	2	2084	0	0
1.0	0.0	2	2085	0	0
1.0	0.0	2	2086	0	0
1.0	0.0	2	2087	0	0
1.0	0.0	2	2088	0	0
1.0	0.0	2	2089	0	0
1.0	0.0	2	2090	0	0
1.0	0.0	2	2091	0	0
1.0	0.0	2	2092	0	0
1.0	0.0	2	2093	0	0
1.0	0.0	2	2094	0	0
1.0	0.0	2	2095	0	0
1.0	0.0	2	2096	0	0
1.0	0.0	2	2097	0	0
0.9997447882149127	0.00025521178508726335	2	2098	0	0
1.0	0.0	2	2099	0	0
1.0	0.0	2	2100	0	0
1.0	0.0	2	2101	0	0
1.0	0.0	2	2102	0	0
1.0	0.0	2	2103	0	0
1.0	0.0	2	2104	0	0
1.0	0.0	2	2105	0	0
1.0	0.0	2	2106	0	0
1.0	0.0	2	2107	0	0
1.0	0.0	2	2108	0	0
0.996749888542131	0.003250111457868926	2	2109	0	0
1.0	0.0	2	2110	0	0
1.0	0.0	2	2111	0	0
1.0	0.0	2	2112	0	0
1.0	0.0	2	2113	0	0
1.0	0.0	2	2114	0	0
0.9987061041715767	0.0012938958284232833	2	2115	0	0
1.0	0.0	2	2116	0	0
0.9987061041715767	0.0012938958284232833	2	2117	0	0
1.0	0.0	2	2118	0	0
1.0	0.0	2	2119	0	0
1.0	0.0	2	2120	0	0
1.0	0.0	2	2121	0	0
1.0	0.0	2	2122	0	0
1.0	0.0	2	2123	0	0
0.19002987721424236	0.8099701227857575	2	2124	1	1
0.9902274210798963	0.009772578920103692	2	2125	0	0
0.998748857404022	0.0012511425959780623	2	2126	0	0
1.0	0.0	2	2127	0	0
0.998748857404022	0.0012511425959780623	2	2128	0	0
0.9967371346335169	0.003262865366483053	2	2129	0	0
0.9867684669775838	0.013231533022416126	2	2130	0	0
0.92752110834496	0.0724788916550397	2	2131	0	0
1.0	0.0	2	2132	0	0
1.0	0.0	2	2133	0	0
0.9770731350022125	0.02292686499778752	2	2134	0	0
1.0	0.0	2	2135	0	0
1.0	0.0	2	2136	0	0
1.0	0.0	2	2137	0	0
1.0	0.0	2	2138	0	0
1.0	0.0	2	2139	0	0
0.9941990504273231	0.005800949572676946	2	2140	0	0
1.0	0.0	2	2141	0	0
1.0	0.0	2	2142	0	0
1.0	0.0	2	2143	0	0
1.0	0.0	2	2144	0	0
1.0	0.0	2	2145	0	0
1.0	0.0	2	2146	0	0
1.0	0.0	2	2147	0	0
1.0	0.0	2	2148	0	0
1.0	0.0	2	2149	0	0
0.9966666666666667	0.0033333333333333335	2	2150	0	0
1.0	0.0	2	2151	0	0
1.0	0.0	2	2152	0	0
1.0	0.0	2	2153	0	0
1.0	0.0	2	2154	0	0
0.9934722571683797	0.006527742831620202	2	2155	0	0
0.9604288104350623	0.03957118956493761	2	2156	0	0
1.0	0.0	2	2157	0	0
0.3538194454105836	0.6461805545894165	2	2158	1	1
1.0	0.0	2	2159	0	0
0.9934969885271829	0.006503011472817109	2	2160	0	0
0.9966792986711132	0.0033207013288868675	2	2161	0	0
0.02152262562112782	0.9784773743788721	2	2162	1	1
0.03346654694136988	0.9665334530586297	2	2163	1	1
0.9901285164812911	0.009871483518709031	2	2164	0	0
0.9900923686807297	0.00990763131927029	2	2165	0	0
0.012565417105223674	0.9874345828947763	2	2166	1	1
1.0	0.0	2	2167	0	0
1.0	0.0	2	2168	0	0
1.0	0.0	2	2169	0	0
1.0	0.0	2	2170	0	0
1.0	0.0	2	2171	0	0
1.0	0.0	2	2172	0	0
1.0	0.0	2	2173	0	0
1.0	0.0	2	2174	0	0
1.0	0.0	2	2175	0	0
1.0	0.0	2	2176	0	0
1.0	0.0	2	2177	0	0
0.9803225709295524	0.01967742907044754	2	2178	0	0
1.0	0.0	2	2179	0	0
1.0	0.0	2	2180	0	0
0.9934816315796519	0.0065183684203480455	2	2181	0	0
1.0	0.0	2	2182	0	0
1.0	0.0	2	2183	0	0
0.9967547505938243	0.003245249406175772	2	2184	0	0
1.0	0.0	2	2185	0	0
0.983856481407103	0.01614351859289704	2	2186	0	0
1.0	0.0	2	2187	0	0
1.0	0.0	2	2188	0	0
1.0	0.0	2	2189	0	0
0.887877241122562	0.112122758877438	2	2190	0	0
0.9934120655935008	0.006587934406499172	2	2191	0	0
1.0	0.0	2	2192	0	0
0.9868653842118359	0.013134615788164123	2	2193	0	0
0.993439848649862	0.006560151350137809	2	2194	0	0
1.0	0.0	2	2195	0	0
1.0	0.0	2	2196	0	0
1.0	0.0	2	2197	0	0
1.0	0.0	2	2198	0	0
0.9974747067519054	0.0025252932480946074	2	2199	0	0
1.0	0.0	2	2200	0	0
0.9966987613459706	0.003301238654029387	2	2201	0	0
0.9969388896657809	0.0030611103342189907	2	2202	0	0
1.0	0.0	2	2203	0	0
1.0	0.0	2	2204	0	0
1.0	0.0	2	2205	0	0
1.0	0.0	2	2206	0	0
1.0	0.0	2	2207	0	0
1.0	0.0	2	2208	0	0
1.0	0.0	2	2209	0	0
1.0	0.0	2	2210	0	0
0.9997447882149127	0.00025521178508726335	2	2211	0	0
1.0	0.0	2	2212	0	0
1.0	0.0	2	2213	0	0
1.0	0.0	2	2214	0	0
1.0	0.0	2	2215	0	0
1.0	0.0	2	2216	0	0
1.0	0.0	2	2217	0	0
1.0	0.0	2	2218	0	0
1.0	0.0	2	2219	0	0
1.0	0.0	2	2220	0	0
1.0	0.0	2	2221	0	0
1.0	0.0	2	2222	0	0
1.0	0.0	2	2223	0	0
1.0	0.0	2	2224	0	0
1.0	0.0	2	2225	0	0
1.0	0.0	2	2226	0	0
0.9801207521329843	0.01987924786701586	2	2227	0	0
1.0	0.0	2	2228	0	0
1.0	0.0	2	2229	0	0
1.0	0.0	2	2230	0	0
0.9997447882149127	0.00025521178508726335	2	2231	0	0
0.9997447882149127	0.00025521178508726335	2	2232	0	0
0.9997447882149127	0.00025521178508726335	2	2233	0	0
1.0	0.0	2	2234	0	0
1.0	0.0	2	2235	0	0
1.0	0.0	2	2236	0	0
1.0	0.0	2	2237	0	0
0.9997447882149127	0.00025521178508726335	2	2238	0	0
1.0	0.0	2	2239	0	0
0.9997447882149127	0.00025521178508726335	2	2240	0	0
1.0	0.0	2	2241	0	0
1.0	0.0	2	2242	0	0
1.0	0.0	2	2243	0	0
1.0	0.0	2	2244	0	0
1.0	0.0	2	2245	0	0
1.0	0.0	2	2246	0	0
1.0	0.0	2	2247	0	0
1.0	0.0	2	2248	0	0
1.0	0.0	2	2249	0	0
1.0	0.0	2	2250	0	0
1.0	0.0	2	2251	0	0
0.8160623047020528	0.18393769529794715	2	2252	0	0
1.0	0.0	2	2253	0	0
1.0	0.0	2	2254	0	0
1.0	0.0	2	2255	0	0
1.0	0.0	2	2256	0	0
1.0	0.0	2	2257	0	0
1.0	0.0	2	2258	0	0
1.0	0.0	2	2259	0	0
1.0	0.0	2	2260	0	0
1.0	0.0	2	2261	0	0
1.0	0.0	2	2262	0	0
1.0	0.0	2	2263	0	0
1.0	0.0	2	2264	0	0
0.9997447882149127	0.00025521178508726335	2	2265	0	0
0.9997447882149127	0.00025521178508726335	2	2266	0	0
1.0	0.0	2	2267	0	0
0.9900341005967603	0.009965899403239558	2	2268	0	0
1.0	0.0	2	2269	0	0
0.9903189801678959	0.009681019832104152	2	2270	0	0
0.9903189801678959	0.009681019832104152	2	2271	0	0
1.0	0.0	2	2272	0	0
0.9934126158267678	0.006587384173232249	2	2273	0	0
1.0	0.0	2	2274	0	0
1.0	0.0	2	2275	0	0
1.0	0.0	2	2276	0	0
1.0	0.0	2	2277	0	0
0.9905434360636881	0.00945656393631193	2	2278	0	0
1.0	0.0	2	2279	0	0
1.0	0.0	2	2280	0	0
1.0	0.0	2	2281	0	0
1.0	0.0	2	2282	0	0
1.0	0.0	2	2283	0	0
1.0	0.0	2	2284	0	0
1.0	0.0	2	2285	0	0
1.0	0.0	2	2286	0	0
1.0	0.0	2	2287	0	0
1.0	0.0	2	2288	0	0
1.0	0.0	2	2289	0	0
1.0	0.0	2	2290	0	0
1.0	0.0	2	2291	0	0
1.0	0.0	2	2292	0	0
1.0	0.0	2	2293	0	0
1.0	0.0	2	2294	0	0
1.0	0.0	2	2295	0	0
1.0	0.0	2	2296	0	0
1.0	0.0	2	2297	0	0
1.0	0.0	2	2298	0	0
1.0	0.0	2	2299	0	0
1.0	0.0	2	2300	0	0
1.0	0.0	2	2301	0	0
1.0	0.0	2	2302	0	0
1.0	0.0	2	2303	0	0
1.0	0.0	2	2304	0	0
1.0	0.0	2	2305	0	0
1.0	0.0	2	2306	0	0
1.0	0.0	2	2307	0	0
1.0	0.0	2	2308	0	0
1.0	0.0	2	2309	0	0
1.0	0.0	2	2310	0	0
1.0	0.0	2	2311	0	0
1.0	0.0	2	2312	0	0
1.0	0.0	2	2313	0	0
1.0	0.0	2	2314	0	0
1.0	0.0	2	2315	0	0
1.0	0.0	2	2316	0	0
0.9577058113667253	0.04229418863327482	2	2317	0	0
1.0	0.0	2	2318	0	0
1.0	0.0	2	2319	0	0
1.0	0.0	2	2320	0	0
1.0	0.0	2	2321	0	0
1.0	0.0	2	2322	0	0
1.0	0.0	2	2323	0	0
1.0	0.0	2	2324	0	0
1.0	0.0	2	2325	0	0
0.9997447882149127	0.00025521178508726335	2	2326	0	0
1.0	0.0	2	2327	0	0
1.0	0.0	2	2328	0	0
1.0	0.0	2	2329	0	0
1.0	0.0	2	2330	0	0
0.9997447882149127	0.00025521178508726335	2	2331	0	0
1.0	0.0	2	2332	0	0
1.0	0.0	2	2333	0	0
1.0	0.0	2	2334	0	0
1.0	0.0	2	2335	0	0
1.0	0.0	2	2336	0	0
0.9997447882149127	0.00025521178508726335	2	2337	0	0
0.9997447882149127	0.00025521178508726335	2	2338	0	0
1.0	0.0	2	2339	0	0
1.0	0.0	2	2340	0	0
1.0	0.0	2	2341	0	0
1.0	0.0	2	2342	0	0
1.0	0.0	2	2343	0	0
1.0	0.0	2	2344	0	0
1.0	0.0	2	2345	0	0
1.0	0.0	2	2346	0	0
1.0	0.0	2	2347	0	0
1.0	0.0	2	2348	0	0
1.0	0.0	2	2349	0	0
1.0	0.0	2	2350	0	0
1.0	0.0	2	2351	0	0
1.0	0.0	2	2352	0	0
1.0	0.0	2	2353	0	0
1.0	0.0	2	2354	0	0
1.0	0.0	2	2355	0	0
0.9997447882149127	0.00025521178508726335	2	2356	0	0
0.9684043807701901	0.031595619229809746	2	2357	0	0
1.0	0.0	2	2358	0	0
1.0	0.0	2	2359	0	0
1.0	0.0	2	2360	0	0
1.0	0.0	2	2361	0	0
0.9997447882149127	0.00025521178508726335	2	2362	0	0
0.9997447882149127	0.00025521178508726335	2	2363	0	0
1.0	0.0	2	2364	0	0
1.0	0.0	2	2365	0	0
1.0	0.0	2	2366	0	0
1.0	0.0	2	2367	0	0
1.0	0.0	2	2368	0	0
1.0	0.0	2	2369	0	0
1.0	0.0	2	2370	0	0
0.9997447882149127	0.00025521178508726335	2	2371	0	0
1.0	0.0	2	2372	0	0
1.0	0.0	2	2373	0	0
1.0	0.0	2	2374	0	0
0.9971606931439027	0.002839306856097299	2	2375	0	0
1.0	0.0	2	2376	0	0
1.0	0.0	2	2377	0	0
1.0	0.0	2	2378	0	0
1.0	0.0	2	2379	0	0
1.0	0.0	2	2380	0	0
1.0	0.0	2	2381	0	0
1.0	0.0	2	2382	0	0
1.0	0.0	2	2383	0	0
1.0	0.0	2	2384	0	0
0.986954915721496	0.013045084278504083	2	2385	0	0
1.0	0.0	2	2386	0	0
1.0	0.0	2	2387	0	0
1.0	0.0	2	2388	0	0
1.0	0.0	2	2389	0	0
1.0	0.0	2	2390	0	0
1.0	0.0	2	2391	0	0
0.9938827922489811	0.006117207751018657	2	2392	0	0
1.0	0.0	2	2393	0	0
1.0	0.0	2	2394	0	0
1.0	0.0	2	2395	0	0
1.0	0.0	2	2396	0	0
1.0	0.0	2	2397	0	0
1.0	0.0	2	2398	0	0
1.0	0.0	2	2399	0	0
0.9997447882149127	0.00025521178508726335	2	2400	0	0
1.0	0.0	2	2401	0	0
0.9997447882149127	0.00025521178508726335	2	2402	0	0
1.0	0.0	2	2403	0	0
1.0	0.0	2	2404	0	0
1.0	0.0	2	2405	0	0
1.0	0.0	2	2406	0	0
0.9935512733985106	0.006448726601489377	2	2407	0	0
1.0	0.0	2	2408	0	0
1.0	0.0	2	2409	0	0
1.0	0.0	2	2410	0	0
1.0	0.0	2	2411	0	0
1.0	0.0	2	2412	0	0
1.0	0.0	2	2413	0	0
1.0	0.0	2	2414	0	0
1.0	0.0	2	2415	0	0
1.0	0.0	2	2416	0	0
1.0	0.0	2	2417	0	0
1.0	0.0	2	2418	0	0
1.0	0.0	2	2419	0	0
1.0	0.0	2	2420	0	0
1.0	0.0	2	2421	0	0
1.0	0.0	2	2422	0	0
1.0	0.0	2	2423	0	0
1.0	0.0	2	2424	0	0
1.0	0.0	2	2425	0	0
1.0	0.0	2	2426	0	0
1.0	0.0	2	2427	0	0
1.0	0.0	2	2428	0	0
1.0	0.0	2	2429	0	0
1.0	0.0	2	2430	0	0
1.0	0.0	2	2431	0	0
1.0	0.0	2	2432	0	0
1.0	0.0	2	2433	0	0
1.0	0.0	2	2434	0	0
1.0	0.0	2	2435	0	0
1.0	0.0	2	2436	0	0
1.0	0.0	2	2437	0	0
1.0	0.0	2	2438	0	0
0.9808408144513413	0.019159185548658652	2	2439	0	0
1.0	0.0	2	2440	0	0
1.0	0.0	2	2441	0	0
1.0	0.0	2	2442	0	0
0.9969251605370695	0.0030748394629305275	2	2443	0	0
1.0	0.0	2	2444	0	0
1.0	0.0	2	2445	0	0
1.0	0.0	2	2446	0	0
1.0	0.0	2	2447	0	0
1.0	0.0	2	2448	0	0
1.0	0.0	2	2449	0	0
1.0	0.0	2	2450	0	0
1.0	0.0	2	2451	0	0
0.9997447882149127	0.00025521178508726335	2	2452	0	0
1.0	0.0	2	2453	0	0
0.9997447882149127	0.00025521178508726335	2	2454	0	0
1.0	0.0	2	2455	0	0
1.0	0.0	2	2456	0	0
1.0	0.0	2	2457	0	0
1.0	0.0	2	2458	0	0
0.9868095005788924	0.013190499421107584	2	2459	0	0
1.0	0.0	2	2460	0	0
1.0	0.0	2	2461	0	0
1.0	0.0	2	2462	0	0
1.0	0.0	2	2463	0	0
1.0	0.0	2	2464	0	0
1.0	0.0	2	2465	0	0
1.0	0.0	2	2466	0	0
1.0	0.0	2	2467	0	0
1.0	0.0	2	2468	0	0
1.0	0.0	2	2469	0	0
1.0	0.0	2	2470	0	0
1.0	0.0	2	2471	0	0
1.0	0.0	2	2472	0	0
1.0	0.0	2	2473	0	0
1.0	0.0	2	2474	0	0
1.0	0.0	2	2475	0	0
1.0	0.0	2	2476	0	0
1.0	0.0	2	2477	0	0
1.0	0.0	2	2478	0	0
1.0	0.0	2	2479	0	0
1.0	0.0	2	2480	0	0
1.0	0.0	2	2481	0	0
1.0	0.0	2	2482	0	0
0.9997447882149127	0.00025521178508726335	2	2483	0	0
0.9997447882149127	0.00025521178508726335	2	2484	0	0
1.0	0.0	2	2485	0	0
1.0	0.0	2	2486	0	0
1.0	0.0	2	2487	0	0
1.0	0.0	2	2488	0	0
1.0	0.0	2	2489	0	0
1.0	0.0	2	2490	0	0
1.0	0.0	2	2491	0	0
0.9847111792385475	0.015288820761452536	2	2492	0	0
1.0	0.0	2	2493	0	0
1.0	0.0	2	2494	0	0
1.0	0.0	2	2495	0	0
1.0	0.0	2	2496	0	0
0.9997447882149127	0.00025521178508726335	2	2497	0	0
1.0	0.0	2	2498	0	0
1.0	0.0	2	2499	0	0
1.0	0.0	2	2500	0	0
1.0	0.0	2	2501	0	0
1.0	0.0	2	2502	0	0
1.0	0.0	2	2503	0	0
0.9969439025832003	0.0030560974167996666	2	2504	0	0
1.0	0.0	2	2505	0	0
1.0	0.0	2	2506	0	0
1.0	0.0	2	2507	0	0
1.0	0.0	2	2508	0	0
1.0	0.0	2	2509	0	0
1.0	0.0	2	2510	0	0
1.0	0.0	2	2511	0	0
1.0	0.0	2	2512	0	0
1.0	0.0	2	2513	0	0
1.0	0.0	2	2514	0	0
0.9878026179509972	0.01219738204900276	2	2515	0	0
1.0	0.0	2	2516	0	0
1.0	0.0	2	2517	0	0
1.0	0.0	2	2518	0	0
0.9997447882149127	0.00025521178508726335	2	2519	0	0
1.0	0.0	2	2520	0	0
0.9997447882149127	0.00025521178508726335	2	2521	0	0
1.0	0.0	2	2522	0	0
1.0	0.0	2	2523	0	0
1.0	0.0	2	2524	0	0
1.0	0.0	2	2525	0	0
1.0	0.0	2	2526	0	0
1.0	0.0	2	2527	0	0
1.0	0.0	2	2528	0	0
1.0	0.0	2	2529	0	0
1.0	0.0	2	2530	0	0
1.0	0.0	2	2531	0	0
1.0	0.0	2	2532	0	0
1.0	0.0	2	2533	0	0
0.9997447882149127	0.00025521178508726335	2	2534	0	0
0.9997447882149127	0.00025521178508726335	2	2535	0	0
0.9997447882149127	0.00025521178508726335	2	2536	0	0
1.0	0.0	2	2537	0	0
1.0	0.0	2	2538	0	0
1.0	0.0	2	2539	0	0
1.0	0.0	2	2540	0	0
1.0	0.0	2	2541	0	0
1.0	0.0	2	2542	0	0
1.0	0.0	2	2543	0	0
1.0	0.0	2	2544	0	0
1.0	0.0	2	2545	0	0
1.0	0.0	2	2546	0	0
1.0	0.0	2	2547	0	0
1.0	0.0	2	2548	0	0
1.0	0.0	2	2549	0	0
1.0	0.0	2	2550	0	0
1.0	0.0	2	2551	0	0
1.0	0.0	2	2552	0	0
1.0	0.0	2	2553	0	0
1.0	0.0	2	2554	0	0
1.0	0.0	2	2555	0	0
1.0	0.0	2	2556	0	0
1.0	0.0	2	2557	0	0
1.0	0.0	2	2558	0	0
1.0	0.0	2	2559	0	0
0.9377306464994196	0.06226935350058034	2	2560	0	0
1.0	0.0	2	2561	0	0
1.0	0.0	2	2562	0	0
1.0	0.0	2	2563	0	0
1.0	0.0	2	2564	0	0
1.0	0.0	2	2565	0	0
1.0	0.0	2	2566	0	0
1.0	0.0	2	2567	0	0
1.0	0.0	2	2568	0	0
1.0	0.0	2	2569	0	0
1.0	0.0	2	2570	0	0
1.0	0.0	2	2571	0	0
1.0	0.0	2	2572	0	0
1.0	0.0	2	2573	0	0
0.8752286043157307	0.12477139568426936	2	2574	0	0
1.0	0.0	2	2575	0	0
1.0	0.0	2	2576	0	0
1.0	0.0	2	2577	0	0
1.0	0.0	2	2578	0	0
1.0	0.0	2	2579	0	0
1.0	0.0	2	2580	0	0
1.0	0.0	2	2581	0	0
1.0	0.0	2	2582	0	0
1.0	0.0	2	2583	0	0
1.0	0.0	2	2584	0	0
1.0	0.0	2	2585	0	0
1.0	0.0	2	2586	0	0
1.0	0.0	2	2587	0	0
1.0	0.0	2	2588	0	0
1.0	0.0	2	2589	0	0
1.0	0.0	2	2590	0	0
1.0	0.0	2	2591	0	0
1.0	0.0	2	2592	0	0
1.0	0.0	2	2593	0	0
1.0	0.0	2	2594	0	0
1.0	0.0	2	2595	0	0
1.0	0.0	2	2596	0	0
1.0	0.0	2	2597	0	0
1.0	0.0	2	2598	0	0
1.0	0.0	2	2599	0	0
1.0	0.0	2	2600	0	0
1.0	0.0	2	2601	0	0
1.0	0.0	2	2602	0	0
1.0	0.0	2	2603	0	0
1.0	0.0	2	2604	0	0
1.0	0.0	2	2605	0	0
1.0	0.0	2	2606	0	0
1.0	0.0	2	2607	0	0
1.0	0.0	2	2608	0	0
1.0	0.0	2	2609	0	0
1.0	0.0	2	2610	0	0
1.0	0.0	2	2611	0	0
1.0	0.0	2	2612	0	0
1.0	0.0	2	2613	0	0
0.9800985883423378	0.019901411657662155	2	2614	0	0
1.0	0.0	2	2615	0	0
1.0	0.0	2	2616	0	0
1.0	0.0	2	2617	0	0
1.0	0.0	2	2618	0	0
1.0	0.0	2	2619	0	0
1.0	0.0	2	2620	0	0
1.0	0.0	2	2621	0	0
1.0	0.0	2	2622	0	0
1.0	0.0	2	2623	0	0
1.0	0.0	2	2624	0	0
1.0	0.0	2	2625	0	0
1.0	0.0	2	2626	0	0
0.9804624459156177	0.019537554084382194	2	2627	0	0
1.0	0.0	2	2628	0	0
1.0	0.0	2	2629	0	0
1.0	0.0	2	2630	0	0
1.0	0.0	2	2631	0	0
1.0	0.0	2	2632	0	0
1.0	0.0	2	2633	0	0
1.0	0.0	2	2634	0	0
1.0	0.0	2	2635	0	0
1.0	0.0	2	2636	0	0
1.0	0.0	2	2637	0	0
1.0	0.0	2	2638	0	0
1.0	0.0	2	2639	0	0
1.0	0.0	2	2640	0	0
1.0	0.0	2	2641	0	0
1.0	0.0	2	2642	0	0
1.0	0.0	2	2643	0	0
1.0	0.0	2	2644	0	0
1.0	0.0	2	2645	0	0
1.0	0.0	2	2646	0	0
0.9145755253137873	0.08542447468621252	2	2647	0	0
1.0	0.0	2	2648	0	0
1.0	0.0	2	2649	0	0
1.0	0.0	2	2650	0	0
1.0	0.0	2	2651	0	0
1.0	0.0	2	2652	0	0
1.0	0.0	2	2653	0	0
1.0	0.0	2	2654	0	0
1.0	0.0	2	2655	0	0
1.0	0.0	2	2656	0	0
0.9997447882149127	0.00025521178508726335	2	2657	0	0
1.0	0.0	2	2658	0	0
0.9997447882149127	0.00025521178508726335	2	2659	0	0
1.0	0.0	2	2660	0	0
1.0	0.0	2	2661	0	0
1.0	0.0	2	2662	0	0
1.0	0.0	2	2663	0	0
1.0	0.0	2	2664	0	0
1.0	0.0	2	2665	0	0
1.0	0.0	2	2666	0	0
1.0	0.0	2	2667	0	0
1.0	0.0	2	2668	0	0
1.0	0.0	2	2669	0	0
1.0	0.0	2	2670	0	0
1.0	0.0	2	2671	0	0
1.0	0.0	2	2672	0	0
1.0	0.0	2	2673	0	0
1.0	0.0	2	2674	0	0
1.0	0.0	2	2675	0	0
1.0	0.0	2	2676	0	0
1.0	0.0	2	2677	0	0
1.0	0.0	2	2678	0	0
1.0	0.0	2	2679	0	0
1.0	0.0	2	2680	0	0
1.0	0.0	2	2681	0	0
1.0	0.0	2	2682	0	0
1.0	0.0	2	2683	0	0
1.0	0.0	2	2684	0	0
1.0	0.0	2	2685	0	0
1.0	0.0	2	2686	0	0
1.0	0.0	2	2687	0	0
1.0	0.0	2	2688	0	0
0.9997447882149127	0.00025521178508726335	2	2689	0	0
1.0	0.0	2	2690	0	0
1.0	0.0	2	2691	0	0
1.0	0.0	2	2692	0	0
1.0	0.0	2	2693	0	0
1.0	0.0	2	2694	0	0
0.9997447882149127	0.00025521178508726335	2	2695	0	0
1.0	0.0	2	2696	0	0
1.0	0.0	2	2697	0	0
1.0	0.0	2	2698	0	0
1.0	0.0	2	2699	0	0
1.0	0.0	2	2700	0	0
1.0	0.0	2	2701	0	0
1.0	0.0	2	2702	0	0
1.0	0.0	2	2703	0	0
1.0	0.0	2	2704	0	0
1.0	0.0	2	2705	0	0
1.0	0.0	2	2706	0	0
1.0	0.0	2	2707	0	0
0.9148105242280333	0.0851894757719668	2	2708	0	0
1.0	0.0	2	2709	0	0
1.0	0.0	2	2710	0	0
1.0	0.0	2	2711	0	0
1.0	0.0	2	2712	0	0
1.0	0.0	2	2713	0	0
1.0	0.0	2	2714	0	0
1.0	0.0	2	2715	0	0
1.0	0.0	2	2716	0	0
1.0	0.0	2	2717	0	0
1.0	0.0	2	2718	0	0
0.9997447882149127	0.00025521178508726335	2	2719	0	0
0.9997447882149127	0.00025521178508726335	2	2720	0	0
1.0	0.0	2	2721	0	0
1.0	0.0	2	2722	0	0
1.0	0.0	2	2723	0	0
1.0	0.0	2	2724	0	0
1.0	0.0	2	2725	0	0
0.9997447882149127	0.00025521178508726335	2	2726	0	0
1.0	0.0	2	2727	0	0
1.0	0.0	2	2728	0	0
1.0	0.0	2	2729	0	0
0.998748857404022	0.0012511425959780623	2	2730	0	0
0.998748857404022	0.0012511425959780623	2	2731	0	0
1.0	0.0	2	2732	0	0
1.0	0.0	2	2733	0	0
1.0	0.0	2	2734	0	0
1.0	0.0	2	2735	0	0
0.9997447882149127	0.00025521178508726335	2	2736	0	0
1.0	0.0	2	2737	0	0
0.9997447882149127	0.00025521178508726335	2	2738	0	0
1.0	0.0	2	2739	0	0
1.0	0.0	2	2740	0	0
1.0	0.0	2	2741	0	0
0.9966987613459706	0.003301238654029387	2	2742	0	0
1.0	0.0	2	2743	0	0
1.0	0.0	2	2744	0	0
1.0	0.0	2	2745	0	0
1.0	0.0	2	2746	0	0
1.0	0.0	2	2747	0	0
1.0	0.0	2	2748	0	0
0.9997447882149127	0.00025521178508726335	2	2749	0	0
1.0	0.0	2	2750	0	0
1.0	0.0	2	2751	0	0
1.0	0.0	2	2752	0	0
1.0	0.0	2	2753	0	0
1.0	0.0	2	2754	0	0
1.0	0.0	2	2755	0	0
1.0	0.0	2	2756	0	0
1.0	0.0	2	2757	0	0
1.0	0.0	2	2758	0	0
0.9736126368600992	0.02638736313990071	2	2759	0	0
1.0	0.0	2	2760	0	0
1.0	0.0	2	2761	0	0
1.0	0.0	2	2762	0	0
1.0	0.0	2	2763	0	0
1.0	0.0	2	2764	0	0
1.0	0.0	2	2765	0	0
1.0	0.0	2	2766	0	0
1.0	0.0	2	2767	0	0
1.0	0.0	2	2768	0	0
1.0	0.0	2	2769	0	0
1.0	0.0	2	2770	0	0
1.0	0.0	2	2771	0	0
0.9997447882149127	0.00025521178508726335	2	2772	0	0
0.9997447882149127	0.00025521178508726335	2	2773	0	0
1.0	0.0	2	2774	0	0
1.0	0.0	2	2775	0	0
1.0	0.0	2	2776	0	0
1.0	0.0	2	2777	0	0
1.0	0.0	2	2778	0	0
1.0	0.0	2	2779	0	0
1.0	0.0	2	2780	0	0
1.0	0.0	2	2781	0	0
1.0	0.0	2	2782	0	0
1.0	0.0	2	2783	0	0
1.0	0.0	2	2784	0	0
1.0	0.0	2	2785	0	0
1.0	0.0	2	2786	0	0
1.0	0.0	2	2787	0	0
1.0	0.0	2	2788	0	0
1.0	0.0	2	2789	0	0
1.0	0.0	2	2790	0	0
1.0	0.0	2	2791	0	0
1.0	0.0	2	2792	0	0
1.0	0.0	2	2793	0	0
1.0	0.0	2	2794	0	0
1.0	0.0	2	2795	0	0
1.0	0.0	2	2796	0	0
1.0	0.0	2	2797	0	0
1.0	0.0	2	2798	0	0
1.0	0.0	2	2799	0	0
1.0	0.0	2	2800	0	0
1.0	0.0	2	2801	0	0
1.0	0.0	2	2802	0	0
1.0	0.0	2	2803	0	0
1.0	0.0	2	2804	0	0
1.0	0.0	2	2805	0	0
1.0	0.0	2	2806	0	0
1.0	0.0	2	2807	0	0
1.0	0.0	2	2808	0	0
1.0	0.0	2	2809	0	0
1.0	0.0	2	2810	0	0
1.0	0.0	2	2811	0	0
1.0	0.0	2	2812	0	0
1.0	0.0	2	2813	0	0
1.0	0.0	2	2814	0	0
1.0	0.0	2	2815	0	0
1.0	0.0	2	2816	0	0
1.0	0.0	2	2817	0	0
1.0	0.0	2	2818	0	0
1.0	0.0	2	2819	0	0
1.0	0.0	2	2820	0	0
1.0	0.0	2	2821	0	0
1.0	0.0	2	2822	0	0
1.0	0.0	2	2823	0	0
1.0	0.0	2	2824	0	0
1.0	0.0	2	2825	0	0
1.0	0.0	2	2826	0	0
1.0	0.0	2	2827	0	0
1.0	0.0	2	2828	0	0
1.0	0.0	2	2829	0	0
1.0	0.0	2	2830	0	0
1.0	0.0	2	2831	0	0
1.0	0.0	2	2832	0	0
1.0	0.0	2	2833	0	0
1.0	0.0	2	2834	0	0
0.9969251605370695	0.0030748394629305275	2	2835	0	0
1.0	0.0	2	2836	0	0
1.0	0.0	2	2837	0	0
1.0	0.0	2	2838	0	0
1.0	0.0	2	2839	0	0
1.0	0.0	2	2840	0	0
1.0	0.0	2	2841	0	0
1.0	0.0	2	2842	0	0
1.0	0.0	2	2843	0	0
1.0	0.0	2	2844	0	0
1.0	0.0	2	2845	0	0
1.0	0.0	2	2846	0	0
1.0	0.0	2	2847	0	0
1.0	0.0	2	2848	0	0
1.0	0.0	2	2849	0	0
1.0	0.0	2	2850	0	0
1.0	0.0	2	2851	0	0
1.0	0.0	2	2852	0	0
1.0	0.0	2	2853	0	0
1.0	0.0	2	2854	0	0
0.9997447882149127	0.00025521178508726335	2	2855	0	0
0.9933711634390503	0.00662883656094955	2	2856	0	0
1.0	0.0	2	2857	0	0
0.9902644070648322	0.00973559293516786	2	2858	0	0
1.0	0.0	2	2859	0	0
1.0	0.0	2	2860	0	0
1.0	0.0	2	2861	0	0
0.9779911958488424	0.022008804151157715	2	2862	0	0
1.0	0.0	2	2863	0	0
1.0	0.0	2	2864	0	0
1.0	0.0	2	2865	0	0
1.0	0.0	2	2866	0	0
1.0	0.0	2	2867	0	0
1.0	0.0	2	2868	0	0
1.0	0.0	2	2869	0	0
1.0	0.0	2	2870	0	0
1.0	0.0	2	2871	0	0
1.0	0.0	2	2872	0	0
1.0	0.0	2	2873	0	0
1.0	0.0	2	2874	0	0
1.0	0.0	2	2875	0	0
1.0	0.0	2	2876	0	0
1.0	0.0	2	2877	0	0
1.0	0.0	2	2878	0	0
0.9967813219657994	0.0032186780342005976	2	2879	0	0
1.0	0.0	2	2880	0	0
1.0	0.0	2	2881	0	0
1.0	0.0	2	2882	0	0
1.0	0.0	2	2883	0	0
1.0	0.0	2	2884	0	0
1.0	0.0	2	2885	0	0
1.0	0.0	2	2886	0	0
1.0	0.0	2	2887	0	0
1.0	0.0	2	2888	0	0
1.0	0.0	2	2889	0	0
1.0	0.0	2	2890	0	0
1.0	0.0	2	2891	0	0
1.0	0.0	2	2892	0	0
1.0	0.0	2	2893	0	0
1.0	0.0	2	2894	0	0
1.0	0.0	2	2895	0	0
1.0	0.0	2	2896	0	0
1.0	0.0	2	2897	0	0
1.0	0.0	2	2898	0	0
1.0	0.0	2	2899	0	0
1.0	0.0	2	2900	0	0
0.22152213284940842	0.7784778671505915	2	2901	0	1
1.0	0.0	2	2902	0	0
1.0	0.0	2	2903	0	0
1.0	0.0	2	2904	0	0
0.9769047825892837	0.02309521741071638	2	2905	0	0
0.9997447882149127	0.00025521178508726335	2	2906	0	0
0.9997447882149127	0.00025521178508726335	2	2907	0	0
1.0	0.0	2	2908	0	0
1.0	0.0	2	2909	0	0
1.0	0.0	2	2910	0	0
0.918044376771228	0.08195562322877216	2	2911	0	0
1.0	0.0	2	2912	0	0
0.9967914412438467	0.0032085587561534335	2	2913	0	0
0.9935315096860426	0.006468490313957331	2	2914	0	0
0.9967233492442324	0.003276650755767701	2	2915	0	0
1.0	0.0	2	2916	0	0
1.0	0.0	2	2917	0	0
0.9997447882149127	0.00025521178508726335	2	2918	0	0
1.0	0.0	2	2919	0	0
0.9997447882149127	0.00025521178508726335	2	2920	0	0
0.9997447882149127	0.00025521178508726335	2	2921	0	0
0.980305019779313	0.01969498022068693	2	2922	0	0
0.9997447882149127	0.00025521178508726335	2	2923	0	0
0.9997447882149127	0.00025521178508726335	2	2924	0	0
1.0	0.0	2	2925	0	0
1.0	0.0	2	2926	0	0
0.9967914412438467	0.0032085587561534335	2	2927	0	0
0.9936102322663889	0.006389767733611011	2	2928	0	0
1.0	0.0	2	2929	0	0
1.0	0.0	2	2930	0	0
1.0	0.0	2	2931	0	0
1.0	0.0	2	2932	0	0
1.0	0.0	2	2933	0	0
1.0	0.0	2	2934	0	0
1.0	0.0	2	2935	0	0
1.0	0.0	2	2936	0	0
1.0	0.0	2	2937	0	0
1.0	0.0	2	2938	0	0
1.0	0.0	2	2939	0	0
1.0	0.0	2	2940	0	0
1.0	0.0	2	2941	0	0
1.0	0.0	2	2942	0	0
1.0	0.0	2	2943	0	0
1.0	0.0	2	2944	0	0
1.0	0.0	2	2945	0	0
1.0	0.0	2	2946	0	0
1.0	0.0	2	2947	0	0
1.0	0.0	2	2948	0	0
1.0	0.0	2	2949	0	0
0.9878664254774993	0.012133574522500822	2	2950	0	0
1.0	0.0	2	2951	0	0
1.0	0.0	2	2952	0	0
1.0	0.0	2	2953	0	0
1.0	0.0	2	2954	0	0
1.0	0.0	2	2955	0	0
1.0	0.0	2	2956	0	0
1.0	0.0	2	2957	0	0
1.0	0.0	2	2958	0	0
1.0	0.0	2	2959	0	0
1.0	0.0	2	2960	0	0
1.0	0.0	2	2961	0	0
1.0	0.0	2	2962	0	0
1.0	0.0	2	2963	0	0
1.0	0.0	2	2964	0	0
1.0	0.0	2	2965	0	0
1.0	0.0	2	2966	0	0
1.0	0.0	2	2967	0	0
0.9997447882149127	0.00025521178508726335	2	2968	0	0
0.9997447882149127	0.00025521178508726335	2	2969	0	0
1.0	0.0	2	2970	0	0
1.0	0.0	2	2971	0	0
1.0	0.0	2	2972	0	0
1.0	0.0	2	2973	0	0
1.0	0.0	2	2974	0	0
1.0	0.0	2	2975	0	0
1.0	0.0	2	2976	0	0
1.0	0.0	2	2977	0	0
1.0	0.0	2	2978	0	0
1.0	0.0	2	2979	0	0
1.0	0.0	2	2980	0	0
0.9971606931439027	0.002839306856097299	2	2981	0	0
1.0	0.0	2	2982	0	0
1.0	0.0	2	2983	0	0
0.9967012687427913	0.003298731257208766	2	2984	0	0
1.0	0.0	2	2985	0	0
1.0	0.0	2	2986	0	0
0.9972191809887545	0.0027808190112454906	2	2987	0	0
1.0	0.0	2	2988	0	0
1.0	0.0	2	2989	0	0
1.0	0.0	2	2990	0	0
1.0	0.0	2	2991	0	0
1.0	0.0	2	2992	0	0
1.0	0.0	2	2993	0	0
1.0	0.0	2	2994	0	0
1.0	0.0	2	2995	0	0
1.0	0.0	2	2996	0	0
1.0	0.0	2	2997	0	0
1.0	0.0	2	2998	0	0
1.0	0.0	2	2999	0	0
1.0	0.0	2	3000	0	0
1.0	0.0	2	3001	0	0
1.0	0.0	2	3002	0	0
0.9900566910338654	0.009943308966134566	2	3003	0	0
0.9903172854466882	0.009682714553311968	2	3004	0	0
1.0	0.0	2	3005	0	0
1.0	0.0	2	3006	0	0
1.0	0.0	2	3007	0	0
1.0	0.0	2	3008	0	0
1.0	0.0	2	3009	0	0
1.0	0.0	2	3010	0	0
1.0	0.0	2	3011	0	0
1.0	0.0	2	3012	0	0
1.0	0.0	2	3013	0	0
1.0	0.0	2	3014	0	0
1.0	0.0	2	3015	0	0
0.9967052805777041	0.0032947194222957723	2	3016	0	0
0.8586541177186817	0.14134588228131825	2	3017	0	0
0.9934165789077779	0.0065834210922220545	2	3018	0	0
1.0	0.0	2	3019	0	0
0.8943131975502677	0.10568680244973225	2	3020	0	0
0.9967596830552685	0.003240316944731532	2	3021	0	0
0.9967596830552685	0.003240316944731532	2	3022	0	0
0.9966755124219677	0.0033244875780321986	2	3023	0	0
1.0	0.0	2	3024	0	0
1.0	0.0	2	3025	0	0
0.29288101593265237	0.7071189840673474	2	3026	1	1
1.0	0.0	2	3027	0	0
0.9213145372347835	0.07868546276521636	2	3028	0	0
0.12621255884417312	0.873787441155827	2	3029	1	1
0.990107850514171	0.009892149485828944	2	3030	1	0
0.9736893357927288	0.02631066420727115	2	3031	0	0
0.9967381271400924	0.0032618728599076966	2	3032	0	0
1.0	0.0	2	3033	0	0
1.0	0.0	2	3034	0	0
1.0	0.0	2	3035	0	0
1.0	0.0	2	3036	0	0
0.9604245141594475	0.03957548584055239	2	3037	0	0
0.9967022717015194	0.003297728298480518	2	3038	0	0
0.9967712476064222	0.0032287523935778466	2	3039	0	0
1.0	0.0	2	3040	0	0
1.0	0.0	2	3041	0	0
1.0	0.0	2	3042	0	0
0.9934555955366117	0.006544404463388293	2	3043	0	0
1.0	0.0	2	3044	0	0
1.0	0.0	2	3045	0	0
1.0	0.0	2	3046	0	0
1.0	0.0	2	3047	0	0
1.0	0.0	2	3048	0	0
1.0	0.0	2	3049	0	0
1.0	0.0	2	3050	0	0
1.0	0.0	2	3051	0	0
1.0	0.0	2	3052	0	0
1.0	0.0	2	3053	0	0
0.9966666666666667	0.0033333333333333335	2	3054	0	0
1.0	0.0	2	3055	0	0
1.0	0.0	2	3056	0	0
1.0	0.0	2	3057	0	0
0.9868798429377679	0.013120157062232194	2	3058	0	0
1.0	0.0	2	3059	0	0
1.0	0.0	2	3060	0	0
1.0	0.0	2	3061	0	0
1.0	0.0	2	3062	0	0
1.0	0.0	2	3063	0	0
1.0	0.0	2	3064	0	0
1.0	0.0	2	3065	0	0
1.0	0.0	2	3066	0	0
1.0	0.0	2	3067	0	0
1.0	0.0	2	3068	0	0
1.0	0.0	2	3069	0	0
1.0	0.0	2	3070	0	0
1.0	0.0	2	3071	0	0
0.9997447882149127	0.00025521178508726335	2	3072	0	0
1.0	0.0	2	3073	0	0
0.9997447882149127	0.00025521178508726335	2	3074	0	0
1.0	0.0	2	3075	0	0
1.0	0.0	2	3076	0	0
1.0	0.0	2	3077	0	0
1.0	0.0	2	3078	0	0
1.0	0.0	2	3079	0	0
0.9967022824178581	0.0032977175821419613	2	3080	0	0
1.0	0.0	2	3081	0	0
0.9841088577629642	0.015891142237035864	2	3082	0	0
1.0	0.0	2	3083	0	0
1.0	0.0	2	3084	0	0
1.0	0.0	2	3085	0	0
1.0	0.0	2	3086	0	0
1.0	0.0	2	3087	0	0
0.9969251605370695	0.0030748394629305275	2	3088	0	0
1.0	0.0	2	3089	0	0
1.0	0.0	2	3090	0	0
1.0	0.0	2	3091	0	0
1.0	0.0	2	3092	0	0
1.0	0.0	2	3093	0	0
1.0	0.0	2	3094	0	0
1.0	0.0	2	3095	0	0
1.0	0.0	2	3096	0	0
1.0	0.0	2	3097	0	0
1.0	0.0	2	3098	0	0
0.9902139270227894	0.00978607297721047	2	3099	0	0
0.9933689437255492	0.006631056274450798	2	3100	0	0
0.9933689437255492	0.006631056274450798	2	3101	0	0
1.0	0.0	2	3102	0	0
1.0	0.0	2	3103	0	0
0.9836651928389922	0.016334807161007627	2	3104	0	0
1.0	0.0	2	3105	0	0
0.9997447882149127	0.00025521178508726335	2	3106	0	0
1.0	0.0	2	3107	0	0
1.0	0.0	2	3108	0	0
1.0	0.0	2	3109	0	0
1.0	0.0	2	3110	0	0
1.0	0.0	2	3111	0	0
1.0	0.0	2	3112	0	0
1.0	0.0	2	3113	0	0
1.0	0.0	2	3114	0	0
1.0	0.0	2	3115	0	0
1.0	0.0	2	3116	0	0
0.9974467341949005	0.0025532658050995455	2	3117	0	0
1.0	0.0	2	3118	0	0
1.0	0.0	2	3119	0	0
0.9997447882149127	0.00025521178508726335	2	3120	0	0
1.0	0.0	2	3121	0	0
1.0	0.0	2	3122	0	0
0.9741514759090867	0.02584852409091346	2	3123	0	0
1.0	0.0	2	3124	0	0
1.0	0.0	2	3125	0	0
1.0	0.0	2	3126	0	0
1.0	0.0	2	3127	0	0
1.0	0.0	2	3128	0	0
1.0	0.0	2	3129	0	0
0.9987061041715767	0.0012938958284232833	2	3130	0	0
1.0	0.0	2	3131	0	0
0.9583656942454113	0.041634305754588714	2	3132	0	0
1.0	0.0	2	3133	0	0
1.0	0.0	2	3134	0	0
1.0	0.0	2	3135	0	0
1.0	0.0	2	3136	0	0
1.0	0.0	2	3137	0	0
1.0	0.0	2	3138	0	0
1.0	0.0	2	3139	0	0
1.0	0.0	2	3140	0	0
1.0	0.0	2	3141	0	0
1.0	0.0	2	3142	0	0
1.0	0.0	2	3143	0	0
1.0	0.0	2	3144	0	0
1.0	0.0	2	3145	0	0
1.0	0.0	2	3146	0	0
1.0	0.0	2	3147	0	0
1.0	0.0	2	3148	0	0
1.0	0.0	2	3149	0	0
0.9968613680998855	0.003138631900114453	2	3150	0	0
1.0	0.0	2	3151	0	0
1.0	0.0	2	3152	0	0
1.0	0.0	2	3153	0	0
1.0	0.0	2	3154	0	0
0.5615811337444433	0.43841886625555665	2	3155	0	0
0.9997447882149127	0.00025521178508726335	2	3156	0	0
0.9997447882149127	0.00025521178508726335	2	3157	0	0
1.0	0.0	2	3158	0	0
1.0	0.0	2	3159	0	0
1.0	0.0	2	3160	0	0
0.9968479877200556	0.003152012279944355	2	3161	0	0
1.0	0.0	2	3162	0	0
1.0	0.0	2	3163	0	0
1.0	0.0	2	3164	0	0
1.0	0.0	2	3165	0	0
1.0	0.0	2	3166	0	0
1.0	0.0	2	3167	0	0
1.0	0.0	2	3168	0	0
1.0	0.0	2	3169	0	0
1.0	0.0	2	3170	0	0
1.0	0.0	2	3171	0	0
1.0	0.0	2	3172	0	0
0.9876658782914963	0.012334121708503828	2	3173	0	0
0.9997447882149127	0.00025521178508726335	2	3174	0	0
1.0	0.0	2	3175	0	0
1.0	0.0	2	3176	0	0
1.0	0.0	2	3177	0	0
0.9802449172177453	0.019755082782254685	2	3178	0	0
1.0	0.0	2	3179	0	0
1.0	0.0	2	3180	0	0
1.0	0.0	2	3181	0	0
1.0	0.0	2	3182	0	0
1.0	0.0	2	3183	0	0
1.0	0.0	2	3184	0	0
1.0	0.0	2	3185	0	0
0.993441081829379	0.0065589181706211365	2	3186	0	0
1.0	0.0	2	3187	0	0
1.0	0.0	2	3188	0	0
1.0	0.0	2	3189	0	0
1.0	0.0	2	3190	0	0
1.0	0.0	2	3191	0	0
1.0	0.0	2	3192	0	0
1.0	0.0	2	3193	0	0
1.0	0.0	2	3194	0	0
1.0	0.0	2	3195	0	0
1.0	0.0	2	3196	0	0
0.9997447882149127	0.00025521178508726335	2	3197	0	0
0.9997447882149127	0.00025521178508726335	2	3198	0	0
1.0	0.0	2	3199	0	0
1.0	0.0	2	3200	0	0
1.0	0.0	2	3201	0	0
1.0	0.0	2	3202	0	0
0.9868829512196104	0.013117048780389646	2	3203	0	0
1.0	0.0	2	3204	0	0
1.0	0.0	2	3205	0	0
1.0	0.0	2	3206	0	0
1.0	0.0	2	3207	0	0
1.0	0.0	2	3208	0	0
1.0	0.0	2	3209	0	0
1.0	0.0	2	3210	0	0
1.0	0.0	2	3211	0	0
1.0	0.0	2	3212	0	0
1.0	0.0	2	3213	0	0
0.9539377742647202	0.04606222573527988	2	3214	0	0
1.0	0.0	2	3215	0	0
1.0	0.0	2	3216	0	0
1.0	0.0	2	3217	0	0
1.0	0.0	2	3218	0	0
1.0	0.0	2	3219	0	0
1.0	0.0	2	3220	0	0
1.0	0.0	2	3221	0	0
1.0	0.0	2	3222	0	0
1.0	0.0	2	3223	0	0
1.0	0.0	2	3224	0	0
1.0	0.0	2	3225	0	0
1.0	0.0	2	3226	0	0
0.9997447882149127	0.00025521178508726335	2	3227	0	0
0.9997447882149127	0.00025521178508726335	2	3228	0	0
1.0	0.0	2	3229	0	0
1.0	0.0	2	3230	0	0
1.0	0.0	2	3231	0	0
1.0	0.0	2	3232	0	0
1.0	0.0	2	3233	0	0
1.0	0.0	2	3234	0	0
1.0	0.0	2	3235	0	0
1.0	0.0	2	3236	0	0
1.0	0.0	2	3237	0	0
1.0	0.0	2	3238	0	0
1.0	0.0	2	3239	0	0
1.0	0.0	2	3240	0	0
1.0	0.0	2	3241	0	0
0.1799361909049482	0.8200638090950519	2	3242	0	1
1.0	0.0	2	3243	0	0
1.0	0.0	2	3244	0	0
1.0	0.0	2	3245	0	0
1.0	0.0	2	3246	0	0
0.9997447882149127	0.00025521178508726335	2	3247	0	0
0.9997447882149127	0.00025521178508726335	2	3248	0	0
1.0	0.0	2	3249	0	0
1.0	0.0	2	3250	0	0
1.0	0.0	2	3251	0	0
1.0	0.0	2	3252	0	0
1.0	0.0	2	3253	0	0
1.0	0.0	2	3254	0	0
1.0	0.0	2	3255	0	0
1.0	0.0	2	3256	0	0
1.0	0.0	2	3257	0	0
1.0	0.0	2	3258	0	0
1.0	0.0	2	3259	0	0
1.0	0.0	2	3260	0	0
1.0	0.0	2	3261	0	0
1.0	0.0	2	3262	0	0
1.0	0.0	2	3263	0	0
1.0	0.0	2	3264	0	0
1.0	0.0	2	3265	0	0
1.0	0.0	2	3266	0	0
1.0	0.0	2	3267	0	0
1.0	0.0	2	3268	0	0
0.9966835513217912	0.0033164486782087145	2	3269	0	0
1.0	0.0	2	3270	0	0
1.0	0.0	2	3271	0	0
1.0	0.0	2	3272	0	0
1.0	0.0	2	3273	0	0
1.0	0.0	2	3274	0	0
1.0	0.0	2	3275	0	0
1.0	0.0	2	3276	0	0
1.0	0.0	2	3277	0	0
1.0	0.0	2	3278	0	0
1.0	0.0	2	3279	0	0
1.0	0.0	2	3280	0	0
1.0	0.0	2	3281	0	0
1.0	0.0	2	3282	0	0
1.0	0.0	2	3283	0	0
1.0	0.0	2	3284	0	0
1.0	0.0	2	3285	0	0
1.0	0.0	2	3286	0	0
1.0	0.0	2	3287	0	0
1.0	0.0	2	3288	0	0
0.9967032746602477	0.003296725339752269	2	3289	0	0
0.9967032746602477	0.003296725339752269	2	3290	0	0
1.0	0.0	2	3291	0	0
1.0	0.0	2	3292	0	0
1.0	0.0	2	3293	0	0
1.0	0.0	2	3294	0	0
1.0	0.0	2	3295	0	0
1.0	0.0	2	3296	0	0
1.0	0.0	2	3297	0	0
1.0	0.0	2	3298	0	0
1.0	0.0	2	3299	0	0
1.0	0.0	2	3300	0	0
1.0	0.0	2	3301	0	0
1.0	0.0	2	3302	0	0
1.0	0.0	2	3303	0	0
0.9966860861012333	0.0033139138987667398	2	3304	0	0
1.0	0.0	2	3305	0	0
1.0	0.0	2	3306	0	0
1.0	0.0	2	3307	0	0
1.0	0.0	2	3308	0	0
1.0	0.0	2	3309	0	0
1.0	0.0	2	3310	0	0
0.9973892718485066	0.0026107281514935435	2	3311	0	0
1.0	0.0	2	3312	0	0
1.0	0.0	2	3313	0	0
1.0	0.0	2	3314	0	0
1.0	0.0	2	3315	0	0
1.0	0.0	2	3316	0	0
1.0	0.0	2	3317	0	0
1.0	0.0	2	3318	0	0
1.0	0.0	2	3319	0	0
1.0	0.0	2	3320	0	0
1.0	0.0	2	3321	0	0
0.9571429590582189	0.04285704094178115	2	3322	0	0
1.0	0.0	2	3323	0	0
1.0	0.0	2	3324	0	0
1.0	0.0	2	3325	0	0
1.0	0.0	2	3326	0	0
1.0	0.0	2	3327	0	0
1.0	0.0	2	3328	0	0
0.9187046735430112	0.08129532645698859	2	3329	0	0
0.9997447882149127	0.00025521178508726335	2	3330	0	0
0.9997447882149127	0.00025521178508726335	2	3331	0	0
1.0	0.0	2	3332	0	0
1.0	0.0	2	3333	0	0
1.0	0.0	2	3334	0	0
1.0	0.0	2	3335	0	0
1.0	0.0	2	3336	0	0
1.0	0.0	2	3337	0	0
1.0	0.0	2	3338	0	0
1.0	0.0	2	3339	0	0
1.0	0.0	2	3340	0	0
1.0	0.0	2	3341	0	0
1.0	0.0	2	3342	0	0
1.0	0.0	2	3343	0	0
1.0	0.0	2	3344	0	0
1.0	0.0	2	3345	0	0
1.0	0.0	2	3346	0	0
1.0	0.0	2	3347	0	0
1.0	0.0	2	3348	0	0
1.0	0.0	2	3349	0	0
1.0	0.0	2	3350	0	0
0.9997447882149127	0.00025521178508726335	2	3351	0	0
0.9997447882149127	0.00025521178508726335	2	3352	0	0
1.0	0.0	2	3353	0	0
1.0	0.0	2	3354	0	0
1.0	0.0	2	3355	0	0
1.0	0.0	2	3356	0	0
1.0	0.0	2	3357	0	0
1.0	0.0	2	3358	0	0
1.0	0.0	2	3359	0	0
1.0	0.0	2	3360	0	0
1.0	0.0	2	3361	0	0
1.0	0.0	2	3362	0	0
0.9997447882149127	0.00025521178508726335	2	3363	0	0
1.0	0.0	2	3364	0	0
0.9997447882149127	0.00025521178508726335	2	3365	0	0
1.0	0.0	2	3366	0	0
1.0	0.0	2	3367	0	0
1.0	0.0	2	3368	0	0
1.0	0.0	2	3369	0	0
1.0	0.0	2	3370	0	0
1.0	0.0	2	3371	0	0
1.0	0.0	2	3372	0	0
1.0	0.0	2	3373	0	0
1.0	0.0	2	3374	0	0
1.0	0.0	2	3375	0	0
1.0	0.0	2	3376	0	0
1.0	0.0	2	3377	0	0
1.0	0.0	2	3378	0	0
0.9966815122222783	0.0033184877777215445	2	3379	0	0
1.0	0.0	2	3380	0	0
0.9966815122222783	0.0033184877777215445	2	3381	0	0
1.0	0.0	2	3382	0	0
1.0	0.0	2	3383	0	0
1.0	0.0	2	3384	0	0
1.0	0.0	2	3385	0	0
1.0	0.0	2	3386	0	0
1.0	0.0	2	3387	0	0
1.0	0.0	2	3388	0	0
1.0	0.0	2	3389	0	0
1.0	0.0	2	3390	0	0
0.9769325244901067	0.02306747550989332	2	3391	0	0
1.0	0.0	2	3392	0	0
1.0	0.0	2	3393	0	0
1.0	0.0	2	3394	0	0
1.0	0.0	2	3395	0	0
1.0	0.0	2	3396	0	0
1.0	0.0	2	3397	0	0
1.0	0.0	2	3398	0	0
1.0	0.0	2	3399	0	0
1.0	0.0	2	3400	0	0
1.0	0.0	2	3401	0	0
1.0	0.0	2	3402	0	0
1.0	0.0	2	3403	0	0
1.0	0.0	2	3404	0	0
1.0	0.0	2	3405	0	0
1.0	0.0	2	3406	0	0
1.0	0.0	2	3407	0	0
1.0	0.0	2	3408	0	0
1.0	0.0	2	3409	0	0
0.9870545116094586	0.01294548839054141	2	3410	0	0
0.2870531981443472	0.712946801855653	2	3411	1	1
0.9934150744696856	0.006584925530314429	2	3412	0	0
0.9804713906290459	0.01952860937095419	2	3413	0	0
1.0	0.0	2	3414	0	0
1.0	0.0	2	3415	0	0
1.0	0.0	2	3416	0	0
1.0	0.0	2	3417	0	0
0.04099901450692569	0.9590009854930743	2	3418	1	1
0.9967371241440904	0.003262875855909497	2	3419	0	0
0.9966825408824047	0.0033174591175951823	2	3420	0	0
0.7529436158789053	0.2470563841210947	2	3421	0	0
0.07880496094926022	0.9211950390507396	2	3422	1	1
0.9901108602959618	0.009889139704038125	2	3423	0	0
0.9601333017349019	0.03986669826509813	2	3424	1	0
0.9868128514298051	0.01318714857019493	2	3425	0	0
0.9868128514298051	0.01318714857019493	2	3426	0	0
0.9867903838929661	0.013209616107033887	2	3427	0	0
1.0	0.0	2	3428	0	0
1.0	0.0	2	3429	0	0
1.0	0.0	2	3430	0	0
1.0	0.0	2	3431	0	0
1.0	0.0	2	3432	0	0
0.27550477994681005	0.7244952200531901	2	3433	1	1
1.0	0.0	2	3434	0	0
0.12303742039557759	0.8769625796044221	2	3435	1	1
1.0	0.0	2	3436	0	0
1.0	0.0	2	3437	0	0
1.0	0.0	2	3438	0	0
1.0	0.0	2	3439	0	0
0.9708355338801012	0.029164466119898962	2	3440	0	0
1.0	0.0	2	3441	0	0
1.0	0.0	2	3442	0	0
1.0	0.0	2	3443	0	0
1.0	0.0	2	3444	0	0
0.9966820169459004	0.0033179830540996354	2	3445	0	0
0.9943724472256762	0.00562755277432376	2	3446	0	0
1.0	0.0	2	3447	0	0
1.0	0.0	2	3448	0	0
1.0	0.0	2	3449	0	0
1.0	0.0	2	3450	0	0
1.0	0.0	2	3451	0	0
1.0	0.0	2	3452	0	0
1.0	0.0	2	3453	0	0
1.0	0.0	2	3454	0	0
1.0	0.0	2	3455	0	0
0.9997447882149127	0.00025521178508726335	2	3456	0	0
0.9997447882149127	0.00025521178508726335	2	3457	0	0
0.9997447882149127	0.00025521178508726335	2	3458	0	0
1.0	0.0	2	3459	0	0
0.9997447882149127	0.00025521178508726335	2	3460	0	0
1.0	0.0	2	3461	0	0
0.9997447882149127	0.00025521178508726335	2	3462	0	0
1.0	0.0	2	3463	0	0
1.0	0.0	2	3464	0	0
1.0	0.0	2	3465	0	0
1.0	0.0	2	3466	0	0
0.9967057820570684	0.0032942179429316485	2	3467	0	0
1.0	0.0	2	3468	0	0
1.0	0.0	2	3469	0	0
1.0	0.0	2	3470	0	0
1.0	0.0	2	3471	0	0
1.0	0.0	2	3472	0	0
1.0	0.0	2	3473	0	0
1.0	0.0	2	3474	0	0
0.9997447882149127	0.00025521178508726335	2	3475	0	0
1.0	0.0	2	3476	0	0
1.0	0.0	2	3477	0	0
1.0	0.0	2	3478	0	0
1.0	0.0	2	3479	0	0
1.0	0.0	2	3480	0	0
1.0	0.0	2	3481	0	0
1.0	0.0	2	3482	0	0
1.0	0.0	2	3483	0	0
1.0	0.0	2	3484	0	0
1.0	0.0	2	3485	0	0
1.0	0.0	2	3486	0	0
1.0	0.0	2	3487	0	0
0.996743010113028	0.0032569898869720406	2	3488	0	0
1.0	0.0	2	3489	0	0
1.0	0.0	2	3490	0	0
1.0	0.0	2	3491	0	0
1.0	0.0	2	3492	0	0
1.0	0.0	2	3493	0	0
1.0	0.0	2	3494	0	0
0.9970918028430981	0.0029081971569018205	2	3495	0	0
1.0	0.0	2	3496	0	0
0.9970918028430981	0.0029081971569018205	2	3497	0	0
1.0	0.0	2	3498	0	0
1.0	0.0	2	3499	0	0
0.9970918028430981	0.0029081971569018205	2	3500	0	0
0.9970918028430981	0.0029081971569018205	2	3501	0	0
1.0	0.0	2	3502	0	0
1.0	0.0	2	3503	0	0
1.0	0.0	2	3504	0	0
1.0	0.0	2	3505	0	0
0.9997447882149127	0.00025521178508726335	2	3506	0	0
1.0	0.0	2	3507	0	0
1.0	0.0	2	3508	0	0
1.0	0.0	2	3509	0	0
1.0	0.0	2	3510	0	0
1.0	0.0	2	3511	0	0
1.0	0.0	2	3512	0	0
1.0	0.0	2	3513	0	0
1.0	0.0	2	3514	0	0
1.0	0.0	2	3515	0	0
1.0	0.0	2	3516	0	0
1.0	0.0	2	3517	0	0
1.0	0.0	2	3518	0	0
1.0	0.0	2	3519	0	0
1.0	0.0	2	3520	0	0
1.0	0.0	2	3521	0	0
1.0	0.0	2	3522	0	0
1.0	0.0	2	3523	0	0
0.9997447882149127	0.00025521178508726335	2	3524	0	0
1.0	0.0	2	3525	0	0
0.9997447882149127	0.00025521178508726335	2	3526	0	0
1.0	0.0	2	3527	0	0
1.0	0.0	2	3528	0	0
1.0	0.0	2	3529	0	0
1.0	0.0	2	3530	0	0
1.0	0.0	2	3531	0	0
1.0	0.0	2	3532	0	0
1.0	0.0	2	3533	0	0
1.0	0.0	2	3534	0	0
1.0	0.0	2	3535	0	0
1.0	0.0	2	3536	0	0
1.0	0.0	2	3537	0	0
1.0	0.0	2	3538	0	0
1.0	0.0	2	3539	0	0
1.0	0.0	2	3540	0	0
1.0	0.0	2	3541	0	0
1.0	0.0	2	3542	0	0
1.0	0.0	2	3543	0	0
1.0	0.0	2	3544	0	0
0.9773975535248061	0.02260244647519396	2	3545	0	0
0.9869232552269375	0.013076744773062494	2	3546	0	0
0.9805799242168356	0.019420075783164573	2	3547	0	0
1.0	0.0	2	3548	0	0
1.0	0.0	2	3549	0	0
1.0	0.0	2	3550	0	0
1.0	0.0	2	3551	0	0
1.0	0.0	2	3552	0	0
1.0	0.0	2	3553	0	0
0.9802551822847974	0.019744817715202617	2	3554	0	0
1.0	0.0	2	3555	0	0
1.0	0.0	2	3556	0	0
1.0	0.0	2	3557	0	0
1.0	0.0	2	3558	0	0
1.0	0.0	2	3559	0	0
1.0	0.0	2	3560	0	0
1.0	0.0	2	3561	0	0
1.0	0.0	2	3562	0	0
1.0	0.0	2	3563	0	0
1.0	0.0	2	3564	0	0
1.0	0.0	2	3565	0	0
1.0	0.0	2	3566	0	0
1.0	0.0	2	3567	0	0
1.0	0.0	2	3568	0	0
1.0	0.0	2	3569	0	0
1.0	0.0	2	3570	0	0
1.0	0.0	2	3571	0	0
0.9997447882149127	0.00025521178508726335	2	3572	0	0
1.0	0.0	2	3573	0	0
1.0	0.0	2	3574	0	0
1.0	0.0	2	3575	0	0
1.0	0.0	2	3576	0	0
0.9912558318151279	0.008744168184872043	2	3577	0	0
1.0	0.0	2	3578	0	0
1.0	0.0	2	3579	0	0
1.0	0.0	2	3580	0	0
1.0	0.0	2	3581	0	0
1.0	0.0	2	3582	0	0
1.0	0.0	2	3583	0	0
1.0	0.0	2	3584	0	0
1.0	0.0	2	3585	0	0
0.987964635426866	0.012035364573133894	2	3586	0	0
0.9910792322414728	0.00892076775852716	2	3587	0	0
0.9966983599959754	0.0033016400040245496	2	3588	0	0
0.9964288461859273	0.0035711538140727702	2	3589	0	0
1.0	0.0	2	3590	0	0
1.0	0.0	2	3591	0	0
0.9969351605836012	0.0030648394163986397	2	3592	0	0
1.0	0.0	2	3593	0	0
1.0	0.0	2	3594	0	0
0.9839504720057634	0.016049527994236493	2	3595	0	0
1.0	0.0	2	3596	0	0
1.0	0.0	2	3597	0	0
1.0	0.0	2	3598	0	0
1.0	0.0	2	3599	0	0
1.0	0.0	2	3600	0	0
1.0	0.0	2	3601	0	0
1.0	0.0	2	3602	0	0
0.9997447882149127	0.00025521178508726335	2	3603	0	0
1.0	0.0	2	3604	0	0
0.9997447882149127	0.00025521178508726335	2	3605	0	0
1.0	0.0	2	3606	0	0
1.0	0.0	2	3607	0	0
1.0	0.0	2	3608	0	0
1.0	0.0	2	3609	0	0
1.0	0.0	2	3610	0	0
1.0	0.0	2	3611	0	0
1.0	0.0	2	3612	0	0
1.0	0.0	2	3613	0	0
1.0	0.0	2	3614	0	0
1.0	0.0	2	3615	0	0
1.0	0.0	2	3616	0	0
1.0	0.0	2	3617	0	0
1.0	0.0	2	3618	0	0
1.0	0.0	2	3619	0	0
1.0	0.0	2	3620	0	0
1.0	0.0	2	3621	0	0
1.0	0.0	2	3622	0	0
1.0	0.0	2	3623	0	0
1.0	0.0	2	3624	0	0
0.9877626603206833	0.012237339679316625	2	3625	0	0
0.9901558866332448	0.00984411336675516	2	3626	0	0
0.9901558866332448	0.00984411336675516	2	3627	0	0
1.0	0.0	2	3628	0	0
0.9967420298477861	0.0032579701522137934	2	3629	0	0
1.0	0.0	2	3630	0	0
0.970531846474485	0.029468153525515076	2	3631	0	0
1.0	0.0	2	3632	0	0
1.0	0.0	2	3633	0	0
1.0	0.0	2	3634	0	0
1.0	0.0	2	3635	0	0
0.9967022717015194	0.003297728298480518	2	3636	0	0
1.0	0.0	2	3637	0	0
1.0	0.0	2	3638	0	0
1.0	0.0	2	3639	0	0
1.0	0.0	2	3640	0	0
1.0	0.0	2	3641	0	0
1.0	0.0	2	3642	0	0
1.0	0.0	2	3643	0	0
0.9967032746602477	0.003296725339752269	2	3644	0	0
1.0	0.0	2	3645	0	0
0.9997447882149127	0.00025521178508726335	2	3646	0	0
0.9997447882149127	0.00025521178508726335	2	3647	0	0
1.0	0.0	2	3648	0	0
1.0	0.0	2	3649	0	0
1.0	0.0	2	3650	0	0
1.0	0.0	2	3651	0	0
1.0	0.0	2	3652	0	0
1.0	0.0	2	3653	0	0
0.9969388896657809	0.0030611103342189907	2	3654	0	0
1.0	0.0	2	3655	0	0
1.0	0.0	2	3656	0	0
1.0	0.0	2	3657	0	0
1.0	0.0	2	3658	0	0
1.0	0.0	2	3659	0	0
1.0	0.0	2	3660	0	0
1.0	0.0	2	3661	0	0
1.0	0.0	2	3662	0	0
1.0	0.0	2	3663	0	0
0.9738280087192499	0.0261719912807502	2	3664	0	0
1.0	0.0	2	3665	0	0
0.9444875693371799	0.055512430662819946	2	3666	0	0
1.0	0.0	2	3667	0	0
1.0	0.0	2	3668	0	0
1.0	0.0	2	3669	0	0
1.0	0.0	2	3670	0	0
1.0	0.0	2	3671	0	0
0.9572382108972473	0.042761789102752856	2	3672	0	0
1.0	0.0	2	3673	0	0
1.0	0.0	2	3674	0	0
1.0	0.0	2	3675	0	0
1.0	0.0	2	3676	0	0
1.0	0.0	2	3677	0	0
1.0	0.0	2	3678	0	0
1.0	0.0	2	3679	0	0
1.0	0.0	2	3680	0	0
1.0	0.0	2	3681	0	0
1.0	0.0	2	3682	0	0
0.993863973312425	0.00613602668757488	2	3683	0	0
1.0	0.0	2	3684	0	0
1.0	0.0	2	3685	0	0
1.0	0.0	2	3686	0	0
1.0	0.0	2	3687	0	0
1.0	0.0	2	3688	0	0
1.0	0.0	2	3689	0	0
1.0	0.0	2	3690	0	0
1.0	0.0	2	3691	0	0
1.0	0.0	2	3692	0	0
1.0	0.0	2	3693	0	0
1.0	0.0	2	3694	0	0
1.0	0.0	2	3695	0	0
0.9997447882149127	0.00025521178508726335	2	3696	0	0
0.9997447882149127	0.00025521178508726335	2	3697	0	0
1.0	0.0	2	3698	0	0
1.0	0.0	2	3699	0	0
1.0	0.0	2	3700	0	0
1.0	0.0	2	3701	0	0
0.9967567833751908	0.003243216624809179	2	3702	0	0
1.0	0.0	2	3703	0	0
0.9967567833751908	0.003243216624809179	2	3704	0	0
0.964272044499518	0.035727955500482	2	3705	0	0
0.9987061041715767	0.0012938958284232833	2	3706	0	0
1.0	0.0	2	3707	0	0
0.9987061041715767	0.0012938958284232833	2	3708	0	0
1.0	0.0	2	3709	0	0
1.0	0.0	2	3710	0	0
1.0	0.0	2	3711	0	0
1.0	0.0	2	3712	0	0
1.0	0.0	2	3713	0	0
1.0	0.0	2	3714	0	0
1.0	0.0	2	3715	0	0
1.0	0.0	2	3716	0	0
1.0	0.0	2	3717	0	0
1.0	0.0	2	3718	0	0
0.9802779335643097	0.019722066435690414	2	3719	0	0
1.0	0.0	2	3720	0	0
0.863474568736527	0.13652543126347308	2	3721	0	0
1.0	0.0	2	3722	0	0
1.0	0.0	2	3723	0	0
1.0	0.0	2	3724	0	0
0.9967813219657994	0.0032186780342005976	2	3725	0	0
1.0	0.0	2	3726	0	0
1.0	0.0	2	3727	0	0
1.0	0.0	2	3728	0	0
1.0	0.0	2	3729	0	0
1.0	0.0	2	3730	0	0
1.0	0.0	2	3731	0	0
1.0	0.0	2	3732	0	0
1.0	0.0	2	3733	0	0
1.0	0.0	2	3734	0	0
1.0	0.0	2	3735	0	0
1.0	0.0	2	3736	0	0
1.0	0.0	2	3737	0	0
0.9968613680998855	0.003138631900114453	2	3738	0	0
0.9968613680998855	0.003138631900114453	2	3739	0	0
1.0	0.0	2	3740	0	0
1.0	0.0	2	3741	0	0
1.0	0.0	2	3742	0	0
1.0	0.0	2	3743	0	0
1.0	0.0	2	3744	0	0
1.0	0.0	2	3745	0	0
1.0	0.0	2	3746	0	0
0.9997447882149127	0.00025521178508726335	2	3747	0	0
1.0	0.0	2	3748	0	0
0.9968479877200556	0.003152012279944355	2	3749	0	0
1.0	0.0	2	3750	0	0
0.9997447882149127	0.00025521178508726335	2	3751	0	0
1.0	0.0	2	3752	0	0
1.0	0.0	2	3753	0	0
1.0	0.0	2	3754	0	0
1.0	0.0	2	3755	0	0
1.0	0.0	2	3756	0	0
1.0	0.0	2	3757	0	0
1.0	0.0	2	3758	0	0
0.9997447882149127	0.00025521178508726335	2	3759	0	0
0.9997447882149127	0.00025521178508726335	2	3760	0	0
1.0	0.0	2	3761	0	0
1.0	0.0	2	3762	0	0
1.0	0.0	2	3763	0	0
0.9708429974017615	0.029157002598238422	2	3764	0	0
1.0	0.0	2	3765	0	0
1.0	0.0	2	3766	0	0
1.0	0.0	2	3767	0	0
1.0	0.0	2	3768	0	0
1.0	0.0	2	3769	0	0
1.0	0.0	2	3770	0	0
1.0	0.0	2	3771	0	0
0.9967022717015194	0.003297728298480518	2	3772	0	0
1.0	0.0	2	3773	0	0
1.0	0.0	2	3774	0	0
1.0	0.0	2	3775	0	0
1.0	0.0	2	3776	0	0
1.0	0.0	2	3777	0	0
0.9868361652856347	0.013163834714365375	2	3778	1	0
0.977140463098602	0.022859536901398046	2	3779	0	0
1.0	0.0	2	3780	0	0
1.0	0.0	2	3781	0	0
1.0	0.0	2	3782	0	0
1.0	0.0	2	3783	0	0
0.9901581533463453	0.009841846653654748	2	3784	0	0
1.0	0.0	2	3785	0	0
1.0	0.0	2	3786	0	0
1.0	0.0	2	3787	0	0
0.8434994393220249	0.1565005606779753	2	3788	0	0
0.9997447882149127	0.00025521178508726335	2	3789	0	0
0.9972347050408147	0.002765294959185391	2	3790	0	0
1.0	0.0	2	3791	0	0
0.9968479877200556	0.003152012279944355	2	3792	0	0
1.0	0.0	2	3793	0	0
0.9943724472256762	0.00562755277432376	2	3794	0	0
1.0	0.0	2	3795	0	0
1.0	0.0	2	3796	0	0
1.0	0.0	2	3797	0	0
1.0	0.0	2	3798	0	0
1.0	0.0	2	3799	0	0
1.0	0.0	2	3800	0	0
1.0	0.0	2	3801	0	0
1.0	0.0	2	3802	0	0
1.0	0.0	2	3803	0	0
0.9967072864951607	0.0032927135048392755	2	3804	0	0
0.9966840579710143	0.0033159420289855072	2	3805	0	0
0.9987061041715767	0.0012938958284232833	2	3806	0	0
1.0	0.0	2	3807	0	0
0.9987061041715767	0.0012938958284232833	2	3808	0	0
1.0	0.0	2	3809	0	0
1.0	0.0	2	3810	0	0
1.0	0.0	2	3811	0	0
0.9933711691643843	0.006628830835615564	2	3812	0	0
1.0	0.0	2	3813	0	0
1.0	0.0	2	3814	0	0
1.0	0.0	2	3815	0	0
1.0	0.0	2	3816	0	0
0.9771746430432321	0.02282535695676802	2	3817	0	0
1.0	0.0	2	3818	0	0
1.0	0.0	2	3819	0	0
1.0	0.0	2	3820	0	0
1.0	0.0	2	3821	0	0
1.0	0.0	2	3822	0	0
1.0	0.0	2	3823	0	0
1.0	0.0	2	3824	0	0
0.9997447882149127	0.00025521178508726335	2	3825	0	0
0.9997447882149127	0.00025521178508726335	2	3826	0	0
1.0	0.0	2	3827	0	0
0.9838534132300545	0.016146586769945487	2	3828	0	0
1.0	0.0	2	3829	0	0
1.0	0.0	2	3830	0	0
1.0	0.0	2	3831	0	0
1.0	0.0	2	3832	0	0
1.0	0.0	2	3833	0	0
1.0	0.0	2	3834	0	0
1.0	0.0	2	3835	0	0
1.0	0.0	2	3836	0	0
1.0	0.0	2	3837	0	0
1.0	0.0	2	3838	0	0
1.0	0.0	2	3839	0	0
0.9997447882149127	0.00025521178508726335	2	3840	0	0
0.9997447882149127	0.00025521178508726335	2	3841	0	0
1.0	0.0	2	3842	0	0
1.0	0.0	2	3843	0	0
1.0	0.0	2	3844	0	0
1.0	0.0	2	3845	0	0
0.9934260551616647	0.006573944838335265	2	3846	0	0
0.9943724472256762	0.00562755277432376	2	3847	0	0
1.0	0.0	2	3848	0	0
1.0	0.0	2	3849	0	0
0.9997447882149127	0.00025521178508726335	2	3850	0	0
1.0	0.0	2	3851	0	0
1.0	0.0	2	3852	0	0
1.0	0.0	2	3853	0	0
1.0	0.0	2	3854	0	0
1.0	0.0	2	3855	0	0
1.0	0.0	2	3856	0	0
0.8917003511283046	0.10829964887169559	2	3857	0	0
1.0	0.0	2	3858	0	0
1.0	0.0	2	3859	0	0
1.0	0.0	2	3860	0	0
1.0	0.0	2	3861	0	0
0.7248136736837348	0.27518632631626516	2	3862	1	0
1.0	0.0	2	3863	0	0
0.9997447882149127	0.00025521178508726335	2	3864	0	0
1.0	0.0	2	3865	0	0
1.0	0.0	2	3866	0	0
1.0	0.0	2	3867	0	0
1.0	0.0	2	3868	0	0
0.9803154994990403	0.019684500500959545	2	3869	0	0
1.0	0.0	2	3870	0	0
1.0	0.0	2	3871	0	0
1.0	0.0	2	3872	0	0
1.0	0.0	2	3873	0	0
0.9542899813262548	0.04571001867374542	2	3874	0	0
1.0	0.0	2	3875	0	0
0.9997447882149127	0.00025521178508726335	2	3876	0	0
0.9997447882149127	0.00025521178508726335	2	3877	0	0
1.0	0.0	2	3878	0	0
0.3699132058289217	0.6300867941710786	2	3879	1	1
0.08767226513184784	0.9123277348681523	2	3880	1	1
1.0	0.0	2	3881	0	0
1.0	0.0	2	3882	0	0
1.0	0.0	2	3883	0	0
1.0	0.0	2	3884	0	0
0.9997447882149127	0.00025521178508726335	2	3885	0	0
1.0	0.0	2	3886	0	0
0.9997447882149127	0.00025521178508726335	2	3887	0	0
1.0	0.0	2	3888	0	0
1.0	0.0	2	3889	0	0
1.0	0.0	2	3890	0	0
0.9868808070988092	0.013119192901190707	2	3891	0	0
1.0	0.0	2	3892	0	0
1.0	0.0	2	3893	0	0
1.0	0.0	2	3894	0	0
1.0	0.0	2	3895	0	0
1.0	0.0	2	3896	0	0
1.0	0.0	2	3897	0	0
1.0	0.0	2	3898	0	0
0.6572972558601495	0.34270274413985113	2	3899	0	0
0.9997447882149127	0.00025521178508726335	2	3900	0	0
1.0	0.0	2	3901	0	0
0.9997447882149127	0.00025521178508726335	2	3902	0	0
1.0	0.0	2	3903	0	0
1.0	0.0	2	3904	0	0
1.0	0.0	2	3905	0	0
1.0	0.0	2	3906	0	0
1.0	0.0	2	3907	0	0
1.0	0.0	2	3908	0	0
1.0	0.0	2	3909	0	0
0.12496665561260478	0.875033344387395	2	3910	1	1
0.9997447882149127	0.00025521178508726335	2	3911	0	0
0.9997447882149127	0.00025521178508726335	2	3912	0	0
1.0	0.0	2	3913	0	0
0.9541228147504937	0.04587718524950637	2	3914	0	0
1.0	0.0	2	3915	0	0
1.0	0.0	2	3916	0	0
1.0	0.0	2	3917	0	0
0.9841842904995758	0.015815709500424317	2	3918	0	0
1.0	0.0	2	3919	0	0
0.9281439973091278	0.07185600269087243	2	3920	0	0
1.0	0.0	2	3921	0	0
1.0	0.0	2	3922	0	0
1.0	0.0	2	3923	0	0
1.0	0.0	2	3924	0	0
1.0	0.0	2	3925	0	0
1.0	0.0	2	3926	0	0
0.9969388896657809	0.0030611103342189907	2	3927	0	0
1.0	0.0	2	3928	0	0
1.0	0.0	2	3929	0	0
1.0	0.0	2	3930	0	0
1.0	0.0	2	3931	0	0
1.0	0.0	2	3932	0	0
1.0	0.0	2	3933	0	0
1.0	0.0	2	3934	0	0
1.0	0.0	2	3935	0	0
1.0	0.0	2	3936	0	0
1.0	0.0	2	3937	0	0
1.0	0.0	2	3938	0	0
1.0	0.0	2	3939	0	0
1.0	0.0	2	3940	0	0
1.0	0.0	2	3941	0	0
1.0	0.0	2	3942	0	0
1.0	0.0	2	3943	0	0
1.0	0.0	2	3944	0	0
1.0	0.0	2	3945	0	0
1.0	0.0	2	3946	0	0
1.0	0.0	2	3947	0	0
1.0	0.0	2	3948	0	0
0.9804603784971763	0.019539621502823533	2	3949	0	0
1.0	0.0	2	3950	0	0
1.0	0.0	2	3951	0	0
1.0	0.0	2	3952	0	0
1.0	0.0	2	3953	0	0
1.0	0.0	2	3954	0	0
1.0	0.0	2	3955	0	0
1.0	0.0	2	3956	0	0
1.0	0.0	2	3957	0	0
1.0	0.0	2	3958	0	0
1.0	0.0	2	3959	0	0
1.0	0.0	2	3960	0	0
1.0	0.0	2	3961	0	0
1.0	0.0	2	3962	0	0
1.0	0.0	2	3963	0	0
1.0	0.0	2	3964	0	0
1.0	0.0	2	3965	0	0
0.9997447882149127	0.00025521178508726335	2	3966	0	0
0.9997447882149127	0.00025521178508726335	2	3967	0	0
1.0	0.0	2	3968	0	0
1.0	0.0	2	3969	0	0
1.0	0.0	2	3970	0	0
1.0	0.0	2	3971	0	0
1.0	0.0	2	3972	0	0
1.0	0.0	2	3973	0	0
1.0	0.0	2	3974	0	0
1.0	0.0	2	3975	0	0
0.9997447882149127	0.00025521178508726335	2	3976	0	0
1.0	0.0	2	3977	0	0
0.9943724472256762	0.00562755277432376	2	3978	0	0
0.9943724472256762	0.00562755277432376	2	3979	0	0
0.9878766953755072	0.012123304624492947	2	3980	0	0
1.0	0.0	2	3981	0	0
1.0	0.0	2	3982	0	0
1.0	0.0	2	3983	0	0
1.0	0.0	2	3984	0	0
1.0	0.0	2	3985	0	0
1.0	0.0	2	3986	0	0
1.0	0.0	2	3987	0	0
1.0	0.0	2	3988	0	0
1.0	0.0	2	3989	0	0
1.0	0.0	2	3990	0	0
1.0	0.0	2	3991	0	0
1.0	0.0	2	3992	0	0
1.0	0.0	2	3993	0	0
1.0	0.0	2	3994	0	0
1.0	0.0	2	3995	0	0
1.0	0.0	2	3996	0	0
1.0	0.0	2	3997	0	0
1.0	0.0	2	3998	0	0
1.0	0.0	2	3999	0	0
1.0	0.0	2	4000	0	0
1.0	0.0	2	4001	0	0
1.0	0.0	2	4002	0	0
1.0	0.0	2	4003	0	0
1.0	0.0	2	4004	0	0
1.0	0.0	2	4005	0	0
1.0	0.0	2	4006	0	0
1.0	0.0	2	4007	0	0
1.0	0.0	2	4008	0	0
1.0	0.0	2	4009	0	0
1.0	0.0	2	4010	0	0
1.0	0.0	2	4011	0	0
0.9938827922489811	0.006117207751018657	2	4012	0	0
1.0	0.0	2	4013	0	0
0.9997447882149127	0.00025521178508726335	2	4014	0	0
1.0	0.0	2	4015	0	0
0.9967506297229219	0.003249370277078086	2	4016	0	0
0.9868405791306166	0.013159420869383534	2	4017	0	0
0.9934260551616647	0.006573944838335265	2	4018	0	0
0.8199827549124445	0.1800172450875557	2	4019	0	0
1.0	0.0	2	4020	0	0
1.0	0.0	2	4021	0	0
1.0	0.0	2	4022	0	0
0.9638993565192755	0.03610064348072445	2	4023	0	0
0.9997447882149127	0.00025521178508726335	2	4024	0	0
0.9997447882149127	0.00025521178508726335	2	4025	0	0
1.0	0.0	2	4026	0	0
0.993460149032026	0.006539850967974076	2	4027	0	0
1.0	0.0	2	4028	0	0
0.9738076230626692	0.02619237693733061	2	4029	0	0
0.1521552075832438	0.847844792416756	2	4030	1	1
1.0	0.0	2	4031	0	0
0.9997447882149127	0.00025521178508726335	2	4032	0	0
0.9997447882149127	0.00025521178508726335	2	4033	0	0
1.0	0.0	2	4034	0	0
0.9803499619090208	0.019650038090979254	2	4035	0	0
1.0	0.0	2	4036	0	0
1.0	0.0	2	4037	0	0
1.0	0.0	2	4038	0	0
1.0	0.0	2	4039	0	0
1.0	0.0	2	4040	0	0
1.0	0.0	2	4041	0	0
1.0	0.0	2	4042	0	0
1.0	0.0	2	4043	0	0
1.0	0.0	2	4044	0	0
0.23119582224044763	0.7688041777595522	2	4045	1	1
0.19107234026315628	0.8089276597368439	2	4046	1	1
0.9901490437546348	0.009850956245365318	2	4047	0	0
1.0	0.0	2	4048	0	0
0.9605205509372077	0.03947944906279219	2	4049	0	0
0.9938273598105694	0.006172640189430633	2	4050	0	0
0.27069055325321223	0.7293094467467881	2	4051	1	1
1.0	0.0	2	4052	0	0
1.0	0.0	2	4053	0	0
1.0	0.0	2	4054	0	0
1.0	0.0	2	4055	0	0
1.0	0.0	2	4056	0	0
1.0	0.0	2	4057	0	0
0.9872138249256882	0.012786175074311772	2	4058	0	0
1.0	0.0	2	4059	0	0
1.0	0.0	2	4060	0	0
0.9910592945088608	0.00894070549113926	2	4061	0	0
1.0	0.0	2	4062	0	0
0.9938827922489811	0.006117207751018657	2	4063	0	0
1.0	0.0	2	4064	0	0
1.0	0.0	2	4065	0	0
1.0	0.0	2	4066	0	0
1.0	0.0	2	4067	0	0
1.0	0.0	2	4068	0	0
0.9772665393498543	0.02273346065014549	2	4069	0	0
1.0	0.0	2	4070	0	0
1.0	0.0	2	4071	0	0
1.0	0.0	2	4072	0	0
1.0	0.0	2	4073	0	0
1.0	0.0	2	4074	0	0
1.0	0.0	2	4075	0	0
1.0	0.0	2	4076	0	0
1.0	0.0	2	4077	0	0
1.0	0.0	2	4078	0	0
1.0	0.0	2	4079	0	0
1.0	0.0	2	4080	0	0
1.0	0.0	2	4081	0	0
0.9997447882149127	0.00025521178508726335	2	4082	0	0
0.9997447882149127	0.00025521178508726335	2	4083	0	0
1.0	0.0	2	4084	0	0
1.0	0.0	2	4085	0	0
1.0	0.0	2	4086	0	0
1.0	0.0	2	4087	0	0
1.0	0.0	2	4088	0	0
1.0	0.0	2	4089	0	0
0.9997447882149127	0.00025521178508726335	2	4090	0	0
0.9997447882149127	0.00025521178508726335	2	4091	0	0
1.0	0.0	2	4092	0	0
1.0	0.0	2	4093	0	0
1.0	0.0	2	4094	0	0
1.0	0.0	2	4095	0	0
1.0	0.0	2	4096	0	0
0.9741514759090867	0.02584852409091346	2	4097	0	0
1.0	0.0	2	4098	0	0
1.0	0.0	2	4099	0	0
0.9997447882149127	0.00025521178508726335	2	4100	0	0
1.0	0.0	2	4101	0	0
1.0	0.0	2	4102	0	0
1.0	0.0	2	4103	0	0
1.0	0.0	2	4104	0	0
1.0	0.0	2	4105	0	0
1.0	0.0	2	4106	0	0
1.0	0.0	2	4107	0	0
1.0	0.0	2	4108	0	0
1.0	0.0	2	4109	0	0
1.0	0.0	2	4110	0	0
1.0	0.0	2	4111	0	0
1.0	0.0	2	4112	0	0
0.9933873572043981	0.006612642795601979	2	4113	0	0
1.0	0.0	2	4114	0	0
1.0	0.0	2	4115	0	0
1.0	0.0	2	4116	0	0
1.0	0.0	2	4117	0	0
1.0	0.0	2	4118	0	0
1.0	0.0	2	4119	0	0
1.0	0.0	2	4120	0	0
1.0	0.0	2	4121	0	0
1.0	0.0	2	4122	0	0
1.0	0.0	2	4123	0	0
1.0	0.0	2	4124	0	0
1.0	0.0	2	4125	0	0
1.0	0.0	2	4126	0	0
0.9970918028430981	0.0029081971569018205	2	4127	0	0
1.0	0.0	2	4128	0	0
0.9970918028430981	0.0029081971569018205	2	4129	0	0
1.0	0.0	2	4130	0	0
1.0	0.0	2	4131	0	0
0.9997447882149127	0.00025521178508726335	2	4132	0	0
1.0	0.0	2	4133	0	0
1.0	0.0	2	4134	0	0
1.0	0.0	2	4135	0	0
1.0	0.0	2	4136	0	0
1.0	0.0	2	4137	0	0
1.0	0.0	2	4138	0	0
1.0	0.0	2	4139	0	0
1.0	0.0	2	4140	0	0
0.993451754784852	0.0065482452151479935	2	4141	0	0
1.0	0.0	2	4142	0	0
1.0	0.0	2	4143	0	0
0.9934223022520213	0.006577697747978646	2	4144	0	0
0.9934223022520213	0.006577697747978646	2	4145	0	0
1.0	0.0	2	4146	0	0
0.9972191809887545	0.0027808190112454906	2	4147	0	0
1.0	0.0	2	4148	0	0
1.0	0.0	2	4149	0	0
1.0	0.0	2	4150	0	0
1.0	0.0	2	4151	0	0
1.0	0.0	2	4152	0	0
1.0	0.0	2	4153	0	0
1.0	0.0	2	4154	0	0
1.0	0.0	2	4155	0	0
1.0	0.0	2	4156	0	0
1.0	0.0	2	4157	0	0
1.0	0.0	2	4158	0	0
1.0	0.0	2	4159	0	0
1.0	0.0	2	4160	0	0
1.0	0.0	2	4161	0	0
1.0	0.0	2	4162	0	0
1.0	0.0	2	4163	0	0
1.0	0.0	2	4164	0	0
1.0	0.0	2	4165	0	0
1.0	0.0	2	4166	0	0
1.0	0.0	2	4167	0	0
1.0	0.0	2	4168	0	0
1.0	0.0	2	4169	0	0
1.0	0.0	2	4170	0	0
1.0	0.0	2	4171	0	0
1.0	0.0	2	4172	0	0
1.0	0.0	2	4173	0	0
1.0	0.0	2	4174	0	0
1.0	0.0	2	4175	0	0
1.0	0.0	2	4176	0	0
1.0	0.0	2	4177	0	0
1.0	0.0	2	4178	0	0
1.0	0.0	2	4179	0	0
1.0	0.0	2	4180	0	0
1.0	0.0	2	4181	0	0
1.0	0.0	2	4182	0	0
1.0	0.0	2	4183	0	0
0.9178838665389634	0.08211613346103651	2	4184	0	0
1.0	0.0	2	4185	0	0
1.0	0.0	2	4186	0	0
1.0	0.0	2	4187	0	0
1.0	0.0	2	4188	0	0
1.0	0.0	2	4189	0	0
1.0	0.0	2	4190	0	0
0.9997447882149127	0.00025521178508726335	2	4191	0	0
1.0	0.0	2	4192	0	0
0.9997447882149127	0.00025521178508726335	2	4193	0	0
1.0	0.0	2	4194	0	0
1.0	0.0	2	4195	0	0
1.0	0.0	2	4196	0	0
1.0	0.0	2	4197	0	0
1.0	0.0	2	4198	0	0
1.0	0.0	2	4199	0	0
1.0	0.0	2	4200	0	0
1.0	0.0	2	4201	0	0
1.0	0.0	2	4202	0	0
1.0	0.0	2	4203	0	0
1.0	0.0	2	4204	0	0
1.0	0.0	2	4205	0	0
1.0	0.0	2	4206	0	0
1.0	0.0	2	4207	0	0
1.0	0.0	2	4208	0	0
1.0	0.0	2	4209	0	0
1.0	0.0	2	4210	0	0
0.9971606931439027	0.002839306856097299	2	4211	0	0
1.0	0.0	2	4212	0	0
1.0	0.0	2	4213	0	0
1.0	0.0	2	4214	0	0
0.9935671501569538	0.006432849843046101	2	4215	0	0
1.0	0.0	2	4216	0	0
1.0	0.0	2	4217	0	0
1.0	0.0	2	4218	0	0
1.0	0.0	2	4219	0	0
1.0	0.0	2	4220	0	0
1.0	0.0	2	4221	0	0
1.0	0.0	2	4222	0	0
1.0	0.0	2	4223	0	0
1.0	0.0	2	4224	0	0
1.0	0.0	2	4225	0	0
1.0	0.0	2	4226	0	0
0.9967312276519665	0.0032687723480333735	2	4227	0	0
1.0	0.0	2	4228	0	0
1.0	0.0	2	4229	0	0
0.9642498772695255	0.03575012273047466	2	4230	0	0
1.0	0.0	2	4231	0	0
1.0	0.0	2	4232	0	0
1.0	0.0	2	4233	0	0
1.0	0.0	2	4234	0	0
1.0	0.0	2	4235	0	0
0.9967312276519665	0.0032687723480333735	2	4236	0	0
0.9997447882149127	0.00025521178508726335	2	4237	0	0
1.0	0.0	2	4238	0	0
0.9997447882149127	0.00025521178508726335	2	4239	0	0
1.0	0.0	2	4240	0	0
1.0	0.0	2	4241	0	0
1.0	0.0	2	4242	0	0
0.9779670630708653	0.022032936929134567	2	4243	0	0
1.0	0.0	2	4244	0	0
0.9878026517550469	0.012197348244953148	2	4245	0	0
1.0	0.0	2	4246	0	0
1.0	0.0	2	4247	0	0
1.0	0.0	2	4248	0	0
1.0	0.0	2	4249	0	0
1.0	0.0	2	4250	0	0
1.0	0.0	2	4251	0	0
1.0	0.0	2	4252	0	0
1.0	0.0	2	4253	0	0
1.0	0.0	2	4254	0	0
1.0	0.0	2	4255	0	0
1.0	0.0	2	4256	0	0
0.9773360984523648	0.02266390154763523	2	4257	0	0
1.0	0.0	2	4258	0	0
1.0	0.0	2	4259	0	0
1.0	0.0	2	4260	0	0
1.0	0.0	2	4261	0	0
1.0	0.0	2	4262	0	0
1.0	0.0	2	4263	0	0
0.9938827922489811	0.006117207751018657	2	4264	0	0
0.9997447882149127	0.00025521178508726335	2	4265	0	0
0.9997447882149127	0.00025521178508726335	2	4266	0	0
1.0	0.0	2	4267	0	0
1.0	0.0	2	4268	0	0
0.9997447882149127	0.00025521178508726335	2	4269	0	0
1.0	0.0	2	4270	0	0
1.0	0.0	2	4271	0	0
1.0	0.0	2	4272	0	0
1.0	0.0	2	4273	0	0
1.0	0.0	2	4274	0	0
1.0	0.0	2	4275	0	0
1.0	0.0	2	4276	0	0
1.0	0.0	2	4277	0	0
1.0	0.0	2	4278	0	0
1.0	0.0	2	4279	0	0
1.0	0.0	2	4280	0	0
1.0	0.0	2	4281	0	0
0.8654207799649367	0.13457922003506337	2	4282	0	0
1.0	0.0	2	4283	0	0
0.9997447882149127	0.00025521178508726335	2	4284	0	0
1.0	0.0	2	4285	0	0
1.0	0.0	2	4286	0	0
1.0	0.0	2	4287	0	0
1.0	0.0	2	4288	0	0
0.7965289709482406	0.20347102905175915	2	4289	0	0
1.0	0.0	2	4290	0	0
1.0	0.0	2	4291	0	0
1.0	0.0	2	4292	0	0
1.0	0.0	2	4293	0	0
1.0	0.0	2	4294	0	0
1.0	0.0	2	4295	0	0
1.0	0.0	2	4296	0	0
1.0	0.0	2	4297	0	0
1.0	0.0	2	4298	0	0
1.0	0.0	2	4299	0	0
1.0	0.0	2	4300	0	0
1.0	0.0	2	4301	0	0
1.0	0.0	2	4302	0	0
1.0	0.0	2	4303	0	0
1.0	0.0	2	4304	0	0
1.0	0.0	2	4305	0	0
1.0	0.0	2	4306	0	0
1.0	0.0	2	4307	0	0
1.0	0.0	2	4308	0	0
1.0	0.0	2	4309	0	0
1.0	0.0	2	4310	0	0
1.0	0.0	2	4311	0	0
1.0	0.0	2	4312	0	0
0.9942223204965391	0.005777679503460845	2	4313	0	0
1.0	0.0	2	4314	0	0
1.0	0.0	2	4315	0	0
1.0	0.0	2	4316	0	0
1.0	0.0	2	4317	0	0
1.0	0.0	2	4318	0	0
1.0	0.0	2	4319	0	0
1.0	0.0	2	4320	0	0
1.0	0.0	2	4321	0	0
0.9969251605370695	0.0030748394629305275	2	4322	0	0
1.0	0.0	2	4323	0	0
1.0	0.0	2	4324	0	0
1.0	0.0	2	4325	0	0
1.0	0.0	2	4326	0	0
1.0	0.0	2	4327	0	0
1.0	0.0	2	4328	0	0
1.0	0.0	2	4329	0	0
1.0	0.0	2	4330	0	0
1.0	0.0	2	4331	0	0
1.0	0.0	2	4332	0	0
1.0	0.0	2	4333	0	0
1.0	0.0	2	4334	0	0
1.0	0.0	2	4335	0	0
1.0	0.0	2	4336	0	0
1.0	0.0	2	4337	0	0
1.0	0.0	2	4338	0	0
1.0	0.0	2	4339	0	0
1.0	0.0	2	4340	0	0
1.0	0.0	2	4341	0	0
1.0	0.0	2	4342	0	0
0.8955836759420922	0.10441632405790771	2	4343	0	0
0.9878829742965153	0.012117025703484724	2	4344	0	0
1.0	0.0	2	4345	0	0
1.0	0.0	2	4346	0	0
1.0	0.0	2	4347	0	0
1.0	0.0	2	4348	0	0
0.9943724472256762	0.00562755277432376	2	4349	0	0
1.0	0.0	2	4350	0	0
1.0	0.0	2	4351	0	0
1.0	0.0	2	4352	0	0
1.0	0.0	2	4353	0	0
1.0	0.0	2	4354	0	0
1.0	0.0	2	4355	0	0
1.0	0.0	2	4356	0	0
1.0	0.0	2	4357	0	0
1.0	0.0	2	4358	0	0
1.0	0.0	2	4359	0	0
1.0	0.0	2	4360	0	0
1.0	0.0	2	4361	0	0
1.0	0.0	2	4362	0	0
1.0	0.0	2	4363	0	0
1.0	0.0	2	4364	0	0
1.0	0.0	2	4365	0	0
1.0	0.0	2	4366	0	0
1.0	0.0	2	4367	0	0
1.0	0.0	2	4368	0	0
1.0	0.0	2	4369	0	0
1.0	0.0	2	4370	0	0
1.0	0.0	2	4371	0	0
1.0	0.0	2	4372	0	0
1.0	0.0	2	4373	0	0
1.0	0.0	2	4374	0	0
1.0	0.0	2	4375	0	0
1.0	0.0	2	4376	0	0
1.0	0.0	2	4377	0	0
1.0	0.0	2	4378	0	0
1.0	0.0	2	4379	0	0
1.0	0.0	2	4380	0	0
1.0	0.0	2	4381	0	0
1.0	0.0	2	4382	0	0
1.0	0.0	2	4383	0	0
1.0	0.0	2	4384	0	0
1.0	0.0	2	4385	0	0
1.0	0.0	2	4386	0	0
1.0	0.0	2	4387	0	0
1.0	0.0	2	4388	0	0
1.0	0.0	2	4389	0	0
1.0	0.0	2	4390	0	0
1.0	0.0	2	4391	0	0
1.0	0.0	2	4392	0	0
1.0	0.0	2	4393	0	0
1.0	0.0	2	4394	0	0
1.0	0.0	2	4395	0	0
1.0	0.0	2	4396	0	0
1.0	0.0	2	4397	0	0
1.0	0.0	2	4398	0	0
1.0	0.0	2	4399	0	0
1.0	0.0	2	4400	0	0
1.0	0.0	2	4401	0	0
1.0	0.0	2	4402	0	0
1.0	0.0	2	4403	0	0
0.9997447882149127	0.00025521178508726335	2	4404	0	0
1.0	0.0	2	4405	0	0
1.0	0.0	2	4406	0	0
1.0	0.0	2	4407	0	0
1.0	0.0	2	4408	0	0
1.0	0.0	2	4409	0	0
1.0	0.0	2	4410	0	0
1.0	0.0	2	4411	0	0
1.0	0.0	2	4412	0	0
0.9934115641141368	0.006588435885863297	2	4413	0	0
1.0	0.0	2	4414	0	0
1.0	0.0	2	4415	0	0
1.0	0.0	2	4416	0	0
1.0	0.0	2	4417	0	0
1.0	0.0	2	4418	0	0
1.0	0.0	2	4419	0	0
1.0	0.0	2	4420	0	0
1.0	0.0	2	4421	0	0
1.0	0.0	2	4422	0	0
0.9875156253424752	0.01248437465752496	2	4423	0	0
0.9997447882149127	0.00025521178508726335	2	4424	0	0
0.9997447882149127	0.00025521178508726335	2	4425	0	0
1.0	0.0	2	4426	0	0
1.0	0.0	2	4427	0	0
1.0	0.0	2	4428	0	0
1.0	0.0	2	4429	0	0
1.0	0.0	2	4430	0	0
1.0	0.0	2	4431	0	0
1.0	0.0	2	4432	0	0
1.0	0.0	2	4433	0	0
1.0	0.0	2	4434	0	0
1.0	0.0	2	4435	0	0
1.0	0.0	2	4436	0	0
0.6112187870769594	0.38878121292304046	2	4437	0	0
1.0	0.0	2	4438	0	0
1.0	0.0	2	4439	0	0
1.0	0.0	2	4440	0	0
1.0	0.0	2	4441	0	0
1.0	0.0	2	4442	0	0
1.0	0.0	2	4443	0	0
1.0	0.0	2	4444	0	0
1.0	0.0	2	4445	0	0
1.0	0.0	2	4446	0	0
1.0	0.0	2	4447	0	0
1.0	0.0	2	4448	0	0
1.0	0.0	2	4449	0	0
1.0	0.0	2	4450	0	0
1.0	0.0	2	4451	0	0
1.0	0.0	2	4452	0	0
1.0	0.0	2	4453	0	0
1.0	0.0	2	4454	0	0
1.0	0.0	2	4455	0	0
1.0	0.0	2	4456	0	0
1.0	0.0	2	4457	0	0
0.9875792855730087	0.012420714426991287	2	4458	0	0
1.0	0.0	2	4459	0	0
1.0	0.0	2	4460	0	0
1.0	0.0	2	4461	0	0
1.0	0.0	2	4462	0	0
1.0	0.0	2	4463	0	0
1.0	0.0	2	4464	0	0
1.0	0.0	2	4465	0	0
1.0	0.0	2	4466	0	0
0.9869869764983349	0.013013023501665305	2	4467	0	0
1.0	0.0	2	4468	0	0
1.0	0.0	2	4469	0	0
1.0	0.0	2	4470	0	0
1.0	0.0	2	4471	0	0
1.0	0.0	2	4472	0	0
1.0	0.0	2	4473	0	0
1.0	0.0	2	4474	0	0
1.0	0.0	2	4475	0	0
1.0	0.0	2	4476	0	0
1.0	0.0	2	4477	0	0
1.0	0.0	2	4478	0	0
1.0	0.0	2	4479	0	0
1.0	0.0	2	4480	0	0
1.0	0.0	2	4481	0	0
1.0	0.0	2	4482	0	0
1.0	0.0	2	4483	0	0
0.9640784994545099	0.035921500545489975	2	4484	0	0
1.0	0.0	2	4485	0	0
1.0	0.0	2	4486	0	0
1.0	0.0	2	4487	0	0
1.0	0.0	2	4488	0	0
1.0	0.0	2	4489	0	0
0.9968479877200556	0.003152012279944355	2	4490	0	0
0.9997447882149127	0.00025521178508726335	2	4491	0	0
0.9997447882149127	0.00025521178508726335	2	4492	0	0
1.0	0.0	2	4493	0	0
1.0	0.0	2	4494	0	0
1.0	0.0	2	4495	0	0
1.0	0.0	2	4496	0	0
1.0	0.0	2	4497	0	0
1.0	0.0	2	4498	0	0
1.0	0.0	2	4499	0	0
1.0	0.0	2	4500	0	0
0.993589059148627	0.0064109408513729265	2	4501	0	0
1.0	0.0	2	4502	0	0
1.0	0.0	2	4503	0	0
1.0	0.0	2	4504	0	0
1.0	0.0	2	4505	0	0
1.0	0.0	2	4506	0	0
1.0	0.0	2	4507	0	0
1.0	0.0	2	4508	0	0
0.9997447882149127	0.00025521178508726335	2	4509	0	0
0.9997447882149127	0.00025521178508726335	2	4510	0	0
0.9943724472256762	0.00562755277432376	2	4511	0	0
1.0	0.0	2	4512	0	0
1.0	0.0	2	4513	0	0
1.0	0.0	2	4514	0	0
0.9938396543403456	0.0061603456596542915	2	4515	0	0
1.0	0.0	2	4516	0	0
0.9997447882149127	0.00025521178508726335	2	4517	0	0
0.9997447882149127	0.00025521178508726335	2	4518	0	0
1.0	0.0	2	4519	0	0
1.0	0.0	2	4520	0	0
1.0	0.0	2	4521	0	0
1.0	0.0	2	4522	0	0
1.0	0.0	2	4523	0	0
1.0	0.0	2	4524	0	0
1.0	0.0	2	4525	0	0
1.0	0.0	2	4526	0	0
1.0	0.0	2	4527	0	0
1.0	0.0	2	4528	0	0
1.0	0.0	2	4529	0	0
1.0	0.0	2	4530	0	0
1.0	0.0	2	4531	0	0
0.9967371451260671	0.0032628548739328965	2	4532	0	0
0.9838833947355087	0.016116605264491345	2	4533	0	0
0.993613568294212	0.006386431705788118	2	4534	0	0
0.993404564835716	0.006595435164283923	2	4535	0	0
1.0	0.0	2	4536	0	0
0.993404564835716	0.006595435164283923	2	4537	0	0
0.9934572652908518	0.00654273470914826	2	4538	0	0
1.0	0.0	2	4539	0	0
0.9934572652908518	0.00654273470914826	2	4540	0	0
0.010968444178992186	0.989031555821008	2	4541	1	1
0.9966878627302549	0.0033121372697451426	2	4542	0	0
1.0	0.0	2	4543	0	0
1.0	0.0	2	4544	0	0
0.9572811283704603	0.04271887162953986	2	4545	0	0
1.0	0.0	2	4546	0	0
0.9967083019814398	0.003291698018560321	2	4547	0	0
1.0	0.0	2	4548	0	0
0.9902358366616231	0.009764163338376989	2	4549	0	0
1.0	0.0	2	4550	0	0
1.0	0.0	2	4551	0	0
1.0	0.0	2	4552	0	0
1.0	0.0	2	4553	0	0
1.0	0.0	2	4554	0	0
0.998748857404022	0.0012511425959780623	2	4555	0	0
1.0	0.0	2	4556	0	0
0.998748857404022	0.0012511425959780623	2	4557	0	0
1.0	0.0	2	4558	0	0
1.0	0.0	2	4559	0	0
1.0	0.0	2	4560	0	0
1.0	0.0	2	4561	0	0
1.0	0.0	2	4562	0	0
1.0	0.0	2	4563	0	0
1.0	0.0	2	4564	0	0
0.9968134898670629	0.003186510132937144	2	4565	0	0
0.9968134898670629	0.003186510132937144	2	4566	0	0
1.0	0.0	2	4567	0	0
0.9966868503380765	0.003313149661923504	2	4568	0	0
1.0	0.0	2	4569	0	0
1.0	0.0	2	4570	0	0
1.0	0.0	2	4571	0	0
1.0	0.0	2	4572	0	0
1.0	0.0	2	4573	0	0
1.0	0.0	2	4574	0	0
1.0	0.0	2	4575	0	0
1.0	0.0	2	4576	0	0
1.0	0.0	2	4577	0	0
1.0	0.0	2	4578	0	0
0.9997447882149127	0.00025521178508726335	2	4579	0	0
1.0	0.0	2	4580	0	0
1.0	0.0	2	4581	0	0
1.0	0.0	2	4582	0	0
1.0	0.0	2	4583	0	0
0.9987061041715767	0.0012938958284232833	2	4584	0	0
1.0	0.0	2	4585	0	0
0.9987061041715767	0.0012938958284232833	2	4586	0	0
0.9966815122222783	0.0033184877777215445	2	4587	0	0
0.9966815122222783	0.0033184877777215445	2	4588	0	0
1.0	0.0	2	4589	0	0
0.9997447882149127	0.00025521178508726335	2	4590	0	0
0.9997447882149127	0.00025521178508726335	2	4591	0	0
0.9997447882149127	0.00025521178508726335	2	4592	0	0
0.9969039883222678	0.00309601167773226	2	4593	0	0
1.0	0.0	2	4594	0	0
1.0	0.0	2	4595	0	0
0.970397913011761	0.029602086988239112	2	4596	0	0
0.9967827577761451	0.0032172422238550082	2	4597	0	0
1.0	0.0	2	4598	0	0
0.9934875368744853	0.0065124631255149045	2	4599	0	0
1.0	0.0	2	4600	0	0
1.0	0.0	2	4601	0	0
1.0	0.0	2	4602	0	0
1.0	0.0	2	4603	0	0
1.0	0.0	2	4604	0	0
0.8552869349015059	0.14471306509849435	2	4605	0	0
1.0	0.0	2	4606	0	0
1.0	0.0	2	4607	0	0
1.0	0.0	2	4608	0	0
1.0	0.0	2	4609	0	0
1.0	0.0	2	4610	0	0
1.0	0.0	2	4611	0	0
1.0	0.0	2	4612	0	0
0.9933866055742165	0.006613394425783664	2	4613	0	0
1.0	0.0	2	4614	0	0
1.0	0.0	2	4615	0	0
1.0	0.0	2	4616	0	0
1.0	0.0	2	4617	0	0
1.0	0.0	2	4618	0	0
1.0	0.0	2	4619	0	0
1.0	0.0	2	4620	0	0
0.9966777727295674	0.0033222272704326317	2	4621	1	0
0.9769586661179784	0.02304133388202161	2	4622	0	0
1.0	0.0	2	4623	0	0
1.0	0.0	2	4624	0	0
1.0	0.0	2	4625	0	0
1.0	0.0	2	4626	0	0
1.0	0.0	2	4627	0	0
0.998748857404022	0.0012511425959780623	2	4628	0	0
0.998748857404022	0.0012511425959780623	2	4629	0	0
1.0	0.0	2	4630	0	0
1.0	0.0	2	4631	0	0
1.0	0.0	2	4632	0	0
1.0	0.0	2	4633	0	0
1.0	0.0	2	4634	0	0
1.0	0.0	2	4635	0	0
0.9933927598746447	0.006607240125355202	2	4636	0	0
0.18647131672406556	0.8135286832759344	2	4637	1	1
1.0	0.0	2	4638	0	0
1.0	0.0	2	4639	0	0
1.0	0.0	2	4640	0	0
0.21423761795355664	0.7857623820464431	2	4641	1	1
1.0	0.0	2	4642	0	0
1.0	0.0	2	4643	0	0
1.0	0.0	2	4644	0	0
1.0	0.0	2	4645	0	0
1.0	0.0	2	4646	0	0
1.0	0.0	2	4647	0	0
1.0	0.0	2	4648	0	0
1.0	0.0	2	4649	0	0
1.0	0.0	2	4650	0	0
1.0	0.0	2	4651	0	0
0.9997447882149127	0.00025521178508726335	2	4652	0	0
1.0	0.0	2	4653	0	0
0.9997447882149127	0.00025521178508726335	2	4654	0	0
1.0	0.0	2	4655	0	0
1.0	0.0	2	4656	0	0
1.0	0.0	2	4657	0	0
1.0	0.0	2	4658	0	0
1.0	0.0	2	4659	0	0
1.0	0.0	2	4660	0	0
1.0	0.0	2	4661	0	0
1.0	0.0	2	4662	0	0
1.0	0.0	2	4663	0	0
1.0	0.0	2	4664	0	0
0.9603318804434096	0.03966811955659065	2	4665	0	0
1.0	0.0	2	4666	0	0
1.0	0.0	2	4667	0	0
1.0	0.0	2	4668	0	0
1.0	0.0	2	4669	0	0
1.0	0.0	2	4670	0	0
1.0	0.0	2	4671	0	0
1.0	0.0	2	4672	0	0
1.0	0.0	2	4673	0	0
0.9969439025832003	0.0030560974167996666	2	4674	0	0
1.0	0.0	2	4675	0	0
1.0	0.0	2	4676	0	0
1.0	0.0	2	4677	0	0
1.0	0.0	2	4678	0	0
1.0	0.0	2	4679	0	0
1.0	0.0	2	4680	0	0
1.0	0.0	2	4681	0	0
1.0	0.0	2	4682	0	0
1.0	0.0	2	4683	0	0
0.9973974663499604	0.0026025336500395883	2	4684	0	0
1.0	0.0	2	4685	0	0
1.0	0.0	2	4686	0	0
1.0	0.0	2	4687	0	0
1.0	0.0	2	4688	0	0
1.0	0.0	2	4689	0	0
1.0	0.0	2	4690	0	0
1.0	0.0	2	4691	0	0
1.0	0.0	2	4692	0	0
1.0	0.0	2	4693	0	0
1.0	0.0	2	4694	0	0
1.0	0.0	2	4695	0	0
1.0	0.0	2	4696	0	0
1.0	0.0	2	4697	0	0
1.0	0.0	2	4698	0	0
1.0	0.0	2	4699	0	0
1.0	0.0	2	4700	0	0
1.0	0.0	2	4701	0	0
1.0	0.0	2	4702	0	0
1.0	0.0	2	4703	0	0
0.9966964723637048	0.0033035276362950385	2	4704	0	0
0.9966964723637048	0.0033035276362950385	2	4705	0	0
1.0	0.0	2	4706	0	0
1.0	0.0	2	4707	0	0
1.0	0.0	2	4708	0	0
1.0	0.0	2	4709	0	0
1.0	0.0	2	4710	0	0
1.0	0.0	2	4711	0	0
1.0	0.0	2	4712	0	0
1.0	0.0	2	4713	0	0
1.0	0.0	2	4714	0	0
1.0	0.0	2	4715	0	0
1.0	0.0	2	4716	0	0
1.0	0.0	2	4717	0	0
1.0	0.0	2	4718	0	0
1.0	0.0	2	4719	0	0
0.9968479877200556	0.003152012279944355	2	4720	0	0
1.0	0.0	2	4721	0	0
1.0	0.0	2	4722	0	0
1.0	0.0	2	4723	0	0
1.0	0.0	2	4724	0	0
1.0	0.0	2	4725	0	0
1.0	0.0	2	4726	0	0
1.0	0.0	2	4727	0	0
1.0	0.0	2	4728	0	0
1.0	0.0	2	4729	0	0
1.0	0.0	2	4730	0	0
1.0	0.0	2	4731	0	0
1.0	0.0	2	4732	0	0
1.0	0.0	2	4733	0	0
1.0	0.0	2	4734	0	0
1.0	0.0	2	4735	0	0
1.0	0.0	2	4736	0	0
1.0	0.0	2	4737	0	0
1.0	0.0	2	4738	0	0
1.0	0.0	2	4739	0	0
1.0	0.0	2	4740	0	0
1.0	0.0	2	4741	0	0
0.9987061041715767	0.0012938958284232833	2	4742	0	0
0.9987061041715767	0.0012938958284232833	2	4743	0	0
1.0	0.0	2	4744	0	0
0.990138633977717	0.009861366022282944	2	4745	0	0
1.0	0.0	2	4746	0	0
1.0	0.0	2	4747	0	0
1.0	0.0	2	4748	0	0
1.0	0.0	2	4749	0	0
0.9938827922489811	0.006117207751018657	2	4750	0	0
0.9987061041715767	0.0012938958284232833	2	4751	0	0
0.9987061041715767	0.0012938958284232833	2	4752	0	0
1.0	0.0	2	4753	0	0
1.0	0.0	2	4754	0	0
0.9997447882149127	0.00025521178508726335	2	4755	0	0
1.0	0.0	2	4756	0	0
1.0	0.0	2	4757	0	0
1.0	0.0	2	4758	0	0
1.0	0.0	2	4759	0	0
1.0	0.0	2	4760	0	0
1.0	0.0	2	4761	0	0
1.0	0.0	2	4762	0	0
1.0	0.0	2	4763	0	0
1.0	0.0	2	4764	0	0
0.993477068484079	0.006522931515920929	2	4765	0	0
1.0	0.0	2	4766	0	0
1.0	0.0	2	4767	0	0
1.0	0.0	2	4768	0	0
1.0	0.0	2	4769	0	0
1.0	0.0	2	4770	0	0
0.9969439025832003	0.0030560974167996666	2	4771	0	0
0.9935751993271426	0.006424800672857372	2	4772	0	0
0.99563720944798	0.004362790552019936	2	4773	0	0
1.0	0.0	2	4774	0	0
1.0	0.0	2	4775	0	0
1.0	0.0	2	4776	0	0
1.0	0.0	2	4777	0	0
1.0	0.0	2	4778	0	0
1.0	0.0	2	4779	0	0
1.0	0.0	2	4780	0	0
1.0	0.0	2	4781	0	0
1.0	0.0	2	4782	0	0
1.0	0.0	2	4783	0	0
1.0	0.0	2	4784	0	0
1.0	0.0	2	4785	0	0
1.0	0.0	2	4786	0	0
1.0	0.0	2	4787	0	0
1.0	0.0	2	4788	0	0
1.0	0.0	2	4789	0	0
1.0	0.0	2	4790	0	0
0.8648179199810124	0.13518208001898768	2	4791	0	0
0.9867511248025314	0.01324887519746862	2	4792	0	0
1.0	0.0	2	4793	0	0
0.9867511248025314	0.01324887519746862	2	4794	0	0
0.9835308218670631	0.016469178132936992	2	4795	0	0
0.9835308218670631	0.016469178132936992	2	4796	0	0
0.9967439900867411	0.003256009913258984	2	4797	0	0
0.8881107505828852	0.11188924941711487	2	4798	0	0
0.9902753502404262	0.009724649759573859	2	4799	0	0
1.0	0.0	2	4800	0	0
0.9934236318637818	0.006576368136218165	2	4801	0	0
0.973557280649004	0.02644271935099624	2	4802	0	0
1.0	0.0	2	4803	0	0
1.0	0.0	2	4804	0	0
1.0	0.0	2	4805	0	0
1.0	0.0	2	4806	0	0
1.0	0.0	2	4807	0	0
1.0	0.0	2	4808	0	0
1.0	0.0	2	4809	0	0
1.0	0.0	2	4810	0	0
1.0	0.0	2	4811	0	0
0.998748857404022	0.0012511425959780623	2	4812	0	0
0.998748857404022	0.0012511425959780623	2	4813	0	0
0.9972347050408147	0.002765294959185391	2	4814	0	0
1.0	0.0	2	4815	0	0
1.0	0.0	2	4816	0	0
1.0	0.0	2	4817	0	0
1.0	0.0	2	4818	0	0
1.0	0.0	2	4819	0	0
1.0	0.0	2	4820	0	0
1.0	0.0	2	4821	0	0
1.0	0.0	2	4822	0	0
1.0	0.0	2	4823	0	0
1.0	0.0	2	4824	0	0
1.0	0.0	2	4825	0	0
1.0	0.0	2	4826	0	0
1.0	0.0	2	4827	0	0
1.0	0.0	2	4828	0	0
1.0	0.0	2	4829	0	0
1.0	0.0	2	4830	0	0
1.0	0.0	2	4831	0	0
1.0	0.0	2	4832	0	0
1.0	0.0	2	4833	0	0
1.0	0.0	2	4834	0	0
1.0	0.0	2	4835	0	0
1.0	0.0	2	4836	0	0
1.0	0.0	2	4837	0	0
1.0	0.0	2	4838	0	0
0.43736325420344857	0.5626367457965513	2	4839	0	1
1.0	0.0	2	4840	0	0
1.0	0.0	2	4841	0	0
1.0	0.0	2	4842	0	0
1.0	0.0	2	4843	0	0
1.0	0.0	2	4844	0	0
1.0	0.0	2	4845	0	0
1.0	0.0	2	4846	0	0
1.0	0.0	2	4847	0	0
1.0	0.0	2	4848	0	0
1.0	0.0	2	4849	0	0
1.0	0.0	2	4850	0	0
1.0	0.0	2	4851	0	0
1.0	0.0	2	4852	0	0
1.0	0.0	2	4853	0	0
1.0	0.0	2	4854	0	0
1.0	0.0	2	4855	0	0
1.0	0.0	2	4856	0	0
1.0	0.0	2	4857	0	0
1.0	0.0	2	4858	0	0
1.0	0.0	2	4859	0	0
1.0	0.0	2	4860	0	0
1.0	0.0	2	4861	0	0
1.0	0.0	2	4862	0	0
1.0	0.0	2	4863	0	0
1.0	0.0	2	4864	0	0
1.0	0.0	2	4865	0	0
1.0	0.0	2	4866	0	0
1.0	0.0	2	4867	0	0
1.0	0.0	2	4868	0	0
1.0	0.0	2	4869	0	0
1.0	0.0	2	4870	0	0
1.0	0.0	2	4871	0	0
1.0	0.0	2	4872	0	0
1.0	0.0	2	4873	0	0
1.0	0.0	2	4874	0	0
1.0	0.0	2	4875	0	0
1.0	0.0	2	4876	0	0
1.0	0.0	2	4877	0	0
1.0	0.0	2	4878	0	0
1.0	0.0	2	4879	0	0
1.0	0.0	2	4880	0	0
0.9933845695772405	0.006615430422759298	2	4881	0	0
1.0	0.0	2	4882	0	0
1.0	0.0	2	4883	0	0
1.0	0.0	2	4884	0	0
1.0	0.0	2	4885	0	0
1.0	0.0	2	4886	0	0
1.0	0.0	2	4887	0	0
1.0	0.0	2	4888	0	0
1.0	0.0	2	4889	0	0
1.0	0.0	2	4890	0	0
1.0	0.0	2	4891	0	0
0.9973974663499604	0.0026025336500395883	2	4892	0	0
1.0	0.0	2	4893	0	0
1.0	0.0	2	4894	0	0
1.0	0.0	2	4895	0	0
1.0	0.0	2	4896	0	0
1.0	0.0	2	4897	0	0
1.0	0.0	2	4898	0	0
0.9972191809887545	0.0027808190112454906	2	4899	0	0
1.0	0.0	2	4900	0	0
1.0	0.0	2	4901	0	0
1.0	0.0	2	4902	0	0
1.0	0.0	2	4903	0	0
0.9836153987490492	0.016384601250950828	2	4904	0	0
1.0	0.0	2	4905	0	0
1.0	0.0	2	4906	0	0
1.0	0.0	2	4907	0	0
1.0	0.0	2	4908	0	0
1.0	0.0	2	4909	0	0
1.0	0.0	2	4910	0	0
1.0	0.0	2	4911	0	0
0.9971395662189767	0.0028604337810231666	2	4912	0	0
0.9521006363248748	0.0478993636751254	2	4913	0	0
1.0	0.0	2	4914	0	0
1.0	0.0	2	4915	0	0
1.0	0.0	2	4916	0	0
1.0	0.0	2	4917	0	0
0.2137761316179539	0.7862238683820463	2	4918	1	1
1.0	0.0	2	4919	0	0
0.9997447882149127	0.00025521178508726335	2	4920	0	0
0.9997447882149127	0.00025521178508726335	2	4921	0	0
1.0	0.0	2	4922	0	0
1.0	0.0	2	4923	0	0
1.0	0.0	2	4924	0	0
1.0	0.0	2	4925	0	0
1.0	0.0	2	4926	0	0
1.0	0.0	2	4927	0	0
1.0	0.0	2	4928	0	0
1.0	0.0	2	4929	0	0
1.0	0.0	2	4930	0	0
1.0	0.0	2	4931	0	0
1.0	0.0	2	4932	0	0
1.0	0.0	2	4933	0	0
1.0	0.0	2	4934	0	0
1.0	0.0	2	4935	0	0
1.0	0.0	2	4936	0	0
1.0	0.0	2	4937	0	0
1.0	0.0	2	4938	0	0
1.0	0.0	2	4939	0	0
1.0	0.0	2	4940	0	0
1.0	0.0	2	4941	0	0
1.0	0.0	2	4942	0	0
1.0	0.0	2	4943	0	0
0.9972191809887545	0.0027808190112454906	2	4944	0	0
1.0	0.0	2	4945	0	0
0.9645101854198564	0.03548981458014357	2	4946	0	0
1.0	0.0	2	4947	0	0
1.0	0.0	2	4948	0	0
1.0	0.0	2	4949	0	0
0.8000748439005434	0.19992515609945702	2	4950	0	0
1.0	0.0	2	4951	0	0
1.0	0.0	2	4952	0	0
1.0	0.0	2	4953	0	0
1.0	0.0	2	4954	0	0
1.0	0.0	2	4955	0	0
1.0	0.0	2	4956	0	0
1.0	0.0	2	4957	0	0
1.0	0.0	2	4958	0	0
1.0	0.0	2	4959	0	0
1.0	0.0	2	4960	0	0
1.0	0.0	2	4961	0	0
1.0	0.0	2	4962	0	0
1.0	0.0	2	4963	0	0
1.0	0.0	2	4964	0	0
1.0	0.0	2	4965	0	0
0.9997447882149127	0.00025521178508726335	2	4966	0	0
1.0	0.0	2	4967	0	0
0.9997447882149127	0.00025521178508726335	2	4968	0	0
1.0	0.0	2	4969	0	0
1.0	0.0	2	4970	0	0
1.0	0.0	2	4971	0	0
1.0	0.0	2	4972	0	0
1.0	0.0	2	4973	0	0
1.0	0.0	2	4974	0	0
1.0	0.0	2	4975	0	0
1.0	0.0	2	4976	0	0
0.9901947014332189	0.009805298566781119	2	4977	0	0
1.0	0.0	2	4978	0	0
1.0	0.0	2	4979	0	0
1.0	0.0	2	4980	0	0
1.0	0.0	2	4981	0	0
1.0	0.0	2	4982	0	0
1.0	0.0	2	4983	0	0
1.0	0.0	2	4984	0	0
1.0	0.0	2	4985	0	0
1.0	0.0	2	4986	0	0
1.0	0.0	2	4987	0	0
1.0	0.0	2	4988	0	0
1.0	0.0	2	4989	0	0
1.0	0.0	2	4990	0	0
0.9933451172499705	0.0066548827500294595	2	4991	0	0
1.0	0.0	2	4992	0	0
1.0	0.0	2	4993	0	0
1.0	0.0	2	4994	0	0
1.0	0.0	2	4995	0	0
0.9901379112232165	0.009862088776783502	2	4996	0	0
1.0	0.0	2	4997	0	0
0.9901379112232165	0.009862088776783502	2	4998	0	0
1.0	0.0	2	4999	0	0
1.0	0.0	2	5000	0	0
1.0	0.0	2	5001	0	0
1.0	0.0	2	5002	0	0
1.0	0.0	2	5003	0	0
1.0	0.0	2	5004	0	0
1.0	0.0	2	5005	0	0
1.0	0.0	2	5006	0	0
1.0	0.0	2	5007	0	0
1.0	0.0	2	5008	0	0
1.0	0.0	2	5009	0	0
0.9370490060715109	0.06295099392848925	2	5010	0	0
0.998748857404022	0.0012511425959780623	2	5011	0	0
1.0	0.0	2	5012	0	0
0.998748857404022	0.0012511425959780623	2	5013	0	0
1.0	0.0	2	5014	0	0
1.0	0.0	2	5015	0	0
1.0	0.0	2	5016	0	0
0.9966666666666667	0.0033333333333333335	2	5017	0	0
0.9966666666666667	0.0033333333333333335	2	5018	0	0
1.0	0.0	2	5019	0	0
1.0	0.0	2	5020	0	0
1.0	0.0	2	5021	0	0
1.0	0.0	2	5022	0	0
1.0	0.0	2	5023	0	0
1.0	0.0	2	5024	0	0
0.9901018861208236	0.009898113879176431	2	5025	0	0
1.0	0.0	2	5026	0	0
0.9640079967290467	0.03599200327095328	2	5027	0	0
1.0	0.0	2	5028	0	0
1.0	0.0	2	5029	0	0
1.0	0.0	2	5030	0	0
0.9966666666666667	0.0033333333333333335	2	5031	0	0
0.9966666666666667	0.0033333333333333335	2	5032	0	0
1.0	0.0	2	5033	0	0
1.0	0.0	2	5034	0	0
1.0	0.0	2	5035	0	0
1.0	0.0	2	5036	0	0
1.0	0.0	2	5037	0	0
1.0	0.0	2	5038	0	0
1.0	0.0	2	5039	0	0
1.0	0.0	2	5040	0	0
1.0	0.0	2	5041	0	0
1.0	0.0	2	5042	0	0
1.0	0.0	2	5043	0	0
1.0	0.0	2	5044	0	0
0.998748857404022	0.0012511425959780623	2	5045	0	0
0.998748857404022	0.0012511425959780623	2	5046	0	0
0.9974747067519054	0.0025252932480946074	2	5047	0	0
1.0	0.0	2	5048	0	0
1.0	0.0	2	5049	0	0
0.998748857404022	0.0012511425959780623	2	5050	0	0
0.998748857404022	0.0012511425959780623	2	5051	0	0
1.0	0.0	2	5052	0	0
1.0	0.0	2	5053	0	0
1.0	0.0	2	5054	0	0
1.0	0.0	2	5055	0	0
1.0	0.0	2	5056	0	0
1.0	0.0	2	5057	0	0
1.0	0.0	2	5058	0	0
1.0	0.0	2	5059	0	0
1.0	0.0	2	5060	0	0
0.998748857404022	0.0012511425959780623	2	5061	0	0
1.0	0.0	2	5062	0	0
0.998748857404022	0.0012511425959780623	2	5063	0	0
1.0	0.0	2	5064	0	0
0.9969039883222678	0.00309601167773226	2	5065	0	0
0.9969039883222678	0.00309601167773226	2	5066	0	0
1.0	0.0	2	5067	0	0
0.9934015345268542	0.006598465473145781	2	5068	0	0
1.0	0.0	2	5069	0	0
1.0	0.0	2	5070	0	0
1.0	0.0	2	5071	0	0
1.0	0.0	2	5072	0	0
1.0	0.0	2	5073	0	0
1.0	0.0	2	5074	0	0
1.0	0.0	2	5075	0	0
1.0	0.0	2	5076	0	0
1.0	0.0	2	5077	0	0
1.0	0.0	2	5078	0	0
1.0	0.0	2	5079	0	0
1.0	0.0	2	5080	0	0
0.9974747067519054	0.0025252932480946074	2	5081	0	0
1.0	0.0	2	5082	0	0
0.9910437045390151	0.008956295460984774	2	5083	0	0
1.0	0.0	2	5084	0	0
1.0	0.0	2	5085	0	0
1.0	0.0	2	5086	0	0
1.0	0.0	2	5087	0	0
0.9935201149425287	0.006479885057471263	2	5088	0	0
0.9997447882149127	0.00025521178508726335	2	5089	0	0
0.9997447882149127	0.00025521178508726335	2	5090	0	0
1.0	0.0	2	5091	0	0
1.0	0.0	2	5092	0	0
1.0	0.0	2	5093	0	0
1.0	0.0	2	5094	0	0
1.0	0.0	2	5095	0	0
1.0	0.0	2	5096	0	0
0.9997447882149127	0.00025521178508726335	2	5097	0	0
1.0	0.0	2	5098	0	0
0.9997447882149127	0.00025521178508726335	2	5099	0	0
0.9997447882149127	0.00025521178508726335	2	5100	0	0
1.0	0.0	2	5101	0	0
1.0	0.0	2	5102	0	0
1.0	0.0	2	5103	0	0
1.0	0.0	2	5104	0	0
1.0	0.0	2	5105	0	0
1.0	0.0	2	5106	0	0
1.0	0.0	2	5107	0	0
1.0	0.0	2	5108	0	0
1.0	0.0	2	5109	0	0
1.0	0.0	2	5110	0	0
1.0	0.0	2	5111	0	0
1.0	0.0	2	5112	0	0
1.0	0.0	2	5113	0	0
1.0	0.0	2	5114	0	0
1.0	0.0	2	5115	0	0
1.0	0.0	2	5116	0	0
1.0	0.0	2	5117	0	0
1.0	0.0	2	5118	0	0
1.0	0.0	2	5119	0	0
1.0	0.0	2	5120	0	0
1.0	0.0	2	5121	0	0
0.9997447882149127	0.00025521178508726335	2	5122	0	0
0.9997447882149127	0.00025521178508726335	2	5123	0	0
1.0	0.0	2	5124	0	0
0.9088192850999125	0.09118071490008774	2	5125	0	0
1.0	0.0	2	5126	0	0
1.0	0.0	2	5127	0	0
1.0	0.0	2	5128	0	0
1.0	0.0	2	5129	0	0
1.0	0.0	2	5130	0	0
1.0	0.0	2	5131	0	0
1.0	0.0	2	5132	0	0
1.0	0.0	2	5133	0	0
1.0	0.0	2	5134	0	0
1.0	0.0	2	5135	0	0
0.9801932971379169	0.01980670286208303	2	5136	0	0
1.0	0.0	2	5137	0	0
1.0	0.0	2	5138	0	0
1.0	0.0	2	5139	0	0
0.9834762549521086	0.016523745047891277	2	5140	0	0
1.0	0.0	2	5141	0	0
1.0	0.0	2	5142	0	0
1.0	0.0	2	5143	0	0
1.0	0.0	2	5144	0	0
1.0	0.0	2	5145	0	0
1.0	0.0	2	5146	0	0
1.0	0.0	2	5147	0	0
1.0	0.0	2	5148	0	0
1.0	0.0	2	5149	0	0
1.0	0.0	2	5150	0	0
1.0	0.0	2	5151	0	0
1.0	0.0	2	5152	0	0
1.0	0.0	2	5153	0	0
0.9997447882149127	0.00025521178508726335	2	5154	0	0
1.0	0.0	2	5155	0	0
1.0	0.0	2	5156	0	0
1.0	0.0	2	5157	0	0
1.0	0.0	2	5158	0	0
1.0	0.0	2	5159	0	0
1.0	0.0	2	5160	0	0
1.0	0.0	2	5161	0	0
1.0	0.0	2	5162	0	0
0.9972969861436619	0.0027030138563381443	2	5163	0	0
0.9972969861436619	0.0027030138563381443	2	5164	0	0
1.0	0.0	2	5165	0	0
1.0	0.0	2	5166	0	0
1.0	0.0	2	5167	0	0
1.0	0.0	2	5168	0	0
1.0	0.0	2	5169	0	0
1.0	0.0	2	5170	0	0
1.0	0.0	2	5171	0	0
1.0	0.0	2	5172	0	0
1.0	0.0	2	5173	0	0
1.0	0.0	2	5174	0	0
1.0	0.0	2	5175	0	0
1.0	0.0	2	5176	0	0
1.0	0.0	2	5177	0	0
1.0	0.0	2	5178	0	0
1.0	0.0	2	5179	0	0
1.0	0.0	2	5180	0	0
0.553651466572305	0.44634853342769515	2	5181	0	0
1.0	0.0	2	5182	0	0
0.9969251605370695	0.0030748394629305275	2	5183	0	0
1.0	0.0	2	5184	0	0
0.9902753912166675	0.009724608783332613	2	5185	0	0
1.0	0.0	2	5186	0	0
1.0	0.0	2	5187	0	0
1.0	0.0	2	5188	0	0
1.0	0.0	2	5189	0	0
1.0	0.0	2	5190	0	0
1.0	0.0	2	5191	0	0
1.0	0.0	2	5192	0	0
1.0	0.0	2	5193	0	0
1.0	0.0	2	5194	0	0
1.0	0.0	2	5195	0	0
1.0	0.0	2	5196	0	0
1.0	0.0	2	5197	0	0
1.0	0.0	2	5198	0	0
1.0	0.0	2	5199	0	0
1.0	0.0	2	5200	0	0
1.0	0.0	2	5201	0	0
1.0	0.0	2	5202	0	0
1.0	0.0	2	5203	0	0
1.0	0.0	2	5204	0	0
1.0	0.0	2	5205	0	0
1.0	0.0	2	5206	0	0
1.0	0.0	2	5207	0	0
1.0	0.0	2	5208	0	0
1.0	0.0	2	5209	0	0
1.0	0.0	2	5210	0	0
0.974001139081956	0.025998860918044115	2	5211	0	0
1.0	0.0	2	5212	0	0
1.0	0.0	2	5213	0	0
1.0	0.0	2	5214	0	0
1.0	0.0	2	5215	0	0
1.0	0.0	2	5216	0	0
1.0	0.0	2	5217	0	0
1.0	0.0	2	5218	0	0
1.0	0.0	2	5219	0	0
1.0	0.0	2	5220	0	0
1.0	0.0	2	5221	0	0
1.0	0.0	2	5222	0	0
1.0	0.0	2	5223	0	0
1.0	0.0	2	5224	0	0
1.0	0.0	2	5225	0	0
1.0	0.0	2	5226	0	0
1.0	0.0	2	5227	0	0
1.0	0.0	2	5228	0	0
1.0	0.0	2	5229	0	0
1.0	0.0	2	5230	0	0
0.9802384810679164	0.01976151893208353	2	5231	0	0
1.0	0.0	2	5232	0	0
0.996695752469786	0.0033042475302141315	2	5233	0	0
1.0	0.0	2	5234	0	0
1.0	0.0	2	5235	0	0
1.0	0.0	2	5236	0	0
1.0	0.0	2	5237	0	0
0.9997447882149127	0.00025521178508726335	2	5238	0	0
0.9997447882149127	0.00025521178508726335	2	5239	0	0
1.0	0.0	2	5240	0	0
1.0	0.0	2	5241	0	0
1.0	0.0	2	5242	0	0
1.0	0.0	2	5243	0	0
1.0	0.0	2	5244	0	0
1.0	0.0	2	5245	0	0
1.0	0.0	2	5246	0	0
1.0	0.0	2	5247	0	0
1.0	0.0	2	5248	0	0
1.0	0.0	2	5249	0	0
1.0	0.0	2	5250	0	0
1.0	0.0	2	5251	0	0
1.0	0.0	2	5252	0	0
1.0	0.0	2	5253	0	0
1.0	0.0	2	5254	0	0
1.0	0.0	2	5255	0	0
1.0	0.0	2	5256	0	0
1.0	0.0	2	5257	0	0
1.0	0.0	2	5258	0	0
0.9997447882149127	0.00025521178508726335	2	5259	0	0
1.0	0.0	2	5260	0	0
1.0	0.0	2	5261	0	0
1.0	0.0	2	5262	0	0
0.9974747067519054	0.0025252932480946074	2	5263	0	0
1.0	0.0	2	5264	0	0
1.0	0.0	2	5265	0	0
1.0	0.0	2	5266	0	0
1.0	0.0	2	5267	0	0
1.0	0.0	2	5268	0	0
1.0	0.0	2	5269	0	0
1.0	0.0	2	5270	0	0
1.0	0.0	2	5271	0	0
0.9973892718485066	0.0026107281514935435	2	5272	0	0
1.0	0.0	2	5273	0	0
1.0	0.0	2	5274	0	0
1.0	0.0	2	5275	0	0
1.0	0.0	2	5276	0	0
1.0	0.0	2	5277	0	0
1.0	0.0	2	5278	0	0
1.0	0.0	2	5279	0	0
1.0	0.0	2	5280	0	0
1.0	0.0	2	5281	0	0
1.0	0.0	2	5282	0	0
1.0	0.0	2	5283	0	0
1.0	0.0	2	5284	0	0
1.0	0.0	2	5285	0	0
1.0	0.0	2	5286	0	0
0.998748857404022	0.0012511425959780623	2	5287	0	0
0.998748857404022	0.0012511425959780623	2	5288	0	0
1.0	0.0	2	5289	0	0
0.990100797352189	0.009899202647811044	2	5290	0	0
1.0	0.0	2	5291	0	0
1.0	0.0	2	5292	0	0
1.0	0.0	2	5293	0	0
1.0	0.0	2	5294	0	0
1.0	0.0	2	5295	0	0
0.9997447882149127	0.00025521178508726335	2	5296	0	0
0.998748857404022	0.0012511425959780623	2	5297	0	0
1.0	0.0	2	5298	0	0
0.998748857404022	0.0012511425959780623	2	5299	0	0
1.0	0.0	2	5300	0	0
1.0	0.0	2	5301	0	0
1.0	0.0	2	5302	0	0
1.0	0.0	2	5303	0	0
1.0	0.0	2	5304	0	0
1.0	0.0	2	5305	0	0
1.0	0.0	2	5306	0	0
1.0	0.0	2	5307	0	0
0.9997447882149127	0.00025521178508726335	2	5308	0	0
1.0	0.0	2	5309	0	0
1.0	0.0	2	5310	0	0
1.0	0.0	2	5311	0	0
1.0	0.0	2	5312	0	0
1.0	0.0	2	5313	0	0
1.0	0.0	2	5314	0	0
1.0	0.0	2	5315	0	0
1.0	0.0	2	5316	0	0
1.0	0.0	2	5317	0	0
1.0	0.0	2	5318	0	0
1.0	0.0	2	5319	0	0
1.0	0.0	2	5320	0	0
1.0	0.0	2	5321	0	0
1.0	0.0	2	5322	0	0
1.0	0.0	2	5323	0	0
1.0	0.0	2	5324	0	0
1.0	0.0	2	5325	0	0
1.0	0.0	2	5326	0	0
1.0	0.0	2	5327	0	0
0.9941997129847648	0.005800287015234972	2	5328	0	0
0.9967390980800714	0.003260901919928561	2	5329	0	0
1.0	0.0	2	5330	0	0
1.0	0.0	2	5331	0	0
1.0	0.0	2	5332	0	0
1.0	0.0	2	5333	0	0
1.0	0.0	2	5334	0	0
0.9900689301425143	0.00993106985748555	2	5335	0	0
1.0	0.0	2	5336	0	0
1.0	0.0	2	5337	0	0
1.0	0.0	2	5338	0	0
1.0	0.0	2	5339	0	0
1.0	0.0	2	5340	0	0
1.0	0.0	2	5341	0	0
1.0	0.0	2	5342	0	0
1.0	0.0	2	5343	0	0
1.0	0.0	2	5344	0	0
1.0	0.0	2	5345	0	0
0.9768770028198802	0.023122997180119835	2	5346	0	0
1.0	0.0	2	5347	0	0
1.0	0.0	2	5348	0	0
1.0	0.0	2	5349	0	0
0.998748857404022	0.0012511425959780623	2	5350	0	0
1.0	0.0	2	5351	0	0
0.998748857404022	0.0012511425959780623	2	5352	0	0
0.998748857404022	0.0012511425959780623	2	5353	0	0
1.0	0.0	2	5354	0	0
1.0	0.0	2	5355	0	0
1.0	0.0	2	5356	0	0
1.0	0.0	2	5357	0	0
1.0	0.0	2	5358	0	0
1.0	0.0	2	5359	0	0
1.0	0.0	2	5360	0	0
1.0	0.0	2	5361	0	0
1.0	0.0	2	5362	0	0
1.0	0.0	2	5363	0	0
1.0	0.0	2	5364	0	0
1.0	0.0	2	5365	0	0
1.0	0.0	2	5366	0	0
0.9997447882149127	0.00025521178508726335	2	5367	0	0
1.0	0.0	2	5368	0	0
1.0	0.0	2	5369	0	0
1.0	0.0	2	5370	0	0
1.0	0.0	2	5371	0	0
1.0	0.0	2	5372	0	0
1.0	0.0	2	5373	0	0
1.0	0.0	2	5374	0	0
1.0	0.0	2	5375	0	0
1.0	0.0	2	5376	0	0
1.0	0.0	2	5377	0	0
1.0	0.0	2	5378	0	0
1.0	0.0	2	5379	0	0
1.0	0.0	2	5380	0	0
1.0	0.0	2	5381	0	0
1.0	0.0	2	5382	0	0
1.0	0.0	2	5383	0	0
0.9934320994469724	0.006567900553027581	2	5384	0	0
0.9997447882149127	0.00025521178508726335	2	5385	0	0
1.0	0.0	2	5386	0	0
1.0	0.0	2	5387	0	0
0.16276860605502586	0.8372313939449737	2	5388	0	1
1.0	0.0	2	5389	0	0
1.0	0.0	2	5390	0	0
1.0	0.0	2	5391	0	0
1.0	0.0	2	5392	0	0
1.0	0.0	2	5393	0	0
1.0	0.0	2	5394	0	0
1.0	0.0	2	5395	0	0
1.0	0.0	2	5396	0	0
0.9997447882149127	0.00025521178508726335	2	5397	0	0
1.0	0.0	2	5398	0	0
1.0	0.0	2	5399	0	0
1.0	0.0	2	5400	0	0
1.0	0.0	2	5401	0	0
1.0	0.0	2	5402	0	0
1.0	0.0	2	5403	0	0
1.0	0.0	2	5404	0	0
1.0	0.0	2	5405	0	0
1.0	0.0	2	5406	0	0
1.0	0.0	2	5407	0	0
1.0	0.0	2	5408	0	0
1.0	0.0	2	5409	0	0
1.0	0.0	2	5410	0	0
1.0	0.0	2	5411	0	0
1.0	0.0	2	5412	0	0
1.0	0.0	2	5413	0	0
1.0	0.0	2	5414	0	0
1.0	0.0	2	5415	0	0
1.0	0.0	2	5416	0	0
1.0	0.0	2	5417	0	0
1.0	0.0	2	5418	0	0
1.0	0.0	2	5419	0	0
1.0	0.0	2	5420	0	0
1.0	0.0	2	5421	0	0
1.0	0.0	2	5422	0	0
1.0	0.0	2	5423	0	0
1.0	0.0	2	5424	0	0
1.0	0.0	2	5425	0	0
1.0	0.0	2	5426	0	0
1.0	0.0	2	5427	0	0
1.0	0.0	2	5428	0	0
1.0	0.0	2	5429	0	0
0.9997447882149127	0.00025521178508726335	2	5430	0	0
1.0	0.0	2	5431	0	0
0.9997447882149127	0.00025521178508726335	2	5432	0	0
1.0	0.0	2	5433	0	0
1.0	0.0	2	5434	0	0
1.0	0.0	2	5435	0	0
1.0	0.0	2	5436	0	0
1.0	0.0	2	5437	0	0
1.0	0.0	2	5438	0	0
1.0	0.0	2	5439	0	0
1.0	0.0	2	5440	0	0
1.0	0.0	2	5441	0	0
1.0	0.0	2	5442	0	0
1.0	0.0	2	5443	0	0
1.0	0.0	2	5444	0	0
1.0	0.0	2	5445	0	0
1.0	0.0	2	5446	0	0
1.0	0.0	2	5447	0	0
1.0	0.0	2	5448	0	0
1.0	0.0	2	5449	0	0
1.0	0.0	2	5450	0	0
1.0	0.0	2	5451	0	0
1.0	0.0	2	5452	0	0
1.0	0.0	2	5453	0	0
1.0	0.0	2	5454	0	0
1.0	0.0	2	5455	0	0
0.9997447882149127	0.00025521178508726335	2	5456	0	0
1.0	0.0	2	5457	0	0
1.0	0.0	2	5458	0	0
1.0	0.0	2	5459	0	0
1.0	0.0	2	5460	0	0
1.0	0.0	2	5461	0	0
1.0	0.0	2	5462	0	0
1.0	0.0	2	5463	0	0
1.0	0.0	2	5464	0	0
1.0	0.0	2	5465	0	0
1.0	0.0	2	5466	0	0
1.0	0.0	2	5467	0	0
1.0	0.0	2	5468	0	0
1.0	0.0	2	5469	0	0
1.0	0.0	2	5470	0	0
1.0	0.0	2	5471	0	0
1.0	0.0	2	5472	0	0
1.0	0.0	2	5473	0	0
1.0	0.0	2	5474	0	0
1.0	0.0	2	5475	0	0
1.0	0.0	2	5476	0	0
1.0	0.0	2	5477	0	0
1.0	0.0	2	5478	0	0
1.0	0.0	2	5479	0	0
0.9678851523380848	0.03211484766191524	2	5480	0	0
1.0	0.0	2	5481	0	0
1.0	0.0	2	5482	0	0
1.0	0.0	2	5483	0	0
1.0	0.0	2	5484	0	0
1.0	0.0	2	5485	0	0
1.0	0.0	2	5486	0	0
1.0	0.0	2	5487	0	0
1.0	0.0	2	5488	0	0
1.0	0.0	2	5489	0	0
1.0	0.0	2	5490	0	0
1.0	0.0	2	5491	0	0
1.0	0.0	2	5492	0	0
1.0	0.0	2	5493	0	0
1.0	0.0	2	5494	0	0
1.0	0.0	2	5495	0	0
1.0	0.0	2	5496	0	0
1.0	0.0	2	5497	0	0
1.0	0.0	2	5498	0	0
1.0	0.0	2	5499	0	0
1.0	0.0	2	5500	0	0
1.0	0.0	2	5501	0	0
1.0	0.0	2	5502	0	0
1.0	0.0	2	5503	0	0
1.0	0.0	2	5504	0	0
1.0	0.0	2	5505	0	0
0.9836965087365477	0.016303491263452426	2	5506	0	0
1.0	0.0	2	5507	0	0
1.0	0.0	2	5508	0	0
1.0	0.0	2	5509	0	0
1.0	0.0	2	5510	0	0
1.0	0.0	2	5511	0	0
1.0	0.0	2	5512	0	0
1.0	0.0	2	5513	0	0
1.0	0.0	2	5514	0	0
0.9736187698164497	0.026381230183550274	2	5515	0	0
1.0	0.0	2	5516	0	0
1.0	0.0	2	5517	0	0
1.0	0.0	2	5518	0	0
1.0	0.0	2	5519	0	0
1.0	0.0	2	5520	0	0
1.0	0.0	2	5521	0	0
1.0	0.0	2	5522	0	0
0.9934368611455746	0.006563138854425501	2	5523	0	0
1.0	0.0	2	5524	0	0
1.0	0.0	2	5525	0	0
1.0	0.0	2	5526	0	0
1.0	0.0	2	5527	0	0
0.9405159352613244	0.05948406473867562	2	5528	0	0
1.0	0.0	2	5529	0	0
1.0	0.0	2	5530	0	0
1.0	0.0	2	5531	0	0
1.0	0.0	2	5532	0	0
1.0	0.0	2	5533	0	0
1.0	0.0	2	5534	0	0
1.0	0.0	2	5535	0	0
1.0	0.0	2	5536	0	0
1.0	0.0	2	5537	0	0
1.0	0.0	2	5538	0	0
1.0	0.0	2	5539	0	0
0.9997447882149127	0.00025521178508726335	2	5540	0	0
1.0	0.0	2	5541	0	0
1.0	0.0	2	5542	0	0
1.0	0.0	2	5543	0	0
1.0	0.0	2	5544	0	0
1.0	0.0	2	5545	0	0
1.0	0.0	2	5546	0	0
1.0	0.0	2	5547	0	0
1.0	0.0	2	5548	0	0
0.9997447882149127	0.00025521178508726335	2	5549	0	0
0.9997447882149127	0.00025521178508726335	2	5550	0	0
0.9997447882149127	0.00025521178508726335	2	5551	0	0
1.0	0.0	2	5552	0	0
1.0	0.0	2	5553	0	0
1.0	0.0	2	5554	0	0
1.0	0.0	2	5555	0	0
1.0	0.0	2	5556	0	0
1.0	0.0	2	5557	0	0
1.0	0.0	2	5558	0	0
1.0	0.0	2	5559	0	0
1.0	0.0	2	5560	0	0
1.0	0.0	2	5561	0	0
1.0	0.0	2	5562	0	0
1.0	0.0	2	5563	0	0
0.03947619809900586	0.9605238019009941	2	5564	1	1
0.8889203562850103	0.11107964371498949	2	5565	1	0
1.0	0.0	2	5566	0	0
1.0	0.0	2	5567	0	0
1.0	0.0	2	5568	0	0
1.0	0.0	2	5569	0	0
1.0	0.0	2	5570	0	0
1.0	0.0	2	5571	0	0
1.0	0.0	2	5572	0	0
1.0	0.0	2	5573	0	0
1.0	0.0	2	5574	0	0
1.0	0.0	2	5575	0	0
1.0	0.0	2	5576	0	0
1.0	0.0	2	5577	0	0
1.0	0.0	2	5578	0	0
1.0	0.0	2	5579	0	0
1.0	0.0	2	5580	0	0
1.0	0.0	2	5581	0	0
1.0	0.0	2	5582	0	0
1.0	0.0	2	5583	0	0
1.0	0.0	2	5584	0	0
1.0	0.0	2	5585	0	0
1.0	0.0	2	5586	0	0
1.0	0.0	2	5587	0	0
1.0	0.0	2	5588	0	0
1.0	0.0	2	5589	0	0
1.0	0.0	2	5590	0	0
1.0	0.0	2	5591	0	0
1.0	0.0	2	5592	0	0
1.0	0.0	2	5593	0	0
1.0	0.0	2	5594	0	0
1.0	0.0	2	5595	0	0
1.0	0.0	2	5596	0	0
1.0	0.0	2	5597	0	0
1.0	0.0	2	5598	0	0
1.0	0.0	2	5599	0	0
1.0	0.0	2	5600	0	0
1.0	0.0	2	5601	0	0
1.0	0.0	2	5602	0	0
0.9509563804348055	0.049043619565194485	2	5603	0	0
1.0	0.0	2	5604	0	0
1.0	0.0	2	5605	0	0
1.0	0.0	2	5606	0	0
1.0	0.0	2	5607	0	0
1.0	0.0	2	5608	0	0
1.0	0.0	2	5609	0	0
1.0	0.0	2	5610	0	0
1.0	0.0	2	5611	0	0
1.0	0.0	2	5612	0	0
1.0	0.0	2	5613	0	0
1.0	0.0	2	5614	0	0
1.0	0.0	2	5615	0	0
1.0	0.0	2	5616	0	0
1.0	0.0	2	5617	0	0
1.0	0.0	2	5618	0	0
1.0	0.0	2	5619	0	0
1.0	0.0	2	5620	0	0
0.9967032746602477	0.003296725339752269	2	5621	0	0
1.0	0.0	2	5622	0	0
0.9967032746602477	0.003296725339752269	2	5623	0	0
1.0	0.0	2	5624	0	0
1.0	0.0	2	5625	0	0
1.0	0.0	2	5626	0	0
1.0	0.0	2	5627	0	0
1.0	0.0	2	5628	0	0
1.0	0.0	2	5629	0	0
1.0	0.0	2	5630	0	0
1.0	0.0	2	5631	0	0
1.0	0.0	2	5632	0	0
1.0	0.0	2	5633	0	0
1.0	0.0	2	5634	0	0
1.0	0.0	2	5635	0	0
1.0	0.0	2	5636	0	0
1.0	0.0	2	5637	0	0
1.0	0.0	2	5638	0	0
1.0	0.0	2	5639	0	0
0.9836252731297158	0.016374726870284153	2	5640	0	0
0.9997447882149127	0.00025521178508726335	2	5641	0	0
1.0	0.0	2	5642	0	0
1.0	0.0	2	5643	0	0
1.0	0.0	2	5644	0	0
0.9974747067519054	0.0025252932480946074	2	5645	0	0
1.0	0.0	2	5646	0	0
1.0	0.0	2	5647	0	0
1.0	0.0	2	5648	0	0
1.0	0.0	2	5649	0	0
0.9997447882149127	0.00025521178508726335	2	5650	0	0
1.0	0.0	2	5651	0	0
1.0	0.0	2	5652	0	0
1.0	0.0	2	5653	0	0
1.0	0.0	2	5654	0	0
1.0	0.0	2	5655	0	0
1.0	0.0	2	5656	0	0
1.0	0.0	2	5657	0	0
1.0	0.0	2	5658	0	0
1.0	0.0	2	5659	0	0
1.0	0.0	2	5660	0	0
1.0	0.0	2	5661	0	0
1.0	0.0	2	5662	0	0
1.0	0.0	2	5663	0	0
1.0	0.0	2	5664	0	0
0.9997447882149127	0.00025521178508726335	2	5665	0	0
0.9997447882149127	0.00025521178508726335	2	5666	0	0
1.0	0.0	2	5667	0	0
1.0	0.0	2	5668	0	0
0.9933960182538487	0.006603981746151146	2	5669	0	0
1.0	0.0	2	5670	0	0
1.0	0.0	2	5671	0	0
1.0	0.0	2	5672	0	0
0.8951192280851833	0.10488077191481664	2	5673	0	0
1.0	0.0	2	5674	0	0
0.9997447882149127	0.00025521178508726335	2	5675	0	0
1.0	0.0	2	5676	0	0
1.0	0.0	2	5677	0	0
1.0	0.0	2	5678	0	0
0.9969251605370695	0.0030748394629305275	2	5679	0	0
1.0	0.0	2	5680	0	0
1.0	0.0	2	5681	0	0
1.0	0.0	2	5682	0	0
1.0	0.0	2	5683	0	0
1.0	0.0	2	5684	0	0
1.0	0.0	2	5685	0	0
1.0	0.0	2	5686	0	0
1.0	0.0	2	5687	0	0
0.9997447882149127	0.00025521178508726335	2	5688	0	0
1.0	0.0	2	5689	0	0
0.9901310438308549	0.00986895616914512	2	5690	0	0
1.0	0.0	2	5691	0	0
1.0	0.0	2	5692	0	0
1.0	0.0	2	5693	0	0
1.0	0.0	2	5694	0	0
1.0	0.0	2	5695	0	0
1.0	0.0	2	5696	0	0
1.0	0.0	2	5697	0	0
1.0	0.0	2	5698	0	0
1.0	0.0	2	5699	0	0
1.0	0.0	2	5700	0	0
1.0	0.0	2	5701	0	0
1.0	0.0	2	5702	0	0
1.0	0.0	2	5703	0	0
1.0	0.0	2	5704	0	0
1.0	0.0	2	5705	0	0
1.0	0.0	2	5706	0	0
1.0	0.0	2	5707	0	0
1.0	0.0	2	5708	0	0
1.0	0.0	2	5709	0	0
1.0	0.0	2	5710	0	0
1.0	0.0	2	5711	0	0
1.0	0.0	2	5712	0	0
1.0	0.0	2	5713	0	0
1.0	0.0	2	5714	0	0
1.0	0.0	2	5715	0	0
1.0	0.0	2	5716	0	0
1.0	0.0	2	5717	0	0
1.0	0.0	2	5718	0	0
0.9987061041715767	0.0012938958284232833	2	5719	0	0
1.0	0.0	2	5720	0	0
0.9987061041715767	0.0012938958284232833	2	5721	0	0
1.0	0.0	2	5722	0	0
1.0	0.0	2	5723	0	0
1.0	0.0	2	5724	0	0
1.0	0.0	2	5725	0	0
1.0	0.0	2	5726	0	0
1.0	0.0	2	5727	0	0
1.0	0.0	2	5728	0	0
1.0	0.0	2	5729	0	0
1.0	0.0	2	5730	0	0
1.0	0.0	2	5731	0	0
1.0	0.0	2	5732	0	0
1.0	0.0	2	5733	0	0
1.0	0.0	2	5734	0	0
1.0	0.0	2	5735	0	0
0.9997447882149127	0.00025521178508726335	2	5736	0	0
1.0	0.0	2	5737	0	0
1.0	0.0	2	5738	0	0
1.0	0.0	2	5739	0	0
1.0	0.0	2	5740	0	0
1.0	0.0	2	5741	0	0
1.0	0.0	2	5742	0	0
1.0	0.0	2	5743	0	0
1.0	0.0	2	5744	0	0
1.0	0.0	2	5745	0	0
1.0	0.0	2	5746	0	0
1.0	0.0	2	5747	0	0
1.0	0.0	2	5748	0	0
1.0	0.0	2	5749	0	0
1.0	0.0	2	5750	0	0
0.9901253614303118	0.009874638569688147	2	5751	0	0
1.0	0.0	2	5752	0	0
1.0	0.0	2	5753	0	0
1.0	0.0	2	5754	0	0
1.0	0.0	2	5755	0	0
1.0	0.0	2	5756	0	0
1.0	0.0	2	5757	0	0
1.0	0.0	2	5758	0	0
1.0	0.0	2	5759	0	0
1.0	0.0	2	5760	0	0
1.0	0.0	2	5761	0	0
1.0	0.0	2	5762	0	0
1.0	0.0	2	5763	0	0
1.0	0.0	2	5764	0	0
1.0	0.0	2	5765	0	0
1.0	0.0	2	5766	0	0
1.0	0.0	2	5767	0	0
1.0	0.0	2	5768	0	0
0.9997447882149127	0.00025521178508726335	2	5769	0	0
1.0	0.0	2	5770	0	0
1.0	0.0	2	5771	0	0
1.0	0.0	2	5772	0	0
1.0	0.0	2	5773	0	0
1.0	0.0	2	5774	0	0
1.0	0.0	2	5775	0	0
1.0	0.0	2	5776	0	0
1.0	0.0	2	5777	0	0
1.0	0.0	2	5778	0	0
1.0	0.0	2	5779	0	0
1.0	0.0	2	5780	0	0
0.9739720473850393	0.02602795261496076	2	5781	0	0
1.0	0.0	2	5782	0	0
0.9739720473850393	0.02602795261496076	2	5783	0	0
1.0	0.0	2	5784	0	0
0.9938428518974317	0.006157148102568188	2	5785	0	0
1.0	0.0	2	5786	0	0
0.9313198362308117	0.06868016376918826	2	5787	0	0
1.0	0.0	2	5788	0	0
0.9310992746157314	0.06890072538426874	2	5789	0	0
0.0475302533107524	0.9524697466892476	2	5790	1	1
0.9671362239065987	0.032863776093401305	2	5791	0	0
1.0	0.0	2	5792	0	0
0.9837459696473201	0.016254030352679794	2	5793	0	0
1.0	0.0	2	5794	0	0
1.0	0.0	2	5795	0	0
0.9734771853295114	0.02652281467048862	2	5796	0	0
1.0	0.0	2	5797	0	0
0.9967567833751908	0.003243216624809179	2	5798	0	0
1.0	0.0	2	5799	0	0
1.0	0.0	2	5800	0	0
0.9901398965499717	0.009860103450028456	2	5801	0	0
1.0	0.0	2	5802	0	0
1.0	0.0	2	5803	0	0
1.0	0.0	2	5804	0	0
0.924338511080433	0.07566148891956717	2	5805	0	0
1.0	0.0	2	5806	0	0
0.6043187130161899	0.39568128698381017	2	5807	1	0
0.9967022717015194	0.003297728298480518	2	5808	0	0
0.980199202735843	0.019800797264156865	2	5809	0	0
0.9671076192981294	0.03289238070187058	2	5810	0	0
1.0	0.0	2	5811	0	0
1.0	0.0	2	5812	0	0
0.9966835564294537	0.0033164435705462705	2	5813	0	0
0.9967410492908857	0.003258950709114351	2	5814	0	0
1.0	0.0	2	5815	0	0
0.993420546932742	0.006579453067257946	2	5816	0	0
1.0	0.0	2	5817	0	0
1.0	0.0	2	5818	0	0
0.993440923504722	0.006559076495277873	2	5819	0	0
0.9967727205774046	0.003227279422595375	2	5820	0	0
0.1759987697544117	0.8240012302455885	2	5821	1	1
0.31185324178404467	0.6881467582159556	2	5822	0	1
0.10448108583506531	0.8955189141649349	2	5823	0	1
0.048274811475473536	0.9517251885245264	2	5824	1	1
0.9966855788385404	0.003314421161459515	2	5825	0	0
1.0	0.0	2	5826	0	0
1.0	0.0	2	5827	0	0
1.0	0.0	2	5828	0	0
1.0	0.0	2	5829	0	0
1.0	0.0	2	5830	0	0
0.29796435198189164	0.7020356480181087	2	5831	1	1
0.9967371241440904	0.003262875855909497	2	5832	0	0
0.9834303355118467	0.016569664488153477	2	5833	0	0
0.9707702990015707	0.029229700998429115	2	5834	0	0
0.9966779377683218	0.0033220622316781274	2	5835	0	0
1.0	0.0	2	5836	0	0
0.014411272749549741	0.9855887272504505	2	5837	1	1
0.06154941945203262	0.9384505805479675	2	5838	1	1
0.9866968043506019	0.013303195649398086	2	5839	0	0
0.990082690610286	0.009917309389713873	2	5840	0	0
1.0	0.0	2	5841	0	0
1.0	0.0	2	5842	0	0
1.0	0.0	2	5843	0	0
1.0	0.0	2	5844	0	0
1.0	0.0	2	5845	0	0
1.0	0.0	2	5846	0	0
1.0	0.0	2	5847	0	0
1.0	0.0	2	5848	0	0
1.0	0.0	2	5849	0	0
1.0	0.0	2	5850	0	0
1.0	0.0	2	5851	0	0
1.0	0.0	2	5852	0	0
1.0	0.0	2	5853	0	0
1.0	0.0	2	5854	0	0
1.0	0.0	2	5855	0	0
1.0	0.0	2	5856	0	0
1.0	0.0	2	5857	0	0
1.0	0.0	2	5858	0	0
1.0	0.0	2	5859	0	0
1.0	0.0	2	5860	0	0
1.0	0.0	2	5861	0	0
1.0	0.0	2	5862	0	0
1.0	0.0	2	5863	0	0
1.0	0.0	2	5864	0	0
1.0	0.0	2	5865	0	0
1.0	0.0	2	5866	0	0
1.0	0.0	2	5867	0	0
1.0	0.0	2	5868	0	0
1.0	0.0	2	5869	0	0
1.0	0.0	2	5870	0	0
1.0	0.0	2	5871	0	0
1.0	0.0	2	5872	0	0
1.0	0.0	2	5873	0	0
1.0	0.0	2	5874	0	0
1.0	0.0	2	5875	0	0
1.0	0.0	2	5876	0	0
0.9997447882149127	0.00025521178508726335	2	5877	0	0
1.0	0.0	2	5878	0	0
0.9997447882149127	0.00025521178508726335	2	5879	0	0
1.0	0.0	2	5880	0	0
1.0	0.0	2	5881	0	0
1.0	0.0	2	5882	0	0
1.0	0.0	2	5883	0	0
1.0	0.0	2	5884	0	0
1.0	0.0	2	5885	0	0
1.0	0.0	2	5886	0	0
1.0	0.0	2	5887	0	0
1.0	0.0	2	5888	0	0
1.0	0.0	2	5889	0	0
1.0	0.0	2	5890	0	0
1.0	0.0	2	5891	0	0
0.9997447882149127	0.00025521178508726335	2	5892	0	0
0.9997447882149127	0.00025521178508726335	2	5893	0	0
1.0	0.0	2	5894	0	0
1.0	0.0	2	5895	0	0
1.0	0.0	2	5896	0	0
0.9972347050408147	0.002765294959185391	2	5897	0	0
1.0	0.0	2	5898	0	0
1.0	0.0	2	5899	0	0
1.0	0.0	2	5900	0	0
1.0	0.0	2	5901	0	0
1.0	0.0	2	5902	0	0
1.0	0.0	2	5903	0	0
0.9966868472831846	0.0033131527168154986	2	5904	0	0
1.0	0.0	2	5905	0	0
1.0	0.0	2	5906	0	0
1.0	0.0	2	5907	0	0
1.0	0.0	2	5908	0	0
1.0	0.0	2	5909	0	0
1.0	0.0	2	5910	0	0
1.0	0.0	2	5911	0	0
0.9934284359756669	0.006571564024333079	2	5912	0	0
1.0	0.0	2	5913	0	0
1.0	0.0	2	5914	0	0
1.0	0.0	2	5915	0	0
1.0	0.0	2	5916	0	0
1.0	0.0	2	5917	0	0
1.0	0.0	2	5918	0	0
1.0	0.0	2	5919	0	0
1.0	0.0	2	5920	0	0
0.998748857404022	0.0012511425959780623	2	5921	0	0
1.0	0.0	2	5922	0	0
0.998748857404022	0.0012511425959780623	2	5923	0	0
1.0	0.0	2	5924	0	0
1.0	0.0	2	5925	0	0
1.0	0.0	2	5926	0	0
1.0	0.0	2	5927	0	0
1.0	0.0	2	5928	0	0
1.0	0.0	2	5929	0	0
1.0	0.0	2	5930	0	0
1.0	0.0	2	5931	0	0
1.0	0.0	2	5932	0	0
1.0	0.0	2	5933	0	0
1.0	0.0	2	5934	0	0
1.0	0.0	2	5935	0	0
1.0	0.0	2	5936	0	0
1.0	0.0	2	5937	0	0
1.0	0.0	2	5938	0	0
1.0	0.0	2	5939	0	0
1.0	0.0	2	5940	0	0
1.0	0.0	2	5941	0	0
0.9802943709377057	0.01970562906229447	2	5942	0	0
1.0	0.0	2	5943	0	0
1.0	0.0	2	5944	0	0
1.0	0.0	2	5945	0	0
0.9966850717293194	0.003314928270680483	2	5946	0	0
0.9997447882149127	0.00025521178508726335	2	5947	0	0
0.9997447882149127	0.00025521178508726335	2	5948	0	0
1.0	0.0	2	5949	0	0
0.9934296180023072	0.006570381997692795	2	5950	0	0
1.0	0.0	2	5951	0	0
1.0	0.0	2	5952	0	0
1.0	0.0	2	5953	0	0
1.0	0.0	2	5954	0	0
1.0	0.0	2	5955	0	0
1.0	0.0	2	5956	0	0
1.0	0.0	2	5957	0	0
1.0	0.0	2	5958	0	0
1.0	0.0	2	5959	0	0
1.0	0.0	2	5960	0	0
1.0	0.0	2	5961	0	0
1.0	0.0	2	5962	0	0
1.0	0.0	2	5963	0	0
1.0	0.0	2	5964	0	0
1.0	0.0	2	5965	0	0
1.0	0.0	2	5966	0	0
0.9934432985905775	0.006556701409422559	2	5967	0	0
0.9934432985905775	0.006556701409422559	2	5968	0	0
1.0	0.0	2	5969	0	0
1.0	0.0	2	5970	0	0
1.0	0.0	2	5971	0	0
1.0	0.0	2	5972	0	0
0.9572459613613982	0.04275403863860169	2	5973	0	0
0.9806319808285638	0.019368019171436327	2	5974	0	0
1.0	0.0	2	5975	0	0
1.0	0.0	2	5976	0	0
1.0	0.0	2	5977	0	0
1.0	0.0	2	5978	0	0
0.9969039883222678	0.00309601167773226	2	5979	0	0
1.0	0.0	2	5980	0	0
0.9966666666666667	0.0033333333333333335	2	5981	0	0
0.9966666666666667	0.0033333333333333335	2	5982	0	0
1.0	0.0	2	5983	0	0
0.9544776976100299	0.04552230238997013	2	5984	0	0
1.0	0.0	2	5985	0	0
0.9954561438991827	0.004543856100817338	2	5986	0	0
0.9954561438991827	0.004543856100817338	2	5987	0	0
1.0	0.0	2	5988	0	0
1.0	0.0	2	5989	0	0
1.0	0.0	2	5990	0	0
1.0	0.0	2	5991	0	0
0.9834191288889175	0.01658087111108253	2	5992	0	0
1.0	0.0	2	5993	0	0
1.0	0.0	2	5994	0	0
1.0	0.0	2	5995	0	0
1.0	0.0	2	5996	0	0
1.0	0.0	2	5997	0	0
1.0	0.0	2	5998	0	0
1.0	0.0	2	5999	0	0
1.0	0.0	2	6000	0	0
1.0	0.0	2	6001	0	0
0.9609322726186675	0.039067727381332726	2	6002	0	0
1.0	0.0	2	6003	0	0
0.9703949369620681	0.029605063037932037	2	6004	0	0
1.0	0.0	2	6005	0	0
1.0	0.0	2	6006	0	0
1.0	0.0	2	6007	0	0
1.0	0.0	2	6008	0	0
0.9997447882149127	0.00025521178508726335	2	6009	0	0
1.0	0.0	2	6010	0	0
1.0	0.0	2	6011	0	0
1.0	0.0	2	6012	0	0
1.0	0.0	2	6013	0	0
0.9869000136127261	0.013099986387273874	2	6014	0	0
1.0	0.0	2	6015	0	0
1.0	0.0	2	6016	0	0
1.0	0.0	2	6017	0	0
1.0	0.0	2	6018	0	0
1.0	0.0	2	6019	0	0
1.0	0.0	2	6020	0	0
1.0	0.0	2	6021	0	0
1.0	0.0	2	6022	0	0
1.0	0.0	2	6023	0	0
1.0	0.0	2	6024	0	0
1.0	0.0	2	6025	0	0
1.0	0.0	2	6026	0	0
1.0	0.0	2	6027	0	0
1.0	0.0	2	6028	0	0
1.0	0.0	2	6029	0	0
1.0	0.0	2	6030	0	0
1.0	0.0	2	6031	0	0
1.0	0.0	2	6032	0	0
1.0	0.0	2	6033	0	0
1.0	0.0	2	6034	0	0
1.0	0.0	2	6035	0	0
1.0	0.0	2	6036	0	0
1.0	0.0	2	6037	0	0
1.0	0.0	2	6038	0	0
1.0	0.0	2	6039	0	0
1.0	0.0	2	6040	0	0
1.0	0.0	2	6041	0	0
1.0	0.0	2	6042	0	0
1.0	0.0	2	6043	0	0
1.0	0.0	2	6044	0	0
0.9836130046241145	0.01638699537588559	2	6045	0	0
0.9973892718485066	0.0026107281514935435	2	6046	0	0
1.0	0.0	2	6047	0	0
1.0	0.0	2	6048	0	0
0.9997447882149127	0.00025521178508726335	2	6049	0	0
1.0	0.0	2	6050	0	0
1.0	0.0	2	6051	0	0
0.998748857404022	0.0012511425959780623	2	6052	0	0
0.9934538513407839	0.006546148659216015	2	6053	0	0
0.998748857404022	0.0012511425959780623	2	6054	0	0
1.0	0.0	2	6055	0	0
1.0	0.0	2	6056	0	0
1.0	0.0	2	6057	0	0
1.0	0.0	2	6058	0	0
1.0	0.0	2	6059	0	0
1.0	0.0	2	6060	0	0
1.0	0.0	2	6061	0	0
1.0	0.0	2	6062	0	0
1.0	0.0	2	6063	0	0
1.0	0.0	2	6064	0	0
1.0	0.0	2	6065	0	0
1.0	0.0	2	6066	0	0
1.0	0.0	2	6067	0	0
1.0	0.0	2	6068	0	0
1.0	0.0	2	6069	0	0
0.027318459235407946	0.9726815407645921	2	6070	1	1
1.0	0.0	2	6071	0	0
1.0	0.0	2	6072	0	0
1.0	0.0	2	6073	0	0
1.0	0.0	2	6074	0	0
1.0	0.0	2	6075	0	0
1.0	0.0	2	6076	0	0
0.8853488202183619	0.11465117978163801	2	6077	0	0
1.0	0.0	2	6078	0	0
1.0	0.0	2	6079	0	0
1.0	0.0	2	6080	0	0
1.0	0.0	2	6081	0	0
0.9967032746602477	0.003296725339752269	2	6082	0	0
0.9967032746602477	0.003296725339752269	2	6083	0	0
1.0	0.0	2	6084	0	0
1.0	0.0	2	6085	0	0
1.0	0.0	2	6086	0	0
1.0	0.0	2	6087	0	0
1.0	0.0	2	6088	0	0
1.0	0.0	2	6089	0	0
1.0	0.0	2	6090	0	0
1.0	0.0	2	6091	0	0
1.0	0.0	2	6092	0	0
1.0	0.0	2	6093	0	0
1.0	0.0	2	6094	0	0
1.0	0.0	2	6095	0	0
1.0	0.0	2	6096	0	0
1.0	0.0	2	6097	0	0
1.0	0.0	2	6098	0	0
1.0	0.0	2	6099	0	0
1.0	0.0	2	6100	0	0
1.0	0.0	2	6101	0	0
1.0	0.0	2	6102	0	0
1.0	0.0	2	6103	0	0
1.0	0.0	2	6104	0	0
1.0	0.0	2	6105	0	0
1.0	0.0	2	6106	0	0
1.0	0.0	2	6107	0	0
1.0	0.0	2	6108	0	0
1.0	0.0	2	6109	0	0
1.0	0.0	2	6110	0	0
1.0	0.0	2	6111	0	0
1.0	0.0	2	6112	0	0
1.0	0.0	2	6113	0	0
1.0	0.0	2	6114	0	0
1.0	0.0	2	6115	0	0
1.0	0.0	2	6116	0	0
1.0	0.0	2	6117	0	0
1.0	0.0	2	6118	0	0
1.0	0.0	2	6119	0	0
1.0	0.0	2	6120	0	0
1.0	0.0	2	6121	0	0
1.0	0.0	2	6122	0	0
1.0	0.0	2	6123	0	0
0.9638683990883392	0.03613160091166077	2	6124	0	0
1.0	0.0	2	6125	0	0
1.0	0.0	2	6126	0	0
1.0	0.0	2	6127	0	0
1.0	0.0	2	6128	0	0
1.0	0.0	2	6129	0	0
1.0	0.0	2	6130	0	0
1.0	0.0	2	6131	0	0
1.0	0.0	2	6132	0	0
1.0	0.0	2	6133	0	0
1.0	0.0	2	6134	0	0
0.9636505299335296	0.03634947006647039	2	6135	0	0
1.0	0.0	2	6136	0	0
1.0	0.0	2	6137	0	0
1.0	0.0	2	6138	0	0
0.9967324463048787	0.0032675536951213436	2	6139	0	0
1.0	0.0	2	6140	0	0
1.0	0.0	2	6141	0	0
1.0	0.0	2	6142	0	0
0.9901379112232165	0.009862088776783502	2	6143	0	0
0.9901379112232165	0.009862088776783502	2	6144	0	0
1.0	0.0	2	6145	0	0
1.0	0.0	2	6146	0	0
1.0	0.0	2	6147	0	0
1.0	0.0	2	6148	0	0
1.0	0.0	2	6149	0	0
1.0	0.0	2	6150	0	0
1.0	0.0	2	6151	0	0
1.0	0.0	2	6152	0	0
1.0	0.0	2	6153	0	0
0.9971395662189767	0.0028604337810231666	2	6154	0	0
1.0	0.0	2	6155	0	0
1.0	0.0	2	6156	0	0
1.0	0.0	2	6157	0	0
0.9934100596760443	0.0065899403239556694	2	6158	0	0
1.0	0.0	2	6159	0	0
1.0	0.0	2	6160	0	0
1.0	0.0	2	6161	0	0
1.0	0.0	2	6162	0	0
0.9966729104439832	0.0033270895560168073	2	6163	0	0
1.0	0.0	2	6164	0	0
0.9966729104439832	0.0033270895560168073	2	6165	0	0
1.0	0.0	2	6166	0	0
1.0	0.0	2	6167	0	0
0.9997447882149127	0.00025521178508726335	2	6168	0	0
1.0	0.0	2	6169	0	0
1.0	0.0	2	6170	0	0
1.0	0.0	2	6171	0	0
0.9910592945088608	0.00894070549113926	2	6172	0	0
1.0	0.0	2	6173	0	0
1.0	0.0	2	6174	0	0
1.0	0.0	2	6175	0	0
1.0	0.0	2	6176	0	0
1.0	0.0	2	6177	0	0
1.0	0.0	2	6178	0	0
1.0	0.0	2	6179	0	0
1.0	0.0	2	6180	0	0
1.0	0.0	2	6181	0	0
1.0	0.0	2	6182	0	0
1.0	0.0	2	6183	0	0
1.0	0.0	2	6184	0	0
0.9954108832699168	0.0045891167300831795	2	6185	0	0
1.0	0.0	2	6186	0	0
1.0	0.0	2	6187	0	0
1.0	0.0	2	6188	0	0
1.0	0.0	2	6189	0	0
1.0	0.0	2	6190	0	0
0.9835578329173461	0.016442167082653843	2	6191	0	0
1.0	0.0	2	6192	0	0
1.0	0.0	2	6193	0	0
1.0	0.0	2	6194	0	0
1.0	0.0	2	6195	0	0
1.0	0.0	2	6196	0	0
1.0	0.0	2	6197	0	0
1.0	0.0	2	6198	0	0
1.0	0.0	2	6199	0	0
1.0	0.0	2	6200	0	0
0.998748857404022	0.0012511425959780623	2	6201	0	0
0.998748857404022	0.0012511425959780623	2	6202	0	0
0.9933960182538487	0.006603981746151146	2	6203	0	0
1.0	0.0	2	6204	0	0
1.0	0.0	2	6205	0	0
1.0	0.0	2	6206	0	0
1.0	0.0	2	6207	0	0
1.0	0.0	2	6208	0	0
1.0	0.0	2	6209	0	0
1.0	0.0	2	6210	0	0
1.0	0.0	2	6211	0	0
0.9997447882149127	0.00025521178508726335	2	6212	0	0
1.0	0.0	2	6213	0	0
0.9997447882149127	0.00025521178508726335	2	6214	0	0
1.0	0.0	2	6215	0	0
1.0	0.0	2	6216	0	0
1.0	0.0	2	6217	0	0
1.0	0.0	2	6218	0	0
0.9943724472256762	0.00562755277432376	2	6219	0	0
1.0	0.0	2	6220	0	0
1.0	0.0	2	6221	0	0
1.0	0.0	2	6222	0	0
1.0	0.0	2	6223	0	0
1.0	0.0	2	6224	0	0
1.0	0.0	2	6225	0	0
1.0	0.0	2	6226	0	0
1.0	0.0	2	6227	0	0
1.0	0.0	2	6228	0	0
1.0	0.0	2	6229	0	0
1.0	0.0	2	6230	0	0
1.0	0.0	2	6231	0	0
1.0	0.0	2	6232	0	0
1.0	0.0	2	6233	0	0
1.0	0.0	2	6234	0	0
1.0	0.0	2	6235	0	0
1.0	0.0	2	6236	0	0
0.1976417139263314	0.8023582860736689	2	6237	1	1
1.0	0.0	2	6238	0	0
1.0	0.0	2	6239	0	0
1.0	0.0	2	6240	0	0
0.9621102435397982	0.03788975646020177	2	6241	0	0
1.0	0.0	2	6242	0	0
0.011488280074641673	0.9885117199253586	2	6243	1	1
1.0	0.0	2	6244	0	0
1.0	0.0	2	6245	0	0
1.0	0.0	2	6246	0	0
1.0	0.0	2	6247	0	0
0.9997447882149127	0.00025521178508726335	2	6248	0	0
0.9972347050408147	0.002765294959185391	2	6249	0	0
1.0	0.0	2	6250	0	0
1.0	0.0	2	6251	0	0
1.0	0.0	2	6252	0	0
1.0	0.0	2	6253	0	0
1.0	0.0	2	6254	0	0
1.0	0.0	2	6255	0	0
1.0	0.0	2	6256	0	0
0.9867929514474804	0.013207048552519626	2	6257	0	0
1.0	0.0	2	6258	0	0
1.0	0.0	2	6259	0	0
1.0	0.0	2	6260	0	0
1.0	0.0	2	6261	0	0
1.0	0.0	2	6262	0	0
1.0	0.0	2	6263	0	0
1.0	0.0	2	6264	0	0
1.0	0.0	2	6265	0	0
1.0	0.0	2	6266	0	0
1.0	0.0	2	6267	0	0
1.0	0.0	2	6268	0	0
0.1800147898228012	0.8199852101771985	2	6269	1	1
1.0	0.0	2	6270	0	0
1.0	0.0	2	6271	0	0
1.0	0.0	2	6272	0	0
1.0	0.0	2	6273	0	0
0.9997447882149127	0.00025521178508726335	2	6274	0	0
1.0	0.0	2	6275	0	0
0.9997447882149127	0.00025521178508726335	2	6276	0	0
0.9900770367423614	0.009922963257638733	2	6277	0	0
0.998748857404022	0.0012511425959780623	2	6278	0	0
0.998748857404022	0.0012511425959780623	2	6279	0	0
1.0	0.0	2	6280	0	0
1.0	0.0	2	6281	0	0
1.0	0.0	2	6282	0	0
1.0	0.0	2	6283	0	0
0.9997447882149127	0.00025521178508726335	2	6284	0	0
0.9997447882149127	0.00025521178508726335	2	6285	0	0
1.0	0.0	2	6286	0	0
1.0	0.0	2	6287	0	0
1.0	0.0	2	6288	0	0
1.0	0.0	2	6289	0	0
1.0	0.0	2	6290	0	0
0.9971606931439027	0.002839306856097299	2	6291	0	0
1.0	0.0	2	6292	0	0
1.0	0.0	2	6293	0	0
1.0	0.0	2	6294	0	0
1.0	0.0	2	6295	0	0
0.9954108832699168	0.0045891167300831795	2	6296	0	0
1.0	0.0	2	6297	0	0
1.0	0.0	2	6298	0	0
1.0	0.0	2	6299	0	0
1.0	0.0	2	6300	0	0
1.0	0.0	2	6301	0	0
1.0	0.0	2	6302	0	0
0.7946998729874425	0.2053001270125576	2	6303	0	0
0.9969251605370695	0.0030748394629305275	2	6304	0	0
1.0	0.0	2	6305	0	0
1.0	0.0	2	6306	0	0
0.9997447882149127	0.00025521178508726335	2	6307	0	0
1.0	0.0	2	6308	0	0
1.0	0.0	2	6309	0	0
1.0	0.0	2	6310	0	0
1.0	0.0	2	6311	0	0
1.0	0.0	2	6312	0	0
1.0	0.0	2	6313	0	0
1.0	0.0	2	6314	0	0
1.0	0.0	2	6315	0	0
1.0	0.0	2	6316	0	0
0.9967813556829879	0.003218644317012204	2	6317	0	0
1.0	0.0	2	6318	0	0
0.9967813556829879	0.003218644317012204	2	6319	0	0
1.0	0.0	2	6320	0	0
1.0	0.0	2	6321	0	0
1.0	0.0	2	6322	0	0
1.0	0.0	2	6323	0	0
1.0	0.0	2	6324	0	0
1.0	0.0	2	6325	0	0
1.0	0.0	2	6326	0	0
1.0	0.0	2	6327	0	0
1.0	0.0	2	6328	0	0
0.9840573868695145	0.015942613130485537	2	6329	0	0
1.0	0.0	2	6330	0	0
0.9967381058689287	0.0032618941310710923	2	6331	0	0
1.0	0.0	2	6332	0	0
1.0	0.0	2	6333	0	0
1.0	0.0	2	6334	0	0
1.0	0.0	2	6335	0	0
1.0	0.0	2	6336	0	0
1.0	0.0	2	6337	0	0
1.0	0.0	2	6338	0	0
1.0	0.0	2	6339	0	0
1.0	0.0	2	6340	0	0
1.0	0.0	2	6341	0	0
1.0	0.0	2	6342	0	0
1.0	0.0	2	6343	0	0
1.0	0.0	2	6344	0	0
1.0	0.0	2	6345	0	0
1.0	0.0	2	6346	0	0
1.0	0.0	2	6347	0	0
1.0	0.0	2	6348	0	0
1.0	0.0	2	6349	0	0
1.0	0.0	2	6350	0	0
0.9973974663499604	0.0026025336500395883	2	6351	0	0
0.9997447882149127	0.00025521178508726335	2	6352	0	0
1.0	0.0	2	6353	0	0
1.0	0.0	2	6354	0	0
1.0	0.0	2	6355	0	0
0.9997447882149127	0.00025521178508726335	2	6356	0	0
1.0	0.0	2	6357	0	0
0.6838429832639744	0.3161570167360254	2	6358	0	0
1.0	0.0	2	6359	0	0
1.0	0.0	2	6360	0	0
1.0	0.0	2	6361	0	0
1.0	0.0	2	6362	0	0
1.0	0.0	2	6363	0	0
1.0	0.0	2	6364	0	0
1.0	0.0	2	6365	0	0
1.0	0.0	2	6366	0	0
1.0	0.0	2	6367	0	0
1.0	0.0	2	6368	0	0
1.0	0.0	2	6369	0	0
1.0	0.0	2	6370	0	0
1.0	0.0	2	6371	0	0
1.0	0.0	2	6372	0	0
1.0	0.0	2	6373	0	0
1.0	0.0	2	6374	0	0
1.0	0.0	2	6375	0	0
0.8783083510471932	0.12169164895280675	2	6376	0	0
1.0	0.0	2	6377	0	0
0.998748857404022	0.0012511425959780623	2	6378	0	0
0.998748857404022	0.0012511425959780623	2	6379	0	0
1.0	0.0	2	6380	0	0
1.0	0.0	2	6381	0	0
1.0	0.0	2	6382	0	0
1.0	0.0	2	6383	0	0
0.9152985767581938	0.08470142324180634	2	6384	0	0
1.0	0.0	2	6385	0	0
1.0	0.0	2	6386	0	0
1.0	0.0	2	6387	0	0
1.0	0.0	2	6388	0	0
1.0	0.0	2	6389	0	0
1.0	0.0	2	6390	0	0
0.9846725956656138	0.01532740433438623	2	6391	0	0
1.0	0.0	2	6392	0	0
1.0	0.0	2	6393	0	0
1.0	0.0	2	6394	0	0
1.0	0.0	2	6395	0	0
1.0	0.0	2	6396	0	0
1.0	0.0	2	6397	0	0
1.0	0.0	2	6398	0	0
1.0	0.0	2	6399	0	0
1.0	0.0	2	6400	0	0
1.0	0.0	2	6401	0	0
1.0	0.0	2	6402	0	0
1.0	0.0	2	6403	0	0
1.0	0.0	2	6404	0	0
1.0	0.0	2	6405	0	0
1.0	0.0	2	6406	0	0
1.0	0.0	2	6407	0	0
1.0	0.0	2	6408	0	0
1.0	0.0	2	6409	0	0
1.0	0.0	2	6410	0	0
1.0	0.0	2	6411	0	0
1.0	0.0	2	6412	0	0
1.0	0.0	2	6413	0	0
1.0	0.0	2	6414	0	0
0.06462630160119169	0.9353736983988087	2	6415	1	1
1.0	0.0	2	6416	0	0
1.0	0.0	2	6417	0	0
1.0	0.0	2	6418	0	0
1.0	0.0	2	6419	0	0
1.0	0.0	2	6420	0	0
1.0	0.0	2	6421	0	0
1.0	0.0	2	6422	0	0
0.9967002657840629	0.003299734215937014	2	6423	0	0
1.0	0.0	2	6424	0	0
1.0	0.0	2	6425	0	0
1.0	0.0	2	6426	0	0
1.0	0.0	2	6427	0	0
0.9997447882149127	0.00025521178508726335	2	6428	0	0
1.0	0.0	2	6429	0	0
0.9997447882149127	0.00025521178508726335	2	6430	0	0
1.0	0.0	2	6431	0	0
1.0	0.0	2	6432	0	0
1.0	0.0	2	6433	0	0
1.0	0.0	2	6434	0	0
1.0	0.0	2	6435	0	0
0.9997447882149127	0.00025521178508726335	2	6436	0	0
0.9997447882149127	0.00025521178508726335	2	6437	0	0
1.0	0.0	2	6438	0	0
1.0	0.0	2	6439	0	0
1.0	0.0	2	6440	0	0
1.0	0.0	2	6441	0	0
1.0	0.0	2	6442	0	0
1.0	0.0	2	6443	0	0
1.0	0.0	2	6444	0	0
1.0	0.0	2	6445	0	0
1.0	0.0	2	6446	0	0
1.0	0.0	2	6447	0	0
1.0	0.0	2	6448	0	0
1.0	0.0	2	6449	0	0
1.0	0.0	2	6450	0	0
1.0	0.0	2	6451	0	0
1.0	0.0	2	6452	0	0
1.0	0.0	2	6453	0	0
1.0	0.0	2	6454	0	0
0.9869810726155452	0.013018927384454667	2	6455	0	0
1.0	0.0	2	6456	0	0
1.0	0.0	2	6457	0	0
0.9946074273388031	0.005392572661196845	2	6458	0	0
1.0	0.0	2	6459	0	0
0.9900764934947023	0.009923506505297856	2	6460	0	0
0.998748857404022	0.0012511425959780623	2	6461	0	0
1.0	0.0	2	6462	0	0
0.998748857404022	0.0012511425959780623	2	6463	0	0
1.0	0.0	2	6464	0	0
1.0	0.0	2	6465	0	0
1.0	0.0	2	6466	0	0
1.0	0.0	2	6467	0	0
1.0	0.0	2	6468	0	0
1.0	0.0	2	6469	0	0
1.0	0.0	2	6470	0	0
1.0	0.0	2	6471	0	0
1.0	0.0	2	6472	0	0
0.9943931859198933	0.005606814080106469	2	6473	0	0
0.08591470329901056	0.9140852967009895	2	6474	1	1
0.058609658308031574	0.9413903416919684	2	6475	1	1
0.9934020360062185	0.006597963993781655	2	6476	0	0
1.0	0.0	2	6477	0	0
1.0	0.0	2	6478	0	0
1.0	0.0	2	6479	0	0
1.0	0.0	2	6480	0	0
1.0	0.0	2	6481	0	0
1.0	0.0	2	6482	0	0
1.0	0.0	2	6483	0	0
1.0	0.0	2	6484	0	0
1.0	0.0	2	6485	0	0
1.0	0.0	2	6486	0	0
1.0	0.0	2	6487	0	0
1.0	0.0	2	6488	0	0
1.0	0.0	2	6489	0	0
1.0	0.0	2	6490	0	0
1.0	0.0	2	6491	0	0
1.0	0.0	2	6492	0	0
1.0	0.0	2	6493	0	0
1.0	0.0	2	6494	0	0
1.0	0.0	2	6495	0	0
0.449055463534512	0.5509445364654882	2	6496	0	1
1.0	0.0	2	6497	0	0
1.0	0.0	2	6498	0	0
1.0	0.0	2	6499	0	0
1.0	0.0	2	6500	0	0
1.0	0.0	2	6501	0	0
1.0	0.0	2	6502	0	0
1.0	0.0	2	6503	0	0
1.0	0.0	2	6504	0	0
1.0	0.0	2	6505	0	0
1.0	0.0	2	6506	0	0
1.0	0.0	2	6507	0	0
1.0	0.0	2	6508	0	0
1.0	0.0	2	6509	0	0
0.9997447882149127	0.00025521178508726335	2	6510	0	0
1.0	0.0	2	6511	0	0
0.9997447882149127	0.00025521178508726335	2	6512	0	0
1.0	0.0	2	6513	0	0
0.9966666666666667	0.0033333333333333335	2	6514	0	0
0.9789083790498243	0.021091620950175822	2	6515	0	0
1.0	0.0	2	6516	0	0
0.9789083790498243	0.021091620950175822	2	6517	0	0
0.97692746742877	0.023072532571230073	2	6518	0	0
1.0	0.0	2	6519	0	0
1.0	0.0	2	6520	0	0
1.0	0.0	2	6521	0	0
1.0	0.0	2	6522	0	0
1.0	0.0	2	6523	0	0
1.0	0.0	2	6524	0	0
1.0	0.0	2	6525	0	0
1.0	0.0	2	6526	0	0
1.0	0.0	2	6527	0	0
1.0	0.0	2	6528	0	0
1.0	0.0	2	6529	0	0
1.0	0.0	2	6530	0	0
0.9997447882149127	0.00025521178508726335	2	6531	0	0
0.9997447882149127	0.00025521178508726335	2	6532	0	0
1.0	0.0	2	6533	0	0
1.0	0.0	2	6534	0	0
1.0	0.0	2	6535	0	0
0.996698766175143	0.003301233824857057	2	6536	0	0
1.0	0.0	2	6537	0	0
1.0	0.0	2	6538	0	0
1.0	0.0	2	6539	0	0
1.0	0.0	2	6540	0	0
1.0	0.0	2	6541	0	0
1.0	0.0	2	6542	0	0
1.0	0.0	2	6543	0	0
1.0	0.0	2	6544	0	0
1.0	0.0	2	6545	0	0
1.0	0.0	2	6546	0	0
1.0	0.0	2	6547	0	0
1.0	0.0	2	6548	0	0
1.0	0.0	2	6549	0	0
1.0	0.0	2	6550	0	0
1.0	0.0	2	6551	0	0
1.0	0.0	2	6552	0	0
1.0	0.0	2	6553	0	0
1.0	0.0	2	6554	0	0
1.0	0.0	2	6555	0	0
0.9671345019034641	0.03286549809653572	2	6556	0	0
1.0	0.0	2	6557	0	0
1.0	0.0	2	6558	0	0
1.0	0.0	2	6559	0	0
1.0	0.0	2	6560	0	0
1.0	0.0	2	6561	0	0
1.0	0.0	2	6562	0	0
1.0	0.0	2	6563	0	0
1.0	0.0	2	6564	0	0
1.0	0.0	2	6565	0	0
1.0	0.0	2	6566	0	0
1.0	0.0	2	6567	0	0
1.0	0.0	2	6568	0	0
1.0	0.0	2	6569	0	0
1.0	0.0	2	6570	0	0
1.0	0.0	2	6571	0	0
0.9902282161791495	0.009771783820850482	2	6572	0	0
1.0	0.0	2	6573	0	0
1.0	0.0	2	6574	0	0
1.0	0.0	2	6575	0	0
1.0	0.0	2	6576	0	0
1.0	0.0	2	6577	0	0
1.0	0.0	2	6578	0	0
1.0	0.0	2	6579	0	0
0.9997447882149127	0.00025521178508726335	2	6580	0	0
1.0	0.0	2	6581	0	0
1.0	0.0	2	6582	0	0
1.0	0.0	2	6583	0	0
1.0	0.0	2	6584	0	0
1.0	0.0	2	6585	0	0
1.0	0.0	2	6586	0	0
1.0	0.0	2	6587	0	0
0.9968134898670629	0.003186510132937144	2	6588	0	0
0.9968134898670629	0.003186510132937144	2	6589	0	0
0.9968134898670629	0.003186510132937144	2	6590	0	0
1.0	0.0	2	6591	0	0
1.0	0.0	2	6592	0	0
0.9281737615716149	0.07182623842838495	2	6593	0	0
1.0	0.0	2	6594	0	0
1.0	0.0	2	6595	0	0
0.9987061041715767	0.0012938958284232833	2	6596	0	0
1.0	0.0	2	6597	0	0
0.9987061041715767	0.0012938958284232833	2	6598	0	0
1.0	0.0	2	6599	0	0
1.0	0.0	2	6600	0	0
0.9997447882149127	0.00025521178508726335	2	6601	0	0
0.9997447882149127	0.00025521178508726335	2	6602	0	0
1.0	0.0	2	6603	0	0
1.0	0.0	2	6604	0	0
1.0	0.0	2	6605	0	0
1.0	0.0	2	6606	0	0
1.0	0.0	2	6607	0	0
1.0	0.0	2	6608	0	0
1.0	0.0	2	6609	0	0
1.0	0.0	2	6610	0	0
1.0	0.0	2	6611	0	0
0.9966888050314465	0.003311194968553459	2	6612	0	0
1.0	0.0	2	6613	0	0
1.0	0.0	2	6614	0	0
0.9987061041715767	0.0012938958284232833	2	6615	0	0
1.0	0.0	2	6616	0	0
1.0	0.0	2	6617	0	0
1.0	0.0	2	6618	0	0
1.0	0.0	2	6619	0	0
1.0	0.0	2	6620	0	0
0.9835324787498931	0.016467521250106854	2	6621	0	0
0.9938942687753751	0.006105731224624802	2	6622	0	0
1.0	0.0	2	6623	0	0
1.0	0.0	2	6624	0	0
1.0	0.0	2	6625	0	0
1.0	0.0	2	6626	0	0
1.0	0.0	2	6627	0	0
1.0	0.0	2	6628	0	0
1.0	0.0	2	6629	0	0
1.0	0.0	2	6630	0	0
1.0	0.0	2	6631	0	0
1.0	0.0	2	6632	0	0
1.0	0.0	2	6633	0	0
1.0	0.0	2	6634	0	0
1.0	0.0	2	6635	0	0
1.0	0.0	2	6636	0	0
1.0	0.0	2	6637	0	0
1.0	0.0	2	6638	0	0
1.0	0.0	2	6639	0	0
1.0	0.0	2	6640	0	0
1.0	0.0	2	6641	0	0
1.0	0.0	2	6642	0	0
1.0	0.0	2	6643	0	0
1.0	0.0	2	6644	0	0
1.0	0.0	2	6645	0	0
1.0	0.0	2	6646	0	0
1.0	0.0	2	6647	0	0
1.0	0.0	2	6648	0	0
1.0	0.0	2	6649	0	0
1.0	0.0	2	6650	0	0
1.0	0.0	2	6651	0	0
1.0	0.0	2	6652	0	0
1.0	0.0	2	6653	0	0
1.0	0.0	2	6654	0	0
1.0	0.0	2	6655	0	0
1.0	0.0	2	6656	0	0
1.0	0.0	2	6657	0	0
1.0	0.0	2	6658	0	0
1.0	0.0	2	6659	0	0
1.0	0.0	2	6660	0	0
1.0	0.0	2	6661	0	0
1.0	0.0	2	6662	0	0
1.0	0.0	2	6663	0	0
1.0	0.0	2	6664	0	0
1.0	0.0	2	6665	0	0
1.0	0.0	2	6666	0	0
1.0	0.0	2	6667	0	0
1.0	0.0	2	6668	0	0
1.0	0.0	2	6669	0	0
1.0	0.0	2	6670	0	0
1.0	0.0	2	6671	0	0
0.9997447882149127	0.00025521178508726335	2	6672	0	0
1.0	0.0	2	6673	0	0
1.0	0.0	2	6674	0	0
1.0	0.0	2	6675	0	0
1.0	0.0	2	6676	0	0
1.0	0.0	2	6677	0	0
1.0	0.0	2	6678	0	0
0.998748857404022	0.0012511425959780623	2	6679	0	0
0.998748857404022	0.0012511425959780623	2	6680	0	0
1.0	0.0	2	6681	0	0
1.0	0.0	2	6682	0	0
1.0	0.0	2	6683	0	0
0.9997447882149127	0.00025521178508726335	2	6684	0	0
0.9997447882149127	0.00025521178508726335	2	6685	0	0
1.0	0.0	2	6686	0	0
0.9967007723944227	0.0032992276055772898	2	6687	0	0
1.0	0.0	2	6688	0	0
1.0	0.0	2	6689	0	0
1.0	0.0	2	6690	0	0
1.0	0.0	2	6691	0	0
1.0	0.0	2	6692	0	0
1.0	0.0	2	6693	0	0
1.0	0.0	2	6694	0	0
1.0	0.0	2	6695	0	0
1.0	0.0	2	6696	0	0
1.0	0.0	2	6697	0	0
1.0	0.0	2	6698	0	0
1.0	0.0	2	6699	0	0
1.0	0.0	2	6700	0	0
1.0	0.0	2	6701	0	0
1.0	0.0	2	6702	0	0
1.0	0.0	2	6703	0	0
1.0	0.0	2	6704	0	0
1.0	0.0	2	6705	0	0
1.0	0.0	2	6706	0	0
1.0	0.0	2	6707	0	0
1.0	0.0	2	6708	0	0
1.0	0.0	2	6709	0	0
1.0	0.0	2	6710	0	0
1.0	0.0	2	6711	0	0
0.9934870631838184	0.006512936816181589	2	6712	0	0
1.0	0.0	2	6713	0	0
0.9997447882149127	0.00025521178508726335	2	6714	0	0
1.0	0.0	2	6715	0	0
1.0	0.0	2	6716	0	0
1.0	0.0	2	6717	0	0
1.0	0.0	2	6718	0	0
1.0	0.0	2	6719	0	0
1.0	0.0	2	6720	0	0
1.0	0.0	2	6721	0	0
1.0	0.0	2	6722	0	0
1.0	0.0	2	6723	0	0
1.0	0.0	2	6724	0	0
1.0	0.0	2	6725	0	0
1.0	0.0	2	6726	0	0
1.0	0.0	2	6727	0	0
0.996698766175143	0.003301233824857057	2	6728	0	0
0.998748857404022	0.0012511425959780623	2	6729	0	0
0.998748857404022	0.0012511425959780623	2	6730	0	0
1.0	0.0	2	6731	0	0
1.0	0.0	2	6732	0	0
1.0	0.0	2	6733	0	0
1.0	0.0	2	6734	0	0
1.0	0.0	2	6735	0	0
1.0	0.0	2	6736	0	0
1.0	0.0	2	6737	0	0
1.0	0.0	2	6738	0	0
1.0	0.0	2	6739	0	0
1.0	0.0	2	6740	0	0
1.0	0.0	2	6741	0	0
1.0	0.0	2	6742	0	0
1.0	0.0	2	6743	0	0
1.0	0.0	2	6744	0	0
0.9987061041715767	0.0012938958284232833	2	6745	0	0
1.0	0.0	2	6746	0	0
0.9987061041715767	0.0012938958284232833	2	6747	0	0
1.0	0.0	2	6748	0	0
1.0	0.0	2	6749	0	0
1.0	0.0	2	6750	0	0
1.0	0.0	2	6751	0	0
1.0	0.0	2	6752	0	0
1.0	0.0	2	6753	0	0
1.0	0.0	2	6754	0	0
1.0	0.0	2	6755	0	0
1.0	0.0	2	6756	0	0
1.0	0.0	2	6757	0	0
1.0	0.0	2	6758	0	0
1.0	0.0	2	6759	0	0
1.0	0.0	2	6760	0	0
1.0	0.0	2	6761	0	0
1.0	0.0	2	6762	0	0
1.0	0.0	2	6763	0	0
1.0	0.0	2	6764	0	0
1.0	0.0	2	6765	0	0
1.0	0.0	2	6766	0	0
1.0	0.0	2	6767	0	0
0.9938603211206707	0.006139678879329167	2	6768	0	0
1.0	0.0	2	6769	0	0
1.0	0.0	2	6770	0	0
1.0	0.0	2	6771	0	0
1.0	0.0	2	6772	0	0
1.0	0.0	2	6773	0	0
1.0	0.0	2	6774	0	0
1.0	0.0	2	6775	0	0
1.0	0.0	2	6776	0	0
1.0	0.0	2	6777	0	0
1.0	0.0	2	6778	0	0
1.0	0.0	2	6779	0	0
1.0	0.0	2	6780	0	0
0.9997447882149127	0.00025521178508726335	2	6781	0	0
0.9997447882149127	0.00025521178508726335	2	6782	0	0
1.0	0.0	2	6783	0	0
1.0	0.0	2	6784	0	0
0.9967168201212666	0.0032831798787334382	2	6785	0	0
1.0	0.0	2	6786	0	0
1.0	0.0	2	6787	0	0
1.0	0.0	2	6788	0	0
1.0	0.0	2	6789	0	0
1.0	0.0	2	6790	0	0
1.0	0.0	2	6791	0	0
1.0	0.0	2	6792	0	0
1.0	0.0	2	6793	0	0
1.0	0.0	2	6794	0	0
1.0	0.0	2	6795	0	0
1.0	0.0	2	6796	0	0
1.0	0.0	2	6797	0	0
0.850245189084205	0.14975481091579507	2	6798	0	0
1.0	0.0	2	6799	0	0
1.0	0.0	2	6800	0	0
1.0	0.0	2	6801	0	0
1.0	0.0	2	6802	0	0
1.0	0.0	2	6803	0	0
1.0	0.0	2	6804	0	0
1.0	0.0	2	6805	0	0
1.0	0.0	2	6806	0	0
0.9933758103338713	0.006624189666128526	2	6807	0	0
0.9843259029706332	0.01567409702936686	2	6808	0	0
1.0	0.0	2	6809	0	0
1.0	0.0	2	6810	0	0
1.0	0.0	2	6811	0	0
1.0	0.0	2	6812	0	0
1.0	0.0	2	6813	0	0
1.0	0.0	2	6814	0	0
1.0	0.0	2	6815	0	0
1.0	0.0	2	6816	0	0
1.0	0.0	2	6817	0	0
1.0	0.0	2	6818	0	0
1.0	0.0	2	6819	0	0
1.0	0.0	2	6820	0	0
1.0	0.0	2	6821	0	0
1.0	0.0	2	6822	0	0
1.0	0.0	2	6823	0	0
1.0	0.0	2	6824	0	0
1.0	0.0	2	6825	0	0
1.0	0.0	2	6826	0	0
1.0	0.0	2	6827	0	0
0.9954008536826344	0.004599146317365663	2	6828	0	0
0.9954008536826344	0.004599146317365663	2	6829	0	0
1.0	0.0	2	6830	0	0
0.9638033020917474	0.03619669790825265	2	6831	0	0
1.0	0.0	2	6832	0	0
1.0	0.0	2	6833	0	0
1.0	0.0	2	6834	0	0
1.0	0.0	2	6835	0	0
1.0	0.0	2	6836	0	0
1.0	0.0	2	6837	0	0
1.0	0.0	2	6838	0	0
1.0	0.0	2	6839	0	0
1.0	0.0	2	6840	0	0
1.0	0.0	2	6841	0	0
1.0	0.0	2	6842	0	0
1.0	0.0	2	6843	0	0
1.0	0.0	2	6844	0	0
1.0	0.0	2	6845	0	0
0.9933780385136303	0.006621961486369646	2	6846	0	0
1.0	0.0	2	6847	0	0
1.0	0.0	2	6848	0	0
1.0	0.0	2	6849	0	0
1.0	0.0	2	6850	0	0
1.0	0.0	2	6851	0	0
1.0	0.0	2	6852	0	0
1.0	0.0	2	6853	0	0
1.0	0.0	2	6854	0	0
1.0	0.0	2	6855	0	0
1.0	0.0	2	6856	0	0
1.0	0.0	2	6857	0	0
0.9987061041715767	0.0012938958284232833	2	6858	0	0
1.0	0.0	2	6859	0	0
0.9974747067519054	0.0025252932480946074	2	6860	0	0
1.0	0.0	2	6861	0	0
1.0	0.0	2	6862	0	0
1.0	0.0	2	6863	0	0
1.0	0.0	2	6864	0	0
1.0	0.0	2	6865	0	0
1.0	0.0	2	6866	0	0
1.0	0.0	2	6867	0	0
1.0	0.0	2	6868	0	0
1.0	0.0	2	6869	0	0
1.0	0.0	2	6870	0	0
1.0	0.0	2	6871	0	0
1.0	0.0	2	6872	0	0
1.0	0.0	2	6873	0	0
1.0	0.0	2	6874	0	0
1.0	0.0	2	6875	0	0
0.9966931869681253	0.0033068130318747164	2	6876	0	0
1.0	0.0	2	6877	0	0
1.0	0.0	2	6878	0	0
1.0	0.0	2	6879	0	0
0.9953955823580607	0.004604417641939108	2	6880	0	0
0.9953955823580607	0.004604417641939108	2	6881	0	0
1.0	0.0	2	6882	0	0
1.0	0.0	2	6883	0	0
1.0	0.0	2	6884	0	0
1.0	0.0	2	6885	0	0
1.0	0.0	2	6886	0	0
1.0	0.0	2	6887	0	0
1.0	0.0	2	6888	0	0
1.0	0.0	2	6889	0	0
1.0	0.0	2	6890	0	0
1.0	0.0	2	6891	0	0
1.0	0.0	2	6892	0	0
1.0	0.0	2	6893	0	0
1.0	0.0	2	6894	0	0
1.0	0.0	2	6895	0	0
1.0	0.0	2	6896	0	0
1.0	0.0	2	6897	0	0
1.0	0.0	2	6898	0	0
1.0	0.0	2	6899	0	0
1.0	0.0	2	6900	0	0
1.0	0.0	2	6901	0	0
1.0	0.0	2	6902	0	0
1.0	0.0	2	6903	0	0
1.0	0.0	2	6904	0	0
1.0	0.0	2	6905	0	0
1.0	0.0	2	6906	0	0
1.0	0.0	2	6907	0	0
1.0	0.0	2	6908	0	0
1.0	0.0	2	6909	0	0
0.9969251605370695	0.0030748394629305275	2	6910	0	0
1.0	0.0	2	6911	0	0
1.0	0.0	2	6912	0	0
1.0	0.0	2	6913	0	0
1.0	0.0	2	6914	0	0
1.0	0.0	2	6915	0	0
1.0	0.0	2	6916	0	0
1.0	0.0	2	6917	0	0
1.0	0.0	2	6918	0	0
1.0	0.0	2	6919	0	0
1.0	0.0	2	6920	0	0
1.0	0.0	2	6921	0	0
1.0	0.0	2	6922	0	0
1.0	0.0	2	6923	0	0
1.0	0.0	2	6924	0	0
1.0	0.0	2	6925	0	0
1.0	0.0	2	6926	0	0
1.0	0.0	2	6927	0	0
1.0	0.0	2	6928	0	0
1.0	0.0	2	6929	0	0
1.0	0.0	2	6930	0	0
1.0	0.0	2	6931	0	0
1.0	0.0	2	6932	0	0
1.0	0.0	2	6933	0	0
1.0	0.0	2	6934	0	0
1.0	0.0	2	6935	0	0
1.0	0.0	2	6936	0	0
1.0	0.0	2	6937	0	0
1.0	0.0	2	6938	0	0
1.0	0.0	2	6939	0	0
1.0	0.0	2	6940	0	0
1.0	0.0	2	6941	0	0
1.0	0.0	2	6942	0	0
1.0	0.0	2	6943	0	0
1.0	0.0	2	6944	0	0
1.0	0.0	2	6945	0	0
0.983598669671639	0.016401330328361066	2	6946	0	0
0.9347827297894162	0.06521727021058352	2	6947	0	0
0.9702564043294778	0.029743595670522385	2	6948	0	0
1.0	0.0	2	6949	0	0
1.0	0.0	2	6950	0	0
1.0	0.0	2	6951	0	0
1.0	0.0	2	6952	0	0
1.0	0.0	2	6953	0	0
1.0	0.0	2	6954	0	0
1.0	0.0	2	6955	0	0
1.0	0.0	2	6956	0	0
1.0	0.0	2	6957	0	0
1.0	0.0	2	6958	0	0
1.0	0.0	2	6959	0	0
1.0	0.0	2	6960	0	0
0.9997447882149127	0.00025521178508726335	2	6961	0	0
1.0	0.0	2	6962	0	0
0.9997447882149127	0.00025521178508726335	2	6963	0	0
1.0	0.0	2	6964	0	0
1.0	0.0	2	6965	0	0
1.0	0.0	2	6966	0	0
1.0	0.0	2	6967	0	0
1.0	0.0	2	6968	0	0
1.0	0.0	2	6969	0	0
1.0	0.0	2	6970	0	0
1.0	0.0	2	6971	0	0
1.0	0.0	2	6972	0	0
1.0	0.0	2	6973	0	0
1.0	0.0	2	6974	0	0
0.993365592778715	0.006634407221285038	2	6975	0	0
1.0	0.0	2	6976	0	0
1.0	0.0	2	6977	0	0
1.0	0.0	2	6978	0	0
0.8333736111857925	0.1666263888142075	2	6979	0	0
0.9967582336434795	0.003241766356520455	2	6980	0	0
1.0	0.0	2	6981	0	0
1.0	0.0	2	6982	0	0
1.0	0.0	2	6983	0	0
1.0	0.0	2	6984	0	0
0.9770567759935506	0.022943224006449502	2	6985	0	0
1.0	0.0	2	6986	0	0
0.984654982580284	0.015345017419715813	2	6987	0	0
1.0	0.0	2	6988	0	0
1.0	0.0	2	6989	0	0
1.0	0.0	2	6990	0	0
1.0	0.0	2	6991	0	0
1.0	0.0	2	6992	0	0
1.0	0.0	2	6993	0	0
1.0	0.0	2	6994	0	0
1.0	0.0	2	6995	0	0
1.0	0.0	2	6996	0	0
1.0	0.0	2	6997	0	0
1.0	0.0	2	6998	0	0
1.0	0.0	2	6999	0	0
1.0	0.0	2	7000	0	0
1.0	0.0	2	7001	0	0
1.0	0.0	2	7002	0	0
1.0	0.0	2	7003	0	0
1.0	0.0	2	7004	0	0
1.0	0.0	2	7005	0	0
0.9997447882149127	0.00025521178508726335	2	7006	0	0
1.0	0.0	2	7007	0	0
0.9997447882149127	0.00025521178508726335	2	7008	0	0
1.0	0.0	2	7009	0	0
1.0	0.0	2	7010	0	0
1.0	0.0	2	7011	0	0
1.0	0.0	2	7012	0	0
1.0	0.0	2	7013	0	0
1.0	0.0	2	7014	0	0
1.0	0.0	2	7015	0	0
1.0	0.0	2	7016	0	0
1.0	0.0	2	7017	0	0
1.0	0.0	2	7018	0	0
1.0	0.0	2	7019	0	0
1.0	0.0	2	7020	0	0
1.0	0.0	2	7021	0	0
1.0	0.0	2	7022	0	0
1.0	0.0	2	7023	0	0
1.0	0.0	2	7024	0	0
1.0	0.0	2	7025	0	0
1.0	0.0	2	7026	0	0
1.0	0.0	2	7027	0	0
1.0	0.0	2	7028	0	0
1.0	0.0	2	7029	0	0
1.0	0.0	2	7030	0	0
0.9987061041715767	0.0012938958284232833	2	7031	0	0
1.0	0.0	2	7032	0	0
0.9987061041715767	0.0012938958284232833	2	7033	0	0
1.0	0.0	2	7034	0	0
1.0	0.0	2	7035	0	0
1.0	0.0	2	7036	0	0
1.0	0.0	2	7037	0	0
1.0	0.0	2	7038	0	0
1.0	0.0	2	7039	0	0
1.0	0.0	2	7040	0	0
1.0	0.0	2	7041	0	0
1.0	0.0	2	7042	0	0
1.0	0.0	2	7043	0	0
1.0	0.0	2	7044	0	0
1.0	0.0	2	7045	0	0
1.0	0.0	2	7046	0	0
1.0	0.0	2	7047	0	0
1.0	0.0	2	7048	0	0
0.9867775673709637	0.013222432629036338	2	7049	0	0
1.0	0.0	2	7050	0	0
0.9997447882149127	0.00025521178508726335	2	7051	0	0
0.9997447882149127	0.00025521178508726335	2	7052	0	0
1.0	0.0	2	7053	0	0
1.0	0.0	2	7054	0	0
0.9867364713045644	0.013263528695435603	2	7055	0	0
1.0	0.0	2	7056	0	0
1.0	0.0	2	7057	0	0
1.0	0.0	2	7058	0	0
0.986767815282523	0.013232184717477018	2	7059	0	0
0.12050753789164953	0.8794924621083507	2	7060	1	1
1.0	0.0	2	7061	0	0
0.033304148305075935	0.9666958516949239	2	7062	1	1
1.0	0.0	2	7063	0	0
1.0	0.0	2	7064	0	0
0.9997447882149127	0.00025521178508726335	2	7065	0	0
1.0	0.0	2	7066	0	0
0.9976756134290016	0.002324386570998319	2	7067	0	0
1.0	0.0	2	7068	0	0
1.0	0.0	2	7069	0	0
1.0	0.0	2	7070	0	0
1.0	0.0	2	7071	0	0
1.0	0.0	2	7072	0	0
1.0	0.0	2	7073	0	0
0.9966777727295674	0.0033222272704326317	2	7074	1	0
0.9966777727295674	0.0033222272704326317	2	7075	1	0
1.0	0.0	2	7076	1	0
1.0	0.0	2	7077	0	0
0.244421108473201	0.7555788915267987	2	7078	1	1
1.0	0.0	2	7079	0	0
1.0	0.0	2	7080	0	0
1.0	0.0	2	7081	0	0
1.0	0.0	2	7082	0	0
1.0	0.0	2	7083	0	0
1.0	0.0	2	7084	0	0
1.0	0.0	2	7085	0	0
0.11657347651248713	0.8834265234875128	2	7086	1	1
0.9903785325692498	0.009621467430750012	2	7087	0	0
1.0	0.0	2	7088	0	0
1.0	0.0	2	7089	0	0
1.0	0.0	2	7090	0	0
1.0	0.0	2	7091	0	0
1.0	0.0	2	7092	0	0
1.0	0.0	2	7093	0	0
1.0	0.0	2	7094	0	0
1.0	0.0	2	7095	0	0
1.0	0.0	2	7096	0	0
1.0	0.0	2	7097	0	0
1.0	0.0	2	7098	0	0
1.0	0.0	2	7099	0	0
1.0	0.0	2	7100	0	0
1.0	0.0	2	7101	0	0
1.0	0.0	2	7102	0	0
1.0	0.0	2	7103	0	0
1.0	0.0	2	7104	0	0
1.0	0.0	2	7105	0	0
0.891561866036274	0.10843813396372605	2	7106	0	0
1.0	0.0	2	7107	0	0
1.0	0.0	2	7108	0	0
1.0	0.0	2	7109	0	0
1.0	0.0	2	7110	0	0
1.0	0.0	2	7111	0	0
0.8917063565286103	0.1082936434713896	2	7112	0	0
0.9997447882149127	0.00025521178508726335	2	7113	0	0
1.0	0.0	2	7114	0	0
1.0	0.0	2	7115	0	0
1.0	0.0	2	7116	0	0
1.0	0.0	2	7117	0	0
1.0	0.0	2	7118	0	0
1.0	0.0	2	7119	0	0
1.0	0.0	2	7120	0	0
1.0	0.0	2	7121	0	0
1.0	0.0	2	7122	0	0
1.0	0.0	2	7123	0	0
1.0	0.0	2	7124	0	0
1.0	0.0	2	7125	0	0
0.9150289722201056	0.08497102777989451	2	7126	1	0
1.0	0.0	2	7127	0	0
1.0	0.0	2	7128	0	0
1.0	0.0	2	7129	0	0
1.0	0.0	2	7130	0	0
1.0	0.0	2	7131	0	0
1.0	0.0	2	7132	0	0
1.0	0.0	2	7133	0	0
1.0	0.0	2	7134	0	0
0.9987061041715767	0.0012938958284232833	2	7135	0	0
0.9987061041715767	0.0012938958284232833	2	7136	0	0
1.0	0.0	2	7137	0	0
1.0	0.0	2	7138	0	0
1.0	0.0	2	7139	0	0
1.0	0.0	2	7140	0	0
1.0	0.0	2	7141	0	0
0.9967243350733284	0.0032756649266716385	2	7142	0	0
1.0	0.0	2	7143	0	0
0.9967243350733284	0.0032756649266716385	2	7144	0	0
1.0	0.0	2	7145	0	0
1.0	0.0	2	7146	0	0
0.9997447882149127	0.00025521178508726335	2	7147	0	0
1.0	0.0	2	7148	0	0
1.0	0.0	2	7149	0	0
1.0	0.0	2	7150	0	0
0.9805320762556792	0.01946792374432104	2	7151	0	0
1.0	0.0	2	7152	0	0
1.0	0.0	2	7153	0	0
1.0	0.0	2	7154	0	0
1.0	0.0	2	7155	0	0
1.0	0.0	2	7156	0	0
1.0	0.0	2	7157	0	0
1.0	0.0	2	7158	0	0
1.0	0.0	2	7159	0	0
1.0	0.0	2	7160	0	0
1.0	0.0	2	7161	0	0
1.0	0.0	2	7162	0	0
1.0	0.0	2	7163	0	0
1.0	0.0	2	7164	0	0
1.0	0.0	2	7165	0	0
1.0	0.0	2	7166	0	0
1.0	0.0	2	7167	0	0
1.0	0.0	2	7168	0	0
1.0	0.0	2	7169	0	0
1.0	0.0	2	7170	0	0
1.0	0.0	2	7171	0	0
1.0	0.0	2	7172	0	0
1.0	0.0	2	7173	0	0
1.0	0.0	2	7174	0	0
1.0	0.0	2	7175	0	0
1.0	0.0	2	7176	0	0
1.0	0.0	2	7177	0	0
1.0	0.0	2	7178	0	0
0.9177769506841262	0.08222304931587378	2	7179	0	0
0.9967118133935289	0.0032881866064710303	2	7180	1	0
0.9967799186154827	0.0032200813845173312	2	7181	0	0
0.9870023072614104	0.012997692738589422	2	7182	0	0
0.9934676908025292	0.006532309197470829	2	7183	0	0
0.9867370594323722	0.01326294056762767	2	7184	0	0
0.9933669324507296	0.006633067549270347	2	7185	0	0
0.9933461350581974	0.006653864941802685	2	7186	0	0
0.9900880767387628	0.00991192326123727	2	7187	0	0
0.36934111665148156	0.6306588833485186	2	7188	1	1
0.20987904081117206	0.7901209591888282	2	7189	1	1
0.947306958251642	0.05269304174835802	2	7190	0	0
0.9935522100268211	0.006447789973178944	2	7191	0	0
1.0	0.0	2	7192	0	0
1.0	0.0	2	7193	0	0
1.0	0.0	2	7194	0	0
1.0	0.0	2	7195	0	0
0.9987061041715767	0.0012938958284232833	2	7196	0	0
1.0	0.0	2	7197	0	0
0.9987061041715767	0.0012938958284232833	2	7198	0	0
1.0	0.0	2	7199	0	0
1.0	0.0	2	7200	0	0
1.0	0.0	2	7201	0	0
0.9968479877200556	0.003152012279944355	2	7202	0	0
1.0	0.0	2	7203	0	0
1.0	0.0	2	7204	0	0
1.0	0.0	2	7205	0	0
0.9968479877200556	0.003152012279944355	2	7206	0	0
1.0	0.0	2	7207	0	0
1.0	0.0	2	7208	0	0
1.0	0.0	2	7209	0	0
0.8982187527298163	0.10178124727018362	2	7210	0	0
1.0	0.0	2	7211	0	0
0.9997447882149127	0.00025521178508726335	2	7212	0	0
0.9997447882149127	0.00025521178508726335	2	7213	0	0
1.0	0.0	2	7214	0	0
1.0	0.0	2	7215	0	0
1.0	0.0	2	7216	0	0
1.0	0.0	2	7217	0	0
1.0	0.0	2	7218	0	0
0.9967022717015194	0.003297728298480518	2	7219	0	0
1.0	0.0	2	7220	0	0
0.9209472358208547	0.07905276417914528	2	7221	0	0
0.9997447882149127	0.00025521178508726335	2	7222	0	0
1.0	0.0	2	7223	0	0
1.0	0.0	2	7224	0	0
1.0	0.0	2	7225	0	0
0.9997447882149127	0.00025521178508726335	2	7226	0	0
1.0	0.0	2	7227	0	0
1.0	0.0	2	7228	0	0
0.9969439025832003	0.0030560974167996666	2	7229	0	0
1.0	0.0	2	7230	0	0
1.0	0.0	2	7231	0	0
1.0	0.0	2	7232	0	0
1.0	0.0	2	7233	0	0
1.0	0.0	2	7234	0	0
0.05172291901843522	0.9482770809815647	2	7235	1	1
1.0	0.0	2	7236	0	0
1.0	0.0	2	7237	0	0
1.0	0.0	2	7238	0	0
1.0	0.0	2	7239	0	0
1.0	0.0	2	7240	0	0
1.0	0.0	2	7241	0	0
1.0	0.0	2	7242	0	0
1.0	0.0	2	7243	0	0
1.0	0.0	2	7244	0	0
1.0	0.0	2	7245	0	0
1.0	0.0	2	7246	0	0
0.9969388896657809	0.0030611103342189907	2	7247	0	0
0.9997447882149127	0.00025521178508726335	2	7248	0	0
0.9997447882149127	0.00025521178508726335	2	7249	0	0
1.0	0.0	2	7250	0	0
1.0	0.0	2	7251	0	0
1.0	0.0	2	7252	0	0
1.0	0.0	2	7253	0	0
1.0	0.0	2	7254	0	0
0.9738618858854147	0.026138114114585317	2	7255	0	0
1.0	0.0	2	7256	0	0
0.9933711691643843	0.006628830835615564	2	7257	0	0
1.0	0.0	2	7258	0	0
1.0	0.0	2	7259	0	0
1.0	0.0	2	7260	0	0
1.0	0.0	2	7261	0	0
1.0	0.0	2	7262	0	0
0.9872838252964713	0.012716174703528562	2	7263	0	0
1.0	0.0	2	7264	0	0
1.0	0.0	2	7265	0	0
1.0	0.0	2	7266	0	0
1.0	0.0	2	7267	0	0
1.0	0.0	2	7268	0	0
1.0	0.0	2	7269	0	0
1.0	0.0	2	7270	0	0
1.0	0.0	2	7271	0	0
1.0	0.0	2	7272	0	0
1.0	0.0	2	7273	0	0
1.0	0.0	2	7274	0	0
1.0	0.0	2	7275	0	0
1.0	0.0	2	7276	0	0
0.9868351926076613	0.013164807392338752	2	7277	0	0
0.9868351926076613	0.013164807392338752	2	7278	0	0
0.9747015233405839	0.02529847665941601	2	7279	0	0
1.0	0.0	2	7280	0	0
0.9967410714285715	0.003258928571428572	2	7281	0	0
1.0	0.0	2	7282	0	0
1.0	0.0	2	7283	0	0
1.0	0.0	2	7284	0	0
1.0	0.0	2	7285	0	0
1.0	0.0	2	7286	0	0
1.0	0.0	2	7287	0	0
1.0	0.0	2	7288	0	0
1.0	0.0	2	7289	0	0
1.0	0.0	2	7290	0	0
1.0	0.0	2	7291	0	0
1.0	0.0	2	7292	0	0
1.0	0.0	2	7293	0	0
1.0	0.0	2	7294	0	0
1.0	0.0	2	7295	0	0
0.9936094718901649	0.006390528109835145	2	7296	0	0
1.0	0.0	2	7297	0	0
1.0	0.0	2	7298	0	0
1.0	0.0	2	7299	0	0
0.8660420733352528	0.13395792666474707	2	7300	0	0
1.0	0.0	2	7301	0	0
1.0	0.0	2	7302	0	0
1.0	0.0	2	7303	0	0
1.0	0.0	2	7304	0	0
0.97157554213454	0.028424457865459864	2	7305	0	0
1.0	0.0	2	7306	0	0
1.0	0.0	2	7307	0	0
1.0	0.0	2	7308	0	0
1.0	0.0	2	7309	0	0
1.0	0.0	2	7310	0	0
0.9997447882149127	0.00025521178508726335	2	7311	0	0
1.0	0.0	2	7312	0	0
1.0	0.0	2	7313	0	0
1.0	0.0	2	7314	0	0
0.9805320762556792	0.01946792374432104	2	7315	0	0
1.0	0.0	2	7316	0	0
1.0	0.0	2	7317	0	0
1.0	0.0	2	7318	0	0
1.0	0.0	2	7319	0	0
0.9997447882149127	0.00025521178508726335	2	7320	0	0
1.0	0.0	2	7321	0	0
1.0	0.0	2	7322	0	0
1.0	0.0	2	7323	0	0
1.0	0.0	2	7324	0	0
1.0	0.0	2	7325	0	0
1.0	0.0	2	7326	0	0
1.0	0.0	2	7327	0	0
1.0	0.0	2	7328	0	0
0.9938634717576051	0.006136528242394822	2	7329	0	0
1.0	0.0	2	7330	0	0
1.0	0.0	2	7331	0	0
1.0	0.0	2	7332	0	0
1.0	0.0	2	7333	0	0
1.0	0.0	2	7334	0	0
0.9997447882149127	0.00025521178508726335	2	7335	0	0
1.0	0.0	2	7336	0	0
1.0	0.0	2	7337	0	0
0.9997447882149127	0.00025521178508726335	2	7338	0	0
1.0	0.0	2	7339	0	0
1.0	0.0	2	7340	0	0
1.0	0.0	2	7341	0	0
1.0	0.0	2	7342	0	0
1.0	0.0	2	7343	0	0
1.0	0.0	2	7344	0	0
1.0	0.0	2	7345	0	0
1.0	0.0	2	7346	0	0
1.0	0.0	2	7347	0	0
1.0	0.0	2	7348	0	0
1.0	0.0	2	7349	0	0
1.0	0.0	2	7350	0	0
0.9905306399790917	0.009469360020908212	2	7351	0	0
0.9878960616456712	0.012103938354328679	2	7352	0	0
1.0	0.0	2	7353	0	0
1.0	0.0	2	7354	0	0
1.0	0.0	2	7355	0	0
1.0	0.0	2	7356	0	0
1.0	0.0	2	7357	0	0
1.0	0.0	2	7358	0	0
1.0	0.0	2	7359	0	0
0.9904255958774422	0.0095744041225578	2	7360	0	0
1.0	0.0	2	7361	0	0
1.0	0.0	2	7362	0	0
1.0	0.0	2	7363	0	0
0.9968479877200556	0.003152012279944355	2	7364	0	0
1.0	0.0	2	7365	0	0
1.0	0.0	2	7366	0	0
1.0	0.0	2	7367	0	0
1.0	0.0	2	7368	0	0
1.0	0.0	2	7369	0	0
1.0	0.0	2	7370	0	0
1.0	0.0	2	7371	0	0
1.0	0.0	2	7372	0	0
1.0	0.0	2	7373	0	0
1.0	0.0	2	7374	0	0
1.0	0.0	2	7375	0	0
0.9997447882149127	0.00025521178508726335	2	7376	0	0
1.0	0.0	2	7377	0	0
1.0	0.0	2	7378	0	0
1.0	0.0	2	7379	0	0
1.0	0.0	2	7380	0	0
1.0	0.0	2	7381	0	0
1.0	0.0	2	7382	0	0
0.9997447882149127	0.00025521178508726335	2	7383	0	0
0.9997447882149127	0.00025521178508726335	2	7384	0	0
1.0	0.0	2	7385	0	0
1.0	0.0	2	7386	0	0
1.0	0.0	2	7387	0	0
1.0	0.0	2	7388	0	0
1.0	0.0	2	7389	0	0
1.0	0.0	2	7390	0	0
0.9997447882149127	0.00025521178508726335	2	7391	0	0
1.0	0.0	2	7392	0	0
1.0	0.0	2	7393	0	0
0.990149810614822	0.009850189385178098	2	7394	0	0
1.0	0.0	2	7395	0	0
1.0	0.0	2	7396	0	0
1.0	0.0	2	7397	0	0
1.0	0.0	2	7398	0	0
1.0	0.0	2	7399	0	0
1.0	0.0	2	7400	0	0
1.0	0.0	2	7401	0	0
1.0	0.0	2	7402	0	0
1.0	0.0	2	7403	0	0
1.0	0.0	2	7404	0	0
0.9997447882149127	0.00025521178508726335	2	7405	0	0
1.0	0.0	2	7406	0	0
1.0	0.0	2	7407	0	0
1.0	0.0	2	7408	0	0
1.0	0.0	2	7409	0	0
1.0	0.0	2	7410	0	0
1.0	0.0	2	7411	0	0
1.0	0.0	2	7412	0	0
0.9967022717015194	0.003297728298480518	2	7413	0	0
1.0	0.0	2	7414	0	0
0.9967022717015194	0.003297728298480518	2	7415	0	0
1.0	0.0	2	7416	0	0
1.0	0.0	2	7417	0	0
1.0	0.0	2	7418	0	0
1.0	0.0	2	7419	0	0
1.0	0.0	2	7420	0	0
1.0	0.0	2	7421	0	0
1.0	0.0	2	7422	0	0
0.9969251605370695	0.0030748394629305275	2	7423	0	0
1.0	0.0	2	7424	0	0
1.0	0.0	2	7425	0	0
1.0	0.0	2	7426	0	0
1.0	0.0	2	7427	0	0
0.9867504110327038	0.013249588967296201	2	7428	0	0
0.9987061041715767	0.0012938958284232833	2	7429	0	0
1.0	0.0	2	7430	0	0
1.0	0.0	2	7431	0	0
1.0	0.0	2	7432	0	0
1.0	0.0	2	7433	0	0
1.0	0.0	2	7434	0	0
1.0	0.0	2	7435	0	0
1.0	0.0	2	7436	0	0
1.0	0.0	2	7437	0	0
1.0	0.0	2	7438	0	0
1.0	0.0	2	7439	0	0
1.0	0.0	2	7440	0	0
0.9868373571679744	0.013162642832025695	2	7441	0	0
1.0	0.0	2	7442	0	0
1.0	0.0	2	7443	0	0
0.9803315626271579	0.01966843737284208	2	7444	0	0
1.0	0.0	2	7445	0	0
0.9811511830934705	0.018848816906529446	2	7446	0	0
1.0	0.0	2	7447	0	0
1.0	0.0	2	7448	0	0
1.0	0.0	2	7449	0	0
0.9997447882149127	0.00025521178508726335	2	7450	0	0
1.0	0.0	2	7451	0	0
1.0	0.0	2	7452	0	0
1.0	0.0	2	7453	0	0
0.9935616338839486	0.006438366116051467	2	7454	0	0
0.9968479877200556	0.003152012279944355	2	7455	0	0
1.0	0.0	2	7456	0	0
0.990235099419641	0.009764900580358959	2	7457	0	0
1.0	0.0	2	7458	0	0
0.9968479877200556	0.003152012279944355	2	7459	0	0
1.0	0.0	2	7460	0	0
1.0	0.0	2	7461	0	0
1.0	0.0	2	7462	0	0
1.0	0.0	2	7463	0	0
1.0	0.0	2	7464	0	0
1.0	0.0	2	7465	0	0
1.0	0.0	2	7466	0	0
1.0	0.0	2	7467	0	0
1.0	0.0	2	7468	0	0
1.0	0.0	2	7469	0	0
1.0	0.0	2	7470	0	0
0.9997447882149127	0.00025521178508726335	2	7471	0	0
1.0	0.0	2	7472	0	0
1.0	0.0	2	7473	0	0
1.0	0.0	2	7474	0	0
1.0	0.0	2	7475	0	0
1.0	0.0	2	7476	0	0
1.0	0.0	2	7477	0	0
1.0	0.0	2	7478	0	0
0.9967057820570684	0.0032942179429316485	2	7479	0	0
1.0	0.0	2	7480	0	0
1.0	0.0	2	7481	0	0
1.0	0.0	2	7482	0	0
1.0	0.0	2	7483	0	0
1.0	0.0	2	7484	0	0
1.0	0.0	2	7485	0	0
1.0	0.0	2	7486	0	0
1.0	0.0	2	7487	0	0
1.0	0.0	2	7488	0	0
1.0	0.0	2	7489	0	0
0.9936269307592249	0.006373069240775169	2	7490	0	0
1.0	0.0	2	7491	0	0
1.0	0.0	2	7492	0	0
1.0	0.0	2	7493	0	0
1.0	0.0	2	7494	0	0
1.0	0.0	2	7495	0	0
1.0	0.0	2	7496	0	0
1.0	0.0	2	7497	0	0
1.0	0.0	2	7498	0	0
1.0	0.0	2	7499	0	0
1.0	0.0	2	7500	0	0
1.0	0.0	2	7501	0	0
1.0	0.0	2	7502	0	0
1.0	0.0	2	7503	0	0
0.9901535473560447	0.009846452643955308	2	7504	0	0
1.0	0.0	2	7505	0	0
0.9997447882149127	0.00025521178508726335	2	7506	0	0
1.0	0.0	2	7507	0	0
1.0	0.0	2	7508	0	0
1.0	0.0	2	7509	0	0
0.9803848273696	0.01961517263039999	2	7510	0	0
1.0	0.0	2	7511	0	0
1.0	0.0	2	7512	0	0
1.0	0.0	2	7513	0	0
0.11580306464033299	0.884196935359667	2	7514	1	1
1.0	0.0	2	7515	0	0
1.0	0.0	2	7516	0	0
1.0	0.0	2	7517	0	0
1.0	0.0	2	7518	0	0
0.9771258187415034	0.022874181258496506	2	7519	0	0
1.0	0.0	2	7520	0	0
1.0	0.0	2	7521	0	0
1.0	0.0	2	7522	0	0
1.0	0.0	2	7523	0	0
1.0	0.0	2	7524	0	0
1.0	0.0	2	7525	0	0
1.0	0.0	2	7526	0	0
1.0	0.0	2	7527	0	0
1.0	0.0	2	7528	0	0
0.9867577759202986	0.013242224079701609	2	7529	0	0
1.0	0.0	2	7530	0	0
1.0	0.0	2	7531	0	0
1.0	0.0	2	7532	0	0
1.0	0.0	2	7533	0	0
1.0	0.0	2	7534	0	0
0.9967123561281303	0.0032876438718697724	2	7535	0	0
1.0	0.0	2	7536	0	0
1.0	0.0	2	7537	0	0
1.0	0.0	2	7538	0	0
1.0	0.0	2	7539	0	0
1.0	0.0	2	7540	0	0
1.0	0.0	2	7541	0	0
1.0	0.0	2	7542	0	0
1.0	0.0	2	7543	0	0
1.0	0.0	2	7544	0	0
1.0	0.0	2	7545	0	0
1.0	0.0	2	7546	0	0
1.0	0.0	2	7547	0	0
0.996681507715659	0.003318492284341007	2	7548	0	0
1.0	0.0	2	7549	0	0
1.0	0.0	2	7550	0	0
1.0	0.0	2	7551	0	0
1.0	0.0	2	7552	0	0
1.0	0.0	2	7553	0	0
0.9967027786137025	0.003297221386297522	2	7554	0	0
1.0	0.0	2	7555	0	0
1.0	0.0	2	7556	0	0
0.9997447882149127	0.00025521178508726335	2	7557	0	0
0.9997447882149127	0.00025521178508726335	2	7558	0	0
0.9934183052972039	0.006581694702796089	2	7559	0	0
1.0	0.0	2	7560	0	0
1.0	0.0	2	7561	0	0
1.0	0.0	2	7562	0	0
1.0	0.0	2	7563	0	0
1.0	0.0	2	7564	0	0
1.0	0.0	2	7565	0	0
0.9968197229487551	0.003180277051244793	2	7566	0	0
1.0	0.0	2	7567	0	0
1.0	0.0	2	7568	0	0
0.9933936566554811	0.00660634334451899	2	7569	0	0
0.921190596716523	0.07880940328347698	2	7570	0	0
1.0	0.0	2	7571	0	0
1.0	0.0	2	7572	0	0
1.0	0.0	2	7573	0	0
1.0	0.0	2	7574	0	0
1.0	0.0	2	7575	0	0
1.0	0.0	2	7576	0	0
1.0	0.0	2	7577	0	0
1.0	0.0	2	7578	0	0
1.0	0.0	2	7579	0	0
0.996749863814193	0.0032501361858069625	2	7580	0	0
1.0	0.0	2	7581	0	0
1.0	0.0	2	7582	0	0
1.0	0.0	2	7583	0	0
1.0	0.0	2	7584	0	0
1.0	0.0	2	7585	0	0
1.0	0.0	2	7586	0	0
1.0	0.0	2	7587	0	0
1.0	0.0	2	7588	0	0
1.0	0.0	2	7589	0	0
0.9967062835364326	0.003293716463567524	2	7590	0	0
1.0	0.0	2	7591	0	0
1.0	0.0	2	7592	0	0
1.0	0.0	2	7593	0	0
1.0	0.0	2	7594	0	0
1.0	0.0	2	7595	0	0
1.0	0.0	2	7596	0	0
1.0	0.0	2	7597	0	0
1.0	0.0	2	7598	0	0
1.0	0.0	2	7599	0	0
1.0	0.0	2	7600	0	0
1.0	0.0	2	7601	0	0
1.0	0.0	2	7602	0	0
1.0	0.0	2	7603	0	0
1.0	0.0	2	7604	0	0
0.9872803149409225	0.01271968505907743	2	7605	0	0
1.0	0.0	2	7606	0	0
1.0	0.0	2	7607	0	0
0.08771678721603961	0.9122832127839602	2	7608	0	1
0.46908394060941305	0.530916059390587	2	7609	0	1
1.0	0.0	2	7610	0	0
1.0	0.0	2	7611	0	0
1.0	0.0	2	7612	0	0
0.9417450409297785	0.05825495907022165	2	7613	0	0
1.0	0.0	2	7614	0	0
1.0	0.0	2	7615	0	0
0.9902333153442565	0.009766684655743558	2	7616	0	0
0.16441127342373102	0.8355887265762686	2	7617	0	1
1.0	0.0	2	7618	0	0
1.0	0.0	2	7619	0	0
1.0	0.0	2	7620	0	0
0.9878960616456712	0.012103938354328679	2	7621	0	0
1.0	0.0	2	7622	0	0
1.0	0.0	2	7623	0	0
1.0	0.0	2	7624	0	0
1.0	0.0	2	7625	0	0
1.0	0.0	2	7626	0	0
1.0	0.0	2	7627	0	0
1.0	0.0	2	7628	0	0
1.0	0.0	2	7629	0	0
1.0	0.0	2	7630	0	0
1.0	0.0	2	7631	0	0
1.0	0.0	2	7632	0	0
1.0	0.0	2	7633	0	0
1.0	0.0	2	7634	0	0
0.9997447882149127	0.00025521178508726335	2	7635	0	0
1.0	0.0	2	7636	0	0
1.0	0.0	2	7637	0	0
1.0	0.0	2	7638	0	0
1.0	0.0	2	7639	0	0
1.0	0.0	2	7640	0	0
1.0	0.0	2	7641	0	0
1.0	0.0	2	7642	0	0
1.0	0.0	2	7643	0	0
1.0	0.0	2	7644	0	0
1.0	0.0	2	7645	0	0
0.02108098218272816	0.9789190178172718	2	7646	1	1
1.0	0.0	2	7647	0	0
1.0	0.0	2	7648	0	0
1.0	0.0	2	7649	0	0
1.0	0.0	2	7650	0	0
1.0	0.0	2	7651	0	0
1.0	0.0	2	7652	0	0
1.0	0.0	2	7653	0	0
1.0	0.0	2	7654	0	0
1.0	0.0	2	7655	0	0
0.9933727015749589	0.0066272984250410035	2	7656	0	0
0.9997447882149127	0.00025521178508726335	2	7657	0	0
1.0	0.0	2	7658	0	0
0.9997447882149127	0.00025521178508726335	2	7659	0	0
1.0	0.0	2	7660	0	0
1.0	0.0	2	7661	0	0
1.0	0.0	2	7662	0	0
1.0	0.0	2	7663	0	0
1.0	0.0	2	7664	0	0
1.0	0.0	2	7665	0	0
1.0	0.0	2	7666	0	0
1.0	0.0	2	7667	0	0
0.9938827922489811	0.006117207751018657	2	7668	0	0
1.0	0.0	2	7669	0	0
1.0	0.0	2	7670	0	0
1.0	0.0	2	7671	0	0
1.0	0.0	2	7672	0	0
1.0	0.0	2	7673	0	0
1.0	0.0	2	7674	0	0
1.0	0.0	2	7675	0	0
1.0	0.0	2	7676	0	0
1.0	0.0	2	7677	0	0
1.0	0.0	2	7678	0	0
1.0	0.0	2	7679	0	0
1.0	0.0	2	7680	0	0
1.0	0.0	2	7681	0	0
1.0	0.0	2	7682	0	0
1.0	0.0	2	7683	0	0
1.0	0.0	2	7684	0	0
0.9943931859198933	0.005606814080106469	2	7685	0	0
1.0	0.0	2	7686	0	0
1.0	0.0	2	7687	0	0
1.0	0.0	2	7688	0	0
1.0	0.0	2	7689	0	0
1.0	0.0	2	7690	0	0
1.0	0.0	2	7691	0	0
1.0	0.0	2	7692	0	0
0.9967032746602477	0.003296725339752269	2	7693	0	0
1.0	0.0	2	7694	0	0
1.0	0.0	2	7695	0	0
1.0	0.0	2	7696	0	0
1.0	0.0	2	7697	0	0
0.9905871524447873	0.009412847555212722	2	7698	0	0
0.9905871524447873	0.009412847555212722	2	7699	0	0
1.0	0.0	2	7700	0	0
1.0	0.0	2	7701	0	0
1.0	0.0	2	7702	0	0
1.0	0.0	2	7703	0	0
0.9997447882149127	0.00025521178508726335	2	7704	0	0
1.0	0.0	2	7705	0	0
0.9997447882149127	0.00025521178508726335	2	7706	0	0
1.0	0.0	2	7707	0	0
0.9970918028430981	0.0029081971569018205	2	7708	0	0
0.9970918028430981	0.0029081971569018205	2	7709	0	0
1.0	0.0	2	7710	0	0
1.0	0.0	2	7711	0	0
1.0	0.0	2	7712	0	0
1.0	0.0	2	7713	0	0
1.0	0.0	2	7714	0	0
0.9872883386107484	0.012711661389251444	2	7715	0	0
1.0	0.0	2	7716	0	0
1.0	0.0	2	7717	0	0
1.0	0.0	2	7718	0	0
0.9997447882149127	0.00025521178508726335	2	7719	0	0
1.0	0.0	2	7720	0	0
1.0	0.0	2	7721	0	0
1.0	0.0	2	7722	0	0
1.0	0.0	2	7723	0	0
1.0	0.0	2	7724	0	0
0.9967037761396117	0.0032962238603881453	2	7725	0	0
1.0	0.0	2	7726	0	0
1.0	0.0	2	7727	0	0
1.0	0.0	2	7728	0	0
1.0	0.0	2	7729	0	0
1.0	0.0	2	7730	0	0
1.0	0.0	2	7731	0	0
1.0	0.0	2	7732	0	0
1.0	0.0	2	7733	0	0
1.0	0.0	2	7734	0	0
1.0	0.0	2	7735	0	0
1.0	0.0	2	7736	0	0
1.0	0.0	2	7737	0	0
1.0	0.0	2	7738	0	0
1.0	0.0	2	7739	0	0
0.8304700431010582	0.16952995689894165	2	7740	0	0
1.0	0.0	2	7741	0	0
1.0	0.0	2	7742	0	0
1.0	0.0	2	7743	0	0
1.0	0.0	2	7744	0	0
1.0	0.0	2	7745	0	0
1.0	0.0	2	7746	0	0
1.0	0.0	2	7747	0	0
0.9971606931439027	0.002839306856097299	2	7748	0	0
1.0	0.0	2	7749	0	0
1.0	0.0	2	7750	0	0
1.0	0.0	2	7751	0	0
1.0	0.0	2	7752	0	0
1.0	0.0	2	7753	0	0
1.0	0.0	2	7754	0	0
1.0	0.0	2	7755	0	0
1.0	0.0	2	7756	0	0
1.0	0.0	2	7757	0	0
1.0	0.0	2	7758	0	0
0.9943724472256762	0.00562755277432376	2	7759	0	0
0.9878454995980431	0.01215450040195679	2	7760	0	0
1.0	0.0	2	7761	0	0
1.0	0.0	2	7762	0	0
1.0	0.0	2	7763	0	0
0.9182010470045393	0.08179895299546049	2	7764	0	0
1.0	0.0	2	7765	0	0
0.5826687687573372	0.41733123124266247	2	7766	0	0
1.0	0.0	2	7767	0	0
1.0	0.0	2	7768	0	0
1.0	0.0	2	7769	0	0
0.9905494589156478	0.00945054108435199	2	7770	0	0
0.9905494589156478	0.00945054108435199	2	7771	0	0
1.0	0.0	2	7772	0	0
0.9997447882149127	0.00025521178508726335	2	7773	0	0
1.0	0.0	2	7774	0	0
1.0	0.0	2	7775	0	0
1.0	0.0	2	7776	0	0
1.0	0.0	2	7777	0	0
1.0	0.0	2	7778	0	0
1.0	0.0	2	7779	0	0
1.0	0.0	2	7780	0	0
1.0	0.0	2	7781	0	0
1.0	0.0	2	7782	0	0
1.0	0.0	2	7783	0	0
1.0	0.0	2	7784	0	0
1.0	0.0	2	7785	0	0
1.0	0.0	2	7786	0	0
1.0	0.0	2	7787	0	0
0.9969439025832003	0.0030560974167996666	2	7788	0	0
1.0	0.0	2	7789	0	0
1.0	0.0	2	7790	0	0
1.0	0.0	2	7791	0	0
1.0	0.0	2	7792	0	0
1.0	0.0	2	7793	0	0
1.0	0.0	2	7794	0	0
1.0	0.0	2	7795	0	0
1.0	0.0	2	7796	0	0
1.0	0.0	2	7797	0	0
1.0	0.0	2	7798	0	0
1.0	0.0	2	7799	0	0
1.0	0.0	2	7800	0	0
1.0	0.0	2	7801	0	0
1.0	0.0	2	7802	0	0
1.0	0.0	2	7803	0	0
1.0	0.0	2	7804	0	0
1.0	0.0	2	7805	0	0
1.0	0.0	2	7806	0	0
1.0	0.0	2	7807	0	0
1.0	0.0	2	7808	0	0
1.0	0.0	2	7809	0	0
1.0	0.0	2	7810	0	0
1.0	0.0	2	7811	0	0
1.0	0.0	2	7812	0	0
1.0	0.0	2	7813	0	0
1.0	0.0	2	7814	0	0
1.0	0.0	2	7815	0	0
1.0	0.0	2	7816	0	0
1.0	0.0	2	7817	0	0
1.0	0.0	2	7818	0	0
1.0	0.0	2	7819	0	0
0.9997447882149127	0.00025521178508726335	2	7820	0	0
1.0	0.0	2	7821	0	0
1.0	0.0	2	7822	0	0
1.0	0.0	2	7823	0	0
1.0	0.0	2	7824	0	0
1.0	0.0	2	7825	0	0
1.0	0.0	2	7826	0	0
1.0	0.0	2	7827	0	0
1.0	0.0	2	7828	0	0
1.0	0.0	2	7829	0	0
1.0	0.0	2	7830	0	0
1.0	0.0	2	7831	0	0
1.0	0.0	2	7832	0	0
0.9867577759202986	0.013242224079701609	2	7833	0	0
1.0	0.0	2	7834	0	0
1.0	0.0	2	7835	0	0
1.0	0.0	2	7836	0	0
1.0	0.0	2	7837	0	0
1.0	0.0	2	7838	0	0
1.0	0.0	2	7839	0	0
1.0	0.0	2	7840	0	0
1.0	0.0	2	7841	0	0
0.9943724472256762	0.00562755277432376	2	7842	0	0
1.0	0.0	2	7843	0	0
1.0	0.0	2	7844	0	0
0.9803166857052407	0.0196833142947592	2	7845	0	0
1.0	0.0	2	7846	0	0
1.0	0.0	2	7847	0	0
1.0	0.0	2	7848	0	0
1.0	0.0	2	7849	0	0
1.0	0.0	2	7850	0	0
0.9966863457462913	0.0033136542537087494	2	7851	0	0
0.9873395758028835	0.012660424197116521	2	7852	0	0
0.993422351400704	0.006577648599296067	2	7853	0	0
0.8750602955919017	0.1249397044080982	2	7854	0	0
1.0	0.0	2	7855	0	0
1.0	0.0	2	7856	0	0
1.0	0.0	2	7857	0	0
0.9935409632967823	0.006459036703217768	2	7858	0	0
1.0	0.0	2	7859	0	0
0.9966987613459706	0.003301238654029387	2	7860	0	0
0.9966666666666667	0.0033333333333333335	2	7861	0	0
0.9736393378601467	0.026360662139853486	2	7862	0	0
1.0	0.0	2	7863	0	0
0.9836162941834586	0.016383705816541413	2	7864	0	0
0.9967002657840631	0.003299734215937014	2	7865	0	0
0.9934494265955647	0.006550573404435389	2	7866	0	0
1.0	0.0	2	7867	0	0
1.0	0.0	2	7868	0	0
1.0	0.0	2	7869	0	0
1.0	0.0	2	7870	0	0
1.0	0.0	2	7871	0	0
0.9997447882149127	0.00025521178508726335	2	7872	0	0
1.0	0.0	2	7873	0	0
1.0	0.0	2	7874	0	0
1.0	0.0	2	7875	0	0
1.0	0.0	2	7876	0	0
1.0	0.0	2	7877	0	0
1.0	0.0	2	7878	0	0
1.0	0.0	2	7879	0	0
1.0	0.0	2	7880	0	0
1.0	0.0	2	7881	0	0
1.0	0.0	2	7882	0	0
0.8487114267101182	0.15128857328988188	2	7883	0	0
1.0	0.0	2	7884	0	0
1.0	0.0	2	7885	0	0
1.0	0.0	2	7886	0	0
1.0	0.0	2	7887	0	0
1.0	0.0	2	7888	0	0
0.9869376932730226	0.013062306726977436	2	7889	0	0
1.0	0.0	2	7890	0	0
1.0	0.0	2	7891	0	0
0.9874031458682976	0.012596854131702445	2	7892	0	0
1.0	0.0	2	7893	0	0
1.0	0.0	2	7894	0	0
1.0	0.0	2	7895	0	0
1.0	0.0	2	7896	0	0
1.0	0.0	2	7897	0	0
0.9801409157013188	0.01985908429868111	2	7898	0	0
0.06805703133636562	0.931942968663634	2	7899	1	1
1.0	0.0	2	7900	0	0
1.0	0.0	2	7901	0	0
1.0	0.0	2	7902	0	0
0.9805619881572697	0.01943801184273032	2	7903	0	0
0.9933903757475608	0.00660962425243927	2	7904	0	0
0.9967410492908857	0.003258950709114351	2	7905	0	0
0.9835067364176427	0.01649326358235704	2	7906	0	0
0.9968255802754502	0.003174419724549745	2	7907	0	0
0.9968255802754502	0.003174419724549745	2	7908	0	0
1.0	0.0	2	7909	0	0
0.9967361421269417	0.0032638578730584088	2	7910	0	0
1.0	0.0	2	7911	0	0
1.0	0.0	2	7912	0	0
1.0	0.0	2	7913	0	0
1.0	0.0	2	7914	0	0
1.0	0.0	2	7915	0	0
1.0	0.0	2	7916	0	0
1.0	0.0	2	7917	0	0
1.0	0.0	2	7918	0	0
1.0	0.0	2	7919	0	0
1.0	0.0	2	7920	0	0
0.996701279157261	0.0032987208427389014	2	7921	0	0
0.997437278083421	0.002562721916578876	2	7922	0	0
1.0	0.0	2	7923	0	0
1.0	0.0	2	7924	0	0
1.0	0.0	2	7925	0	0
1.0	0.0	2	7926	0	0
1.0	0.0	2	7927	0	0
1.0	0.0	2	7928	0	0
1.0	0.0	2	7929	0	0
1.0	0.0	2	7930	0	0
1.0	0.0	2	7931	0	0
1.0	0.0	2	7932	0	0
1.0	0.0	2	7933	0	0
1.0	0.0	2	7934	0	0
1.0	0.0	2	7935	0	0
1.0	0.0	2	7936	0	0
1.0	0.0	2	7937	0	0
1.0	0.0	2	7938	0	0
1.0	0.0	2	7939	0	0
1.0	0.0	2	7940	0	0
1.0	0.0	2	7941	0	0
1.0	0.0	2	7942	0	0
1.0	0.0	2	7943	0	0
1.0	0.0	2	7944	0	0
1.0	0.0	2	7945	0	0
1.0	0.0	2	7946	0	0
1.0	0.0	2	7947	0	0
1.0	0.0	2	7948	0	0
1.0	0.0	2	7949	0	0
1.0	0.0	2	7950	0	0
0.9967032746602477	0.003296725339752269	2	7951	0	0
0.9967032746602477	0.003296725339752269	2	7952	0	0
1.0	0.0	2	7953	0	0
1.0	0.0	2	7954	0	0
1.0	0.0	2	7955	0	0
1.0	0.0	2	7956	0	0
1.0	0.0	2	7957	0	0
1.0	0.0	2	7958	0	0
1.0	0.0	2	7959	0	0
1.0	0.0	2	7960	0	0
0.9869715752464575	0.013028424753542555	2	7961	0	0
1.0	0.0	2	7962	0	0
1.0	0.0	2	7963	0	0
1.0	0.0	2	7964	0	0
1.0	0.0	2	7965	0	0
1.0	0.0	2	7966	0	0
1.0	0.0	2	7967	0	0
1.0	0.0	2	7968	0	0
1.0	0.0	2	7969	0	0
1.0	0.0	2	7970	0	0
1.0	0.0	2	7971	0	0
1.0	0.0	2	7972	0	0
1.0	0.0	2	7973	0	0
1.0	0.0	2	7974	0	0
1.0	0.0	2	7975	0	0
1.0	0.0	2	7976	0	0
1.0	0.0	2	7977	0	0
1.0	0.0	2	7978	0	0
1.0	0.0	2	7979	0	0
1.0	0.0	2	7980	0	0
1.0	0.0	2	7981	0	0
1.0	0.0	2	7982	0	0
1.0	0.0	2	7983	0	0
1.0	0.0	2	7984	0	0
1.0	0.0	2	7985	0	0
1.0	0.0	2	7986	0	0
1.0	0.0	2	7987	0	0
1.0	0.0	2	7988	0	0
1.0	0.0	2	7989	0	0
1.0	0.0	2	7990	0	0
1.0	0.0	2	7991	0	0
1.0	0.0	2	7992	0	0
1.0	0.0	2	7993	0	0
1.0	0.0	2	7994	0	0
1.0	0.0	2	7995	0	0
1.0	0.0	2	7996	0	0
1.0	0.0	2	7997	0	0
1.0	0.0	2	7998	0	0
1.0	0.0	2	7999	0	0
1.0	0.0	2	8000	0	0
1.0	0.0	2	8001	0	0
1.0	0.0	2	8002	0	0
1.0	0.0	2	8003	0	0
1.0	0.0	2	8004	0	0
1.0	0.0	2	8005	0	0
1.0	0.0	2	8006	0	0
0.9208513018718197	0.07914869812818011	2	8007	0	0
1.0	0.0	2	8008	0	0
1.0	0.0	2	8009	0	0
1.0	0.0	2	8010	0	0
1.0	0.0	2	8011	0	0
1.0	0.0	2	8012	0	0
1.0	0.0	2	8013	0	0
1.0	0.0	2	8014	0	0
0.996701279157261	0.0032987208427389014	2	8015	0	0
1.0	0.0	2	8016	0	0
1.0	0.0	2	8017	0	0
1.0	0.0	2	8018	0	0
1.0	0.0	2	8019	0	0
1.0	0.0	2	8020	0	0
1.0	0.0	2	8021	0	0
1.0	0.0	2	8022	0	0
1.0	0.0	2	8023	0	0
1.0	0.0	2	8024	0	0
1.0	0.0	2	8025	0	0
1.0	0.0	2	8026	0	0
1.0	0.0	2	8027	0	0
1.0	0.0	2	8028	0	0
1.0	0.0	2	8029	0	0
1.0	0.0	2	8030	0	0
1.0	0.0	2	8031	0	0
1.0	0.0	2	8032	0	0
0.9933975226919411	0.006602477308058774	2	8033	0	0
1.0	0.0	2	8034	0	0
1.0	0.0	2	8035	0	0
1.0	0.0	2	8036	0	0
1.0	0.0	2	8037	0	0
1.0	0.0	2	8038	0	0
1.0	0.0	2	8039	0	0
1.0	0.0	2	8040	0	0
1.0	0.0	2	8041	0	0
1.0	0.0	2	8042	0	0
1.0	0.0	2	8043	0	0
1.0	0.0	2	8044	0	0
1.0	0.0	2	8045	0	0
1.0	0.0	2	8046	0	0
1.0	0.0	2	8047	0	0
1.0	0.0	2	8048	0	0
1.0	0.0	2	8049	0	0
1.0	0.0	2	8050	0	0
1.0	0.0	2	8051	0	0
0.9967996553688803	0.0032003446311196343	2	8052	0	0
0.9967996553688803	0.0032003446311196343	2	8053	0	0
0.9967996553688803	0.0032003446311196343	2	8054	0	0
1.0	0.0	2	8055	0	0
1.0	0.0	2	8056	0	0
1.0	0.0	2	8057	0	0
1.0	0.0	2	8058	0	0
1.0	0.0	2	8059	0	0
1.0	0.0	2	8060	0	0
1.0	0.0	2	8061	0	0
1.0	0.0	2	8062	0	0
1.0	0.0	2	8063	0	0
1.0	0.0	2	8064	0	0
1.0	0.0	2	8065	0	0
1.0	0.0	2	8066	0	0
1.0	0.0	2	8067	0	0
1.0	0.0	2	8068	0	0
1.0	0.0	2	8069	0	0
1.0	0.0	2	8070	0	0
1.0	0.0	2	8071	0	0
1.0	0.0	2	8072	0	0
1.0	0.0	2	8073	0	0
1.0	0.0	2	8074	0	0
1.0	0.0	2	8075	0	0
1.0	0.0	2	8076	0	0
1.0	0.0	2	8077	0	0
1.0	0.0	2	8078	0	0
1.0	0.0	2	8079	0	0
1.0	0.0	2	8080	0	0
1.0	0.0	2	8081	0	0
1.0	0.0	2	8082	0	0
1.0	0.0	2	8083	0	0
1.0	0.0	2	8084	0	0
1.0	0.0	2	8085	0	0
1.0	0.0	2	8086	0	0
1.0	0.0	2	8087	0	0
1.0	0.0	2	8088	0	0
1.0	0.0	2	8089	0	0
1.0	0.0	2	8090	0	0
1.0	0.0	2	8091	0	0
1.0	0.0	2	8092	0	0
1.0	0.0	2	8093	0	0
1.0	0.0	2	8094	0	0
1.0	0.0	2	8095	0	0
1.0	0.0	2	8096	0	0
1.0	0.0	2	8097	0	0
1.0	0.0	2	8098	0	0
1.0	0.0	2	8099	0	0
1.0	0.0	2	8100	0	0
1.0	0.0	2	8101	0	0
1.0	0.0	2	8102	0	0
1.0	0.0	2	8103	0	0
1.0	0.0	2	8104	0	0
1.0	0.0	2	8105	0	0
0.98368314786026	0.01631685213973991	2	8106	0	0
0.98368314786026	0.01631685213973991	2	8107	0	0
1.0	0.0	2	8108	0	0
1.0	0.0	2	8109	0	0
0.9997447882149127	0.00025521178508726335	2	8110	0	0
0.9934051450117719	0.00659485498822795	2	8111	0	0
1.0	0.0	2	8112	0	0
1.0	0.0	2	8113	0	0
1.0	0.0	2	8114	0	0
1.0	0.0	2	8115	0	0
1.0	0.0	2	8116	0	0
1.0	0.0	2	8117	0	0
1.0	0.0	2	8118	0	0
0.9835630085146717	0.016436991485328265	2	8119	0	0
1.0	0.0	2	8120	0	0
1.0	0.0	2	8121	0	0
0.983551809234322	0.016448190765678022	2	8122	0	0
1.0	0.0	2	8123	0	0
1.0	0.0	2	8124	0	0
1.0	0.0	2	8125	0	0
1.0	0.0	2	8126	0	0
1.0	0.0	2	8127	0	0
1.0	0.0	2	8128	0	0
1.0	0.0	2	8129	0	0
1.0	0.0	2	8130	0	0
1.0	0.0	2	8131	0	0
1.0	0.0	2	8132	0	0
0.9967087909332532	0.003291209066746904	2	8133	0	0
1.0	0.0	2	8134	0	0
1.0	0.0	2	8135	0	0
1.0	0.0	2	8136	0	0
1.0	0.0	2	8137	0	0
1.0	0.0	2	8138	0	0
1.0	0.0	2	8139	0	0
1.0	0.0	2	8140	0	0
1.0	0.0	2	8141	0	0
1.0	0.0	2	8142	0	0
1.0	0.0	2	8143	0	0
1.0	0.0	2	8144	0	0
1.0	0.0	2	8145	0	0
1.0	0.0	2	8146	0	0
1.0	0.0	2	8147	0	0
0.9967996553688803	0.0032003446311196343	2	8148	0	0
1.0	0.0	2	8149	0	0
1.0	0.0	2	8150	0	0
1.0	0.0	2	8151	0	0
1.0	0.0	2	8152	0	0
1.0	0.0	2	8153	0	0
1.0	0.0	2	8154	0	0
0.9966983599959754	0.0033016400040245496	2	8155	0	0
0.9934051450117719	0.00659485498822795	2	8156	0	0
1.0	0.0	2	8157	0	0
1.0	0.0	2	8158	0	0
1.0	0.0	2	8159	0	0
1.0	0.0	2	8160	0	0
1.0	0.0	2	8161	0	0
1.0	0.0	2	8162	0	0
1.0	0.0	2	8163	0	0
1.0	0.0	2	8164	0	0
1.0	0.0	2	8165	0	0
1.0	0.0	2	8166	0	0
1.0	0.0	2	8167	0	0
1.0	0.0	2	8168	0	0
1.0	0.0	2	8169	0	0
1.0	0.0	2	8170	0	0
1.0	0.0	2	8171	0	0
1.0	0.0	2	8172	0	0
1.0	0.0	2	8173	0	0
1.0	0.0	2	8174	0	0
0.9841866558634726	0.015813344136527276	2	8175	0	0
1.0	0.0	2	8176	0	0
1.0	0.0	2	8177	0	0
1.0	0.0	2	8178	0	0
1.0	0.0	2	8179	0	0
1.0	0.0	2	8180	0	0
1.0	0.0	2	8181	0	0
1.0	0.0	2	8182	0	0
1.0	0.0	2	8183	0	0
1.0	0.0	2	8184	0	0
1.0	0.0	2	8185	0	0
0.9997447882149127	0.00025521178508726335	2	8186	0	0
1.0	0.0	2	8187	0	0
1.0	0.0	2	8188	0	0
1.0	0.0	2	8189	0	0
1.0	0.0	2	8190	0	0
1.0	0.0	2	8191	0	0
1.0	0.0	2	8192	0	0
1.0	0.0	2	8193	0	0
1.0	0.0	2	8194	0	0
1.0	0.0	2	8195	0	0
1.0	0.0	2	8196	0	0
1.0	0.0	2	8197	0	0
1.0	0.0	2	8198	0	0
0.9967082894538889	0.0032917105461110273	2	8199	0	0
0.9967082894538889	0.0032917105461110273	2	8200	0	0
1.0	0.0	2	8201	0	0
1.0	0.0	2	8202	0	0
1.0	0.0	2	8203	0	0
1.0	0.0	2	8204	0	0
1.0	0.0	2	8205	0	0
0.997437278083421	0.002562721916578876	2	8206	0	0
0.997437278083421	0.002562721916578876	2	8207	0	0
1.0	0.0	2	8208	0	0
1.0	0.0	2	8209	0	0
1.0	0.0	2	8210	0	0
1.0	0.0	2	8211	0	0
1.0	0.0	2	8212	0	0
1.0	0.0	2	8213	0	0
1.0	0.0	2	8214	0	0
1.0	0.0	2	8215	0	0
1.0	0.0	2	8216	0	0
1.0	0.0	2	8217	0	0
1.0	0.0	2	8218	0	0
0.9935040638676477	0.006495936132352233	2	8219	0	0
0.987074718856582	0.012925281143417828	2	8220	0	0
1.0	0.0	2	8221	0	0
1.0	0.0	2	8222	0	0
1.0	0.0	2	8223	0	0
1.0	0.0	2	8224	0	0
1.0	0.0	2	8225	0	0
1.0	0.0	2	8226	0	0
1.0	0.0	2	8227	0	0
1.0	0.0	2	8228	0	0
1.0	0.0	2	8229	0	0
1.0	0.0	2	8230	0	0
1.0	0.0	2	8231	0	0
1.0	0.0	2	8232	0	0
1.0	0.0	2	8233	0	0
1.0	0.0	2	8234	0	0
1.0	0.0	2	8235	0	0
1.0	0.0	2	8236	0	0
1.0	0.0	2	8237	0	0
1.0	0.0	2	8238	0	0
1.0	0.0	2	8239	0	0
1.0	0.0	2	8240	0	0
1.0	0.0	2	8241	0	0
1.0	0.0	2	8242	0	0
1.0	0.0	2	8243	0	0
1.0	0.0	2	8244	0	0
1.0	0.0	2	8245	0	0
1.0	0.0	2	8246	0	0
1.0	0.0	2	8247	0	0
1.0	0.0	2	8248	0	0
1.0	0.0	2	8249	0	0
1.0	0.0	2	8250	0	0
0.99669183909782	0.0033081609021799324	2	8251	0	0
1.0	0.0	2	8252	0	0
0.9936034416055944	0.006396558394405557	2	8253	0	0
0.7028982320720525	0.29710176792794757	2	8254	0	0
0.7028982320720525	0.29710176792794757	2	8255	0	0
0.9668682352722426	0.03313176472775748	2	8256	0	0
0.9804639260583531	0.01953607394164692	2	8257	0	0
0.9900385915187003	0.009961408481299656	2	8258	0	0
0.9900535320586785	0.009946467941321471	2	8259	0	0
0.9889350497262078	0.011064950273792182	2	8260	0	0
0.9889350497262078	0.011064950273792182	2	8261	0	0
0.9889350497262078	0.011064950273792182	2	8262	0	0
1.0	0.0	2	8263	0	0
1.0	0.0	2	8264	0	0
0.9901220942506099	0.009877905749390004	2	8265	0	0
0.9954957856640299	0.004504214335970135	2	8266	0	0
0.9954957856640299	0.004504214335970135	2	8267	0	0
0.9954957856640299	0.004504214335970135	2	8268	0	0
0.6597559260607183	0.3402440739392815	2	8269	0	0
0.6597559260607183	0.3402440739392815	2	8270	0	0
0.6597559260607183	0.3402440739392815	2	8271	0	0
0.8980299155485743	0.10197008445142593	2	8272	0	0
1.0	0.0	2	8273	0	0
1.0	0.0	2	8274	0	0
1.0	0.0	2	8275	0	0
1.0	0.0	2	8276	0	0
1.0	0.0	2	8277	0	0
1.0	0.0	2	8278	0	0
1.0	0.0	2	8279	0	0
1.0	0.0	2	8280	0	0
1.0	0.0	2	8281	0	0
1.0	0.0	2	8282	0	0
1.0	0.0	2	8283	0	0
1.0	0.0	2	8284	0	0
1.0	0.0	2	8285	0	0
0.9967330082595284	0.0032669917404716886	2	8286	0	0
1.0	0.0	2	8287	0	0
0.9971606931439027	0.002839306856097299	2	8288	0	0
0.9901039073858496	0.00989609261415033	2	8289	0	0
1.0	0.0	2	8290	0	0
1.0	0.0	2	8291	0	0
1.0	0.0	2	8292	0	0
1.0	0.0	2	8293	0	0
0.9937461106987285	0.0062538893012713944	2	8294	0	0
1.0	0.0	2	8295	0	0
0.9937461106987285	0.0062538893012713944	2	8296	0	0
1.0	0.0	2	8297	0	0
1.0	0.0	2	8298	0	0
1.0	0.0	2	8299	0	0
1.0	0.0	2	8300	0	0
1.0	0.0	2	8301	0	0
1.0	0.0	2	8302	0	0
1.0	0.0	2	8303	0	0
1.0	0.0	2	8304	0	0
1.0	0.0	2	8305	0	0
1.0	0.0	2	8306	0	0
0.8502286799077403	0.14977132009225977	2	8307	0	0
0.9967042889390518	0.003295711060948081	3	0	0	0
1.0	0.0	3	1	0	0
0.9935110437345624	0.006488956265437532	3	2	0	0
1.0	0.0	3	3	0	0
1.0	0.0	3	4	0	0
1.0	0.0	3	5	0	0
1.0	0.0	3	6	0	0
1.0	0.0	3	7	0	0
1.0	0.0	3	8	0	0
1.0	0.0	3	9	0	0
1.0	0.0	3	10	0	0
1.0	0.0	3	11	0	0
1.0	0.0	3	12	0	0
1.0	0.0	3	13	0	0
1.0	0.0	3	14	0	0
1.0	0.0	3	15	0	0
1.0	0.0	3	16	0	0
1.0	0.0	3	17	0	0
1.0	0.0	3	18	0	0
1.0	0.0	3	19	0	0
1.0	0.0	3	20	0	0
0.996724997507229	0.0032750024927709646	3	21	0	0
0.996687101087313	0.003312898912687	3	22	0	0
1.0	0.0	3	23	0	0
1.0	0.0	3	24	0	0
1.0	0.0	3	25	0	0
1.0	0.0	3	26	0	0
0.9672850543290415	0.032714945670958485	3	27	0	0
0.986998365813771	0.013001634186229134	3	28	0	0
1.0	0.0	3	29	0	0
1.0	0.0	3	30	0	0
1.0	0.0	3	31	0	0
1.0	0.0	3	32	0	0
1.0	0.0	3	33	0	0
1.0	0.0	3	34	0	0
1.0	0.0	3	35	0	0
0.993541037291955	0.00645896270804506	3	36	0	0
1.0	0.0	3	37	0	0
1.0	0.0	3	38	0	0
0.953650420475578	0.046349579524422035	3	39	0	0
1.0	0.0	3	40	0	0
1.0	0.0	3	41	0	0
1.0	0.0	3	42	0	0
1.0	0.0	3	43	0	0
1.0	0.0	3	44	0	0
1.0	0.0	3	45	0	0
1.0	0.0	3	46	0	0
1.0	0.0	3	47	0	0
1.0	0.0	3	48	0	0
1.0	0.0	3	49	0	0
1.0	0.0	3	50	0	0
1.0	0.0	3	51	0	0
1.0	0.0	3	52	0	0
1.0	0.0	3	53	0	0
1.0	0.0	3	54	0	0
0.9967459491601011	0.0032540508398989153	3	55	0	0
1.0	0.0	3	56	0	0
1.0	0.0	3	57	0	0
1.0	0.0	3	58	0	0
1.0	0.0	3	59	0	0
1.0	0.0	3	60	0	0
0.9909634488992984	0.009036551100701609	3	61	0	0
1.0	0.0	3	62	0	0
0.9909634488992984	0.009036551100701609	3	63	0	0
1.0	0.0	3	64	0	0
1.0	0.0	3	65	0	0
1.0	0.0	3	66	0	0
1.0	0.0	3	67	0	0
1.0	0.0	3	68	0	0
1.0	0.0	3	69	0	0
1.0	0.0	3	70	0	0
1.0	0.0	3	71	0	0
1.0	0.0	3	72	0	0
1.0	0.0	3	73	0	0
1.0	0.0	3	74	0	0
1.0	0.0	3	75	0	0
1.0	0.0	3	76	0	0
1.0	0.0	3	77	0	0
1.0	0.0	3	78	0	0
1.0	0.0	3	79	0	0
1.0	0.0	3	80	0	0
1.0	0.0	3	81	0	0
1.0	0.0	3	82	0	0
1.0	0.0	3	83	0	0
1.0	0.0	3	84	0	0
1.0	0.0	3	85	0	0
1.0	0.0	3	86	0	0
1.0	0.0	3	87	0	0
1.0	0.0	3	88	0	0
1.0	0.0	3	89	0	0
1.0	0.0	3	90	0	0
1.0	0.0	3	91	0	0
1.0	0.0	3	92	0	0
1.0	0.0	3	93	0	0
0.9934140715109572	0.006585928489042676	3	94	0	0
1.0	0.0	3	95	0	0
1.0	0.0	3	96	0	0
0.9934140715109572	0.006585928489042676	3	97	0	0
1.0	0.0	3	98	0	0
1.0	0.0	3	99	0	0
1.0	0.0	3	100	0	0
1.0	0.0	3	101	0	0
1.0	0.0	3	102	0	0
1.0	0.0	3	103	0	0
1.0	0.0	3	104	0	0
1.0	0.0	3	105	0	0
1.0	0.0	3	106	0	0
1.0	0.0	3	107	0	0
1.0	0.0	3	108	0	0
1.0	0.0	3	109	0	0
1.0	0.0	3	110	0	0
1.0	0.0	3	111	0	0
1.0	0.0	3	112	0	0
0.9870159534476912	0.012984046552308835	3	113	0	0
1.0	0.0	3	114	0	0
1.0	0.0	3	115	0	0
1.0	0.0	3	116	0	0
1.0	0.0	3	117	0	0
1.0	0.0	3	118	0	0
1.0	0.0	3	119	0	0
1.0	0.0	3	120	0	0
0.9966843140220843	0.0033156859779155954	3	121	0	0
1.0	0.0	3	122	0	0
1.0	0.0	3	123	0	0
1.0	0.0	3	124	0	0
0.9900568436798803	0.009943156320119672	3	125	0	0
1.0	0.0	3	126	0	0
1.0	0.0	3	127	0	0
1.0	0.0	3	128	0	0
1.0	0.0	3	129	0	0
1.0	0.0	3	130	0	0
1.0	0.0	3	131	0	0
1.0	0.0	3	132	0	0
1.0	0.0	3	133	0	0
1.0	0.0	3	134	0	0
1.0	0.0	3	135	0	0
1.0	0.0	3	136	0	0
1.0	0.0	3	137	0	0
1.0	0.0	3	138	0	0
0.967398470826061	0.03260152917393895	3	139	0	0
1.0	0.0	3	140	0	0
1.0	0.0	3	141	0	0
1.0	0.0	3	142	0	0
1.0	0.0	3	143	0	0
1.0	0.0	3	144	0	0
1.0	0.0	3	145	0	0
1.0	0.0	3	146	0	0
1.0	0.0	3	147	0	0
1.0	0.0	3	148	0	0
1.0	0.0	3	149	0	0
1.0	0.0	3	150	0	0
1.0	0.0	3	151	0	0
1.0	0.0	3	152	0	0
0.9933333333333333	0.006666666666666667	3	153	0	0
1.0	0.0	3	154	0	0
1.0	0.0	3	155	0	0
1.0	0.0	3	156	0	0
1.0	0.0	3	157	0	0
1.0	0.0	3	158	0	0
1.0	0.0	3	159	0	0
1.0	0.0	3	160	0	0
1.0	0.0	3	161	0	0
1.0	0.0	3	162	0	0
1.0	0.0	3	163	0	0
1.0	0.0	3	164	0	0
1.0	0.0	3	165	0	0
1.0	0.0	3	166	0	0
1.0	0.0	3	167	0	0
1.0	0.0	3	168	0	0
1.0	0.0	3	169	0	0
1.0	0.0	3	170	0	0
1.0	0.0	3	171	0	0
1.0	0.0	3	172	0	0
1.0	0.0	3	173	0	0
0.9967870601478	0.003212939852199873	3	174	0	0
1.0	0.0	3	175	0	0
0.9967784478109526	0.0032215521890474087	3	176	0	0
1.0	0.0	3	177	0	0
1.0	0.0	3	178	0	0
1.0	0.0	3	179	0	0
1.0	0.0	3	180	0	0
1.0	0.0	3	181	0	0
1.0	0.0	3	182	0	0
1.0	0.0	3	183	0	0
1.0	0.0	3	184	0	0
1.0	0.0	3	185	0	0
0.9967037817233423	0.0032962182766576387	3	186	0	0
1.0	0.0	3	187	0	0
1.0	0.0	3	188	0	0
1.0	0.0	3	189	0	0
1.0	0.0	3	190	0	0
1.0	0.0	3	191	0	0
1.0	0.0	3	192	0	0
1.0	0.0	3	193	0	0
0.9933823128357123	0.0066176871642877905	3	194	0	0
1.0	0.0	3	195	0	0
1.0	0.0	3	196	0	0
1.0	0.0	3	197	0	0
1.0	0.0	3	198	0	0
1.0	0.0	3	199	0	0
1.0	0.0	3	200	0	0
1.0	0.0	3	201	0	0
1.0	0.0	3	202	0	0
1.0	0.0	3	203	0	0
1.0	0.0	3	204	0	0
1.0	0.0	3	205	0	0
1.0	0.0	3	206	0	0
1.0	0.0	3	207	0	0
1.0	0.0	3	208	0	0
1.0	0.0	3	209	0	0
1.0	0.0	3	210	0	0
1.0	0.0	3	211	0	0
1.0	0.0	3	212	0	0
1.0	0.0	3	213	0	0
1.0	0.0	3	214	0	0
1.0	0.0	3	215	0	0
1.0	0.0	3	216	0	0
1.0	0.0	3	217	0	0
1.0	0.0	3	218	0	0
0.9966987710057688	0.003301228994231252	3	219	0	0
1.0	0.0	3	220	0	0
1.0	0.0	3	221	0	0
1.0	0.0	3	222	0	0
1.0	0.0	3	223	0	0
1.0	0.0	3	224	0	0
1.0	0.0	3	225	0	0
1.0	0.0	3	226	0	0
1.0	0.0	3	227	0	0
1.0	0.0	3	228	0	0
1.0	0.0	3	229	0	0
1.0	0.0	3	230	0	0
1.0	0.0	3	231	0	0
1.0	0.0	3	232	0	0
1.0	0.0	3	233	0	0
1.0	0.0	3	234	0	0
1.0	0.0	3	235	0	0
1.0	0.0	3	236	0	0
1.0	0.0	3	237	0	0
1.0	0.0	3	238	0	0
1.0	0.0	3	239	0	0
1.0	0.0	3	240	0	0
1.0	0.0	3	241	0	0
1.0	0.0	3	242	0	0
1.0	0.0	3	243	0	0
0.9986440677966101	0.0013559322033898295	3	244	0	0
1.0	0.0	3	245	0	0
1.0	0.0	3	246	0	0
1.0	0.0	3	247	0	0
1.0	0.0	3	248	0	0
1.0	0.0	3	249	0	0
1.0	0.0	3	250	0	0
1.0	0.0	3	251	0	0
1.0	0.0	3	252	0	0
1.0	0.0	3	253	0	0
1.0	0.0	3	254	0	0
1.0	0.0	3	255	0	0
1.0	0.0	3	256	0	0
1.0	0.0	3	257	0	0
1.0	0.0	3	258	0	0
1.0	0.0	3	259	0	0
1.0	0.0	3	260	0	0
1.0	0.0	3	261	0	0
1.0	0.0	3	262	0	0
0.3343044268339409	0.6656955731660593	3	263	1	1
0.7426471478051435	0.2573528521948562	3	264	0	0
0.9868991854888266	0.0131008145111734	3	265	0	0
1.0	0.0	3	266	0	0
1.0	0.0	3	267	0	0
0.9867102034905345	0.013289796509465292	3	268	0	0
0.9769017976991923	0.02309820230080785	3	269	0	0
0.5147374523684255	0.48526254763157445	3	270	0	0
0.1526216072538543	0.8473783927461457	3	271	1	1
0.9933684368888219	0.006631563111177975	3	272	0	0
0.9966997643046989	0.0033002356953011386	3	273	0	0
1.0	0.0	3	274	0	0
1.0	0.0	3	275	0	0
1.0	0.0	3	276	0	0
1.0	0.0	3	277	0	0
1.0	0.0	3	278	0	0
0.8485281149889473	0.15147188501105285	3	279	0	0
0.9835231280504119	0.016476871949588037	3	280	0	0
0.9966997643046989	0.0033002356953011386	3	281	0	0
0.9966997643046989	0.0033002356953011386	3	282	0	0
1.0	0.0	3	283	0	0
0.9802589709583746	0.019741029041625176	3	284	0	0
0.9900929634574495	0.009907036542550561	3	285	0	0
0.9966777727295674	0.0033222272704326317	3	286	0	0
0.8057318247612902	0.19426817523870968	3	287	0	0
0.41420409744563486	0.5857959025543651	3	288	0	1
1.0	0.0	3	289	0	0
1.0	0.0	3	290	0	0
0.9933593260948188	0.006640673905181123	3	291	0	0
0.9835715208693072	0.016428479130692793	3	292	0	0
1.0	0.0	3	293	0	0
1.0	0.0	3	294	0	0
1.0	0.0	3	295	0	0
1.0	0.0	3	296	0	0
1.0	0.0	3	297	0	0
1.0	0.0	3	298	0	0
1.0	0.0	3	299	0	0
1.0	0.0	3	300	0	0
1.0	0.0	3	301	0	0
0.986870195535153	0.013129804464846942	3	302	0	0
0.9967027786137025	0.003297221386297522	3	303	0	0
1.0	0.0	3	304	0	0
1.0	0.0	3	305	0	0
1.0	0.0	3	306	0	0
1.0	0.0	3	307	0	0
1.0	0.0	3	308	0	0
1.0	0.0	3	309	0	0
1.0	0.0	3	310	0	0
1.0	0.0	3	311	0	0
1.0	0.0	3	312	0	0
1.0	0.0	3	313	0	0
1.0	0.0	3	314	0	0
1.0	0.0	3	315	0	0
1.0	0.0	3	316	0	0
1.0	0.0	3	317	0	0
1.0	0.0	3	318	0	0
1.0	0.0	3	319	0	0
1.0	0.0	3	320	0	0
1.0	0.0	3	321	0	0
1.0	0.0	3	322	0	0
0.642766283559044	0.3572337164409561	3	323	0	0
1.0	0.0	3	324	0	0
0.8982500656010425	0.10174993439895738	3	325	0	0
0.9843649995835552	0.01563500041644498	3	326	0	0
0.987549434539402	0.012450565460597958	3	327	0	0
0.9966855788385404	0.003314421161459515	3	328	0	0
1.0	0.0	3	329	0	0
1.0	0.0	3	330	0	0
1.0	0.0	3	331	0	0
0.9801164025715343	0.01988359742846581	3	332	0	0
1.0	0.0	3	333	0	0
0.9967282754508869	0.0032717245491131314	3	334	0	0
0.9967282754508869	0.0032717245491131314	3	335	0	0
1.0	0.0	3	336	0	0
1.0	0.0	3	337	0	0
1.0	0.0	3	338	0	0
1.0	0.0	3	339	0	0
1.0	0.0	3	340	0	0
1.0	0.0	3	341	0	0
1.0	0.0	3	342	0	0
0.9934176498426006	0.006582350157399415	3	343	0	0
1.0	0.0	3	344	0	0
0.9967047790983401	0.0032952209016598967	3	345	0	0
1.0	0.0	3	346	0	0
0.9440859776162409	0.055914022383759095	3	347	0	0
0.9935089867938075	0.006491013206192439	3	348	0	0
1.0	0.0	3	349	0	0
0.9966799777586818	0.003320022241318303	3	350	0	0
0.308448836666832	0.691551163333168	3	351	0	1
0.9803628113618699	0.0196371886381302	3	352	0	0
0.996743010113028	0.0032569898869720406	3	353	0	0
0.9743879437243389	0.025612056275661117	3	354	0	0
0.9742531177858365	0.02574688221416359	3	355	0	0
0.996704277618976	0.003295722381024021	3	356	0	0
0.9966865935174675	0.0033134064825324754	3	357	0	0
1.0	0.0	3	358	0	0
1.0	0.0	3	359	0	0
0.993414095811387	0.0065859041886129925	3	360	0	0
0.9966900148710102	0.003309985128989849	3	361	0	0
0.9966900148710102	0.003309985128989849	3	362	0	0
0.9967082894538889	0.0032917105461110273	3	363	0	0
0.9538616516790862	0.0461383483209137	3	364	0	0
1.0	0.0	3	365	0	0
0.9306303074310079	0.06936969256899207	3	366	0	0
0.9966805167333989	0.0033194832666011936	3	367	0	0
1.0	0.0	3	368	0	0
0.9966805167333989	0.0033194832666011936	3	369	0	0
1.0	0.0	3	370	0	0
1.0	0.0	3	371	0	0
1.0	0.0	3	372	0	0
1.0	0.0	3	373	0	0
1.0	0.0	3	374	0	0
1.0	0.0	3	375	0	0
1.0	0.0	3	376	0	0
1.0	0.0	3	377	0	0
1.0	0.0	3	378	0	0
1.0	0.0	3	379	0	0
1.0	0.0	3	380	0	0
1.0	0.0	3	381	0	0
1.0	0.0	3	382	0	0
0.9967640548915448	0.0032359451084550683	3	383	0	0
1.0	0.0	3	384	0	0
1.0	0.0	3	385	0	0
1.0	0.0	3	386	0	0
1.0	0.0	3	387	0	0
1.0	0.0	3	388	0	0
1.0	0.0	3	389	0	0
1.0	0.0	3	390	0	0
1.0	0.0	3	391	0	0
0.9967042889390518	0.003295711060948081	3	392	0	0
0.9901282763007034	0.009871723699296555	3	393	0	0
1.0	0.0	3	394	0	0
1.0	0.0	3	395	0	0
1.0	0.0	3	396	0	0
1.0	0.0	3	397	0	0
1.0	0.0	3	398	0	0
1.0	0.0	3	399	0	0
1.0	0.0	3	400	0	0
0.9901614017119141	0.009838598288085818	3	401	0	0
1.0	0.0	3	402	0	0
1.0	0.0	3	403	0	0
1.0	0.0	3	404	0	0
0.996692172162094	0.0033078278379058646	3	405	0	0
0.9966960984076673	0.003303901592332654	3	406	0	0
0.9867704056409863	0.013229594359013804	3	407	0	0
0.9867704056409863	0.013229594359013804	3	408	0	0
0.9966848209783158	0.003315179021684317	3	409	0	0
1.0	0.0	3	410	0	0
0.9967799019607844	0.0032200980392156865	3	411	0	0
0.9934052759394593	0.006594724060540788	3	412	0	0
1.0	0.0	3	413	0	0
1.0	0.0	3	414	0	0
1.0	0.0	3	415	0	0
1.0	0.0	3	416	0	0
1.0	0.0	3	417	0	0
0.9934294824085774	0.006570517591422563	3	418	0	0
1.0	0.0	3	419	0	0
0.8289245572734528	0.1710754427265473	3	420	0	0
0.9933565178711528	0.0066434821288470685	3	421	0	0
0.998958699125263	0.0010413008747370241	3	422	0	0
0.998958699125263	0.0010413008747370241	3	423	0	0
1.0	0.0	3	424	0	0
1.0	0.0	3	425	0	0
1.0	0.0	3	426	0	0
1.0	0.0	3	427	0	0
1.0	0.0	3	428	0	0
1.0	0.0	3	429	0	0
1.0	0.0	3	430	0	0
1.0	0.0	3	431	0	0
1.0	0.0	3	432	0	0
0.7158465789672801	0.2841534210327197	3	433	0	0
1.0	0.0	3	434	0	0
1.0	0.0	3	435	0	0
1.0	0.0	3	436	0	0
1.0	0.0	3	437	0	0
0.9934422369389256	0.0065577630610743195	3	438	0	0
0.6736713598849978	0.3263286401150025	3	439	0	0
1.0	0.0	3	440	0	0
0.9967669172932332	0.0032330827067669175	3	441	0	0
0.10285990223429357	0.8971400977657065	3	442	0	1
0.996712301288802	0.003287698711198034	3	443	0	0
1.0	0.0	3	444	0	0
0.9966769261819466	0.0033230738180533835	3	445	0	0
1.0	0.0	3	446	0	0
0.9966769261819466	0.0033230738180533835	3	447	0	0
0.878177755542949	0.12182224445705117	3	448	0	0
0.9902818210601552	0.00971817893984488	3	449	0	0
0.9407422646904283	0.05925773530957159	3	450	0	0
1.0	0.0	3	451	0	0
1.0	0.0	3	452	0	0
1.0	0.0	3	453	0	0
1.0	0.0	3	454	0	0
0.5234672917294309	0.4765327082705691	3	455	0	0
1.0	0.0	3	456	0	0
1.0	0.0	3	457	0	0
0.901459567405628	0.09854043259437223	3	458	0	0
1.0	0.0	3	459	0	0
1.0	0.0	3	460	0	0
1.0	0.0	3	461	0	0
0.9970719638311883	0.00292803616881152	3	462	0	0
0.9970719638311883	0.00292803616881152	3	463	0	0
0.9970719638311883	0.00292803616881152	3	464	0	0
0.9970719638311883	0.00292803616881152	3	465	0	0
0.9970719638311883	0.00292803616881152	3	466	0	0
1.0	0.0	3	467	0	0
1.0	0.0	3	468	0	0
0.9966900148710102	0.003309985128989849	3	469	0	0
1.0	0.0	3	470	0	0
1.0	0.0	3	471	0	0
0.9770789655808885	0.022921034419111627	3	472	0	0
0.9967052805777041	0.0032947194222957723	3	473	0	0
1.0	0.0	3	474	0	0
1.0	0.0	3	475	0	0
1.0	0.0	3	476	0	0
1.0	0.0	3	477	0	0
1.0	0.0	3	478	0	0
0.9967755702722589	0.003224429727740986	3	479	0	0
0.993390492211228	0.00660950778877198	3	480	0	0
1.0	0.0	3	481	0	0
1.0	0.0	3	482	0	0
1.0	0.0	3	483	0	0
1.0	0.0	3	484	0	0
1.0	0.0	3	485	0	0
0.9967052805777041	0.0032947194222957723	3	486	0	0
0.8715408526823468	0.12845914731765307	3	487	0	0
0.9009895834515652	0.09901041654843466	3	488	0	0
0.9900442170275634	0.009955782972436515	3	489	1	0
1.0	0.0	3	490	0	0
1.0	0.0	3	491	0	0
1.0	0.0	3	492	0	0
1.0	0.0	3	493	0	0
1.0	0.0	3	494	0	0
1.0	0.0	3	495	0	0
1.0	0.0	3	496	0	0
1.0	0.0	3	497	0	0
1.0	0.0	3	498	0	0
1.0	0.0	3	499	0	0
1.0	0.0	3	500	0	0
0.9736140097944959	0.026385990205504233	3	501	0	0
1.0	0.0	3	502	0	0
1.0	0.0	3	503	0	0
1.0	0.0	3	504	0	0
0.9867939848942288	0.013206015105771364	3	505	0	0
1.0	0.0	3	506	0	0
1.0	0.0	3	507	0	0
1.0	0.0	3	508	0	0
1.0	0.0	3	509	0	0
1.0	0.0	3	510	0	0
1.0	0.0	3	511	0	0
0.9934364285601428	0.006563571439857168	3	512	0	0
0.996671947681779	0.003328052318220949	3	513	1	0
0.9902202813295822	0.009779718670417725	3	514	0	0
1.0	0.0	3	515	0	0
0.32683234097367325	0.673167659026327	3	516	1	1
1.0	0.0	3	517	0	0
1.0	0.0	3	518	0	0
1.0	0.0	3	519	0	0
1.0	0.0	3	520	0	0
0.2708182886728731	0.7291817113271271	3	521	1	1
0.3583892834607181	0.6416107165392817	3	522	1	1
0.9967062835364324	0.003293716463567524	3	523	0	0
1.0	0.0	3	524	0	0
0.9967469521260779	0.0032530478739220933	3	525	0	0
0.996703285678455	0.003296714321545021	3	526	0	0
1.0	0.0	3	527	0	0
1.0	0.0	3	528	0	0
1.0	0.0	3	529	0	0
1.0	0.0	3	530	0	0
1.0	0.0	3	531	0	0
1.0	0.0	3	532	0	0
1.0	0.0	3	533	0	0
0.9967770094649602	0.0032229905350399687	3	534	0	0
0.9967770094649602	0.0032229905350399687	3	535	0	0
1.0	0.0	3	536	0	0
1.0	0.0	3	537	0	0
1.0	0.0	3	538	0	0
1.0	0.0	3	539	0	0
1.0	0.0	3	540	0	0
1.0	0.0	3	541	0	0
1.0	0.0	3	542	0	0
1.0	0.0	3	543	0	0
1.0	0.0	3	544	0	0
1.0	0.0	3	545	0	0
1.0	0.0	3	546	0	0
1.0	0.0	3	547	0	0
1.0	0.0	3	548	0	0
1.0	0.0	3	549	0	0
1.0	0.0	3	550	0	0
1.0	0.0	3	551	0	0
0.9934558977918471	0.006544102208152953	3	552	0	0
1.0	0.0	3	553	0	0
0.986864870154986	0.01313512984501386	3	554	0	0
1.0	0.0	3	555	0	0
0.9737795135962218	0.02622048640377843	3	556	0	0
1.0	0.0	3	557	0	0
1.0	0.0	3	558	0	0
0.9738053465115041	0.026194653488495926	3	559	0	0
1.0	0.0	3	560	0	0
1.0	0.0	3	561	0	0
0.9901927127189943	0.00980728728100558	3	562	0	0
1.0	0.0	3	563	0	0
1.0	0.0	3	564	0	0
1.0	0.0	3	565	0	0
1.0	0.0	3	566	0	0
0.9904990998519232	0.009500900148076814	3	567	0	0
0.9904990998519232	0.009500900148076814	3	568	0	0
1.0	0.0	3	569	0	0
1.0	0.0	3	570	0	0
0.9902680903258624	0.009731909674137552	3	571	0	0
1.0	0.0	3	572	0	0
1.0	0.0	3	573	0	0
1.0	0.0	3	574	0	0
1.0	0.0	3	575	0	0
1.0	0.0	3	576	0	0
1.0	0.0	3	577	0	0
1.0	0.0	3	578	0	0
1.0	0.0	3	579	0	0
1.0	0.0	3	580	0	0
1.0	0.0	3	581	0	0
1.0	0.0	3	582	0	0
0.9967856268664023	0.0032143731335976893	3	583	0	0
0.20858542739083924	0.7914145726091605	3	584	0	1
1.0	0.0	3	585	0	0
1.0	0.0	3	586	0	0
0.9934551592543667	0.006544840745633348	3	587	0	0
1.0	0.0	3	588	0	0
1.0	0.0	3	589	0	0
1.0	0.0	3	590	0	0
1.0	0.0	3	591	0	0
0.9967420298477861	0.0032579701522137934	3	592	0	0
0.9967022717015194	0.003297728298480518	3	593	0	0
0.9676313309109037	0.03236866908909629	3	594	0	0
0.9770150185645887	0.02298498143541125	3	595	0	0
1.0	0.0	3	596	0	0
1.0	0.0	3	597	0	0
1.0	0.0	3	598	0	0
1.0	0.0	3	599	0	0
1.0	0.0	3	600	0	0
0.9966865935174675	0.0033134064825324754	3	601	0	0
1.0	0.0	3	602	0	0
1.0	0.0	3	603	0	0
1.0	0.0	3	604	0	0
0.7198978464143982	0.2801021535856017	3	605	0	0
0.9670357850579433	0.032964214942056716	3	606	0	0
1.0	0.0	3	607	0	0
1.0	0.0	3	608	0	0
1.0	0.0	3	609	0	0
1.0	0.0	3	610	0	0
1.0	0.0	3	611	0	0
1.0	0.0	3	612	0	0
1.0	0.0	3	613	0	0
1.0	0.0	3	614	0	0
1.0	0.0	3	615	0	0
1.0	0.0	3	616	0	0
1.0	0.0	3	617	0	0
1.0	0.0	3	618	0	0
1.0	0.0	3	619	0	0
0.9736597555312196	0.02634024446878043	3	620	0	0
1.0	0.0	3	621	0	0
1.0	0.0	3	622	0	0
0.9986440677966101	0.0013559322033898295	3	623	0	0
1.0	0.0	3	624	0	0
1.0	0.0	3	625	0	0
1.0	0.0	3	626	0	0
1.0	0.0	3	627	0	0
1.0	0.0	3	628	0	0
1.0	0.0	3	629	0	0
1.0	0.0	3	630	0	0
1.0	0.0	3	631	0	0
0.9966822877299069	0.0033177122700932225	3	632	0	0
1.0	0.0	3	633	0	0
0.9571083701708568	0.042891629829143324	3	634	0	0
0.09990542567856074	0.9000945743214388	3	635	0	1
1.0	0.0	3	636	0	0
0.9933857598157501	0.006614240184249952	3	637	0	0
1.0	0.0	3	638	0	0
1.0	0.0	3	639	0	0
0.9701334944968304	0.029866505503169615	3	640	0	0
1.0	0.0	3	641	0	0
1.0	0.0	3	642	0	0
1.0	0.0	3	643	0	0
1.0	0.0	3	644	0	0
1.0	0.0	3	645	0	0
1.0	0.0	3	646	0	0
1.0	0.0	3	647	0	0
1.0	0.0	3	648	0	0
1.0	0.0	3	649	0	0
1.0	0.0	3	650	0	0
1.0	0.0	3	651	0	0
1.0	0.0	3	652	0	0
1.0	0.0	3	653	0	0
0.1334730059224309	0.8665269940775695	3	654	0	1
0.9868358336186343	0.013164166381365921	3	655	0	0
0.9934418103439915	0.006558189656008605	3	656	0	0
1.0	0.0	3	657	0	0
1.0	0.0	3	658	0	0
1.0	0.0	3	659	0	0
1.0	0.0	3	660	0	0
1.0	0.0	3	661	0	0
1.0	0.0	3	662	0	0
1.0	0.0	3	663	0	0
1.0	0.0	3	664	0	0
1.0	0.0	3	665	0	0
1.0	0.0	3	666	0	0
1.0	0.0	3	667	0	0
1.0	0.0	3	668	0	0
1.0	0.0	3	669	0	0
0.9966801476163996	0.0033198523836004247	3	670	0	0
0.9966801476163996	0.0033198523836004247	3	671	0	0
0.9966801476163996	0.0033198523836004247	3	672	0	0
1.0	0.0	3	673	0	0
1.0	0.0	3	674	0	0
1.0	0.0	3	675	0	0
1.0	0.0	3	676	0	0
1.0	0.0	3	677	0	0
1.0	0.0	3	678	0	0
1.0	0.0	3	679	0	0
1.0	0.0	3	680	0	0
1.0	0.0	3	681	0	0
1.0	0.0	3	682	0	0
1.0	0.0	3	683	0	0
1.0	0.0	3	684	0	0
1.0	0.0	3	685	0	0
1.0	0.0	3	686	0	0
1.0	0.0	3	687	0	0
1.0	0.0	3	688	0	0
1.0	0.0	3	689	0	0
1.0	0.0	3	690	0	0
1.0	0.0	3	691	0	0
1.0	0.0	3	692	0	0
0.9967057820570684	0.0032942179429316485	3	693	0	0
1.0	0.0	3	694	0	0
1.0	0.0	3	695	0	0
1.0	0.0	3	696	0	0
1.0	0.0	3	697	0	0
1.0	0.0	3	698	0	0
0.9967813219657994	0.0032186780342005976	3	699	0	0
0.993566233473281	0.006433766526718963	3	700	0	0
0.9802641927211704	0.019735807278829533	3	701	0	0
0.9902079219414452	0.009792078058554879	3	702	0	0
0.8094958278135931	0.1905041721864068	3	703	0	0
0.983697359075043	0.016302640924956986	3	704	0	0
1.0	0.0	3	705	0	0
0.9933509780197621	0.006649021980237951	3	706	0	0
1.0	0.0	3	707	0	0
1.0	0.0	3	708	0	0
1.0	0.0	3	709	0	0
1.0	0.0	3	710	0	0
1.0	0.0	3	711	0	0
1.0	0.0	3	712	0	0
0.9933750042366963	0.006624995763303809	3	713	0	0
0.9967012687427913	0.003298731257208766	3	714	0	0
1.0	0.0	3	715	0	0
0.9611492578573755	0.03885074214262452	3	716	0	0
1.0	0.0	3	717	0	0
1.0	0.0	3	718	0	0
1.0	0.0	3	719	0	0
1.0	0.0	3	720	0	0
1.0	0.0	3	721	0	0
1.0	0.0	3	722	0	0
1.0	0.0	3	723	0	0
1.0	0.0	3	724	0	0
1.0	0.0	3	725	0	0
1.0	0.0	3	726	0	0
1.0	0.0	3	727	0	0
1.0	0.0	3	728	0	0
1.0	0.0	3	729	0	0
1.0	0.0	3	730	0	0
1.0	0.0	3	731	0	0
1.0	0.0	3	732	0	0
1.0	0.0	3	733	0	0
1.0	0.0	3	734	0	0
1.0	0.0	3	735	0	0
1.0	0.0	3	736	0	0
1.0	0.0	3	737	0	0
1.0	0.0	3	738	0	0
0.9967361421269417	0.0032638578730584083	3	739	0	0
1.0	0.0	3	740	0	0
1.0	0.0	3	741	0	0
1.0	0.0	3	742	0	0
1.0	0.0	3	743	0	0
1.0	0.0	3	744	0	0
1.0	0.0	3	745	0	0
1.0	0.0	3	746	0	0
0.998958699125263	0.0010413008747370241	3	747	0	0
1.0	0.0	3	748	0	0
0.998958699125263	0.0010413008747370241	3	749	0	0
0.9706532470118789	0.02934675298812096	3	750	0	0
0.8682411873827743	0.13175881261722547	3	751	0	0
0.9934155522535908	0.0065844477464091136	3	752	0	0
0.9934155522535908	0.0065844477464091136	3	753	0	0
0.944070570896363	0.055929429103637025	3	754	0	0
1.0	0.0	3	755	0	0
0.993361777670187	0.006638222329813094	3	756	0	0
0.993361777670187	0.006638222329813094	3	757	0	0
0.993361777670187	0.006638222329813094	3	758	0	0
1.0	0.0	3	759	0	0
0.983647552784353	0.01635244721564702	3	760	0	0
1.0	0.0	3	761	0	0
0.841849780963615	0.15815021903638518	3	762	0	0
0.14602187426064786	0.853978125739352	3	763	0	1
0.15019419773199089	0.8498058022680087	3	764	0	1
1.0	0.0	3	765	0	0
0.9967022717015194	0.003297728298480518	3	766	0	0
1.0	0.0	3	767	0	0
1.0	0.0	3	768	0	0
0.7927678874884304	0.20723211251156945	3	769	0	0
0.8882900686862614	0.11170993131373881	3	770	0	0
0.967115019781681	0.03288498021831883	3	771	0	0
0.9901163053866245	0.009883694613375339	3	772	0	0
0.9674367772382988	0.03256322276170122	3	773	0	0
0.9967062954602458	0.003293704539754201	3	774	0	0
1.0	0.0	3	775	0	0
1.0	0.0	3	776	0	0
0.9967669172932332	0.0032330827067669175	3	777	0	0
1.0	0.0	3	778	0	0
1.0	0.0	3	779	0	0
0.9934085778781039	0.006591422121896162	3	780	0	0
0.9966666666666667	0.0033333333333333335	3	781	0	0
0.9539020503182895	0.04609794968171068	3	782	0	0
1.0	0.0	3	783	0	0
1.0	0.0	3	784	0	0
0.9967067850157965	0.0032932149842034002	3	785	0	0
1.0	0.0	3	786	0	0
0.9967067850157965	0.0032932149842034002	3	787	0	0
1.0	0.0	3	788	0	0
1.0	0.0	3	789	0	0
1.0	0.0	3	790	0	0
1.0	0.0	3	791	0	0
1.0	0.0	3	792	0	0
1.0	0.0	3	793	0	0
1.0	0.0	3	794	0	0
1.0	0.0	3	795	0	0
1.0	0.0	3	796	0	0
1.0	0.0	3	797	0	0
1.0	0.0	3	798	0	0
1.0	0.0	3	799	0	0
1.0	0.0	3	800	0	0
1.0	0.0	3	801	0	0
1.0	0.0	3	802	0	0
1.0	0.0	3	803	0	0
1.0	0.0	3	804	0	0
1.0	0.0	3	805	0	0
1.0	0.0	3	806	0	0
1.0	0.0	3	807	0	0
1.0	0.0	3	808	0	0
1.0	0.0	3	809	0	0
1.0	0.0	3	810	0	0
1.0	0.0	3	811	0	0
0.9986440677966101	0.0013559322033898295	3	812	0	0
1.0	0.0	3	813	0	0
1.0	0.0	3	814	0	0
1.0	0.0	3	815	0	0
1.0	0.0	3	816	0	0
1.0	0.0	3	817	0	0
1.0	0.0	3	818	0	0
1.0	0.0	3	819	0	0
0.9506914365007757	0.0493085634992243	3	820	0	0
0.9143847678904865	0.0856152321095135	3	821	0	0
0.9801495376765793	0.019850462323420602	3	822	0	0
0.9901669181524445	0.009833081847555356	3	823	0	0
0.9967108101329321	0.003289189867067971	3	824	0	0
0.868285880427599	0.13171411957240112	3	825	0	0
0.9867292060073665	0.013270793992633631	3	826	0	0
1.0	0.0	3	827	0	0
0.9836815521647236	0.016318447835276525	3	828	0	0
1.0	0.0	3	829	0	0
0.9900141607242199	0.009985839275780103	3	830	0	0
1.0	0.0	3	831	0	0
0.9967022717015194	0.0032977282984805174	3	832	0	0
1.0	0.0	3	833	0	0
0.9967022717015194	0.0032977282984805174	3	834	0	0
1.0	0.0	3	835	0	0
1.0	0.0	3	836	0	0
1.0	0.0	3	837	0	0
1.0	0.0	3	838	0	0
1.0	0.0	3	839	0	0
1.0	0.0	3	840	0	0
1.0	0.0	3	841	0	0
1.0	0.0	3	842	0	0
0.9934575499579738	0.006542450042026353	3	843	0	0
0.9111957482323279	0.08880425176767222	3	844	0	0
1.0	0.0	3	845	0	0
0.8650449541151496	0.13495504588485044	3	846	0	0
1.0	0.0	3	847	0	0
0.7723668692342568	0.22763313076574315	3	848	0	0
0.9734845441110698	0.02651545588893006	3	849	0	0
0.9867894912850249	0.013210508714975058	3	850	0	0
1.0	0.0	3	851	0	0
1.0	0.0	3	852	0	0
1.0	0.0	3	853	0	0
0.9892663271083803	0.010733672891619778	3	854	0	0
0.9892663271083803	0.010733672891619778	3	855	0	0
1.0	0.0	3	856	0	0
0.9967755702722589	0.003224429727740986	3	857	0	0
0.9014770230625708	0.09852297693742901	3	858	0	0
0.9934226933029089	0.0065773066970910956	3	859	0	0
0.9967537738183618	0.003246226181638208	3	860	0	0
0.9867685222060621	0.013231477793937775	3	861	0	0
0.9635383985873479	0.03646160141265206	3	862	0	0
1.0	0.0	3	863	0	0
1.0	0.0	3	864	0	0
1.0	0.0	3	865	0	0
0.9868527878323422	0.013147212167657898	3	866	0	0
0.9868527878323422	0.013147212167657898	3	867	0	0
0.9868527878323422	0.013147212167657898	3	868	0	0
1.0	0.0	3	869	0	0
1.0	0.0	3	870	0	0
1.0	0.0	3	871	0	0
0.996692172162094	0.0033078278379058646	3	872	0	0
1.0	0.0	3	873	0	0
1.0	0.0	3	874	0	0
1.0	0.0	3	875	0	0
1.0	0.0	3	876	0	0
1.0	0.0	3	877	0	0
1.0	0.0	3	878	0	0
1.0	0.0	3	879	0	0
1.0	0.0	3	880	0	0
1.0	0.0	3	881	0	0
1.0	0.0	3	882	0	0
1.0	0.0	3	883	0	0
1.0	0.0	3	884	0	0
1.0	0.0	3	885	0	0
1.0	0.0	3	886	0	0
1.0	0.0	3	887	0	0
0.9868176119552682	0.01318238804473196	3	888	0	0
0.3073633884477934	0.6926366115522066	3	889	1	1
0.11103258064454638	0.8889674193554536	3	890	1	1
0.9671826923459212	0.03281730765407864	3	891	0	0
0.028773331033257115	0.9712266689667427	3	892	1	1
0.06307877049981654	0.936921229500183	3	893	1	1
0.059331208689666966	0.9406687913103332	3	894	1	1
0.26182297659457127	0.7381770234054289	3	895	1	1
0.9934038529565998	0.0065961470434002314	3	896	0	0
0.9966997643046989	0.0033002356953011386	3	897	0	0
0.9966997643046989	0.0033002356953011386	3	898	0	0
0.9966997643046989	0.0033002356953011386	3	899	0	0
1.0	0.0	3	900	0	0
0.9966666666666667	0.0033333333333333335	3	901	0	0
0.9966666666666667	0.0033333333333333335	3	902	0	0
0.03176363117947457	0.9682363688205258	3	903	1	1
1.0	0.0	3	904	0	0
0.2443931415224393	0.7556068584775607	3	905	1	1
0.05491166439768583	0.9450883356023138	3	906	1	1
0.3584389037549953	0.6415610962450047	3	907	1	1
0.9966992677299629	0.0033007322700371153	3	908	0	0
0.9934060587822251	0.006593941217775103	3	909	0	0
1.0	0.0	3	910	0	0
1.0	0.0	3	911	0	0
1.0	0.0	3	912	0	0
1.0	0.0	3	913	0	0
1.0	0.0	3	914	0	0
1.0	0.0	3	915	0	0
1.0	0.0	3	916	0	0
1.0	0.0	3	917	0	0
1.0	0.0	3	918	0	0
1.0	0.0	3	919	0	0
0.9967072864951607	0.0032927135048392755	3	920	0	0
1.0	0.0	3	921	0	0
1.0	0.0	3	922	0	0
1.0	0.0	3	923	0	0
0.9968404550305098	0.0031595449694902114	3	924	0	0
1.0	0.0	3	925	0	0
1.0	0.0	3	926	0	0
1.0	0.0	3	927	0	0
1.0	0.0	3	928	0	0
1.0	0.0	3	929	0	0
1.0	0.0	3	930	0	0
1.0	0.0	3	931	0	0
1.0	0.0	3	932	0	0
1.0	0.0	3	933	0	0
1.0	0.0	3	934	0	0
1.0	0.0	3	935	0	0
1.0	0.0	3	936	0	0
1.0	0.0	3	937	0	0
0.9967257497569367	0.0032742502430633466	3	938	0	0
1.0	0.0	3	939	0	0
1.0	0.0	3	940	0	0
1.0	0.0	3	941	0	0
1.0	0.0	3	942	0	0
1.0	0.0	3	943	0	0
1.0	0.0	3	944	0	0
1.0	0.0	3	945	0	0
1.0	0.0	3	946	0	0
1.0	0.0	3	947	0	0
0.268594814223338	0.7314051857766617	3	948	1	1
1.0	0.0	3	949	0	0
1.0	0.0	3	950	0	0
1.0	0.0	3	951	0	0
1.0	0.0	3	952	0	0
1.0	0.0	3	953	0	0
1.0	0.0	3	954	0	0
1.0	0.0	3	955	0	0
0.9682724680104345	0.031727531989565384	3	956	0	0
0.9938008226833586	0.006199177316641351	3	957	0	0
0.9946159012145718	0.005384098785428199	3	958	0	0
1.0	0.0	3	959	0	0
0.9737206019883331	0.026279398011666684	3	960	0	0
0.9968404550305098	0.0031595449694902114	3	961	0	0
1.0	0.0	3	962	0	0
1.0	0.0	3	963	0	0
0.993461999132744	0.006538000867256122	3	964	0	0
1.0	0.0	3	965	0	0
1.0	0.0	3	966	0	0
1.0	0.0	3	967	0	0
1.0	0.0	3	968	0	0
1.0	0.0	3	969	0	0
1.0	0.0	3	970	0	0
1.0	0.0	3	971	0	0
1.0	0.0	3	972	0	0
1.0	0.0	3	973	0	0
1.0	0.0	3	974	0	0
1.0	0.0	3	975	0	0
1.0	0.0	3	976	0	0
1.0	0.0	3	977	0	0
1.0	0.0	3	978	0	0
1.0	0.0	3	979	0	0
1.0	0.0	3	980	0	0
1.0	0.0	3	981	0	0
1.0	0.0	3	982	0	0
1.0	0.0	3	983	0	0
1.0	0.0	3	984	0	0
1.0	0.0	3	985	0	0
1.0	0.0	3	986	0	0
1.0	0.0	3	987	0	0
1.0	0.0	3	988	0	0
1.0	0.0	3	989	0	0
1.0	0.0	3	990	0	0
1.0	0.0	3	991	0	0
1.0	0.0	3	992	0	0
1.0	0.0	3	993	0	0
1.0	0.0	3	994	0	0
1.0	0.0	3	995	0	0
1.0	0.0	3	996	0	0
1.0	0.0	3	997	0	0
1.0	0.0	3	998	0	0
1.0	0.0	3	999	0	0
1.0	0.0	3	1000	0	0
0.996843788309099	0.00315621169090092	3	1001	0	0
0.996843788309099	0.00315621169090092	3	1002	0	0
1.0	0.0	3	1003	0	0
1.0	0.0	3	1004	0	0
0.996843788309099	0.00315621169090092	3	1005	0	0
0.996843788309099	0.00315621169090092	3	1006	0	0
1.0	0.0	3	1007	0	0
0.01437296890907039	0.9856270310909296	3	1008	1	1
1.0	0.0	3	1009	0	0
1.0	0.0	3	1010	0	0
1.0	0.0	3	1011	0	0
1.0	0.0	3	1012	0	0
1.0	0.0	3	1013	0	0
1.0	0.0	3	1014	0	0
0.9969389039933219	0.0030610960066780727	3	1015	0	0
1.0	0.0	3	1016	0	0
1.0	0.0	3	1017	0	0
1.0	0.0	3	1018	0	0
1.0	0.0	3	1019	0	0
1.0	0.0	3	1020	0	0
1.0	0.0	3	1021	0	0
1.0	0.0	3	1022	0	0
1.0	0.0	3	1023	0	0
0.9967092988263617	0.0032907011736382787	3	1024	0	0
1.0	0.0	3	1025	0	0
1.0	0.0	3	1026	0	0
1.0	0.0	3	1027	0	0
1.0	0.0	3	1028	0	0
1.0	0.0	3	1029	0	0
1.0	0.0	3	1030	0	0
0.9971782965733695	0.0028217034266305513	3	1031	0	0
1.0	0.0	3	1032	0	0
1.0	0.0	3	1033	0	0
1.0	0.0	3	1034	0	0
1.0	0.0	3	1035	0	0
1.0	0.0	3	1036	0	0
1.0	0.0	3	1037	0	0
1.0	0.0	3	1038	0	0
1.0	0.0	3	1039	0	0
1.0	0.0	3	1040	0	0
1.0	0.0	3	1041	0	0
1.0	0.0	3	1042	0	0
1.0	0.0	3	1043	0	0
1.0	0.0	3	1044	0	0
0.992086530421066	0.007913469578933838	3	1045	0	0
1.0	0.0	3	1046	0	0
1.0	0.0	3	1047	0	0
1.0	0.0	3	1048	0	0
1.0	0.0	3	1049	0	0
1.0	0.0	3	1050	0	0
1.0	0.0	3	1051	0	0
1.0	0.0	3	1052	0	0
0.9574101591773054	0.042589840822694784	3	1053	0	0
1.0	0.0	3	1054	0	0
1.0	0.0	3	1055	0	0
1.0	0.0	3	1056	0	0
1.0	0.0	3	1057	0	0
1.0	0.0	3	1058	0	0
1.0	0.0	3	1059	0	0
1.0	0.0	3	1060	0	0
1.0	0.0	3	1061	0	0
1.0	0.0	3	1062	0	0
1.0	0.0	3	1063	0	0
1.0	0.0	3	1064	0	0
0.990628337930406	0.00937166206959397	3	1065	0	0
1.0	0.0	3	1066	0	0
1.0	0.0	3	1067	0	0
1.0	0.0	3	1068	0	0
1.0	0.0	3	1069	0	0
1.0	0.0	3	1070	0	0
1.0	0.0	3	1071	0	0
0.9947908500962223	0.00520914990377768	3	1072	0	0
0.9967052863878022	0.0032947136121978127	3	1073	0	0
1.0	0.0	3	1074	0	0
1.0	0.0	3	1075	0	0
1.0	0.0	3	1076	0	0
1.0	0.0	3	1077	0	0
1.0	0.0	3	1078	0	0
1.0	0.0	3	1079	0	0
1.0	0.0	3	1080	0	0
1.0	0.0	3	1081	0	0
1.0	0.0	3	1082	0	0
1.0	0.0	3	1083	0	0
1.0	0.0	3	1084	0	0
1.0	0.0	3	1085	0	0
1.0	0.0	3	1086	0	0
1.0	0.0	3	1087	0	0
1.0	0.0	3	1088	0	0
1.0	0.0	3	1089	0	0
1.0	0.0	3	1090	0	0
1.0	0.0	3	1091	0	0
1.0	0.0	3	1092	0	0
1.0	0.0	3	1093	0	0
1.0	0.0	3	1094	0	0
1.0	0.0	3	1095	0	0
0.9966865995508792	0.0033134004491206822	3	1096	0	0
0.9967322306660706	0.0032677693339293696	3	1097	0	0
1.0	0.0	3	1098	0	0
1.0	0.0	3	1099	0	0
1.0	0.0	3	1100	0	0
1.0	0.0	3	1101	0	0
1.0	0.0	3	1102	0	0
1.0	0.0	3	1103	0	0
1.0	0.0	3	1104	0	0
1.0	0.0	3	1105	0	0
1.0	0.0	3	1106	0	0
1.0	0.0	3	1107	0	0
1.0	0.0	3	1108	0	0
1.0	0.0	3	1109	0	0
1.0	0.0	3	1110	0	0
1.0	0.0	3	1111	0	0
1.0	0.0	3	1112	0	0
1.0	0.0	3	1113	0	0
1.0	0.0	3	1114	0	0
0.7689367177513103	0.23106328224868947	3	1115	1	0
0.9966666666666667	0.0033333333333333335	3	1116	0	0
1.0	0.0	3	1117	0	0
1.0	0.0	3	1118	0	0
1.0	0.0	3	1119	0	0
1.0	0.0	3	1120	0	0
1.0	0.0	3	1121	0	0
1.0	0.0	3	1122	0	0
1.0	0.0	3	1123	0	0
1.0	0.0	3	1124	0	0
1.0	0.0	3	1125	0	0
1.0	0.0	3	1126	0	0
1.0	0.0	3	1127	0	0
1.0	0.0	3	1128	0	0
1.0	0.0	3	1129	0	0
1.0	0.0	3	1130	0	0
1.0	0.0	3	1131	0	0
0.7501481194906535	0.24985188050934648	3	1132	0	0
1.0	0.0	3	1133	0	0
0.9969224642773482	0.0030775357226516743	3	1134	0	0
0.9969224642773482	0.0030775357226516743	3	1135	0	0
1.0	0.0	3	1136	0	0
0.011346701688639275	0.9886532983113608	3	1137	1	1
0.05836773779459481	0.9416322622054054	3	1138	1	1
1.0	0.0	3	1139	0	0
1.0	0.0	3	1140	0	0
1.0	0.0	3	1141	0	0
1.0	0.0	3	1142	0	0
1.0	0.0	3	1143	0	0
1.0	0.0	3	1144	0	0
1.0	0.0	3	1145	0	0
1.0	0.0	3	1146	0	0
0.9569293832507639	0.043070616749236124	3	1147	0	0
1.0	0.0	3	1148	0	0
1.0	0.0	3	1149	0	0
1.0	0.0	3	1150	0	0
1.0	0.0	3	1151	0	0
0.11692925473958053	0.8830707452604196	3	1152	1	1
1.0	0.0	3	1153	0	0
1.0	0.0	3	1154	0	0
1.0	0.0	3	1155	0	0
1.0	0.0	3	1156	0	0
1.0	0.0	3	1157	0	0
0.9870618006660065	0.01293819933399352	3	1158	0	0
1.0	0.0	3	1159	0	0
1.0	0.0	3	1160	0	0
1.0	0.0	3	1161	0	0
1.0	0.0	3	1162	0	0
0.9933803903544852	0.006619609645514726	3	1163	0	0
1.0	0.0	3	1164	0	0
1.0	0.0	3	1165	0	0
1.0	0.0	3	1166	0	0
1.0	0.0	3	1167	0	0
1.0	0.0	3	1168	0	0
1.0	0.0	3	1169	0	0
1.0	0.0	3	1170	0	0
1.0	0.0	3	1171	0	0
1.0	0.0	3	1172	0	0
1.0	0.0	3	1173	0	0
1.0	0.0	3	1174	0	0
1.0	0.0	3	1175	0	0
1.0	0.0	3	1176	0	0
1.0	0.0	3	1177	0	0
1.0	0.0	3	1178	0	0
1.0	0.0	3	1179	0	0
1.0	0.0	3	1180	0	0
1.0	0.0	3	1181	0	0
1.0	0.0	3	1182	0	0
1.0	0.0	3	1183	0	0
1.0	0.0	3	1184	0	0
1.0	0.0	3	1185	0	0
1.0	0.0	3	1186	0	0
1.0	0.0	3	1187	0	0
1.0	0.0	3	1188	0	0
1.0	0.0	3	1189	0	0
1.0	0.0	3	1190	0	0
1.0	0.0	3	1191	0	0
1.0	0.0	3	1192	0	0
1.0	0.0	3	1193	0	0
1.0	0.0	3	1194	0	0
0.9438726490296458	0.056127350970354116	3	1195	0	0
1.0	0.0	3	1196	0	0
0.9967257497569365	0.0032742502430633457	3	1197	0	0
1.0	0.0	3	1198	0	0
1.0	0.0	3	1199	0	0
1.0	0.0	3	1200	0	0
1.0	0.0	3	1201	0	0
1.0	0.0	3	1202	0	0
1.0	0.0	3	1203	0	0
1.0	0.0	3	1204	0	0
1.0	0.0	3	1205	0	0
1.0	0.0	3	1206	0	0
1.0	0.0	3	1207	0	0
1.0	0.0	3	1208	0	0
1.0	0.0	3	1209	0	0
1.0	0.0	3	1210	0	0
1.0	0.0	3	1211	0	0
1.0	0.0	3	1212	0	0
1.0	0.0	3	1213	0	0
1.0	0.0	3	1214	0	0
1.0	0.0	3	1215	0	0
1.0	0.0	3	1216	0	0
1.0	0.0	3	1217	0	0
1.0	0.0	3	1218	0	0
1.0	0.0	3	1219	0	0
1.0	0.0	3	1220	0	0
1.0	0.0	3	1221	0	0
1.0	0.0	3	1222	0	0
1.0	0.0	3	1223	0	0
1.0	0.0	3	1224	0	0
1.0	0.0	3	1225	0	0
1.0	0.0	3	1226	0	0
1.0	0.0	3	1227	0	0
1.0	0.0	3	1228	0	0
0.09454756912298147	0.9054524308770184	3	1229	1	1
1.0	0.0	3	1230	0	0
1.0	0.0	3	1231	0	0
1.0	0.0	3	1232	0	0
1.0	0.0	3	1233	0	0
1.0	0.0	3	1234	0	0
1.0	0.0	3	1235	0	0
1.0	0.0	3	1236	0	0
1.0	0.0	3	1237	0	0
1.0	0.0	3	1238	0	0
1.0	0.0	3	1239	0	0
1.0	0.0	3	1240	0	0
1.0	0.0	3	1241	0	0
1.0	0.0	3	1242	0	0
1.0	0.0	3	1243	0	0
1.0	0.0	3	1244	0	0
1.0	0.0	3	1245	0	0
1.0	0.0	3	1246	0	0
1.0	0.0	3	1247	0	0
1.0	0.0	3	1248	0	0
1.0	0.0	3	1249	0	0
1.0	0.0	3	1250	0	0
1.0	0.0	3	1251	0	0
1.0	0.0	3	1252	0	0
1.0	0.0	3	1253	0	0
0.03397133966362248	0.9660286603363775	3	1254	1	1
1.0	0.0	3	1255	0	0
0.04738881671365921	0.952611183286341	3	1256	1	1
1.0	0.0	3	1257	0	0
1.0	0.0	3	1258	0	0
1.0	0.0	3	1259	0	0
1.0	0.0	3	1260	0	0
1.0	0.0	3	1261	0	0
1.0	0.0	3	1262	0	0
1.0	0.0	3	1263	0	0
1.0	0.0	3	1264	0	0
1.0	0.0	3	1265	0	0
1.0	0.0	3	1266	0	0
1.0	0.0	3	1267	0	0
1.0	0.0	3	1268	0	0
1.0	0.0	3	1269	0	0
1.0	0.0	3	1270	0	0
1.0	0.0	3	1271	0	0
1.0	0.0	3	1272	0	0
1.0	0.0	3	1273	0	0
1.0	0.0	3	1274	0	0
1.0	0.0	3	1275	0	0
0.9579505795368709	0.042049420463129046	3	1276	0	0
1.0	0.0	3	1277	0	0
1.0	0.0	3	1278	0	0
0.9838770596281592	0.01612294037184091	3	1279	0	0
1.0	0.0	3	1280	0	0
0.9838770596281592	0.01612294037184091	3	1281	0	0
1.0	0.0	3	1282	0	0
1.0	0.0	3	1283	0	0
1.0	0.0	3	1284	0	0
1.0	0.0	3	1285	0	0
0.9986440677966101	0.0013559322033898295	3	1286	0	0
1.0	0.0	3	1287	0	0
1.0	0.0	3	1288	0	0
1.0	0.0	3	1289	0	0
1.0	0.0	3	1290	0	0
1.0	0.0	3	1291	0	0
0.9512378972051753	0.0487621027948249	3	1292	0	0
1.0	0.0	3	1293	0	0
1.0	0.0	3	1294	0	0
1.0	0.0	3	1295	0	0
1.0	0.0	3	1296	0	0
1.0	0.0	3	1297	0	0
1.0	0.0	3	1298	0	0
1.0	0.0	3	1299	0	0
1.0	0.0	3	1300	0	0
0.9801798711310881	0.019820128868911945	3	1301	0	0
1.0	0.0	3	1302	0	0
1.0	0.0	3	1303	0	0
1.0	0.0	3	1304	0	0
1.0	0.0	3	1305	0	0
1.0	0.0	3	1306	0	0
0.9967077941619019	0.0032922058380981042	3	1307	0	0
1.0	0.0	3	1308	0	0
0.9868332565913847	0.013166743408615313	3	1309	0	0
1.0	0.0	3	1310	0	0
1.0	0.0	3	1311	0	0
1.0	0.0	3	1312	0	0
1.0	0.0	3	1313	0	0
1.0	0.0	3	1314	0	0
1.0	0.0	3	1315	0	0
1.0	0.0	3	1316	0	0
1.0	0.0	3	1317	0	0
0.9967322306660706	0.0032677693339293696	3	1318	0	0
1.0	0.0	3	1319	0	0
1.0	0.0	3	1320	0	0
1.0	0.0	3	1321	0	0
1.0	0.0	3	1322	0	0
1.0	0.0	3	1323	0	0
1.0	0.0	3	1324	0	0
1.0	0.0	3	1325	0	0
1.0	0.0	3	1326	0	0
1.0	0.0	3	1327	0	0
1.0	0.0	3	1328	0	0
1.0	0.0	3	1329	0	0
1.0	0.0	3	1330	0	0
1.0	0.0	3	1331	0	0
1.0	0.0	3	1332	0	0
0.9967037761396117	0.0032962238603881453	3	1333	0	0
1.0	0.0	3	1334	0	0
1.0	0.0	3	1335	0	0
1.0	0.0	3	1336	0	0
0.9967784478109526	0.0032215521890474087	3	1337	0	0
1.0	0.0	3	1338	0	0
1.0	0.0	3	1339	0	0
1.0	0.0	3	1340	0	0
1.0	0.0	3	1341	0	0
1.0	0.0	3	1342	0	0
1.0	0.0	3	1343	0	0
1.0	0.0	3	1344	0	0
1.0	0.0	3	1345	0	0
1.0	0.0	3	1346	0	0
1.0	0.0	3	1347	0	0
1.0	0.0	3	1348	0	0
0.9902307411162756	0.00976925888372442	3	1349	0	0
0.9967037761396117	0.0032962238603881453	3	1350	0	0
0.28091319004777837	0.7190868099522217	3	1351	0	1
1.0	0.0	3	1352	0	0
1.0	0.0	3	1353	0	0
1.0	0.0	3	1354	0	0
1.0	0.0	3	1355	0	0
1.0	0.0	3	1356	0	0
1.0	0.0	3	1357	0	0
1.0	0.0	3	1358	0	0
1.0	0.0	3	1359	0	0
1.0	0.0	3	1360	0	0
1.0	0.0	3	1361	0	0
1.0	0.0	3	1362	0	0
1.0	0.0	3	1363	0	0
0.9967488855869243	0.0032511144130757804	3	1364	0	0
1.0	0.0	3	1365	0	0
1.0	0.0	3	1366	0	0
1.0	0.0	3	1367	0	0
1.0	0.0	3	1368	0	0
1.0	0.0	3	1369	0	0
1.0	0.0	3	1370	0	0
0.9969754192510911	0.0030245807489087985	3	1371	0	0
1.0	0.0	3	1372	0	0
1.0	0.0	3	1373	0	0
1.0	0.0	3	1374	0	0
0.9840308224537732	0.015969177546226884	3	1375	0	0
0.9803130162911124	0.01968698370888763	3	1376	0	0
1.0	0.0	3	1377	0	0
1.0	0.0	3	1378	0	0
1.0	0.0	3	1379	0	0
1.0	0.0	3	1380	0	0
1.0	0.0	3	1381	0	0
1.0	0.0	3	1382	0	0
1.0	0.0	3	1383	0	0
1.0	0.0	3	1384	0	0
1.0	0.0	3	1385	0	0
1.0	0.0	3	1386	0	0
1.0	0.0	3	1387	0	0
1.0	0.0	3	1388	0	0
1.0	0.0	3	1389	0	0
1.0	0.0	3	1390	0	0
1.0	0.0	3	1391	0	0
0.5104887027236147	0.4895112972763854	3	1392	1	0
1.0	0.0	3	1393	0	0
0.909831833437778	0.09016816656222208	3	1394	0	0
0.9377046729402893	0.06229532705971072	3	1395	0	0
1.0	0.0	3	1396	0	0
1.0	0.0	3	1397	0	0
1.0	0.0	3	1398	0	0
1.0	0.0	3	1399	0	0
1.0	0.0	3	1400	0	0
1.0	0.0	3	1401	0	0
1.0	0.0	3	1402	0	0
1.0	0.0	3	1403	0	0
1.0	0.0	3	1404	0	0
0.9941771321243544	0.005822867875645626	3	1405	0	0
1.0	0.0	3	1406	0	0
1.0	0.0	3	1407	0	0
1.0	0.0	3	1408	0	0
1.0	0.0	3	1409	0	0
1.0	0.0	3	1410	0	0
1.0	0.0	3	1411	0	0
1.0	0.0	3	1412	0	0
1.0	0.0	3	1413	0	0
0.9359261856761861	0.06407381432381397	3	1414	0	0
1.0	0.0	3	1415	0	0
1.0	0.0	3	1416	0	0
1.0	0.0	3	1417	0	0
1.0	0.0	3	1418	0	0
1.0	0.0	3	1419	0	0
1.0	0.0	3	1420	0	0
1.0	0.0	3	1421	0	0
1.0	0.0	3	1422	0	0
1.0	0.0	3	1423	0	0
1.0	0.0	3	1424	0	0
1.0	0.0	3	1425	0	0
1.0	0.0	3	1426	0	0
1.0	0.0	3	1427	0	0
0.9902298841004821	0.009770115899517835	3	1428	0	0
1.0	0.0	3	1429	0	0
1.0	0.0	3	1430	0	0
1.0	0.0	3	1431	0	0
1.0	0.0	3	1432	0	0
1.0	0.0	3	1433	0	0
1.0	0.0	3	1434	0	0
1.0	0.0	3	1435	0	0
1.0	0.0	3	1436	0	0
1.0	0.0	3	1437	0	0
1.0	0.0	3	1438	0	0
1.0	0.0	3	1439	0	0
1.0	0.0	3	1440	0	0
1.0	0.0	3	1441	0	0
1.0	0.0	3	1442	0	0
1.0	0.0	3	1443	0	0
1.0	0.0	3	1444	0	0
1.0	0.0	3	1445	0	0
1.0	0.0	3	1446	0	0
1.0	0.0	3	1447	0	0
1.0	0.0	3	1448	0	0
1.0	0.0	3	1449	0	0
1.0	0.0	3	1450	0	0
1.0	0.0	3	1451	0	0
1.0	0.0	3	1452	0	0
0.9835278198722854	0.016472180127714585	3	1453	0	0
1.0	0.0	3	1454	0	0
0.8246163717860895	0.1753836282139102	3	1455	0	0
0.01406323176398648	0.9859367682360136	3	1456	1	1
0.45793957178431727	0.5420604282156827	3	1457	1	1
0.33693666483525936	0.6630633351647405	3	1458	1	1
0.9702653596162076	0.029734640383792435	3	1459	0	0
0.9933742040572184	0.006625795942781552	3	1460	0	0
0.9967420298477861	0.0032579701522137934	3	1461	0	0
0.9966666666666667	0.0033333333333333335	3	1462	0	0
1.0	0.0	3	1463	0	0
0.15179767032498237	0.8482023296750174	3	1464	1	1
0.9768333042983102	0.023166695701689895	3	1465	0	0
0.9967302438782099	0.003269756121790096	3	1466	0	0
1.0	0.0	3	1467	0	0
1.0	0.0	3	1468	0	0
0.9802918090406846	0.01970819095931538	3	1469	0	0
0.9967410492908857	0.003258950709114351	3	1470	0	0
1.0	0.0	3	1471	0	0
1.0	0.0	3	1472	0	0
1.0	0.0	3	1473	0	0
1.0	0.0	3	1474	0	0
1.0	0.0	3	1475	0	0
0.9704626032763302	0.029537396723669857	3	1476	0	0
1.0	0.0	3	1477	0	0
1.0	0.0	3	1478	0	0
0.990102648119371	0.009897351880628964	3	1479	0	0
0.9902202813295822	0.009779718670417725	3	1480	0	0
0.9019072157401674	0.09809278425983266	3	1481	0	0
0.1226753390819712	0.8773246609180285	3	1482	1	1
0.9770990403192116	0.022900959680788303	3	1483	0	0
1.0	0.0	3	1484	0	0
1.0	0.0	3	1485	0	0
0.99669183909782	0.0033081609021799324	3	1486	0	0
0.5548536037323074	0.44514639626769265	3	1487	0	0
1.0	0.0	3	1488	0	0
1.0	0.0	3	1489	0	0
1.0	0.0	3	1490	0	0
0.996843788309099	0.00315621169090092	3	1491	0	0
1.0	0.0	3	1492	0	0
0.996843788309099	0.00315621169090092	3	1493	0	0
1.0	0.0	3	1494	0	0
1.0	0.0	3	1495	0	0
1.0	0.0	3	1496	0	0
1.0	0.0	3	1497	0	0
1.0	0.0	3	1498	0	0
1.0	0.0	3	1499	0	0
1.0	0.0	3	1500	0	0
1.0	0.0	3	1501	0	0
1.0	0.0	3	1502	0	0
0.9901550963838468	0.009844903616153105	3	1503	0	0
1.0	0.0	3	1504	0	0
1.0	0.0	3	1505	0	0
1.0	0.0	3	1506	0	0
1.0	0.0	3	1507	0	0
0.9868378831671818	0.013162116832818295	3	1508	0	0
1.0	0.0	3	1509	0	0
1.0	0.0	3	1510	0	0
1.0	0.0	3	1511	0	0
1.0	0.0	3	1512	0	0
1.0	0.0	3	1513	0	0
1.0	0.0	3	1514	0	0
1.0	0.0	3	1515	0	0
1.0	0.0	3	1516	0	0
0.893054993366545	0.10694500663345503	3	1517	0	0
1.0	0.0	3	1518	0	0
1.0	0.0	3	1519	0	0
1.0	0.0	3	1520	0	0
1.0	0.0	3	1521	0	0
1.0	0.0	3	1522	0	0
1.0	0.0	3	1523	0	0
1.0	0.0	3	1524	0	0
1.0	0.0	3	1525	0	0
1.0	0.0	3	1526	0	0
1.0	0.0	3	1527	0	0
1.0	0.0	3	1528	0	0
1.0	0.0	3	1529	0	0
1.0	0.0	3	1530	0	0
1.0	0.0	3	1531	0	0
1.0	0.0	3	1532	0	0
1.0	0.0	3	1533	0	0
1.0	0.0	3	1534	0	0
1.0	0.0	3	1535	0	0
1.0	0.0	3	1536	0	0
1.0	0.0	3	1537	0	0
1.0	0.0	3	1538	0	0
1.0	0.0	3	1539	0	0
1.0	0.0	3	1540	0	0
1.0	0.0	3	1541	0	0
1.0	0.0	3	1542	0	0
1.0	0.0	3	1543	0	0
1.0	0.0	3	1544	0	0
0.998958699125263	0.0010413008747370241	3	1545	0	0
1.0	0.0	3	1546	0	0
0.998958699125263	0.0010413008747370241	3	1547	0	0
1.0	0.0	3	1548	0	0
1.0	0.0	3	1549	0	0
1.0	0.0	3	1550	0	0
1.0	0.0	3	1551	0	0
0.9966792986711132	0.0033207013288868675	3	1552	0	0
1.0	0.0	3	1553	0	0
1.0	0.0	3	1554	0	0
1.0	0.0	3	1555	0	0
1.0	0.0	3	1556	0	0
1.0	0.0	3	1557	0	0
1.0	0.0	3	1558	0	0
1.0	0.0	3	1559	0	0
1.0	0.0	3	1560	0	0
1.0	0.0	3	1561	0	0
0.9972842105263158	0.0027157894736842105	3	1562	0	0
1.0	0.0	3	1563	0	0
1.0	0.0	3	1564	0	0
1.0	0.0	3	1565	0	0
1.0	0.0	3	1566	0	0
1.0	0.0	3	1567	0	0
1.0	0.0	3	1568	0	0
1.0	0.0	3	1569	0	0
1.0	0.0	3	1570	0	0
1.0	0.0	3	1571	0	0
1.0	0.0	3	1572	0	0
1.0	0.0	3	1573	0	0
1.0	0.0	3	1574	0	0
1.0	0.0	3	1575	0	0
1.0	0.0	3	1576	0	0
1.0	0.0	3	1577	0	0
1.0	0.0	3	1578	0	0
0.9442083882356578	0.05579161176434212	3	1579	0	0
1.0	0.0	3	1580	0	0
1.0	0.0	3	1581	0	0
1.0	0.0	3	1582	0	0
0.9936251715163852	0.006374828483614811	3	1583	0	0
1.0	0.0	3	1584	0	0
1.0	0.0	3	1585	0	0
1.0	0.0	3	1586	0	0
1.0	0.0	3	1587	0	0
1.0	0.0	3	1588	0	0
1.0	0.0	3	1589	0	0
1.0	0.0	3	1590	0	0
0.9802243169837779	0.019775683016222144	3	1591	0	0
1.0	0.0	3	1592	0	0
1.0	0.0	3	1593	0	0
1.0	0.0	3	1594	0	0
1.0	0.0	3	1595	0	0
0.8746194271133959	0.12538057288660404	3	1596	0	0
1.0	0.0	3	1597	0	0
1.0	0.0	3	1598	0	0
1.0	0.0	3	1599	0	0
1.0	0.0	3	1600	0	0
1.0	0.0	3	1601	0	0
1.0	0.0	3	1602	0	0
1.0	0.0	3	1603	0	0
1.0	0.0	3	1604	0	0
1.0	0.0	3	1605	0	0
0.9934383928868817	0.006561607113118264	3	1606	0	0
0.9934466439741667	0.006553356025833416	3	1607	0	0
1.0	0.0	3	1608	0	0
1.0	0.0	3	1609	0	0
1.0	0.0	3	1610	0	0
1.0	0.0	3	1611	0	0
1.0	0.0	3	1612	0	0
1.0	0.0	3	1613	0	0
1.0	0.0	3	1614	0	0
1.0	0.0	3	1615	0	0
1.0	0.0	3	1616	0	0
1.0	0.0	3	1617	0	0
0.6273883500520545	0.3726116499479454	3	1618	0	0
1.0	0.0	3	1619	0	0
1.0	0.0	3	1620	0	0
1.0	0.0	3	1621	0	0
1.0	0.0	3	1622	0	0
1.0	0.0	3	1623	0	0
1.0	0.0	3	1624	0	0
1.0	0.0	3	1625	0	0
1.0	0.0	3	1626	0	0
1.0	0.0	3	1627	0	0
1.0	0.0	3	1628	0	0
0.996976760223433	0.0030232397765671336	3	1629	0	0
1.0	0.0	3	1630	0	0
1.0	0.0	3	1631	0	0
0.9967052805777041	0.0032947194222957723	3	1632	0	0
1.0	0.0	3	1633	0	0
1.0	0.0	3	1634	0	0
1.0	0.0	3	1635	0	0
1.0	0.0	3	1636	0	0
1.0	0.0	3	1637	0	0
1.0	0.0	3	1638	0	0
1.0	0.0	3	1639	0	0
1.0	0.0	3	1640	0	0
1.0	0.0	3	1641	0	0
1.0	0.0	3	1642	0	0
1.0	0.0	3	1643	0	0
1.0	0.0	3	1644	0	0
1.0	0.0	3	1645	0	0
1.0	0.0	3	1646	0	0
1.0	0.0	3	1647	0	0
1.0	0.0	3	1648	0	0
1.0	0.0	3	1649	0	0
1.0	0.0	3	1650	0	0
1.0	0.0	3	1651	0	0
1.0	0.0	3	1652	0	0
1.0	0.0	3	1653	0	0
1.0	0.0	3	1654	0	0
1.0	0.0	3	1655	0	0
1.0	0.0	3	1656	0	0
1.0	0.0	3	1657	0	0
1.0	0.0	3	1658	0	0
1.0	0.0	3	1659	0	0
1.0	0.0	3	1660	0	0
1.0	0.0	3	1661	0	0
1.0	0.0	3	1662	0	0
1.0	0.0	3	1663	0	0
1.0	0.0	3	1664	0	0
1.0	0.0	3	1665	0	0
1.0	0.0	3	1666	0	0
1.0	0.0	3	1667	0	0
1.0	0.0	3	1668	0	0
1.0	0.0	3	1669	0	0
0.9968872001899786	0.0031127998100213723	3	1670	0	0
1.0	0.0	3	1671	0	0
1.0	0.0	3	1672	0	0
1.0	0.0	3	1673	0	0
1.0	0.0	3	1674	0	0
1.0	0.0	3	1675	0	0
1.0	0.0	3	1676	0	0
1.0	0.0	3	1677	0	0
1.0	0.0	3	1678	0	0
1.0	0.0	3	1679	0	0
1.0	0.0	3	1680	0	0
1.0	0.0	3	1681	0	0
1.0	0.0	3	1682	0	0
1.0	0.0	3	1683	0	0
1.0	0.0	3	1684	0	0
1.0	0.0	3	1685	0	0
1.0	0.0	3	1686	0	0
1.0	0.0	3	1687	0	0
1.0	0.0	3	1688	0	0
1.0	0.0	3	1689	0	0
1.0	0.0	3	1690	0	0
1.0	0.0	3	1691	0	0
1.0	0.0	3	1692	0	0
1.0	0.0	3	1693	0	0
1.0	0.0	3	1694	0	0
1.0	0.0	3	1695	0	0
1.0	0.0	3	1696	0	0
0.9873302121169619	0.012669787883038195	3	1697	0	0
0.998958699125263	0.0010413008747370241	3	1698	0	0
1.0	0.0	3	1699	0	0
1.0	0.0	3	1700	0	0
1.0	0.0	3	1701	0	0
1.0	0.0	3	1702	0	0
1.0	0.0	3	1703	0	0
1.0	0.0	3	1704	0	0
1.0	0.0	3	1705	0	0
1.0	0.0	3	1706	0	0
1.0	0.0	3	1707	0	0
1.0	0.0	3	1708	0	0
1.0	0.0	3	1709	0	0
1.0	0.0	3	1710	0	0
1.0	0.0	3	1711	0	0
1.0	0.0	3	1712	0	0
1.0	0.0	3	1713	0	0
1.0	0.0	3	1714	0	0
1.0	0.0	3	1715	0	0
1.0	0.0	3	1716	0	0
1.0	0.0	3	1717	0	0
1.0	0.0	3	1718	0	0
1.0	0.0	3	1719	0	0
1.0	0.0	3	1720	0	0
1.0	0.0	3	1721	0	0
1.0	0.0	3	1722	0	0
1.0	0.0	3	1723	0	0
0.9933823128357123	0.0066176871642877905	3	1724	0	0
0.9013983333082215	0.09860166669177822	3	1725	0	0
1.0	0.0	3	1726	0	0
1.0	0.0	3	1727	0	0
1.0	0.0	3	1728	0	0
1.0	0.0	3	1729	0	0
1.0	0.0	3	1730	0	0
1.0	0.0	3	1731	0	0
1.0	0.0	3	1732	0	0
1.0	0.0	3	1733	0	0
1.0	0.0	3	1734	0	0
0.9966853280879608	0.0033146719120391386	3	1735	0	0
1.0	0.0	3	1736	0	0
1.0	0.0	3	1737	0	0
1.0	0.0	3	1738	0	0
1.0	0.0	3	1739	0	0
1.0	0.0	3	1740	0	0
1.0	0.0	3	1741	0	0
0.9659858275017905	0.03401417249820939	3	1742	0	0
1.0	0.0	3	1743	0	0
1.0	0.0	3	1744	0	0
1.0	0.0	3	1745	0	0
1.0	0.0	3	1746	0	0
1.0	0.0	3	1747	0	0
1.0	0.0	3	1748	0	0
1.0	0.0	3	1749	0	0
1.0	0.0	3	1750	0	0
0.9967107968507095	0.0032892031492904065	3	1751	0	0
1.0	0.0	3	1752	0	0
1.0	0.0	3	1753	0	0
1.0	0.0	3	1754	0	0
1.0	0.0	3	1755	0	0
1.0	0.0	3	1756	0	0
1.0	0.0	3	1757	0	0
1.0	0.0	3	1758	0	0
1.0	0.0	3	1759	0	0
1.0	0.0	3	1760	0	0
1.0	0.0	3	1761	0	0
1.0	0.0	3	1762	0	0
1.0	0.0	3	1763	0	0
1.0	0.0	3	1764	0	0
1.0	0.0	3	1765	0	0
1.0	0.0	3	1766	0	0
1.0	0.0	3	1767	0	0
1.0	0.0	3	1768	0	0
1.0	0.0	3	1769	0	0
1.0	0.0	3	1770	0	0
1.0	0.0	3	1771	0	0
1.0	0.0	3	1772	0	0
1.0	0.0	3	1773	0	0
1.0	0.0	3	1774	0	0
1.0	0.0	3	1775	0	0
1.0	0.0	3	1776	0	0
1.0	0.0	3	1777	0	0
1.0	0.0	3	1778	0	0
1.0	0.0	3	1779	0	0
1.0	0.0	3	1780	0	0
1.0	0.0	3	1781	0	0
1.0	0.0	3	1782	0	0
1.0	0.0	3	1783	0	0
1.0	0.0	3	1784	0	0
1.0	0.0	3	1785	0	0
1.0	0.0	3	1786	0	0
1.0	0.0	3	1787	0	0
0.9889600234499973	0.011039976550002556	3	1788	0	0
1.0	0.0	3	1789	0	0
1.0	0.0	3	1790	0	0
1.0	0.0	3	1791	0	0
1.0	0.0	3	1792	0	0
0.998958699125263	0.0010413008747370241	3	1793	0	0
1.0	0.0	3	1794	0	0
0.998958699125263	0.0010413008747370241	3	1795	0	0
1.0	0.0	3	1796	0	0
1.0	0.0	3	1797	0	0
1.0	0.0	3	1798	0	0
1.0	0.0	3	1799	0	0
1.0	0.0	3	1800	0	0
1.0	0.0	3	1801	0	0
0.996843788309099	0.00315621169090092	3	1802	0	0
1.0	0.0	3	1803	0	0
0.996843788309099	0.00315621169090092	3	1804	0	0
1.0	0.0	3	1805	0	0
1.0	0.0	3	1806	0	0
1.0	0.0	3	1807	0	0
1.0	0.0	3	1808	0	0
1.0	0.0	3	1809	0	0
1.0	0.0	3	1810	0	0
1.0	0.0	3	1811	0	0
1.0	0.0	3	1812	0	0
1.0	0.0	3	1813	0	0
1.0	0.0	3	1814	0	0
1.0	0.0	3	1815	0	0
1.0	0.0	3	1816	0	0
0.9294408608788272	0.07055913912117279	3	1817	0	0
1.0	0.0	3	1818	0	0
1.0	0.0	3	1819	0	0
1.0	0.0	3	1820	0	0
0.9804247280615482	0.019575271938451683	3	1821	0	0
1.0	0.0	3	1822	0	0
1.0	0.0	3	1823	0	0
1.0	0.0	3	1824	0	0
1.0	0.0	3	1825	0	0
1.0	0.0	3	1826	0	0
1.0	0.0	3	1827	0	0
1.0	0.0	3	1828	0	0
1.0	0.0	3	1829	0	0
1.0	0.0	3	1830	0	0
1.0	0.0	3	1831	0	0
1.0	0.0	3	1832	0	0
1.0	0.0	3	1833	0	0
1.0	0.0	3	1834	0	0
1.0	0.0	3	1835	0	0
1.0	0.0	3	1836	0	0
1.0	0.0	3	1837	0	0
1.0	0.0	3	1838	0	0
0.996697763065503	0.0033022369344969404	3	1839	0	0
0.996697763065503	0.0033022369344969404	3	1840	0	0
1.0	0.0	3	1841	0	0
1.0	0.0	3	1842	0	0
1.0	0.0	3	1843	0	0
1.0	0.0	3	1844	0	0
1.0	0.0	3	1845	0	0
1.0	0.0	3	1846	0	0
1.0	0.0	3	1847	0	0
1.0	0.0	3	1848	0	0
1.0	0.0	3	1849	0	0
1.0	0.0	3	1850	0	0
1.0	0.0	3	1851	0	0
1.0	0.0	3	1852	0	0
1.0	0.0	3	1853	0	0
1.0	0.0	3	1854	0	0
1.0	0.0	3	1855	0	0
1.0	0.0	3	1856	0	0
1.0	0.0	3	1857	0	0
1.0	0.0	3	1858	0	0
1.0	0.0	3	1859	0	0
1.0	0.0	3	1860	0	0
1.0	0.0	3	1861	0	0
1.0	0.0	3	1862	0	0
1.0	0.0	3	1863	0	0
1.0	0.0	3	1864	0	0
1.0	0.0	3	1865	0	0
1.0	0.0	3	1866	0	0
1.0	0.0	3	1867	0	0
1.0	0.0	3	1868	0	0
1.0	0.0	3	1869	0	0
1.0	0.0	3	1870	0	0
1.0	0.0	3	1871	0	0
1.0	0.0	3	1872	0	0
0.7673759356780353	0.23262406432196434	3	1873	0	0
1.0	0.0	3	1874	0	0
1.0	0.0	3	1875	0	0
1.0	0.0	3	1876	0	0
1.0	0.0	3	1877	0	0
1.0	0.0	3	1878	0	0
1.0	0.0	3	1879	0	0
1.0	0.0	3	1880	0	0
1.0	0.0	3	1881	0	0
1.0	0.0	3	1882	0	0
1.0	0.0	3	1883	0	0
1.0	0.0	3	1884	0	0
1.0	0.0	3	1885	0	0
1.0	0.0	3	1886	0	0
1.0	0.0	3	1887	0	0
0.9901113451700271	0.009888654829972915	3	1888	0	0
0.9933798093975528	0.006620190602447293	3	1889	0	0
0.9934060587822249	0.0065939412177751025	3	1890	0	0
1.0	0.0	3	1891	0	0
1.0	0.0	3	1892	0	0
1.0	0.0	3	1893	0	0
1.0	0.0	3	1894	0	0
1.0	0.0	3	1895	0	0
1.0	0.0	3	1896	0	0
1.0	0.0	3	1897	0	0
1.0	0.0	3	1898	0	0
1.0	0.0	3	1899	0	0
1.0	0.0	3	1900	0	0
1.0	0.0	3	1901	0	0
1.0	0.0	3	1902	0	0
1.0	0.0	3	1903	0	0
1.0	0.0	3	1904	0	0
1.0	0.0	3	1905	0	0
1.0	0.0	3	1906	0	0
1.0	0.0	3	1907	0	0
1.0	0.0	3	1908	0	0
1.0	0.0	3	1909	0	0
1.0	0.0	3	1910	0	0
1.0	0.0	3	1911	0	0
1.0	0.0	3	1912	0	0
1.0	0.0	3	1913	0	0
1.0	0.0	3	1914	0	0
1.0	0.0	3	1915	0	0
1.0	0.0	3	1916	0	0
1.0	0.0	3	1917	0	0
1.0	0.0	3	1918	0	0
1.0	0.0	3	1919	0	0
1.0	0.0	3	1920	0	0
1.0	0.0	3	1921	0	0
1.0	0.0	3	1922	0	0
1.0	0.0	3	1923	0	0
1.0	0.0	3	1924	0	0
0.9873407133085556	0.012659286691444383	3	1925	0	0
1.0	0.0	3	1926	0	0
1.0	0.0	3	1927	0	0
1.0	0.0	3	1928	0	0
1.0	0.0	3	1929	0	0
1.0	0.0	3	1930	0	0
1.0	0.0	3	1931	0	0
1.0	0.0	3	1932	0	0
1.0	0.0	3	1933	0	0
1.0	0.0	3	1934	0	0
1.0	0.0	3	1935	0	0
1.0	0.0	3	1936	0	0
1.0	0.0	3	1937	0	0
1.0	0.0	3	1938	0	0
1.0	0.0	3	1939	0	0
1.0	0.0	3	1940	0	0
1.0	0.0	3	1941	0	0
1.0	0.0	3	1942	0	0
1.0	0.0	3	1943	0	0
0.992080629544647	0.00791937045535294	3	1944	0	0
1.0	0.0	3	1945	0	0
1.0	0.0	3	1946	0	0
0.9835342337604707	0.016465766239529542	3	1947	0	0
1.0	0.0	3	1948	0	0
1.0	0.0	3	1949	0	0
1.0	0.0	3	1950	0	0
1.0	0.0	3	1951	0	0
1.0	0.0	3	1952	0	0
1.0	0.0	3	1953	0	0
1.0	0.0	3	1954	0	0
1.0	0.0	3	1955	0	0
1.0	0.0	3	1956	0	0
1.0	0.0	3	1957	0	0
1.0	0.0	3	1958	0	0
1.0	0.0	3	1959	0	0
1.0	0.0	3	1960	0	0
1.0	0.0	3	1961	0	0
1.0	0.0	3	1962	0	0
1.0	0.0	3	1963	0	0
1.0	0.0	3	1964	0	0
1.0	0.0	3	1965	0	0
1.0	0.0	3	1966	0	0
1.0	0.0	3	1967	0	0
1.0	0.0	3	1968	0	0
1.0	0.0	3	1969	0	0
1.0	0.0	3	1970	0	0
1.0	0.0	3	1971	0	0
1.0	0.0	3	1972	0	0
1.0	0.0	3	1973	0	0
1.0	0.0	3	1974	0	0
1.0	0.0	3	1975	0	0
1.0	0.0	3	1976	0	0
1.0	0.0	3	1977	0	0
1.0	0.0	3	1978	0	0
1.0	0.0	3	1979	0	0
0.9933996158363685	0.006600384163631498	3	1980	0	0
1.0	0.0	3	1981	0	0
1.0	0.0	3	1982	0	0
0.2683801571757717	0.731619842824228	3	1983	0	1
1.0	0.0	3	1984	0	0
1.0	0.0	3	1985	0	0
1.0	0.0	3	1986	0	0
1.0	0.0	3	1987	0	0
1.0	0.0	3	1988	0	0
1.0	0.0	3	1989	0	0
1.0	0.0	3	1990	0	0
1.0	0.0	3	1991	0	0
1.0	0.0	3	1992	0	0
1.0	0.0	3	1993	0	0
1.0	0.0	3	1994	0	0
1.0	0.0	3	1995	0	0
1.0	0.0	3	1996	0	0
1.0	0.0	3	1997	0	0
1.0	0.0	3	1998	0	0
1.0	0.0	3	1999	0	0
1.0	0.0	3	2000	0	0
1.0	0.0	3	2001	0	0
1.0	0.0	3	2002	0	0
1.0	0.0	3	2003	0	0
1.0	0.0	3	2004	0	0
1.0	0.0	3	2005	0	0
1.0	0.0	3	2006	0	0
1.0	0.0	3	2007	0	0
1.0	0.0	3	2008	0	0
1.0	0.0	3	2009	0	0
1.0	0.0	3	2010	0	0
1.0	0.0	3	2011	0	0
1.0	0.0	3	2012	0	0
1.0	0.0	3	2013	0	0
1.0	0.0	3	2014	0	0
1.0	0.0	3	2015	0	0
1.0	0.0	3	2016	0	0
1.0	0.0	3	2017	0	0
1.0	0.0	3	2018	0	0
1.0	0.0	3	2019	0	0
1.0	0.0	3	2020	0	0
1.0	0.0	3	2021	0	0
1.0	0.0	3	2022	0	0
0.9971782965733695	0.0028217034266305513	3	2023	0	0
1.0	0.0	3	2024	0	0
1.0	0.0	3	2025	0	0
1.0	0.0	3	2026	0	0
0.9735928135948506	0.02640718640514941	3	2027	0	0
1.0	0.0	3	2028	0	0
1.0	0.0	3	2029	0	0
1.0	0.0	3	2030	0	0
1.0	0.0	3	2031	0	0
1.0	0.0	3	2032	0	0
1.0	0.0	3	2033	0	0
1.0	0.0	3	2034	0	0
1.0	0.0	3	2035	0	0
1.0	0.0	3	2036	0	0
1.0	0.0	3	2037	0	0
0.998958699125263	0.0010413008747370241	3	2038	0	0
0.998958699125263	0.0010413008747370241	3	2039	0	0
1.0	0.0	3	2040	0	0
1.0	0.0	3	2041	0	0
1.0	0.0	3	2042	0	0
1.0	0.0	3	2043	0	0
1.0	0.0	3	2044	0	0
1.0	0.0	3	2045	0	0
1.0	0.0	3	2046	0	0
1.0	0.0	3	2047	0	0
1.0	0.0	3	2048	0	0
1.0	0.0	3	2049	0	0
1.0	0.0	3	2050	0	0
1.0	0.0	3	2051	0	0
1.0	0.0	3	2052	0	0
1.0	0.0	3	2053	0	0
1.0	0.0	3	2054	0	0
1.0	0.0	3	2055	0	0
1.0	0.0	3	2056	0	0
1.0	0.0	3	2057	0	0
1.0	0.0	3	2058	0	0
1.0	0.0	3	2059	0	0
1.0	0.0	3	2060	0	0
1.0	0.0	3	2061	0	0
1.0	0.0	3	2062	0	0
1.0	0.0	3	2063	0	0
1.0	0.0	3	2064	0	0
1.0	0.0	3	2065	0	0
1.0	0.0	3	2066	0	0
1.0	0.0	3	2067	0	0
1.0	0.0	3	2068	0	0
1.0	0.0	3	2069	0	0
1.0	0.0	3	2070	0	0
1.0	0.0	3	2071	0	0
1.0	0.0	3	2072	0	0
1.0	0.0	3	2073	0	0
1.0	0.0	3	2074	0	0
1.0	0.0	3	2075	0	0
1.0	0.0	3	2076	0	0
1.0	0.0	3	2077	0	0
1.0	0.0	3	2078	0	0
1.0	0.0	3	2079	0	0
1.0	0.0	3	2080	0	0
1.0	0.0	3	2081	0	0
1.0	0.0	3	2082	0	0
1.0	0.0	3	2083	0	0
1.0	0.0	3	2084	0	0
1.0	0.0	3	2085	0	0
1.0	0.0	3	2086	0	0
1.0	0.0	3	2087	0	0
1.0	0.0	3	2088	0	0
1.0	0.0	3	2089	0	0
1.0	0.0	3	2090	0	0
1.0	0.0	3	2091	0	0
1.0	0.0	3	2092	0	0
1.0	0.0	3	2093	0	0
1.0	0.0	3	2094	0	0
1.0	0.0	3	2095	0	0
1.0	0.0	3	2096	0	0
1.0	0.0	3	2097	0	0
1.0	0.0	3	2098	0	0
1.0	0.0	3	2099	0	0
1.0	0.0	3	2100	0	0
1.0	0.0	3	2101	0	0
1.0	0.0	3	2102	0	0
1.0	0.0	3	2103	0	0
1.0	0.0	3	2104	0	0
1.0	0.0	3	2105	0	0
1.0	0.0	3	2106	0	0
1.0	0.0	3	2107	0	0
1.0	0.0	3	2108	0	0
1.0	0.0	3	2109	0	0
1.0	0.0	3	2110	0	0
1.0	0.0	3	2111	0	0
1.0	0.0	3	2112	0	0
1.0	0.0	3	2113	0	0
1.0	0.0	3	2114	0	0
1.0	0.0	3	2115	0	0
1.0	0.0	3	2116	0	0
1.0	0.0	3	2117	0	0
1.0	0.0	3	2118	0	0
1.0	0.0	3	2119	0	0
1.0	0.0	3	2120	0	0
1.0	0.0	3	2121	0	0
1.0	0.0	3	2122	0	0
1.0	0.0	3	2123	0	0
0.1694198348815652	0.8305801651184345	3	2124	1	1
1.0	0.0	3	2125	0	0
1.0	0.0	3	2126	0	0
1.0	0.0	3	2127	0	0
1.0	0.0	3	2128	0	0
1.0	0.0	3	2129	0	0
0.9901508676077014	0.009849132392298718	3	2130	0	0
0.9277229841903278	0.07227701580967234	3	2131	0	0
1.0	0.0	3	2132	0	0
1.0	0.0	3	2133	0	0
0.9868171412163877	0.013182858783612238	3	2134	0	0
1.0	0.0	3	2135	0	0
1.0	0.0	3	2136	0	0
1.0	0.0	3	2137	0	0
1.0	0.0	3	2138	0	0
1.0	0.0	3	2139	0	0
0.9888822061372597	0.01111779386274017	3	2140	0	0
1.0	0.0	3	2141	0	0
1.0	0.0	3	2142	0	0
1.0	0.0	3	2143	0	0
1.0	0.0	3	2144	0	0
1.0	0.0	3	2145	0	0
1.0	0.0	3	2146	0	0
1.0	0.0	3	2147	0	0
1.0	0.0	3	2148	0	0
1.0	0.0	3	2149	0	0
0.9900567548303485	0.0099432451696515	3	2150	0	0
1.0	0.0	3	2151	0	0
1.0	0.0	3	2152	0	0
1.0	0.0	3	2153	0	0
1.0	0.0	3	2154	0	0
0.9935370075248412	0.0064629924751587065	3	2155	0	0
0.9705424895904522	0.02945751040954773	3	2156	0	0
1.0	0.0	3	2157	0	0
0.2774289314872297	0.7225710685127701	3	2158	1	1
0.9967017755040627	0.003298224495937406	3	2159	0	0
1.0	0.0	3	2160	0	0
0.9967052921996488	0.0032947078003511413	3	2161	0	0
0.03083324774063311	0.9691667522593669	3	2162	1	1
0.07400413395744156	0.925995866042558	3	2163	1	1
0.9836485502902481	0.016351449709752032	3	2164	0	0
0.9869638796145717	0.013036120385428396	3	2165	0	0
0.04643244688278643	0.9535675531172133	3	2166	1	1
1.0	0.0	3	2167	0	0
1.0	0.0	3	2168	0	0
1.0	0.0	3	2169	0	0
0.9966987613459706	0.003301238654029387	3	2170	0	0
0.9966987613459706	0.003301238654029387	3	2171	0	0
1.0	0.0	3	2172	0	0
1.0	0.0	3	2173	0	0
1.0	0.0	3	2174	0	0
1.0	0.0	3	2175	0	0
1.0	0.0	3	2176	0	0
1.0	0.0	3	2177	0	0
0.9705337882940159	0.0294662117059842	3	2178	0	0
1.0	0.0	3	2179	0	0
1.0	0.0	3	2180	0	0
0.9869730167607671	0.013026983239232829	3	2181	0	0
1.0	0.0	3	2182	0	0
1.0	0.0	3	2183	0	0
0.9967741302321017	0.0032258697678983267	3	2184	0	0
1.0	0.0	3	2185	0	0
0.9674805978844302	0.03251940211556977	3	2186	0	0
1.0	0.0	3	2187	0	0
1.0	0.0	3	2188	0	0
1.0	0.0	3	2189	0	0
0.7426579658479973	0.2573420341520027	3	2190	0	0
0.9966666666666667	0.0033333333333333335	3	2191	0	0
1.0	0.0	3	2192	0	0
0.9835098540695051	0.016490145930494964	3	2193	0	0
1.0	0.0	3	2194	0	0
1.0	0.0	3	2195	0	0
1.0	0.0	3	2196	0	0
1.0	0.0	3	2197	0	0
1.0	0.0	3	2198	0	0
1.0	0.0	3	2199	0	0
1.0	0.0	3	2200	0	0
1.0	0.0	3	2201	0	0
0.9949504650836477	0.005049534916352195	3	2202	0	0
1.0	0.0	3	2203	0	0
1.0	0.0	3	2204	0	0
1.0	0.0	3	2205	0	0
1.0	0.0	3	2206	0	0
1.0	0.0	3	2207	0	0
1.0	0.0	3	2208	0	0
1.0	0.0	3	2209	0	0
1.0	0.0	3	2210	0	0
1.0	0.0	3	2211	0	0
1.0	0.0	3	2212	0	0
1.0	0.0	3	2213	0	0
1.0	0.0	3	2214	0	0
1.0	0.0	3	2215	0	0
1.0	0.0	3	2216	0	0
1.0	0.0	3	2217	0	0
1.0	0.0	3	2218	0	0
1.0	0.0	3	2219	0	0
1.0	0.0	3	2220	0	0
1.0	0.0	3	2221	0	0
1.0	0.0	3	2222	0	0
1.0	0.0	3	2223	0	0
1.0	0.0	3	2224	0	0
1.0	0.0	3	2225	0	0
1.0	0.0	3	2226	0	0
0.9873482562632284	0.012651743736771547	3	2227	0	0
1.0	0.0	3	2228	0	0
1.0	0.0	3	2229	0	0
1.0	0.0	3	2230	0	0
1.0	0.0	3	2231	0	0
1.0	0.0	3	2232	0	0
1.0	0.0	3	2233	0	0
1.0	0.0	3	2234	0	0
1.0	0.0	3	2235	0	0
1.0	0.0	3	2236	0	0
1.0	0.0	3	2237	0	0
1.0	0.0	3	2238	0	0
1.0	0.0	3	2239	0	0
1.0	0.0	3	2240	0	0
1.0	0.0	3	2241	0	0
1.0	0.0	3	2242	0	0
1.0	0.0	3	2243	0	0
1.0	0.0	3	2244	0	0
1.0	0.0	3	2245	0	0
1.0	0.0	3	2246	0	0
1.0	0.0	3	2247	0	0
1.0	0.0	3	2248	0	0
1.0	0.0	3	2249	0	0
1.0	0.0	3	2250	0	0
1.0	0.0	3	2251	0	0
0.9047745024142398	0.09522549758576009	3	2252	0	0
1.0	0.0	3	2253	0	0
1.0	0.0	3	2254	0	0
1.0	0.0	3	2255	0	0
1.0	0.0	3	2256	0	0
1.0	0.0	3	2257	0	0
1.0	0.0	3	2258	0	0
1.0	0.0	3	2259	0	0
1.0	0.0	3	2260	0	0
1.0	0.0	3	2261	0	0
0.9986440677966101	0.0013559322033898295	3	2262	0	0
1.0	0.0	3	2263	0	0
0.9986440677966101	0.0013559322033898295	3	2264	0	0
1.0	0.0	3	2265	0	0
1.0	0.0	3	2266	0	0
1.0	0.0	3	2267	0	0
0.9967518320459496	0.003248167954050307	3	2268	0	0
0.9967518320459496	0.003248167954050307	3	2269	0	0
1.0	0.0	3	2270	0	0
1.0	0.0	3	2271	0	0
1.0	0.0	3	2272	0	0
0.9871128661988993	0.012887133801100849	3	2273	0	0
1.0	0.0	3	2274	0	0
1.0	0.0	3	2275	0	0
1.0	0.0	3	2276	0	0
1.0	0.0	3	2277	0	0
0.9823984579275967	0.017601542072403227	3	2278	0	0
1.0	0.0	3	2279	0	0
1.0	0.0	3	2280	0	0
1.0	0.0	3	2281	0	0
1.0	0.0	3	2282	0	0
1.0	0.0	3	2283	0	0
1.0	0.0	3	2284	0	0
1.0	0.0	3	2285	0	0
1.0	0.0	3	2286	0	0
1.0	0.0	3	2287	0	0
1.0	0.0	3	2288	0	0
1.0	0.0	3	2289	0	0
1.0	0.0	3	2290	0	0
1.0	0.0	3	2291	0	0
1.0	0.0	3	2292	0	0
1.0	0.0	3	2293	0	0
1.0	0.0	3	2294	0	0
1.0	0.0	3	2295	0	0
1.0	0.0	3	2296	0	0
0.9967312468951813	0.003268753104818678	3	2297	0	0
1.0	0.0	3	2298	0	0
1.0	0.0	3	2299	0	0
1.0	0.0	3	2300	0	0
1.0	0.0	3	2301	0	0
1.0	0.0	3	2302	0	0
1.0	0.0	3	2303	0	0
1.0	0.0	3	2304	0	0
1.0	0.0	3	2305	0	0
1.0	0.0	3	2306	0	0
1.0	0.0	3	2307	0	0
1.0	0.0	3	2308	0	0
1.0	0.0	3	2309	0	0
1.0	0.0	3	2310	0	0
1.0	0.0	3	2311	0	0
1.0	0.0	3	2312	0	0
1.0	0.0	3	2313	0	0
1.0	0.0	3	2314	0	0
1.0	0.0	3	2315	0	0
1.0	0.0	3	2316	0	0
0.9410263349553548	0.05897366504464531	3	2317	0	0
1.0	0.0	3	2318	0	0
1.0	0.0	3	2319	0	0
1.0	0.0	3	2320	0	0
1.0	0.0	3	2321	0	0
1.0	0.0	3	2322	0	0
1.0	0.0	3	2323	0	0
1.0	0.0	3	2324	0	0
1.0	0.0	3	2325	0	0
1.0	0.0	3	2326	0	0
1.0	0.0	3	2327	0	0
1.0	0.0	3	2328	0	0
1.0	0.0	3	2329	0	0
1.0	0.0	3	2330	0	0
1.0	0.0	3	2331	0	0
1.0	0.0	3	2332	0	0
1.0	0.0	3	2333	0	0
1.0	0.0	3	2334	0	0
1.0	0.0	3	2335	0	0
1.0	0.0	3	2336	0	0
1.0	0.0	3	2337	0	0
1.0	0.0	3	2338	0	0
1.0	0.0	3	2339	0	0
1.0	0.0	3	2340	0	0
1.0	0.0	3	2341	0	0
1.0	0.0	3	2342	0	0
1.0	0.0	3	2343	0	0
1.0	0.0	3	2344	0	0
0.9935745866472936	0.006425413352706377	3	2345	0	0
1.0	0.0	3	2346	0	0
0.9935745866472936	0.006425413352706377	3	2347	0	0
1.0	0.0	3	2348	0	0
1.0	0.0	3	2349	0	0
1.0	0.0	3	2350	0	0
1.0	0.0	3	2351	0	0
1.0	0.0	3	2352	0	0
1.0	0.0	3	2353	0	0
1.0	0.0	3	2354	0	0
1.0	0.0	3	2355	0	0
1.0	0.0	3	2356	0	0
0.9857010727408828	0.014298927259116908	3	2357	0	0
1.0	0.0	3	2358	0	0
1.0	0.0	3	2359	0	0
1.0	0.0	3	2360	0	0
1.0	0.0	3	2361	0	0
1.0	0.0	3	2362	0	0
1.0	0.0	3	2363	0	0
1.0	0.0	3	2364	0	0
0.9934329385611606	0.006567061438839513	3	2365	0	0
1.0	0.0	3	2366	0	0
1.0	0.0	3	2367	0	0
1.0	0.0	3	2368	0	0
1.0	0.0	3	2369	0	0
1.0	0.0	3	2370	0	0
1.0	0.0	3	2371	0	0
1.0	0.0	3	2372	0	0
1.0	0.0	3	2373	0	0
1.0	0.0	3	2374	0	0
0.9969754192510911	0.0030245807489087985	3	2375	0	0
1.0	0.0	3	2376	0	0
1.0	0.0	3	2377	0	0
1.0	0.0	3	2378	0	0
1.0	0.0	3	2379	0	0
1.0	0.0	3	2380	0	0
1.0	0.0	3	2381	0	0
1.0	0.0	3	2382	0	0
1.0	0.0	3	2383	0	0
1.0	0.0	3	2384	0	0
0.9939862420857776	0.006013757914222292	3	2385	0	0
1.0	0.0	3	2386	0	0
1.0	0.0	3	2387	0	0
1.0	0.0	3	2388	0	0
1.0	0.0	3	2389	0	0
1.0	0.0	3	2390	0	0
1.0	0.0	3	2391	0	0
1.0	0.0	3	2392	0	0
1.0	0.0	3	2393	0	0
1.0	0.0	3	2394	0	0
1.0	0.0	3	2395	0	0
1.0	0.0	3	2396	0	0
1.0	0.0	3	2397	0	0
1.0	0.0	3	2398	0	0
1.0	0.0	3	2399	0	0
1.0	0.0	3	2400	0	0
1.0	0.0	3	2401	0	0
1.0	0.0	3	2402	0	0
1.0	0.0	3	2403	0	0
1.0	0.0	3	2404	0	0
1.0	0.0	3	2405	0	0
1.0	0.0	3	2406	0	0
1.0	0.0	3	2407	0	0
0.9941771321243544	0.005822867875645626	3	2408	0	0
1.0	0.0	3	2409	0	0
1.0	0.0	3	2410	0	0
1.0	0.0	3	2411	0	0
1.0	0.0	3	2412	0	0
1.0	0.0	3	2413	0	0
1.0	0.0	3	2414	0	0
1.0	0.0	3	2415	0	0
1.0	0.0	3	2416	0	0
1.0	0.0	3	2417	0	0
1.0	0.0	3	2418	0	0
1.0	0.0	3	2419	0	0
1.0	0.0	3	2420	0	0
1.0	0.0	3	2421	0	0
1.0	0.0	3	2422	0	0
1.0	0.0	3	2423	0	0
1.0	0.0	3	2424	0	0
1.0	0.0	3	2425	0	0
1.0	0.0	3	2426	0	0
1.0	0.0	3	2427	0	0
1.0	0.0	3	2428	0	0
1.0	0.0	3	2429	0	0
1.0	0.0	3	2430	0	0
1.0	0.0	3	2431	0	0
1.0	0.0	3	2432	0	0
1.0	0.0	3	2433	0	0
1.0	0.0	3	2434	0	0
1.0	0.0	3	2435	0	0
1.0	0.0	3	2436	0	0
1.0	0.0	3	2437	0	0
1.0	0.0	3	2438	0	0
0.9870794083602606	0.012920591639739189	3	2439	0	0
1.0	0.0	3	2440	0	0
1.0	0.0	3	2441	0	0
1.0	0.0	3	2442	0	0
0.9902621325625766	0.009737867437423458	3	2443	0	0
1.0	0.0	3	2444	0	0
1.0	0.0	3	2445	0	0
1.0	0.0	3	2446	0	0
1.0	0.0	3	2447	0	0
0.997514450867052	0.002485549132947977	3	2448	0	0
1.0	0.0	3	2449	0	0
0.997514450867052	0.002485549132947977	3	2450	0	0
1.0	0.0	3	2451	0	0
1.0	0.0	3	2452	0	0
1.0	0.0	3	2453	0	0
1.0	0.0	3	2454	0	0
1.0	0.0	3	2455	0	0
1.0	0.0	3	2456	0	0
1.0	0.0	3	2457	0	0
1.0	0.0	3	2458	0	0
0.9840308224537732	0.015969177546226884	3	2459	0	0
1.0	0.0	3	2460	0	0
1.0	0.0	3	2461	0	0
1.0	0.0	3	2462	0	0
1.0	0.0	3	2463	0	0
1.0	0.0	3	2464	0	0
1.0	0.0	3	2465	0	0
1.0	0.0	3	2466	0	0
1.0	0.0	3	2467	0	0
1.0	0.0	3	2468	0	0
1.0	0.0	3	2469	0	0
1.0	0.0	3	2470	0	0
1.0	0.0	3	2471	0	0
1.0	0.0	3	2472	0	0
1.0	0.0	3	2473	0	0
1.0	0.0	3	2474	0	0
1.0	0.0	3	2475	0	0
1.0	0.0	3	2476	0	0
1.0	0.0	3	2477	0	0
1.0	0.0	3	2478	0	0
1.0	0.0	3	2479	0	0
1.0	0.0	3	2480	0	0
1.0	0.0	3	2481	0	0
1.0	0.0	3	2482	0	0
1.0	0.0	3	2483	0	0
1.0	0.0	3	2484	0	0
1.0	0.0	3	2485	0	0
0.9986440677966101	0.0013559322033898295	3	2486	0	0
1.0	0.0	3	2487	0	0
1.0	0.0	3	2488	0	0
1.0	0.0	3	2489	0	0
1.0	0.0	3	2490	0	0
1.0	0.0	3	2491	0	0
0.9922421317503144	0.0077578682496855286	3	2492	0	0
1.0	0.0	3	2493	0	0
1.0	0.0	3	2494	0	0
1.0	0.0	3	2495	0	0
1.0	0.0	3	2496	0	0
1.0	0.0	3	2497	0	0
1.0	0.0	3	2498	0	0
1.0	0.0	3	2499	0	0
1.0	0.0	3	2500	0	0
1.0	0.0	3	2501	0	0
1.0	0.0	3	2502	0	0
1.0	0.0	3	2503	0	0
0.9947908500962223	0.00520914990377768	3	2504	0	0
1.0	0.0	3	2505	0	0
1.0	0.0	3	2506	0	0
1.0	0.0	3	2507	0	0
1.0	0.0	3	2508	0	0
1.0	0.0	3	2509	0	0
1.0	0.0	3	2510	0	0
1.0	0.0	3	2511	0	0
1.0	0.0	3	2512	0	0
1.0	0.0	3	2513	0	0
1.0	0.0	3	2514	0	0
0.9902942731771869	0.009705726822812944	3	2515	0	0
1.0	0.0	3	2516	0	0
1.0	0.0	3	2517	0	0
1.0	0.0	3	2518	0	0
1.0	0.0	3	2519	0	0
1.0	0.0	3	2520	0	0
1.0	0.0	3	2521	0	0
1.0	0.0	3	2522	0	0
1.0	0.0	3	2523	0	0
1.0	0.0	3	2524	0	0
1.0	0.0	3	2525	0	0
1.0	0.0	3	2526	0	0
1.0	0.0	3	2527	0	0
1.0	0.0	3	2528	0	0
1.0	0.0	3	2529	0	0
1.0	0.0	3	2530	0	0
1.0	0.0	3	2531	0	0
1.0	0.0	3	2532	0	0
1.0	0.0	3	2533	0	0
1.0	0.0	3	2534	0	0
1.0	0.0	3	2535	0	0
1.0	0.0	3	2536	0	0
1.0	0.0	3	2537	0	0
1.0	0.0	3	2538	0	0
1.0	0.0	3	2539	0	0
1.0	0.0	3	2540	0	0
1.0	0.0	3	2541	0	0
1.0	0.0	3	2542	0	0
1.0	0.0	3	2543	0	0
1.0	0.0	3	2544	0	0
1.0	0.0	3	2545	0	0
1.0	0.0	3	2546	0	0
1.0	0.0	3	2547	0	0
1.0	0.0	3	2548	0	0
1.0	0.0	3	2549	0	0
1.0	0.0	3	2550	0	0
1.0	0.0	3	2551	0	0
1.0	0.0	3	2552	0	0
1.0	0.0	3	2553	0	0
1.0	0.0	3	2554	0	0
1.0	0.0	3	2555	0	0
1.0	0.0	3	2556	0	0
1.0	0.0	3	2557	0	0
1.0	0.0	3	2558	0	0
1.0	0.0	3	2559	0	0
0.9609784626515105	0.039021537348489586	3	2560	0	0
1.0	0.0	3	2561	0	0
1.0	0.0	3	2562	0	0
1.0	0.0	3	2563	0	0
1.0	0.0	3	2564	0	0
1.0	0.0	3	2565	0	0
1.0	0.0	3	2566	0	0
1.0	0.0	3	2567	0	0
1.0	0.0	3	2568	0	0
1.0	0.0	3	2569	0	0
1.0	0.0	3	2570	0	0
1.0	0.0	3	2571	0	0
1.0	0.0	3	2572	0	0
1.0	0.0	3	2573	0	0
0.8659370204864272	0.13406297951357327	3	2574	0	0
1.0	0.0	3	2575	0	0
1.0	0.0	3	2576	0	0
1.0	0.0	3	2577	0	0
1.0	0.0	3	2578	0	0
1.0	0.0	3	2579	0	0
1.0	0.0	3	2580	0	0
1.0	0.0	3	2581	0	0
1.0	0.0	3	2582	0	0
1.0	0.0	3	2583	0	0
1.0	0.0	3	2584	0	0
1.0	0.0	3	2585	0	0
1.0	0.0	3	2586	0	0
1.0	0.0	3	2587	0	0
1.0	0.0	3	2588	0	0
1.0	0.0	3	2589	0	0
1.0	0.0	3	2590	0	0
1.0	0.0	3	2591	0	0
1.0	0.0	3	2592	0	0
1.0	0.0	3	2593	0	0
1.0	0.0	3	2594	0	0
1.0	0.0	3	2595	0	0
1.0	0.0	3	2596	0	0
1.0	0.0	3	2597	0	0
1.0	0.0	3	2598	0	0
1.0	0.0	3	2599	0	0
1.0	0.0	3	2600	0	0
1.0	0.0	3	2601	0	0
1.0	0.0	3	2602	0	0
1.0	0.0	3	2603	0	0
1.0	0.0	3	2604	0	0
1.0	0.0	3	2605	0	0
1.0	0.0	3	2606	0	0
1.0	0.0	3	2607	0	0
1.0	0.0	3	2608	0	0
1.0	0.0	3	2609	0	0
1.0	0.0	3	2610	0	0
1.0	0.0	3	2611	0	0
1.0	0.0	3	2612	0	0
1.0	0.0	3	2613	0	0
0.9869268289835577	0.01307317101644224	3	2614	0	0
1.0	0.0	3	2615	0	0
1.0	0.0	3	2616	0	0
1.0	0.0	3	2617	0	0
1.0	0.0	3	2618	0	0
1.0	0.0	3	2619	0	0
1.0	0.0	3	2620	0	0
1.0	0.0	3	2621	0	0
1.0	0.0	3	2622	0	0
1.0	0.0	3	2623	0	0
1.0	0.0	3	2624	0	0
1.0	0.0	3	2625	0	0
1.0	0.0	3	2626	0	0
0.9936151063528986	0.006384893647101295	3	2627	0	0
1.0	0.0	3	2628	0	0
1.0	0.0	3	2629	0	0
1.0	0.0	3	2630	0	0
1.0	0.0	3	2631	0	0
1.0	0.0	3	2632	0	0
1.0	0.0	3	2633	0	0
1.0	0.0	3	2634	0	0
1.0	0.0	3	2635	0	0
1.0	0.0	3	2636	0	0
1.0	0.0	3	2637	0	0
1.0	0.0	3	2638	0	0
1.0	0.0	3	2639	0	0
1.0	0.0	3	2640	0	0
1.0	0.0	3	2641	0	0
1.0	0.0	3	2642	0	0
1.0	0.0	3	2643	0	0
1.0	0.0	3	2644	0	0
1.0	0.0	3	2645	0	0
1.0	0.0	3	2646	0	0
0.9390219452131331	0.06097805478686697	3	2647	0	0
1.0	0.0	3	2648	0	0
1.0	0.0	3	2649	0	0
1.0	0.0	3	2650	0	0
1.0	0.0	3	2651	0	0
1.0	0.0	3	2652	0	0
1.0	0.0	3	2653	0	0
1.0	0.0	3	2654	0	0
1.0	0.0	3	2655	0	0
1.0	0.0	3	2656	0	0
1.0	0.0	3	2657	0	0
1.0	0.0	3	2658	0	0
1.0	0.0	3	2659	0	0
1.0	0.0	3	2660	0	0
0.9986440677966101	0.0013559322033898295	3	2661	0	0
1.0	0.0	3	2662	0	0
1.0	0.0	3	2663	0	0
1.0	0.0	3	2664	0	0
1.0	0.0	3	2665	0	0
1.0	0.0	3	2666	0	0
1.0	0.0	3	2667	0	0
1.0	0.0	3	2668	0	0
1.0	0.0	3	2669	0	0
1.0	0.0	3	2670	0	0
0.9968304668304669	0.003169533169533169	3	2671	0	0
1.0	0.0	3	2672	0	0
0.9968304668304669	0.003169533169533169	3	2673	0	0
1.0	0.0	3	2674	0	0
1.0	0.0	3	2675	0	0
1.0	0.0	3	2676	0	0
1.0	0.0	3	2677	0	0
1.0	0.0	3	2678	0	0
1.0	0.0	3	2679	0	0
1.0	0.0	3	2680	0	0
1.0	0.0	3	2681	0	0
1.0	0.0	3	2682	0	0
1.0	0.0	3	2683	0	0
1.0	0.0	3	2684	0	0
1.0	0.0	3	2685	0	0
1.0	0.0	3	2686	0	0
1.0	0.0	3	2687	0	0
1.0	0.0	3	2688	0	0
1.0	0.0	3	2689	0	0
1.0	0.0	3	2690	0	0
1.0	0.0	3	2691	0	0
1.0	0.0	3	2692	0	0
1.0	0.0	3	2693	0	0
1.0	0.0	3	2694	0	0
1.0	0.0	3	2695	0	0
1.0	0.0	3	2696	0	0
1.0	0.0	3	2697	0	0
1.0	0.0	3	2698	0	0
1.0	0.0	3	2699	0	0
1.0	0.0	3	2700	0	0
1.0	0.0	3	2701	0	0
1.0	0.0	3	2702	0	0
1.0	0.0	3	2703	0	0
1.0	0.0	3	2704	0	0
1.0	0.0	3	2705	0	0
1.0	0.0	3	2706	0	0
1.0	0.0	3	2707	0	0
0.9016088829102521	0.09839111708974795	3	2708	0	0
1.0	0.0	3	2709	0	0
1.0	0.0	3	2710	0	0
1.0	0.0	3	2711	0	0
1.0	0.0	3	2712	0	0
1.0	0.0	3	2713	0	0
1.0	0.0	3	2714	0	0
1.0	0.0	3	2715	0	0
1.0	0.0	3	2716	0	0
1.0	0.0	3	2717	0	0
1.0	0.0	3	2718	0	0
1.0	0.0	3	2719	0	0
1.0	0.0	3	2720	0	0
1.0	0.0	3	2721	0	0
1.0	0.0	3	2722	0	0
1.0	0.0	3	2723	0	0
1.0	0.0	3	2724	0	0
1.0	0.0	3	2725	0	0
1.0	0.0	3	2726	0	0
1.0	0.0	3	2727	0	0
1.0	0.0	3	2728	0	0
1.0	0.0	3	2729	0	0
1.0	0.0	3	2730	0	0
1.0	0.0	3	2731	0	0
1.0	0.0	3	2732	0	0
1.0	0.0	3	2733	0	0
1.0	0.0	3	2734	0	0
1.0	0.0	3	2735	0	0
1.0	0.0	3	2736	0	0
1.0	0.0	3	2737	0	0
1.0	0.0	3	2738	0	0
1.0	0.0	3	2739	0	0
1.0	0.0	3	2740	0	0
1.0	0.0	3	2741	0	0
0.9966787933909353	0.0033212066090647268	3	2742	0	0
1.0	0.0	3	2743	0	0
1.0	0.0	3	2744	0	0
1.0	0.0	3	2745	0	0
1.0	0.0	3	2746	0	0
1.0	0.0	3	2747	0	0
1.0	0.0	3	2748	0	0
1.0	0.0	3	2749	0	0
1.0	0.0	3	2750	0	0
1.0	0.0	3	2751	0	0
1.0	0.0	3	2752	0	0
1.0	0.0	3	2753	0	0
1.0	0.0	3	2754	0	0
1.0	0.0	3	2755	0	0
1.0	0.0	3	2756	0	0
1.0	0.0	3	2757	0	0
1.0	0.0	3	2758	0	0
0.9934110743304243	0.006588925669575685	3	2759	0	0
1.0	0.0	3	2760	0	0
1.0	0.0	3	2761	0	0
1.0	0.0	3	2762	0	0
1.0	0.0	3	2763	0	0
1.0	0.0	3	2764	0	0
1.0	0.0	3	2765	0	0
1.0	0.0	3	2766	0	0
1.0	0.0	3	2767	0	0
1.0	0.0	3	2768	0	0
1.0	0.0	3	2769	0	0
1.0	0.0	3	2770	0	0
1.0	0.0	3	2771	0	0
1.0	0.0	3	2772	0	0
1.0	0.0	3	2773	0	0
1.0	0.0	3	2774	0	0
1.0	0.0	3	2775	0	0
1.0	0.0	3	2776	0	0
1.0	0.0	3	2777	0	0
1.0	0.0	3	2778	0	0
1.0	0.0	3	2779	0	0
1.0	0.0	3	2780	0	0
1.0	0.0	3	2781	0	0
1.0	0.0	3	2782	0	0
1.0	0.0	3	2783	0	0
1.0	0.0	3	2784	0	0
1.0	0.0	3	2785	0	0
1.0	0.0	3	2786	0	0
1.0	0.0	3	2787	0	0
1.0	0.0	3	2788	0	0
0.9967037761396117	0.0032962238603881453	3	2789	0	0
1.0	0.0	3	2790	0	0
1.0	0.0	3	2791	0	0
1.0	0.0	3	2792	0	0
1.0	0.0	3	2793	0	0
1.0	0.0	3	2794	0	0
1.0	0.0	3	2795	0	0
1.0	0.0	3	2796	0	0
1.0	0.0	3	2797	0	0
1.0	0.0	3	2798	0	0
1.0	0.0	3	2799	0	0
1.0	0.0	3	2800	0	0
1.0	0.0	3	2801	0	0
1.0	0.0	3	2802	0	0
1.0	0.0	3	2803	0	0
1.0	0.0	3	2804	0	0
1.0	0.0	3	2805	0	0
1.0	0.0	3	2806	0	0
1.0	0.0	3	2807	0	0
1.0	0.0	3	2808	0	0
1.0	0.0	3	2809	0	0
1.0	0.0	3	2810	0	0
1.0	0.0	3	2811	0	0
1.0	0.0	3	2812	0	0
1.0	0.0	3	2813	0	0
1.0	0.0	3	2814	0	0
1.0	0.0	3	2815	0	0
1.0	0.0	3	2816	0	0
1.0	0.0	3	2817	0	0
1.0	0.0	3	2818	0	0
1.0	0.0	3	2819	0	0
1.0	0.0	3	2820	0	0
1.0	0.0	3	2821	0	0
1.0	0.0	3	2822	0	0
1.0	0.0	3	2823	0	0
1.0	0.0	3	2824	0	0
1.0	0.0	3	2825	0	0
1.0	0.0	3	2826	0	0
1.0	0.0	3	2827	0	0
1.0	0.0	3	2828	0	0
1.0	0.0	3	2829	0	0
1.0	0.0	3	2830	0	0
1.0	0.0	3	2831	0	0
1.0	0.0	3	2832	0	0
1.0	0.0	3	2833	0	0
1.0	0.0	3	2834	0	0
1.0	0.0	3	2835	0	0
1.0	0.0	3	2836	0	0
1.0	0.0	3	2837	0	0
1.0	0.0	3	2838	0	0
1.0	0.0	3	2839	0	0
0.9935985119532091	0.006401488046790873	3	2840	0	0
1.0	0.0	3	2841	0	0
1.0	0.0	3	2842	0	0
1.0	0.0	3	2843	0	0
1.0	0.0	3	2844	0	0
1.0	0.0	3	2845	0	0
1.0	0.0	3	2846	0	0
1.0	0.0	3	2847	0	0
1.0	0.0	3	2848	0	0
1.0	0.0	3	2849	0	0
1.0	0.0	3	2850	0	0
1.0	0.0	3	2851	0	0
1.0	0.0	3	2852	0	0
1.0	0.0	3	2853	0	0
1.0	0.0	3	2854	0	0
1.0	0.0	3	2855	0	0
0.9967669172932332	0.0032330827067669175	3	2856	0	0
1.0	0.0	3	2857	0	0
0.9817507257429835	0.01824927425701647	3	2858	0	0
1.0	0.0	3	2859	0	0
1.0	0.0	3	2860	0	0
1.0	0.0	3	2861	0	0
0.9770866788078026	0.02291332119219758	3	2862	0	0
1.0	0.0	3	2863	0	0
1.0	0.0	3	2864	0	0
1.0	0.0	3	2865	0	0
1.0	0.0	3	2866	0	0
1.0	0.0	3	2867	0	0
1.0	0.0	3	2868	0	0
1.0	0.0	3	2869	0	0
1.0	0.0	3	2870	0	0
1.0	0.0	3	2871	0	0
1.0	0.0	3	2872	0	0
1.0	0.0	3	2873	0	0
1.0	0.0	3	2874	0	0
1.0	0.0	3	2875	0	0
1.0	0.0	3	2876	0	0
1.0	0.0	3	2877	0	0
1.0	0.0	3	2878	0	0
0.9835397257556936	0.016460274244306454	3	2879	0	0
1.0	0.0	3	2880	0	0
1.0	0.0	3	2881	0	0
1.0	0.0	3	2882	0	0
1.0	0.0	3	2883	0	0
1.0	0.0	3	2884	0	0
1.0	0.0	3	2885	0	0
1.0	0.0	3	2886	0	0
1.0	0.0	3	2887	0	0
1.0	0.0	3	2888	0	0
1.0	0.0	3	2889	0	0
1.0	0.0	3	2890	0	0
1.0	0.0	3	2891	0	0
1.0	0.0	3	2892	0	0
1.0	0.0	3	2893	0	0
1.0	0.0	3	2894	0	0
1.0	0.0	3	2895	0	0
1.0	0.0	3	2896	0	0
1.0	0.0	3	2897	0	0
1.0	0.0	3	2898	0	0
1.0	0.0	3	2899	0	0
1.0	0.0	3	2900	0	0
0.24642442923833646	0.7535755707616636	3	2901	0	1
1.0	0.0	3	2902	0	0
1.0	0.0	3	2903	0	0
1.0	0.0	3	2904	0	0
0.9790242757077504	0.02097572429224959	3	2905	0	0
1.0	0.0	3	2906	0	0
1.0	0.0	3	2907	0	0
1.0	0.0	3	2908	0	0
1.0	0.0	3	2909	0	0
1.0	0.0	3	2910	0	0
0.9449585866995975	0.055041413300402485	3	2911	0	0
1.0	0.0	3	2912	0	0
1.0	0.0	3	2913	0	0
0.9936454801939694	0.006354519806030532	3	2914	0	0
0.9966977583872423	0.003302241612757635	3	2915	0	0
1.0	0.0	3	2916	0	0
1.0	0.0	3	2917	0	0
1.0	0.0	3	2918	0	0
1.0	0.0	3	2919	0	0
1.0	0.0	3	2920	0	0
1.0	0.0	3	2921	0	0
0.9868098742041859	0.013190125795814118	3	2922	0	0
1.0	0.0	3	2923	0	0
1.0	0.0	3	2924	0	0
1.0	0.0	3	2925	0	0
1.0	0.0	3	2926	0	0
1.0	0.0	3	2927	0	0
0.9939862420857776	0.006013757914222292	3	2928	0	0
1.0	0.0	3	2929	0	0
1.0	0.0	3	2930	0	0
1.0	0.0	3	2931	0	0
1.0	0.0	3	2932	0	0
1.0	0.0	3	2933	0	0
1.0	0.0	3	2934	0	0
0.9986440677966101	0.0013559322033898295	3	2935	0	0
1.0	0.0	3	2936	0	0
1.0	0.0	3	2937	0	0
1.0	0.0	3	2938	0	0
1.0	0.0	3	2939	0	0
1.0	0.0	3	2940	0	0
1.0	0.0	3	2941	0	0
1.0	0.0	3	2942	0	0
1.0	0.0	3	2943	0	0
1.0	0.0	3	2944	0	0
1.0	0.0	3	2945	0	0
1.0	0.0	3	2946	0	0
1.0	0.0	3	2947	0	0
1.0	0.0	3	2948	0	0
1.0	0.0	3	2949	0	0
0.9967755863016386	0.003224413698361299	3	2950	0	0
1.0	0.0	3	2951	0	0
1.0	0.0	3	2952	0	0
1.0	0.0	3	2953	0	0
1.0	0.0	3	2954	0	0
1.0	0.0	3	2955	0	0
1.0	0.0	3	2956	0	0
1.0	0.0	3	2957	0	0
1.0	0.0	3	2958	0	0
1.0	0.0	3	2959	0	0
1.0	0.0	3	2960	0	0
1.0	0.0	3	2961	0	0
0.996704277618976	0.003295722381024021	3	2962	0	0
1.0	0.0	3	2963	0	0
1.0	0.0	3	2964	0	0
1.0	0.0	3	2965	0	0
1.0	0.0	3	2966	0	0
1.0	0.0	3	2967	0	0
1.0	0.0	3	2968	0	0
1.0	0.0	3	2969	0	0
1.0	0.0	3	2970	0	0
1.0	0.0	3	2971	0	0
1.0	0.0	3	2972	0	0
1.0	0.0	3	2973	0	0
1.0	0.0	3	2974	0	0
1.0	0.0	3	2975	0	0
1.0	0.0	3	2976	0	0
1.0	0.0	3	2977	0	0
1.0	0.0	3	2978	0	0
1.0	0.0	3	2979	0	0
1.0	0.0	3	2980	0	0
0.9966871041808594	0.0033128958191406153	3	2981	0	0
1.0	0.0	3	2982	0	0
1.0	0.0	3	2983	0	0
0.9986440677966101	0.0013559322033898295	3	2984	0	0
1.0	0.0	3	2985	0	0
1.0	0.0	3	2986	0	0
1.0	0.0	3	2987	0	0
0.9947908500962223	0.00520914990377768	3	2988	0	0
1.0	0.0	3	2989	0	0
1.0	0.0	3	2990	0	0
1.0	0.0	3	2991	0	0
1.0	0.0	3	2992	0	0
1.0	0.0	3	2993	0	0
1.0	0.0	3	2994	0	0
1.0	0.0	3	2995	0	0
1.0	0.0	3	2996	0	0
1.0	0.0	3	2997	0	0
1.0	0.0	3	2998	0	0
1.0	0.0	3	2999	0	0
1.0	0.0	3	3000	0	0
1.0	0.0	3	3001	0	0
1.0	0.0	3	3002	0	0
0.9807913204923743	0.01920867950762555	3	3003	0	0
0.9933512314401673	0.0066487685598326145	3	3004	0	0
1.0	0.0	3	3005	0	0
1.0	0.0	3	3006	0	0
1.0	0.0	3	3007	0	0
1.0	0.0	3	3008	0	0
1.0	0.0	3	3009	0	0
1.0	0.0	3	3010	0	0
1.0	0.0	3	3011	0	0
1.0	0.0	3	3012	0	0
0.997514450867052	0.002485549132947977	3	3013	0	0
1.0	0.0	3	3014	0	0
0.997514450867052	0.002485549132947977	3	3015	0	0
1.0	0.0	3	3016	0	0
0.8261807907784121	0.1738192092215876	3	3017	0	0
0.9901351899061134	0.009864810093886556	3	3018	0	0
1.0	0.0	3	3019	0	0
0.9868054657828286	0.013194534217171473	3	3020	0	0
0.9934345214971859	0.006565478502814117	3	3021	0	0
0.9934345214971859	0.006565478502814117	3	3022	0	0
1.0	0.0	3	3023	0	0
0.9967351598173515	0.003264840182648402	3	3024	0	0
1.0	0.0	3	3025	0	0
0.40301290127520284	0.596987098724797	3	3026	1	1
1.0	0.0	3	3027	0	0
0.9801803231450328	0.01981967685496695	3	3028	0	0
0.07058200916316777	0.9294179908368322	3	3029	1	1
0.99014958212701	0.009850417872990083	3	3030	1	0
0.9771513749673142	0.02284862503268584	3	3031	0	0
0.9966853252647504	0.0033146747352496217	3	3032	0	0
1.0	0.0	3	3033	0	0
0.998958699125263	0.0010413008747370241	3	3034	0	0
0.998958699125263	0.0010413008747370241	3	3035	0	0
1.0	0.0	3	3036	0	0
0.947066990995041	0.052933009004958724	3	3037	0	0
0.9968140606060607	0.0031859393939393937	3	3038	0	0
1.0	0.0	3	3039	0	0
1.0	0.0	3	3040	0	0
1.0	0.0	3	3041	0	0
1.0	0.0	3	3042	0	0
0.9966838098119297	0.0033161901880703875	3	3043	0	0
1.0	0.0	3	3044	0	0
1.0	0.0	3	3045	0	0
1.0	0.0	3	3046	0	0
1.0	0.0	3	3047	0	0
1.0	0.0	3	3048	0	0
1.0	0.0	3	3049	0	0
1.0	0.0	3	3050	0	0
1.0	0.0	3	3051	0	0
1.0	0.0	3	3052	0	0
1.0	0.0	3	3053	0	0
1.0	0.0	3	3054	0	0
1.0	0.0	3	3055	0	0
1.0	0.0	3	3056	0	0
1.0	0.0	3	3057	0	0
0.9605708313215323	0.039429168678467574	3	3058	0	0
1.0	0.0	3	3059	0	0
1.0	0.0	3	3060	0	0
1.0	0.0	3	3061	0	0
1.0	0.0	3	3062	0	0
1.0	0.0	3	3063	0	0
1.0	0.0	3	3064	0	0
1.0	0.0	3	3065	0	0
1.0	0.0	3	3066	0	0
1.0	0.0	3	3067	0	0
1.0	0.0	3	3068	0	0
1.0	0.0	3	3069	0	0
1.0	0.0	3	3070	0	0
1.0	0.0	3	3071	0	0
1.0	0.0	3	3072	0	0
1.0	0.0	3	3073	0	0
1.0	0.0	3	3074	0	0
1.0	0.0	3	3075	0	0
1.0	0.0	3	3076	0	0
1.0	0.0	3	3077	0	0
1.0	0.0	3	3078	0	0
1.0	0.0	3	3079	0	0
1.0	0.0	3	3080	0	0
1.0	0.0	3	3081	0	0
0.9968404550305098	0.0031595449694902114	3	3082	0	0
0.9967459491601011	0.0032540508398989153	3	3083	0	0
1.0	0.0	3	3084	0	0
1.0	0.0	3	3085	0	0
1.0	0.0	3	3086	0	0
1.0	0.0	3	3087	0	0
0.997099041895799	0.0029009581042009195	3	3088	0	0
1.0	0.0	3	3089	0	0
1.0	0.0	3	3090	0	0
1.0	0.0	3	3091	0	0
1.0	0.0	3	3092	0	0
1.0	0.0	3	3093	0	0
1.0	0.0	3	3094	0	0
1.0	0.0	3	3095	0	0
1.0	0.0	3	3096	0	0
1.0	0.0	3	3097	0	0
0.9914991395501113	0.008500860449888707	3	3098	0	0
0.9968404550305098	0.0031595449694902114	3	3099	0	0
0.9735992829157664	0.026400717084233784	3	3100	0	0
0.9735992829157664	0.026400717084233784	3	3101	0	0
1.0	0.0	3	3102	0	0
1.0	0.0	3	3103	0	0
0.970931508184263	0.02906849181573705	3	3104	0	0
1.0	0.0	3	3105	0	0
1.0	0.0	3	3106	0	0
1.0	0.0	3	3107	0	0
1.0	0.0	3	3108	0	0
1.0	0.0	3	3109	0	0
1.0	0.0	3	3110	0	0
1.0	0.0	3	3111	0	0
1.0	0.0	3	3112	0	0
1.0	0.0	3	3113	0	0
1.0	0.0	3	3114	0	0
1.0	0.0	3	3115	0	0
1.0	0.0	3	3116	0	0
1.0	0.0	3	3117	0	0
1.0	0.0	3	3118	0	0
0.9966992628253346	0.0033007371746652625	3	3119	0	0
1.0	0.0	3	3120	0	0
1.0	0.0	3	3121	0	0
1.0	0.0	3	3122	0	0
0.9836480373984955	0.016351962601504653	3	3123	0	0
1.0	0.0	3	3124	0	0
1.0	0.0	3	3125	0	0
1.0	0.0	3	3126	0	0
0.9986440677966101	0.0013559322033898295	3	3127	0	0
1.0	0.0	3	3128	0	0
1.0	0.0	3	3129	0	0
1.0	0.0	3	3130	0	0
1.0	0.0	3	3131	0	0
0.9887306206844418	0.011269379315558204	3	3132	0	0
1.0	0.0	3	3133	0	0
1.0	0.0	3	3134	0	0
1.0	0.0	3	3135	0	0
0.9947908500962223	0.00520914990377768	3	3136	0	0
1.0	0.0	3	3137	0	0
1.0	0.0	3	3138	0	0
1.0	0.0	3	3139	0	0
1.0	0.0	3	3140	0	0
1.0	0.0	3	3141	0	0
1.0	0.0	3	3142	0	0
1.0	0.0	3	3143	0	0
1.0	0.0	3	3144	0	0
1.0	0.0	3	3145	0	0
1.0	0.0	3	3146	0	0
1.0	0.0	3	3147	0	0
1.0	0.0	3	3148	0	0
1.0	0.0	3	3149	0	0
0.9906685321775024	0.009331467822497667	3	3150	0	0
1.0	0.0	3	3151	0	0
1.0	0.0	3	3152	0	0
1.0	0.0	3	3153	0	0
1.0	0.0	3	3154	0	0
0.4972815419402921	0.5027184580597077	3	3155	0	1
1.0	0.0	3	3156	0	0
1.0	0.0	3	3157	0	0
1.0	0.0	3	3158	0	0
1.0	0.0	3	3159	0	0
1.0	0.0	3	3160	0	0
0.9971782965733695	0.0028217034266305513	3	3161	0	0
1.0	0.0	3	3162	0	0
1.0	0.0	3	3163	0	0
1.0	0.0	3	3164	0	0
1.0	0.0	3	3165	0	0
1.0	0.0	3	3166	0	0
1.0	0.0	3	3167	0	0
1.0	0.0	3	3168	0	0
1.0	0.0	3	3169	0	0
1.0	0.0	3	3170	0	0
1.0	0.0	3	3171	0	0
1.0	0.0	3	3172	0	0
0.9934359424117967	0.006564057588203252	3	3173	0	0
1.0	0.0	3	3174	0	0
1.0	0.0	3	3175	0	0
1.0	0.0	3	3176	0	0
1.0	0.0	3	3177	0	0
0.9867390873015874	0.013260912698412699	3	3178	0	0
1.0	0.0	3	3179	0	0
1.0	0.0	3	3180	0	0
1.0	0.0	3	3181	0	0
1.0	0.0	3	3182	0	0
1.0	0.0	3	3183	0	0
1.0	0.0	3	3184	0	0
1.0	0.0	3	3185	0	0
1.0	0.0	3	3186	0	0
1.0	0.0	3	3187	0	0
1.0	0.0	3	3188	0	0
1.0	0.0	3	3189	0	0
1.0	0.0	3	3190	0	0
1.0	0.0	3	3191	0	0
1.0	0.0	3	3192	0	0
1.0	0.0	3	3193	0	0
1.0	0.0	3	3194	0	0
1.0	0.0	3	3195	0	0
1.0	0.0	3	3196	0	0
1.0	0.0	3	3197	0	0
1.0	0.0	3	3198	0	0
1.0	0.0	3	3199	0	0
1.0	0.0	3	3200	0	0
1.0	0.0	3	3201	0	0
1.0	0.0	3	3202	0	0
0.9804205383710132	0.019579461628986886	3	3203	0	0
1.0	0.0	3	3204	0	0
1.0	0.0	3	3205	0	0
1.0	0.0	3	3206	0	0
1.0	0.0	3	3207	0	0
1.0	0.0	3	3208	0	0
1.0	0.0	3	3209	0	0
1.0	0.0	3	3210	0	0
1.0	0.0	3	3211	0	0
1.0	0.0	3	3212	0	0
0.9947908500962223	0.00520914990377768	3	3213	0	0
0.9835552866081753	0.016444713391824708	3	3214	0	0
1.0	0.0	3	3215	0	0
1.0	0.0	3	3216	0	0
1.0	0.0	3	3217	0	0
1.0	0.0	3	3218	0	0
1.0	0.0	3	3219	0	0
1.0	0.0	3	3220	0	0
1.0	0.0	3	3221	0	0
1.0	0.0	3	3222	0	0
1.0	0.0	3	3223	0	0
1.0	0.0	3	3224	0	0
1.0	0.0	3	3225	0	0
1.0	0.0	3	3226	0	0
1.0	0.0	3	3227	0	0
1.0	0.0	3	3228	0	0
1.0	0.0	3	3229	0	0
1.0	0.0	3	3230	0	0
1.0	0.0	3	3231	0	0
1.0	0.0	3	3232	0	0
1.0	0.0	3	3233	0	0
1.0	0.0	3	3234	0	0
1.0	0.0	3	3235	0	0
1.0	0.0	3	3236	0	0
1.0	0.0	3	3237	0	0
1.0	0.0	3	3238	0	0
1.0	0.0	3	3239	0	0
1.0	0.0	3	3240	0	0
1.0	0.0	3	3241	0	0
0.17251732635063172	0.8274826736493681	3	3242	0	1
1.0	0.0	3	3243	0	0
1.0	0.0	3	3244	0	0
1.0	0.0	3	3245	0	0
1.0	0.0	3	3246	0	0
1.0	0.0	3	3247	0	0
1.0	0.0	3	3248	0	0
1.0	0.0	3	3249	0	0
1.0	0.0	3	3250	0	0
1.0	0.0	3	3251	0	0
1.0	0.0	3	3252	0	0
1.0	0.0	3	3253	0	0
1.0	0.0	3	3254	0	0
1.0	0.0	3	3255	0	0
1.0	0.0	3	3256	0	0
1.0	0.0	3	3257	0	0
1.0	0.0	3	3258	0	0
1.0	0.0	3	3259	0	0
1.0	0.0	3	3260	0	0
1.0	0.0	3	3261	0	0
1.0	0.0	3	3262	0	0
1.0	0.0	3	3263	0	0
1.0	0.0	3	3264	0	0
1.0	0.0	3	3265	0	0
1.0	0.0	3	3266	0	0
1.0	0.0	3	3267	0	0
1.0	0.0	3	3268	0	0
0.9735022344111961	0.026497765588803793	3	3269	0	0
1.0	0.0	3	3270	0	0
1.0	0.0	3	3271	0	0
1.0	0.0	3	3272	0	0
1.0	0.0	3	3273	0	0
1.0	0.0	3	3274	0	0
1.0	0.0	3	3275	0	0
1.0	0.0	3	3276	0	0
1.0	0.0	3	3277	0	0
1.0	0.0	3	3278	0	0
1.0	0.0	3	3279	0	0
1.0	0.0	3	3280	0	0
1.0	0.0	3	3281	0	0
1.0	0.0	3	3282	0	0
1.0	0.0	3	3283	0	0
1.0	0.0	3	3284	0	0
1.0	0.0	3	3285	0	0
1.0	0.0	3	3286	0	0
1.0	0.0	3	3287	0	0
1.0	0.0	3	3288	0	0
0.9969224642773482	0.0030775357226516743	3	3289	0	0
0.9969224642773482	0.0030775357226516743	3	3290	0	0
1.0	0.0	3	3291	0	0
1.0	0.0	3	3292	0	0
1.0	0.0	3	3293	0	0
1.0	0.0	3	3294	0	0
1.0	0.0	3	3295	0	0
1.0	0.0	3	3296	0	0
0.996843788309099	0.00315621169090092	3	3297	0	0
0.996843788309099	0.00315621169090092	3	3298	0	0
0.9967175572519085	0.0032824427480916034	3	3299	0	0
1.0	0.0	3	3300	0	0
1.0	0.0	3	3301	0	0
1.0	0.0	3	3302	0	0
1.0	0.0	3	3303	0	0
1.0	0.0	3	3304	0	0
1.0	0.0	3	3305	0	0
1.0	0.0	3	3306	0	0
1.0	0.0	3	3307	0	0
1.0	0.0	3	3308	0	0
1.0	0.0	3	3309	0	0
1.0	0.0	3	3310	0	0
1.0	0.0	3	3311	0	0
1.0	0.0	3	3312	0	0
1.0	0.0	3	3313	0	0
1.0	0.0	3	3314	0	0
1.0	0.0	3	3315	0	0
1.0	0.0	3	3316	0	0
1.0	0.0	3	3317	0	0
1.0	0.0	3	3318	0	0
1.0	0.0	3	3319	0	0
1.0	0.0	3	3320	0	0
1.0	0.0	3	3321	0	0
0.9249489357911199	0.07505106420887997	3	3322	0	0
1.0	0.0	3	3323	0	0
1.0	0.0	3	3324	0	0
1.0	0.0	3	3325	0	0
1.0	0.0	3	3326	0	0
1.0	0.0	3	3327	0	0
1.0	0.0	3	3328	0	0
0.87466125263635	0.12533874736365005	3	3329	0	0
1.0	0.0	3	3330	0	0
1.0	0.0	3	3331	0	0
1.0	0.0	3	3332	0	0
1.0	0.0	3	3333	0	0
1.0	0.0	3	3334	0	0
1.0	0.0	3	3335	0	0
0.998958699125263	0.0010413008747370241	3	3336	0	0
0.998958699125263	0.0010413008747370241	3	3337	0	0
1.0	0.0	3	3338	0	0
1.0	0.0	3	3339	0	0
1.0	0.0	3	3340	0	0
1.0	0.0	3	3341	0	0
1.0	0.0	3	3342	0	0
1.0	0.0	3	3343	0	0
1.0	0.0	3	3344	0	0
1.0	0.0	3	3345	0	0
1.0	0.0	3	3346	0	0
1.0	0.0	3	3347	0	0
1.0	0.0	3	3348	0	0
1.0	0.0	3	3349	0	0
1.0	0.0	3	3350	0	0
1.0	0.0	3	3351	0	0
1.0	0.0	3	3352	0	0
1.0	0.0	3	3353	0	0
1.0	0.0	3	3354	0	0
1.0	0.0	3	3355	0	0
1.0	0.0	3	3356	0	0
1.0	0.0	3	3357	0	0
1.0	0.0	3	3358	0	0
1.0	0.0	3	3359	0	0
1.0	0.0	3	3360	0	0
1.0	0.0	3	3361	0	0
0.9934030389649465	0.006596961035053407	3	3362	0	0
1.0	0.0	3	3363	0	0
1.0	0.0	3	3364	0	0
1.0	0.0	3	3365	0	0
1.0	0.0	3	3366	0	0
1.0	0.0	3	3367	0	0
1.0	0.0	3	3368	0	0
1.0	0.0	3	3369	0	0
1.0	0.0	3	3370	0	0
1.0	0.0	3	3371	0	0
1.0	0.0	3	3372	0	0
1.0	0.0	3	3373	0	0
1.0	0.0	3	3374	0	0
1.0	0.0	3	3375	0	0
1.0	0.0	3	3376	0	0
1.0	0.0	3	3377	0	0
1.0	0.0	3	3378	0	0
1.0	0.0	3	3379	0	0
1.0	0.0	3	3380	0	0
1.0	0.0	3	3381	0	0
1.0	0.0	3	3382	0	0
1.0	0.0	3	3383	0	0
1.0	0.0	3	3384	0	0
1.0	0.0	3	3385	0	0
1.0	0.0	3	3386	0	0
0.9947908500962223	0.00520914990377768	3	3387	0	0
1.0	0.0	3	3388	0	0
1.0	0.0	3	3389	0	0
1.0	0.0	3	3390	0	0
0.9966801476163996	0.0033198523836004247	3	3391	0	0
1.0	0.0	3	3392	0	0
0.9947908500962223	0.00520914990377768	3	3393	0	0
0.9902212224959711	0.009778777504028986	3	3394	0	0
1.0	0.0	3	3395	0	0
1.0	0.0	3	3396	0	0
1.0	0.0	3	3397	0	0
1.0	0.0	3	3398	0	0
1.0	0.0	3	3399	0	0
1.0	0.0	3	3400	0	0
1.0	0.0	3	3401	0	0
1.0	0.0	3	3402	0	0
0.9966987710057688	0.003301228994231252	3	3403	0	0
1.0	0.0	3	3404	0	0
1.0	0.0	3	3405	0	0
1.0	0.0	3	3406	0	0
1.0	0.0	3	3407	0	0
1.0	0.0	3	3408	0	0
0.9967097938919812	0.003290206108018655	3	3409	0	0
0.960659421860339	0.03934057813966121	3	3410	0	0
0.2685899665092811	0.7314100334907183	3	3411	1	1
0.9771744398552192	0.022825560144780817	3	3412	0	0
1.0	0.0	3	3413	0	0
1.0	0.0	3	3414	0	0
1.0	0.0	3	3415	0	0
1.0	0.0	3	3416	0	0
1.0	0.0	3	3417	0	0
0.014232969075257547	0.9857670309247423	3	3418	1	1
1.0	0.0	3	3419	0	0
0.993467378300121	0.0065326216998788334	3	3420	0	0
0.7160424691833254	0.2839575308166744	3	3421	0	0
0.046956000385925914	0.9530439996140739	3	3422	1	1
1.0	0.0	3	3423	0	0
0.6455788528872036	0.3544211471127962	3	3424	1	0
0.9966796420807846	0.0033203579192154086	3	3425	0	0
0.9966796420807846	0.0033203579192154086	3	3426	0	0
0.9901138700777529	0.009886129922247303	3	3427	0	0
1.0	0.0	3	3428	0	0
1.0	0.0	3	3429	0	0
1.0	0.0	3	3430	0	0
1.0	0.0	3	3431	0	0
1.0	0.0	3	3432	0	0
0.1690421280068696	0.8309578719931305	3	3433	1	1
0.9736705935350519	0.026329406464948142	3	3434	0	0
0.11364884835717841	0.8863511516428216	3	3435	1	1
1.0	0.0	3	3436	0	0
1.0	0.0	3	3437	0	0
1.0	0.0	3	3438	0	0
1.0	0.0	3	3439	0	0
0.9902901393621151	0.009709860637884829	3	3440	0	0
1.0	0.0	3	3441	0	0
1.0	0.0	3	3442	0	0
1.0	0.0	3	3443	0	0
1.0	0.0	3	3444	0	0
1.0	0.0	3	3445	0	0
0.9947908500962223	0.00520914990377768	3	3446	0	0
1.0	0.0	3	3447	0	0
1.0	0.0	3	3448	0	0
1.0	0.0	3	3449	0	0
1.0	0.0	3	3450	0	0
1.0	0.0	3	3451	0	0
1.0	0.0	3	3452	0	0
1.0	0.0	3	3453	0	0
1.0	0.0	3	3454	0	0
1.0	0.0	3	3455	0	0
1.0	0.0	3	3456	0	0
1.0	0.0	3	3457	0	0
1.0	0.0	3	3458	0	0
1.0	0.0	3	3459	0	0
1.0	0.0	3	3460	0	0
1.0	0.0	3	3461	0	0
1.0	0.0	3	3462	0	0
1.0	0.0	3	3463	0	0
1.0	0.0	3	3464	0	0
1.0	0.0	3	3465	0	0
1.0	0.0	3	3466	0	0
1.0	0.0	3	3467	0	0
1.0	0.0	3	3468	0	0
1.0	0.0	3	3469	0	0
1.0	0.0	3	3470	0	0
1.0	0.0	3	3471	0	0
1.0	0.0	3	3472	0	0
1.0	0.0	3	3473	0	0
1.0	0.0	3	3474	0	0
1.0	0.0	3	3475	0	0
1.0	0.0	3	3476	0	0
1.0	0.0	3	3477	0	0
1.0	0.0	3	3478	0	0
1.0	0.0	3	3479	0	0
1.0	0.0	3	3480	0	0
1.0	0.0	3	3481	0	0
1.0	0.0	3	3482	0	0
1.0	0.0	3	3483	0	0
1.0	0.0	3	3484	0	0
1.0	0.0	3	3485	0	0
1.0	0.0	3	3486	0	0
1.0	0.0	3	3487	0	0
0.9548622863217031	0.04513771367829662	3	3488	0	0
1.0	0.0	3	3489	0	0
1.0	0.0	3	3490	0	0
1.0	0.0	3	3491	0	0
1.0	0.0	3	3492	0	0
1.0	0.0	3	3493	0	0
0.9968404550305098	0.0031595449694902114	3	3494	0	0
1.0	0.0	3	3495	0	0
1.0	0.0	3	3496	0	0
1.0	0.0	3	3497	0	0
1.0	0.0	3	3498	0	0
1.0	0.0	3	3499	0	0
1.0	0.0	3	3500	0	0
1.0	0.0	3	3501	0	0
1.0	0.0	3	3502	0	0
1.0	0.0	3	3503	0	0
1.0	0.0	3	3504	0	0
1.0	0.0	3	3505	0	0
1.0	0.0	3	3506	0	0
1.0	0.0	3	3507	0	0
1.0	0.0	3	3508	0	0
0.9902212224959711	0.009778777504028986	3	3509	0	0
1.0	0.0	3	3510	0	0
1.0	0.0	3	3511	0	0
1.0	0.0	3	3512	0	0
1.0	0.0	3	3513	0	0
1.0	0.0	3	3514	0	0
1.0	0.0	3	3515	0	0
1.0	0.0	3	3516	0	0
1.0	0.0	3	3517	0	0
1.0	0.0	3	3518	0	0
1.0	0.0	3	3519	0	0
1.0	0.0	3	3520	0	0
1.0	0.0	3	3521	0	0
1.0	0.0	3	3522	0	0
1.0	0.0	3	3523	0	0
1.0	0.0	3	3524	0	0
1.0	0.0	3	3525	0	0
1.0	0.0	3	3526	0	0
1.0	0.0	3	3527	0	0
1.0	0.0	3	3528	0	0
1.0	0.0	3	3529	0	0
1.0	0.0	3	3530	0	0
1.0	0.0	3	3531	0	0
1.0	0.0	3	3532	0	0
1.0	0.0	3	3533	0	0
1.0	0.0	3	3534	0	0
1.0	0.0	3	3535	0	0
1.0	0.0	3	3536	0	0
1.0	0.0	3	3537	0	0
1.0	0.0	3	3538	0	0
1.0	0.0	3	3539	0	0
1.0	0.0	3	3540	0	0
1.0	0.0	3	3541	0	0
1.0	0.0	3	3542	0	0
1.0	0.0	3	3543	0	0
1.0	0.0	3	3544	0	0
0.9704247291595398	0.029575270840460105	3	3545	0	0
0.9837191038553177	0.01628089614468248	3	3546	0	0
0.9778433914498212	0.02215660855017862	3	3547	0	0
1.0	0.0	3	3548	0	0
1.0	0.0	3	3549	0	0
1.0	0.0	3	3550	0	0
1.0	0.0	3	3551	0	0
1.0	0.0	3	3552	0	0
1.0	0.0	3	3553	0	0
0.9473737661148676	0.0526262338851323	3	3554	0	0
1.0	0.0	3	3555	0	0
1.0	0.0	3	3556	0	0
1.0	0.0	3	3557	0	0
1.0	0.0	3	3558	0	0
1.0	0.0	3	3559	0	0
1.0	0.0	3	3560	0	0
1.0	0.0	3	3561	0	0
0.9967138057268943	0.0032861942731056614	3	3562	0	0
1.0	0.0	3	3563	0	0
1.0	0.0	3	3564	0	0
1.0	0.0	3	3565	0	0
1.0	0.0	3	3566	0	0
0.9969389039933219	0.0030610960066780727	3	3567	0	0
1.0	0.0	3	3568	0	0
1.0	0.0	3	3569	0	0
1.0	0.0	3	3570	0	0
1.0	0.0	3	3571	0	0
1.0	0.0	3	3572	0	0
1.0	0.0	3	3573	0	0
1.0	0.0	3	3574	0	0
1.0	0.0	3	3575	0	0
1.0	0.0	3	3576	0	0
0.9939262346237752	0.006073765376224901	3	3577	0	0
1.0	0.0	3	3578	0	0
1.0	0.0	3	3579	0	0
1.0	0.0	3	3580	0	0
1.0	0.0	3	3581	0	0
1.0	0.0	3	3582	0	0
1.0	0.0	3	3583	0	0
1.0	0.0	3	3584	0	0
1.0	0.0	3	3585	0	0
0.9902545265414673	0.009745473458532886	3	3586	0	0
0.9947908500962223	0.00520914990377768	3	3587	0	0
0.9946925531721346	0.005307446827865318	3	3588	0	0
0.9881006069307225	0.011899393069277486	3	3589	0	0
1.0	0.0	3	3590	0	0
1.0	0.0	3	3591	0	0
0.9915173343193417	0.008482665680658193	3	3592	0	0
1.0	0.0	3	3593	0	0
1.0	0.0	3	3594	0	0
0.9968872001899786	0.0031127998100213723	3	3595	0	0
1.0	0.0	3	3596	0	0
1.0	0.0	3	3597	0	0
1.0	0.0	3	3598	0	0
1.0	0.0	3	3599	0	0
1.0	0.0	3	3600	0	0
1.0	0.0	3	3601	0	0
1.0	0.0	3	3602	0	0
1.0	0.0	3	3603	0	0
1.0	0.0	3	3604	0	0
1.0	0.0	3	3605	0	0
1.0	0.0	3	3606	0	0
1.0	0.0	3	3607	0	0
1.0	0.0	3	3608	0	0
1.0	0.0	3	3609	0	0
1.0	0.0	3	3610	0	0
1.0	0.0	3	3611	0	0
1.0	0.0	3	3612	0	0
1.0	0.0	3	3613	0	0
1.0	0.0	3	3614	0	0
1.0	0.0	3	3615	0	0
1.0	0.0	3	3616	0	0
1.0	0.0	3	3617	0	0
1.0	0.0	3	3618	0	0
1.0	0.0	3	3619	0	0
1.0	0.0	3	3620	0	0
1.0	0.0	3	3621	0	0
1.0	0.0	3	3622	0	0
1.0	0.0	3	3623	0	0
1.0	0.0	3	3624	0	0
0.963741200484575	0.036258799515425044	3	3625	0	0
1.0	0.0	3	3626	0	0
1.0	0.0	3	3627	0	0
1.0	0.0	3	3628	0	0
1.0	0.0	3	3629	0	0
1.0	0.0	3	3630	0	0
0.990112674622851	0.009887325377148967	3	3631	0	0
1.0	0.0	3	3632	0	0
1.0	0.0	3	3633	0	0
1.0	0.0	3	3634	0	0
1.0	0.0	3	3635	0	0
1.0	0.0	3	3636	0	0
1.0	0.0	3	3637	0	0
1.0	0.0	3	3638	0	0
1.0	0.0	3	3639	0	0
1.0	0.0	3	3640	0	0
1.0	0.0	3	3641	0	0
1.0	0.0	3	3642	0	0
1.0	0.0	3	3643	0	0
1.0	0.0	3	3644	0	0
1.0	0.0	3	3645	0	0
1.0	0.0	3	3646	0	0
1.0	0.0	3	3647	0	0
1.0	0.0	3	3648	0	0
1.0	0.0	3	3649	0	0
1.0	0.0	3	3650	0	0
1.0	0.0	3	3651	0	0
1.0	0.0	3	3652	0	0
1.0	0.0	3	3653	0	0
0.9947908500962223	0.00520914990377768	3	3654	0	0
1.0	0.0	3	3655	0	0
1.0	0.0	3	3656	0	0
1.0	0.0	3	3657	0	0
1.0	0.0	3	3658	0	0
1.0	0.0	3	3659	0	0
1.0	0.0	3	3660	0	0
1.0	0.0	3	3661	0	0
1.0	0.0	3	3662	0	0
0.9967012791572613	0.0032987208427389014	3	3663	0	0
1.0	0.0	3	3664	0	0
1.0	0.0	3	3665	0	0
0.9277106560624484	0.07228934393755156	3	3666	0	0
1.0	0.0	3	3667	0	0
1.0	0.0	3	3668	0	0
1.0	0.0	3	3669	0	0
1.0	0.0	3	3670	0	0
1.0	0.0	3	3671	0	0
0.987119991715381	0.012880008284618927	3	3672	0	0
1.0	0.0	3	3673	0	0
0.9979902814706153	0.002009718529384801	3	3674	0	0
1.0	0.0	3	3675	0	0
0.9979902814706153	0.002009718529384801	3	3676	0	0
0.9967072864951607	0.0032927135048392755	3	3677	0	0
1.0	0.0	3	3678	0	0
1.0	0.0	3	3679	0	0
1.0	0.0	3	3680	0	0
1.0	0.0	3	3681	0	0
1.0	0.0	3	3682	0	0
0.9968404550305098	0.0031595449694902114	3	3683	0	0
1.0	0.0	3	3684	0	0
1.0	0.0	3	3685	0	0
1.0	0.0	3	3686	0	0
1.0	0.0	3	3687	0	0
1.0	0.0	3	3688	0	0
1.0	0.0	3	3689	0	0
1.0	0.0	3	3690	0	0
1.0	0.0	3	3691	0	0
1.0	0.0	3	3692	0	0
1.0	0.0	3	3693	0	0
1.0	0.0	3	3694	0	0
1.0	0.0	3	3695	0	0
1.0	0.0	3	3696	0	0
1.0	0.0	3	3697	0	0
1.0	0.0	3	3698	0	0
1.0	0.0	3	3699	0	0
0.9902212224959711	0.009778777504028986	3	3700	0	0
1.0	0.0	3	3701	0	0
0.996976760223433	0.0030232397765671336	3	3702	0	0
1.0	0.0	3	3703	0	0
0.996976760223433	0.0030232397765671336	3	3704	0	0
0.9716926159320943	0.028307384067905842	3	3705	0	0
0.9967083019814398	0.003291698018560321	3	3706	0	0
1.0	0.0	3	3707	0	0
0.9967083019814398	0.003291698018560321	3	3708	0	0
1.0	0.0	3	3709	0	0
1.0	0.0	3	3710	0	0
1.0	0.0	3	3711	0	0
1.0	0.0	3	3712	0	0
1.0	0.0	3	3713	0	0
1.0	0.0	3	3714	0	0
1.0	0.0	3	3715	0	0
1.0	0.0	3	3716	0	0
1.0	0.0	3	3717	0	0
1.0	0.0	3	3718	0	0
0.9678560049172747	0.03214399508272507	3	3719	0	0
1.0	0.0	3	3720	0	0
0.9242895631626493	0.07571043683735057	3	3721	0	0
1.0	0.0	3	3722	0	0
1.0	0.0	3	3723	0	0
1.0	0.0	3	3724	0	0
1.0	0.0	3	3725	0	0
1.0	0.0	3	3726	0	0
1.0	0.0	3	3727	0	0
1.0	0.0	3	3728	0	0
1.0	0.0	3	3729	0	0
1.0	0.0	3	3730	0	0
1.0	0.0	3	3731	0	0
1.0	0.0	3	3732	0	0
1.0	0.0	3	3733	0	0
1.0	0.0	3	3734	0	0
1.0	0.0	3	3735	0	0
1.0	0.0	3	3736	0	0
1.0	0.0	3	3737	0	0
0.9936154917953701	0.006384508204629946	3	3738	0	0
0.9936154917953701	0.006384508204629946	3	3739	0	0
1.0	0.0	3	3740	0	0
1.0	0.0	3	3741	0	0
1.0	0.0	3	3742	0	0
1.0	0.0	3	3743	0	0
1.0	0.0	3	3744	0	0
1.0	0.0	3	3745	0	0
1.0	0.0	3	3746	0	0
1.0	0.0	3	3747	0	0
1.0	0.0	3	3748	0	0
0.9969389039933219	0.0030610960066780727	3	3749	0	0
1.0	0.0	3	3750	0	0
1.0	0.0	3	3751	0	0
1.0	0.0	3	3752	0	0
1.0	0.0	3	3753	0	0
1.0	0.0	3	3754	0	0
1.0	0.0	3	3755	0	0
1.0	0.0	3	3756	0	0
1.0	0.0	3	3757	0	0
1.0	0.0	3	3758	0	0
1.0	0.0	3	3759	0	0
1.0	0.0	3	3760	0	0
1.0	0.0	3	3761	0	0
1.0	0.0	3	3762	0	0
1.0	0.0	3	3763	0	0
0.9588210422216912	0.041178957778308885	3	3764	0	0
1.0	0.0	3	3765	0	0
1.0	0.0	3	3766	0	0
1.0	0.0	3	3767	0	0
1.0	0.0	3	3768	0	0
1.0	0.0	3	3769	0	0
1.0	0.0	3	3770	0	0
1.0	0.0	3	3771	0	0
0.996725338106603	0.003274661893396977	3	3772	0	0
1.0	0.0	3	3773	0	0
1.0	0.0	3	3774	0	0
1.0	0.0	3	3775	0	0
1.0	0.0	3	3776	0	0
1.0	0.0	3	3777	0	0
0.9867925097681464	0.013207490231853683	3	3778	1	0
0.9835635453568731	0.01643645464312697	3	3779	0	0
1.0	0.0	3	3780	0	0
1.0	0.0	3	3781	0	0
1.0	0.0	3	3782	0	0
1.0	0.0	3	3783	0	0
0.9871071717764853	0.01289282822351472	3	3784	0	0
1.0	0.0	3	3785	0	0
1.0	0.0	3	3786	0	0
1.0	0.0	3	3787	0	0
0.842881599692653	0.15711840030734686	3	3788	0	0
1.0	0.0	3	3789	0	0
1.0	0.0	3	3790	0	0
1.0	0.0	3	3791	0	0
0.9947908500962223	0.00520914990377768	3	3792	0	0
1.0	0.0	3	3793	0	0
1.0	0.0	3	3794	0	0
1.0	0.0	3	3795	0	0
1.0	0.0	3	3796	0	0
1.0	0.0	3	3797	0	0
1.0	0.0	3	3798	0	0
1.0	0.0	3	3799	0	0
1.0	0.0	3	3800	0	0
1.0	0.0	3	3801	0	0
1.0	0.0	3	3802	0	0
1.0	0.0	3	3803	0	0
0.9966972661148733	0.0033027338851266616	3	3804	0	0
0.9967449814126393	0.0032550185873605948	3	3805	0	0
1.0	0.0	3	3806	0	0
1.0	0.0	3	3807	0	0
1.0	0.0	3	3808	0	0
1.0	0.0	3	3809	0	0
1.0	0.0	3	3810	0	0
1.0	0.0	3	3811	0	0
0.9967067970905443	0.003293202909455731	3	3812	0	0
1.0	0.0	3	3813	0	0
1.0	0.0	3	3814	0	0
1.0	0.0	3	3815	0	0
1.0	0.0	3	3816	0	0
0.6597176423314615	0.3402823576685387	3	3817	0	0
1.0	0.0	3	3818	0	0
1.0	0.0	3	3819	0	0
1.0	0.0	3	3820	0	0
0.996724997507229	0.0032750024927709646	3	3821	0	0
1.0	0.0	3	3822	0	0
1.0	0.0	3	3823	0	0
1.0	0.0	3	3824	0	0
1.0	0.0	3	3825	0	0
1.0	0.0	3	3826	0	0
1.0	0.0	3	3827	0	0
0.9941381956300095	0.005861804369990478	3	3828	0	0
1.0	0.0	3	3829	0	0
1.0	0.0	3	3830	0	0
1.0	0.0	3	3831	0	0
0.9986440677966101	0.0013559322033898295	3	3832	0	0
1.0	0.0	3	3833	0	0
1.0	0.0	3	3834	0	0
1.0	0.0	3	3835	0	0
1.0	0.0	3	3836	0	0
1.0	0.0	3	3837	0	0
1.0	0.0	3	3838	0	0
1.0	0.0	3	3839	0	0
1.0	0.0	3	3840	0	0
1.0	0.0	3	3841	0	0
1.0	0.0	3	3842	0	0
1.0	0.0	3	3843	0	0
1.0	0.0	3	3844	0	0
1.0	0.0	3	3845	0	0
0.9937187893043055	0.006281210695694394	3	3846	0	0
0.9947908500962223	0.00520914990377768	3	3847	0	0
1.0	0.0	3	3848	0	0
1.0	0.0	3	3849	0	0
1.0	0.0	3	3850	0	0
1.0	0.0	3	3851	0	0
1.0	0.0	3	3852	0	0
1.0	0.0	3	3853	0	0
1.0	0.0	3	3854	0	0
1.0	0.0	3	3855	0	0
1.0	0.0	3	3856	0	0
0.9297281815504005	0.07027181844959933	3	3857	0	0
1.0	0.0	3	3858	0	0
1.0	0.0	3	3859	0	0
1.0	0.0	3	3860	0	0
0.9967712476064222	0.0032287523935778466	3	3861	0	0
0.7319642836813763	0.2680357163186236	3	3862	1	0
1.0	0.0	3	3863	0	0
1.0	0.0	3	3864	0	0
1.0	0.0	3	3865	0	0
1.0	0.0	3	3866	0	0
1.0	0.0	3	3867	0	0
1.0	0.0	3	3868	0	0
0.9507168890181146	0.0492831109818853	3	3869	0	0
1.0	0.0	3	3870	0	0
1.0	0.0	3	3871	0	0
1.0	0.0	3	3872	0	0
1.0	0.0	3	3873	0	0
0.9377575398468349	0.062242460153165285	3	3874	0	0
1.0	0.0	3	3875	0	0
1.0	0.0	3	3876	0	0
1.0	0.0	3	3877	0	0
1.0	0.0	3	3878	0	0
0.7459638374953188	0.254036162504681	3	3879	1	0
0.10446721588653098	0.8955327841134693	3	3880	1	1
1.0	0.0	3	3881	0	0
1.0	0.0	3	3882	0	0
1.0	0.0	3	3883	0	0
1.0	0.0	3	3884	0	0
1.0	0.0	3	3885	0	0
1.0	0.0	3	3886	0	0
1.0	0.0	3	3887	0	0
1.0	0.0	3	3888	0	0
1.0	0.0	3	3889	0	0
0.9969389039933219	0.0030610960066780727	3	3890	0	0
0.993421950526252	0.006578049473747907	3	3891	0	0
1.0	0.0	3	3892	0	0
1.0	0.0	3	3893	0	0
1.0	0.0	3	3894	0	0
0.9966952509904218	0.0033047490095782558	3	3895	0	0
1.0	0.0	3	3896	0	0
1.0	0.0	3	3897	0	0
1.0	0.0	3	3898	0	0
0.679510398844896	0.32048960115510394	3	3899	0	0
1.0	0.0	3	3900	0	0
1.0	0.0	3	3901	0	0
1.0	0.0	3	3902	0	0
1.0	0.0	3	3903	0	0
1.0	0.0	3	3904	0	0
1.0	0.0	3	3905	0	0
1.0	0.0	3	3906	0	0
1.0	0.0	3	3907	0	0
1.0	0.0	3	3908	0	0
1.0	0.0	3	3909	0	0
0.12828460940279263	0.8717153905972074	3	3910	1	1
1.0	0.0	3	3911	0	0
1.0	0.0	3	3912	0	0
1.0	0.0	3	3913	0	0
0.9573200392340133	0.042679960765986805	3	3914	0	0
1.0	0.0	3	3915	0	0
0.996976760223433	0.0030232397765671336	3	3916	0	0
0.996976760223433	0.0030232397765671336	3	3917	0	0
0.9768069265103397	0.023193073489660113	3	3918	0	0
1.0	0.0	3	3919	0	0
0.9353565331989468	0.06464346680105319	3	3920	0	0
1.0	0.0	3	3921	0	0
1.0	0.0	3	3922	0	0
1.0	0.0	3	3923	0	0
1.0	0.0	3	3924	0	0
1.0	0.0	3	3925	0	0
1.0	0.0	3	3926	0	0
1.0	0.0	3	3927	0	0
1.0	0.0	3	3928	0	0
1.0	0.0	3	3929	0	0
1.0	0.0	3	3930	0	0
1.0	0.0	3	3931	0	0
1.0	0.0	3	3932	0	0
1.0	0.0	3	3933	0	0
1.0	0.0	3	3934	0	0
0.996688878792468	0.0033111212075319298	3	3935	0	0
1.0	0.0	3	3936	0	0
1.0	0.0	3	3937	0	0
1.0	0.0	3	3938	0	0
1.0	0.0	3	3939	0	0
1.0	0.0	3	3940	0	0
1.0	0.0	3	3941	0	0
1.0	0.0	3	3942	0	0
1.0	0.0	3	3943	0	0
1.0	0.0	3	3944	0	0
1.0	0.0	3	3945	0	0
1.0	0.0	3	3946	0	0
1.0	0.0	3	3947	0	0
1.0	0.0	3	3948	0	0
0.9836933563296338	0.01630664367036617	3	3949	0	0
1.0	0.0	3	3950	0	0
1.0	0.0	3	3951	0	0
1.0	0.0	3	3952	0	0
1.0	0.0	3	3953	0	0
1.0	0.0	3	3954	0	0
1.0	0.0	3	3955	0	0
1.0	0.0	3	3956	0	0
1.0	0.0	3	3957	0	0
1.0	0.0	3	3958	0	0
1.0	0.0	3	3959	0	0
1.0	0.0	3	3960	0	0
1.0	0.0	3	3961	0	0
1.0	0.0	3	3962	0	0
1.0	0.0	3	3963	0	0
1.0	0.0	3	3964	0	0
1.0	0.0	3	3965	0	0
1.0	0.0	3	3966	0	0
1.0	0.0	3	3967	0	0
1.0	0.0	3	3968	0	0
1.0	0.0	3	3969	0	0
1.0	0.0	3	3970	0	0
1.0	0.0	3	3971	0	0
0.9966987710057688	0.003301228994231252	3	3972	0	0
1.0	0.0	3	3973	0	0
1.0	0.0	3	3974	0	0
1.0	0.0	3	3975	0	0
1.0	0.0	3	3976	0	0
1.0	0.0	3	3977	0	0
1.0	0.0	3	3978	0	0
0.9968872001899786	0.0031127998100213723	3	3979	0	0
0.9968872001899786	0.0031127998100213723	3	3980	0	0
1.0	0.0	3	3981	0	0
1.0	0.0	3	3982	0	0
1.0	0.0	3	3983	0	0
1.0	0.0	3	3984	0	0
1.0	0.0	3	3985	0	0
1.0	0.0	3	3986	0	0
1.0	0.0	3	3987	0	0
1.0	0.0	3	3988	0	0
1.0	0.0	3	3989	0	0
1.0	0.0	3	3990	0	0
1.0	0.0	3	3991	0	0
1.0	0.0	3	3992	0	0
1.0	0.0	3	3993	0	0
1.0	0.0	3	3994	0	0
1.0	0.0	3	3995	0	0
1.0	0.0	3	3996	0	0
1.0	0.0	3	3997	0	0
0.9968872001899786	0.0031127998100213723	3	3998	0	0
1.0	0.0	3	3999	0	0
1.0	0.0	3	4000	0	0
1.0	0.0	3	4001	0	0
1.0	0.0	3	4002	0	0
1.0	0.0	3	4003	0	0
1.0	0.0	3	4004	0	0
1.0	0.0	3	4005	0	0
1.0	0.0	3	4006	0	0
1.0	0.0	3	4007	0	0
1.0	0.0	3	4008	0	0
1.0	0.0	3	4009	0	0
1.0	0.0	3	4010	0	0
1.0	0.0	3	4011	0	0
0.9968404550305098	0.0031595449694902114	3	4012	0	0
1.0	0.0	3	4013	0	0
1.0	0.0	3	4014	0	0
1.0	0.0	3	4015	0	0
0.9967841927427646	0.003215807257235199	3	4016	0	0
0.9966794683915307	0.0033205316084693516	3	4017	0	0
0.9816089230405093	0.01839107695949077	3	4018	0	0
0.8203904583429206	0.17960954165707946	3	4019	0	0
1.0	0.0	3	4020	0	0
1.0	0.0	3	4021	0	0
1.0	0.0	3	4022	0	0
0.9577738967239704	0.04222610327602953	3	4023	0	0
1.0	0.0	3	4024	0	0
1.0	0.0	3	4025	0	0
1.0	0.0	3	4026	0	0
0.9933884044173646	0.006611595582635474	3	4027	0	0
1.0	0.0	3	4028	0	0
0.9735859021340586	0.026414097865941347	3	4029	0	0
0.1383518898333926	0.8616481101666068	3	4030	1	1
0.9966987613459706	0.003301238654029387	3	4031	0	0
1.0	0.0	3	4032	0	0
1.0	0.0	3	4033	0	0
1.0	0.0	3	4034	0	0
0.9737256409614359	0.026274359038564093	3	4035	0	0
1.0	0.0	3	4036	0	0
1.0	0.0	3	4037	0	0
1.0	0.0	3	4038	0	0
1.0	0.0	3	4039	0	0
1.0	0.0	3	4040	0	0
1.0	0.0	3	4041	0	0
1.0	0.0	3	4042	0	0
1.0	0.0	3	4043	0	0
1.0	0.0	3	4044	0	0
0.3208872363629595	0.6791127636370404	3	4045	1	1
0.15622592238714858	0.8437740776128515	3	4046	1	1
0.9966666666666667	0.0033333333333333335	3	4047	0	0
1.0	0.0	3	4048	0	0
0.9509924917973664	0.049007508202633755	3	4049	0	0
1.0	0.0	3	4050	0	0
0.2025387719230071	0.7974612280769924	3	4051	1	1
1.0	0.0	3	4052	0	0
1.0	0.0	3	4053	0	0
1.0	0.0	3	4054	0	0
1.0	0.0	3	4055	0	0
0.9971755856436708	0.0028244143563292503	3	4056	0	0
1.0	0.0	3	4057	0	0
0.9906529087524443	0.009347091247555625	3	4058	0	0
1.0	0.0	3	4059	0	0
0.9967017807875596	0.0032982192124404314	3	4060	0	0
0.9902298841004821	0.009770115899517835	3	4061	0	0
1.0	0.0	3	4062	0	0
0.9946159012145718	0.005384098785428199	3	4063	0	0
1.0	0.0	3	4064	0	0
1.0	0.0	3	4065	0	0
1.0	0.0	3	4066	0	0
1.0	0.0	3	4067	0	0
1.0	0.0	3	4068	0	0
0.9689224254802306	0.03107757451976956	3	4069	0	0
1.0	0.0	3	4070	0	0
1.0	0.0	3	4071	0	0
1.0	0.0	3	4072	0	0
1.0	0.0	3	4073	0	0
1.0	0.0	3	4074	0	0
1.0	0.0	3	4075	0	0
1.0	0.0	3	4076	0	0
1.0	0.0	3	4077	0	0
1.0	0.0	3	4078	0	0
1.0	0.0	3	4079	0	0
1.0	0.0	3	4080	0	0
1.0	0.0	3	4081	0	0
1.0	0.0	3	4082	0	0
1.0	0.0	3	4083	0	0
1.0	0.0	3	4084	0	0
1.0	0.0	3	4085	0	0
1.0	0.0	3	4086	0	0
1.0	0.0	3	4087	0	0
1.0	0.0	3	4088	0	0
1.0	0.0	3	4089	0	0
1.0	0.0	3	4090	0	0
1.0	0.0	3	4091	0	0
1.0	0.0	3	4092	0	0
1.0	0.0	3	4093	0	0
1.0	0.0	3	4094	0	0
1.0	0.0	3	4095	0	0
1.0	0.0	3	4096	0	0
0.9939862420857776	0.006013757914222292	3	4097	0	0
1.0	0.0	3	4098	0	0
1.0	0.0	3	4099	0	0
1.0	0.0	3	4100	0	0
1.0	0.0	3	4101	0	0
1.0	0.0	3	4102	0	0
1.0	0.0	3	4103	0	0
1.0	0.0	3	4104	0	0
1.0	0.0	3	4105	0	0
1.0	0.0	3	4106	0	0
1.0	0.0	3	4107	0	0
1.0	0.0	3	4108	0	0
1.0	0.0	3	4109	0	0
1.0	0.0	3	4110	0	0
1.0	0.0	3	4111	0	0
1.0	0.0	3	4112	0	0
0.9967037761396119	0.0032962238603881453	3	4113	0	0
1.0	0.0	3	4114	0	0
1.0	0.0	3	4115	0	0
1.0	0.0	3	4116	0	0
1.0	0.0	3	4117	0	0
1.0	0.0	3	4118	0	0
1.0	0.0	3	4119	0	0
1.0	0.0	3	4120	0	0
1.0	0.0	3	4121	0	0
1.0	0.0	3	4122	0	0
1.0	0.0	3	4123	0	0
1.0	0.0	3	4124	0	0
1.0	0.0	3	4125	0	0
1.0	0.0	3	4126	0	0
1.0	0.0	3	4127	0	0
1.0	0.0	3	4128	0	0
1.0	0.0	3	4129	0	0
1.0	0.0	3	4130	0	0
1.0	0.0	3	4131	0	0
1.0	0.0	3	4132	0	0
1.0	0.0	3	4133	0	0
1.0	0.0	3	4134	0	0
1.0	0.0	3	4135	0	0
1.0	0.0	3	4136	0	0
1.0	0.0	3	4137	0	0
1.0	0.0	3	4138	0	0
1.0	0.0	3	4139	0	0
1.0	0.0	3	4140	0	0
0.9979902814706153	0.002009718529384801	3	4141	0	0
1.0	0.0	3	4142	0	0
1.0	0.0	3	4143	0	0
0.9966666666666667	0.0033333333333333335	3	4144	0	0
0.9966666666666667	0.0033333333333333335	3	4145	0	0
1.0	0.0	3	4146	0	0
1.0	0.0	3	4147	0	0
1.0	0.0	3	4148	0	0
1.0	0.0	3	4149	0	0
1.0	0.0	3	4150	0	0
1.0	0.0	3	4151	0	0
1.0	0.0	3	4152	0	0
1.0	0.0	3	4153	0	0
1.0	0.0	3	4154	0	0
1.0	0.0	3	4155	0	0
1.0	0.0	3	4156	0	0
1.0	0.0	3	4157	0	0
1.0	0.0	3	4158	0	0
1.0	0.0	3	4159	0	0
0.997352431604819	0.0026475683951811112	3	4160	0	0
0.997352431604819	0.0026475683951811112	3	4161	0	0
1.0	0.0	3	4162	0	0
1.0	0.0	3	4163	0	0
1.0	0.0	3	4164	0	0
1.0	0.0	3	4165	0	0
1.0	0.0	3	4166	0	0
1.0	0.0	3	4167	0	0
1.0	0.0	3	4168	0	0
1.0	0.0	3	4169	0	0
1.0	0.0	3	4170	0	0
1.0	0.0	3	4171	0	0
1.0	0.0	3	4172	0	0
1.0	0.0	3	4173	0	0
1.0	0.0	3	4174	0	0
1.0	0.0	3	4175	0	0
1.0	0.0	3	4176	0	0
1.0	0.0	3	4177	0	0
1.0	0.0	3	4178	0	0
1.0	0.0	3	4179	0	0
1.0	0.0	3	4180	0	0
1.0	0.0	3	4181	0	0
1.0	0.0	3	4182	0	0
1.0	0.0	3	4183	0	0
0.8981027665123353	0.10189723348766445	3	4184	0	0
1.0	0.0	3	4185	0	0
1.0	0.0	3	4186	0	0
1.0	0.0	3	4187	0	0
0.998958699125263	0.0010413008747370241	3	4188	0	0
0.998958699125263	0.0010413008747370241	3	4189	0	0
1.0	0.0	3	4190	0	0
1.0	0.0	3	4191	0	0
1.0	0.0	3	4192	0	0
1.0	0.0	3	4193	0	0
1.0	0.0	3	4194	0	0
1.0	0.0	3	4195	0	0
1.0	0.0	3	4196	0	0
1.0	0.0	3	4197	0	0
1.0	0.0	3	4198	0	0
1.0	0.0	3	4199	0	0
1.0	0.0	3	4200	0	0
1.0	0.0	3	4201	0	0
1.0	0.0	3	4202	0	0
1.0	0.0	3	4203	0	0
0.9986440677966101	0.0013559322033898295	3	4204	0	0
1.0	0.0	3	4205	0	0
1.0	0.0	3	4206	0	0
1.0	0.0	3	4207	0	0
1.0	0.0	3	4208	0	0
1.0	0.0	3	4209	0	0
1.0	0.0	3	4210	0	0
0.9969754192510911	0.0030245807489087985	3	4211	0	0
1.0	0.0	3	4212	0	0
1.0	0.0	3	4213	0	0
1.0	0.0	3	4214	0	0
0.9873713162256589	0.012628683774341157	3	4215	0	0
1.0	0.0	3	4216	0	0
1.0	0.0	3	4217	0	0
1.0	0.0	3	4218	0	0
1.0	0.0	3	4219	0	0
1.0	0.0	3	4220	0	0
1.0	0.0	3	4221	0	0
1.0	0.0	3	4222	0	0
1.0	0.0	3	4223	0	0
1.0	0.0	3	4224	0	0
1.0	0.0	3	4225	0	0
1.0	0.0	3	4226	0	0
1.0	0.0	3	4227	0	0
1.0	0.0	3	4228	0	0
1.0	0.0	3	4229	0	0
0.9939862420857776	0.006013757914222292	3	4230	0	0
1.0	0.0	3	4231	0	0
1.0	0.0	3	4232	0	0
1.0	0.0	3	4233	0	0
0.9936182346650511	0.006381765334948839	3	4234	0	0
1.0	0.0	3	4235	0	0
0.9937711276590848	0.006228872340915112	3	4236	0	0
1.0	0.0	3	4237	0	0
1.0	0.0	3	4238	0	0
1.0	0.0	3	4239	0	0
1.0	0.0	3	4240	0	0
1.0	0.0	3	4241	0	0
1.0	0.0	3	4242	0	0
0.9780007576974735	0.0219992423025266	3	4243	0	0
1.0	0.0	3	4244	0	0
0.9966977583872423	0.003302241612757635	3	4245	0	0
1.0	0.0	3	4246	0	0
1.0	0.0	3	4247	0	0
1.0	0.0	3	4248	0	0
1.0	0.0	3	4249	0	0
1.0	0.0	3	4250	0	0
1.0	0.0	3	4251	0	0
1.0	0.0	3	4252	0	0
1.0	0.0	3	4253	0	0
1.0	0.0	3	4254	0	0
1.0	0.0	3	4255	0	0
1.0	0.0	3	4256	0	0
0.9916602589756291	0.00833974102437085	3	4257	0	0
1.0	0.0	3	4258	0	0
1.0	0.0	3	4259	0	0
1.0	0.0	3	4260	0	0
1.0	0.0	3	4261	0	0
1.0	0.0	3	4262	0	0
1.0	0.0	3	4263	0	0
0.9938735873365817	0.0061264126634181975	3	4264	0	0
1.0	0.0	3	4265	0	0
1.0	0.0	3	4266	0	0
1.0	0.0	3	4267	0	0
1.0	0.0	3	4268	0	0
1.0	0.0	3	4269	0	0
1.0	0.0	3	4270	0	0
1.0	0.0	3	4271	0	0
1.0	0.0	3	4272	0	0
1.0	0.0	3	4273	0	0
1.0	0.0	3	4274	0	0
1.0	0.0	3	4275	0	0
1.0	0.0	3	4276	0	0
1.0	0.0	3	4277	0	0
1.0	0.0	3	4278	0	0
1.0	0.0	3	4279	0	0
1.0	0.0	3	4280	0	0
1.0	0.0	3	4281	0	0
0.831460702991018	0.16853929700898193	3	4282	0	0
1.0	0.0	3	4283	0	0
1.0	0.0	3	4284	0	0
1.0	0.0	3	4285	0	0
1.0	0.0	3	4286	0	0
1.0	0.0	3	4287	0	0
1.0	0.0	3	4288	0	0
0.7036769395395251	0.29632306046047496	3	4289	0	0
1.0	0.0	3	4290	0	0
1.0	0.0	3	4291	0	0
1.0	0.0	3	4292	0	0
1.0	0.0	3	4293	0	0
1.0	0.0	3	4294	0	0
1.0	0.0	3	4295	0	0
0.9986440677966101	0.0013559322033898295	3	4296	0	0
1.0	0.0	3	4297	0	0
1.0	0.0	3	4298	0	0
1.0	0.0	3	4299	0	0
1.0	0.0	3	4300	0	0
1.0	0.0	3	4301	0	0
1.0	0.0	3	4302	0	0
1.0	0.0	3	4303	0	0
1.0	0.0	3	4304	0	0
1.0	0.0	3	4305	0	0
1.0	0.0	3	4306	0	0
1.0	0.0	3	4307	0	0
0.9968404550305098	0.0031595449694902114	3	4308	0	0
1.0	0.0	3	4309	0	0
1.0	0.0	3	4310	0	0
1.0	0.0	3	4311	0	0
1.0	0.0	3	4312	0	0
0.9966787933909353	0.0033212066090647268	3	4313	0	0
1.0	0.0	3	4314	0	0
1.0	0.0	3	4315	0	0
1.0	0.0	3	4316	0	0
1.0	0.0	3	4317	0	0
0.9966982646203231	0.0033017353796769983	3	4318	0	0
1.0	0.0	3	4319	0	0
0.9966982646203231	0.0033017353796769983	3	4320	0	0
1.0	0.0	3	4321	0	0
0.9686015253361179	0.03139847466388218	3	4322	0	0
1.0	0.0	3	4323	0	0
1.0	0.0	3	4324	0	0
1.0	0.0	3	4325	0	0
1.0	0.0	3	4326	0	0
1.0	0.0	3	4327	0	0
1.0	0.0	3	4328	0	0
1.0	0.0	3	4329	0	0
1.0	0.0	3	4330	0	0
1.0	0.0	3	4331	0	0
1.0	0.0	3	4332	0	0
1.0	0.0	3	4333	0	0
1.0	0.0	3	4334	0	0
1.0	0.0	3	4335	0	0
1.0	0.0	3	4336	0	0
1.0	0.0	3	4337	0	0
1.0	0.0	3	4338	0	0
1.0	0.0	3	4339	0	0
1.0	0.0	3	4340	0	0
1.0	0.0	3	4341	0	0
1.0	0.0	3	4342	0	0
0.9053345949471145	0.09466540505288518	3	4343	0	0
0.9939862420857776	0.006013757914222292	3	4344	0	0
1.0	0.0	3	4345	0	0
1.0	0.0	3	4346	0	0
1.0	0.0	3	4347	0	0
1.0	0.0	3	4348	0	0
0.9936602402294068	0.006339759770593115	3	4349	0	0
1.0	0.0	3	4350	0	0
1.0	0.0	3	4351	0	0
1.0	0.0	3	4352	0	0
1.0	0.0	3	4353	0	0
1.0	0.0	3	4354	0	0
1.0	0.0	3	4355	0	0
1.0	0.0	3	4356	0	0
1.0	0.0	3	4357	0	0
1.0	0.0	3	4358	0	0
1.0	0.0	3	4359	0	0
1.0	0.0	3	4360	0	0
1.0	0.0	3	4361	0	0
1.0	0.0	3	4362	0	0
1.0	0.0	3	4363	0	0
1.0	0.0	3	4364	0	0
1.0	0.0	3	4365	0	0
1.0	0.0	3	4366	0	0
1.0	0.0	3	4367	0	0
1.0	0.0	3	4368	0	0
1.0	0.0	3	4369	0	0
1.0	0.0	3	4370	0	0
1.0	0.0	3	4371	0	0
1.0	0.0	3	4372	0	0
1.0	0.0	3	4373	0	0
1.0	0.0	3	4374	0	0
1.0	0.0	3	4375	0	0
1.0	0.0	3	4376	0	0
1.0	0.0	3	4377	0	0
1.0	0.0	3	4378	0	0
1.0	0.0	3	4379	0	0
1.0	0.0	3	4380	0	0
1.0	0.0	3	4381	0	0
1.0	0.0	3	4382	0	0
1.0	0.0	3	4383	0	0
1.0	0.0	3	4384	0	0
1.0	0.0	3	4385	0	0
1.0	0.0	3	4386	0	0
1.0	0.0	3	4387	0	0
1.0	0.0	3	4388	0	0
1.0	0.0	3	4389	0	0
1.0	0.0	3	4390	0	0
1.0	0.0	3	4391	0	0
0.979157452143826	0.020842547856173788	3	4392	0	0
1.0	0.0	3	4393	0	0
1.0	0.0	3	4394	0	0
0.9967012687427913	0.003298731257208766	3	4395	0	0
1.0	0.0	3	4396	0	0
1.0	0.0	3	4397	0	0
1.0	0.0	3	4398	0	0
1.0	0.0	3	4399	0	0
1.0	0.0	3	4400	0	0
1.0	0.0	3	4401	0	0
1.0	0.0	3	4402	0	0
1.0	0.0	3	4403	0	0
1.0	0.0	3	4404	0	0
1.0	0.0	3	4405	0	0
1.0	0.0	3	4406	0	0
1.0	0.0	3	4407	0	0
1.0	0.0	3	4408	0	0
1.0	0.0	3	4409	0	0
0.998958699125263	0.0010413008747370241	3	4410	0	0
0.998958699125263	0.0010413008747370241	3	4411	0	0
1.0	0.0	3	4412	0	0
0.9803409133181648	0.019659086681835275	3	4413	0	0
1.0	0.0	3	4414	0	0
1.0	0.0	3	4415	0	0
1.0	0.0	3	4416	0	0
1.0	0.0	3	4417	0	0
1.0	0.0	3	4418	0	0
1.0	0.0	3	4419	0	0
1.0	0.0	3	4420	0	0
1.0	0.0	3	4421	0	0
1.0	0.0	3	4422	0	0
1.0	0.0	3	4423	0	0
1.0	0.0	3	4424	0	0
1.0	0.0	3	4425	0	0
1.0	0.0	3	4426	0	0
1.0	0.0	3	4427	0	0
1.0	0.0	3	4428	0	0
1.0	0.0	3	4429	0	0
1.0	0.0	3	4430	0	0
0.9966792986711132	0.0033207013288868675	3	4431	0	0
0.9966792986711132	0.0033207013288868675	3	4432	0	0
1.0	0.0	3	4433	0	0
1.0	0.0	3	4434	0	0
1.0	0.0	3	4435	0	0
1.0	0.0	3	4436	0	0
0.6707889398495591	0.32921106015044077	3	4437	0	0
1.0	0.0	3	4438	0	0
1.0	0.0	3	4439	0	0
1.0	0.0	3	4440	0	0
1.0	0.0	3	4441	0	0
1.0	0.0	3	4442	0	0
0.996688878792468	0.0033111212075319298	3	4443	0	0
1.0	0.0	3	4444	0	0
1.0	0.0	3	4445	0	0
1.0	0.0	3	4446	0	0
1.0	0.0	3	4447	0	0
1.0	0.0	3	4448	0	0
1.0	0.0	3	4449	0	0
1.0	0.0	3	4450	0	0
1.0	0.0	3	4451	0	0
1.0	0.0	3	4452	0	0
1.0	0.0	3	4453	0	0
1.0	0.0	3	4454	0	0
1.0	0.0	3	4455	0	0
1.0	0.0	3	4456	0	0
1.0	0.0	3	4457	0	0
0.9576801646942678	0.042319835305732065	3	4458	0	0
1.0	0.0	3	4459	0	0
1.0	0.0	3	4460	0	0
1.0	0.0	3	4461	0	0
1.0	0.0	3	4462	0	0
1.0	0.0	3	4463	0	0
1.0	0.0	3	4464	0	0
1.0	0.0	3	4465	0	0
1.0	0.0	3	4466	0	0
0.9747736467412627	0.025226353258737337	3	4467	0	0
1.0	0.0	3	4468	0	0
1.0	0.0	3	4469	0	0
1.0	0.0	3	4470	0	0
1.0	0.0	3	4471	0	0
0.997352431604819	0.0026475683951811112	3	4472	0	0
0.997352431604819	0.0026475683951811112	3	4473	0	0
1.0	0.0	3	4474	0	0
1.0	0.0	3	4475	0	0
1.0	0.0	3	4476	0	0
1.0	0.0	3	4477	0	0
1.0	0.0	3	4478	0	0
1.0	0.0	3	4479	0	0
1.0	0.0	3	4480	0	0
1.0	0.0	3	4481	0	0
1.0	0.0	3	4482	0	0
1.0	0.0	3	4483	0	0
0.9541988555890608	0.045801144410939264	3	4484	0	0
1.0	0.0	3	4485	0	0
1.0	0.0	3	4486	0	0
1.0	0.0	3	4487	0	0
1.0	0.0	3	4488	0	0
1.0	0.0	3	4489	0	0
0.9902560898325824	0.00974391016741743	3	4490	0	0
1.0	0.0	3	4491	0	0
1.0	0.0	3	4492	0	0
1.0	0.0	3	4493	0	0
1.0	0.0	3	4494	0	0
1.0	0.0	3	4495	0	0
1.0	0.0	3	4496	0	0
1.0	0.0	3	4497	0	0
1.0	0.0	3	4498	0	0
1.0	0.0	3	4499	0	0
1.0	0.0	3	4500	0	0
0.9837176778222065	0.016282322177793594	3	4501	0	0
1.0	0.0	3	4502	0	0
1.0	0.0	3	4503	0	0
1.0	0.0	3	4504	0	0
1.0	0.0	3	4505	0	0
1.0	0.0	3	4506	0	0
1.0	0.0	3	4507	0	0
1.0	0.0	3	4508	0	0
1.0	0.0	3	4509	0	0
1.0	0.0	3	4510	0	0
0.9883668912282413	0.01163310877175862	3	4511	0	0
1.0	0.0	3	4512	0	0
1.0	0.0	3	4513	0	0
1.0	0.0	3	4514	0	0
0.993511738773348	0.0064882612266519485	3	4515	0	0
1.0	0.0	3	4516	0	0
1.0	0.0	3	4517	0	0
1.0	0.0	3	4518	0	0
1.0	0.0	3	4519	0	0
1.0	0.0	3	4520	0	0
1.0	0.0	3	4521	0	0
1.0	0.0	3	4522	0	0
1.0	0.0	3	4523	0	0
1.0	0.0	3	4524	0	0
1.0	0.0	3	4525	0	0
1.0	0.0	3	4526	0	0
1.0	0.0	3	4527	0	0
1.0	0.0	3	4528	0	0
1.0	0.0	3	4529	0	0
1.0	0.0	3	4530	0	0
1.0	0.0	3	4531	0	0
0.9901557067500937	0.009844293249906348	3	4532	0	0
1.0	0.0	3	4533	0	0
0.9801747262035989	0.019825273796401262	3	4534	0	0
0.9967032746602477	0.003296725339752269	3	4535	0	0
1.0	0.0	3	4536	0	0
0.9967032746602477	0.003296725339752269	3	4537	0	0
0.9676313309109037	0.03236866908909629	3	4538	0	0
1.0	0.0	3	4539	0	0
0.9676313309109037	0.03236866908909629	3	4540	0	0
0.031745980749549534	0.9682540192504503	3	4541	1	1
0.990705526368201	0.009294473631798831	3	4542	0	0
1.0	0.0	3	4543	0	0
1.0	0.0	3	4544	0	0
0.9572455185479055	0.04275448145209444	3	4545	0	0
1.0	0.0	3	4546	0	0
1.0	0.0	3	4547	0	0
1.0	0.0	3	4548	0	0
0.9934055463617673	0.006594453638232787	3	4549	0	0
1.0	0.0	3	4550	0	0
1.0	0.0	3	4551	0	0
1.0	0.0	3	4552	0	0
1.0	0.0	3	4553	0	0
1.0	0.0	3	4554	0	0
0.998958699125263	0.0010413008747370241	3	4555	0	0
1.0	0.0	3	4556	0	0
0.998958699125263	0.0010413008747370241	3	4557	0	0
1.0	0.0	3	4558	0	0
1.0	0.0	3	4559	0	0
1.0	0.0	3	4560	0	0
0.998958699125263	0.0010413008747370241	3	4561	0	0
1.0	0.0	3	4562	0	0
1.0	0.0	3	4563	0	0
1.0	0.0	3	4564	0	0
0.9934060478411313	0.006593952158868662	3	4565	0	0
0.9934060478411313	0.006593952158868662	3	4566	0	0
1.0	0.0	3	4567	0	0
0.9967212951183616	0.0032787048816383547	3	4568	0	0
0.9973596882407296	0.002640311759270419	3	4569	0	0
0.9973596882407296	0.002640311759270419	3	4570	0	0
1.0	0.0	3	4571	0	0
1.0	0.0	3	4572	0	0
1.0	0.0	3	4573	0	0
1.0	0.0	3	4574	0	0
0.9967047790983401	0.0032952209016598967	3	4575	0	0
0.9967047790983401	0.0032952209016598967	3	4576	0	0
0.9966977583872423	0.003302241612757635	3	4577	0	0
1.0	0.0	3	4578	0	0
1.0	0.0	3	4579	0	0
1.0	0.0	3	4580	0	0
1.0	0.0	3	4581	0	0
1.0	0.0	3	4582	0	0
1.0	0.0	3	4583	0	0
1.0	0.0	3	4584	0	0
1.0	0.0	3	4585	0	0
1.0	0.0	3	4586	0	0
1.0	0.0	3	4587	0	0
1.0	0.0	3	4588	0	0
1.0	0.0	3	4589	0	0
1.0	0.0	3	4590	0	0
1.0	0.0	3	4591	0	0
1.0	0.0	3	4592	0	0
1.0	0.0	3	4593	0	0
1.0	0.0	3	4594	0	0
1.0	0.0	3	4595	0	0
0.9577035281324733	0.0422964718675267	3	4596	0	0
0.9967062954602458	0.0032937045397542007	3	4597	0	0
1.0	0.0	3	4598	0	0
0.9867871249438913	0.013212875056108636	3	4599	0	0
1.0	0.0	3	4600	0	0
1.0	0.0	3	4601	0	0
1.0	0.0	3	4602	0	0
1.0	0.0	3	4603	0	0
1.0	0.0	3	4604	0	0
0.9210559771815807	0.07894402281841936	3	4605	0	0
1.0	0.0	3	4606	0	0
1.0	0.0	3	4607	0	0
1.0	0.0	3	4608	0	0
1.0	0.0	3	4609	0	0
1.0	0.0	3	4610	0	0
1.0	0.0	3	4611	0	0
1.0	0.0	3	4612	0	0
1.0	0.0	3	4613	0	0
1.0	0.0	3	4614	0	0
1.0	0.0	3	4615	0	0
1.0	0.0	3	4616	0	0
1.0	0.0	3	4617	0	0
1.0	0.0	3	4618	0	0
1.0	0.0	3	4619	0	0
1.0	0.0	3	4620	0	0
0.4991920557495108	0.500807944250489	3	4621	1	1
0.9569813871009347	0.043018612899065375	3	4622	0	0
1.0	0.0	3	4623	0	0
1.0	0.0	3	4624	0	0
1.0	0.0	3	4625	0	0
1.0	0.0	3	4626	0	0
1.0	0.0	3	4627	0	0
1.0	0.0	3	4628	0	0
1.0	0.0	3	4629	0	0
0.9967726893437392	0.0032273106562607373	3	4630	0	0
1.0	0.0	3	4631	0	0
0.9967037761396117	0.0032962238603881453	3	4632	0	0
1.0	0.0	3	4633	0	0
1.0	0.0	3	4634	0	0
1.0	0.0	3	4635	0	0
0.996743010113028	0.0032569898869720406	3	4636	0	0
0.2146226129128496	0.7853773870871508	3	4637	1	1
1.0	0.0	3	4638	0	0
1.0	0.0	3	4639	0	0
1.0	0.0	3	4640	0	0
0.1682528482042611	0.831747151795739	3	4641	1	1
1.0	0.0	3	4642	0	0
1.0	0.0	3	4643	0	0
1.0	0.0	3	4644	0	0
1.0	0.0	3	4645	0	0
1.0	0.0	3	4646	0	0
1.0	0.0	3	4647	0	0
1.0	0.0	3	4648	0	0
1.0	0.0	3	4649	0	0
1.0	0.0	3	4650	0	0
1.0	0.0	3	4651	0	0
1.0	0.0	3	4652	0	0
1.0	0.0	3	4653	0	0
1.0	0.0	3	4654	0	0
1.0	0.0	3	4655	0	0
1.0	0.0	3	4656	0	0
1.0	0.0	3	4657	0	0
1.0	0.0	3	4658	0	0
1.0	0.0	3	4659	0	0
1.0	0.0	3	4660	0	0
1.0	0.0	3	4661	0	0
1.0	0.0	3	4662	0	0
1.0	0.0	3	4663	0	0
1.0	0.0	3	4664	0	0
0.970457226964722	0.029542773035277824	3	4665	0	0
1.0	0.0	3	4666	0	0
1.0	0.0	3	4667	0	0
0.996843788309099	0.00315621169090092	3	4668	0	0
1.0	0.0	3	4669	0	0
0.996843788309099	0.00315621169090092	3	4670	0	0
1.0	0.0	3	4671	0	0
1.0	0.0	3	4672	0	0
1.0	0.0	3	4673	0	0
1.0	0.0	3	4674	0	0
1.0	0.0	3	4675	0	0
1.0	0.0	3	4676	0	0
1.0	0.0	3	4677	0	0
1.0	0.0	3	4678	0	0
1.0	0.0	3	4679	0	0
1.0	0.0	3	4680	0	0
1.0	0.0	3	4681	0	0
1.0	0.0	3	4682	0	0
1.0	0.0	3	4683	0	0
1.0	0.0	3	4684	0	0
1.0	0.0	3	4685	0	0
1.0	0.0	3	4686	0	0
1.0	0.0	3	4687	0	0
1.0	0.0	3	4688	0	0
1.0	0.0	3	4689	0	0
1.0	0.0	3	4690	0	0
1.0	0.0	3	4691	0	0
1.0	0.0	3	4692	0	0
1.0	0.0	3	4693	0	0
1.0	0.0	3	4694	0	0
1.0	0.0	3	4695	0	0
1.0	0.0	3	4696	0	0
1.0	0.0	3	4697	0	0
1.0	0.0	3	4698	0	0
1.0	0.0	3	4699	0	0
1.0	0.0	3	4700	0	0
1.0	0.0	3	4701	0	0
1.0	0.0	3	4702	0	0
1.0	0.0	3	4703	0	0
1.0	0.0	3	4704	0	0
1.0	0.0	3	4705	0	0
1.0	0.0	3	4706	0	0
1.0	0.0	3	4707	0	0
1.0	0.0	3	4708	0	0
1.0	0.0	3	4709	0	0
1.0	0.0	3	4710	0	0
1.0	0.0	3	4711	0	0
1.0	0.0	3	4712	0	0
1.0	0.0	3	4713	0	0
1.0	0.0	3	4714	0	0
1.0	0.0	3	4715	0	0
1.0	0.0	3	4716	0	0
1.0	0.0	3	4717	0	0
1.0	0.0	3	4718	0	0
1.0	0.0	3	4719	0	0
0.9971782965733695	0.0028217034266305513	3	4720	0	0
1.0	0.0	3	4721	0	0
1.0	0.0	3	4722	0	0
1.0	0.0	3	4723	0	0
1.0	0.0	3	4724	0	0
1.0	0.0	3	4725	0	0
1.0	0.0	3	4726	0	0
1.0	0.0	3	4727	0	0
1.0	0.0	3	4728	0	0
1.0	0.0	3	4729	0	0
1.0	0.0	3	4730	0	0
1.0	0.0	3	4731	0	0
1.0	0.0	3	4732	0	0
1.0	0.0	3	4733	0	0
1.0	0.0	3	4734	0	0
1.0	0.0	3	4735	0	0
1.0	0.0	3	4736	0	0
1.0	0.0	3	4737	0	0
1.0	0.0	3	4738	0	0
0.9967257409207608	0.003274259079239263	3	4739	0	0
1.0	0.0	3	4740	0	0
0.9967257409207608	0.003274259079239263	3	4741	0	0
1.0	0.0	3	4742	0	0
1.0	0.0	3	4743	0	0
1.0	0.0	3	4744	0	0
1.0	0.0	3	4745	0	0
1.0	0.0	3	4746	0	0
1.0	0.0	3	4747	0	0
1.0	0.0	3	4748	0	0
1.0	0.0	3	4749	0	0
0.974763115674616	0.025236884325383947	3	4750	0	0
1.0	0.0	3	4751	0	0
1.0	0.0	3	4752	0	0
1.0	0.0	3	4753	0	0
1.0	0.0	3	4754	0	0
1.0	0.0	3	4755	0	0
1.0	0.0	3	4756	0	0
1.0	0.0	3	4757	0	0
1.0	0.0	3	4758	0	0
1.0	0.0	3	4759	0	0
1.0	0.0	3	4760	0	0
1.0	0.0	3	4761	0	0
1.0	0.0	3	4762	0	0
1.0	0.0	3	4763	0	0
1.0	0.0	3	4764	0	0
0.9900976388021845	0.009902361197815531	3	4765	0	0
1.0	0.0	3	4766	0	0
1.0	0.0	3	4767	0	0
1.0	0.0	3	4768	0	0
1.0	0.0	3	4769	0	0
1.0	0.0	3	4770	0	0
1.0	0.0	3	4771	0	0
0.9902553524232358	0.009744647576764217	3	4772	0	0
0.996843788309099	0.00315621169090092	3	4773	0	0
1.0	0.0	3	4774	0	0
1.0	0.0	3	4775	0	0
1.0	0.0	3	4776	0	0
1.0	0.0	3	4777	0	0
1.0	0.0	3	4778	0	0
1.0	0.0	3	4779	0	0
1.0	0.0	3	4780	0	0
1.0	0.0	3	4781	0	0
1.0	0.0	3	4782	0	0
1.0	0.0	3	4783	0	0
1.0	0.0	3	4784	0	0
1.0	0.0	3	4785	0	0
1.0	0.0	3	4786	0	0
1.0	0.0	3	4787	0	0
1.0	0.0	3	4788	0	0
0.9934810914661595	0.006518908533840336	3	4789	0	0
0.9934810914661595	0.006518908533840336	3	4790	0	0
0.8914564350837159	0.1085435649162842	3	4791	0	0
0.9834531832125681	0.016546816787431865	3	4792	0	0
1.0	0.0	3	4793	0	0
0.9834531832125681	0.016546816787431865	3	4794	0	0
0.9935555355032515	0.006444464496748616	3	4795	0	0
0.9935555355032515	0.006444464496748616	3	4796	0	0
0.9968394528437725	0.003160547156227502	3	4797	0	0
0.8020907883718916	0.19790921162810837	3	4798	0	0
0.9868585812738585	0.013141418726141461	3	4799	0	0
1.0	0.0	3	4800	0	0
0.9669512943662507	0.03304870563374915	3	4801	0	0
1.0	0.0	3	4802	0	0
1.0	0.0	3	4803	0	0
1.0	0.0	3	4804	0	0
1.0	0.0	3	4805	0	0
1.0	0.0	3	4806	0	0
1.0	0.0	3	4807	0	0
1.0	0.0	3	4808	0	0
1.0	0.0	3	4809	0	0
1.0	0.0	3	4810	0	0
1.0	0.0	3	4811	0	0
0.998958699125263	0.0010413008747370241	3	4812	0	0
0.998958699125263	0.0010413008747370241	3	4813	0	0
1.0	0.0	3	4814	0	0
0.9641333873241348	0.03586661267586546	3	4815	0	0
1.0	0.0	3	4816	0	0
0.9641333873241348	0.03586661267586546	3	4817	0	0
1.0	0.0	3	4818	0	0
0.9836089750486536	0.016391024951346207	3	4819	0	0
0.997514450867052	0.002485549132947977	3	4820	0	0
1.0	0.0	3	4821	0	0
0.997514450867052	0.002485549132947977	3	4822	0	0
1.0	0.0	3	4823	0	0
1.0	0.0	3	4824	0	0
1.0	0.0	3	4825	0	0
1.0	0.0	3	4826	0	0
1.0	0.0	3	4827	0	0
1.0	0.0	3	4828	0	0
1.0	0.0	3	4829	0	0
1.0	0.0	3	4830	0	0
1.0	0.0	3	4831	0	0
1.0	0.0	3	4832	0	0
1.0	0.0	3	4833	0	0
1.0	0.0	3	4834	0	0
1.0	0.0	3	4835	0	0
1.0	0.0	3	4836	0	0
1.0	0.0	3	4837	0	0
1.0	0.0	3	4838	0	0
0.48740132224105553	0.5125986777589444	3	4839	0	1
1.0	0.0	3	4840	0	0
1.0	0.0	3	4841	0	0
1.0	0.0	3	4842	0	0
1.0	0.0	3	4843	0	0
1.0	0.0	3	4844	0	0
1.0	0.0	3	4845	0	0
1.0	0.0	3	4846	0	0
1.0	0.0	3	4847	0	0
1.0	0.0	3	4848	0	0
1.0	0.0	3	4849	0	0
1.0	0.0	3	4850	0	0
1.0	0.0	3	4851	0	0
1.0	0.0	3	4852	0	0
1.0	0.0	3	4853	0	0
1.0	0.0	3	4854	0	0
1.0	0.0	3	4855	0	0
1.0	0.0	3	4856	0	0
1.0	0.0	3	4857	0	0
1.0	0.0	3	4858	0	0
1.0	0.0	3	4859	0	0
1.0	0.0	3	4860	0	0
1.0	0.0	3	4861	0	0
1.0	0.0	3	4862	0	0
1.0	0.0	3	4863	0	0
1.0	0.0	3	4864	0	0
0.996843788309099	0.00315621169090092	3	4865	0	0
1.0	0.0	3	4866	0	0
0.996843788309099	0.00315621169090092	3	4867	0	0
1.0	0.0	3	4868	0	0
1.0	0.0	3	4869	0	0
1.0	0.0	3	4870	0	0
1.0	0.0	3	4871	0	0
0.996843788309099	0.00315621169090092	3	4872	0	0
1.0	0.0	3	4873	0	0
0.996843788309099	0.00315621169090092	3	4874	0	0
1.0	0.0	3	4875	0	0
1.0	0.0	3	4876	0	0
1.0	0.0	3	4877	0	0
1.0	0.0	3	4878	0	0
1.0	0.0	3	4879	0	0
1.0	0.0	3	4880	0	0
1.0	0.0	3	4881	0	0
1.0	0.0	3	4882	0	0
1.0	0.0	3	4883	0	0
1.0	0.0	3	4884	0	0
1.0	0.0	3	4885	0	0
1.0	0.0	3	4886	0	0
1.0	0.0	3	4887	0	0
1.0	0.0	3	4888	0	0
1.0	0.0	3	4889	0	0
1.0	0.0	3	4890	0	0
1.0	0.0	3	4891	0	0
1.0	0.0	3	4892	0	0
1.0	0.0	3	4893	0	0
1.0	0.0	3	4894	0	0
1.0	0.0	3	4895	0	0
1.0	0.0	3	4896	0	0
1.0	0.0	3	4897	0	0
1.0	0.0	3	4898	0	0
0.9945415378805412	0.005458462119458775	3	4899	0	0
1.0	0.0	3	4900	0	0
1.0	0.0	3	4901	0	0
1.0	0.0	3	4902	0	0
1.0	0.0	3	4903	0	0
0.9940424441697955	0.005957555830204665	3	4904	0	0
1.0	0.0	3	4905	0	0
1.0	0.0	3	4906	0	0
1.0	0.0	3	4907	0	0
1.0	0.0	3	4908	0	0
1.0	0.0	3	4909	0	0
1.0	0.0	3	4910	0	0
1.0	0.0	3	4911	0	0
1.0	0.0	3	4912	0	0
0.9688939925822162	0.031106007417783913	3	4913	0	0
1.0	0.0	3	4914	0	0
1.0	0.0	3	4915	0	0
1.0	0.0	3	4916	0	0
1.0	0.0	3	4917	0	0
0.379999111126943	0.6200008888730568	3	4918	1	1
1.0	0.0	3	4919	0	0
1.0	0.0	3	4920	0	0
1.0	0.0	3	4921	0	0
1.0	0.0	3	4922	0	0
1.0	0.0	3	4923	0	0
1.0	0.0	3	4924	0	0
1.0	0.0	3	4925	0	0
1.0	0.0	3	4926	0	0
1.0	0.0	3	4927	0	0
1.0	0.0	3	4928	0	0
1.0	0.0	3	4929	0	0
1.0	0.0	3	4930	0	0
1.0	0.0	3	4931	0	0
1.0	0.0	3	4932	0	0
1.0	0.0	3	4933	0	0
1.0	0.0	3	4934	0	0
1.0	0.0	3	4935	0	0
1.0	0.0	3	4936	0	0
1.0	0.0	3	4937	0	0
1.0	0.0	3	4938	0	0
1.0	0.0	3	4939	0	0
1.0	0.0	3	4940	0	0
1.0	0.0	3	4941	0	0
1.0	0.0	3	4942	0	0
1.0	0.0	3	4943	0	0
1.0	0.0	3	4944	0	0
1.0	0.0	3	4945	0	0
0.9675971285158452	0.03240287148415482	3	4946	0	0
1.0	0.0	3	4947	0	0
1.0	0.0	3	4948	0	0
1.0	0.0	3	4949	0	0
0.8450231396619549	0.1549768603380449	3	4950	0	0
1.0	0.0	3	4951	0	0
1.0	0.0	3	4952	0	0
1.0	0.0	3	4953	0	0
1.0	0.0	3	4954	0	0
1.0	0.0	3	4955	0	0
1.0	0.0	3	4956	0	0
1.0	0.0	3	4957	0	0
1.0	0.0	3	4958	0	0
1.0	0.0	3	4959	0	0
1.0	0.0	3	4960	0	0
1.0	0.0	3	4961	0	0
1.0	0.0	3	4962	0	0
1.0	0.0	3	4963	0	0
1.0	0.0	3	4964	0	0
1.0	0.0	3	4965	0	0
1.0	0.0	3	4966	0	0
1.0	0.0	3	4967	0	0
1.0	0.0	3	4968	0	0
1.0	0.0	3	4969	0	0
1.0	0.0	3	4970	0	0
1.0	0.0	3	4971	0	0
1.0	0.0	3	4972	0	0
1.0	0.0	3	4973	0	0
1.0	0.0	3	4974	0	0
1.0	0.0	3	4975	0	0
1.0	0.0	3	4976	0	0
0.9869393394509852	0.013060660549014858	3	4977	0	0
1.0	0.0	3	4978	0	0
1.0	0.0	3	4979	0	0
1.0	0.0	3	4980	0	0
0.9903317260970311	0.009668273902968864	3	4981	0	0
1.0	0.0	3	4982	0	0
1.0	0.0	3	4983	0	0
1.0	0.0	3	4984	0	0
1.0	0.0	3	4985	0	0
1.0	0.0	3	4986	0	0
1.0	0.0	3	4987	0	0
1.0	0.0	3	4988	0	0
1.0	0.0	3	4989	0	0
1.0	0.0	3	4990	0	0
1.0	0.0	3	4991	0	0
1.0	0.0	3	4992	0	0
1.0	0.0	3	4993	0	0
1.0	0.0	3	4994	0	0
1.0	0.0	3	4995	0	0
1.0	0.0	3	4996	0	0
1.0	0.0	3	4997	0	0
1.0	0.0	3	4998	0	0
1.0	0.0	3	4999	0	0
1.0	0.0	3	5000	0	0
1.0	0.0	3	5001	0	0
1.0	0.0	3	5002	0	0
1.0	0.0	3	5003	0	0
1.0	0.0	3	5004	0	0
1.0	0.0	3	5005	0	0
1.0	0.0	3	5006	0	0
1.0	0.0	3	5007	0	0
1.0	0.0	3	5008	0	0
1.0	0.0	3	5009	0	0
0.9602462256583076	0.039753774341692326	3	5010	0	0
0.998958699125263	0.0010413008747370241	3	5011	0	0
1.0	0.0	3	5012	0	0
0.998958699125263	0.0010413008747370241	3	5013	0	0
1.0	0.0	3	5014	0	0
1.0	0.0	3	5015	0	0
1.0	0.0	3	5016	0	0
1.0	0.0	3	5017	0	0
1.0	0.0	3	5018	0	0
1.0	0.0	3	5019	0	0
1.0	0.0	3	5020	0	0
1.0	0.0	3	5021	0	0
1.0	0.0	3	5022	0	0
1.0	0.0	3	5023	0	0
0.9957440403987399	0.004255959601260158	3	5024	0	0
0.9801149828194078	0.019885017180592286	3	5025	0	0
0.9957440403987399	0.004255959601260158	3	5026	0	0
0.9967107968507095	0.0032892031492904065	3	5027	0	0
1.0	0.0	3	5028	0	0
1.0	0.0	3	5029	0	0
1.0	0.0	3	5030	0	0
1.0	0.0	3	5031	0	0
1.0	0.0	3	5032	0	0
1.0	0.0	3	5033	0	0
1.0	0.0	3	5034	0	0
1.0	0.0	3	5035	0	0
1.0	0.0	3	5036	0	0
1.0	0.0	3	5037	0	0
1.0	0.0	3	5038	0	0
1.0	0.0	3	5039	0	0
1.0	0.0	3	5040	0	0
1.0	0.0	3	5041	0	0
1.0	0.0	3	5042	0	0
1.0	0.0	3	5043	0	0
0.9967067850157965	0.0032932149842034002	3	5044	0	0
1.0	0.0	3	5045	0	0
1.0	0.0	3	5046	0	0
1.0	0.0	3	5047	0	0
1.0	0.0	3	5048	0	0
1.0	0.0	3	5049	0	0
1.0	0.0	3	5050	0	0
1.0	0.0	3	5051	0	0
1.0	0.0	3	5052	0	0
1.0	0.0	3	5053	0	0
1.0	0.0	3	5054	0	0
1.0	0.0	3	5055	0	0
1.0	0.0	3	5056	0	0
1.0	0.0	3	5057	0	0
1.0	0.0	3	5058	0	0
1.0	0.0	3	5059	0	0
1.0	0.0	3	5060	0	0
1.0	0.0	3	5061	0	0
1.0	0.0	3	5062	0	0
1.0	0.0	3	5063	0	0
1.0	0.0	3	5064	0	0
1.0	0.0	3	5065	0	0
1.0	0.0	3	5066	0	0
1.0	0.0	3	5067	0	0
0.970512139199165	0.02948786080083483	3	5068	0	0
0.9973596882407296	0.002640311759270419	3	5069	0	0
0.9973596882407296	0.002640311759270419	3	5070	0	0
1.0	0.0	3	5071	0	0
1.0	0.0	3	5072	0	0
1.0	0.0	3	5073	0	0
1.0	0.0	3	5074	0	0
1.0	0.0	3	5075	0	0
1.0	0.0	3	5076	0	0
1.0	0.0	3	5077	0	0
1.0	0.0	3	5078	0	0
1.0	0.0	3	5079	0	0
1.0	0.0	3	5080	0	0
0.9934025530777881	0.006597446922211872	3	5081	0	0
0.9934974634567442	0.006502536543255757	3	5082	0	0
1.0	0.0	3	5083	0	0
1.0	0.0	3	5084	0	0
1.0	0.0	3	5085	0	0
1.0	0.0	3	5086	0	0
1.0	0.0	3	5087	0	0
1.0	0.0	3	5088	0	0
1.0	0.0	3	5089	0	0
1.0	0.0	3	5090	0	0
1.0	0.0	3	5091	0	0
1.0	0.0	3	5092	0	0
1.0	0.0	3	5093	0	0
0.9986440677966101	0.0013559322033898295	3	5094	0	0
1.0	0.0	3	5095	0	0
1.0	0.0	3	5096	0	0
1.0	0.0	3	5097	0	0
1.0	0.0	3	5098	0	0
1.0	0.0	3	5099	0	0
1.0	0.0	3	5100	0	0
0.9986440677966101	0.0013559322033898295	3	5101	0	0
1.0	0.0	3	5102	0	0
1.0	0.0	3	5103	0	0
1.0	0.0	3	5104	0	0
1.0	0.0	3	5105	0	0
1.0	0.0	3	5106	0	0
1.0	0.0	3	5107	0	0
1.0	0.0	3	5108	0	0
1.0	0.0	3	5109	0	0
1.0	0.0	3	5110	0	0
1.0	0.0	3	5111	0	0
1.0	0.0	3	5112	0	0
1.0	0.0	3	5113	0	0
1.0	0.0	3	5114	0	0
1.0	0.0	3	5115	0	0
1.0	0.0	3	5116	0	0
1.0	0.0	3	5117	0	0
1.0	0.0	3	5118	0	0
1.0	0.0	3	5119	0	0
1.0	0.0	3	5120	0	0
1.0	0.0	3	5121	0	0
1.0	0.0	3	5122	0	0
1.0	0.0	3	5123	0	0
1.0	0.0	3	5124	0	0
0.9606711201068912	0.03932887989310917	3	5125	0	0
0.998958699125263	0.0010413008747370241	3	5126	0	0
0.998958699125263	0.0010413008747370241	3	5127	0	0
1.0	0.0	3	5128	0	0
1.0	0.0	3	5129	0	0
1.0	0.0	3	5130	0	0
1.0	0.0	3	5131	0	0
1.0	0.0	3	5132	0	0
1.0	0.0	3	5133	0	0
1.0	0.0	3	5134	0	0
1.0	0.0	3	5135	0	0
1.0	0.0	3	5136	0	0
1.0	0.0	3	5137	0	0
1.0	0.0	3	5138	0	0
1.0	0.0	3	5139	0	0
0.9805719372911845	0.019428062708815766	3	5140	0	0
1.0	0.0	3	5141	0	0
1.0	0.0	3	5142	0	0
1.0	0.0	3	5143	0	0
1.0	0.0	3	5144	0	0
0.9986440677966101	0.0013559322033898295	3	5145	0	0
1.0	0.0	3	5146	0	0
1.0	0.0	3	5147	0	0
1.0	0.0	3	5148	0	0
1.0	0.0	3	5149	0	0
1.0	0.0	3	5150	0	0
1.0	0.0	3	5151	0	0
1.0	0.0	3	5152	0	0
1.0	0.0	3	5153	0	0
1.0	0.0	3	5154	0	0
1.0	0.0	3	5155	0	0
1.0	0.0	3	5156	0	0
1.0	0.0	3	5157	0	0
1.0	0.0	3	5158	0	0
1.0	0.0	3	5159	0	0
1.0	0.0	3	5160	0	0
1.0	0.0	3	5161	0	0
1.0	0.0	3	5162	0	0
1.0	0.0	3	5163	0	0
1.0	0.0	3	5164	0	0
1.0	0.0	3	5165	0	0
1.0	0.0	3	5166	0	0
1.0	0.0	3	5167	0	0
1.0	0.0	3	5168	0	0
1.0	0.0	3	5169	0	0
1.0	0.0	3	5170	0	0
1.0	0.0	3	5171	0	0
1.0	0.0	3	5172	0	0
0.9966982646203231	0.0033017353796769987	3	5173	0	0
0.9966982646203231	0.0033017353796769987	3	5174	0	0
1.0	0.0	3	5175	0	0
1.0	0.0	3	5176	0	0
1.0	0.0	3	5177	0	0
1.0	0.0	3	5178	0	0
1.0	0.0	3	5179	0	0
1.0	0.0	3	5180	0	0
0.5934366435654849	0.40656335643451524	3	5181	0	0
1.0	0.0	3	5182	0	0
0.9938921023002638	0.006107897699736213	3	5183	0	0
1.0	0.0	3	5184	0	0
1.0	0.0	3	5185	0	0
1.0	0.0	3	5186	0	0
1.0	0.0	3	5187	0	0
1.0	0.0	3	5188	0	0
1.0	0.0	3	5189	0	0
1.0	0.0	3	5190	0	0
1.0	0.0	3	5191	0	0
1.0	0.0	3	5192	0	0
0.9967047790983402	0.0032952209016598967	3	5193	0	0
1.0	0.0	3	5194	0	0
1.0	0.0	3	5195	0	0
1.0	0.0	3	5196	0	0
1.0	0.0	3	5197	0	0
1.0	0.0	3	5198	0	0
1.0	0.0	3	5199	0	0
1.0	0.0	3	5200	0	0
1.0	0.0	3	5201	0	0
1.0	0.0	3	5202	0	0
1.0	0.0	3	5203	0	0
1.0	0.0	3	5204	0	0
1.0	0.0	3	5205	0	0
1.0	0.0	3	5206	0	0
0.9966992628253346	0.0033007371746652625	3	5207	0	0
1.0	0.0	3	5208	0	0
1.0	0.0	3	5209	0	0
1.0	0.0	3	5210	0	0
0.9610902135400455	0.03890978645995454	3	5211	0	0
1.0	0.0	3	5212	0	0
1.0	0.0	3	5213	0	0
1.0	0.0	3	5214	0	0
1.0	0.0	3	5215	0	0
1.0	0.0	3	5216	0	0
1.0	0.0	3	5217	0	0
1.0	0.0	3	5218	0	0
1.0	0.0	3	5219	0	0
1.0	0.0	3	5220	0	0
1.0	0.0	3	5221	0	0
1.0	0.0	3	5222	0	0
1.0	0.0	3	5223	0	0
1.0	0.0	3	5224	0	0
1.0	0.0	3	5225	0	0
1.0	0.0	3	5226	0	0
1.0	0.0	3	5227	0	0
1.0	0.0	3	5228	0	0
1.0	0.0	3	5229	0	0
1.0	0.0	3	5230	0	0
0.9836948997773948	0.016305100222605232	3	5231	0	0
1.0	0.0	3	5232	0	0
1.0	0.0	3	5233	0	0
1.0	0.0	3	5234	0	0
1.0	0.0	3	5235	0	0
1.0	0.0	3	5236	0	0
1.0	0.0	3	5237	0	0
1.0	0.0	3	5238	0	0
1.0	0.0	3	5239	0	0
1.0	0.0	3	5240	0	0
1.0	0.0	3	5241	0	0
1.0	0.0	3	5242	0	0
1.0	0.0	3	5243	0	0
1.0	0.0	3	5244	0	0
1.0	0.0	3	5245	0	0
1.0	0.0	3	5246	0	0
1.0	0.0	3	5247	0	0
1.0	0.0	3	5248	0	0
1.0	0.0	3	5249	0	0
1.0	0.0	3	5250	0	0
1.0	0.0	3	5251	0	0
1.0	0.0	3	5252	0	0
1.0	0.0	3	5253	0	0
1.0	0.0	3	5254	0	0
1.0	0.0	3	5255	0	0
1.0	0.0	3	5256	0	0
1.0	0.0	3	5257	0	0
1.0	0.0	3	5258	0	0
1.0	0.0	3	5259	0	0
1.0	0.0	3	5260	0	0
0.9986440677966101	0.0013559322033898295	3	5261	0	0
1.0	0.0	3	5262	0	0
1.0	0.0	3	5263	0	0
0.9933333333333333	0.006666666666666667	3	5264	0	0
1.0	0.0	3	5265	0	0
1.0	0.0	3	5266	0	0
1.0	0.0	3	5267	0	0
0.9969346833432599	0.003065316656740125	3	5268	0	0
1.0	0.0	3	5269	0	0
1.0	0.0	3	5270	0	0
1.0	0.0	3	5271	0	0
0.9840727938543875	0.015927206145612365	3	5272	0	0
1.0	0.0	3	5273	0	0
1.0	0.0	3	5274	0	0
1.0	0.0	3	5275	0	0
1.0	0.0	3	5276	0	0
1.0	0.0	3	5277	0	0
1.0	0.0	3	5278	0	0
1.0	0.0	3	5279	0	0
1.0	0.0	3	5280	0	0
1.0	0.0	3	5281	0	0
1.0	0.0	3	5282	0	0
1.0	0.0	3	5283	0	0
1.0	0.0	3	5284	0	0
1.0	0.0	3	5285	0	0
1.0	0.0	3	5286	0	0
0.9967567034213968	0.00324329657860332	3	5287	0	0
0.9967567034213968	0.00324329657860332	3	5288	0	0
1.0	0.0	3	5289	0	0
0.9867775173884015	0.013222482611598519	3	5290	0	0
1.0	0.0	3	5291	0	0
1.0	0.0	3	5292	0	0
1.0	0.0	3	5293	0	0
1.0	0.0	3	5294	0	0
1.0	0.0	3	5295	0	0
1.0	0.0	3	5296	0	0
0.996843788309099	0.00315621169090092	3	5297	0	0
1.0	0.0	3	5298	0	0
0.996843788309099	0.00315621169090092	3	5299	0	0
1.0	0.0	3	5300	0	0
1.0	0.0	3	5301	0	0
1.0	0.0	3	5302	0	0
1.0	0.0	3	5303	0	0
0.9935745866472936	0.006425413352706377	3	5304	0	0
0.9935745866472936	0.006425413352706377	3	5305	0	0
0.9935745866472936	0.006425413352706377	3	5306	0	0
1.0	0.0	3	5307	0	0
1.0	0.0	3	5308	0	0
1.0	0.0	3	5309	0	0
1.0	0.0	3	5310	0	0
1.0	0.0	3	5311	0	0
0.9957440403987399	0.004255959601260158	3	5312	0	0
0.9957440403987399	0.004255959601260158	3	5313	0	0
0.9957440403987399	0.004255959601260158	3	5314	0	0
1.0	0.0	3	5315	0	0
1.0	0.0	3	5316	0	0
1.0	0.0	3	5317	0	0
0.9957440403987399	0.004255959601260158	3	5318	0	0
1.0	0.0	3	5319	0	0
0.9957440403987399	0.004255959601260158	3	5320	0	0
0.9935745866472936	0.006425413352706377	3	5321	0	0
1.0	0.0	3	5322	0	0
0.9935745866472936	0.006425413352706377	3	5323	0	0
0.996843788309099	0.00315621169090092	3	5324	0	0
0.996843788309099	0.00315621169090092	3	5325	0	0
1.0	0.0	3	5326	0	0
1.0	0.0	3	5327	0	0
0.9934204534204535	0.00657954657954658	3	5328	0	0
1.0	0.0	3	5329	0	0
1.0	0.0	3	5330	0	0
1.0	0.0	3	5331	0	0
1.0	0.0	3	5332	0	0
1.0	0.0	3	5333	0	0
0.9967998714690504	0.003200128530949668	3	5334	0	0
0.9901895089111005	0.009810491088899646	3	5335	0	0
0.9967998714690504	0.003200128530949668	3	5336	0	0
0.996687101087313	0.003312898912687	3	5337	0	0
1.0	0.0	3	5338	0	0
1.0	0.0	3	5339	0	0
1.0	0.0	3	5340	0	0
1.0	0.0	3	5341	0	0
1.0	0.0	3	5342	0	0
1.0	0.0	3	5343	0	0
1.0	0.0	3	5344	0	0
1.0	0.0	3	5345	0	0
0.9837092315305234	0.016290768469476698	3	5346	0	0
0.998958699125263	0.0010413008747370241	3	5347	0	0
0.998958699125263	0.0010413008747370241	3	5348	0	0
1.0	0.0	3	5349	0	0
1.0	0.0	3	5350	0	0
1.0	0.0	3	5351	0	0
1.0	0.0	3	5352	0	0
0.998958699125263	0.0010413008747370241	3	5353	0	0
1.0	0.0	3	5354	0	0
1.0	0.0	3	5355	0	0
1.0	0.0	3	5356	0	0
1.0	0.0	3	5357	0	0
1.0	0.0	3	5358	0	0
1.0	0.0	3	5359	0	0
0.996687101087313	0.003312898912687	3	5360	0	0
1.0	0.0	3	5361	0	0
1.0	0.0	3	5362	0	0
1.0	0.0	3	5363	0	0
1.0	0.0	3	5364	0	0
1.0	0.0	3	5365	0	0
1.0	0.0	3	5366	0	0
1.0	0.0	3	5367	0	0
1.0	0.0	3	5368	0	0
1.0	0.0	3	5369	0	0
1.0	0.0	3	5370	0	0
1.0	0.0	3	5371	0	0
1.0	0.0	3	5372	0	0
1.0	0.0	3	5373	0	0
1.0	0.0	3	5374	0	0
1.0	0.0	3	5375	0	0
1.0	0.0	3	5376	0	0
1.0	0.0	3	5377	0	0
1.0	0.0	3	5378	0	0
1.0	0.0	3	5379	0	0
1.0	0.0	3	5380	0	0
1.0	0.0	3	5381	0	0
1.0	0.0	3	5382	0	0
1.0	0.0	3	5383	0	0
0.9935985119532091	0.006401488046790873	3	5384	0	0
1.0	0.0	3	5385	0	0
1.0	0.0	3	5386	0	0
1.0	0.0	3	5387	0	0
0.1667864302059407	0.8332135697940593	3	5388	0	1
1.0	0.0	3	5389	0	0
1.0	0.0	3	5390	0	0
1.0	0.0	3	5391	0	0
1.0	0.0	3	5392	0	0
1.0	0.0	3	5393	0	0
1.0	0.0	3	5394	0	0
1.0	0.0	3	5395	0	0
1.0	0.0	3	5396	0	0
1.0	0.0	3	5397	0	0
1.0	0.0	3	5398	0	0
1.0	0.0	3	5399	0	0
1.0	0.0	3	5400	0	0
1.0	0.0	3	5401	0	0
1.0	0.0	3	5402	0	0
1.0	0.0	3	5403	0	0
1.0	0.0	3	5404	0	0
1.0	0.0	3	5405	0	0
1.0	0.0	3	5406	0	0
1.0	0.0	3	5407	0	0
1.0	0.0	3	5408	0	0
1.0	0.0	3	5409	0	0
1.0	0.0	3	5410	0	0
1.0	0.0	3	5411	0	0
1.0	0.0	3	5412	0	0
1.0	0.0	3	5413	0	0
1.0	0.0	3	5414	0	0
1.0	0.0	3	5415	0	0
1.0	0.0	3	5416	0	0
1.0	0.0	3	5417	0	0
1.0	0.0	3	5418	0	0
1.0	0.0	3	5419	0	0
1.0	0.0	3	5420	0	0
1.0	0.0	3	5421	0	0
1.0	0.0	3	5422	0	0
0.9986440677966101	0.0013559322033898295	3	5423	0	0
1.0	0.0	3	5424	0	0
1.0	0.0	3	5425	0	0
1.0	0.0	3	5426	0	0
1.0	0.0	3	5427	0	0
1.0	0.0	3	5428	0	0
1.0	0.0	3	5429	0	0
1.0	0.0	3	5430	0	0
1.0	0.0	3	5431	0	0
1.0	0.0	3	5432	0	0
1.0	0.0	3	5433	0	0
1.0	0.0	3	5434	0	0
1.0	0.0	3	5435	0	0
1.0	0.0	3	5436	0	0
1.0	0.0	3	5437	0	0
1.0	0.0	3	5438	0	0
1.0	0.0	3	5439	0	0
1.0	0.0	3	5440	0	0
1.0	0.0	3	5441	0	0
1.0	0.0	3	5442	0	0
1.0	0.0	3	5443	0	0
1.0	0.0	3	5444	0	0
1.0	0.0	3	5445	0	0
1.0	0.0	3	5446	0	0
1.0	0.0	3	5447	0	0
1.0	0.0	3	5448	0	0
1.0	0.0	3	5449	0	0
1.0	0.0	3	5450	0	0
1.0	0.0	3	5451	0	0
1.0	0.0	3	5452	0	0
0.9971755856436708	0.0028244143563292503	3	5453	0	0
1.0	0.0	3	5454	0	0
1.0	0.0	3	5455	0	0
1.0	0.0	3	5456	0	0
1.0	0.0	3	5457	0	0
1.0	0.0	3	5458	0	0
1.0	0.0	3	5459	0	0
1.0	0.0	3	5460	0	0
1.0	0.0	3	5461	0	0
1.0	0.0	3	5462	0	0
1.0	0.0	3	5463	0	0
1.0	0.0	3	5464	0	0
1.0	0.0	3	5465	0	0
1.0	0.0	3	5466	0	0
1.0	0.0	3	5467	0	0
1.0	0.0	3	5468	0	0
1.0	0.0	3	5469	0	0
1.0	0.0	3	5470	0	0
1.0	0.0	3	5471	0	0
1.0	0.0	3	5472	0	0
1.0	0.0	3	5473	0	0
1.0	0.0	3	5474	0	0
1.0	0.0	3	5475	0	0
1.0	0.0	3	5476	0	0
1.0	0.0	3	5477	0	0
1.0	0.0	3	5478	0	0
1.0	0.0	3	5479	0	0
0.9854406297679016	0.014559370232098351	3	5480	0	0
1.0	0.0	3	5481	0	0
1.0	0.0	3	5482	0	0
1.0	0.0	3	5483	0	0
1.0	0.0	3	5484	0	0
1.0	0.0	3	5485	0	0
1.0	0.0	3	5486	0	0
1.0	0.0	3	5487	0	0
1.0	0.0	3	5488	0	0
1.0	0.0	3	5489	0	0
1.0	0.0	3	5490	0	0
1.0	0.0	3	5491	0	0
1.0	0.0	3	5492	0	0
1.0	0.0	3	5493	0	0
1.0	0.0	3	5494	0	0
0.998958699125263	0.0010413008747370241	3	5495	0	0
0.998958699125263	0.0010413008747370241	3	5496	0	0
1.0	0.0	3	5497	0	0
1.0	0.0	3	5498	0	0
1.0	0.0	3	5499	0	0
1.0	0.0	3	5500	0	0
1.0	0.0	3	5501	0	0
1.0	0.0	3	5502	0	0
1.0	0.0	3	5503	0	0
1.0	0.0	3	5504	0	0
1.0	0.0	3	5505	0	0
0.9770231140318214	0.022976885968178852	3	5506	0	0
1.0	0.0	3	5507	0	0
1.0	0.0	3	5508	0	0
1.0	0.0	3	5509	0	0
0.9957440403987399	0.004255959601260158	3	5510	0	0
1.0	0.0	3	5511	0	0
0.9957440403987399	0.004255959601260158	3	5512	0	0
1.0	0.0	3	5513	0	0
1.0	0.0	3	5514	0	0
0.9771272800772548	0.02287271992274509	3	5515	0	0
1.0	0.0	3	5516	0	0
1.0	0.0	3	5517	0	0
1.0	0.0	3	5518	0	0
1.0	0.0	3	5519	0	0
1.0	0.0	3	5520	0	0
1.0	0.0	3	5521	0	0
1.0	0.0	3	5522	0	0
0.9967841927427649	0.003215807257235199	3	5523	0	0
1.0	0.0	3	5524	0	0
1.0	0.0	3	5525	0	0
1.0	0.0	3	5526	0	0
1.0	0.0	3	5527	0	0
0.9108452691543217	0.08915473084567833	3	5528	0	0
1.0	0.0	3	5529	0	0
1.0	0.0	3	5530	0	0
1.0	0.0	3	5531	0	0
1.0	0.0	3	5532	0	0
1.0	0.0	3	5533	0	0
1.0	0.0	3	5534	0	0
1.0	0.0	3	5535	0	0
1.0	0.0	3	5536	0	0
1.0	0.0	3	5537	0	0
1.0	0.0	3	5538	0	0
1.0	0.0	3	5539	0	0
1.0	0.0	3	5540	0	0
1.0	0.0	3	5541	0	0
1.0	0.0	3	5542	0	0
1.0	0.0	3	5543	0	0
1.0	0.0	3	5544	0	0
1.0	0.0	3	5545	0	0
1.0	0.0	3	5546	0	0
1.0	0.0	3	5547	0	0
1.0	0.0	3	5548	0	0
1.0	0.0	3	5549	0	0
1.0	0.0	3	5550	0	0
1.0	0.0	3	5551	0	0
1.0	0.0	3	5552	0	0
1.0	0.0	3	5553	0	0
1.0	0.0	3	5554	0	0
1.0	0.0	3	5555	0	0
1.0	0.0	3	5556	0	0
1.0	0.0	3	5557	0	0
1.0	0.0	3	5558	0	0
1.0	0.0	3	5559	0	0
1.0	0.0	3	5560	0	0
1.0	0.0	3	5561	0	0
1.0	0.0	3	5562	0	0
1.0	0.0	3	5563	0	0
0.06991089638204255	0.9300891036179574	3	5564	1	1
0.9229580776039203	0.0770419223960797	3	5565	1	0
0.9935745866472936	0.006425413352706377	3	5566	0	0
0.9935745866472936	0.006425413352706377	3	5567	0	0
1.0	0.0	3	5568	0	0
0.996843788309099	0.00315621169090092	3	5569	0	0
0.996843788309099	0.00315621169090092	3	5570	0	0
1.0	0.0	3	5571	0	0
1.0	0.0	3	5572	0	0
1.0	0.0	3	5573	0	0
1.0	0.0	3	5574	0	0
1.0	0.0	3	5575	0	0
1.0	0.0	3	5576	0	0
1.0	0.0	3	5577	0	0
1.0	0.0	3	5578	0	0
1.0	0.0	3	5579	0	0
1.0	0.0	3	5580	0	0
1.0	0.0	3	5581	0	0
1.0	0.0	3	5582	0	0
1.0	0.0	3	5583	0	0
1.0	0.0	3	5584	0	0
1.0	0.0	3	5585	0	0
1.0	0.0	3	5586	0	0
1.0	0.0	3	5587	0	0
1.0	0.0	3	5588	0	0
1.0	0.0	3	5589	0	0
1.0	0.0	3	5590	0	0
1.0	0.0	3	5591	0	0
1.0	0.0	3	5592	0	0
1.0	0.0	3	5593	0	0
1.0	0.0	3	5594	0	0
1.0	0.0	3	5595	0	0
0.998958699125263	0.0010413008747370241	3	5596	0	0
1.0	0.0	3	5597	0	0
0.998958699125263	0.0010413008747370241	3	5598	0	0
1.0	0.0	3	5599	0	0
1.0	0.0	3	5600	0	0
1.0	0.0	3	5601	0	0
1.0	0.0	3	5602	0	0
0.9440786496397056	0.05592135036029482	3	5603	0	0
1.0	0.0	3	5604	0	0
1.0	0.0	3	5605	0	0
1.0	0.0	3	5606	0	0
1.0	0.0	3	5607	0	0
1.0	0.0	3	5608	0	0
0.998958699125263	0.0010413008747370241	3	5609	0	0
1.0	0.0	3	5610	0	0
0.998958699125263	0.0010413008747370241	3	5611	0	0
1.0	0.0	3	5612	0	0
1.0	0.0	3	5613	0	0
1.0	0.0	3	5614	0	0
1.0	0.0	3	5615	0	0
1.0	0.0	3	5616	0	0
1.0	0.0	3	5617	0	0
1.0	0.0	3	5618	0	0
1.0	0.0	3	5619	0	0
1.0	0.0	3	5620	0	0
0.996843788309099	0.00315621169090092	3	5621	0	0
0.9933803903544852	0.006619609645514726	3	5622	0	0
0.996843788309099	0.00315621169090092	3	5623	0	0
1.0	0.0	3	5624	0	0
1.0	0.0	3	5625	0	0
1.0	0.0	3	5626	0	0
1.0	0.0	3	5627	0	0
1.0	0.0	3	5628	0	0
1.0	0.0	3	5629	0	0
1.0	0.0	3	5630	0	0
1.0	0.0	3	5631	0	0
1.0	0.0	3	5632	0	0
1.0	0.0	3	5633	0	0
1.0	0.0	3	5634	0	0
1.0	0.0	3	5635	0	0
1.0	0.0	3	5636	0	0
1.0	0.0	3	5637	0	0
1.0	0.0	3	5638	0	0
1.0	0.0	3	5639	0	0
0.9868585331491787	0.013141466850821163	3	5640	0	0
1.0	0.0	3	5641	0	0
1.0	0.0	3	5642	0	0
1.0	0.0	3	5643	0	0
1.0	0.0	3	5644	0	0
1.0	0.0	3	5645	0	0
0.9970719638311883	0.00292803616881152	3	5646	0	0
1.0	0.0	3	5647	0	0
0.9986440677966101	0.0013559322033898295	3	5648	0	0
1.0	0.0	3	5649	0	0
1.0	0.0	3	5650	0	0
1.0	0.0	3	5651	0	0
1.0	0.0	3	5652	0	0
1.0	0.0	3	5653	0	0
1.0	0.0	3	5654	0	0
1.0	0.0	3	5655	0	0
1.0	0.0	3	5656	0	0
1.0	0.0	3	5657	0	0
1.0	0.0	3	5658	0	0
1.0	0.0	3	5659	0	0
1.0	0.0	3	5660	0	0
1.0	0.0	3	5661	0	0
0.9845362203958093	0.015463779604190467	3	5662	0	0
0.9845362203958093	0.015463779604190467	3	5663	0	0
0.9875752915273334	0.012424708472666628	3	5664	0	0
1.0	0.0	3	5665	0	0
1.0	0.0	3	5666	0	0
1.0	0.0	3	5667	0	0
0.9973596882407296	0.002640311759270419	3	5668	0	0
0.993389112971037	0.006610887028963044	3	5669	0	0
0.9973596882407296	0.002640311759270419	3	5670	0	0
1.0	0.0	3	5671	0	0
1.0	0.0	3	5672	0	0
0.9343401966171873	0.0656598033828127	3	5673	0	0
1.0	0.0	3	5674	0	0
1.0	0.0	3	5675	0	0
1.0	0.0	3	5676	0	0
0.9971755856436708	0.0028244143563292503	3	5677	0	0
0.9905677285909454	0.009432271409054522	3	5678	0	0
0.9916954348527031	0.00830456514729679	3	5679	0	0
1.0	0.0	3	5680	0	0
1.0	0.0	3	5681	0	0
1.0	0.0	3	5682	0	0
1.0	0.0	3	5683	0	0
1.0	0.0	3	5684	0	0
1.0	0.0	3	5685	0	0
1.0	0.0	3	5686	0	0
1.0	0.0	3	5687	0	0
1.0	0.0	3	5688	0	0
1.0	0.0	3	5689	0	0
1.0	0.0	3	5690	0	0
1.0	0.0	3	5691	0	0
1.0	0.0	3	5692	0	0
1.0	0.0	3	5693	0	0
1.0	0.0	3	5694	0	0
1.0	0.0	3	5695	0	0
1.0	0.0	3	5696	0	0
1.0	0.0	3	5697	0	0
1.0	0.0	3	5698	0	0
1.0	0.0	3	5699	0	0
1.0	0.0	3	5700	0	0
0.9986440677966101	0.0013559322033898295	3	5701	0	0
1.0	0.0	3	5702	0	0
1.0	0.0	3	5703	0	0
1.0	0.0	3	5704	0	0
1.0	0.0	3	5705	0	0
1.0	0.0	3	5706	0	0
1.0	0.0	3	5707	0	0
1.0	0.0	3	5708	0	0
1.0	0.0	3	5709	0	0
1.0	0.0	3	5710	0	0
1.0	0.0	3	5711	0	0
1.0	0.0	3	5712	0	0
1.0	0.0	3	5713	0	0
1.0	0.0	3	5714	0	0
1.0	0.0	3	5715	0	0
1.0	0.0	3	5716	0	0
1.0	0.0	3	5717	0	0
1.0	0.0	3	5718	0	0
1.0	0.0	3	5719	0	0
1.0	0.0	3	5720	0	0
1.0	0.0	3	5721	0	0
1.0	0.0	3	5722	0	0
1.0	0.0	3	5723	0	0
1.0	0.0	3	5724	0	0
1.0	0.0	3	5725	0	0
1.0	0.0	3	5726	0	0
1.0	0.0	3	5727	0	0
1.0	0.0	3	5728	0	0
1.0	0.0	3	5729	0	0
1.0	0.0	3	5730	0	0
0.9871522295421694	0.012847770457830542	3	5731	0	0
1.0	0.0	3	5732	0	0
1.0	0.0	3	5733	0	0
1.0	0.0	3	5734	0	0
1.0	0.0	3	5735	0	0
1.0	0.0	3	5736	0	0
1.0	0.0	3	5737	0	0
1.0	0.0	3	5738	0	0
1.0	0.0	3	5739	0	0
1.0	0.0	3	5740	0	0
1.0	0.0	3	5741	0	0
1.0	0.0	3	5742	0	0
1.0	0.0	3	5743	0	0
1.0	0.0	3	5744	0	0
1.0	0.0	3	5745	0	0
1.0	0.0	3	5746	0	0
1.0	0.0	3	5747	0	0
1.0	0.0	3	5748	0	0
1.0	0.0	3	5749	0	0
1.0	0.0	3	5750	0	0
1.0	0.0	3	5751	0	0
1.0	0.0	3	5752	0	0
1.0	0.0	3	5753	0	0
1.0	0.0	3	5754	0	0
1.0	0.0	3	5755	0	0
1.0	0.0	3	5756	0	0
1.0	0.0	3	5757	0	0
1.0	0.0	3	5758	0	0
1.0	0.0	3	5759	0	0
1.0	0.0	3	5760	0	0
1.0	0.0	3	5761	0	0
1.0	0.0	3	5762	0	0
1.0	0.0	3	5763	0	0
1.0	0.0	3	5764	0	0
1.0	0.0	3	5765	0	0
1.0	0.0	3	5766	0	0
1.0	0.0	3	5767	0	0
1.0	0.0	3	5768	0	0
1.0	0.0	3	5769	0	0
1.0	0.0	3	5770	0	0
1.0	0.0	3	5771	0	0
1.0	0.0	3	5772	0	0
1.0	0.0	3	5773	0	0
1.0	0.0	3	5774	0	0
1.0	0.0	3	5775	0	0
1.0	0.0	3	5776	0	0
1.0	0.0	3	5777	0	0
1.0	0.0	3	5778	0	0
1.0	0.0	3	5779	0	0
1.0	0.0	3	5780	0	0
0.9772067436377133	0.022793256362286882	3	5781	0	0
1.0	0.0	3	5782	0	0
0.9772067436377133	0.022793256362286882	3	5783	0	0
1.0	0.0	3	5784	0	0
0.9805342729292791	0.0194657270707208	3	5785	0	0
0.9967052863878022	0.0032947136121978127	3	5786	0	0
0.9148682035468803	0.08513179645311987	3	5787	0	0
1.0	0.0	3	5788	0	0
0.9704871897890678	0.029512810210932112	3	5789	0	0
0.09893779219761659	0.9010622078023834	3	5790	1	1
0.8187945354705761	0.18120546452942377	3	5791	0	0
1.0	0.0	3	5792	0	0
0.9966868472831846	0.0033131527168154986	3	5793	0	0
1.0	0.0	3	5794	0	0
1.0	0.0	3	5795	0	0
0.9966666666666667	0.0033333333333333335	3	5796	0	0
1.0	0.0	3	5797	0	0
0.9967322306660706	0.0032677693339293696	3	5798	0	0
0.996703285678455	0.003296714321545021	3	5799	0	0
1.0	0.0	3	5800	0	0
0.9900540564958036	0.00994594350419622	3	5801	0	0
1.0	0.0	3	5802	0	0
1.0	0.0	3	5803	0	0
1.0	0.0	3	5804	0	0
0.9410605737853756	0.05893942621462436	3	5805	0	0
1.0	0.0	3	5806	0	0
0.5784516179934429	0.4215483820065571	3	5807	1	0
0.9834722918710986	0.01652770812890147	3	5808	0	0
0.9901024155213992	0.009897584478600759	3	5809	0	0
0.9608831747851421	0.039116825214857945	3	5810	0	0
1.0	0.0	3	5811	0	0
1.0	0.0	3	5812	0	0
0.9967062835364324	0.003293716463567524	3	5813	0	0
1.0	0.0	3	5814	0	0
1.0	0.0	3	5815	0	0
0.9966666666666667	0.0033333333333333335	3	5816	0	0
1.0	0.0	3	5817	0	0
1.0	0.0	3	5818	0	0
0.993559719974757	0.006440280025242967	3	5819	0	0
1.0	0.0	3	5820	0	0
0.1660220436540888	0.8339779563459112	3	5821	1	1
0.3201602258615009	0.6798397741384988	3	5822	0	1
0.3227136788232148	0.6772863211767853	3	5823	0	1
0.014752156795082714	0.9852478432049173	3	5824	1	1
0.9802499544902986	0.019750045509701428	3	5825	0	0
1.0	0.0	3	5826	0	0
1.0	0.0	3	5827	0	0
1.0	0.0	3	5828	0	0
1.0	0.0	3	5829	0	0
1.0	0.0	3	5830	0	0
0.32488630238429367	0.6751136976157063	3	5831	1	1
0.9967052805777041	0.0032947194222957723	3	5832	0	0
0.9803546967505287	0.019645303249471502	3	5833	0	0
0.957197774105407	0.04280222589459294	3	5834	0	0
1.0	0.0	3	5835	0	0
1.0	0.0	3	5836	0	0
0.025063337800012343	0.9749366621999879	3	5837	1	1
0.09196648896144381	0.9080335110385563	3	5838	1	1
1.0	0.0	3	5839	0	0
0.9673707250696896	0.03262927493031028	3	5840	0	0
0.9967479191438764	0.003252080856123662	3	5841	0	0
0.9967479191438764	0.003252080856123662	3	5842	0	0
0.9967479191438764	0.003252080856123662	3	5843	0	0
1.0	0.0	3	5844	0	0
1.0	0.0	3	5845	0	0
1.0	0.0	3	5846	0	0
1.0	0.0	3	5847	0	0
1.0	0.0	3	5848	0	0
1.0	0.0	3	5849	0	0
1.0	0.0	3	5850	0	0
1.0	0.0	3	5851	0	0
1.0	0.0	3	5852	0	0
1.0	0.0	3	5853	0	0
0.99338339923067	0.006616600769329981	3	5854	0	0
0.99338339923067	0.006616600769329981	3	5855	0	0
0.99338339923067	0.006616600769329981	3	5856	0	0
1.0	0.0	3	5857	0	0
1.0	0.0	3	5858	0	0
1.0	0.0	3	5859	0	0
1.0	0.0	3	5860	0	0
1.0	0.0	3	5861	0	0
1.0	0.0	3	5862	0	0
1.0	0.0	3	5863	0	0
1.0	0.0	3	5864	0	0
1.0	0.0	3	5865	0	0
1.0	0.0	3	5866	0	0
1.0	0.0	3	5867	0	0
1.0	0.0	3	5868	0	0
1.0	0.0	3	5869	0	0
1.0	0.0	3	5870	0	0
1.0	0.0	3	5871	0	0
1.0	0.0	3	5872	0	0
1.0	0.0	3	5873	0	0
1.0	0.0	3	5874	0	0
1.0	0.0	3	5875	0	0
1.0	0.0	3	5876	0	0
1.0	0.0	3	5877	0	0
1.0	0.0	3	5878	0	0
1.0	0.0	3	5879	0	0
1.0	0.0	3	5880	0	0
1.0	0.0	3	5881	0	0
1.0	0.0	3	5882	0	0
1.0	0.0	3	5883	0	0
1.0	0.0	3	5884	0	0
1.0	0.0	3	5885	0	0
1.0	0.0	3	5886	0	0
1.0	0.0	3	5887	0	0
1.0	0.0	3	5888	0	0
1.0	0.0	3	5889	0	0
1.0	0.0	3	5890	0	0
1.0	0.0	3	5891	0	0
1.0	0.0	3	5892	0	0
1.0	0.0	3	5893	0	0
1.0	0.0	3	5894	0	0
1.0	0.0	3	5895	0	0
1.0	0.0	3	5896	0	0
1.0	0.0	3	5897	0	0
1.0	0.0	3	5898	0	0
1.0	0.0	3	5899	0	0
1.0	0.0	3	5900	0	0
1.0	0.0	3	5901	0	0
1.0	0.0	3	5902	0	0
1.0	0.0	3	5903	0	0
0.9969346833432599	0.003065316656740125	3	5904	0	0
1.0	0.0	3	5905	0	0
1.0	0.0	3	5906	0	0
1.0	0.0	3	5907	0	0
1.0	0.0	3	5908	0	0
1.0	0.0	3	5909	0	0
1.0	0.0	3	5910	0	0
1.0	0.0	3	5911	0	0
1.0	0.0	3	5912	0	0
1.0	0.0	3	5913	0	0
1.0	0.0	3	5914	0	0
1.0	0.0	3	5915	0	0
0.9901624301416696	0.00983756985833025	3	5916	0	0
1.0	0.0	3	5917	0	0
1.0	0.0	3	5918	0	0
1.0	0.0	3	5919	0	0
1.0	0.0	3	5920	0	0
1.0	0.0	3	5921	0	0
1.0	0.0	3	5922	0	0
1.0	0.0	3	5923	0	0
1.0	0.0	3	5924	0	0
1.0	0.0	3	5925	0	0
1.0	0.0	3	5926	0	0
1.0	0.0	3	5927	0	0
1.0	0.0	3	5928	0	0
1.0	0.0	3	5929	0	0
1.0	0.0	3	5930	0	0
0.9967047790983402	0.0032952209016598967	3	5931	0	0
0.998958699125263	0.0010413008747370241	3	5932	0	0
1.0	0.0	3	5933	0	0
0.998958699125263	0.0010413008747370241	3	5934	0	0
1.0	0.0	3	5935	0	0
1.0	0.0	3	5936	0	0
1.0	0.0	3	5937	0	0
1.0	0.0	3	5938	0	0
1.0	0.0	3	5939	0	0
1.0	0.0	3	5940	0	0
1.0	0.0	3	5941	0	0
0.9868193413666482	0.013180658633351792	3	5942	0	0
0.998958699125263	0.0010413008747370241	3	5943	0	0
1.0	0.0	3	5944	0	0
0.998958699125263	0.0010413008747370241	3	5945	0	0
1.0	0.0	3	5946	0	0
1.0	0.0	3	5947	0	0
1.0	0.0	3	5948	0	0
1.0	0.0	3	5949	0	0
1.0	0.0	3	5950	0	0
1.0	0.0	3	5951	0	0
1.0	0.0	3	5952	0	0
1.0	0.0	3	5953	0	0
1.0	0.0	3	5954	0	0
1.0	0.0	3	5955	0	0
1.0	0.0	3	5956	0	0
1.0	0.0	3	5957	0	0
0.9967538802660753	0.003246119733924612	3	5958	0	0
1.0	0.0	3	5959	0	0
1.0	0.0	3	5960	0	0
1.0	0.0	3	5961	0	0
0.998958699125263	0.0010413008747370241	3	5962	0	0
0.998958699125263	0.0010413008747370241	3	5963	0	0
1.0	0.0	3	5964	0	0
1.0	0.0	3	5965	0	0
1.0	0.0	3	5966	0	0
0.9967755702722589	0.003224429727740986	3	5967	0	0
0.9967755702722589	0.003224429727740986	3	5968	0	0
1.0	0.0	3	5969	0	0
1.0	0.0	3	5970	0	0
1.0	0.0	3	5971	0	0
1.0	0.0	3	5972	0	0
0.9835967451832319	0.016403254816768006	3	5973	0	0
0.970454871238145	0.029545128761854843	3	5974	0	0
1.0	0.0	3	5975	0	0
1.0	0.0	3	5976	0	0
1.0	0.0	3	5977	0	0
1.0	0.0	3	5978	0	0
1.0	0.0	3	5979	0	0
1.0	0.0	3	5980	0	0
0.9542321936236632	0.04576780637633692	3	5981	0	0
0.9542321936236632	0.04576780637633692	3	5982	0	0
1.0	0.0	3	5983	0	0
1.0	0.0	3	5984	0	0
1.0	0.0	3	5985	0	0
0.997514450867052	0.002485549132947977	3	5986	0	0
0.997514450867052	0.002485549132947977	3	5987	0	0
1.0	0.0	3	5988	0	0
1.0	0.0	3	5989	0	0
1.0	0.0	3	5990	0	0
1.0	0.0	3	5991	0	0
0.9834873861088675	0.016512613891132375	3	5992	0	0
0.9147324926739621	0.0852675073260381	3	5993	0	0
1.0	0.0	3	5994	0	0
1.0	0.0	3	5995	0	0
1.0	0.0	3	5996	0	0
1.0	0.0	3	5997	0	0
1.0	0.0	3	5998	0	0
1.0	0.0	3	5999	0	0
1.0	0.0	3	6000	0	0
1.0	0.0	3	6001	0	0
0.9871580326388025	0.012841967361197432	3	6002	0	0
1.0	0.0	3	6003	0	0
0.9769054806206703	0.023094519379329728	3	6004	0	0
1.0	0.0	3	6005	0	0
1.0	0.0	3	6006	0	0
1.0	0.0	3	6007	0	0
1.0	0.0	3	6008	0	0
1.0	0.0	3	6009	0	0
1.0	0.0	3	6010	0	0
1.0	0.0	3	6011	0	0
1.0	0.0	3	6012	0	0
1.0	0.0	3	6013	0	0
0.9966987710057688	0.003301228994231252	3	6014	0	0
1.0	0.0	3	6015	0	0
1.0	0.0	3	6016	0	0
1.0	0.0	3	6017	0	0
1.0	0.0	3	6018	0	0
1.0	0.0	3	6019	0	0
1.0	0.0	3	6020	0	0
1.0	0.0	3	6021	0	0
1.0	0.0	3	6022	0	0
1.0	0.0	3	6023	0	0
1.0	0.0	3	6024	0	0
1.0	0.0	3	6025	0	0
1.0	0.0	3	6026	0	0
1.0	0.0	3	6027	0	0
1.0	0.0	3	6028	0	0
1.0	0.0	3	6029	0	0
1.0	0.0	3	6030	0	0
1.0	0.0	3	6031	0	0
1.0	0.0	3	6032	0	0
1.0	0.0	3	6033	0	0
1.0	0.0	3	6034	0	0
1.0	0.0	3	6035	0	0
1.0	0.0	3	6036	0	0
1.0	0.0	3	6037	0	0
1.0	0.0	3	6038	0	0
1.0	0.0	3	6039	0	0
1.0	0.0	3	6040	0	0
1.0	0.0	3	6041	0	0
1.0	0.0	3	6042	0	0
1.0	0.0	3	6043	0	0
1.0	0.0	3	6044	0	0
0.9967037761396117	0.0032962238603881453	3	6045	0	0
0.9972842105263158	0.0027157894736842105	3	6046	0	0
1.0	0.0	3	6047	0	0
1.0	0.0	3	6048	0	0
1.0	0.0	3	6049	0	0
1.0	0.0	3	6050	0	0
1.0	0.0	3	6051	0	0
0.997514450867052	0.002485549132947977	3	6052	0	0
1.0	0.0	3	6053	0	0
0.997514450867052	0.002485549132947977	3	6054	0	0
0.9972842105263158	0.0027157894736842105	3	6055	0	0
1.0	0.0	3	6056	0	0
1.0	0.0	3	6057	0	0
1.0	0.0	3	6058	0	0
1.0	0.0	3	6059	0	0
1.0	0.0	3	6060	0	0
1.0	0.0	3	6061	0	0
1.0	0.0	3	6062	0	0
1.0	0.0	3	6063	0	0
1.0	0.0	3	6064	0	0
1.0	0.0	3	6065	0	0
1.0	0.0	3	6066	0	0
1.0	0.0	3	6067	0	0
1.0	0.0	3	6068	0	0
1.0	0.0	3	6069	0	0
0.0041442235266631105	0.9958557764733371	3	6070	1	1
1.0	0.0	3	6071	0	0
1.0	0.0	3	6072	0	0
1.0	0.0	3	6073	0	0
0.9967057820570684	0.0032942179429316485	3	6074	0	0
1.0	0.0	3	6075	0	0
0.9967057820570684	0.0032942179429316485	3	6076	0	0
0.7918853067681526	0.20811469323184753	3	6077	0	0
1.0	0.0	3	6078	0	0
1.0	0.0	3	6079	0	0
1.0	0.0	3	6080	0	0
1.0	0.0	3	6081	0	0
0.9924433081287027	0.007556691871297273	3	6082	0	0
0.9924433081287027	0.007556691871297273	3	6083	0	0
1.0	0.0	3	6084	0	0
1.0	0.0	3	6085	0	0
1.0	0.0	3	6086	0	0
1.0	0.0	3	6087	0	0
1.0	0.0	3	6088	0	0
1.0	0.0	3	6089	0	0
1.0	0.0	3	6090	0	0
1.0	0.0	3	6091	0	0
0.9933502230961204	0.006649776903879604	3	6092	0	0
1.0	0.0	3	6093	0	0
1.0	0.0	3	6094	0	0
1.0	0.0	3	6095	0	0
1.0	0.0	3	6096	0	0
1.0	0.0	3	6097	0	0
1.0	0.0	3	6098	0	0
1.0	0.0	3	6099	0	0
1.0	0.0	3	6100	0	0
1.0	0.0	3	6101	0	0
1.0	0.0	3	6102	0	0
1.0	0.0	3	6103	0	0
1.0	0.0	3	6104	0	0
1.0	0.0	3	6105	0	0
1.0	0.0	3	6106	0	0
1.0	0.0	3	6107	0	0
1.0	0.0	3	6108	0	0
1.0	0.0	3	6109	0	0
1.0	0.0	3	6110	0	0
1.0	0.0	3	6111	0	0
1.0	0.0	3	6112	0	0
1.0	0.0	3	6113	0	0
1.0	0.0	3	6114	0	0
1.0	0.0	3	6115	0	0
1.0	0.0	3	6116	0	0
1.0	0.0	3	6117	0	0
1.0	0.0	3	6118	0	0
1.0	0.0	3	6119	0	0
1.0	0.0	3	6120	0	0
1.0	0.0	3	6121	0	0
1.0	0.0	3	6122	0	0
1.0	0.0	3	6123	0	0
0.9769925514688259	0.023007448531173976	3	6124	0	0
1.0	0.0	3	6125	0	0
1.0	0.0	3	6126	0	0
1.0	0.0	3	6127	0	0
1.0	0.0	3	6128	0	0
1.0	0.0	3	6129	0	0
1.0	0.0	3	6130	0	0
1.0	0.0	3	6131	0	0
1.0	0.0	3	6132	0	0
1.0	0.0	3	6133	0	0
1.0	0.0	3	6134	0	0
0.9477654663010882	0.05223453369891182	3	6135	0	0
1.0	0.0	3	6136	0	0
1.0	0.0	3	6137	0	0
1.0	0.0	3	6138	0	0
0.9934431231653442	0.00655687683465583	3	6139	0	0
1.0	0.0	3	6140	0	0
1.0	0.0	3	6141	0	0
1.0	0.0	3	6142	0	0
1.0	0.0	3	6143	0	0
1.0	0.0	3	6144	0	0
1.0	0.0	3	6145	0	0
1.0	0.0	3	6146	0	0
1.0	0.0	3	6147	0	0
1.0	0.0	3	6148	0	0
1.0	0.0	3	6149	0	0
1.0	0.0	3	6150	0	0
1.0	0.0	3	6151	0	0
1.0	0.0	3	6152	0	0
1.0	0.0	3	6153	0	0
1.0	0.0	3	6154	0	0
1.0	0.0	3	6155	0	0
1.0	0.0	3	6156	0	0
1.0	0.0	3	6157	0	0
0.9966884685047294	0.003311531495270678	3	6158	0	0
1.0	0.0	3	6159	0	0
1.0	0.0	3	6160	0	0
1.0	0.0	3	6161	0	0
1.0	0.0	3	6162	0	0
1.0	0.0	3	6163	0	0
1.0	0.0	3	6164	0	0
1.0	0.0	3	6165	0	0
1.0	0.0	3	6166	0	0
1.0	0.0	3	6167	0	0
1.0	0.0	3	6168	0	0
1.0	0.0	3	6169	0	0
1.0	0.0	3	6170	0	0
1.0	0.0	3	6171	0	0
0.9971782965733695	0.0028217034266305513	3	6172	0	0
1.0	0.0	3	6173	0	0
1.0	0.0	3	6174	0	0
1.0	0.0	3	6175	0	0
1.0	0.0	3	6176	0	0
1.0	0.0	3	6177	0	0
1.0	0.0	3	6178	0	0
1.0	0.0	3	6179	0	0
1.0	0.0	3	6180	0	0
1.0	0.0	3	6181	0	0
1.0	0.0	3	6182	0	0
1.0	0.0	3	6183	0	0
1.0	0.0	3	6184	0	0
1.0	0.0	3	6185	0	0
1.0	0.0	3	6186	0	0
1.0	0.0	3	6187	0	0
1.0	0.0	3	6188	0	0
1.0	0.0	3	6189	0	0
1.0	0.0	3	6190	0	0
0.996749863814193	0.0032501361858069625	3	6191	0	0
1.0	0.0	3	6192	0	0
1.0	0.0	3	6193	0	0
1.0	0.0	3	6194	0	0
1.0	0.0	3	6195	0	0
1.0	0.0	3	6196	0	0
1.0	0.0	3	6197	0	0
1.0	0.0	3	6198	0	0
1.0	0.0	3	6199	0	0
1.0	0.0	3	6200	0	0
0.996843788309099	0.00315621169090092	3	6201	0	0
0.996843788309099	0.00315621169090092	3	6202	0	0
0.996688878792468	0.0033111212075319298	3	6203	0	0
1.0	0.0	3	6204	0	0
1.0	0.0	3	6205	0	0
1.0	0.0	3	6206	0	0
1.0	0.0	3	6207	0	0
1.0	0.0	3	6208	0	0
1.0	0.0	3	6209	0	0
1.0	0.0	3	6210	0	0
1.0	0.0	3	6211	0	0
1.0	0.0	3	6212	0	0
1.0	0.0	3	6213	0	0
1.0	0.0	3	6214	0	0
1.0	0.0	3	6215	0	0
1.0	0.0	3	6216	0	0
1.0	0.0	3	6217	0	0
1.0	0.0	3	6218	0	0
1.0	0.0	3	6219	0	0
1.0	0.0	3	6220	0	0
1.0	0.0	3	6221	0	0
1.0	0.0	3	6222	0	0
1.0	0.0	3	6223	0	0
1.0	0.0	3	6224	0	0
1.0	0.0	3	6225	0	0
1.0	0.0	3	6226	0	0
1.0	0.0	3	6227	0	0
1.0	0.0	3	6228	0	0
1.0	0.0	3	6229	0	0
0.9947908500962223	0.00520914990377768	3	6230	0	0
1.0	0.0	3	6231	0	0
1.0	0.0	3	6232	0	0
1.0	0.0	3	6233	0	0
1.0	0.0	3	6234	0	0
1.0	0.0	3	6235	0	0
1.0	0.0	3	6236	0	0
0.09989683512325799	0.9001031648767421	3	6237	1	1
1.0	0.0	3	6238	0	0
1.0	0.0	3	6239	0	0
1.0	0.0	3	6240	0	0
0.9641091220106722	0.03589087798932779	3	6241	0	0
1.0	0.0	3	6242	0	0
0.04792569339024328	0.9520743066097568	3	6243	1	1
1.0	0.0	3	6244	0	0
1.0	0.0	3	6245	0	0
1.0	0.0	3	6246	0	0
1.0	0.0	3	6247	0	0
1.0	0.0	3	6248	0	0
0.9941771321243544	0.005822867875645626	3	6249	0	0
1.0	0.0	3	6250	0	0
1.0	0.0	3	6251	0	0
1.0	0.0	3	6252	0	0
0.9986440677966101	0.0013559322033898295	3	6253	0	0
1.0	0.0	3	6254	0	0
1.0	0.0	3	6255	0	0
0.9902241033328327	0.009775896667167392	3	6256	0	0
0.9903595576076257	0.009640442392374254	3	6257	0	0
1.0	0.0	3	6258	0	0
1.0	0.0	3	6259	0	0
1.0	0.0	3	6260	0	0
1.0	0.0	3	6261	0	0
1.0	0.0	3	6262	0	0
1.0	0.0	3	6263	0	0
1.0	0.0	3	6264	0	0
1.0	0.0	3	6265	0	0
1.0	0.0	3	6266	0	0
1.0	0.0	3	6267	0	0
1.0	0.0	3	6268	0	0
0.2412190343864179	0.7587809656135821	3	6269	1	1
1.0	0.0	3	6270	0	0
1.0	0.0	3	6271	0	0
1.0	0.0	3	6272	0	0
1.0	0.0	3	6273	0	0
1.0	0.0	3	6274	0	0
1.0	0.0	3	6275	0	0
1.0	0.0	3	6276	0	0
1.0	0.0	3	6277	0	0
1.0	0.0	3	6278	0	0
1.0	0.0	3	6279	0	0
1.0	0.0	3	6280	0	0
1.0	0.0	3	6281	0	0
1.0	0.0	3	6282	0	0
1.0	0.0	3	6283	0	0
1.0	0.0	3	6284	0	0
1.0	0.0	3	6285	0	0
1.0	0.0	3	6286	0	0
1.0	0.0	3	6287	0	0
1.0	0.0	3	6288	0	0
1.0	0.0	3	6289	0	0
1.0	0.0	3	6290	0	0
0.9967092988263617	0.0032907011736382787	3	6291	0	0
1.0	0.0	3	6292	0	0
1.0	0.0	3	6293	0	0
1.0	0.0	3	6294	0	0
1.0	0.0	3	6295	0	0
1.0	0.0	3	6296	0	0
1.0	0.0	3	6297	0	0
1.0	0.0	3	6298	0	0
1.0	0.0	3	6299	0	0
1.0	0.0	3	6300	0	0
1.0	0.0	3	6301	0	0
1.0	0.0	3	6302	0	0
0.8226868241451561	0.1773131758548437	3	6303	0	0
0.9969754192510911	0.0030245807489087985	3	6304	0	0
1.0	0.0	3	6305	0	0
1.0	0.0	3	6306	0	0
1.0	0.0	3	6307	0	0
1.0	0.0	3	6308	0	0
1.0	0.0	3	6309	0	0
1.0	0.0	3	6310	0	0
1.0	0.0	3	6311	0	0
1.0	0.0	3	6312	0	0
1.0	0.0	3	6313	0	0
1.0	0.0	3	6314	0	0
1.0	0.0	3	6315	0	0
1.0	0.0	3	6316	0	0
0.9904431320275396	0.009556867972460314	3	6317	0	0
1.0	0.0	3	6318	0	0
0.9904431320275396	0.009556867972460314	3	6319	0	0
1.0	0.0	3	6320	0	0
1.0	0.0	3	6321	0	0
1.0	0.0	3	6322	0	0
1.0	0.0	3	6323	0	0
1.0	0.0	3	6324	0	0
1.0	0.0	3	6325	0	0
1.0	0.0	3	6326	0	0
1.0	0.0	3	6327	0	0
0.9966886247192146	0.0033113752807854423	3	6328	0	0
0.9784230205145741	0.021576979485425897	3	6329	0	0
1.0	0.0	3	6330	0	0
1.0	0.0	3	6331	0	0
1.0	0.0	3	6332	0	0
1.0	0.0	3	6333	0	0
1.0	0.0	3	6334	0	0
1.0	0.0	3	6335	0	0
1.0	0.0	3	6336	0	0
1.0	0.0	3	6337	0	0
1.0	0.0	3	6338	0	0
1.0	0.0	3	6339	0	0
1.0	0.0	3	6340	0	0
1.0	0.0	3	6341	0	0
0.9972842105263158	0.0027157894736842105	3	6342	0	0
1.0	0.0	3	6343	0	0
1.0	0.0	3	6344	0	0
1.0	0.0	3	6345	0	0
1.0	0.0	3	6346	0	0
1.0	0.0	3	6347	0	0
1.0	0.0	3	6348	0	0
0.9904266973795429	0.009573302620457257	3	6349	0	0
1.0	0.0	3	6350	0	0
1.0	0.0	3	6351	0	0
1.0	0.0	3	6352	0	0
1.0	0.0	3	6353	0	0
1.0	0.0	3	6354	0	0
1.0	0.0	3	6355	0	0
1.0	0.0	3	6356	0	0
1.0	0.0	3	6357	0	0
0.7656434787961911	0.23435652120380893	3	6358	0	0
1.0	0.0	3	6359	0	0
1.0	0.0	3	6360	0	0
1.0	0.0	3	6361	0	0
1.0	0.0	3	6362	0	0
1.0	0.0	3	6363	0	0
1.0	0.0	3	6364	0	0
1.0	0.0	3	6365	0	0
1.0	0.0	3	6366	0	0
1.0	0.0	3	6367	0	0
1.0	0.0	3	6368	0	0
1.0	0.0	3	6369	0	0
1.0	0.0	3	6370	0	0
1.0	0.0	3	6371	0	0
1.0	0.0	3	6372	0	0
1.0	0.0	3	6373	0	0
1.0	0.0	3	6374	0	0
1.0	0.0	3	6375	0	0
0.9671965736328406	0.03280342636715934	3	6376	0	0
1.0	0.0	3	6377	0	0
0.9935745866472936	0.006425413352706377	3	6378	0	0
0.9935745866472936	0.006425413352706377	3	6379	0	0
1.0	0.0	3	6380	0	0
1.0	0.0	3	6381	0	0
1.0	0.0	3	6382	0	0
1.0	0.0	3	6383	0	0
0.9076805272376715	0.09231947276232862	3	6384	0	0
1.0	0.0	3	6385	0	0
1.0	0.0	3	6386	0	0
1.0	0.0	3	6387	0	0
1.0	0.0	3	6388	0	0
1.0	0.0	3	6389	0	0
1.0	0.0	3	6390	0	0
0.9969389039933219	0.0030610960066780727	3	6391	0	0
1.0	0.0	3	6392	0	0
0.9986440677966101	0.0013559322033898295	3	6393	0	0
1.0	0.0	3	6394	0	0
1.0	0.0	3	6395	0	0
1.0	0.0	3	6396	0	0
1.0	0.0	3	6397	0	0
1.0	0.0	3	6398	0	0
1.0	0.0	3	6399	0	0
1.0	0.0	3	6400	0	0
1.0	0.0	3	6401	0	0
1.0	0.0	3	6402	0	0
1.0	0.0	3	6403	0	0
1.0	0.0	3	6404	0	0
1.0	0.0	3	6405	0	0
1.0	0.0	3	6406	0	0
1.0	0.0	3	6407	0	0
1.0	0.0	3	6408	0	0
1.0	0.0	3	6409	0	0
1.0	0.0	3	6410	0	0
1.0	0.0	3	6411	0	0
1.0	0.0	3	6412	0	0
1.0	0.0	3	6413	0	0
1.0	0.0	3	6414	0	0
0.08230212968293887	0.9176978703170611	3	6415	1	1
1.0	0.0	3	6416	0	0
1.0	0.0	3	6417	0	0
0.998958699125263	0.0010413008747370241	3	6418	0	0
0.998958699125263	0.0010413008747370241	3	6419	0	0
1.0	0.0	3	6420	0	0
1.0	0.0	3	6421	0	0
1.0	0.0	3	6422	0	0
1.0	0.0	3	6423	0	0
1.0	0.0	3	6424	0	0
1.0	0.0	3	6425	0	0
1.0	0.0	3	6426	0	0
1.0	0.0	3	6427	0	0
1.0	0.0	3	6428	0	0
1.0	0.0	3	6429	0	0
1.0	0.0	3	6430	0	0
1.0	0.0	3	6431	0	0
1.0	0.0	3	6432	0	0
1.0	0.0	3	6433	0	0
1.0	0.0	3	6434	0	0
1.0	0.0	3	6435	0	0
1.0	0.0	3	6436	0	0
1.0	0.0	3	6437	0	0
1.0	0.0	3	6438	0	0
1.0	0.0	3	6439	0	0
1.0	0.0	3	6440	0	0
1.0	0.0	3	6441	0	0
1.0	0.0	3	6442	0	0
1.0	0.0	3	6443	0	0
1.0	0.0	3	6444	0	0
1.0	0.0	3	6445	0	0
1.0	0.0	3	6446	0	0
1.0	0.0	3	6447	0	0
1.0	0.0	3	6448	0	0
1.0	0.0	3	6449	0	0
1.0	0.0	3	6450	0	0
1.0	0.0	3	6451	0	0
1.0	0.0	3	6452	0	0
1.0	0.0	3	6453	0	0
1.0	0.0	3	6454	0	0
0.990228790851662	0.009771209148337963	3	6455	0	0
1.0	0.0	3	6456	0	0
1.0	0.0	3	6457	0	0
0.9922421317503144	0.0077578682496855286	3	6458	0	0
1.0	0.0	3	6459	0	0
0.9835716197328244	0.016428380267175663	3	6460	0	0
0.998958699125263	0.0010413008747370241	3	6461	0	0
1.0	0.0	3	6462	0	0
0.998958699125263	0.0010413008747370241	3	6463	0	0
1.0	0.0	3	6464	0	0
1.0	0.0	3	6465	0	0
1.0	0.0	3	6466	0	0
1.0	0.0	3	6467	0	0
1.0	0.0	3	6468	0	0
1.0	0.0	3	6469	0	0
1.0	0.0	3	6470	0	0
1.0	0.0	3	6471	0	0
1.0	0.0	3	6472	0	0
0.9936577768200662	0.0063422231799338214	3	6473	0	0
0.10586429684220923	0.8941357031577908	3	6474	1	1
0.08220904507884107	0.9177909549211589	3	6475	1	1
0.9802417028680536	0.0197582971319465	3	6476	0	0
1.0	0.0	3	6477	0	0
1.0	0.0	3	6478	0	0
1.0	0.0	3	6479	0	0
1.0	0.0	3	6480	0	0
1.0	0.0	3	6481	0	0
1.0	0.0	3	6482	0	0
1.0	0.0	3	6483	0	0
1.0	0.0	3	6484	0	0
1.0	0.0	3	6485	0	0
1.0	0.0	3	6486	0	0
1.0	0.0	3	6487	0	0
0.996707787974525	0.0032922120254751516	3	6488	0	0
0.9933996158363685	0.006600384163631498	3	6489	0	0
0.998958699125263	0.0010413008747370241	3	6490	0	0
1.0	0.0	3	6491	0	0
0.998958699125263	0.0010413008747370241	3	6492	0	0
1.0	0.0	3	6493	0	0
1.0	0.0	3	6494	0	0
1.0	0.0	3	6495	0	0
0.5567123367127574	0.4432876632872425	3	6496	0	0
1.0	0.0	3	6497	0	0
1.0	0.0	3	6498	0	0
1.0	0.0	3	6499	0	0
1.0	0.0	3	6500	0	0
1.0	0.0	3	6501	0	0
1.0	0.0	3	6502	0	0
1.0	0.0	3	6503	0	0
1.0	0.0	3	6504	0	0
1.0	0.0	3	6505	0	0
1.0	0.0	3	6506	0	0
1.0	0.0	3	6507	0	0
1.0	0.0	3	6508	0	0
1.0	0.0	3	6509	0	0
1.0	0.0	3	6510	0	0
1.0	0.0	3	6511	0	0
1.0	0.0	3	6512	0	0
1.0	0.0	3	6513	0	0
1.0	0.0	3	6514	0	0
1.0	0.0	3	6515	0	0
1.0	0.0	3	6516	0	0
1.0	0.0	3	6517	0	0
0.9801896962366595	0.019810303763340354	3	6518	0	0
1.0	0.0	3	6519	0	0
1.0	0.0	3	6520	0	0
1.0	0.0	3	6521	0	0
1.0	0.0	3	6522	0	0
0.9967479191438764	0.003252080856123662	3	6523	0	0
1.0	0.0	3	6524	0	0
1.0	0.0	3	6525	0	0
1.0	0.0	3	6526	0	0
1.0	0.0	3	6527	0	0
1.0	0.0	3	6528	0	0
1.0	0.0	3	6529	0	0
1.0	0.0	3	6530	0	0
1.0	0.0	3	6531	0	0
1.0	0.0	3	6532	0	0
1.0	0.0	3	6533	0	0
1.0	0.0	3	6534	0	0
1.0	0.0	3	6535	0	0
1.0	0.0	3	6536	0	0
1.0	0.0	3	6537	0	0
1.0	0.0	3	6538	0	0
1.0	0.0	3	6539	0	0
1.0	0.0	3	6540	0	0
0.9834568025609328	0.016543197439067084	3	6541	0	0
1.0	0.0	3	6542	0	0
1.0	0.0	3	6543	0	0
1.0	0.0	3	6544	0	0
1.0	0.0	3	6545	0	0
1.0	0.0	3	6546	0	0
1.0	0.0	3	6547	0	0
1.0	0.0	3	6548	0	0
1.0	0.0	3	6549	0	0
1.0	0.0	3	6550	0	0
1.0	0.0	3	6551	0	0
1.0	0.0	3	6552	0	0
1.0	0.0	3	6553	0	0
1.0	0.0	3	6554	0	0
1.0	0.0	3	6555	0	0
0.9703652911134357	0.029634708886564217	3	6556	0	0
1.0	0.0	3	6557	0	0
1.0	0.0	3	6558	0	0
1.0	0.0	3	6559	0	0
1.0	0.0	3	6560	0	0
1.0	0.0	3	6561	0	0
1.0	0.0	3	6562	0	0
1.0	0.0	3	6563	0	0
1.0	0.0	3	6564	0	0
1.0	0.0	3	6565	0	0
1.0	0.0	3	6566	0	0
1.0	0.0	3	6567	0	0
1.0	0.0	3	6568	0	0
1.0	0.0	3	6569	0	0
1.0	0.0	3	6570	0	0
1.0	0.0	3	6571	0	0
0.9901550963838468	0.009844903616153105	3	6572	0	0
1.0	0.0	3	6573	0	0
1.0	0.0	3	6574	0	0
1.0	0.0	3	6575	0	0
1.0	0.0	3	6576	0	0
1.0	0.0	3	6577	0	0
1.0	0.0	3	6578	0	0
1.0	0.0	3	6579	0	0
1.0	0.0	3	6580	0	0
1.0	0.0	3	6581	0	0
1.0	0.0	3	6582	0	0
1.0	0.0	3	6583	0	0
1.0	0.0	3	6584	0	0
1.0	0.0	3	6585	0	0
1.0	0.0	3	6586	0	0
1.0	0.0	3	6587	0	0
1.0	0.0	3	6588	0	0
1.0	0.0	3	6589	0	0
1.0	0.0	3	6590	0	0
1.0	0.0	3	6591	0	0
1.0	0.0	3	6592	0	0
0.983883712537784	0.01611628746221613	3	6593	0	0
1.0	0.0	3	6594	0	0
1.0	0.0	3	6595	0	0
1.0	0.0	3	6596	0	0
1.0	0.0	3	6597	0	0
1.0	0.0	3	6598	0	0
1.0	0.0	3	6599	0	0
1.0	0.0	3	6600	0	0
1.0	0.0	3	6601	0	0
1.0	0.0	3	6602	0	0
1.0	0.0	3	6603	0	0
1.0	0.0	3	6604	0	0
1.0	0.0	3	6605	0	0
1.0	0.0	3	6606	0	0
1.0	0.0	3	6607	0	0
1.0	0.0	3	6608	0	0
1.0	0.0	3	6609	0	0
1.0	0.0	3	6610	0	0
1.0	0.0	3	6611	0	0
1.0	0.0	3	6612	0	0
1.0	0.0	3	6613	0	0
1.0	0.0	3	6614	0	0
1.0	0.0	3	6615	0	0
1.0	0.0	3	6616	0	0
1.0	0.0	3	6617	0	0
1.0	0.0	3	6618	0	0
1.0	0.0	3	6619	0	0
1.0	0.0	3	6620	0	0
0.9737206019883331	0.026279398011666684	3	6621	0	0
0.9935029807702768	0.006497019229723152	3	6622	0	0
1.0	0.0	3	6623	0	0
1.0	0.0	3	6624	0	0
1.0	0.0	3	6625	0	0
1.0	0.0	3	6626	0	0
1.0	0.0	3	6627	0	0
1.0	0.0	3	6628	0	0
1.0	0.0	3	6629	0	0
1.0	0.0	3	6630	0	0
1.0	0.0	3	6631	0	0
1.0	0.0	3	6632	0	0
1.0	0.0	3	6633	0	0
1.0	0.0	3	6634	0	0
0.998958699125263	0.0010413008747370241	3	6635	0	0
0.998958699125263	0.0010413008747370241	3	6636	0	0
1.0	0.0	3	6637	0	0
1.0	0.0	3	6638	0	0
1.0	0.0	3	6639	0	0
0.9941771321243544	0.005822867875645626	3	6640	0	0
1.0	0.0	3	6641	0	0
1.0	0.0	3	6642	0	0
1.0	0.0	3	6643	0	0
1.0	0.0	3	6644	0	0
1.0	0.0	3	6645	0	0
1.0	0.0	3	6646	0	0
1.0	0.0	3	6647	0	0
1.0	0.0	3	6648	0	0
1.0	0.0	3	6649	0	0
1.0	0.0	3	6650	0	0
1.0	0.0	3	6651	0	0
1.0	0.0	3	6652	0	0
1.0	0.0	3	6653	0	0
1.0	0.0	3	6654	0	0
1.0	0.0	3	6655	0	0
1.0	0.0	3	6656	0	0
1.0	0.0	3	6657	0	0
1.0	0.0	3	6658	0	0
0.997352431604819	0.0026475683951811112	3	6659	0	0
0.997352431604819	0.0026475683951811112	3	6660	0	0
1.0	0.0	3	6661	0	0
1.0	0.0	3	6662	0	0
1.0	0.0	3	6663	0	0
1.0	0.0	3	6664	0	0
1.0	0.0	3	6665	0	0
1.0	0.0	3	6666	0	0
1.0	0.0	3	6667	0	0
1.0	0.0	3	6668	0	0
0.996707787974525	0.0032922120254751516	3	6669	0	0
1.0	0.0	3	6670	0	0
1.0	0.0	3	6671	0	0
1.0	0.0	3	6672	0	0
1.0	0.0	3	6673	0	0
1.0	0.0	3	6674	0	0
1.0	0.0	3	6675	0	0
1.0	0.0	3	6676	0	0
1.0	0.0	3	6677	0	0
1.0	0.0	3	6678	0	0
0.998958699125263	0.0010413008747370241	3	6679	0	0
0.998958699125263	0.0010413008747370241	3	6680	0	0
1.0	0.0	3	6681	0	0
1.0	0.0	3	6682	0	0
1.0	0.0	3	6683	0	0
1.0	0.0	3	6684	0	0
1.0	0.0	3	6685	0	0
1.0	0.0	3	6686	0	0
0.9968716921756544	0.0031283078243455873	3	6687	0	0
1.0	0.0	3	6688	0	0
1.0	0.0	3	6689	0	0
1.0	0.0	3	6690	0	0
1.0	0.0	3	6691	0	0
1.0	0.0	3	6692	0	0
0.996976760223433	0.0030232397765671336	3	6693	0	0
1.0	0.0	3	6694	0	0
0.996976760223433	0.0030232397765671336	3	6695	0	0
1.0	0.0	3	6696	0	0
1.0	0.0	3	6697	0	0
1.0	0.0	3	6698	0	0
1.0	0.0	3	6699	0	0
1.0	0.0	3	6700	0	0
0.9549654551875587	0.04503454481244143	3	6701	0	0
1.0	0.0	3	6702	0	0
1.0	0.0	3	6703	0	0
1.0	0.0	3	6704	0	0
1.0	0.0	3	6705	0	0
1.0	0.0	3	6706	0	0
1.0	0.0	3	6707	0	0
1.0	0.0	3	6708	0	0
1.0	0.0	3	6709	0	0
1.0	0.0	3	6710	0	0
1.0	0.0	3	6711	0	0
0.9966904881731253	0.0033095118268746857	3	6712	0	0
1.0	0.0	3	6713	0	0
1.0	0.0	3	6714	0	0
1.0	0.0	3	6715	0	0
1.0	0.0	3	6716	0	0
1.0	0.0	3	6717	0	0
1.0	0.0	3	6718	0	0
1.0	0.0	3	6719	0	0
1.0	0.0	3	6720	0	0
1.0	0.0	3	6721	0	0
1.0	0.0	3	6722	0	0
1.0	0.0	3	6723	0	0
1.0	0.0	3	6724	0	0
1.0	0.0	3	6725	0	0
1.0	0.0	3	6726	0	0
1.0	0.0	3	6727	0	0
0.9967640548915448	0.0032359451084550683	3	6728	0	0
0.998958699125263	0.0010413008747370241	3	6729	0	0
0.998958699125263	0.0010413008747370241	3	6730	0	0
1.0	0.0	3	6731	0	0
1.0	0.0	3	6732	0	0
1.0	0.0	3	6733	0	0
1.0	0.0	3	6734	0	0
1.0	0.0	3	6735	0	0
1.0	0.0	3	6736	0	0
1.0	0.0	3	6737	0	0
1.0	0.0	3	6738	0	0
1.0	0.0	3	6739	0	0
1.0	0.0	3	6740	0	0
1.0	0.0	3	6741	0	0
1.0	0.0	3	6742	0	0
1.0	0.0	3	6743	0	0
1.0	0.0	3	6744	0	0
1.0	0.0	3	6745	0	0
1.0	0.0	3	6746	0	0
1.0	0.0	3	6747	0	0
1.0	0.0	3	6748	0	0
1.0	0.0	3	6749	0	0
1.0	0.0	3	6750	0	0
1.0	0.0	3	6751	0	0
1.0	0.0	3	6752	0	0
1.0	0.0	3	6753	0	0
1.0	0.0	3	6754	0	0
1.0	0.0	3	6755	0	0
1.0	0.0	3	6756	0	0
1.0	0.0	3	6757	0	0
1.0	0.0	3	6758	0	0
1.0	0.0	3	6759	0	0
1.0	0.0	3	6760	0	0
1.0	0.0	3	6761	0	0
1.0	0.0	3	6762	0	0
1.0	0.0	3	6763	0	0
1.0	0.0	3	6764	0	0
1.0	0.0	3	6765	0	0
1.0	0.0	3	6766	0	0
1.0	0.0	3	6767	0	0
0.9939495441797915	0.0060504558202083975	3	6768	0	0
1.0	0.0	3	6769	0	0
1.0	0.0	3	6770	0	0
1.0	0.0	3	6771	0	0
1.0	0.0	3	6772	0	0
1.0	0.0	3	6773	0	0
1.0	0.0	3	6774	0	0
1.0	0.0	3	6775	0	0
1.0	0.0	3	6776	0	0
1.0	0.0	3	6777	0	0
1.0	0.0	3	6778	0	0
0.9967012687427913	0.003298731257208766	3	6779	0	0
1.0	0.0	3	6780	0	0
1.0	0.0	3	6781	0	0
1.0	0.0	3	6782	0	0
1.0	0.0	3	6783	0	0
1.0	0.0	3	6784	0	0
0.9968872001899786	0.0031127998100213723	3	6785	0	0
1.0	0.0	3	6786	0	0
1.0	0.0	3	6787	0	0
1.0	0.0	3	6788	0	0
1.0	0.0	3	6789	0	0
1.0	0.0	3	6790	0	0
1.0	0.0	3	6791	0	0
1.0	0.0	3	6792	0	0
1.0	0.0	3	6793	0	0
1.0	0.0	3	6794	0	0
1.0	0.0	3	6795	0	0
1.0	0.0	3	6796	0	0
1.0	0.0	3	6797	0	0
0.803176915667598	0.1968230843324021	3	6798	0	0
1.0	0.0	3	6799	0	0
1.0	0.0	3	6800	0	0
1.0	0.0	3	6801	0	0
1.0	0.0	3	6802	0	0
1.0	0.0	3	6803	0	0
1.0	0.0	3	6804	0	0
1.0	0.0	3	6805	0	0
1.0	0.0	3	6806	0	0
1.0	0.0	3	6807	0	0
0.9967351598173515	0.003264840182648402	3	6808	0	0
1.0	0.0	3	6809	0	0
0.996976760223433	0.0030232397765671336	3	6810	0	0
1.0	0.0	3	6811	0	0
0.996976760223433	0.0030232397765671336	3	6812	0	0
1.0	0.0	3	6813	0	0
1.0	0.0	3	6814	0	0
1.0	0.0	3	6815	0	0
1.0	0.0	3	6816	0	0
1.0	0.0	3	6817	0	0
1.0	0.0	3	6818	0	0
1.0	0.0	3	6819	0	0
1.0	0.0	3	6820	0	0
1.0	0.0	3	6821	0	0
1.0	0.0	3	6822	0	0
1.0	0.0	3	6823	0	0
1.0	0.0	3	6824	0	0
1.0	0.0	3	6825	0	0
1.0	0.0	3	6826	0	0
1.0	0.0	3	6827	0	0
0.9869265547246262	0.013073445275373855	3	6828	0	0
0.9869265547246262	0.013073445275373855	3	6829	0	0
1.0	0.0	3	6830	0	0
0.9703732889064558	0.029626711093544245	3	6831	0	0
1.0	0.0	3	6832	0	0
1.0	0.0	3	6833	0	0
1.0	0.0	3	6834	0	0
1.0	0.0	3	6835	0	0
1.0	0.0	3	6836	0	0
1.0	0.0	3	6837	0	0
1.0	0.0	3	6838	0	0
1.0	0.0	3	6839	0	0
1.0	0.0	3	6840	0	0
1.0	0.0	3	6841	0	0
1.0	0.0	3	6842	0	0
1.0	0.0	3	6843	0	0
1.0	0.0	3	6844	0	0
1.0	0.0	3	6845	0	0
0.9934067479774643	0.006593252022535697	3	6846	0	0
1.0	0.0	3	6847	0	0
1.0	0.0	3	6848	0	0
1.0	0.0	3	6849	0	0
1.0	0.0	3	6850	0	0
1.0	0.0	3	6851	0	0
1.0	0.0	3	6852	0	0
1.0	0.0	3	6853	0	0
1.0	0.0	3	6854	0	0
1.0	0.0	3	6855	0	0
1.0	0.0	3	6856	0	0
1.0	0.0	3	6857	0	0
1.0	0.0	3	6858	0	0
1.0	0.0	3	6859	0	0
1.0	0.0	3	6860	0	0
1.0	0.0	3	6861	0	0
1.0	0.0	3	6862	0	0
1.0	0.0	3	6863	0	0
1.0	0.0	3	6864	0	0
1.0	0.0	3	6865	0	0
1.0	0.0	3	6866	0	0
1.0	0.0	3	6867	0	0
1.0	0.0	3	6868	0	0
1.0	0.0	3	6869	0	0
1.0	0.0	3	6870	0	0
1.0	0.0	3	6871	0	0
1.0	0.0	3	6872	0	0
1.0	0.0	3	6873	0	0
1.0	0.0	3	6874	0	0
1.0	0.0	3	6875	0	0
1.0	0.0	3	6876	0	0
1.0	0.0	3	6877	0	0
1.0	0.0	3	6878	0	0
1.0	0.0	3	6879	0	0
0.993344610516394	0.0066553894836060045	3	6880	0	0
0.993344610516394	0.0066553894836060045	3	6881	0	0
1.0	0.0	3	6882	0	0
1.0	0.0	3	6883	0	0
1.0	0.0	3	6884	0	0
1.0	0.0	3	6885	0	0
1.0	0.0	3	6886	0	0
1.0	0.0	3	6887	0	0
1.0	0.0	3	6888	0	0
0.9935037865425088	0.006496213457491162	3	6889	0	0
0.9935037865425088	0.006496213457491162	3	6890	0	0
1.0	0.0	3	6891	0	0
1.0	0.0	3	6892	0	0
0.996976760223433	0.0030232397765671336	3	6893	0	0
1.0	0.0	3	6894	0	0
1.0	0.0	3	6895	0	0
1.0	0.0	3	6896	0	0
1.0	0.0	3	6897	0	0
1.0	0.0	3	6898	0	0
1.0	0.0	3	6899	0	0
1.0	0.0	3	6900	0	0
1.0	0.0	3	6901	0	0
1.0	0.0	3	6902	0	0
1.0	0.0	3	6903	0	0
1.0	0.0	3	6904	0	0
1.0	0.0	3	6905	0	0
1.0	0.0	3	6906	0	0
1.0	0.0	3	6907	0	0
1.0	0.0	3	6908	0	0
1.0	0.0	3	6909	0	0
0.9966666666666667	0.0033333333333333335	3	6910	0	0
1.0	0.0	3	6911	0	0
1.0	0.0	3	6912	0	0
1.0	0.0	3	6913	0	0
1.0	0.0	3	6914	0	0
1.0	0.0	3	6915	0	0
1.0	0.0	3	6916	0	0
1.0	0.0	3	6917	0	0
1.0	0.0	3	6918	0	0
1.0	0.0	3	6919	0	0
1.0	0.0	3	6920	0	0
1.0	0.0	3	6921	0	0
1.0	0.0	3	6922	0	0
1.0	0.0	3	6923	0	0
1.0	0.0	3	6924	0	0
1.0	0.0	3	6925	0	0
1.0	0.0	3	6926	0	0
1.0	0.0	3	6927	0	0
1.0	0.0	3	6928	0	0
1.0	0.0	3	6929	0	0
1.0	0.0	3	6930	0	0
1.0	0.0	3	6931	0	0
1.0	0.0	3	6932	0	0
1.0	0.0	3	6933	0	0
1.0	0.0	3	6934	0	0
1.0	0.0	3	6935	0	0
1.0	0.0	3	6936	0	0
1.0	0.0	3	6937	0	0
1.0	0.0	3	6938	0	0
1.0	0.0	3	6939	0	0
1.0	0.0	3	6940	0	0
1.0	0.0	3	6941	0	0
1.0	0.0	3	6942	0	0
1.0	0.0	3	6943	0	0
1.0	0.0	3	6944	0	0
1.0	0.0	3	6945	0	0
0.9824426249814504	0.017557375018549613	3	6946	0	0
0.934075757357972	0.06592424264202823	3	6947	0	0
1.0	0.0	3	6948	0	0
1.0	0.0	3	6949	0	0
1.0	0.0	3	6950	0	0
1.0	0.0	3	6951	0	0
1.0	0.0	3	6952	0	0
1.0	0.0	3	6953	0	0
1.0	0.0	3	6954	0	0
1.0	0.0	3	6955	0	0
1.0	0.0	3	6956	0	0
1.0	0.0	3	6957	0	0
0.9953513604036921	0.004648639596307875	3	6958	0	0
1.0	0.0	3	6959	0	0
1.0	0.0	3	6960	0	0
1.0	0.0	3	6961	0	0
1.0	0.0	3	6962	0	0
1.0	0.0	3	6963	0	0
1.0	0.0	3	6964	0	0
1.0	0.0	3	6965	0	0
1.0	0.0	3	6966	0	0
1.0	0.0	3	6967	0	0
1.0	0.0	3	6968	0	0
0.9967098003811816	0.003290199618818337	3	6969	0	0
1.0	0.0	3	6970	0	0
0.9967098003811816	0.003290199618818337	3	6971	0	0
1.0	0.0	3	6972	0	0
1.0	0.0	3	6973	0	0
1.0	0.0	3	6974	0	0
1.0	0.0	3	6975	0	0
1.0	0.0	3	6976	0	0
1.0	0.0	3	6977	0	0
1.0	0.0	3	6978	0	0
0.7266148104206483	0.2733851895793518	3	6979	0	0
0.9902448996887853	0.00975510031121479	3	6980	0	0
1.0	0.0	3	6981	0	0
1.0	0.0	3	6982	0	0
1.0	0.0	3	6983	0	0
1.0	0.0	3	6984	0	0
0.9574817283976692	0.04251827160233082	3	6985	0	0
1.0	0.0	3	6986	0	0
0.9867646416407588	0.013235358359241061	3	6987	0	0
1.0	0.0	3	6988	0	0
1.0	0.0	3	6989	0	0
1.0	0.0	3	6990	0	0
1.0	0.0	3	6991	0	0
1.0	0.0	3	6992	0	0
1.0	0.0	3	6993	0	0
1.0	0.0	3	6994	0	0
1.0	0.0	3	6995	0	0
1.0	0.0	3	6996	0	0
0.996743010113028	0.0032569898869720406	3	6997	0	0
1.0	0.0	3	6998	0	0
1.0	0.0	3	6999	0	0
1.0	0.0	3	7000	0	0
1.0	0.0	3	7001	0	0
1.0	0.0	3	7002	0	0
1.0	0.0	3	7003	0	0
1.0	0.0	3	7004	0	0
1.0	0.0	3	7005	0	0
1.0	0.0	3	7006	0	0
1.0	0.0	3	7007	0	0
1.0	0.0	3	7008	0	0
1.0	0.0	3	7009	0	0
1.0	0.0	3	7010	0	0
1.0	0.0	3	7011	0	0
1.0	0.0	3	7012	0	0
1.0	0.0	3	7013	0	0
1.0	0.0	3	7014	0	0
0.9966977583872423	0.003302241612757635	3	7015	0	0
0.9966977583872423	0.003302241612757635	3	7016	0	0
1.0	0.0	3	7017	0	0
0.9604650946909307	0.03953490530906912	3	7018	0	0
1.0	0.0	3	7019	0	0
1.0	0.0	3	7020	0	0
1.0	0.0	3	7021	0	0
0.9973596882407296	0.002640311759270419	3	7022	0	0
1.0	0.0	3	7023	0	0
1.0	0.0	3	7024	0	0
1.0	0.0	3	7025	0	0
1.0	0.0	3	7026	0	0
1.0	0.0	3	7027	0	0
1.0	0.0	3	7028	0	0
1.0	0.0	3	7029	0	0
1.0	0.0	3	7030	0	0
1.0	0.0	3	7031	0	0
1.0	0.0	3	7032	0	0
1.0	0.0	3	7033	0	0
1.0	0.0	3	7034	0	0
1.0	0.0	3	7035	0	0
1.0	0.0	3	7036	0	0
1.0	0.0	3	7037	0	0
1.0	0.0	3	7038	0	0
1.0	0.0	3	7039	0	0
1.0	0.0	3	7040	0	0
1.0	0.0	3	7041	0	0
1.0	0.0	3	7042	0	0
1.0	0.0	3	7043	0	0
1.0	0.0	3	7044	0	0
1.0	0.0	3	7045	0	0
1.0	0.0	3	7046	0	0
1.0	0.0	3	7047	0	0
1.0	0.0	3	7048	0	0
0.9934290472552963	0.006570952744703816	3	7049	0	0
1.0	0.0	3	7050	0	0
1.0	0.0	3	7051	0	0
1.0	0.0	3	7052	0	0
1.0	0.0	3	7053	0	0
1.0	0.0	3	7054	0	0
0.9933686335371528	0.006631366462847207	3	7055	0	0
1.0	0.0	3	7056	0	0
1.0	0.0	3	7057	0	0
1.0	0.0	3	7058	0	0
0.9635413777551984	0.036458622244801626	3	7059	0	0
0.12557045828483793	0.874429541715162	3	7060	1	1
1.0	0.0	3	7061	0	0
0.11733386744794672	0.8826661325520534	3	7062	1	1
1.0	0.0	3	7063	0	0
1.0	0.0	3	7064	0	0
1.0	0.0	3	7065	0	0
1.0	0.0	3	7066	0	0
1.0	0.0	3	7067	0	0
1.0	0.0	3	7068	0	0
1.0	0.0	3	7069	0	0
1.0	0.0	3	7070	0	0
1.0	0.0	3	7071	0	0
1.0	0.0	3	7072	0	0
1.0	0.0	3	7073	0	0
0.9369341303800257	0.0630658696199743	3	7074	1	0
0.9369341303800257	0.0630658696199743	3	7075	1	0
0.9868378383398347	0.013162161660165357	3	7076	1	0
1.0	0.0	3	7077	0	0
0.35491830715161127	0.6450816928483888	3	7078	1	1
1.0	0.0	3	7079	0	0
1.0	0.0	3	7080	0	0
1.0	0.0	3	7081	0	0
0.9986440677966101	0.0013559322033898295	3	7082	0	0
1.0	0.0	3	7083	0	0
1.0	0.0	3	7084	0	0
1.0	0.0	3	7085	0	0
0.1748382056720563	0.8251617943279435	3	7086	1	1
0.9968872001899786	0.0031127998100213723	3	7087	0	0
1.0	0.0	3	7088	0	0
0.9907720261123352	0.009227973887664978	3	7089	0	0
1.0	0.0	3	7090	0	0
1.0	0.0	3	7091	0	0
1.0	0.0	3	7092	0	0
1.0	0.0	3	7093	0	0
1.0	0.0	3	7094	0	0
1.0	0.0	3	7095	0	0
1.0	0.0	3	7096	0	0
1.0	0.0	3	7097	0	0
1.0	0.0	3	7098	0	0
1.0	0.0	3	7099	0	0
1.0	0.0	3	7100	0	0
1.0	0.0	3	7101	0	0
1.0	0.0	3	7102	0	0
1.0	0.0	3	7103	0	0
1.0	0.0	3	7104	0	0
1.0	0.0	3	7105	0	0
0.7660644587643439	0.2339355412356558	3	7106	0	0
1.0	0.0	3	7107	0	0
1.0	0.0	3	7108	0	0
1.0	0.0	3	7109	0	0
1.0	0.0	3	7110	0	0
1.0	0.0	3	7111	0	0
0.9737431105521559	0.026256889447844184	3	7112	0	0
1.0	0.0	3	7113	0	0
1.0	0.0	3	7114	0	0
1.0	0.0	3	7115	0	0
1.0	0.0	3	7116	0	0
1.0	0.0	3	7117	0	0
1.0	0.0	3	7118	0	0
1.0	0.0	3	7119	0	0
1.0	0.0	3	7120	0	0
1.0	0.0	3	7121	0	0
1.0	0.0	3	7122	0	0
1.0	0.0	3	7123	0	0
1.0	0.0	3	7124	0	0
1.0	0.0	3	7125	0	0
0.9314558912630382	0.06854410873696187	3	7126	1	0
1.0	0.0	3	7127	0	0
1.0	0.0	3	7128	0	0
1.0	0.0	3	7129	0	0
1.0	0.0	3	7130	0	0
1.0	0.0	3	7131	0	0
1.0	0.0	3	7132	0	0
1.0	0.0	3	7133	0	0
1.0	0.0	3	7134	0	0
1.0	0.0	3	7135	0	0
1.0	0.0	3	7136	0	0
1.0	0.0	3	7137	0	0
1.0	0.0	3	7138	0	0
1.0	0.0	3	7139	0	0
1.0	0.0	3	7140	0	0
1.0	0.0	3	7141	0	0
1.0	0.0	3	7142	0	0
1.0	0.0	3	7143	0	0
1.0	0.0	3	7144	0	0
1.0	0.0	3	7145	0	0
1.0	0.0	3	7146	0	0
1.0	0.0	3	7147	0	0
1.0	0.0	3	7148	0	0
1.0	0.0	3	7149	0	0
1.0	0.0	3	7150	0	0
1.0	0.0	3	7151	0	0
1.0	0.0	3	7152	0	0
1.0	0.0	3	7153	0	0
1.0	0.0	3	7154	0	0
1.0	0.0	3	7155	0	0
1.0	0.0	3	7156	0	0
1.0	0.0	3	7157	0	0
1.0	0.0	3	7158	0	0
1.0	0.0	3	7159	0	0
1.0	0.0	3	7160	0	0
1.0	0.0	3	7161	0	0
1.0	0.0	3	7162	0	0
1.0	0.0	3	7163	0	0
1.0	0.0	3	7164	0	0
0.996843788309099	0.00315621169090092	3	7165	0	0
0.996843788309099	0.00315621169090092	3	7166	0	0
1.0	0.0	3	7167	0	0
0.9868401478141283	0.013159852185871757	3	7168	0	0
1.0	0.0	3	7169	0	0
1.0	0.0	3	7170	0	0
1.0	0.0	3	7171	0	0
1.0	0.0	3	7172	0	0
1.0	0.0	3	7173	0	0
1.0	0.0	3	7174	0	0
0.998958699125263	0.0010413008747370241	3	7175	0	0
0.998958699125263	0.0010413008747370241	3	7176	0	0
1.0	0.0	3	7177	0	0
1.0	0.0	3	7178	0	0
0.914188304631954	0.08581169536804614	3	7179	0	0
1.0	0.0	3	7180	1	0
1.0	0.0	3	7181	0	0
1.0	0.0	3	7182	0	0
0.990100797352189	0.009899202647811044	3	7183	0	0
0.957295567686863	0.0427044323131369	3	7184	0	0
0.9934320244571933	0.006567975542806788	3	7185	0	0
0.9900592757865381	0.009940724213462034	3	7186	0	0
0.9967037761396117	0.0032962238603881453	3	7187	0	0
0.27633041955756404	0.7236695804424359	3	7188	1	1
0.25294329027029416	0.747056709729706	3	7189	1	1
0.9770043004978302	0.02299569950216963	3	7190	0	0
1.0	0.0	3	7191	0	0
1.0	0.0	3	7192	0	0
1.0	0.0	3	7193	0	0
1.0	0.0	3	7194	0	0
1.0	0.0	3	7195	0	0
1.0	0.0	3	7196	0	0
1.0	0.0	3	7197	0	0
1.0	0.0	3	7198	0	0
1.0	0.0	3	7199	0	0
1.0	0.0	3	7200	0	0
1.0	0.0	3	7201	0	0
0.9946159012145718	0.005384098785428199	3	7202	0	0
1.0	0.0	3	7203	0	0
0.9947908500962223	0.00520914990377768	3	7204	0	0
1.0	0.0	3	7205	0	0
0.9939862420857776	0.006013757914222292	3	7206	0	0
1.0	0.0	3	7207	0	0
1.0	0.0	3	7208	0	0
1.0	0.0	3	7209	0	0
0.9637826371123168	0.03621736288768324	3	7210	0	0
1.0	0.0	3	7211	0	0
1.0	0.0	3	7212	0	0
1.0	0.0	3	7213	0	0
1.0	0.0	3	7214	0	0
1.0	0.0	3	7215	0	0
1.0	0.0	3	7216	0	0
1.0	0.0	3	7217	0	0
1.0	0.0	3	7218	0	0
1.0	0.0	3	7219	0	0
1.0	0.0	3	7220	0	0
0.9212233340976915	0.07877666590230836	3	7221	0	0
1.0	0.0	3	7222	0	0
1.0	0.0	3	7223	0	0
1.0	0.0	3	7224	0	0
1.0	0.0	3	7225	0	0
1.0	0.0	3	7226	0	0
1.0	0.0	3	7227	0	0
0.9704617223373202	0.02953827766267967	3	7228	0	0
0.9947908500962223	0.00520914990377768	3	7229	0	0
1.0	0.0	3	7230	0	0
1.0	0.0	3	7231	0	0
1.0	0.0	3	7232	0	0
1.0	0.0	3	7233	0	0
1.0	0.0	3	7234	0	0
0.04923268257330853	0.9507673174266912	3	7235	1	1
1.0	0.0	3	7236	0	0
1.0	0.0	3	7237	0	0
1.0	0.0	3	7238	0	0
1.0	0.0	3	7239	0	0
1.0	0.0	3	7240	0	0
1.0	0.0	3	7241	0	0
1.0	0.0	3	7242	0	0
1.0	0.0	3	7243	0	0
1.0	0.0	3	7244	0	0
1.0	0.0	3	7245	0	0
1.0	0.0	3	7246	0	0
0.9939242457334706	0.006075754266529467	3	7247	0	0
1.0	0.0	3	7248	0	0
1.0	0.0	3	7249	0	0
1.0	0.0	3	7250	0	0
1.0	0.0	3	7251	0	0
1.0	0.0	3	7252	0	0
1.0	0.0	3	7253	0	0
1.0	0.0	3	7254	0	0
1.0	0.0	3	7255	0	0
1.0	0.0	3	7256	0	0
0.9967067970905443	0.003293202909455731	3	7257	0	0
1.0	0.0	3	7258	0	0
1.0	0.0	3	7259	0	0
1.0	0.0	3	7260	0	0
1.0	0.0	3	7261	0	0
1.0	0.0	3	7262	0	0
0.9837122440952895	0.016287755904710714	3	7263	0	0
1.0	0.0	3	7264	0	0
1.0	0.0	3	7265	0	0
1.0	0.0	3	7266	0	0
1.0	0.0	3	7267	0	0
1.0	0.0	3	7268	0	0
1.0	0.0	3	7269	0	0
1.0	0.0	3	7270	0	0
1.0	0.0	3	7271	0	0
1.0	0.0	3	7272	0	0
1.0	0.0	3	7273	0	0
1.0	0.0	3	7274	0	0
1.0	0.0	3	7275	0	0
1.0	0.0	3	7276	0	0
0.9635413777551984	0.036458622244801626	3	7277	0	0
0.9668426067494295	0.03315739325057038	3	7278	0	0
0.8478618603051608	0.15213813969483936	3	7279	0	0
1.0	0.0	3	7280	0	0
0.9901586192384961	0.009841380761503945	3	7281	0	0
1.0	0.0	3	7282	0	0
1.0	0.0	3	7283	0	0
1.0	0.0	3	7284	0	0
1.0	0.0	3	7285	0	0
1.0	0.0	3	7286	0	0
1.0	0.0	3	7287	0	0
1.0	0.0	3	7288	0	0
0.9869658546614295	0.013034145338570603	3	7289	0	0
1.0	0.0	3	7290	0	0
1.0	0.0	3	7291	0	0
1.0	0.0	3	7292	0	0
0.9967302438782099	0.0032697561217900953	3	7293	0	0
1.0	0.0	3	7294	0	0
1.0	0.0	3	7295	0	0
0.9934675832835992	0.006532416716400861	3	7296	0	0
1.0	0.0	3	7297	0	0
0.9966835538752362	0.0033164461247637052	3	7298	0	0
1.0	0.0	3	7299	0	0
0.9017475719360666	0.09825242806393347	3	7300	0	0
1.0	0.0	3	7301	0	0
1.0	0.0	3	7302	0	0
1.0	0.0	3	7303	0	0
1.0	0.0	3	7304	0	0
0.9379834294381195	0.06201657056188044	3	7305	0	0
1.0	0.0	3	7306	0	0
1.0	0.0	3	7307	0	0
1.0	0.0	3	7308	0	0
1.0	0.0	3	7309	0	0
1.0	0.0	3	7310	0	0
1.0	0.0	3	7311	0	0
1.0	0.0	3	7312	0	0
1.0	0.0	3	7313	0	0
0.996769820218096	0.0032301797819039198	3	7314	0	0
0.9838155490735148	0.01618445092648537	3	7315	0	0
1.0	0.0	3	7316	0	0
1.0	0.0	3	7317	0	0
1.0	0.0	3	7318	0	0
1.0	0.0	3	7319	0	0
1.0	0.0	3	7320	0	0
1.0	0.0	3	7321	0	0
1.0	0.0	3	7322	0	0
1.0	0.0	3	7323	0	0
1.0	0.0	3	7324	0	0
1.0	0.0	3	7325	0	0
1.0	0.0	3	7326	0	0
1.0	0.0	3	7327	0	0
1.0	0.0	3	7328	0	0
0.9934599003237232	0.0065400996762768945	3	7329	0	0
1.0	0.0	3	7330	0	0
1.0	0.0	3	7331	0	0
1.0	0.0	3	7332	0	0
1.0	0.0	3	7333	0	0
1.0	0.0	3	7334	0	0
1.0	0.0	3	7335	0	0
0.9966992726360673	0.0033007273639327817	3	7336	0	0
1.0	0.0	3	7337	0	0
1.0	0.0	3	7338	0	0
1.0	0.0	3	7339	0	0
1.0	0.0	3	7340	0	0
1.0	0.0	3	7341	0	0
1.0	0.0	3	7342	0	0
1.0	0.0	3	7343	0	0
1.0	0.0	3	7344	0	0
1.0	0.0	3	7345	0	0
1.0	0.0	3	7346	0	0
1.0	0.0	3	7347	0	0
1.0	0.0	3	7348	0	0
1.0	0.0	3	7349	0	0
1.0	0.0	3	7350	0	0
0.9968404550305098	0.0031595449694902114	3	7351	0	0
0.9938735873365817	0.0061264126634181975	3	7352	0	0
1.0	0.0	3	7353	0	0
1.0	0.0	3	7354	0	0
1.0	0.0	3	7355	0	0
1.0	0.0	3	7356	0	0
1.0	0.0	3	7357	0	0
1.0	0.0	3	7358	0	0
1.0	0.0	3	7359	0	0
0.9966962628542765	0.0033037371457236018	3	7360	0	0
1.0	0.0	3	7361	0	0
1.0	0.0	3	7362	0	0
1.0	0.0	3	7363	0	0
0.9937492111704948	0.006250788829505267	3	7364	0	0
1.0	0.0	3	7365	0	0
1.0	0.0	3	7366	0	0
1.0	0.0	3	7367	0	0
1.0	0.0	3	7368	0	0
1.0	0.0	3	7369	0	0
1.0	0.0	3	7370	0	0
1.0	0.0	3	7371	0	0
1.0	0.0	3	7372	0	0
1.0	0.0	3	7373	0	0
1.0	0.0	3	7374	0	0
1.0	0.0	3	7375	0	0
1.0	0.0	3	7376	0	0
1.0	0.0	3	7377	0	0
1.0	0.0	3	7378	0	0
1.0	0.0	3	7379	0	0
1.0	0.0	3	7380	0	0
1.0	0.0	3	7381	0	0
1.0	0.0	3	7382	0	0
1.0	0.0	3	7383	0	0
1.0	0.0	3	7384	0	0
1.0	0.0	3	7385	0	0
1.0	0.0	3	7386	0	0
1.0	0.0	3	7387	0	0
1.0	0.0	3	7388	0	0
1.0	0.0	3	7389	0	0
1.0	0.0	3	7390	0	0
1.0	0.0	3	7391	0	0
1.0	0.0	3	7392	0	0
1.0	0.0	3	7393	0	0
0.9902119228137694	0.009788077186230622	3	7394	0	0
1.0	0.0	3	7395	0	0
1.0	0.0	3	7396	0	0
0.9986440677966101	0.0013559322033898295	3	7397	0	0
1.0	0.0	3	7398	0	0
1.0	0.0	3	7399	0	0
1.0	0.0	3	7400	0	0
1.0	0.0	3	7401	0	0
1.0	0.0	3	7402	0	0
1.0	0.0	3	7403	0	0
1.0	0.0	3	7404	0	0
1.0	0.0	3	7405	0	0
1.0	0.0	3	7406	0	0
1.0	0.0	3	7407	0	0
1.0	0.0	3	7408	0	0
1.0	0.0	3	7409	0	0
1.0	0.0	3	7410	0	0
1.0	0.0	3	7411	0	0
1.0	0.0	3	7412	0	0
1.0	0.0	3	7413	0	0
1.0	0.0	3	7414	0	0
1.0	0.0	3	7415	0	0
1.0	0.0	3	7416	0	0
1.0	0.0	3	7417	0	0
1.0	0.0	3	7418	0	0
1.0	0.0	3	7419	0	0
1.0	0.0	3	7420	0	0
1.0	0.0	3	7421	0	0
1.0	0.0	3	7422	0	0
1.0	0.0	3	7423	0	0
1.0	0.0	3	7424	0	0
1.0	0.0	3	7425	0	0
1.0	0.0	3	7426	0	0
1.0	0.0	3	7427	0	0
0.9875016359680997	0.012498364031900402	3	7428	0	0
1.0	0.0	3	7429	0	0
1.0	0.0	3	7430	0	0
1.0	0.0	3	7431	0	0
1.0	0.0	3	7432	0	0
1.0	0.0	3	7433	0	0
1.0	0.0	3	7434	0	0
1.0	0.0	3	7435	0	0
1.0	0.0	3	7436	0	0
1.0	0.0	3	7437	0	0
1.0	0.0	3	7438	0	0
1.0	0.0	3	7439	0	0
1.0	0.0	3	7440	0	0
0.9869890319764975	0.013010968023502528	3	7441	0	0
1.0	0.0	3	7442	0	0
1.0	0.0	3	7443	0	0
0.9901083195426509	0.009891680457349181	3	7444	0	0
1.0	0.0	3	7445	0	0
0.9914708278549039	0.008529172145095982	3	7446	0	0
1.0	0.0	3	7447	0	0
1.0	0.0	3	7448	0	0
1.0	0.0	3	7449	0	0
1.0	0.0	3	7450	0	0
1.0	0.0	3	7451	0	0
1.0	0.0	3	7452	0	0
1.0	0.0	3	7453	0	0
0.9901578058697634	0.009842194130236548	3	7454	0	0
0.9968404550305098	0.0031595449694902114	3	7455	0	0
1.0	0.0	3	7456	0	0
0.9807214895880891	0.01927851041191076	3	7457	0	0
1.0	0.0	3	7458	0	0
0.9836404972394139	0.016359502760586155	3	7459	0	0
1.0	0.0	3	7460	0	0
1.0	0.0	3	7461	0	0
1.0	0.0	3	7462	0	0
0.9986440677966101	0.0013559322033898295	3	7463	0	0
1.0	0.0	3	7464	0	0
1.0	0.0	3	7465	0	0
1.0	0.0	3	7466	0	0
1.0	0.0	3	7467	0	0
1.0	0.0	3	7468	0	0
1.0	0.0	3	7469	0	0
1.0	0.0	3	7470	0	0
1.0	0.0	3	7471	0	0
1.0	0.0	3	7472	0	0
1.0	0.0	3	7473	0	0
1.0	0.0	3	7474	0	0
1.0	0.0	3	7475	0	0
1.0	0.0	3	7476	0	0
0.9971782965733695	0.0028217034266305513	3	7477	0	0
1.0	0.0	3	7478	0	0
0.996729259811227	0.003270740188772976	3	7479	0	0
1.0	0.0	3	7480	0	0
1.0	0.0	3	7481	0	0
1.0	0.0	3	7482	0	0
1.0	0.0	3	7483	0	0
1.0	0.0	3	7484	0	0
1.0	0.0	3	7485	0	0
1.0	0.0	3	7486	0	0
1.0	0.0	3	7487	0	0
1.0	0.0	3	7488	0	0
1.0	0.0	3	7489	0	0
0.9870376322998368	0.012962367700163171	3	7490	0	0
1.0	0.0	3	7491	0	0
1.0	0.0	3	7492	0	0
1.0	0.0	3	7493	0	0
1.0	0.0	3	7494	0	0
1.0	0.0	3	7495	0	0
1.0	0.0	3	7496	0	0
1.0	0.0	3	7497	0	0
1.0	0.0	3	7498	0	0
1.0	0.0	3	7499	0	0
1.0	0.0	3	7500	0	0
1.0	0.0	3	7501	0	0
1.0	0.0	3	7502	0	0
1.0	0.0	3	7503	0	0
0.9869890319764975	0.013010968023502528	3	7504	0	0
1.0	0.0	3	7505	0	0
1.0	0.0	3	7506	0	0
1.0	0.0	3	7507	0	0
1.0	0.0	3	7508	0	0
1.0	0.0	3	7509	0	0
0.993914438700311	0.00608556129968896	3	7510	0	0
1.0	0.0	3	7511	0	0
0.9967439900867411	0.003256009913258984	3	7512	0	0
0.9967439900867411	0.003256009913258984	3	7513	0	0
0.1197911710965843	0.8802088289034159	3	7514	1	1
1.0	0.0	3	7515	0	0
1.0	0.0	3	7516	0	0
1.0	0.0	3	7517	0	0
1.0	0.0	3	7518	0	0
0.9361702911270928	0.06382970887290743	3	7519	0	0
1.0	0.0	3	7520	0	0
1.0	0.0	3	7521	0	0
1.0	0.0	3	7522	0	0
1.0	0.0	3	7523	0	0
1.0	0.0	3	7524	0	0
1.0	0.0	3	7525	0	0
0.9967067970905443	0.003293202909455731	3	7526	0	0
1.0	0.0	3	7527	0	0
1.0	0.0	3	7528	0	0
0.9934085552379518	0.006591444762048041	3	7529	0	0
1.0	0.0	3	7530	0	0
1.0	0.0	3	7531	0	0
1.0	0.0	3	7532	0	0
1.0	0.0	3	7533	0	0
1.0	0.0	3	7534	0	0
0.9934863018775772	0.006513698122422748	3	7535	0	0
1.0	0.0	3	7536	0	0
1.0	0.0	3	7537	0	0
1.0	0.0	3	7538	0	0
1.0	0.0	3	7539	0	0
1.0	0.0	3	7540	0	0
1.0	0.0	3	7541	0	0
1.0	0.0	3	7542	0	0
1.0	0.0	3	7543	0	0
1.0	0.0	3	7544	0	0
1.0	0.0	3	7545	0	0
1.0	0.0	3	7546	0	0
1.0	0.0	3	7547	0	0
1.0	0.0	3	7548	0	0
1.0	0.0	3	7549	0	0
1.0	0.0	3	7550	0	0
1.0	0.0	3	7551	0	0
1.0	0.0	3	7552	0	0
1.0	0.0	3	7553	0	0
0.9900289218772199	0.009971078122780102	3	7554	0	0
1.0	0.0	3	7555	0	0
0.9934608806137908	0.006539119386209256	3	7556	0	0
1.0	0.0	3	7557	0	0
1.0	0.0	3	7558	0	0
1.0	0.0	3	7559	0	0
1.0	0.0	3	7560	0	0
1.0	0.0	3	7561	0	0
1.0	0.0	3	7562	0	0
1.0	0.0	3	7563	0	0
1.0	0.0	3	7564	0	0
1.0	0.0	3	7565	0	0
1.0	0.0	3	7566	0	0
1.0	0.0	3	7567	0	0
1.0	0.0	3	7568	0	0
0.9946925531721346	0.005307446827865318	3	7569	0	0
0.9225473240750114	0.0774526759249886	3	7570	0	0
1.0	0.0	3	7571	0	0
1.0	0.0	3	7572	0	0
1.0	0.0	3	7573	0	0
1.0	0.0	3	7574	0	0
1.0	0.0	3	7575	0	0
1.0	0.0	3	7576	0	0
0.9804456338134173	0.0195543661865828	3	7577	0	0
1.0	0.0	3	7578	0	0
0.9804456338134173	0.0195543661865828	3	7579	0	0
1.0	0.0	3	7580	0	0
1.0	0.0	3	7581	0	0
1.0	0.0	3	7582	0	0
1.0	0.0	3	7583	0	0
1.0	0.0	3	7584	0	0
0.9979902814706153	0.002009718529384801	3	7585	0	0
1.0	0.0	3	7586	0	0
0.9979902814706153	0.002009718529384801	3	7587	0	0
1.0	0.0	3	7588	0	0
1.0	0.0	3	7589	0	0
1.0	0.0	3	7590	0	0
1.0	0.0	3	7591	0	0
1.0	0.0	3	7592	0	0
1.0	0.0	3	7593	0	0
1.0	0.0	3	7594	0	0
1.0	0.0	3	7595	0	0
1.0	0.0	3	7596	0	0
1.0	0.0	3	7597	0	0
1.0	0.0	3	7598	0	0
1.0	0.0	3	7599	0	0
1.0	0.0	3	7600	0	0
1.0	0.0	3	7601	0	0
1.0	0.0	3	7602	0	0
1.0	0.0	3	7603	0	0
1.0	0.0	3	7604	0	0
0.9936421786535696	0.006357821346430342	3	7605	0	0
1.0	0.0	3	7606	0	0
1.0	0.0	3	7607	0	0
0.13675599685536566	0.8632440031446345	3	7608	0	1
0.5030367379424202	0.4969632620575797	3	7609	0	0
1.0	0.0	3	7610	0	0
0.9968404550305098	0.0031595449694902114	3	7611	0	0
1.0	0.0	3	7612	0	0
0.9407795767228257	0.05922042327717416	3	7613	0	0
1.0	0.0	3	7614	0	0
1.0	0.0	3	7615	0	0
0.9903610444977888	0.0096389555022113	3	7616	0	0
0.16851648775957506	0.8314835122404249	3	7617	0	1
1.0	0.0	3	7618	0	0
1.0	0.0	3	7619	0	0
1.0	0.0	3	7620	0	0
0.9937492111704948	0.006250788829505267	3	7621	0	0
1.0	0.0	3	7622	0	0
1.0	0.0	3	7623	0	0
1.0	0.0	3	7624	0	0
1.0	0.0	3	7625	0	0
0.9772955301840074	0.02270446981599242	3	7626	0	0
1.0	0.0	3	7627	0	0
1.0	0.0	3	7628	0	0
1.0	0.0	3	7629	0	0
1.0	0.0	3	7630	0	0
1.0	0.0	3	7631	0	0
1.0	0.0	3	7632	0	0
1.0	0.0	3	7633	0	0
1.0	0.0	3	7634	0	0
1.0	0.0	3	7635	0	0
1.0	0.0	3	7636	0	0
1.0	0.0	3	7637	0	0
1.0	0.0	3	7638	0	0
1.0	0.0	3	7639	0	0
1.0	0.0	3	7640	0	0
1.0	0.0	3	7641	0	0
1.0	0.0	3	7642	0	0
1.0	0.0	3	7643	0	0
1.0	0.0	3	7644	0	0
1.0	0.0	3	7645	0	0
0.01081066461735251	0.9891893353826475	3	7646	1	1
1.0	0.0	3	7647	0	0
1.0	0.0	3	7648	0	0
1.0	0.0	3	7649	0	0
1.0	0.0	3	7650	0	0
1.0	0.0	3	7651	0	0
1.0	0.0	3	7652	0	0
1.0	0.0	3	7653	0	0
1.0	0.0	3	7654	0	0
1.0	0.0	3	7655	0	0
1.0	0.0	3	7656	0	0
1.0	0.0	3	7657	0	0
1.0	0.0	3	7658	0	0
1.0	0.0	3	7659	0	0
1.0	0.0	3	7660	0	0
1.0	0.0	3	7661	0	0
1.0	0.0	3	7662	0	0
0.9968872001899786	0.0031127998100213723	3	7663	0	0
1.0	0.0	3	7664	0	0
1.0	0.0	3	7665	0	0
1.0	0.0	3	7666	0	0
1.0	0.0	3	7667	0	0
0.9938449632400361	0.006155036759963884	3	7668	0	0
1.0	0.0	3	7669	0	0
1.0	0.0	3	7670	0	0
1.0	0.0	3	7671	0	0
1.0	0.0	3	7672	0	0
1.0	0.0	3	7673	0	0
1.0	0.0	3	7674	0	0
1.0	0.0	3	7675	0	0
1.0	0.0	3	7676	0	0
0.9968084280027187	0.0031915719972812895	3	7677	0	0
1.0	0.0	3	7678	0	0
1.0	0.0	3	7679	0	0
1.0	0.0	3	7680	0	0
1.0	0.0	3	7681	0	0
1.0	0.0	3	7682	0	0
1.0	0.0	3	7683	0	0
1.0	0.0	3	7684	0	0
0.9947908500962223	0.00520914990377768	3	7685	0	0
1.0	0.0	3	7686	0	0
1.0	0.0	3	7687	0	0
1.0	0.0	3	7688	0	0
1.0	0.0	3	7689	0	0
1.0	0.0	3	7690	0	0
1.0	0.0	3	7691	0	0
1.0	0.0	3	7692	0	0
0.9979902814706153	0.002009718529384801	3	7693	0	0
1.0	0.0	3	7694	0	0
1.0	0.0	3	7695	0	0
1.0	0.0	3	7696	0	0
1.0	0.0	3	7697	0	0
0.9785437389582622	0.021456261041737798	3	7698	0	0
0.9785437389582622	0.021456261041737798	3	7699	0	0
1.0	0.0	3	7700	0	0
1.0	0.0	3	7701	0	0
1.0	0.0	3	7702	0	0
1.0	0.0	3	7703	0	0
0.9979902814706153	0.002009718529384801	3	7704	0	0
1.0	0.0	3	7705	0	0
0.9979902814706153	0.002009718529384801	3	7706	0	0
1.0	0.0	3	7707	0	0
0.9966830448257616	0.0033169551742384157	3	7708	0	0
0.9966830448257616	0.0033169551742384157	3	7709	0	0
1.0	0.0	3	7710	0	0
1.0	0.0	3	7711	0	0
1.0	0.0	3	7712	0	0
1.0	0.0	3	7713	0	0
1.0	0.0	3	7714	0	0
0.9771274289793828	0.022872571020617256	3	7715	0	0
1.0	0.0	3	7716	0	0
1.0	0.0	3	7717	0	0
1.0	0.0	3	7718	0	0
1.0	0.0	3	7719	0	0
1.0	0.0	3	7720	0	0
1.0	0.0	3	7721	0	0
0.9967312468951813	0.003268753104818678	3	7722	0	0
1.0	0.0	3	7723	0	0
1.0	0.0	3	7724	0	0
0.9967537867537867	0.0032462132462132464	3	7725	0	0
1.0	0.0	3	7726	0	0
1.0	0.0	3	7727	0	0
1.0	0.0	3	7728	0	0
1.0	0.0	3	7729	0	0
1.0	0.0	3	7730	0	0
0.9878529223411777	0.012147077658822057	3	7731	0	0
0.9878529223411777	0.012147077658822057	3	7732	0	0
1.0	0.0	3	7733	0	0
1.0	0.0	3	7734	0	0
1.0	0.0	3	7735	0	0
1.0	0.0	3	7736	0	0
1.0	0.0	3	7737	0	0
1.0	0.0	3	7738	0	0
1.0	0.0	3	7739	0	0
0.8163275320312717	0.1836724679687282	3	7740	0	0
1.0	0.0	3	7741	0	0
1.0	0.0	3	7742	0	0
1.0	0.0	3	7743	0	0
1.0	0.0	3	7744	0	0
1.0	0.0	3	7745	0	0
1.0	0.0	3	7746	0	0
1.0	0.0	3	7747	0	0
0.9968404550305098	0.0031595449694902114	3	7748	0	0
1.0	0.0	3	7749	0	0
1.0	0.0	3	7750	0	0
1.0	0.0	3	7751	0	0
1.0	0.0	3	7752	0	0
1.0	0.0	3	7753	0	0
1.0	0.0	3	7754	0	0
1.0	0.0	3	7755	0	0
1.0	0.0	3	7756	0	0
1.0	0.0	3	7757	0	0
1.0	0.0	3	7758	0	0
1.0	0.0	3	7759	0	0
0.9934025478984853	0.006597452101514696	3	7760	0	0
1.0	0.0	3	7761	0	0
1.0	0.0	3	7762	0	0
1.0	0.0	3	7763	0	0
0.9345128327435147	0.06548716725648557	3	7764	0	0
1.0	0.0	3	7765	0	0
0.4903903379497541	0.5096096620502457	3	7766	0	1
1.0	0.0	3	7767	0	0
1.0	0.0	3	7768	0	0
1.0	0.0	3	7769	0	0
0.9938965983519121	0.006103401648087809	3	7770	0	0
0.9971782965733695	0.0028217034266305513	3	7771	0	0
1.0	0.0	3	7772	0	0
1.0	0.0	3	7773	0	0
1.0	0.0	3	7774	0	0
1.0	0.0	3	7775	0	0
1.0	0.0	3	7776	0	0
1.0	0.0	3	7777	0	0
1.0	0.0	3	7778	0	0
0.9967257409207608	0.003274259079239263	3	7779	0	0
0.9967257409207608	0.003274259079239263	3	7780	0	0
1.0	0.0	3	7781	0	0
1.0	0.0	3	7782	0	0
1.0	0.0	3	7783	0	0
1.0	0.0	3	7784	0	0
1.0	0.0	3	7785	0	0
1.0	0.0	3	7786	0	0
1.0	0.0	3	7787	0	0
1.0	0.0	3	7788	0	0
1.0	0.0	3	7789	0	0
1.0	0.0	3	7790	0	0
1.0	0.0	3	7791	0	0
1.0	0.0	3	7792	0	0
1.0	0.0	3	7793	0	0
1.0	0.0	3	7794	0	0
1.0	0.0	3	7795	0	0
1.0	0.0	3	7796	0	0
1.0	0.0	3	7797	0	0
1.0	0.0	3	7798	0	0
1.0	0.0	3	7799	0	0
1.0	0.0	3	7800	0	0
1.0	0.0	3	7801	0	0
1.0	0.0	3	7802	0	0
1.0	0.0	3	7803	0	0
1.0	0.0	3	7804	0	0
1.0	0.0	3	7805	0	0
1.0	0.0	3	7806	0	0
1.0	0.0	3	7807	0	0
1.0	0.0	3	7808	0	0
1.0	0.0	3	7809	0	0
1.0	0.0	3	7810	0	0
1.0	0.0	3	7811	0	0
1.0	0.0	3	7812	0	0
1.0	0.0	3	7813	0	0
1.0	0.0	3	7814	0	0
1.0	0.0	3	7815	0	0
1.0	0.0	3	7816	0	0
1.0	0.0	3	7817	0	0
1.0	0.0	3	7818	0	0
1.0	0.0	3	7819	0	0
1.0	0.0	3	7820	0	0
1.0	0.0	3	7821	0	0
1.0	0.0	3	7822	0	0
0.9934305000415409	0.006569499958459091	3	7823	0	0
1.0	0.0	3	7824	0	0
0.9902257652760871	0.009774234723912839	3	7825	0	0
1.0	0.0	3	7826	0	0
1.0	0.0	3	7827	0	0
1.0	0.0	3	7828	0	0
1.0	0.0	3	7829	0	0
1.0	0.0	3	7830	0	0
1.0	0.0	3	7831	0	0
1.0	0.0	3	7832	0	0
1.0	0.0	3	7833	0	0
1.0	0.0	3	7834	0	0
1.0	0.0	3	7835	0	0
1.0	0.0	3	7836	0	0
1.0	0.0	3	7837	0	0
1.0	0.0	3	7838	0	0
1.0	0.0	3	7839	0	0
1.0	0.0	3	7840	0	0
1.0	0.0	3	7841	0	0
1.0	0.0	3	7842	0	0
1.0	0.0	3	7843	0	0
1.0	0.0	3	7844	0	0
0.9735105551590747	0.026489444840925174	3	7845	0	0
1.0	0.0	3	7846	0	0
1.0	0.0	3	7847	0	0
1.0	0.0	3	7848	0	0
1.0	0.0	3	7849	0	0
1.0	0.0	3	7850	0	0
0.9934228378296126	0.006577162170387375	3	7851	0	0
0.9685916373084176	0.031408362691582606	3	7852	0	0
0.9966777744117944	0.0033222255882055943	3	7853	0	0
0.8546766363858012	0.14532336361419868	3	7854	0	0
1.0	0.0	3	7855	0	0
1.0	0.0	3	7856	0	0
1.0	0.0	3	7857	0	0
0.996703285678455	0.003296714321545021	3	7858	0	0
1.0	0.0	3	7859	0	0
1.0	0.0	3	7860	0	0
0.9683694646567312	0.031630535343268824	3	7861	0	0
0.9672632486325748	0.03273675136742537	3	7862	0	0
1.0	0.0	3	7863	0	0
1.0	0.0	3	7864	0	0
1.0	0.0	3	7865	0	0
0.9967175572519082	0.0032824427480916034	3	7866	0	0
1.0	0.0	3	7867	0	0
1.0	0.0	3	7868	0	0
1.0	0.0	3	7869	0	0
1.0	0.0	3	7870	0	0
1.0	0.0	3	7871	0	0
1.0	0.0	3	7872	0	0
1.0	0.0	3	7873	0	0
1.0	0.0	3	7874	0	0
0.9979902814706153	0.002009718529384801	3	7875	0	0
1.0	0.0	3	7876	0	0
0.9979902814706153	0.002009718529384801	3	7877	0	0
1.0	0.0	3	7878	0	0
1.0	0.0	3	7879	0	0
1.0	0.0	3	7880	0	0
1.0	0.0	3	7881	0	0
1.0	0.0	3	7882	0	0
0.9683148782662336	0.03168512173376639	3	7883	0	0
1.0	0.0	3	7884	0	0
0.9933580534558906	0.006641946544109549	3	7885	0	0
1.0	0.0	3	7886	0	0
1.0	0.0	3	7887	0	0
1.0	0.0	3	7888	0	0
1.0	0.0	3	7889	0	0
1.0	0.0	3	7890	0	0
1.0	0.0	3	7891	0	0
0.9871835093590081	0.012816490640991832	3	7892	0	0
1.0	0.0	3	7893	0	0
1.0	0.0	3	7894	0	0
1.0	0.0	3	7895	0	0
1.0	0.0	3	7896	0	0
0.996743010113028	0.0032569898869720406	3	7897	0	0
1.0	0.0	3	7898	0	0
0.08497539284938271	0.9150246071506172	3	7899	1	1
1.0	0.0	3	7900	0	0
0.996743010113028	0.0032569898869720406	3	7901	0	0
1.0	0.0	3	7902	0	0
0.9771001079315715	0.02289989206842825	3	7903	0	0
1.0	0.0	3	7904	0	0
0.9935041670251301	0.006495832974869878	3	7905	0	0
0.9803710974723491	0.01962890252765097	3	7906	0	0
0.987699410991051	0.012300589008948985	3	7907	0	0
0.987699410991051	0.012300589008948985	3	7908	0	0
0.9966845647735006	0.003315435226499282	3	7909	0	0
1.0	0.0	3	7910	0	0
1.0	0.0	3	7911	0	0
1.0	0.0	3	7912	0	0
0.9934085552379518	0.006591444762048041	3	7913	0	0
1.0	0.0	3	7914	0	0
1.0	0.0	3	7915	0	0
1.0	0.0	3	7916	0	0
1.0	0.0	3	7917	0	0
1.0	0.0	3	7918	0	0
1.0	0.0	3	7919	0	0
1.0	0.0	3	7920	0	0
1.0	0.0	3	7921	0	0
0.9968269611679564	0.00317303883204344	3	7922	0	0
1.0	0.0	3	7923	0	0
1.0	0.0	3	7924	0	0
1.0	0.0	3	7925	0	0
1.0	0.0	3	7926	0	0
1.0	0.0	3	7927	0	0
1.0	0.0	3	7928	0	0
1.0	0.0	3	7929	0	0
1.0	0.0	3	7930	0	0
1.0	0.0	3	7931	0	0
1.0	0.0	3	7932	0	0
1.0	0.0	3	7933	0	0
1.0	0.0	3	7934	0	0
1.0	0.0	3	7935	0	0
1.0	0.0	3	7936	0	0
1.0	0.0	3	7937	0	0
1.0	0.0	3	7938	0	0
1.0	0.0	3	7939	0	0
1.0	0.0	3	7940	0	0
1.0	0.0	3	7941	0	0
1.0	0.0	3	7942	0	0
1.0	0.0	3	7943	0	0
1.0	0.0	3	7944	0	0
1.0	0.0	3	7945	0	0
1.0	0.0	3	7946	0	0
1.0	0.0	3	7947	0	0
1.0	0.0	3	7948	0	0
1.0	0.0	3	7949	0	0
1.0	0.0	3	7950	0	0
0.9901362938714882	0.009863706128511764	3	7951	0	0
0.9901362938714882	0.009863706128511764	3	7952	0	0
1.0	0.0	3	7953	0	0
1.0	0.0	3	7954	0	0
1.0	0.0	3	7955	0	0
1.0	0.0	3	7956	0	0
1.0	0.0	3	7957	0	0
1.0	0.0	3	7958	0	0
1.0	0.0	3	7959	0	0
1.0	0.0	3	7960	0	0
0.9835243379344621	0.01647566206553786	3	7961	0	0
1.0	0.0	3	7962	0	0
1.0	0.0	3	7963	0	0
1.0	0.0	3	7964	0	0
1.0	0.0	3	7965	0	0
1.0	0.0	3	7966	0	0
1.0	0.0	3	7967	0	0
1.0	0.0	3	7968	0	0
1.0	0.0	3	7969	0	0
1.0	0.0	3	7970	0	0
1.0	0.0	3	7971	0	0
1.0	0.0	3	7972	0	0
1.0	0.0	3	7973	0	0
1.0	0.0	3	7974	0	0
1.0	0.0	3	7975	0	0
1.0	0.0	3	7976	0	0
1.0	0.0	3	7977	0	0
1.0	0.0	3	7978	0	0
1.0	0.0	3	7979	0	0
1.0	0.0	3	7980	0	0
1.0	0.0	3	7981	0	0
1.0	0.0	3	7982	0	0
0.9967052863878022	0.0032947136121978136	3	7983	0	0
1.0	0.0	3	7984	0	0
1.0	0.0	3	7985	0	0
1.0	0.0	3	7986	0	0
1.0	0.0	3	7987	0	0
0.9966835513217912	0.0033164486782087145	3	7988	0	0
1.0	0.0	3	7989	0	0
1.0	0.0	3	7990	0	0
1.0	0.0	3	7991	0	0
1.0	0.0	3	7992	0	0
1.0	0.0	3	7993	0	0
1.0	0.0	3	7994	0	0
1.0	0.0	3	7995	0	0
1.0	0.0	3	7996	0	0
1.0	0.0	3	7997	0	0
1.0	0.0	3	7998	0	0
1.0	0.0	3	7999	0	0
1.0	0.0	3	8000	0	0
1.0	0.0	3	8001	0	0
1.0	0.0	3	8002	0	0
1.0	0.0	3	8003	0	0
1.0	0.0	3	8004	0	0
1.0	0.0	3	8005	0	0
0.9967770094649602	0.0032229905350399687	3	8006	0	0
0.954180183437024	0.04581981656297611	3	8007	0	0
1.0	0.0	3	8008	0	0
0.9936039706329166	0.006396029367083409	3	8009	0	0
1.0	0.0	3	8010	0	0
0.9936039706329166	0.006396029367083409	3	8011	0	0
1.0	0.0	3	8012	0	0
1.0	0.0	3	8013	0	0
1.0	0.0	3	8014	0	0
1.0	0.0	3	8015	0	0
1.0	0.0	3	8016	0	0
1.0	0.0	3	8017	0	0
1.0	0.0	3	8018	0	0
1.0	0.0	3	8019	0	0
1.0	0.0	3	8020	0	0
1.0	0.0	3	8021	0	0
1.0	0.0	3	8022	0	0
1.0	0.0	3	8023	0	0
1.0	0.0	3	8024	0	0
1.0	0.0	3	8025	0	0
1.0	0.0	3	8026	0	0
1.0	0.0	3	8027	0	0
1.0	0.0	3	8028	0	0
1.0	0.0	3	8029	0	0
1.0	0.0	3	8030	0	0
0.9968269611679564	0.00317303883204344	3	8031	0	0
1.0	0.0	3	8032	0	0
0.9941771321243544	0.005822867875645626	3	8033	0	0
1.0	0.0	3	8034	0	0
1.0	0.0	3	8035	0	0
1.0	0.0	3	8036	0	0
1.0	0.0	3	8037	0	0
1.0	0.0	3	8038	0	0
1.0	0.0	3	8039	0	0
1.0	0.0	3	8040	0	0
1.0	0.0	3	8041	0	0
1.0	0.0	3	8042	0	0
1.0	0.0	3	8043	0	0
0.9968269611679564	0.00317303883204344	3	8044	0	0
1.0	0.0	3	8045	0	0
1.0	0.0	3	8046	0	0
1.0	0.0	3	8047	0	0
1.0	0.0	3	8048	0	0
1.0	0.0	3	8049	0	0
1.0	0.0	3	8050	0	0
1.0	0.0	3	8051	0	0
0.9871220238684104	0.012877976131589692	3	8052	0	0
0.9871220238684104	0.012877976131589692	3	8053	0	0
0.9871220238684104	0.012877976131589692	3	8054	0	0
1.0	0.0	3	8055	0	0
1.0	0.0	3	8056	0	0
1.0	0.0	3	8057	0	0
1.0	0.0	3	8058	0	0
1.0	0.0	3	8059	0	0
1.0	0.0	3	8060	0	0
1.0	0.0	3	8061	0	0
1.0	0.0	3	8062	0	0
1.0	0.0	3	8063	0	0
1.0	0.0	3	8064	0	0
1.0	0.0	3	8065	0	0
1.0	0.0	3	8066	0	0
1.0	0.0	3	8067	0	0
1.0	0.0	3	8068	0	0
1.0	0.0	3	8069	0	0
1.0	0.0	3	8070	0	0
1.0	0.0	3	8071	0	0
1.0	0.0	3	8072	0	0
1.0	0.0	3	8073	0	0
1.0	0.0	3	8074	0	0
1.0	0.0	3	8075	0	0
1.0	0.0	3	8076	0	0
1.0	0.0	3	8077	0	0
1.0	0.0	3	8078	0	0
1.0	0.0	3	8079	0	0
1.0	0.0	3	8080	0	0
1.0	0.0	3	8081	0	0
1.0	0.0	3	8082	0	0
1.0	0.0	3	8083	0	0
1.0	0.0	3	8084	0	0
1.0	0.0	3	8085	0	0
1.0	0.0	3	8086	0	0
1.0	0.0	3	8087	0	0
1.0	0.0	3	8088	0	0
1.0	0.0	3	8089	0	0
1.0	0.0	3	8090	0	0
1.0	0.0	3	8091	0	0
1.0	0.0	3	8092	0	0
1.0	0.0	3	8093	0	0
1.0	0.0	3	8094	0	0
1.0	0.0	3	8095	0	0
1.0	0.0	3	8096	0	0
1.0	0.0	3	8097	0	0
1.0	0.0	3	8098	0	0
1.0	0.0	3	8099	0	0
1.0	0.0	3	8100	0	0
1.0	0.0	3	8101	0	0
1.0	0.0	3	8102	0	0
1.0	0.0	3	8103	0	0
1.0	0.0	3	8104	0	0
1.0	0.0	3	8105	0	0
0.9868365697681524	0.013163430231847602	3	8106	0	0
0.9868365697681524	0.013163430231847602	3	8107	0	0
1.0	0.0	3	8108	0	0
1.0	0.0	3	8109	0	0
1.0	0.0	3	8110	0	0
1.0	0.0	3	8111	0	0
1.0	0.0	3	8112	0	0
1.0	0.0	3	8113	0	0
1.0	0.0	3	8114	0	0
1.0	0.0	3	8115	0	0
1.0	0.0	3	8116	0	0
1.0	0.0	3	8117	0	0
1.0	0.0	3	8118	0	0
0.9968327796234773	0.0031672203765227016	3	8119	0	0
1.0	0.0	3	8120	0	0
1.0	0.0	3	8121	0	0
1.0	0.0	3	8122	0	0
1.0	0.0	3	8123	0	0
1.0	0.0	3	8124	0	0
1.0	0.0	3	8125	0	0
1.0	0.0	3	8126	0	0
1.0	0.0	3	8127	0	0
1.0	0.0	3	8128	0	0
1.0	0.0	3	8129	0	0
1.0	0.0	3	8130	0	0
1.0	0.0	3	8131	0	0
0.9935832001869335	0.006416799813066465	3	8132	0	0
1.0	0.0	3	8133	0	0
1.0	0.0	3	8134	0	0
1.0	0.0	3	8135	0	0
1.0	0.0	3	8136	0	0
0.996687101087313	0.003312898912687	3	8137	0	0
1.0	0.0	3	8138	0	0
1.0	0.0	3	8139	0	0
1.0	0.0	3	8140	0	0
1.0	0.0	3	8141	0	0
1.0	0.0	3	8142	0	0
1.0	0.0	3	8143	0	0
1.0	0.0	3	8144	0	0
1.0	0.0	3	8145	0	0
1.0	0.0	3	8146	0	0
1.0	0.0	3	8147	0	0
0.9872089451196462	0.012791054880353982	3	8148	0	0
1.0	0.0	3	8149	0	0
1.0	0.0	3	8150	0	0
1.0	0.0	3	8151	0	0
1.0	0.0	3	8152	0	0
1.0	0.0	3	8153	0	0
1.0	0.0	3	8154	0	0
1.0	0.0	3	8155	0	0
1.0	0.0	3	8156	0	0
1.0	0.0	3	8157	0	0
1.0	0.0	3	8158	0	0
1.0	0.0	3	8159	0	0
1.0	0.0	3	8160	0	0
1.0	0.0	3	8161	0	0
1.0	0.0	3	8162	0	0
1.0	0.0	3	8163	0	0
1.0	0.0	3	8164	0	0
1.0	0.0	3	8165	0	0
1.0	0.0	3	8166	0	0
1.0	0.0	3	8167	0	0
0.9970783213044642	0.002921678695535954	3	8168	0	0
1.0	0.0	3	8169	0	0
1.0	0.0	3	8170	0	0
1.0	0.0	3	8171	0	0
1.0	0.0	3	8172	0	0
0.9936739866505566	0.006326013349443366	3	8173	0	0
1.0	0.0	3	8174	0	0
0.9675633347757067	0.03243666522429345	3	8175	0	0
1.0	0.0	3	8176	0	0
1.0	0.0	3	8177	0	0
1.0	0.0	3	8178	0	0
1.0	0.0	3	8179	0	0
1.0	0.0	3	8180	0	0
1.0	0.0	3	8181	0	0
1.0	0.0	3	8182	0	0
1.0	0.0	3	8183	0	0
1.0	0.0	3	8184	0	0
1.0	0.0	3	8185	0	0
1.0	0.0	3	8186	0	0
1.0	0.0	3	8187	0	0
1.0	0.0	3	8188	0	0
1.0	0.0	3	8189	0	0
1.0	0.0	3	8190	0	0
1.0	0.0	3	8191	0	0
1.0	0.0	3	8192	0	0
1.0	0.0	3	8193	0	0
1.0	0.0	3	8194	0	0
1.0	0.0	3	8195	0	0
1.0	0.0	3	8196	0	0
1.0	0.0	3	8197	0	0
1.0	0.0	3	8198	0	0
1.0	0.0	3	8199	0	0
1.0	0.0	3	8200	0	0
1.0	0.0	3	8201	0	0
1.0	0.0	3	8202	0	0
1.0	0.0	3	8203	0	0
1.0	0.0	3	8204	0	0
1.0	0.0	3	8205	0	0
0.990409708844583	0.009590291155417131	3	8206	0	0
0.990409708844583	0.009590291155417131	3	8207	0	0
1.0	0.0	3	8208	0	0
1.0	0.0	3	8209	0	0
1.0	0.0	3	8210	0	0
1.0	0.0	3	8211	0	0
1.0	0.0	3	8212	0	0
0.9966666666666667	0.0033333333333333335	3	8213	0	0
1.0	0.0	3	8214	0	0
0.9966666666666667	0.0033333333333333335	3	8215	0	0
1.0	0.0	3	8216	0	0
1.0	0.0	3	8217	0	0
1.0	0.0	3	8218	0	0
0.9933333333333333	0.006666666666666667	3	8219	0	0
0.9867733445676996	0.013226655432300389	3	8220	0	0
1.0	0.0	3	8221	0	0
1.0	0.0	3	8222	0	0
1.0	0.0	3	8223	0	0
1.0	0.0	3	8224	0	0
1.0	0.0	3	8225	0	0
1.0	0.0	3	8226	0	0
1.0	0.0	3	8227	0	0
1.0	0.0	3	8228	0	0
1.0	0.0	3	8229	0	0
1.0	0.0	3	8230	0	0
0.9967257409207608	0.003274259079239263	3	8231	0	0
1.0	0.0	3	8232	0	0
0.9967257409207608	0.003274259079239263	3	8233	0	0
1.0	0.0	3	8234	0	0
1.0	0.0	3	8235	0	0
1.0	0.0	3	8236	0	0
1.0	0.0	3	8237	0	0
1.0	0.0	3	8238	0	0
0.983831932762281	0.01616806723771902	3	8239	0	0
0.983831932762281	0.01616806723771902	3	8240	0	0
1.0	0.0	3	8241	0	0
1.0	0.0	3	8242	0	0
1.0	0.0	3	8243	0	0
0.9910390565913061	0.008960943408693911	3	8244	0	0
1.0	0.0	3	8245	0	0
0.9910390565913061	0.008960943408693911	3	8246	0	0
1.0	0.0	3	8247	0	0
1.0	0.0	3	8248	0	0
1.0	0.0	3	8249	0	0
1.0	0.0	3	8250	0	0
0.9966977583872423	0.003302241612757635	3	8251	0	0
0.9966845647735006	0.003315435226499282	3	8252	0	0
0.9939242457334706	0.006075754266529467	3	8253	0	0
0.7817760473320482	0.21822395266795183	3	8254	0	0
0.7817760473320482	0.21822395266795183	3	8255	0	0
0.9276075774817734	0.0723924225182266	3	8256	0	0
0.9934070425019034	0.006592957498096567	3	8257	0	0
0.9836160506414527	0.016383949358547395	3	8258	0	0
0.9901022011003645	0.009897798899635425	3	8259	0	0
0.9737032117857666	0.026296788214233303	3	8260	0	0
0.9737032117857666	0.026296788214233303	3	8261	0	0
0.9737032117857666	0.026296788214233303	3	8262	0	0
0.9972842105263158	0.0027157894736842105	3	8263	0	0
1.0	0.0	3	8264	0	0
0.9738758225157331	0.026124177484266743	3	8265	0	0
0.9970719638311883	0.00292803616881152	3	8266	0	0
0.9970719638311883	0.00292803616881152	3	8267	0	0
0.9970719638311883	0.00292803616881152	3	8268	0	0
0.7733888686919023	0.22661113130809749	3	8269	0	0
0.7733888686919023	0.22661113130809749	3	8270	0	0
0.7733888686919023	0.22661113130809749	3	8271	0	0
0.993459697400405	0.006540302599595093	3	8272	0	0
1.0	0.0	3	8273	0	0
1.0	0.0	3	8274	0	0
1.0	0.0	3	8275	0	0
1.0	0.0	3	8276	0	0
1.0	0.0	3	8277	0	0
1.0	0.0	3	8278	0	0
1.0	0.0	3	8279	0	0
1.0	0.0	3	8280	0	0
1.0	0.0	3	8281	0	0
1.0	0.0	3	8282	0	0
1.0	0.0	3	8283	0	0
1.0	0.0	3	8284	0	0
1.0	0.0	3	8285	0	0
0.9934466439741667	0.006553356025833416	3	8286	0	0
1.0	0.0	3	8287	0	0
0.9920253401067375	0.00797465989326243	3	8288	0	0
0.9967017807875596	0.0032982192124404314	3	8289	0	0
1.0	0.0	3	8290	0	0
1.0	0.0	3	8291	0	0
1.0	0.0	3	8292	0	0
1.0	0.0	3	8293	0	0
0.9806190869736476	0.0193809130263524	3	8294	0	0
1.0	0.0	3	8295	0	0
0.9806190869736476	0.0193809130263524	3	8296	0	0
1.0	0.0	3	8297	0	0
1.0	0.0	3	8298	0	0
1.0	0.0	3	8299	0	0
1.0	0.0	3	8300	0	0
0.9967640405232616	0.0032359594767384673	3	8301	0	0
1.0	0.0	3	8302	0	0
1.0	0.0	3	8303	0	0
1.0	0.0	3	8304	0	0
1.0	0.0	3	8305	0	0
1.0	0.0	3	8306	0	0
0.8354643499736749	0.164535650026325	3	8307	0	0
1.0	0.0	4	0	0	0
1.0	0.0	4	1	0	0
0.9967128166541259	0.0032871833458740906	4	2	0	0
1.0	0.0	4	3	0	0
1.0	0.0	4	4	0	0
1.0	0.0	4	5	0	0
1.0	0.0	4	6	0	0
1.0	0.0	4	7	0	0
1.0	0.0	4	8	0	0
1.0	0.0	4	9	0	0
1.0	0.0	4	10	0	0
1.0	0.0	4	11	0	0
1.0	0.0	4	12	0	0
1.0	0.0	4	13	0	0
1.0	0.0	4	14	0	0
1.0	0.0	4	15	0	0
1.0	0.0	4	16	0	0
1.0	0.0	4	17	0	0
1.0	0.0	4	18	0	0
1.0	0.0	4	19	0	0
0.996694868308405	0.003305131691594903	4	20	0	0
0.9967439900867411	0.003256009913258984	4	21	0	0
1.0	0.0	4	22	0	0
1.0	0.0	4	23	0	0
1.0	0.0	4	24	0	0
1.0	0.0	4	25	0	0
1.0	0.0	4	26	0	0
0.9606128715162073	0.03938712848379261	4	27	0	0
0.9874592299182414	0.012540770081758686	4	28	0	0
1.0	0.0	4	29	0	0
1.0	0.0	4	30	0	0
1.0	0.0	4	31	0	0
1.0	0.0	4	32	0	0
1.0	0.0	4	33	0	0
1.0	0.0	4	34	0	0
1.0	0.0	4	35	0	0
1.0	0.0	4	36	0	0
0.9966876088108395	0.003312391189160548	4	37	0	0
0.9966876088108395	0.003312391189160548	4	38	0	0
0.9704445278259138	0.029555472174086005	4	39	0	0
1.0	0.0	4	40	0	0
1.0	0.0	4	41	0	0
1.0	0.0	4	42	0	0
1.0	0.0	4	43	0	0
1.0	0.0	4	44	0	0
1.0	0.0	4	45	0	0
1.0	0.0	4	46	0	0
1.0	0.0	4	47	0	0
1.0	0.0	4	48	0	0
1.0	0.0	4	49	0	0
1.0	0.0	4	50	0	0
1.0	0.0	4	51	0	0
1.0	0.0	4	52	0	0
0.9966876088108395	0.003312391189160548	4	53	0	0
1.0	0.0	4	54	0	0
0.9934361590639719	0.006563840936028048	4	55	0	0
1.0	0.0	4	56	0	0
1.0	0.0	4	57	0	0
1.0	0.0	4	58	0	0
1.0	0.0	4	59	0	0
1.0	0.0	4	60	0	0
0.9796665826360492	0.020333417363950695	4	61	0	0
1.0	0.0	4	62	0	0
0.9796665826360492	0.020333417363950695	4	63	0	0
1.0	0.0	4	64	0	0
1.0	0.0	4	65	0	0
1.0	0.0	4	66	0	0
1.0	0.0	4	67	0	0
1.0	0.0	4	68	0	0
1.0	0.0	4	69	0	0
1.0	0.0	4	70	0	0
1.0	0.0	4	71	0	0
1.0	0.0	4	72	0	0
1.0	0.0	4	73	0	0
1.0	0.0	4	74	0	0
1.0	0.0	4	75	0	0
1.0	0.0	4	76	0	0
1.0	0.0	4	77	0	0
1.0	0.0	4	78	0	0
1.0	0.0	4	79	0	0
1.0	0.0	4	80	0	0
1.0	0.0	4	81	0	0
1.0	0.0	4	82	0	0
1.0	0.0	4	83	0	0
1.0	0.0	4	84	0	0
1.0	0.0	4	85	0	0
1.0	0.0	4	86	0	0
1.0	0.0	4	87	0	0
1.0	0.0	4	88	0	0
1.0	0.0	4	89	0	0
1.0	0.0	4	90	0	0
1.0	0.0	4	91	0	0
1.0	0.0	4	92	0	0
1.0	0.0	4	93	0	0
1.0	0.0	4	94	0	0
1.0	0.0	4	95	0	0
1.0	0.0	4	96	0	0
1.0	0.0	4	97	0	0
1.0	0.0	4	98	0	0
1.0	0.0	4	99	0	0
1.0	0.0	4	100	0	0
1.0	0.0	4	101	0	0
1.0	0.0	4	102	0	0
1.0	0.0	4	103	0	0
1.0	0.0	4	104	0	0
1.0	0.0	4	105	0	0
1.0	0.0	4	106	0	0
1.0	0.0	4	107	0	0
1.0	0.0	4	108	0	0
1.0	0.0	4	109	0	0
1.0	0.0	4	110	0	0
1.0	0.0	4	111	0	0
1.0	0.0	4	112	0	0
0.9934569146416588	0.006543085358341222	4	113	0	0
1.0	0.0	4	114	0	0
0.99669183909782	0.0033081609021799324	4	115	0	0
1.0	0.0	4	116	0	0
1.0	0.0	4	117	0	0
1.0	0.0	4	118	0	0
1.0	0.0	4	119	0	0
1.0	0.0	4	120	0	0
1.0	0.0	4	121	0	0
1.0	0.0	4	122	0	0
1.0	0.0	4	123	0	0
1.0	0.0	4	124	0	0
1.0	0.0	4	125	0	0
1.0	0.0	4	126	0	0
1.0	0.0	4	127	0	0
1.0	0.0	4	128	0	0
1.0	0.0	4	129	0	0
1.0	0.0	4	130	0	0
1.0	0.0	4	131	0	0
1.0	0.0	4	132	0	0
1.0	0.0	4	133	0	0
1.0	0.0	4	134	0	0
1.0	0.0	4	135	0	0
1.0	0.0	4	136	0	0
1.0	0.0	4	137	0	0
1.0	0.0	4	138	0	0
0.981476942829388	0.018523057170612197	4	139	0	0
1.0	0.0	4	140	0	0
0.9966799777586818	0.003320022241318303	4	141	0	0
1.0	0.0	4	142	0	0
1.0	0.0	4	143	0	0
1.0	0.0	4	144	0	0
1.0	0.0	4	145	0	0
1.0	0.0	4	146	0	0
1.0	0.0	4	147	0	0
1.0	0.0	4	148	0	0
1.0	0.0	4	149	0	0
1.0	0.0	4	150	0	0
1.0	0.0	4	151	0	0
1.0	0.0	4	152	0	0
0.9901766983805574	0.009823301619442757	4	153	0	0
1.0	0.0	4	154	0	0
1.0	0.0	4	155	0	0
1.0	0.0	4	156	0	0
1.0	0.0	4	157	0	0
1.0	0.0	4	158	0	0
1.0	0.0	4	159	0	0
1.0	0.0	4	160	0	0
1.0	0.0	4	161	0	0
1.0	0.0	4	162	0	0
1.0	0.0	4	163	0	0
1.0	0.0	4	164	0	0
1.0	0.0	4	165	0	0
1.0	0.0	4	166	0	0
1.0	0.0	4	167	0	0
1.0	0.0	4	168	0	0
1.0	0.0	4	169	0	0
1.0	0.0	4	170	0	0
1.0	0.0	4	171	0	0
1.0	0.0	4	172	0	0
1.0	0.0	4	173	0	0
1.0	0.0	4	174	0	0
1.0	0.0	4	175	0	0
1.0	0.0	4	176	0	0
1.0	0.0	4	177	0	0
1.0	0.0	4	178	0	0
1.0	0.0	4	179	0	0
1.0	0.0	4	180	0	0
1.0	0.0	4	181	0	0
1.0	0.0	4	182	0	0
1.0	0.0	4	183	0	0
1.0	0.0	4	184	0	0
1.0	0.0	4	185	0	0
1.0	0.0	4	186	0	0
1.0	0.0	4	187	0	0
1.0	0.0	4	188	0	0
1.0	0.0	4	189	0	0
1.0	0.0	4	190	0	0
1.0	0.0	4	191	0	0
0.9967381271400924	0.0032618728599076966	4	192	0	0
1.0	0.0	4	193	0	0
1.0	0.0	4	194	0	0
1.0	0.0	4	195	0	0
1.0	0.0	4	196	0	0
1.0	0.0	4	197	0	0
1.0	0.0	4	198	0	0
1.0	0.0	4	199	0	0
1.0	0.0	4	200	0	0
1.0	0.0	4	201	0	0
1.0	0.0	4	202	0	0
1.0	0.0	4	203	0	0
1.0	0.0	4	204	0	0
1.0	0.0	4	205	0	0
1.0	0.0	4	206	0	0
1.0	0.0	4	207	0	0
1.0	0.0	4	208	0	0
1.0	0.0	4	209	0	0
1.0	0.0	4	210	0	0
1.0	0.0	4	211	0	0
1.0	0.0	4	212	0	0
1.0	0.0	4	213	0	0
1.0	0.0	4	214	0	0
1.0	0.0	4	215	0	0
1.0	0.0	4	216	0	0
1.0	0.0	4	217	0	0
1.0	0.0	4	218	0	0
1.0	0.0	4	219	0	0
1.0	0.0	4	220	0	0
1.0	0.0	4	221	0	0
1.0	0.0	4	222	0	0
1.0	0.0	4	223	0	0
1.0	0.0	4	224	0	0
1.0	0.0	4	225	0	0
1.0	0.0	4	226	0	0
1.0	0.0	4	227	0	0
1.0	0.0	4	228	0	0
1.0	0.0	4	229	0	0
1.0	0.0	4	230	0	0
1.0	0.0	4	231	0	0
1.0	0.0	4	232	0	0
1.0	0.0	4	233	0	0
1.0	0.0	4	234	0	0
1.0	0.0	4	235	0	0
1.0	0.0	4	236	0	0
1.0	0.0	4	237	0	0
1.0	0.0	4	238	0	0
1.0	0.0	4	239	0	0
1.0	0.0	4	240	0	0
1.0	0.0	4	241	0	0
1.0	0.0	4	242	0	0
1.0	0.0	4	243	0	0
0.9967449814126393	0.0032550185873605948	4	244	0	0
1.0	0.0	4	245	0	0
1.0	0.0	4	246	0	0
1.0	0.0	4	247	0	0
1.0	0.0	4	248	0	0
1.0	0.0	4	249	0	0
1.0	0.0	4	250	0	0
1.0	0.0	4	251	0	0
1.0	0.0	4	252	0	0
1.0	0.0	4	253	0	0
1.0	0.0	4	254	0	0
1.0	0.0	4	255	0	0
1.0	0.0	4	256	0	0
1.0	0.0	4	257	0	0
1.0	0.0	4	258	0	0
1.0	0.0	4	259	0	0
1.0	0.0	4	260	0	0
1.0	0.0	4	261	0	0
1.0	0.0	4	262	0	0
0.37263118354042746	0.6273688164595724	4	263	1	1
0.8313092886863065	0.16869071131369354	4	264	0	0
0.986847407167762	0.01315259283223806	4	265	0	0
1.0	0.0	4	266	0	0
1.0	0.0	4	267	0	0
0.9835950592769891	0.016404940723010675	4	268	0	0
1.0	0.0	4	269	0	0
0.7264920735659448	0.2735079264340552	4	270	0	0
0.12225779350735948	0.8777422064926405	4	271	1	1
0.9868096313017306	0.013190368698269377	4	272	0	0
1.0	0.0	4	273	0	0
1.0	0.0	4	274	0	0
1.0	0.0	4	275	0	0
1.0	0.0	4	276	0	0
1.0	0.0	4	277	0	0
1.0	0.0	4	278	0	0
0.8579908454738927	0.14200915452610713	4	279	0	0
0.9868470390541897	0.013152960945810338	4	280	0	0
1.0	0.0	4	281	0	0
1.0	0.0	4	282	0	0
1.0	0.0	4	283	0	0
0.970281129374131	0.02971887062586901	4	284	0	0
0.9803849105851463	0.019615089414853713	4	285	0	0
1.0	0.0	4	286	0	0
0.8649671466288472	0.13503285337115312	4	287	0	0
0.19693083475496395	0.8030691652450364	4	288	0	1
1.0	0.0	4	289	0	0
1.0	0.0	4	290	0	0
0.996700767263427	0.0032992327365728904	4	291	0	0
0.9801714327545435	0.01982856724545651	4	292	0	0
1.0	0.0	4	293	0	0
1.0	0.0	4	294	0	0
1.0	0.0	4	295	0	0
1.0	0.0	4	296	0	0
0.993518626941796	0.006481373058203975	4	297	0	0
1.0	0.0	4	298	0	0
1.0	0.0	4	299	0	0
1.0	0.0	4	300	0	0
1.0	0.0	4	301	0	0
0.9933908898690004	0.0066091101309997055	4	302	0	0
1.0	0.0	4	303	0	0
0.9933975420115375	0.006602457988462503	4	304	0	0
0.9933975420115375	0.006602457988462503	4	305	0	0
0.9933975420115375	0.006602457988462503	4	306	0	0
1.0	0.0	4	307	0	0
1.0	0.0	4	308	0	0
1.0	0.0	4	309	0	0
1.0	0.0	4	310	0	0
1.0	0.0	4	311	0	0
1.0	0.0	4	312	0	0
1.0	0.0	4	313	0	0
1.0	0.0	4	314	0	0
1.0	0.0	4	315	0	0
1.0	0.0	4	316	0	0
1.0	0.0	4	317	0	0
1.0	0.0	4	318	0	0
1.0	0.0	4	319	0	0
1.0	0.0	4	320	0	0
1.0	0.0	4	321	0	0
1.0	0.0	4	322	0	0
0.7217322608534975	0.27826773914650244	4	323	0	0
1.0	0.0	4	324	0	0
0.9409215615853131	0.05907843841468672	4	325	0	0
0.9836134294485688	0.01638657055143111	4	326	0	0
0.9769818052220824	0.023018194777917573	4	327	0	0
1.0	0.0	4	328	0	0
1.0	0.0	4	329	0	0
0.9934003541783625	0.006599645821637628	4	330	0	0
1.0	0.0	4	331	0	0
0.9836366139059722	0.016363386094027887	4	332	0	0
1.0	0.0	4	333	0	0
1.0	0.0	4	334	0	0
1.0	0.0	4	335	0	0
1.0	0.0	4	336	0	0
1.0	0.0	4	337	0	0
1.0	0.0	4	338	0	0
1.0	0.0	4	339	0	0
1.0	0.0	4	340	0	0
1.0	0.0	4	341	0	0
1.0	0.0	4	342	0	0
0.990128961569784	0.00987103843021609	4	343	0	0
1.0	0.0	4	344	0	0
1.0	0.0	4	345	0	0
1.0	0.0	4	346	0	0
0.9476004631856315	0.05239953681436855	4	347	0	0
0.9933897308292421	0.006610269170757795	4	348	0	0
1.0	0.0	4	349	0	0
1.0	0.0	4	350	0	0
0.18926619463567407	0.8107338053643255	4	351	0	1
0.9734020003443268	0.026597999655673242	4	352	0	0
1.0	0.0	4	353	0	0
0.9573963679649201	0.04260363203507966	4	354	0	0
0.9503562955934437	0.049643704406556424	4	355	0	0
0.8285087203472481	0.1714912796527518	4	356	0	0
1.0	0.0	4	357	0	0
1.0	0.0	4	358	0	0
1.0	0.0	4	359	0	0
1.0	0.0	4	360	0	0
1.0	0.0	4	361	0	0
1.0	0.0	4	362	0	0
1.0	0.0	4	363	0	0
0.95711652637832	0.04288347362168004	4	364	0	0
1.0	0.0	4	365	0	0
1.0	0.0	4	366	0	0
0.9967186173135522	0.0032813826864478745	4	367	0	0
1.0	0.0	4	368	0	0
0.9967186173135522	0.0032813826864478745	4	369	0	0
1.0	0.0	4	370	0	0
1.0	0.0	4	371	0	0
1.0	0.0	4	372	0	0
1.0	0.0	4	373	0	0
1.0	0.0	4	374	0	0
1.0	0.0	4	375	0	0
1.0	0.0	4	376	0	0
1.0	0.0	4	377	0	0
1.0	0.0	4	378	0	0
1.0	0.0	4	379	0	0
1.0	0.0	4	380	0	0
1.0	0.0	4	381	0	0
1.0	0.0	4	382	0	0
1.0	0.0	4	383	0	0
1.0	0.0	4	384	0	0
1.0	0.0	4	385	0	0
1.0	0.0	4	386	0	0
1.0	0.0	4	387	0	0
1.0	0.0	4	388	0	0
1.0	0.0	4	389	0	0
1.0	0.0	4	390	0	0
1.0	0.0	4	391	0	0
1.0	0.0	4	392	0	0
0.9934481728529687	0.006551827147031282	4	393	0	0
1.0	0.0	4	394	0	0
1.0	0.0	4	395	0	0
1.0	0.0	4	396	0	0
1.0	0.0	4	397	0	0
1.0	0.0	4	398	0	0
1.0	0.0	4	399	0	0
1.0	0.0	4	400	0	0
1.0	0.0	4	401	0	0
1.0	0.0	4	402	0	0
1.0	0.0	4	403	0	0
1.0	0.0	4	404	0	0
0.9967469521260779	0.0032530478739220933	4	405	0	0
1.0	0.0	4	406	0	0
0.9901340323468226	0.009865967653177403	4	407	0	0
0.9901340323468226	0.009865967653177403	4	408	0	0
1.0	0.0	4	409	0	0
0.9968234383316398	0.0031765616683601876	4	410	0	0
0.996749863814193	0.0032501361858069625	4	411	0	0
1.0	0.0	4	412	0	0
1.0	0.0	4	413	0	0
1.0	0.0	4	414	0	0
1.0	0.0	4	415	0	0
1.0	0.0	4	416	0	0
1.0	0.0	4	417	0	0
0.986739789664522	0.01326021033547797	4	418	0	0
1.0	0.0	4	419	0	0
0.8349067276328656	0.1650932723671346	4	420	0	0
0.894266663388747	0.10573333661125271	4	421	0	0
1.0	0.0	4	422	0	0
1.0	0.0	4	423	0	0
1.0	0.0	4	424	0	0
0.9967651985417282	0.003234801458271751	4	425	0	0
1.0	0.0	4	426	0	0
1.0	0.0	4	427	0	0
1.0	0.0	4	428	0	0
1.0	0.0	4	429	0	0
0.9966666666666667	0.0033333333333333335	4	430	0	0
0.9966666666666667	0.0033333333333333335	4	431	0	0
0.9966666666666667	0.0033333333333333335	4	432	0	0
0.7523571998677776	0.24764280013222248	4	433	0	0
1.0	0.0	4	434	0	0
0.9441907482154149	0.05580925178458516	4	435	0	0
0.9967651985417282	0.003234801458271751	4	436	0	0
1.0	0.0	4	437	0	0
0.9934275889496181	0.006572411050381931	4	438	0	0
0.6955366627167052	0.30446333728329494	4	439	0	0
1.0	0.0	4	440	0	0
0.9968234383316398	0.0031765616683601876	4	441	0	0
0.15682341137439673	0.8431765886256034	4	442	0	1
0.9934306189238674	0.006569381076132588	4	443	0	0
1.0	0.0	4	444	0	0
1.0	0.0	4	445	0	0
1.0	0.0	4	446	0	0
1.0	0.0	4	447	0	0
0.9834816468606147	0.016518353139385183	4	448	0	0
0.9836601685428333	0.01633983145716672	4	449	0	0
0.9575406792023671	0.042459320797632906	4	450	0	0
1.0	0.0	4	451	0	0
1.0	0.0	4	452	0	0
1.0	0.0	4	453	0	0
1.0	0.0	4	454	0	0
0.48527334005918654	0.5147266599408135	4	455	0	1
0.9934860129378348	0.006513987062165361	4	456	0	0
1.0	0.0	4	457	0	0
0.8252871766039448	0.17471282339605546	4	458	0	0
1.0	0.0	4	459	0	0
1.0	0.0	4	460	0	0
1.0	0.0	4	461	0	0
1.0	0.0	4	462	0	0
1.0	0.0	4	463	0	0
1.0	0.0	4	464	0	0
1.0	0.0	4	465	0	0
1.0	0.0	4	466	0	0
1.0	0.0	4	467	0	0
1.0	0.0	4	468	0	0
1.0	0.0	4	469	0	0
1.0	0.0	4	470	0	0
0.9967813556829879	0.003218644317012204	4	471	0	0
0.9834933554922604	0.016506644507739556	4	472	0	0
0.9934606031322056	0.006539396867794422	4	473	0	0
1.0	0.0	4	474	0	0
1.0	0.0	4	475	0	0
0.9967205346900094	0.0032794653099905233	4	476	0	0
0.9967007775269625	0.003299222473037371	4	477	0	0
0.9901582168986346	0.009841783101365341	4	478	0	0
0.9934334151359843	0.006566584864015676	4	479	0	0
1.0	0.0	4	480	0	0
0.9473131719216811	0.052686828078318836	4	481	0	0
0.9967391033778906	0.003260896622109377	4	482	0	0
0.9966807973757253	0.0033192026242745394	4	483	0	0
0.9967391033778906	0.003260896622109377	4	484	0	0
1.0	0.0	4	485	0	0
1.0	0.0	4	486	0	0
0.8647924610336682	0.13520753896633173	4	487	0	0
0.9737851853514932	0.026214814648506838	4	488	0	0
0.9571106659618638	0.04288933403813629	4	489	1	0
1.0	0.0	4	490	0	0
0.9967017702221554	0.0032982297778446417	4	491	0	0
0.9933936204252234	0.006606379574776609	4	492	0	0
0.9967017702221554	0.0032982297778446417	4	493	0	0
1.0	0.0	4	494	0	0
1.0	0.0	4	495	0	0
1.0	0.0	4	496	0	0
1.0	0.0	4	497	0	0
1.0	0.0	4	498	0	0
1.0	0.0	4	499	0	0
1.0	0.0	4	500	0	0
0.9869161594737377	0.013083840526262467	4	501	0	0
1.0	0.0	4	502	0	0
0.996749863814193	0.0032501361858069625	4	503	0	0
1.0	0.0	4	504	0	0
0.9900718787832636	0.009928121216736457	4	505	0	0
1.0	0.0	4	506	0	0
0.9967683615819208	0.003231638418079096	4	507	0	0
0.9967651985417282	0.003234801458271751	4	508	0	0
0.996724997507229	0.0032750024927709646	4	509	0	0
0.996724997507229	0.0032750024927709646	4	510	0	0
0.996724997507229	0.0032750024927709646	4	511	0	0
1.0	0.0	4	512	0	0
0.9442192195074176	0.055780780492582484	4	513	1	0
1.0	0.0	4	514	0	0
0.9901343260364407	0.009865673963559389	4	515	0	0
0.44640685594415214	0.5535931440558479	4	516	1	1
1.0	0.0	4	517	0	0
1.0	0.0	4	518	0	0
1.0	0.0	4	519	0	0
1.0	0.0	4	520	0	0
0.323637706293109	0.6763622937068907	4	521	1	1
0.3996579701198859	0.6003420298801139	4	522	1	1
0.9934060697266115	0.006593930273388513	4	523	0	0
1.0	0.0	4	524	0	0
0.9866994159684075	0.013300584031592498	4	525	0	0
0.9835558451166364	0.01644415488336349	4	526	0	0
1.0	0.0	4	527	0	0
1.0	0.0	4	528	0	0
1.0	0.0	4	529	0	0
1.0	0.0	4	530	0	0
1.0	0.0	4	531	0	0
0.9967052921996488	0.0032947078003511413	4	532	0	0
1.0	0.0	4	533	0	0
1.0	0.0	4	534	0	0
1.0	0.0	4	535	0	0
1.0	0.0	4	536	0	0
1.0	0.0	4	537	0	0
1.0	0.0	4	538	0	0
1.0	0.0	4	539	0	0
1.0	0.0	4	540	0	0
1.0	0.0	4	541	0	0
1.0	0.0	4	542	0	0
1.0	0.0	4	543	0	0
1.0	0.0	4	544	0	0
1.0	0.0	4	545	0	0
1.0	0.0	4	546	0	0
1.0	0.0	4	547	0	0
1.0	0.0	4	548	0	0
1.0	0.0	4	549	0	0
1.0	0.0	4	550	0	0
1.0	0.0	4	551	0	0
0.9967557403008709	0.0032442596991290582	4	552	0	0
1.0	0.0	4	553	0	0
0.9868810505177893	0.013118949482210634	4	554	0	0
1.0	0.0	4	555	0	0
0.9901265384464519	0.009873461553547937	4	556	0	0
1.0	0.0	4	557	0	0
1.0	0.0	4	558	0	0
0.9769017535875171	0.023098246412482856	4	559	0	0
1.0	0.0	4	560	0	0
1.0	0.0	4	561	0	0
1.0	0.0	4	562	0	0
1.0	0.0	4	563	0	0
1.0	0.0	4	564	0	0
1.0	0.0	4	565	0	0
1.0	0.0	4	566	0	0
0.9901904017038642	0.009809598296135822	4	567	0	0
0.9901904017038642	0.009809598296135822	4	568	0	0
0.993506582526528	0.006493417473471824	4	569	0	0
0.9934025374855827	0.006597462514417532	4	570	0	0
1.0	0.0	4	571	0	0
0.9869761599168091	0.013023840083190864	4	572	0	0
1.0	0.0	4	573	0	0
1.0	0.0	4	574	0	0
1.0	0.0	4	575	0	0
0.9901276804408508	0.009872319559149129	4	576	0	0
0.993381803362804	0.00661819663719606	4	577	0	0
1.0	0.0	4	578	0	0
1.0	0.0	4	579	0	0
1.0	0.0	4	580	0	0
0.9901157922141794	0.009884207785820493	4	581	0	0
1.0	0.0	4	582	0	0
0.9967022824178581	0.0032977175821419617	4	583	0	0
0.1754083972132135	0.8245916027867863	4	584	0	1
1.0	0.0	4	585	0	0
0.9966827916351726	0.0033172083648274125	4	586	0	0
0.9934423834879048	0.006557616512095113	4	587	0	0
1.0	0.0	4	588	0	0
1.0	0.0	4	589	0	0
0.9935353948573862	0.006464605142613777	4	590	0	0
0.9967586547972305	0.0032413452027695347	4	591	0	0
0.9902446385385066	0.009755361461493325	4	592	0	0
0.9901122784530993	0.009887721546900607	4	593	0	0
0.983503784927621	0.016496215072379052	4	594	0	0
0.9277225925212406	0.07227740747875934	4	595	0	0
1.0	0.0	4	596	0	0
0.9901532330608153	0.009846766939184914	4	597	0	0
1.0	0.0	4	598	0	0
1.0	0.0	4	599	0	0
0.9934306189238674	0.006569381076132588	4	600	0	0
1.0	0.0	4	601	0	0
0.9966972569078784	0.0033027430921217594	4	602	0	0
1.0	0.0	4	603	0	0
1.0	0.0	4	604	0	0
0.7328698100761689	0.2671301899238312	4	605	0	0
0.9637881981586671	0.03621180184133296	4	606	0	0
1.0	0.0	4	607	0	0
1.0	0.0	4	608	0	0
1.0	0.0	4	609	0	0
1.0	0.0	4	610	0	0
1.0	0.0	4	611	0	0
1.0	0.0	4	612	0	0
1.0	0.0	4	613	0	0
1.0	0.0	4	614	0	0
1.0	0.0	4	615	0	0
1.0	0.0	4	616	0	0
1.0	0.0	4	617	0	0
1.0	0.0	4	618	0	0
1.0	0.0	4	619	0	0
1.0	0.0	4	620	0	0
0.9770169875646061	0.022983012435393885	4	621	0	0
0.9770169875646061	0.022983012435393885	4	622	0	0
0.9966888117167446	0.003311188283255322	4	623	0	0
1.0	0.0	4	624	0	0
1.0	0.0	4	625	0	0
1.0	0.0	4	626	0	0
1.0	0.0	4	627	0	0
1.0	0.0	4	628	0	0
0.9967057938299473	0.0032942061700526716	4	629	0	0
1.0	0.0	4	630	0	0
0.9967057938299473	0.0032942061700526716	4	631	0	0
0.9834114679587455	0.016588532041254645	4	632	0	0
1.0	0.0	4	633	0	0
0.9835344345389588	0.01646556546104133	4	634	0	0
0.17067122889980177	0.8293287711001981	4	635	0	1
1.0	0.0	4	636	0	0
0.9966827916351726	0.0033172083648274125	4	637	0	0
1.0	0.0	4	638	0	0
1.0	0.0	4	639	0	0
0.9440103843597009	0.05598961564029904	4	640	0	0
1.0	0.0	4	641	0	0
1.0	0.0	4	642	0	0
1.0	0.0	4	643	0	0
1.0	0.0	4	644	0	0
1.0	0.0	4	645	0	0
1.0	0.0	4	646	0	0
1.0	0.0	4	647	0	0
1.0	0.0	4	648	0	0
1.0	0.0	4	649	0	0
1.0	0.0	4	650	0	0
1.0	0.0	4	651	0	0
1.0	0.0	4	652	0	0
1.0	0.0	4	653	0	0
0.08928017499321736	0.9107198250067831	4	654	0	1
0.9801783512425792	0.019821648757420707	4	655	0	0
0.9737762599148487	0.026223740085151236	4	656	0	0
1.0	0.0	4	657	0	0
1.0	0.0	4	658	0	0
1.0	0.0	4	659	0	0
1.0	0.0	4	660	0	0
1.0	0.0	4	661	0	0
0.9966906583832108	0.003309341616789151	4	662	0	0
1.0	0.0	4	663	0	0
1.0	0.0	4	664	0	0
1.0	0.0	4	665	0	0
1.0	0.0	4	666	0	0
1.0	0.0	4	667	0	0
1.0	0.0	4	668	0	0
1.0	0.0	4	669	0	0
0.9967412485039121	0.0032587514960879162	4	670	0	0
0.9967412485039121	0.0032587514960879162	4	671	0	0
0.9967412485039121	0.0032587514960879162	4	672	0	0
1.0	0.0	4	673	0	0
1.0	0.0	4	674	0	0
1.0	0.0	4	675	0	0
1.0	0.0	4	676	0	0
1.0	0.0	4	677	0	0
1.0	0.0	4	678	0	0
0.9967412485039121	0.0032587514960879162	4	679	0	0
0.9967412485039121	0.0032587514960879162	4	680	0	0
0.9967412485039121	0.0032587514960879162	4	681	0	0
1.0	0.0	4	682	0	0
1.0	0.0	4	683	0	0
1.0	0.0	4	684	0	0
0.9967412485039121	0.0032587514960879162	4	685	0	0
0.9967412485039121	0.0032587514960879162	4	686	0	0
1.0	0.0	4	687	0	0
1.0	0.0	4	688	0	0
1.0	0.0	4	689	0	0
1.0	0.0	4	690	0	0
1.0	0.0	4	691	0	0
1.0	0.0	4	692	0	0
0.9967086708670867	0.0032913291329132914	4	693	0	0
0.9966777760945312	0.0033222239054688683	4	694	0	0
1.0	0.0	4	695	0	0
1.0	0.0	4	696	0	0
1.0	0.0	4	697	0	0
1.0	0.0	4	698	0	0
0.9934236094389632	0.006576390561036821	4	699	0	0
0.990197078270157	0.009802921729843038	4	700	0	0
0.9901948875249271	0.009805112475072946	4	701	0	0
0.9967459727385377	0.0032540272614622057	4	702	0	0
0.8256694266803004	0.17433057331969956	4	703	0	0
0.9869855788047308	0.01301442119526923	4	704	0	0
1.0	0.0	4	705	0	0
0.9967012687427913	0.003298731257208766	4	706	0	0
1.0	0.0	4	707	0	0
1.0	0.0	4	708	0	0
1.0	0.0	4	709	0	0
1.0	0.0	4	710	0	0
1.0	0.0	4	711	0	0
1.0	0.0	4	712	0	0
0.9902137049319526	0.00978629506804731	4	713	0	0
1.0	0.0	4	714	0	0
1.0	0.0	4	715	0	0
0.9705426246880279	0.02945737531197202	4	716	0	0
1.0	0.0	4	717	0	0
1.0	0.0	4	718	0	0
1.0	0.0	4	719	0	0
1.0	0.0	4	720	0	0
1.0	0.0	4	721	0	0
1.0	0.0	4	722	0	0
1.0	0.0	4	723	0	0
1.0	0.0	4	724	0	0
1.0	0.0	4	725	0	0
1.0	0.0	4	726	0	0
1.0	0.0	4	727	0	0
0.9966770429985068	0.00332295700149318	4	728	0	0
0.9966967554285141	0.0033032445714858832	4	729	0	0
1.0	0.0	4	730	0	0
1.0	0.0	4	731	0	0
1.0	0.0	4	732	0	0
1.0	0.0	4	733	0	0
1.0	0.0	4	734	0	0
1.0	0.0	4	735	0	0
1.0	0.0	4	736	0	0
1.0	0.0	4	737	0	0
0.9934575506386177	0.006542449361382069	4	738	0	0
1.0	0.0	4	739	0	0
1.0	0.0	4	740	0	0
1.0	0.0	4	741	0	0
1.0	0.0	4	742	0	0
1.0	0.0	4	743	0	0
1.0	0.0	4	744	0	0
1.0	0.0	4	745	0	0
1.0	0.0	4	746	0	0
1.0	0.0	4	747	0	0
1.0	0.0	4	748	0	0
1.0	0.0	4	749	0	0
0.9705862634624299	0.029413736537570064	4	750	0	0
0.7788349166670184	0.22116508333298163	4	751	0	0
0.9868220875058941	0.013177912494105921	4	752	0	0
0.9868220875058941	0.013177912494105921	4	753	0	0
0.9934512297378054	0.006548770262194688	4	754	0	0
0.9736597695408915	0.026340230459108722	4	755	0	0
0.9870501695030185	0.012949830496981405	4	756	0	0
0.9870501695030185	0.012949830496981405	4	757	0	0
0.9870501695030185	0.012949830496981405	4	758	0	0
0.9870501695030185	0.012949830496981405	4	759	0	0
0.9768583462778873	0.02314165372211286	4	760	0	0
0.9870501695030185	0.012949830496981405	4	761	0	0
0.8913617281896016	0.10863827181039873	4	762	0	0
0.1390378450986004	0.8609621549013997	4	763	0	1
0.17348288562667966	0.8265171143733201	4	764	0	1
1.0	0.0	4	765	0	0
0.9966845647735006	0.003315435226499282	4	766	0	0
0.9836216471327881	0.01637835286721203	4	767	0	0
0.9900785638563214	0.00992143614367869	4	768	0	0
0.8023342365235059	0.1976657634764941	4	769	0	0
0.894912467813689	0.10508753218631095	4	770	0	0
0.8719628882701926	0.12803711172980747	4	771	0	0
0.9868657924079677	0.013134207592032378	4	772	0	0
0.8915511123570274	0.10844888764297235	4	773	0	0
0.9835771160146446	0.016422883985355356	4	774	0	0
1.0	0.0	4	775	0	0
1.0	0.0	4	776	0	0
1.0	0.0	4	777	0	0
1.0	0.0	4	778	0	0
1.0	0.0	4	779	0	0
0.993418750942549	0.0065812490574509944	4	780	0	0
0.9143888218735063	0.08561117812649366	4	781	0	0
0.9835286058539272	0.01647139414607285	4	782	0	0
1.0	0.0	4	783	0	0
1.0	0.0	4	784	0	0
1.0	0.0	4	785	0	0
1.0	0.0	4	786	0	0
1.0	0.0	4	787	0	0
1.0	0.0	4	788	0	0
1.0	0.0	4	789	0	0
1.0	0.0	4	790	0	0
1.0	0.0	4	791	0	0
1.0	0.0	4	792	0	0
1.0	0.0	4	793	0	0
1.0	0.0	4	794	0	0
1.0	0.0	4	795	0	0
0.9934467802000597	0.0065532197999401956	4	796	0	0
1.0	0.0	4	797	0	0
1.0	0.0	4	798	0	0
1.0	0.0	4	799	0	0
1.0	0.0	4	800	0	0
1.0	0.0	4	801	0	0
1.0	0.0	4	802	0	0
1.0	0.0	4	803	0	0
1.0	0.0	4	804	0	0
1.0	0.0	4	805	0	0
1.0	0.0	4	806	0	0
0.9966807973757253	0.0033192026242745394	4	807	0	0
1.0	0.0	4	808	0	0
1.0	0.0	4	809	0	0
1.0	0.0	4	810	0	0
1.0	0.0	4	811	0	0
1.0	0.0	4	812	0	0
1.0	0.0	4	813	0	0
1.0	0.0	4	814	0	0
1.0	0.0	4	815	0	0
1.0	0.0	4	816	0	0
1.0	0.0	4	817	0	0
1.0	0.0	4	818	0	0
0.9967813556829879	0.003218644317012204	4	819	0	0
0.9276104821544872	0.07238951784551284	4	820	0	0
0.862010465593036	0.13798953440696388	4	821	0	0
0.9770026536717489	0.02299734632825112	4	822	0	0
0.9900600940166362	0.009939905983363806	4	823	0	0
0.9900600940166362	0.009939905983363806	4	824	0	0
0.8912149932639231	0.1087850067360768	4	825	0	0
0.9900255995332031	0.009974400466796787	4	826	0	0
0.9934075634466848	0.006592436553315278	4	827	0	0
0.9870594106032328	0.012940589396767399	4	828	0	0
1.0	0.0	4	829	0	0
0.960524822566566	0.03947517743343405	4	830	0	0
1.0	0.0	4	831	0	0
1.0	0.0	4	832	0	0
1.0	0.0	4	833	0	0
1.0	0.0	4	834	0	0
1.0	0.0	4	835	0	0
0.9967086708670867	0.0032913291329132914	4	836	0	0
1.0	0.0	4	837	0	0
1.0	0.0	4	838	0	0
1.0	0.0	4	839	0	0
1.0	0.0	4	840	0	0
1.0	0.0	4	841	0	0
1.0	0.0	4	842	0	0
1.0	0.0	4	843	0	0
0.8086186905890086	0.19138130941099157	4	844	0	0
0.9606870121864135	0.039312987813586615	4	845	0	0
0.9411774915227334	0.058822508477266666	4	846	0	0
1.0	0.0	4	847	0	0
0.6408844877904722	0.35911551220952787	4	848	0	0
0.9539079458124424	0.04609205418755761	4	849	0	0
0.9901935474575265	0.00980645254247351	4	850	0	0
1.0	0.0	4	851	0	0
0.9966947579633809	0.0033052420366190115	4	852	0	0
1.0	0.0	4	853	0	0
1.0	0.0	4	854	0	0
1.0	0.0	4	855	0	0
1.0	0.0	4	856	0	0
0.9868762886626133	0.013123711337386403	4	857	0	0
0.730059643499139	0.2699403565008608	4	858	0	0
0.9967057820570684	0.0032942179429316485	4	859	0	0
0.9934944361183172	0.006505563881682772	4	860	0	0
1.0	0.0	4	861	0	0
0.9671063338282263	0.03289366617177376	4	862	0	0
1.0	0.0	4	863	0	0
1.0	0.0	4	864	0	0
1.0	0.0	4	865	0	0
0.9933897308292421	0.006610269170757795	4	866	0	0
0.9933897308292421	0.006610269170757795	4	867	0	0
0.9933897308292421	0.006610269170757795	4	868	0	0
1.0	0.0	4	869	0	0
1.0	0.0	4	870	0	0
1.0	0.0	4	871	0	0
1.0	0.0	4	872	0	0
1.0	0.0	4	873	0	0
1.0	0.0	4	874	0	0
1.0	0.0	4	875	0	0
1.0	0.0	4	876	0	0
1.0	0.0	4	877	0	0
1.0	0.0	4	878	0	0
1.0	0.0	4	879	0	0
1.0	0.0	4	880	0	0
1.0	0.0	4	881	0	0
1.0	0.0	4	882	0	0
1.0	0.0	4	883	0	0
1.0	0.0	4	884	0	0
1.0	0.0	4	885	0	0
1.0	0.0	4	886	0	0
1.0	0.0	4	887	0	0
0.9935381189544633	0.006461881045536777	4	888	0	0
0.3844161775125873	0.6155838224874131	4	889	1	1
0.10516747090775423	0.8948325290922458	4	890	1	1
0.9571797503093904	0.042820249690609574	4	891	0	0
0.001266973716823144	0.998733026283177	4	892	1	1
0.03862726277540449	0.9613727372245959	4	893	1	1
0.1390328882995542	0.8609671117004457	4	894	1	1
0.13130750405803185	0.8686924959419683	4	895	1	1
1.0	0.0	4	896	0	0
0.9866929634729422	0.013307036527057827	4	897	0	0
0.9866929634729422	0.013307036527057827	4	898	0	0
0.9866929634729422	0.013307036527057827	4	899	0	0
1.0	0.0	4	900	0	0
0.9866929634729422	0.013307036527057827	4	901	0	0
0.9866929634729422	0.013307036527057827	4	902	0	0
0.029406874178303184	0.9705931258216971	4	903	1	1
0.990166385189274	0.00983361481072607	4	904	0	0
0.3050729229980071	0.6949270770019925	4	905	1	1
0.05130011607877557	0.9486998839212246	4	906	1	1
0.18193913824826707	0.818060861751733	4	907	1	1
0.9938076421173101	0.006192357882690029	4	908	0	0
0.9938076421173101	0.006192357882690029	4	909	0	0
1.0	0.0	4	910	0	0
1.0	0.0	4	911	0	0
1.0	0.0	4	912	0	0
1.0	0.0	4	913	0	0
1.0	0.0	4	914	0	0
1.0	0.0	4	915	0	0
1.0	0.0	4	916	0	0
1.0	0.0	4	917	0	0
1.0	0.0	4	918	0	0
1.0	0.0	4	919	0	0
1.0	0.0	4	920	0	0
1.0	0.0	4	921	0	0
1.0	0.0	4	922	0	0
1.0	0.0	4	923	0	0
0.9848815468710895	0.015118453128910475	4	924	0	0
1.0	0.0	4	925	0	0
1.0	0.0	4	926	0	0
1.0	0.0	4	927	0	0
1.0	0.0	4	928	0	0
1.0	0.0	4	929	0	0
1.0	0.0	4	930	0	0
0.997756744773014	0.002243255226985913	4	931	0	0
1.0	0.0	4	932	0	0
0.997756744773014	0.002243255226985913	4	933	0	0
1.0	0.0	4	934	0	0
1.0	0.0	4	935	0	0
1.0	0.0	4	936	0	0
1.0	0.0	4	937	0	0
0.9751063752431188	0.024893624756881397	4	938	0	0
1.0	0.0	4	939	0	0
1.0	0.0	4	940	0	0
1.0	0.0	4	941	0	0
1.0	0.0	4	942	0	0
1.0	0.0	4	943	0	0
1.0	0.0	4	944	0	0
1.0	0.0	4	945	0	0
1.0	0.0	4	946	0	0
1.0	0.0	4	947	0	0
0.15494496351002437	0.8450550364899759	4	948	1	1
1.0	0.0	4	949	0	0
1.0	0.0	4	950	0	0
1.0	0.0	4	951	0	0
1.0	0.0	4	952	0	0
1.0	0.0	4	953	0	0
1.0	0.0	4	954	0	0
1.0	0.0	4	955	0	0
0.9975363187060058	0.00246368129399431	4	956	0	0
0.9970064586679424	0.0029935413320575487	4	957	0	0
0.9968158106133194	0.003184189386680604	4	958	0	0
1.0	0.0	4	959	0	0
0.980227797249928	0.019772202750072135	4	960	0	0
0.9848815468710895	0.015118453128910475	4	961	0	0
1.0	0.0	4	962	0	0
1.0	0.0	4	963	0	0
1.0	0.0	4	964	0	0
1.0	0.0	4	965	0	0
1.0	0.0	4	966	0	0
1.0	0.0	4	967	0	0
1.0	0.0	4	968	0	0
1.0	0.0	4	969	0	0
1.0	0.0	4	970	0	0
1.0	0.0	4	971	0	0
1.0	0.0	4	972	0	0
1.0	0.0	4	973	0	0
1.0	0.0	4	974	0	0
1.0	0.0	4	975	0	0
1.0	0.0	4	976	0	0
1.0	0.0	4	977	0	0
1.0	0.0	4	978	0	0
1.0	0.0	4	979	0	0
1.0	0.0	4	980	0	0
1.0	0.0	4	981	0	0
1.0	0.0	4	982	0	0
1.0	0.0	4	983	0	0
1.0	0.0	4	984	0	0
1.0	0.0	4	985	0	0
1.0	0.0	4	986	0	0
1.0	0.0	4	987	0	0
1.0	0.0	4	988	0	0
1.0	0.0	4	989	0	0
1.0	0.0	4	990	0	0
1.0	0.0	4	991	0	0
1.0	0.0	4	992	0	0
1.0	0.0	4	993	0	0
1.0	0.0	4	994	0	0
1.0	0.0	4	995	0	0
1.0	0.0	4	996	0	0
1.0	0.0	4	997	0	0
1.0	0.0	4	998	0	0
1.0	0.0	4	999	0	0
1.0	0.0	4	1000	0	0
1.0	0.0	4	1001	0	0
1.0	0.0	4	1002	0	0
1.0	0.0	4	1003	0	0
1.0	0.0	4	1004	0	0
0.9966931829624408	0.0033068170375591586	4	1005	0	0
0.9966931829624408	0.0033068170375591586	4	1006	0	0
1.0	0.0	4	1007	0	0
0.019190713679062023	0.9808092863209379	4	1008	1	1
1.0	0.0	4	1009	0	0
1.0	0.0	4	1010	0	0
1.0	0.0	4	1011	0	0
1.0	0.0	4	1012	0	0
1.0	0.0	4	1013	0	0
1.0	0.0	4	1014	0	0
1.0	0.0	4	1015	0	0
1.0	0.0	4	1016	0	0
1.0	0.0	4	1017	0	0
1.0	0.0	4	1018	0	0
1.0	0.0	4	1019	0	0
1.0	0.0	4	1020	0	0
1.0	0.0	4	1021	0	0
1.0	0.0	4	1022	0	0
1.0	0.0	4	1023	0	0
1.0	0.0	4	1024	0	0
0.9967027731808836	0.0032972268191163935	4	1025	0	0
1.0	0.0	4	1026	0	0
1.0	0.0	4	1027	0	0
1.0	0.0	4	1028	0	0
1.0	0.0	4	1029	0	0
1.0	0.0	4	1030	0	0
0.9968192300593868	0.003180769940613257	4	1031	0	0
1.0	0.0	4	1032	0	0
1.0	0.0	4	1033	0	0
1.0	0.0	4	1034	0	0
1.0	0.0	4	1035	0	0
1.0	0.0	4	1036	0	0
1.0	0.0	4	1037	0	0
1.0	0.0	4	1038	0	0
1.0	0.0	4	1039	0	0
1.0	0.0	4	1040	0	0
1.0	0.0	4	1041	0	0
1.0	0.0	4	1042	0	0
1.0	0.0	4	1043	0	0
1.0	0.0	4	1044	0	0
1.0	0.0	4	1045	0	0
1.0	0.0	4	1046	0	0
1.0	0.0	4	1047	0	0
1.0	0.0	4	1048	0	0
1.0	0.0	4	1049	0	0
1.0	0.0	4	1050	0	0
1.0	0.0	4	1051	0	0
1.0	0.0	4	1052	0	0
0.9540386571959893	0.04596134280401075	4	1053	0	0
1.0	0.0	4	1054	0	0
1.0	0.0	4	1055	0	0
0.9971382622680054	0.0028617377319946117	4	1056	0	0
1.0	0.0	4	1057	0	0
1.0	0.0	4	1058	0	0
1.0	0.0	4	1059	0	0
1.0	0.0	4	1060	0	0
1.0	0.0	4	1061	0	0
1.0	0.0	4	1062	0	0
1.0	0.0	4	1063	0	0
1.0	0.0	4	1064	0	0
0.9968428537099078	0.0031571462900923065	4	1065	0	0
1.0	0.0	4	1066	0	0
1.0	0.0	4	1067	0	0
1.0	0.0	4	1068	0	0
1.0	0.0	4	1069	0	0
1.0	0.0	4	1070	0	0
1.0	0.0	4	1071	0	0
1.0	0.0	4	1072	0	0
0.9772052450797513	0.02279475492024878	4	1073	0	0
1.0	0.0	4	1074	0	0
1.0	0.0	4	1075	0	0
1.0	0.0	4	1076	0	0
1.0	0.0	4	1077	0	0
1.0	0.0	4	1078	0	0
1.0	0.0	4	1079	0	0
0.996712301288802	0.003287698711198034	4	1080	0	0
1.0	0.0	4	1081	0	0
1.0	0.0	4	1082	0	0
1.0	0.0	4	1083	0	0
1.0	0.0	4	1084	0	0
1.0	0.0	4	1085	0	0
1.0	0.0	4	1086	0	0
1.0	0.0	4	1087	0	0
1.0	0.0	4	1088	0	0
1.0	0.0	4	1089	0	0
1.0	0.0	4	1090	0	0
1.0	0.0	4	1091	0	0
1.0	0.0	4	1092	0	0
1.0	0.0	4	1093	0	0
1.0	0.0	4	1094	0	0
1.0	0.0	4	1095	0	0
1.0	0.0	4	1096	0	0
0.9966666666666667	0.0033333333333333335	4	1097	0	0
1.0	0.0	4	1098	0	0
1.0	0.0	4	1099	0	0
1.0	0.0	4	1100	0	0
1.0	0.0	4	1101	0	0
1.0	0.0	4	1102	0	0
1.0	0.0	4	1103	0	0
1.0	0.0	4	1104	0	0
1.0	0.0	4	1105	0	0
1.0	0.0	4	1106	0	0
1.0	0.0	4	1107	0	0
1.0	0.0	4	1108	0	0
1.0	0.0	4	1109	0	0
1.0	0.0	4	1110	0	0
1.0	0.0	4	1111	0	0
1.0	0.0	4	1112	0	0
1.0	0.0	4	1113	0	0
1.0	0.0	4	1114	0	0
0.7596993777260392	0.2403006222739606	4	1115	1	0
0.9716916874367107	0.028308312563289407	4	1116	0	0
1.0	0.0	4	1117	0	0
1.0	0.0	4	1118	0	0
1.0	0.0	4	1119	0	0
1.0	0.0	4	1120	0	0
1.0	0.0	4	1121	0	0
1.0	0.0	4	1122	0	0
1.0	0.0	4	1123	0	0
1.0	0.0	4	1124	0	0
1.0	0.0	4	1125	0	0
1.0	0.0	4	1126	0	0
1.0	0.0	4	1127	0	0
1.0	0.0	4	1128	0	0
1.0	0.0	4	1129	0	0
1.0	0.0	4	1130	0	0
1.0	0.0	4	1131	0	0
0.7038560236189549	0.296143976381045	4	1132	0	0
1.0	0.0	4	1133	0	0
0.996740090291214	0.0032599097087860295	4	1134	0	0
0.996740090291214	0.0032599097087860295	4	1135	0	0
1.0	0.0	4	1136	0	0
0.006589416107211693	0.9934105838927885	4	1137	1	1
0.08872347411712198	0.9112765258828779	4	1138	1	1
1.0	0.0	4	1139	0	0
1.0	0.0	4	1140	0	0
1.0	0.0	4	1141	0	0
1.0	0.0	4	1142	0	0
1.0	0.0	4	1143	0	0
1.0	0.0	4	1144	0	0
1.0	0.0	4	1145	0	0
1.0	0.0	4	1146	0	0
0.9555948557173904	0.04440514428260962	4	1147	0	0
1.0	0.0	4	1148	0	0
1.0	0.0	4	1149	0	0
1.0	0.0	4	1150	0	0
1.0	0.0	4	1151	0	0
0.19077900355485747	0.8092209964451421	4	1152	1	1
1.0	0.0	4	1153	0	0
1.0	0.0	4	1154	0	0
1.0	0.0	4	1155	0	0
1.0	0.0	4	1156	0	0
1.0	0.0	4	1157	0	0
0.9903526148531413	0.009647385146858638	4	1158	0	0
1.0	0.0	4	1159	0	0
1.0	0.0	4	1160	0	0
1.0	0.0	4	1161	0	0
1.0	0.0	4	1162	0	0
1.0	0.0	4	1163	0	0
1.0	0.0	4	1164	0	0
1.0	0.0	4	1165	0	0
1.0	0.0	4	1166	0	0
1.0	0.0	4	1167	0	0
1.0	0.0	4	1168	0	0
1.0	0.0	4	1169	0	0
1.0	0.0	4	1170	0	0
1.0	0.0	4	1171	0	0
1.0	0.0	4	1172	0	0
1.0	0.0	4	1173	0	0
1.0	0.0	4	1174	0	0
1.0	0.0	4	1175	0	0
1.0	0.0	4	1176	0	0
1.0	0.0	4	1177	0	0
1.0	0.0	4	1178	0	0
1.0	0.0	4	1179	0	0
1.0	0.0	4	1180	0	0
1.0	0.0	4	1181	0	0
1.0	0.0	4	1182	0	0
1.0	0.0	4	1183	0	0
1.0	0.0	4	1184	0	0
1.0	0.0	4	1185	0	0
1.0	0.0	4	1186	0	0
1.0	0.0	4	1187	0	0
1.0	0.0	4	1188	0	0
1.0	0.0	4	1189	0	0
0.9967381058689287	0.0032618941310710923	4	1190	0	0
1.0	0.0	4	1191	0	0
1.0	0.0	4	1192	0	0
1.0	0.0	4	1193	0	0
1.0	0.0	4	1194	0	0
0.9605730020239601	0.03942699797603985	4	1195	0	0
1.0	0.0	4	1196	0	0
0.9868394030915468	0.013160596908453101	4	1197	0	0
1.0	0.0	4	1198	0	0
1.0	0.0	4	1199	0	0
1.0	0.0	4	1200	0	0
1.0	0.0	4	1201	0	0
1.0	0.0	4	1202	0	0
1.0	0.0	4	1203	0	0
1.0	0.0	4	1204	0	0
1.0	0.0	4	1205	0	0
1.0	0.0	4	1206	0	0
1.0	0.0	4	1207	0	0
1.0	0.0	4	1208	0	0
1.0	0.0	4	1209	0	0
1.0	0.0	4	1210	0	0
1.0	0.0	4	1211	0	0
1.0	0.0	4	1212	0	0
1.0	0.0	4	1213	0	0
1.0	0.0	4	1214	0	0
1.0	0.0	4	1215	0	0
1.0	0.0	4	1216	0	0
1.0	0.0	4	1217	0	0
1.0	0.0	4	1218	0	0
1.0	0.0	4	1219	0	0
1.0	0.0	4	1220	0	0
1.0	0.0	4	1221	0	0
1.0	0.0	4	1222	0	0
1.0	0.0	4	1223	0	0
0.9902335825803322	0.009766417419667732	4	1224	0	0
1.0	0.0	4	1225	0	0
1.0	0.0	4	1226	0	0
1.0	0.0	4	1227	0	0
0.9971382622680054	0.0028617377319946117	4	1228	0	0
0.1566740095484928	0.8433259904515067	4	1229	1	1
1.0	0.0	4	1230	0	0
1.0	0.0	4	1231	0	0
1.0	0.0	4	1232	0	0
1.0	0.0	4	1233	0	0
1.0	0.0	4	1234	0	0
1.0	0.0	4	1235	0	0
1.0	0.0	4	1236	0	0
1.0	0.0	4	1237	0	0
1.0	0.0	4	1238	0	0
1.0	0.0	4	1239	0	0
1.0	0.0	4	1240	0	0
1.0	0.0	4	1241	0	0
1.0	0.0	4	1242	0	0
1.0	0.0	4	1243	0	0
1.0	0.0	4	1244	0	0
1.0	0.0	4	1245	0	0
1.0	0.0	4	1246	0	0
1.0	0.0	4	1247	0	0
1.0	0.0	4	1248	0	0
1.0	0.0	4	1249	0	0
1.0	0.0	4	1250	0	0
1.0	0.0	4	1251	0	0
1.0	0.0	4	1252	0	0
1.0	0.0	4	1253	0	0
0.07956838291554937	0.920431617084451	4	1254	1	1
1.0	0.0	4	1255	0	0
0.03214760910421539	0.9678523908957849	4	1256	1	1
1.0	0.0	4	1257	0	0
1.0	0.0	4	1258	0	0
1.0	0.0	4	1259	0	0
1.0	0.0	4	1260	0	0
1.0	0.0	4	1261	0	0
1.0	0.0	4	1262	0	0
1.0	0.0	4	1263	0	0
1.0	0.0	4	1264	0	0
1.0	0.0	4	1265	0	0
1.0	0.0	4	1266	0	0
1.0	0.0	4	1267	0	0
1.0	0.0	4	1268	0	0
1.0	0.0	4	1269	0	0
1.0	0.0	4	1270	0	0
1.0	0.0	4	1271	0	0
1.0	0.0	4	1272	0	0
1.0	0.0	4	1273	0	0
1.0	0.0	4	1274	0	0
1.0	0.0	4	1275	0	0
0.9571327995123744	0.04286720048762559	4	1276	0	0
1.0	0.0	4	1277	0	0
1.0	0.0	4	1278	0	0
0.9902488011865626	0.009751198813437507	4	1279	0	0
1.0	0.0	4	1280	0	0
0.9902488011865626	0.009751198813437507	4	1281	0	0
1.0	0.0	4	1282	0	0
1.0	0.0	4	1283	0	0
1.0	0.0	4	1284	0	0
1.0	0.0	4	1285	0	0
1.0	0.0	4	1286	0	0
1.0	0.0	4	1287	0	0
1.0	0.0	4	1288	0	0
1.0	0.0	4	1289	0	0
1.0	0.0	4	1290	0	0
1.0	0.0	4	1291	0	0
0.9115898014715301	0.08841019852846997	4	1292	0	0
1.0	0.0	4	1293	0	0
1.0	0.0	4	1294	0	0
1.0	0.0	4	1295	0	0
1.0	0.0	4	1296	0	0
1.0	0.0	4	1297	0	0
1.0	0.0	4	1298	0	0
1.0	0.0	4	1299	0	0
1.0	0.0	4	1300	0	0
0.9802576497717276	0.01974235022827243	4	1301	0	0
1.0	0.0	4	1302	0	0
1.0	0.0	4	1303	0	0
1.0	0.0	4	1304	0	0
1.0	0.0	4	1305	0	0
1.0	0.0	4	1306	0	0
1.0	0.0	4	1307	0	0
1.0	0.0	4	1308	0	0
0.9836213620728035	0.016378637927196602	4	1309	0	0
1.0	0.0	4	1310	0	0
1.0	0.0	4	1311	0	0
1.0	0.0	4	1312	0	0
1.0	0.0	4	1313	0	0
1.0	0.0	4	1314	0	0
1.0	0.0	4	1315	0	0
1.0	0.0	4	1316	0	0
1.0	0.0	4	1317	0	0
1.0	0.0	4	1318	0	0
1.0	0.0	4	1319	0	0
1.0	0.0	4	1320	0	0
1.0	0.0	4	1321	0	0
1.0	0.0	4	1322	0	0
1.0	0.0	4	1323	0	0
1.0	0.0	4	1324	0	0
1.0	0.0	4	1325	0	0
1.0	0.0	4	1326	0	0
1.0	0.0	4	1327	0	0
1.0	0.0	4	1328	0	0
1.0	0.0	4	1329	0	0
1.0	0.0	4	1330	0	0
1.0	0.0	4	1331	0	0
1.0	0.0	4	1332	0	0
0.996858588752029	0.0031414112479709734	4	1333	0	0
1.0	0.0	4	1334	0	0
1.0	0.0	4	1335	0	0
1.0	0.0	4	1336	0	0
1.0	0.0	4	1337	0	0
1.0	0.0	4	1338	0	0
1.0	0.0	4	1339	0	0
1.0	0.0	4	1340	0	0
1.0	0.0	4	1341	0	0
1.0	0.0	4	1342	0	0
1.0	0.0	4	1343	0	0
1.0	0.0	4	1344	0	0
1.0	0.0	4	1345	0	0
1.0	0.0	4	1346	0	0
1.0	0.0	4	1347	0	0
1.0	0.0	4	1348	0	0
0.986938426330053	0.013061573669946874	4	1349	0	0
1.0	0.0	4	1350	0	0
0.19737572247348376	0.8026242775265162	4	1351	0	1
1.0	0.0	4	1352	0	0
1.0	0.0	4	1353	0	0
1.0	0.0	4	1354	0	0
1.0	0.0	4	1355	0	0
1.0	0.0	4	1356	0	0
1.0	0.0	4	1357	0	0
0.9971092377941693	0.0028907622058307017	4	1358	0	0
0.9971092377941693	0.0028907622058307017	4	1359	0	0
1.0	0.0	4	1360	0	0
1.0	0.0	4	1361	0	0
1.0	0.0	4	1362	0	0
1.0	0.0	4	1363	0	0
0.9967017702221554	0.0032982297778446417	4	1364	0	0
1.0	0.0	4	1365	0	0
1.0	0.0	4	1366	0	0
1.0	0.0	4	1367	0	0
1.0	0.0	4	1368	0	0
1.0	0.0	4	1369	0	0
1.0	0.0	4	1370	0	0
0.9970064586679424	0.0029935413320575487	4	1371	0	0
1.0	0.0	4	1372	0	0
1.0	0.0	4	1373	0	0
1.0	0.0	4	1374	0	0
0.9836064521519474	0.016393547848052577	4	1375	0	0
0.9936772336130717	0.006322766386928392	4	1376	0	0
1.0	0.0	4	1377	0	0
1.0	0.0	4	1378	0	0
1.0	0.0	4	1379	0	0
1.0	0.0	4	1380	0	0
1.0	0.0	4	1381	0	0
1.0	0.0	4	1382	0	0
1.0	0.0	4	1383	0	0
1.0	0.0	4	1384	0	0
1.0	0.0	4	1385	0	0
1.0	0.0	4	1386	0	0
1.0	0.0	4	1387	0	0
1.0	0.0	4	1388	0	0
1.0	0.0	4	1389	0	0
1.0	0.0	4	1390	0	0
1.0	0.0	4	1391	0	0
0.5588897979753217	0.4411102020246783	4	1392	1	0
1.0	0.0	4	1393	0	0
0.9937573129243678	0.006242687075632055	4	1394	0	0
0.9147892794546066	0.08521072054539301	4	1395	0	0
1.0	0.0	4	1396	0	0
1.0	0.0	4	1397	0	0
1.0	0.0	4	1398	0	0
1.0	0.0	4	1399	0	0
1.0	0.0	4	1400	0	0
1.0	0.0	4	1401	0	0
1.0	0.0	4	1402	0	0
1.0	0.0	4	1403	0	0
1.0	0.0	4	1404	0	0
0.9973124488124487	0.0026875511875511875	4	1405	0	0
1.0	0.0	4	1406	0	0
1.0	0.0	4	1407	0	0
1.0	0.0	4	1408	0	0
0.9967770094649602	0.0032229905350399687	4	1409	0	0
1.0	0.0	4	1410	0	0
1.0	0.0	4	1411	0	0
1.0	0.0	4	1412	0	0
1.0	0.0	4	1413	0	0
0.9738935988967268	0.026106401103273454	4	1414	0	0
1.0	0.0	4	1415	0	0
1.0	0.0	4	1416	0	0
1.0	0.0	4	1417	0	0
1.0	0.0	4	1418	0	0
1.0	0.0	4	1419	0	0
1.0	0.0	4	1420	0	0
1.0	0.0	4	1421	0	0
1.0	0.0	4	1422	0	0
1.0	0.0	4	1423	0	0
1.0	0.0	4	1424	0	0
1.0	0.0	4	1425	0	0
1.0	0.0	4	1426	0	0
1.0	0.0	4	1427	0	0
0.990207317552094	0.00979268244790602	4	1428	0	0
1.0	0.0	4	1429	0	0
1.0	0.0	4	1430	0	0
1.0	0.0	4	1431	0	0
1.0	0.0	4	1432	0	0
1.0	0.0	4	1433	0	0
1.0	0.0	4	1434	0	0
0.996697763065503	0.0033022369344969404	4	1435	0	0
1.0	0.0	4	1436	0	0
1.0	0.0	4	1437	0	0
1.0	0.0	4	1438	0	0
1.0	0.0	4	1439	0	0
1.0	0.0	4	1440	0	0
1.0	0.0	4	1441	0	0
1.0	0.0	4	1442	0	0
1.0	0.0	4	1443	0	0
1.0	0.0	4	1444	0	0
1.0	0.0	4	1445	0	0
1.0	0.0	4	1446	0	0
1.0	0.0	4	1447	0	0
1.0	0.0	4	1448	0	0
1.0	0.0	4	1449	0	0
1.0	0.0	4	1450	0	0
1.0	0.0	4	1451	0	0
1.0	0.0	4	1452	0	0
0.9604836156086611	0.03951638439133917	4	1453	0	0
1.0	0.0	4	1454	0	0
0.8420119535572969	0.15798804644270312	4	1455	0	0
0.0007595602179593282	0.9992404397820406	4	1456	1	1
0.5278911111592431	0.4721088888407569	4	1457	1	0
0.29917986785028355	0.7008201321497166	4	1458	1	1
0.9571493696214016	0.04285063037859834	4	1459	0	0
0.9967067910522621	0.003293208947737988	4	1460	0	0
1.0	0.0	4	1461	0	0
1.0	0.0	4	1462	0	0
0.9967022770588826	0.003297722941117464	4	1463	0	0
0.13588858589491987	0.86411141410508	4	1464	1	1
0.99346405258866	0.006535947411340065	4	1465	0	0
0.9968215928346648	0.00317840716533527	4	1466	0	0
0.9013916378184386	0.09860836218156145	4	1467	0	0
1.0	0.0	4	1468	0	0
0.9179069662147573	0.08209303378524264	4	1469	0	0
1.0	0.0	4	1470	0	0
1.0	0.0	4	1471	0	0
0.9934427045886152	0.006557295411384798	4	1472	0	0
1.0	0.0	4	1473	0	0
1.0	0.0	4	1474	0	0
1.0	0.0	4	1475	0	0
0.9835110755948565	0.016488924405143497	4	1476	0	0
0.9967625934671389	0.003237406532861078	4	1477	0	0
1.0	0.0	4	1478	0	0
0.9736984711558563	0.026301528844143864	4	1479	0	0
0.9902180596685266	0.00978194033147353	4	1480	0	0
0.7960021317450051	0.20399786825499475	4	1481	0	0
0.17606424885688823	0.8239357511431118	4	1482	1	1
1.0	0.0	4	1483	0	0
0.9966987710057688	0.003301228994231252	4	1484	0	0
0.9966987710057688	0.003301228994231252	4	1485	0	0
0.9967651985417282	0.003234801458271751	4	1486	0	0
0.5812539719626727	0.4187460280373272	4	1487	0	0
1.0	0.0	4	1488	0	0
1.0	0.0	4	1489	0	0
1.0	0.0	4	1490	0	0
1.0	0.0	4	1491	0	0
1.0	0.0	4	1492	0	0
1.0	0.0	4	1493	0	0
1.0	0.0	4	1494	0	0
1.0	0.0	4	1495	0	0
1.0	0.0	4	1496	0	0
1.0	0.0	4	1497	0	0
1.0	0.0	4	1498	0	0
1.0	0.0	4	1499	0	0
1.0	0.0	4	1500	0	0
1.0	0.0	4	1501	0	0
1.0	0.0	4	1502	0	0
0.9869310322920967	0.013068967707903282	4	1503	0	0
1.0	0.0	4	1504	0	0
1.0	0.0	4	1505	0	0
1.0	0.0	4	1506	0	0
1.0	0.0	4	1507	0	0
1.0	0.0	4	1508	0	0
0.9969990425386404	0.0030009574613595945	4	1509	0	0
0.9969990425386404	0.0030009574613595945	4	1510	0	0
1.0	0.0	4	1511	0	0
1.0	0.0	4	1512	0	0
1.0	0.0	4	1513	0	0
1.0	0.0	4	1514	0	0
1.0	0.0	4	1515	0	0
1.0	0.0	4	1516	0	0
0.9810332893210769	0.018966710678923155	4	1517	0	0
1.0	0.0	4	1518	0	0
1.0	0.0	4	1519	0	0
1.0	0.0	4	1520	0	0
1.0	0.0	4	1521	0	0
1.0	0.0	4	1522	0	0
1.0	0.0	4	1523	0	0
1.0	0.0	4	1524	0	0
1.0	0.0	4	1525	0	0
1.0	0.0	4	1526	0	0
1.0	0.0	4	1527	0	0
1.0	0.0	4	1528	0	0
1.0	0.0	4	1529	0	0
1.0	0.0	4	1530	0	0
1.0	0.0	4	1531	0	0
1.0	0.0	4	1532	0	0
0.9967784478109525	0.0032215521890474087	4	1533	0	0
1.0	0.0	4	1534	0	0
1.0	0.0	4	1535	0	0
1.0	0.0	4	1536	0	0
1.0	0.0	4	1537	0	0
1.0	0.0	4	1538	0	0
1.0	0.0	4	1539	0	0
1.0	0.0	4	1540	0	0
1.0	0.0	4	1541	0	0
1.0	0.0	4	1542	0	0
1.0	0.0	4	1543	0	0
1.0	0.0	4	1544	0	0
1.0	0.0	4	1545	0	0
1.0	0.0	4	1546	0	0
1.0	0.0	4	1547	0	0
1.0	0.0	4	1548	0	0
1.0	0.0	4	1549	0	0
1.0	0.0	4	1550	0	0
1.0	0.0	4	1551	0	0
0.9967092924126172	0.0032907075873827786	4	1552	0	0
1.0	0.0	4	1553	0	0
1.0	0.0	4	1554	0	0
1.0	0.0	4	1555	0	0
1.0	0.0	4	1556	0	0
1.0	0.0	4	1557	0	0
1.0	0.0	4	1558	0	0
1.0	0.0	4	1559	0	0
1.0	0.0	4	1560	0	0
1.0	0.0	4	1561	0	0
1.0	0.0	4	1562	0	0
1.0	0.0	4	1563	0	0
1.0	0.0	4	1564	0	0
1.0	0.0	4	1565	0	0
1.0	0.0	4	1566	0	0
1.0	0.0	4	1567	0	0
1.0	0.0	4	1568	0	0
1.0	0.0	4	1569	0	0
1.0	0.0	4	1570	0	0
0.9967047790983402	0.0032952209016598967	4	1571	0	0
1.0	0.0	4	1572	0	0
1.0	0.0	4	1573	0	0
1.0	0.0	4	1574	0	0
1.0	0.0	4	1575	0	0
1.0	0.0	4	1576	0	0
1.0	0.0	4	1577	0	0
0.9971269487750557	0.0028730512249443216	4	1578	0	0
0.9212266499710436	0.07877335002895638	4	1579	0	0
1.0	0.0	4	1580	0	0
1.0	0.0	4	1581	0	0
1.0	0.0	4	1582	0	0
1.0	0.0	4	1583	0	0
1.0	0.0	4	1584	0	0
1.0	0.0	4	1585	0	0
1.0	0.0	4	1586	0	0
1.0	0.0	4	1587	0	0
1.0	0.0	4	1588	0	0
1.0	0.0	4	1589	0	0
1.0	0.0	4	1590	0	0
0.9605083764582961	0.03949162354170385	4	1591	0	0
1.0	0.0	4	1592	0	0
1.0	0.0	4	1593	0	0
1.0	0.0	4	1594	0	0
1.0	0.0	4	1595	0	0
0.8718213835331956	0.1281786164668043	4	1596	0	0
1.0	0.0	4	1597	0	0
1.0	0.0	4	1598	0	0
1.0	0.0	4	1599	0	0
1.0	0.0	4	1600	0	0
1.0	0.0	4	1601	0	0
1.0	0.0	4	1602	0	0
1.0	0.0	4	1603	0	0
1.0	0.0	4	1604	0	0
1.0	0.0	4	1605	0	0
0.9967410714285715	0.003258928571428572	4	1606	0	0
1.0	0.0	4	1607	0	0
1.0	0.0	4	1608	0	0
1.0	0.0	4	1609	0	0
1.0	0.0	4	1610	0	0
1.0	0.0	4	1611	0	0
1.0	0.0	4	1612	0	0
1.0	0.0	4	1613	0	0
1.0	0.0	4	1614	0	0
1.0	0.0	4	1615	0	0
1.0	0.0	4	1616	0	0
1.0	0.0	4	1617	0	0
0.6103287296521461	0.3896712703478539	4	1618	0	0
1.0	0.0	4	1619	0	0
1.0	0.0	4	1620	0	0
1.0	0.0	4	1621	0	0
1.0	0.0	4	1622	0	0
1.0	0.0	4	1623	0	0
1.0	0.0	4	1624	0	0
1.0	0.0	4	1625	0	0
1.0	0.0	4	1626	0	0
1.0	0.0	4	1627	0	0
1.0	0.0	4	1628	0	0
1.0	0.0	4	1629	0	0
1.0	0.0	4	1630	0	0
1.0	0.0	4	1631	0	0
0.9967017702221554	0.0032982297778446417	4	1632	0	0
1.0	0.0	4	1633	0	0
1.0	0.0	4	1634	0	0
1.0	0.0	4	1635	0	0
1.0	0.0	4	1636	0	0
0.9967190461937544	0.003280953806245635	4	1637	0	0
1.0	0.0	4	1638	0	0
1.0	0.0	4	1639	0	0
1.0	0.0	4	1640	0	0
1.0	0.0	4	1641	0	0
1.0	0.0	4	1642	0	0
1.0	0.0	4	1643	0	0
1.0	0.0	4	1644	0	0
1.0	0.0	4	1645	0	0
1.0	0.0	4	1646	0	0
0.9901508067005923	0.00984919329940771	4	1647	0	0
1.0	0.0	4	1648	0	0
0.9901508067005923	0.00984919329940771	4	1649	0	0
1.0	0.0	4	1650	0	0
1.0	0.0	4	1651	0	0
1.0	0.0	4	1652	0	0
1.0	0.0	4	1653	0	0
1.0	0.0	4	1654	0	0
1.0	0.0	4	1655	0	0
1.0	0.0	4	1656	0	0
1.0	0.0	4	1657	0	0
1.0	0.0	4	1658	0	0
1.0	0.0	4	1659	0	0
1.0	0.0	4	1660	0	0
1.0	0.0	4	1661	0	0
1.0	0.0	4	1662	0	0
1.0	0.0	4	1663	0	0
1.0	0.0	4	1664	0	0
1.0	0.0	4	1665	0	0
1.0	0.0	4	1666	0	0
1.0	0.0	4	1667	0	0
1.0	0.0	4	1668	0	0
1.0	0.0	4	1669	0	0
0.9975363187060058	0.00246368129399431	4	1670	0	0
1.0	0.0	4	1671	0	0
1.0	0.0	4	1672	0	0
1.0	0.0	4	1673	0	0
1.0	0.0	4	1674	0	0
1.0	0.0	4	1675	0	0
1.0	0.0	4	1676	0	0
1.0	0.0	4	1677	0	0
1.0	0.0	4	1678	0	0
1.0	0.0	4	1679	0	0
1.0	0.0	4	1680	0	0
1.0	0.0	4	1681	0	0
1.0	0.0	4	1682	0	0
1.0	0.0	4	1683	0	0
1.0	0.0	4	1684	0	0
1.0	0.0	4	1685	0	0
1.0	0.0	4	1686	0	0
1.0	0.0	4	1687	0	0
1.0	0.0	4	1688	0	0
1.0	0.0	4	1689	0	0
1.0	0.0	4	1690	0	0
1.0	0.0	4	1691	0	0
1.0	0.0	4	1692	0	0
1.0	0.0	4	1693	0	0
1.0	0.0	4	1694	0	0
1.0	0.0	4	1695	0	0
1.0	0.0	4	1696	0	0
0.9967526109660575	0.0032473890339425582	4	1697	0	0
1.0	0.0	4	1698	0	0
1.0	0.0	4	1699	0	0
1.0	0.0	4	1700	0	0
1.0	0.0	4	1701	0	0
1.0	0.0	4	1702	0	0
1.0	0.0	4	1703	0	0
1.0	0.0	4	1704	0	0
1.0	0.0	4	1705	0	0
1.0	0.0	4	1706	0	0
1.0	0.0	4	1707	0	0
1.0	0.0	4	1708	0	0
1.0	0.0	4	1709	0	0
1.0	0.0	4	1710	0	0
1.0	0.0	4	1711	0	0
1.0	0.0	4	1712	0	0
0.9606593443666431	0.03934065563335691	4	1713	0	0
1.0	0.0	4	1714	0	0
1.0	0.0	4	1715	0	0
1.0	0.0	4	1716	0	0
1.0	0.0	4	1717	0	0
1.0	0.0	4	1718	0	0
1.0	0.0	4	1719	0	0
1.0	0.0	4	1720	0	0
1.0	0.0	4	1721	0	0
1.0	0.0	4	1722	0	0
1.0	0.0	4	1723	0	0
0.9836082645433936	0.01639173545660649	4	1724	0	0
0.9208308183634902	0.0791691816365097	4	1725	0	0
1.0	0.0	4	1726	0	0
1.0	0.0	4	1727	0	0
1.0	0.0	4	1728	0	0
1.0	0.0	4	1729	0	0
1.0	0.0	4	1730	0	0
1.0	0.0	4	1731	0	0
1.0	0.0	4	1732	0	0
1.0	0.0	4	1733	0	0
1.0	0.0	4	1734	0	0
0.9967190461937544	0.003280953806245635	4	1735	0	0
1.0	0.0	4	1736	0	0
1.0	0.0	4	1737	0	0
1.0	0.0	4	1738	0	0
1.0	0.0	4	1739	0	0
1.0	0.0	4	1740	0	0
1.0	0.0	4	1741	0	0
1.0	0.0	4	1742	0	0
1.0	0.0	4	1743	0	0
1.0	0.0	4	1744	0	0
1.0	0.0	4	1745	0	0
1.0	0.0	4	1746	0	0
1.0	0.0	4	1747	0	0
1.0	0.0	4	1748	0	0
1.0	0.0	4	1749	0	0
1.0	0.0	4	1750	0	0
1.0	0.0	4	1751	0	0
1.0	0.0	4	1752	0	0
1.0	0.0	4	1753	0	0
1.0	0.0	4	1754	0	0
1.0	0.0	4	1755	0	0
1.0	0.0	4	1756	0	0
1.0	0.0	4	1757	0	0
1.0	0.0	4	1758	0	0
1.0	0.0	4	1759	0	0
1.0	0.0	4	1760	0	0
1.0	0.0	4	1761	0	0
1.0	0.0	4	1762	0	0
1.0	0.0	4	1763	0	0
1.0	0.0	4	1764	0	0
1.0	0.0	4	1765	0	0
1.0	0.0	4	1766	0	0
1.0	0.0	4	1767	0	0
1.0	0.0	4	1768	0	0
1.0	0.0	4	1769	0	0
1.0	0.0	4	1770	0	0
1.0	0.0	4	1771	0	0
1.0	0.0	4	1772	0	0
1.0	0.0	4	1773	0	0
1.0	0.0	4	1774	0	0
1.0	0.0	4	1775	0	0
1.0	0.0	4	1776	0	0
1.0	0.0	4	1777	0	0
1.0	0.0	4	1778	0	0
1.0	0.0	4	1779	0	0
1.0	0.0	4	1780	0	0
1.0	0.0	4	1781	0	0
1.0	0.0	4	1782	0	0
1.0	0.0	4	1783	0	0
1.0	0.0	4	1784	0	0
1.0	0.0	4	1785	0	0
1.0	0.0	4	1786	0	0
1.0	0.0	4	1787	0	0
0.9935543898767384	0.006445610123261658	4	1788	0	0
1.0	0.0	4	1789	0	0
1.0	0.0	4	1790	0	0
1.0	0.0	4	1791	0	0
1.0	0.0	4	1792	0	0
1.0	0.0	4	1793	0	0
1.0	0.0	4	1794	0	0
1.0	0.0	4	1795	0	0
1.0	0.0	4	1796	0	0
1.0	0.0	4	1797	0	0
1.0	0.0	4	1798	0	0
1.0	0.0	4	1799	0	0
1.0	0.0	4	1800	0	0
1.0	0.0	4	1801	0	0
1.0	0.0	4	1802	0	0
1.0	0.0	4	1803	0	0
1.0	0.0	4	1804	0	0
1.0	0.0	4	1805	0	0
1.0	0.0	4	1806	0	0
0.9971382622680054	0.0028617377319946117	4	1807	0	0
1.0	0.0	4	1808	0	0
1.0	0.0	4	1809	0	0
1.0	0.0	4	1810	0	0
0.9973124488124487	0.0026875511875511875	4	1811	0	0
1.0	0.0	4	1812	0	0
1.0	0.0	4	1813	0	0
1.0	0.0	4	1814	0	0
1.0	0.0	4	1815	0	0
1.0	0.0	4	1816	0	0
0.9306264640346179	0.06937353596538211	4	1817	0	0
1.0	0.0	4	1818	0	0
1.0	0.0	4	1819	0	0
1.0	0.0	4	1820	0	0
0.9902209746548872	0.009779025345112716	4	1821	0	0
1.0	0.0	4	1822	0	0
1.0	0.0	4	1823	0	0
1.0	0.0	4	1824	0	0
1.0	0.0	4	1825	0	0
1.0	0.0	4	1826	0	0
1.0	0.0	4	1827	0	0
1.0	0.0	4	1828	0	0
1.0	0.0	4	1829	0	0
1.0	0.0	4	1830	0	0
1.0	0.0	4	1831	0	0
1.0	0.0	4	1832	0	0
1.0	0.0	4	1833	0	0
1.0	0.0	4	1834	0	0
1.0	0.0	4	1835	0	0
1.0	0.0	4	1836	0	0
1.0	0.0	4	1837	0	0
1.0	0.0	4	1838	0	0
0.9971092377941693	0.0028907622058307017	4	1839	0	0
0.9971092377941693	0.0028907622058307017	4	1840	0	0
1.0	0.0	4	1841	0	0
0.9971092377941693	0.0028907622058307017	4	1842	0	0
1.0	0.0	4	1843	0	0
1.0	0.0	4	1844	0	0
1.0	0.0	4	1845	0	0
1.0	0.0	4	1846	0	0
1.0	0.0	4	1847	0	0
1.0	0.0	4	1848	0	0
1.0	0.0	4	1849	0	0
1.0	0.0	4	1850	0	0
1.0	0.0	4	1851	0	0
1.0	0.0	4	1852	0	0
1.0	0.0	4	1853	0	0
1.0	0.0	4	1854	0	0
1.0	0.0	4	1855	0	0
1.0	0.0	4	1856	0	0
1.0	0.0	4	1857	0	0
1.0	0.0	4	1858	0	0
1.0	0.0	4	1859	0	0
1.0	0.0	4	1860	0	0
1.0	0.0	4	1861	0	0
1.0	0.0	4	1862	0	0
1.0	0.0	4	1863	0	0
1.0	0.0	4	1864	0	0
1.0	0.0	4	1865	0	0
1.0	0.0	4	1866	0	0
1.0	0.0	4	1867	0	0
0.9971092377941693	0.0028907622058307017	4	1868	0	0
0.9971092377941693	0.0028907622058307017	4	1869	0	0
1.0	0.0	4	1870	0	0
0.9967087972715418	0.0032912027284582204	4	1871	0	0
1.0	0.0	4	1872	0	0
0.5766012708236044	0.4233987291763958	4	1873	0	0
1.0	0.0	4	1874	0	0
1.0	0.0	4	1875	0	0
1.0	0.0	4	1876	0	0
1.0	0.0	4	1877	0	0
1.0	0.0	4	1878	0	0
1.0	0.0	4	1879	0	0
1.0	0.0	4	1880	0	0
1.0	0.0	4	1881	0	0
1.0	0.0	4	1882	0	0
1.0	0.0	4	1883	0	0
1.0	0.0	4	1884	0	0
1.0	0.0	4	1885	0	0
1.0	0.0	4	1886	0	0
1.0	0.0	4	1887	0	0
0.980451893569098	0.019548106430902264	4	1888	0	0
0.9901532477388146	0.009846752261185355	4	1889	0	0
0.9967022770588826	0.003297722941117464	4	1890	0	0
1.0	0.0	4	1891	0	0
1.0	0.0	4	1892	0	0
1.0	0.0	4	1893	0	0
0.9836949332413455	0.016305066758654594	4	1894	0	0
1.0	0.0	4	1895	0	0
0.9836949332413455	0.016305066758654594	4	1896	0	0
1.0	0.0	4	1897	0	0
1.0	0.0	4	1898	0	0
1.0	0.0	4	1899	0	0
1.0	0.0	4	1900	0	0
1.0	0.0	4	1901	0	0
1.0	0.0	4	1902	0	0
1.0	0.0	4	1903	0	0
1.0	0.0	4	1904	0	0
1.0	0.0	4	1905	0	0
1.0	0.0	4	1906	0	0
1.0	0.0	4	1907	0	0
1.0	0.0	4	1908	0	0
1.0	0.0	4	1909	0	0
1.0	0.0	4	1910	0	0
1.0	0.0	4	1911	0	0
1.0	0.0	4	1912	0	0
1.0	0.0	4	1913	0	0
1.0	0.0	4	1914	0	0
1.0	0.0	4	1915	0	0
1.0	0.0	4	1916	0	0
1.0	0.0	4	1917	0	0
1.0	0.0	4	1918	0	0
1.0	0.0	4	1919	0	0
1.0	0.0	4	1920	0	0
1.0	0.0	4	1921	0	0
1.0	0.0	4	1922	0	0
1.0	0.0	4	1923	0	0
1.0	0.0	4	1924	0	0
0.9934078777837213	0.006592122216278756	4	1925	0	0
1.0	0.0	4	1926	0	0
1.0	0.0	4	1927	0	0
1.0	0.0	4	1928	0	0
1.0	0.0	4	1929	0	0
1.0	0.0	4	1930	0	0
1.0	0.0	4	1931	0	0
1.0	0.0	4	1932	0	0
1.0	0.0	4	1933	0	0
1.0	0.0	4	1934	0	0
1.0	0.0	4	1935	0	0
1.0	0.0	4	1936	0	0
1.0	0.0	4	1937	0	0
1.0	0.0	4	1938	0	0
1.0	0.0	4	1939	0	0
1.0	0.0	4	1940	0	0
1.0	0.0	4	1941	0	0
1.0	0.0	4	1942	0	0
1.0	0.0	4	1943	0	0
1.0	0.0	4	1944	0	0
1.0	0.0	4	1945	0	0
1.0	0.0	4	1946	0	0
0.9934307215582115	0.006569278441788402	4	1947	0	0
1.0	0.0	4	1948	0	0
1.0	0.0	4	1949	0	0
1.0	0.0	4	1950	0	0
1.0	0.0	4	1951	0	0
1.0	0.0	4	1952	0	0
1.0	0.0	4	1953	0	0
1.0	0.0	4	1954	0	0
1.0	0.0	4	1955	0	0
1.0	0.0	4	1956	0	0
1.0	0.0	4	1957	0	0
1.0	0.0	4	1958	0	0
1.0	0.0	4	1959	0	0
1.0	0.0	4	1960	0	0
1.0	0.0	4	1961	0	0
1.0	0.0	4	1962	0	0
1.0	0.0	4	1963	0	0
1.0	0.0	4	1964	0	0
1.0	0.0	4	1965	0	0
1.0	0.0	4	1966	0	0
1.0	0.0	4	1967	0	0
1.0	0.0	4	1968	0	0
1.0	0.0	4	1969	0	0
1.0	0.0	4	1970	0	0
1.0	0.0	4	1971	0	0
1.0	0.0	4	1972	0	0
1.0	0.0	4	1973	0	0
1.0	0.0	4	1974	0	0
1.0	0.0	4	1975	0	0
1.0	0.0	4	1976	0	0
1.0	0.0	4	1977	0	0
1.0	0.0	4	1978	0	0
1.0	0.0	4	1979	0	0
1.0	0.0	4	1980	0	0
1.0	0.0	4	1981	0	0
1.0	0.0	4	1982	0	0
0.2833011697275761	0.7166988302724241	4	1983	0	1
1.0	0.0	4	1984	0	0
0.9971092377941693	0.0028907622058307017	4	1985	0	0
0.9971092377941693	0.0028907622058307017	4	1986	0	0
1.0	0.0	4	1987	0	0
1.0	0.0	4	1988	0	0
1.0	0.0	4	1989	0	0
1.0	0.0	4	1990	0	0
1.0	0.0	4	1991	0	0
1.0	0.0	4	1992	0	0
1.0	0.0	4	1993	0	0
1.0	0.0	4	1994	0	0
1.0	0.0	4	1995	0	0
1.0	0.0	4	1996	0	0
1.0	0.0	4	1997	0	0
1.0	0.0	4	1998	0	0
1.0	0.0	4	1999	0	0
1.0	0.0	4	2000	0	0
1.0	0.0	4	2001	0	0
1.0	0.0	4	2002	0	0
1.0	0.0	4	2003	0	0
1.0	0.0	4	2004	0	0
1.0	0.0	4	2005	0	0
1.0	0.0	4	2006	0	0
1.0	0.0	4	2007	0	0
1.0	0.0	4	2008	0	0
1.0	0.0	4	2009	0	0
1.0	0.0	4	2010	0	0
1.0	0.0	4	2011	0	0
1.0	0.0	4	2012	0	0
1.0	0.0	4	2013	0	0
1.0	0.0	4	2014	0	0
1.0	0.0	4	2015	0	0
1.0	0.0	4	2016	0	0
1.0	0.0	4	2017	0	0
1.0	0.0	4	2018	0	0
1.0	0.0	4	2019	0	0
1.0	0.0	4	2020	0	0
1.0	0.0	4	2021	0	0
1.0	0.0	4	2022	0	0
1.0	0.0	4	2023	0	0
1.0	0.0	4	2024	0	0
1.0	0.0	4	2025	0	0
1.0	0.0	4	2026	0	0
0.9934043728588722	0.0065956271411277655	4	2027	0	0
1.0	0.0	4	2028	0	0
1.0	0.0	4	2029	0	0
1.0	0.0	4	2030	0	0
1.0	0.0	4	2031	0	0
1.0	0.0	4	2032	0	0
1.0	0.0	4	2033	0	0
1.0	0.0	4	2034	0	0
1.0	0.0	4	2035	0	0
1.0	0.0	4	2036	0	0
1.0	0.0	4	2037	0	0
1.0	0.0	4	2038	0	0
1.0	0.0	4	2039	0	0
1.0	0.0	4	2040	0	0
1.0	0.0	4	2041	0	0
1.0	0.0	4	2042	0	0
1.0	0.0	4	2043	0	0
1.0	0.0	4	2044	0	0
1.0	0.0	4	2045	0	0
1.0	0.0	4	2046	0	0
1.0	0.0	4	2047	0	0
1.0	0.0	4	2048	0	0
1.0	0.0	4	2049	0	0
1.0	0.0	4	2050	0	0
1.0	0.0	4	2051	0	0
1.0	0.0	4	2052	0	0
1.0	0.0	4	2053	0	0
1.0	0.0	4	2054	0	0
1.0	0.0	4	2055	0	0
1.0	0.0	4	2056	0	0
1.0	0.0	4	2057	0	0
1.0	0.0	4	2058	0	0
1.0	0.0	4	2059	0	0
1.0	0.0	4	2060	0	0
1.0	0.0	4	2061	0	0
1.0	0.0	4	2062	0	0
1.0	0.0	4	2063	0	0
1.0	0.0	4	2064	0	0
1.0	0.0	4	2065	0	0
1.0	0.0	4	2066	0	0
1.0	0.0	4	2067	0	0
1.0	0.0	4	2068	0	0
1.0	0.0	4	2069	0	0
1.0	0.0	4	2070	0	0
1.0	0.0	4	2071	0	0
1.0	0.0	4	2072	0	0
1.0	0.0	4	2073	0	0
1.0	0.0	4	2074	0	0
1.0	0.0	4	2075	0	0
1.0	0.0	4	2076	0	0
1.0	0.0	4	2077	0	0
1.0	0.0	4	2078	0	0
1.0	0.0	4	2079	0	0
1.0	0.0	4	2080	0	0
1.0	0.0	4	2081	0	0
1.0	0.0	4	2082	0	0
1.0	0.0	4	2083	0	0
1.0	0.0	4	2084	0	0
1.0	0.0	4	2085	0	0
1.0	0.0	4	2086	0	0
1.0	0.0	4	2087	0	0
1.0	0.0	4	2088	0	0
1.0	0.0	4	2089	0	0
1.0	0.0	4	2090	0	0
1.0	0.0	4	2091	0	0
1.0	0.0	4	2092	0	0
1.0	0.0	4	2093	0	0
1.0	0.0	4	2094	0	0
1.0	0.0	4	2095	0	0
1.0	0.0	4	2096	0	0
1.0	0.0	4	2097	0	0
1.0	0.0	4	2098	0	0
1.0	0.0	4	2099	0	0
1.0	0.0	4	2100	0	0
1.0	0.0	4	2101	0	0
1.0	0.0	4	2102	0	0
1.0	0.0	4	2103	0	0
1.0	0.0	4	2104	0	0
1.0	0.0	4	2105	0	0
1.0	0.0	4	2106	0	0
1.0	0.0	4	2107	0	0
1.0	0.0	4	2108	0	0
1.0	0.0	4	2109	0	0
1.0	0.0	4	2110	0	0
1.0	0.0	4	2111	0	0
1.0	0.0	4	2112	0	0
1.0	0.0	4	2113	0	0
1.0	0.0	4	2114	0	0
1.0	0.0	4	2115	0	0
1.0	0.0	4	2116	0	0
1.0	0.0	4	2117	0	0
1.0	0.0	4	2118	0	0
1.0	0.0	4	2119	0	0
1.0	0.0	4	2120	0	0
1.0	0.0	4	2121	0	0
0.9967625934671389	0.003237406532861078	4	2122	0	0
1.0	0.0	4	2123	0	0
0.1980039581830431	0.8019960418169572	4	2124	1	1
0.9902031000568883	0.009796899943111772	4	2125	0	0
0.9966666666666667	0.0033333333333333335	4	2126	0	0
1.0	0.0	4	2127	0	0
0.9966666666666667	0.0033333333333333335	4	2128	0	0
0.9966741552566866	0.0033258447433133975	4	2129	0	0
0.9933798052709413	0.006620194729058722	4	2130	0	0
0.9933697970125847	0.006630202987415248	4	2131	0	0
1.0	0.0	4	2132	0	0
1.0	0.0	4	2133	0	0
0.9901272505002804	0.00987274949971966	4	2134	0	0
1.0	0.0	4	2135	0	0
1.0	0.0	4	2136	0	0
1.0	0.0	4	2137	0	0
1.0	0.0	4	2138	0	0
1.0	0.0	4	2139	0	0
0.996708289453889	0.0032917105461110273	4	2140	0	0
1.0	0.0	4	2141	0	0
1.0	0.0	4	2142	0	0
1.0	0.0	4	2143	0	0
1.0	0.0	4	2144	0	0
1.0	0.0	4	2145	0	0
1.0	0.0	4	2146	0	0
1.0	0.0	4	2147	0	0
1.0	0.0	4	2148	0	0
1.0	0.0	4	2149	0	0
1.0	0.0	4	2150	0	0
1.0	0.0	4	2151	0	0
1.0	0.0	4	2152	0	0
1.0	0.0	4	2153	0	0
1.0	0.0	4	2154	0	0
1.0	0.0	4	2155	0	0
0.9738017856716086	0.026198214328391457	4	2156	0	0
1.0	0.0	4	2157	0	0
0.27772069481794065	0.7222793051820592	4	2158	1	1
1.0	0.0	4	2159	0	0
1.0	0.0	4	2160	0	0
0.9835462864612267	0.01645371353877336	4	2161	0	0
0.08504204730793702	0.914957952692063	4	2162	1	1
0.03546966883864546	0.9645303311613544	4	2163	1	1
0.9933689383681861	0.006631061631813851	4	2164	0	0
1.0	0.0	4	2165	0	0
0.029318414839942505	0.9706815851600574	4	2166	1	1
1.0	0.0	4	2167	0	0
1.0	0.0	4	2168	0	0
1.0	0.0	4	2169	0	0
1.0	0.0	4	2170	0	0
1.0	0.0	4	2171	0	0
1.0	0.0	4	2172	0	0
1.0	0.0	4	2173	0	0
1.0	0.0	4	2174	0	0
1.0	0.0	4	2175	0	0
1.0	0.0	4	2176	0	0
1.0	0.0	4	2177	0	0
0.9836886427803289	0.016311357219671144	4	2178	0	0
1.0	0.0	4	2179	0	0
1.0	0.0	4	2180	0	0
1.0	0.0	4	2181	0	0
1.0	0.0	4	2182	0	0
1.0	0.0	4	2183	0	0
1.0	0.0	4	2184	0	0
1.0	0.0	4	2185	0	0
0.9735686526370142	0.026431347362985833	4	2186	0	0
1.0	0.0	4	2187	0	0
1.0	0.0	4	2188	0	0
1.0	0.0	4	2189	0	0
0.8614297138701922	0.1385702861298079	4	2190	0	0
0.9966835513217912	0.0033164486782087145	4	2191	0	0
1.0	0.0	4	2192	0	0
0.9967712630131605	0.003228736986839521	4	2193	0	0
1.0	0.0	4	2194	0	0
1.0	0.0	4	2195	0	0
1.0	0.0	4	2196	0	0
0.9936893591750572	0.006310640824942723	4	2197	0	0
0.9936893591750572	0.006310640824942723	4	2198	0	0
1.0	0.0	4	2199	0	0
1.0	0.0	4	2200	0	0
1.0	0.0	4	2201	0	0
0.9815541733143153	0.018445826685684924	4	2202	0	0
1.0	0.0	4	2203	0	0
1.0	0.0	4	2204	0	0
1.0	0.0	4	2205	0	0
1.0	0.0	4	2206	0	0
1.0	0.0	4	2207	0	0
1.0	0.0	4	2208	0	0
1.0	0.0	4	2209	0	0
1.0	0.0	4	2210	0	0
1.0	0.0	4	2211	0	0
1.0	0.0	4	2212	0	0
1.0	0.0	4	2213	0	0
1.0	0.0	4	2214	0	0
1.0	0.0	4	2215	0	0
1.0	0.0	4	2216	0	0
1.0	0.0	4	2217	0	0
1.0	0.0	4	2218	0	0
1.0	0.0	4	2219	0	0
1.0	0.0	4	2220	0	0
1.0	0.0	4	2221	0	0
1.0	0.0	4	2222	0	0
1.0	0.0	4	2223	0	0
1.0	0.0	4	2224	0	0
1.0	0.0	4	2225	0	0
1.0	0.0	4	2226	0	0
0.9679692991406157	0.03203070085938417	4	2227	0	0
1.0	0.0	4	2228	0	0
1.0	0.0	4	2229	0	0
1.0	0.0	4	2230	0	0
1.0	0.0	4	2231	0	0
1.0	0.0	4	2232	0	0
1.0	0.0	4	2233	0	0
0.9971382622680054	0.0028617377319946117	4	2234	0	0
1.0	0.0	4	2235	0	0
1.0	0.0	4	2236	0	0
1.0	0.0	4	2237	0	0
1.0	0.0	4	2238	0	0
1.0	0.0	4	2239	0	0
1.0	0.0	4	2240	0	0
1.0	0.0	4	2241	0	0
1.0	0.0	4	2242	0	0
1.0	0.0	4	2243	0	0
1.0	0.0	4	2244	0	0
1.0	0.0	4	2245	0	0
1.0	0.0	4	2246	0	0
1.0	0.0	4	2247	0	0
1.0	0.0	4	2248	0	0
1.0	0.0	4	2249	0	0
1.0	0.0	4	2250	0	0
1.0	0.0	4	2251	0	0
0.8876211076759226	0.11237889232407765	4	2252	0	0
1.0	0.0	4	2253	0	0
1.0	0.0	4	2254	0	0
1.0	0.0	4	2255	0	0
1.0	0.0	4	2256	0	0
1.0	0.0	4	2257	0	0
1.0	0.0	4	2258	0	0
1.0	0.0	4	2259	0	0
1.0	0.0	4	2260	0	0
1.0	0.0	4	2261	0	0
1.0	0.0	4	2262	0	0
1.0	0.0	4	2263	0	0
1.0	0.0	4	2264	0	0
1.0	0.0	4	2265	0	0
1.0	0.0	4	2266	0	0
1.0	0.0	4	2267	0	0
0.9836048567530836	0.016395143246916495	4	2268	0	0
1.0	0.0	4	2269	0	0
1.0	0.0	4	2270	0	0
1.0	0.0	4	2271	0	0
1.0	0.0	4	2272	0	0
0.9933333333333333	0.006666666666666667	4	2273	0	0
1.0	0.0	4	2274	0	0
1.0	0.0	4	2275	0	0
1.0	0.0	4	2276	0	0
1.0	0.0	4	2277	0	0
0.9848815468710895	0.015118453128910475	4	2278	0	0
1.0	0.0	4	2279	0	0
1.0	0.0	4	2280	0	0
1.0	0.0	4	2281	0	0
1.0	0.0	4	2282	0	0
1.0	0.0	4	2283	0	0
1.0	0.0	4	2284	0	0
1.0	0.0	4	2285	0	0
1.0	0.0	4	2286	0	0
1.0	0.0	4	2287	0	0
1.0	0.0	4	2288	0	0
1.0	0.0	4	2289	0	0
1.0	0.0	4	2290	0	0
1.0	0.0	4	2291	0	0
1.0	0.0	4	2292	0	0
1.0	0.0	4	2293	0	0
1.0	0.0	4	2294	0	0
1.0	0.0	4	2295	0	0
1.0	0.0	4	2296	0	0
0.9969316694709291	0.0030683305290708546	4	2297	0	0
1.0	0.0	4	2298	0	0
1.0	0.0	4	2299	0	0
1.0	0.0	4	2300	0	0
1.0	0.0	4	2301	0	0
1.0	0.0	4	2302	0	0
1.0	0.0	4	2303	0	0
1.0	0.0	4	2304	0	0
1.0	0.0	4	2305	0	0
0.9969885816480947	0.0030114183519053517	4	2306	0	0
1.0	0.0	4	2307	0	0
1.0	0.0	4	2308	0	0
1.0	0.0	4	2309	0	0
1.0	0.0	4	2310	0	0
1.0	0.0	4	2311	0	0
1.0	0.0	4	2312	0	0
1.0	0.0	4	2313	0	0
1.0	0.0	4	2314	0	0
1.0	0.0	4	2315	0	0
1.0	0.0	4	2316	0	0
0.95418166918848	0.04581833081151979	4	2317	0	0
1.0	0.0	4	2318	0	0
1.0	0.0	4	2319	0	0
1.0	0.0	4	2320	0	0
1.0	0.0	4	2321	0	0
1.0	0.0	4	2322	0	0
1.0	0.0	4	2323	0	0
1.0	0.0	4	2324	0	0
1.0	0.0	4	2325	0	0
1.0	0.0	4	2326	0	0
1.0	0.0	4	2327	0	0
1.0	0.0	4	2328	0	0
1.0	0.0	4	2329	0	0
1.0	0.0	4	2330	0	0
1.0	0.0	4	2331	0	0
1.0	0.0	4	2332	0	0
1.0	0.0	4	2333	0	0
1.0	0.0	4	2334	0	0
1.0	0.0	4	2335	0	0
1.0	0.0	4	2336	0	0
1.0	0.0	4	2337	0	0
1.0	0.0	4	2338	0	0
1.0	0.0	4	2339	0	0
1.0	0.0	4	2340	0	0
1.0	0.0	4	2341	0	0
1.0	0.0	4	2342	0	0
1.0	0.0	4	2343	0	0
1.0	0.0	4	2344	0	0
1.0	0.0	4	2345	0	0
1.0	0.0	4	2346	0	0
1.0	0.0	4	2347	0	0
1.0	0.0	4	2348	0	0
1.0	0.0	4	2349	0	0
1.0	0.0	4	2350	0	0
1.0	0.0	4	2351	0	0
1.0	0.0	4	2352	0	0
1.0	0.0	4	2353	0	0
1.0	0.0	4	2354	0	0
1.0	0.0	4	2355	0	0
1.0	0.0	4	2356	0	0
0.9902336292732076	0.009766370726792427	4	2357	0	0
1.0	0.0	4	2358	0	0
1.0	0.0	4	2359	0	0
1.0	0.0	4	2360	0	0
1.0	0.0	4	2361	0	0
1.0	0.0	4	2362	0	0
1.0	0.0	4	2363	0	0
1.0	0.0	4	2364	0	0
0.9966977583872423	0.003302241612757635	4	2365	0	0
1.0	0.0	4	2366	0	0
1.0	0.0	4	2367	0	0
1.0	0.0	4	2368	0	0
1.0	0.0	4	2369	0	0
1.0	0.0	4	2370	0	0
1.0	0.0	4	2371	0	0
1.0	0.0	4	2372	0	0
1.0	0.0	4	2373	0	0
1.0	0.0	4	2374	0	0
0.9848815468710895	0.015118453128910475	4	2375	0	0
1.0	0.0	4	2376	0	0
1.0	0.0	4	2377	0	0
1.0	0.0	4	2378	0	0
1.0	0.0	4	2379	0	0
1.0	0.0	4	2380	0	0
1.0	0.0	4	2381	0	0
1.0	0.0	4	2382	0	0
1.0	0.0	4	2383	0	0
1.0	0.0	4	2384	0	0
0.9968428537099078	0.0031571462900923065	4	2385	0	0
1.0	0.0	4	2386	0	0
1.0	0.0	4	2387	0	0
1.0	0.0	4	2388	0	0
1.0	0.0	4	2389	0	0
1.0	0.0	4	2390	0	0
1.0	0.0	4	2391	0	0
0.9970064586679424	0.0029935413320575487	4	2392	0	0
1.0	0.0	4	2393	0	0
1.0	0.0	4	2394	0	0
1.0	0.0	4	2395	0	0
1.0	0.0	4	2396	0	0
1.0	0.0	4	2397	0	0
1.0	0.0	4	2398	0	0
1.0	0.0	4	2399	0	0
1.0	0.0	4	2400	0	0
1.0	0.0	4	2401	0	0
1.0	0.0	4	2402	0	0
1.0	0.0	4	2403	0	0
1.0	0.0	4	2404	0	0
1.0	0.0	4	2405	0	0
1.0	0.0	4	2406	0	0
0.9651667832336134	0.03483321676638679	4	2407	0	0
0.9973124488124487	0.0026875511875511875	4	2408	0	0
1.0	0.0	4	2409	0	0
1.0	0.0	4	2410	0	0
1.0	0.0	4	2411	0	0
1.0	0.0	4	2412	0	0
1.0	0.0	4	2413	0	0
1.0	0.0	4	2414	0	0
1.0	0.0	4	2415	0	0
1.0	0.0	4	2416	0	0
1.0	0.0	4	2417	0	0
1.0	0.0	4	2418	0	0
1.0	0.0	4	2419	0	0
1.0	0.0	4	2420	0	0
1.0	0.0	4	2421	0	0
1.0	0.0	4	2422	0	0
1.0	0.0	4	2423	0	0
1.0	0.0	4	2424	0	0
1.0	0.0	4	2425	0	0
1.0	0.0	4	2426	0	0
1.0	0.0	4	2427	0	0
1.0	0.0	4	2428	0	0
1.0	0.0	4	2429	0	0
1.0	0.0	4	2430	0	0
1.0	0.0	4	2431	0	0
1.0	0.0	4	2432	0	0
1.0	0.0	4	2433	0	0
1.0	0.0	4	2434	0	0
1.0	0.0	4	2435	0	0
1.0	0.0	4	2436	0	0
1.0	0.0	4	2437	0	0
1.0	0.0	4	2438	0	0
0.9805776449257659	0.019422355074234194	4	2439	0	0
1.0	0.0	4	2440	0	0
1.0	0.0	4	2441	0	0
1.0	0.0	4	2442	0	0
0.9970064586679424	0.0029935413320575487	4	2443	0	0
1.0	0.0	4	2444	0	0
1.0	0.0	4	2445	0	0
1.0	0.0	4	2446	0	0
1.0	0.0	4	2447	0	0
1.0	0.0	4	2448	0	0
1.0	0.0	4	2449	0	0
1.0	0.0	4	2450	0	0
1.0	0.0	4	2451	0	0
1.0	0.0	4	2452	0	0
1.0	0.0	4	2453	0	0
1.0	0.0	4	2454	0	0
1.0	0.0	4	2455	0	0
1.0	0.0	4	2456	0	0
1.0	0.0	4	2457	0	0
1.0	0.0	4	2458	0	0
0.9900898524683807	0.009910147531619305	4	2459	0	0
1.0	0.0	4	2460	0	0
1.0	0.0	4	2461	0	0
1.0	0.0	4	2462	0	0
1.0	0.0	4	2463	0	0
1.0	0.0	4	2464	0	0
1.0	0.0	4	2465	0	0
1.0	0.0	4	2466	0	0
1.0	0.0	4	2467	0	0
1.0	0.0	4	2468	0	0
1.0	0.0	4	2469	0	0
1.0	0.0	4	2470	0	0
1.0	0.0	4	2471	0	0
1.0	0.0	4	2472	0	0
1.0	0.0	4	2473	0	0
1.0	0.0	4	2474	0	0
1.0	0.0	4	2475	0	0
1.0	0.0	4	2476	0	0
1.0	0.0	4	2477	0	0
1.0	0.0	4	2478	0	0
1.0	0.0	4	2479	0	0
1.0	0.0	4	2480	0	0
1.0	0.0	4	2481	0	0
1.0	0.0	4	2482	0	0
1.0	0.0	4	2483	0	0
1.0	0.0	4	2484	0	0
1.0	0.0	4	2485	0	0
1.0	0.0	4	2486	0	0
1.0	0.0	4	2487	0	0
1.0	0.0	4	2488	0	0
1.0	0.0	4	2489	0	0
1.0	0.0	4	2490	0	0
1.0	0.0	4	2491	0	0
0.9905114294260634	0.009488570573936579	4	2492	0	0
1.0	0.0	4	2493	0	0
1.0	0.0	4	2494	0	0
1.0	0.0	4	2495	0	0
1.0	0.0	4	2496	0	0
1.0	0.0	4	2497	0	0
1.0	0.0	4	2498	0	0
1.0	0.0	4	2499	0	0
1.0	0.0	4	2500	0	0
1.0	0.0	4	2501	0	0
1.0	0.0	4	2502	0	0
1.0	0.0	4	2503	0	0
1.0	0.0	4	2504	0	0
1.0	0.0	4	2505	0	0
1.0	0.0	4	2506	0	0
1.0	0.0	4	2507	0	0
1.0	0.0	4	2508	0	0
1.0	0.0	4	2509	0	0
1.0	0.0	4	2510	0	0
1.0	0.0	4	2511	0	0
1.0	0.0	4	2512	0	0
1.0	0.0	4	2513	0	0
1.0	0.0	4	2514	0	0
0.9970064586679424	0.0029935413320575487	4	2515	0	0
1.0	0.0	4	2516	0	0
1.0	0.0	4	2517	0	0
1.0	0.0	4	2518	0	0
1.0	0.0	4	2519	0	0
1.0	0.0	4	2520	0	0
1.0	0.0	4	2521	0	0
1.0	0.0	4	2522	0	0
1.0	0.0	4	2523	0	0
1.0	0.0	4	2524	0	0
1.0	0.0	4	2525	0	0
1.0	0.0	4	2526	0	0
1.0	0.0	4	2527	0	0
1.0	0.0	4	2528	0	0
1.0	0.0	4	2529	0	0
1.0	0.0	4	2530	0	0
1.0	0.0	4	2531	0	0
1.0	0.0	4	2532	0	0
1.0	0.0	4	2533	0	0
1.0	0.0	4	2534	0	0
1.0	0.0	4	2535	0	0
1.0	0.0	4	2536	0	0
1.0	0.0	4	2537	0	0
1.0	0.0	4	2538	0	0
1.0	0.0	4	2539	0	0
1.0	0.0	4	2540	0	0
1.0	0.0	4	2541	0	0
1.0	0.0	4	2542	0	0
1.0	0.0	4	2543	0	0
1.0	0.0	4	2544	0	0
1.0	0.0	4	2545	0	0
1.0	0.0	4	2546	0	0
1.0	0.0	4	2547	0	0
1.0	0.0	4	2548	0	0
1.0	0.0	4	2549	0	0
1.0	0.0	4	2550	0	0
1.0	0.0	4	2551	0	0
1.0	0.0	4	2552	0	0
1.0	0.0	4	2553	0	0
1.0	0.0	4	2554	0	0
1.0	0.0	4	2555	0	0
1.0	0.0	4	2556	0	0
1.0	0.0	4	2557	0	0
1.0	0.0	4	2558	0	0
1.0	0.0	4	2559	0	0
0.9705389100204254	0.029461089979574525	4	2560	0	0
1.0	0.0	4	2561	0	0
1.0	0.0	4	2562	0	0
1.0	0.0	4	2563	0	0
1.0	0.0	4	2564	0	0
1.0	0.0	4	2565	0	0
1.0	0.0	4	2566	0	0
1.0	0.0	4	2567	0	0
1.0	0.0	4	2568	0	0
1.0	0.0	4	2569	0	0
1.0	0.0	4	2570	0	0
1.0	0.0	4	2571	0	0
1.0	0.0	4	2572	0	0
1.0	0.0	4	2573	0	0
0.8724039263616049	0.12759607363839495	4	2574	0	0
1.0	0.0	4	2575	0	0
1.0	0.0	4	2576	0	0
1.0	0.0	4	2577	0	0
1.0	0.0	4	2578	0	0
1.0	0.0	4	2579	0	0
1.0	0.0	4	2580	0	0
1.0	0.0	4	2581	0	0
1.0	0.0	4	2582	0	0
1.0	0.0	4	2583	0	0
1.0	0.0	4	2584	0	0
1.0	0.0	4	2585	0	0
1.0	0.0	4	2586	0	0
1.0	0.0	4	2587	0	0
1.0	0.0	4	2588	0	0
1.0	0.0	4	2589	0	0
1.0	0.0	4	2590	0	0
1.0	0.0	4	2591	0	0
1.0	0.0	4	2592	0	0
1.0	0.0	4	2593	0	0
1.0	0.0	4	2594	0	0
1.0	0.0	4	2595	0	0
1.0	0.0	4	2596	0	0
1.0	0.0	4	2597	0	0
1.0	0.0	4	2598	0	0
1.0	0.0	4	2599	0	0
1.0	0.0	4	2600	0	0
1.0	0.0	4	2601	0	0
1.0	0.0	4	2602	0	0
1.0	0.0	4	2603	0	0
1.0	0.0	4	2604	0	0
1.0	0.0	4	2605	0	0
1.0	0.0	4	2606	0	0
1.0	0.0	4	2607	0	0
1.0	0.0	4	2608	0	0
1.0	0.0	4	2609	0	0
1.0	0.0	4	2610	0	0
1.0	0.0	4	2611	0	0
1.0	0.0	4	2612	0	0
1.0	0.0	4	2613	0	0
0.974562636623948	0.025437363376052034	4	2614	0	0
1.0	0.0	4	2615	0	0
1.0	0.0	4	2616	0	0
1.0	0.0	4	2617	0	0
1.0	0.0	4	2618	0	0
1.0	0.0	4	2619	0	0
1.0	0.0	4	2620	0	0
1.0	0.0	4	2621	0	0
1.0	0.0	4	2622	0	0
1.0	0.0	4	2623	0	0
1.0	0.0	4	2624	0	0
1.0	0.0	4	2625	0	0
1.0	0.0	4	2626	0	0
0.993524195747254	0.006475804252746018	4	2627	0	0
1.0	0.0	4	2628	0	0
1.0	0.0	4	2629	0	0
1.0	0.0	4	2630	0	0
1.0	0.0	4	2631	0	0
1.0	0.0	4	2632	0	0
1.0	0.0	4	2633	0	0
1.0	0.0	4	2634	0	0
1.0	0.0	4	2635	0	0
1.0	0.0	4	2636	0	0
1.0	0.0	4	2637	0	0
1.0	0.0	4	2638	0	0
1.0	0.0	4	2639	0	0
1.0	0.0	4	2640	0	0
1.0	0.0	4	2641	0	0
1.0	0.0	4	2642	0	0
1.0	0.0	4	2643	0	0
1.0	0.0	4	2644	0	0
1.0	0.0	4	2645	0	0
1.0	0.0	4	2646	0	0
0.9278933918309135	0.07210660816908639	4	2647	0	0
1.0	0.0	4	2648	0	0
1.0	0.0	4	2649	0	0
1.0	0.0	4	2650	0	0
1.0	0.0	4	2651	0	0
1.0	0.0	4	2652	0	0
1.0	0.0	4	2653	0	0
1.0	0.0	4	2654	0	0
1.0	0.0	4	2655	0	0
1.0	0.0	4	2656	0	0
1.0	0.0	4	2657	0	0
1.0	0.0	4	2658	0	0
1.0	0.0	4	2659	0	0
1.0	0.0	4	2660	0	0
1.0	0.0	4	2661	0	0
1.0	0.0	4	2662	0	0
1.0	0.0	4	2663	0	0
1.0	0.0	4	2664	0	0
1.0	0.0	4	2665	0	0
1.0	0.0	4	2666	0	0
1.0	0.0	4	2667	0	0
1.0	0.0	4	2668	0	0
1.0	0.0	4	2669	0	0
1.0	0.0	4	2670	0	0
1.0	0.0	4	2671	0	0
1.0	0.0	4	2672	0	0
1.0	0.0	4	2673	0	0
1.0	0.0	4	2674	0	0
1.0	0.0	4	2675	0	0
1.0	0.0	4	2676	0	0
1.0	0.0	4	2677	0	0
1.0	0.0	4	2678	0	0
1.0	0.0	4	2679	0	0
1.0	0.0	4	2680	0	0
1.0	0.0	4	2681	0	0
1.0	0.0	4	2682	0	0
1.0	0.0	4	2683	0	0
1.0	0.0	4	2684	0	0
1.0	0.0	4	2685	0	0
1.0	0.0	4	2686	0	0
1.0	0.0	4	2687	0	0
1.0	0.0	4	2688	0	0
1.0	0.0	4	2689	0	0
1.0	0.0	4	2690	0	0
1.0	0.0	4	2691	0	0
1.0	0.0	4	2692	0	0
1.0	0.0	4	2693	0	0
1.0	0.0	4	2694	0	0
1.0	0.0	4	2695	0	0
1.0	0.0	4	2696	0	0
1.0	0.0	4	2697	0	0
1.0	0.0	4	2698	0	0
1.0	0.0	4	2699	0	0
1.0	0.0	4	2700	0	0
1.0	0.0	4	2701	0	0
1.0	0.0	4	2702	0	0
1.0	0.0	4	2703	0	0
1.0	0.0	4	2704	0	0
1.0	0.0	4	2705	0	0
1.0	0.0	4	2706	0	0
1.0	0.0	4	2707	0	0
0.934513726409339	0.06548627359066093	4	2708	0	0
1.0	0.0	4	2709	0	0
1.0	0.0	4	2710	0	0
1.0	0.0	4	2711	0	0
1.0	0.0	4	2712	0	0
1.0	0.0	4	2713	0	0
1.0	0.0	4	2714	0	0
1.0	0.0	4	2715	0	0
1.0	0.0	4	2716	0	0
1.0	0.0	4	2717	0	0
1.0	0.0	4	2718	0	0
1.0	0.0	4	2719	0	0
1.0	0.0	4	2720	0	0
1.0	0.0	4	2721	0	0
1.0	0.0	4	2722	0	0
1.0	0.0	4	2723	0	0
1.0	0.0	4	2724	0	0
1.0	0.0	4	2725	0	0
1.0	0.0	4	2726	0	0
1.0	0.0	4	2727	0	0
1.0	0.0	4	2728	0	0
1.0	0.0	4	2729	0	0
1.0	0.0	4	2730	0	0
1.0	0.0	4	2731	0	0
1.0	0.0	4	2732	0	0
1.0	0.0	4	2733	0	0
1.0	0.0	4	2734	0	0
1.0	0.0	4	2735	0	0
1.0	0.0	4	2736	0	0
1.0	0.0	4	2737	0	0
1.0	0.0	4	2738	0	0
1.0	0.0	4	2739	0	0
1.0	0.0	4	2740	0	0
1.0	0.0	4	2741	0	0
1.0	0.0	4	2742	0	0
1.0	0.0	4	2743	0	0
1.0	0.0	4	2744	0	0
1.0	0.0	4	2745	0	0
1.0	0.0	4	2746	0	0
1.0	0.0	4	2747	0	0
1.0	0.0	4	2748	0	0
1.0	0.0	4	2749	0	0
1.0	0.0	4	2750	0	0
1.0	0.0	4	2751	0	0
1.0	0.0	4	2752	0	0
1.0	0.0	4	2753	0	0
1.0	0.0	4	2754	0	0
1.0	0.0	4	2755	0	0
1.0	0.0	4	2756	0	0
1.0	0.0	4	2757	0	0
1.0	0.0	4	2758	0	0
0.9835054860351592	0.016494513964840873	4	2759	0	0
1.0	0.0	4	2760	0	0
1.0	0.0	4	2761	0	0
1.0	0.0	4	2762	0	0
1.0	0.0	4	2763	0	0
1.0	0.0	4	2764	0	0
1.0	0.0	4	2765	0	0
1.0	0.0	4	2766	0	0
1.0	0.0	4	2767	0	0
1.0	0.0	4	2768	0	0
1.0	0.0	4	2769	0	0
1.0	0.0	4	2770	0	0
1.0	0.0	4	2771	0	0
1.0	0.0	4	2772	0	0
1.0	0.0	4	2773	0	0
0.9971269487750557	0.0028730512249443216	4	2774	0	0
1.0	0.0	4	2775	0	0
1.0	0.0	4	2776	0	0
1.0	0.0	4	2777	0	0
1.0	0.0	4	2778	0	0
1.0	0.0	4	2779	0	0
1.0	0.0	4	2780	0	0
1.0	0.0	4	2781	0	0
1.0	0.0	4	2782	0	0
1.0	0.0	4	2783	0	0
1.0	0.0	4	2784	0	0
1.0	0.0	4	2785	0	0
1.0	0.0	4	2786	0	0
1.0	0.0	4	2787	0	0
1.0	0.0	4	2788	0	0
0.9971269487750557	0.0028730512249443216	4	2789	0	0
1.0	0.0	4	2790	0	0
1.0	0.0	4	2791	0	0
1.0	0.0	4	2792	0	0
1.0	0.0	4	2793	0	0
1.0	0.0	4	2794	0	0
1.0	0.0	4	2795	0	0
1.0	0.0	4	2796	0	0
1.0	0.0	4	2797	0	0
1.0	0.0	4	2798	0	0
1.0	0.0	4	2799	0	0
1.0	0.0	4	2800	0	0
1.0	0.0	4	2801	0	0
1.0	0.0	4	2802	0	0
1.0	0.0	4	2803	0	0
1.0	0.0	4	2804	0	0
1.0	0.0	4	2805	0	0
1.0	0.0	4	2806	0	0
1.0	0.0	4	2807	0	0
1.0	0.0	4	2808	0	0
1.0	0.0	4	2809	0	0
1.0	0.0	4	2810	0	0
1.0	0.0	4	2811	0	0
1.0	0.0	4	2812	0	0
1.0	0.0	4	2813	0	0
1.0	0.0	4	2814	0	0
1.0	0.0	4	2815	0	0
1.0	0.0	4	2816	0	0
1.0	0.0	4	2817	0	0
1.0	0.0	4	2818	0	0
1.0	0.0	4	2819	0	0
1.0	0.0	4	2820	0	0
1.0	0.0	4	2821	0	0
1.0	0.0	4	2822	0	0
1.0	0.0	4	2823	0	0
1.0	0.0	4	2824	0	0
1.0	0.0	4	2825	0	0
1.0	0.0	4	2826	0	0
1.0	0.0	4	2827	0	0
1.0	0.0	4	2828	0	0
1.0	0.0	4	2829	0	0
1.0	0.0	4	2830	0	0
1.0	0.0	4	2831	0	0
1.0	0.0	4	2832	0	0
1.0	0.0	4	2833	0	0
1.0	0.0	4	2834	0	0
0.9685058109447827	0.03149418905521718	4	2835	0	0
1.0	0.0	4	2836	0	0
1.0	0.0	4	2837	0	0
1.0	0.0	4	2838	0	0
1.0	0.0	4	2839	0	0
0.9805395316845064	0.019460468315493598	4	2840	0	0
1.0	0.0	4	2841	0	0
1.0	0.0	4	2842	0	0
1.0	0.0	4	2843	0	0
1.0	0.0	4	2844	0	0
1.0	0.0	4	2845	0	0
1.0	0.0	4	2846	0	0
1.0	0.0	4	2847	0	0
1.0	0.0	4	2848	0	0
1.0	0.0	4	2849	0	0
1.0	0.0	4	2850	0	0
1.0	0.0	4	2851	0	0
1.0	0.0	4	2852	0	0
1.0	0.0	4	2853	0	0
1.0	0.0	4	2854	0	0
1.0	0.0	4	2855	0	0
0.9966848237252233	0.0033151762747768193	4	2856	0	0
1.0	0.0	4	2857	0	0
0.9868011005812978	0.01319889941870221	4	2858	0	0
1.0	0.0	4	2859	0	0
1.0	0.0	4	2860	0	0
1.0	0.0	4	2861	0	0
0.9739857127555259	0.026014287244474247	4	2862	0	0
1.0	0.0	4	2863	0	0
1.0	0.0	4	2864	0	0
1.0	0.0	4	2865	0	0
1.0	0.0	4	2866	0	0
1.0	0.0	4	2867	0	0
1.0	0.0	4	2868	0	0
1.0	0.0	4	2869	0	0
1.0	0.0	4	2870	0	0
1.0	0.0	4	2871	0	0
1.0	0.0	4	2872	0	0
1.0	0.0	4	2873	0	0
1.0	0.0	4	2874	0	0
1.0	0.0	4	2875	0	0
1.0	0.0	4	2876	0	0
1.0	0.0	4	2877	0	0
1.0	0.0	4	2878	0	0
0.9873926131478984	0.012607386852101587	4	2879	0	0
1.0	0.0	4	2880	0	0
1.0	0.0	4	2881	0	0
1.0	0.0	4	2882	0	0
1.0	0.0	4	2883	0	0
1.0	0.0	4	2884	0	0
1.0	0.0	4	2885	0	0
1.0	0.0	4	2886	0	0
1.0	0.0	4	2887	0	0
1.0	0.0	4	2888	0	0
1.0	0.0	4	2889	0	0
1.0	0.0	4	2890	0	0
1.0	0.0	4	2891	0	0
1.0	0.0	4	2892	0	0
1.0	0.0	4	2893	0	0
1.0	0.0	4	2894	0	0
1.0	0.0	4	2895	0	0
1.0	0.0	4	2896	0	0
1.0	0.0	4	2897	0	0
1.0	0.0	4	2898	0	0
1.0	0.0	4	2899	0	0
1.0	0.0	4	2900	0	0
0.22280097855065137	0.7771990214493488	4	2901	0	1
1.0	0.0	4	2902	0	0
1.0	0.0	4	2903	0	0
1.0	0.0	4	2904	0	0
0.9651055819135702	0.03489441808642972	4	2905	0	0
1.0	0.0	4	2906	0	0
1.0	0.0	4	2907	0	0
1.0	0.0	4	2908	0	0
1.0	0.0	4	2909	0	0
0.9875024938969557	0.012497506103044377	4	2910	0	0
0.938042920901572	0.06195707909842812	4	2911	0	0
1.0	0.0	4	2912	0	0
0.9967067850157965	0.0032932149842034002	4	2913	0	0
1.0	0.0	4	2914	0	0
0.996701279157261	0.0032987208427389014	4	2915	0	0
1.0	0.0	4	2916	0	0
1.0	0.0	4	2917	0	0
1.0	0.0	4	2918	0	0
1.0	0.0	4	2919	0	0
1.0	0.0	4	2920	0	0
1.0	0.0	4	2921	0	0
0.9834792426083141	0.016520757391685976	4	2922	0	0
1.0	0.0	4	2923	0	0
1.0	0.0	4	2924	0	0
1.0	0.0	4	2925	0	0
1.0	0.0	4	2926	0	0
1.0	0.0	4	2927	0	0
0.9968192300593868	0.003180769940613257	4	2928	0	0
1.0	0.0	4	2929	0	0
1.0	0.0	4	2930	0	0
1.0	0.0	4	2931	0	0
1.0	0.0	4	2932	0	0
1.0	0.0	4	2933	0	0
1.0	0.0	4	2934	0	0
1.0	0.0	4	2935	0	0
1.0	0.0	4	2936	0	0
1.0	0.0	4	2937	0	0
1.0	0.0	4	2938	0	0
1.0	0.0	4	2939	0	0
1.0	0.0	4	2940	0	0
1.0	0.0	4	2941	0	0
1.0	0.0	4	2942	0	0
1.0	0.0	4	2943	0	0
1.0	0.0	4	2944	0	0
1.0	0.0	4	2945	0	0
1.0	0.0	4	2946	0	0
1.0	0.0	4	2947	0	0
1.0	0.0	4	2948	0	0
1.0	0.0	4	2949	0	0
0.9975363187060058	0.00246368129399431	4	2950	0	0
1.0	0.0	4	2951	0	0
1.0	0.0	4	2952	0	0
1.0	0.0	4	2953	0	0
1.0	0.0	4	2954	0	0
1.0	0.0	4	2955	0	0
1.0	0.0	4	2956	0	0
1.0	0.0	4	2957	0	0
1.0	0.0	4	2958	0	0
1.0	0.0	4	2959	0	0
1.0	0.0	4	2960	0	0
1.0	0.0	4	2961	0	0
1.0	0.0	4	2962	0	0
1.0	0.0	4	2963	0	0
1.0	0.0	4	2964	0	0
1.0	0.0	4	2965	0	0
0.9969098470430676	0.003090152956932403	4	2966	0	0
0.9969098470430676	0.003090152956932403	4	2967	0	0
1.0	0.0	4	2968	0	0
1.0	0.0	4	2969	0	0
1.0	0.0	4	2970	0	0
1.0	0.0	4	2971	0	0
1.0	0.0	4	2972	0	0
1.0	0.0	4	2973	0	0
1.0	0.0	4	2974	0	0
1.0	0.0	4	2975	0	0
1.0	0.0	4	2976	0	0
1.0	0.0	4	2977	0	0
1.0	0.0	4	2978	0	0
1.0	0.0	4	2979	0	0
1.0	0.0	4	2980	0	0
0.9786717010536652	0.0213282989463348	4	2981	0	0
1.0	0.0	4	2982	0	0
1.0	0.0	4	2983	0	0
1.0	0.0	4	2984	0	0
1.0	0.0	4	2985	0	0
1.0	0.0	4	2986	0	0
1.0	0.0	4	2987	0	0
1.0	0.0	4	2988	0	0
1.0	0.0	4	2989	0	0
1.0	0.0	4	2990	0	0
1.0	0.0	4	2991	0	0
1.0	0.0	4	2992	0	0
1.0	0.0	4	2993	0	0
1.0	0.0	4	2994	0	0
1.0	0.0	4	2995	0	0
1.0	0.0	4	2996	0	0
1.0	0.0	4	2997	0	0
1.0	0.0	4	2998	0	0
1.0	0.0	4	2999	0	0
1.0	0.0	4	3000	0	0
1.0	0.0	4	3001	0	0
1.0	0.0	4	3002	0	0
0.9867565191350474	0.01324348086495264	4	3003	0	0
0.9968188626370972	0.0031811373629028364	4	3004	0	0
1.0	0.0	4	3005	0	0
1.0	0.0	4	3006	0	0
1.0	0.0	4	3007	0	0
1.0	0.0	4	3008	0	0
1.0	0.0	4	3009	0	0
1.0	0.0	4	3010	0	0
1.0	0.0	4	3011	0	0
1.0	0.0	4	3012	0	0
1.0	0.0	4	3013	0	0
1.0	0.0	4	3014	0	0
1.0	0.0	4	3015	0	0
1.0	0.0	4	3016	0	0
0.9211289473264408	0.07887105267355901	4	3017	0	0
0.9901836534734109	0.009816346526589246	4	3018	0	0
1.0	0.0	4	3019	0	0
0.7729476984418739	0.22705230155812609	4	3020	0	0
0.9868181694316195	0.01318183056838048	4	3021	0	0
1.0	0.0	4	3022	0	0
1.0	0.0	4	3023	0	0
0.9835083821633359	0.01649161783666411	4	3024	0	0
1.0	0.0	4	3025	0	0
0.2729926397678121	0.727007360232188	4	3026	1	1
0.9933820961336778	0.006617903866322204	4	3027	0	0
0.9473152444125449	0.0526847555874554	4	3028	0	0
0.12596366264895656	0.8740363373510436	4	3029	1	1
0.9902433796033434	0.009756620396656514	4	3030	1	0
0.993455620849182	0.0065443791508181465	4	3031	0	0
0.9935111594892949	0.006488840510705095	4	3032	0	0
1.0	0.0	4	3033	0	0
1.0	0.0	4	3034	0	0
1.0	0.0	4	3035	0	0
1.0	0.0	4	3036	0	0
0.9539904827629532	0.04600951723704674	4	3037	0	0
0.9900125995198751	0.009987400480124883	4	3038	0	0
0.9967272274143303	0.0032727725856697815	4	3039	0	0
0.9967057820570684	0.0032942179429316485	4	3040	0	0
1.0	0.0	4	3041	0	0
1.0	0.0	4	3042	0	0
0.9966808273908866	0.0033191726091134376	4	3043	0	0
0.996689821806101	0.0033101781938991237	4	3044	0	0
1.0	0.0	4	3045	0	0
0.996689821806101	0.0033101781938991237	4	3046	0	0
1.0	0.0	4	3047	0	0
1.0	0.0	4	3048	0	0
1.0	0.0	4	3049	0	0
1.0	0.0	4	3050	0	0
1.0	0.0	4	3051	0	0
1.0	0.0	4	3052	0	0
1.0	0.0	4	3053	0	0
0.9967022770588826	0.003297722941117464	4	3054	0	0
1.0	0.0	4	3055	0	0
1.0	0.0	4	3056	0	0
1.0	0.0	4	3057	0	0
0.967144862945436	0.032855137054563804	4	3058	0	0
1.0	0.0	4	3059	0	0
1.0	0.0	4	3060	0	0
1.0	0.0	4	3061	0	0
1.0	0.0	4	3062	0	0
1.0	0.0	4	3063	0	0
1.0	0.0	4	3064	0	0
1.0	0.0	4	3065	0	0
1.0	0.0	4	3066	0	0
1.0	0.0	4	3067	0	0
1.0	0.0	4	3068	0	0
1.0	0.0	4	3069	0	0
1.0	0.0	4	3070	0	0
1.0	0.0	4	3071	0	0
1.0	0.0	4	3072	0	0
1.0	0.0	4	3073	0	0
1.0	0.0	4	3074	0	0
1.0	0.0	4	3075	0	0
1.0	0.0	4	3076	0	0
1.0	0.0	4	3077	0	0
1.0	0.0	4	3078	0	0
1.0	0.0	4	3079	0	0
1.0	0.0	4	3080	0	0
1.0	0.0	4	3081	0	0
0.996700767263427	0.0032992327365728904	4	3082	0	0
1.0	0.0	4	3083	0	0
1.0	0.0	4	3084	0	0
1.0	0.0	4	3085	0	0
1.0	0.0	4	3086	0	0
1.0	0.0	4	3087	0	0
0.9968428537099078	0.0031571462900923065	4	3088	0	0
1.0	0.0	4	3089	0	0
1.0	0.0	4	3090	0	0
1.0	0.0	4	3091	0	0
1.0	0.0	4	3092	0	0
1.0	0.0	4	3093	0	0
1.0	0.0	4	3094	0	0
0.9968428537099078	0.0031571462900923065	4	3095	0	0
1.0	0.0	4	3096	0	0
1.0	0.0	4	3097	0	0
0.9848815468710895	0.015118453128910475	4	3098	0	0
0.9968428537099078	0.0031571462900923065	4	3099	0	0
0.9867213767034716	0.013278623296528399	4	3100	0	0
0.9867213767034716	0.013278623296528399	4	3101	0	0
1.0	0.0	4	3102	0	0
1.0	0.0	4	3103	0	0
0.9836340989543192	0.01636590104568087	4	3104	0	0
1.0	0.0	4	3105	0	0
1.0	0.0	4	3106	0	0
1.0	0.0	4	3107	0	0
1.0	0.0	4	3108	0	0
1.0	0.0	4	3109	0	0
1.0	0.0	4	3110	0	0
1.0	0.0	4	3111	0	0
0.9875024938969557	0.012497506103044377	4	3112	0	0
1.0	0.0	4	3113	0	0
1.0	0.0	4	3114	0	0
1.0	0.0	4	3115	0	0
1.0	0.0	4	3116	0	0
0.99343937461172	0.006560625388279858	4	3117	0	0
1.0	0.0	4	3118	0	0
1.0	0.0	4	3119	0	0
1.0	0.0	4	3120	0	0
1.0	0.0	4	3121	0	0
1.0	0.0	4	3122	0	0
0.9705318776996142	0.029468122300385837	4	3123	0	0
1.0	0.0	4	3124	0	0
1.0	0.0	4	3125	0	0
1.0	0.0	4	3126	0	0
1.0	0.0	4	3127	0	0
1.0	0.0	4	3128	0	0
1.0	0.0	4	3129	0	0
1.0	0.0	4	3130	0	0
1.0	0.0	4	3131	0	0
0.9688234691874201	0.031176530812579883	4	3132	0	0
1.0	0.0	4	3133	0	0
1.0	0.0	4	3134	0	0
1.0	0.0	4	3135	0	0
0.9975363187060058	0.00246368129399431	4	3136	0	0
1.0	0.0	4	3137	0	0
1.0	0.0	4	3138	0	0
1.0	0.0	4	3139	0	0
1.0	0.0	4	3140	0	0
1.0	0.0	4	3141	0	0
1.0	0.0	4	3142	0	0
1.0	0.0	4	3143	0	0
1.0	0.0	4	3144	0	0
1.0	0.0	4	3145	0	0
1.0	0.0	4	3146	0	0
1.0	0.0	4	3147	0	0
1.0	0.0	4	3148	0	0
1.0	0.0	4	3149	0	0
0.9934981893925517	0.006501810607448316	4	3150	0	0
1.0	0.0	4	3151	0	0
1.0	0.0	4	3152	0	0
1.0	0.0	4	3153	0	0
1.0	0.0	4	3154	0	0
0.5284228017432719	0.47157719825672784	4	3155	0	0
1.0	0.0	4	3156	0	0
1.0	0.0	4	3157	0	0
1.0	0.0	4	3158	0	0
1.0	0.0	4	3159	0	0
1.0	0.0	4	3160	0	0
0.99062654888837	0.009373451111630147	4	3161	0	0
1.0	0.0	4	3162	0	0
1.0	0.0	4	3163	0	0
1.0	0.0	4	3164	0	0
1.0	0.0	4	3165	0	0
1.0	0.0	4	3166	0	0
1.0	0.0	4	3167	0	0
1.0	0.0	4	3168	0	0
1.0	0.0	4	3169	0	0
1.0	0.0	4	3170	0	0
1.0	0.0	4	3171	0	0
1.0	0.0	4	3172	0	0
0.9937793703411615	0.006220629658838563	4	3173	0	0
1.0	0.0	4	3174	0	0
1.0	0.0	4	3175	0	0
1.0	0.0	4	3176	0	0
1.0	0.0	4	3177	0	0
0.9736879618189901	0.026312038181009873	4	3178	0	0
1.0	0.0	4	3179	0	0
1.0	0.0	4	3180	0	0
1.0	0.0	4	3181	0	0
1.0	0.0	4	3182	0	0
1.0	0.0	4	3183	0	0
1.0	0.0	4	3184	0	0
1.0	0.0	4	3185	0	0
0.9967130877508237	0.0032869122491764003	4	3186	0	0
1.0	0.0	4	3187	0	0
1.0	0.0	4	3188	0	0
1.0	0.0	4	3189	0	0
1.0	0.0	4	3190	0	0
1.0	0.0	4	3191	0	0
1.0	0.0	4	3192	0	0
1.0	0.0	4	3193	0	0
1.0	0.0	4	3194	0	0
1.0	0.0	4	3195	0	0
1.0	0.0	4	3196	0	0
1.0	0.0	4	3197	0	0
1.0	0.0	4	3198	0	0
1.0	0.0	4	3199	0	0
1.0	0.0	4	3200	0	0
1.0	0.0	4	3201	0	0
1.0	0.0	4	3202	0	0
0.9933537708475261	0.006646229152473948	4	3203	0	0
1.0	0.0	4	3204	0	0
1.0	0.0	4	3205	0	0
1.0	0.0	4	3206	0	0
1.0	0.0	4	3207	0	0
1.0	0.0	4	3208	0	0
1.0	0.0	4	3209	0	0
1.0	0.0	4	3210	0	0
1.0	0.0	4	3211	0	0
1.0	0.0	4	3212	0	0
0.9940766869008987	0.005923313099101366	4	3213	0	0
0.9541063973996914	0.04589360260030864	4	3214	0	0
1.0	0.0	4	3215	0	0
1.0	0.0	4	3216	0	0
1.0	0.0	4	3217	0	0
1.0	0.0	4	3218	0	0
1.0	0.0	4	3219	0	0
1.0	0.0	4	3220	0	0
1.0	0.0	4	3221	0	0
1.0	0.0	4	3222	0	0
1.0	0.0	4	3223	0	0
1.0	0.0	4	3224	0	0
1.0	0.0	4	3225	0	0
1.0	0.0	4	3226	0	0
1.0	0.0	4	3227	0	0
1.0	0.0	4	3228	0	0
1.0	0.0	4	3229	0	0
1.0	0.0	4	3230	0	0
1.0	0.0	4	3231	0	0
1.0	0.0	4	3232	0	0
1.0	0.0	4	3233	0	0
1.0	0.0	4	3234	0	0
1.0	0.0	4	3235	0	0
1.0	0.0	4	3236	0	0
1.0	0.0	4	3237	0	0
1.0	0.0	4	3238	0	0
1.0	0.0	4	3239	0	0
1.0	0.0	4	3240	0	0
1.0	0.0	4	3241	0	0
0.15278510570433654	0.8472148942956634	4	3242	0	1
1.0	0.0	4	3243	0	0
1.0	0.0	4	3244	0	0
1.0	0.0	4	3245	0	0
1.0	0.0	4	3246	0	0
1.0	0.0	4	3247	0	0
1.0	0.0	4	3248	0	0
1.0	0.0	4	3249	0	0
1.0	0.0	4	3250	0	0
1.0	0.0	4	3251	0	0
1.0	0.0	4	3252	0	0
1.0	0.0	4	3253	0	0
1.0	0.0	4	3254	0	0
1.0	0.0	4	3255	0	0
1.0	0.0	4	3256	0	0
1.0	0.0	4	3257	0	0
1.0	0.0	4	3258	0	0
1.0	0.0	4	3259	0	0
1.0	0.0	4	3260	0	0
1.0	0.0	4	3261	0	0
1.0	0.0	4	3262	0	0
1.0	0.0	4	3263	0	0
1.0	0.0	4	3264	0	0
1.0	0.0	4	3265	0	0
1.0	0.0	4	3266	0	0
1.0	0.0	4	3267	0	0
1.0	0.0	4	3268	0	0
1.0	0.0	4	3269	0	0
0.9967022770588826	0.003297722941117464	4	3270	0	0
1.0	0.0	4	3271	0	0
1.0	0.0	4	3272	0	0
1.0	0.0	4	3273	0	0
1.0	0.0	4	3274	0	0
1.0	0.0	4	3275	0	0
1.0	0.0	4	3276	0	0
1.0	0.0	4	3277	0	0
1.0	0.0	4	3278	0	0
1.0	0.0	4	3279	0	0
1.0	0.0	4	3280	0	0
1.0	0.0	4	3281	0	0
1.0	0.0	4	3282	0	0
1.0	0.0	4	3283	0	0
1.0	0.0	4	3284	0	0
1.0	0.0	4	3285	0	0
1.0	0.0	4	3286	0	0
1.0	0.0	4	3287	0	0
1.0	0.0	4	3288	0	0
1.0	0.0	4	3289	0	0
1.0	0.0	4	3290	0	0
1.0	0.0	4	3291	0	0
1.0	0.0	4	3292	0	0
1.0	0.0	4	3293	0	0
0.9971269487750557	0.0028730512249443216	4	3294	0	0
1.0	0.0	4	3295	0	0
1.0	0.0	4	3296	0	0
0.993908559942559	0.0060914400574409834	4	3297	0	0
0.993908559942559	0.0060914400574409834	4	3298	0	0
1.0	0.0	4	3299	0	0
1.0	0.0	4	3300	0	0
1.0	0.0	4	3301	0	0
1.0	0.0	4	3302	0	0
1.0	0.0	4	3303	0	0
1.0	0.0	4	3304	0	0
1.0	0.0	4	3305	0	0
1.0	0.0	4	3306	0	0
1.0	0.0	4	3307	0	0
1.0	0.0	4	3308	0	0
1.0	0.0	4	3309	0	0
1.0	0.0	4	3310	0	0
1.0	0.0	4	3311	0	0
1.0	0.0	4	3312	0	0
1.0	0.0	4	3313	0	0
1.0	0.0	4	3314	0	0
1.0	0.0	4	3315	0	0
1.0	0.0	4	3316	0	0
1.0	0.0	4	3317	0	0
1.0	0.0	4	3318	0	0
0.9971458306231299	0.0028541693768700397	4	3319	0	0
1.0	0.0	4	3320	0	0
1.0	0.0	4	3321	0	0
0.9510092166849783	0.04899078331502165	4	3322	0	0
1.0	0.0	4	3323	0	0
1.0	0.0	4	3324	0	0
1.0	0.0	4	3325	0	0
1.0	0.0	4	3326	0	0
1.0	0.0	4	3327	0	0
1.0	0.0	4	3328	0	0
0.8780900144249117	0.1219099855750883	4	3329	0	0
1.0	0.0	4	3330	0	0
1.0	0.0	4	3331	0	0
1.0	0.0	4	3332	0	0
1.0	0.0	4	3333	0	0
1.0	0.0	4	3334	0	0
1.0	0.0	4	3335	0	0
1.0	0.0	4	3336	0	0
1.0	0.0	4	3337	0	0
1.0	0.0	4	3338	0	0
1.0	0.0	4	3339	0	0
1.0	0.0	4	3340	0	0
1.0	0.0	4	3341	0	0
1.0	0.0	4	3342	0	0
1.0	0.0	4	3343	0	0
1.0	0.0	4	3344	0	0
1.0	0.0	4	3345	0	0
1.0	0.0	4	3346	0	0
1.0	0.0	4	3347	0	0
1.0	0.0	4	3348	0	0
1.0	0.0	4	3349	0	0
1.0	0.0	4	3350	0	0
1.0	0.0	4	3351	0	0
1.0	0.0	4	3352	0	0
1.0	0.0	4	3353	0	0
0.9971382622680054	0.0028617377319946117	4	3354	0	0
1.0	0.0	4	3355	0	0
1.0	0.0	4	3356	0	0
1.0	0.0	4	3357	0	0
1.0	0.0	4	3358	0	0
1.0	0.0	4	3359	0	0
1.0	0.0	4	3360	0	0
1.0	0.0	4	3361	0	0
1.0	0.0	4	3362	0	0
1.0	0.0	4	3363	0	0
1.0	0.0	4	3364	0	0
1.0	0.0	4	3365	0	0
1.0	0.0	4	3366	0	0
1.0	0.0	4	3367	0	0
1.0	0.0	4	3368	0	0
1.0	0.0	4	3369	0	0
1.0	0.0	4	3370	0	0
1.0	0.0	4	3371	0	0
1.0	0.0	4	3372	0	0
1.0	0.0	4	3373	0	0
1.0	0.0	4	3374	0	0
1.0	0.0	4	3375	0	0
1.0	0.0	4	3376	0	0
1.0	0.0	4	3377	0	0
1.0	0.0	4	3378	0	0
1.0	0.0	4	3379	0	0
1.0	0.0	4	3380	0	0
1.0	0.0	4	3381	0	0
1.0	0.0	4	3382	0	0
1.0	0.0	4	3383	0	0
1.0	0.0	4	3384	0	0
1.0	0.0	4	3385	0	0
1.0	0.0	4	3386	0	0
1.0	0.0	4	3387	0	0
1.0	0.0	4	3388	0	0
1.0	0.0	4	3389	0	0
1.0	0.0	4	3390	0	0
0.9909716959508067	0.009028304049193274	4	3391	0	0
1.0	0.0	4	3392	0	0
1.0	0.0	4	3393	0	0
1.0	0.0	4	3394	0	0
1.0	0.0	4	3395	0	0
1.0	0.0	4	3396	0	0
1.0	0.0	4	3397	0	0
1.0	0.0	4	3398	0	0
1.0	0.0	4	3399	0	0
1.0	0.0	4	3400	0	0
1.0	0.0	4	3401	0	0
1.0	0.0	4	3402	0	0
1.0	0.0	4	3403	0	0
1.0	0.0	4	3404	0	0
1.0	0.0	4	3405	0	0
1.0	0.0	4	3406	0	0
1.0	0.0	4	3407	0	0
1.0	0.0	4	3408	0	0
0.9933474940575532	0.00665250594244677	4	3409	0	0
0.9737865454801551	0.026213454519845025	4	3410	0	0
0.27553059603807734	0.7244694039619223	4	3411	1	1
0.9901404718101503	0.009859528189849765	4	3412	0	0
0.9807103857377478	0.019289614262252137	4	3413	0	0
1.0	0.0	4	3414	0	0
1.0	0.0	4	3415	0	0
1.0	0.0	4	3416	0	0
1.0	0.0	4	3417	0	0
0.02358434794426951	0.9764156520557307	4	3418	1	1
0.996700767263427	0.0032992327365728904	4	3419	0	0
0.9967092924126172	0.0032907075873827786	4	3420	0	0
0.7589725562958292	0.2410274437041708	4	3421	0	0
0.057895827988151835	0.9421041720118482	4	3422	1	1
0.9801882747530063	0.019811725246993633	4	3423	0	0
0.5956278075907273	0.40437219240927275	4	3424	1	0
0.9901784318532698	0.009821568146730228	4	3425	0	0
0.9901784318532698	0.009821568146730228	4	3426	0	0
0.9967322306660706	0.0032677693339293696	4	3427	0	0
1.0	0.0	4	3428	0	0
1.0	0.0	4	3429	0	0
1.0	0.0	4	3430	0	0
1.0	0.0	4	3431	0	0
1.0	0.0	4	3432	0	0
0.16356560060358313	0.8364343993964168	4	3433	1	1
0.9768311817785728	0.023168818221427082	4	3434	0	0
0.14100277592931126	0.8589972240706883	4	3435	1	1
1.0	0.0	4	3436	0	0
1.0	0.0	4	3437	0	0
1.0	0.0	4	3438	0	0
1.0	0.0	4	3439	0	0
0.9815933466805273	0.018406653319472634	4	3440	0	0
1.0	0.0	4	3441	0	0
1.0	0.0	4	3442	0	0
1.0	0.0	4	3443	0	0
1.0	0.0	4	3444	0	0
1.0	0.0	4	3445	0	0
1.0	0.0	4	3446	0	0
1.0	0.0	4	3447	0	0
1.0	0.0	4	3448	0	0
1.0	0.0	4	3449	0	0
1.0	0.0	4	3450	0	0
1.0	0.0	4	3451	0	0
1.0	0.0	4	3452	0	0
1.0	0.0	4	3453	0	0
1.0	0.0	4	3454	0	0
1.0	0.0	4	3455	0	0
0.9976759515203063	0.002324048479693813	4	3456	0	0
1.0	0.0	4	3457	0	0
0.9976759515203063	0.002324048479693813	4	3458	0	0
1.0	0.0	4	3459	0	0
1.0	0.0	4	3460	0	0
1.0	0.0	4	3461	0	0
1.0	0.0	4	3462	0	0
1.0	0.0	4	3463	0	0
1.0	0.0	4	3464	0	0
1.0	0.0	4	3465	0	0
1.0	0.0	4	3466	0	0
1.0	0.0	4	3467	0	0
1.0	0.0	4	3468	0	0
1.0	0.0	4	3469	0	0
1.0	0.0	4	3470	0	0
1.0	0.0	4	3471	0	0
1.0	0.0	4	3472	0	0
1.0	0.0	4	3473	0	0
1.0	0.0	4	3474	0	0
1.0	0.0	4	3475	0	0
1.0	0.0	4	3476	0	0
1.0	0.0	4	3477	0	0
1.0	0.0	4	3478	0	0
1.0	0.0	4	3479	0	0
1.0	0.0	4	3480	0	0
1.0	0.0	4	3481	0	0
1.0	0.0	4	3482	0	0
1.0	0.0	4	3483	0	0
1.0	0.0	4	3484	0	0
1.0	0.0	4	3485	0	0
1.0	0.0	4	3486	0	0
1.0	0.0	4	3487	0	0
0.9642648005310266	0.035735199468973626	4	3488	0	0
1.0	0.0	4	3489	0	0
1.0	0.0	4	3490	0	0
1.0	0.0	4	3491	0	0
1.0	0.0	4	3492	0	0
1.0	0.0	4	3493	0	0
0.9975363187060058	0.00246368129399431	4	3494	0	0
0.997756744773014	0.002243255226985913	4	3495	0	0
1.0	0.0	4	3496	0	0
0.997756744773014	0.002243255226985913	4	3497	0	0
1.0	0.0	4	3498	0	0
1.0	0.0	4	3499	0	0
1.0	0.0	4	3500	0	0
1.0	0.0	4	3501	0	0
1.0	0.0	4	3502	0	0
1.0	0.0	4	3503	0	0
1.0	0.0	4	3504	0	0
1.0	0.0	4	3505	0	0
0.9976759515203063	0.002324048479693813	4	3506	0	0
1.0	0.0	4	3507	0	0
1.0	0.0	4	3508	0	0
1.0	0.0	4	3509	0	0
1.0	0.0	4	3510	0	0
1.0	0.0	4	3511	0	0
1.0	0.0	4	3512	0	0
1.0	0.0	4	3513	0	0
1.0	0.0	4	3514	0	0
1.0	0.0	4	3515	0	0
1.0	0.0	4	3516	0	0
1.0	0.0	4	3517	0	0
1.0	0.0	4	3518	0	0
1.0	0.0	4	3519	0	0
1.0	0.0	4	3520	0	0
1.0	0.0	4	3521	0	0
1.0	0.0	4	3522	0	0
1.0	0.0	4	3523	0	0
1.0	0.0	4	3524	0	0
1.0	0.0	4	3525	0	0
1.0	0.0	4	3526	0	0
1.0	0.0	4	3527	0	0
1.0	0.0	4	3528	0	0
1.0	0.0	4	3529	0	0
1.0	0.0	4	3530	0	0
1.0	0.0	4	3531	0	0
1.0	0.0	4	3532	0	0
1.0	0.0	4	3533	0	0
1.0	0.0	4	3534	0	0
1.0	0.0	4	3535	0	0
1.0	0.0	4	3536	0	0
1.0	0.0	4	3537	0	0
1.0	0.0	4	3538	0	0
1.0	0.0	4	3539	0	0
1.0	0.0	4	3540	0	0
1.0	0.0	4	3541	0	0
1.0	0.0	4	3542	0	0
1.0	0.0	4	3543	0	0
1.0	0.0	4	3544	0	0
0.9942380889281611	0.005761911071838951	4	3545	0	0
0.9836064521519474	0.016393547848052577	4	3546	0	0
0.9806027191597908	0.01939728084020925	4	3547	0	0
1.0	0.0	4	3548	0	0
1.0	0.0	4	3549	0	0
1.0	0.0	4	3550	0	0
1.0	0.0	4	3551	0	0
1.0	0.0	4	3552	0	0
1.0	0.0	4	3553	0	0
0.9868871082881043	0.013112891711895674	4	3554	0	0
1.0	0.0	4	3555	0	0
1.0	0.0	4	3556	0	0
1.0	0.0	4	3557	0	0
1.0	0.0	4	3558	0	0
1.0	0.0	4	3559	0	0
1.0	0.0	4	3560	0	0
0.9976759515203063	0.002324048479693813	4	3561	0	0
0.9967459491601011	0.0032540508398989153	4	3562	0	0
1.0	0.0	4	3563	0	0
1.0	0.0	4	3564	0	0
1.0	0.0	4	3565	0	0
1.0	0.0	4	3566	0	0
0.9935799988359747	0.006420001164025203	4	3567	0	0
1.0	0.0	4	3568	0	0
1.0	0.0	4	3569	0	0
1.0	0.0	4	3570	0	0
1.0	0.0	4	3571	0	0
1.0	0.0	4	3572	0	0
1.0	0.0	4	3573	0	0
1.0	0.0	4	3574	0	0
1.0	0.0	4	3575	0	0
1.0	0.0	4	3576	0	0
1.0	0.0	4	3577	0	0
1.0	0.0	4	3578	0	0
1.0	0.0	4	3579	0	0
1.0	0.0	4	3580	0	0
1.0	0.0	4	3581	0	0
1.0	0.0	4	3582	0	0
1.0	0.0	4	3583	0	0
1.0	0.0	4	3584	0	0
1.0	0.0	4	3585	0	0
0.9903447689567512	0.009655231043248863	4	3586	0	0
0.9975363187060058	0.00246368129399431	4	3587	0	0
1.0	0.0	4	3588	0	0
1.0	0.0	4	3589	0	0
1.0	0.0	4	3590	0	0
1.0	0.0	4	3591	0	0
0.977118924411055	0.02288107558894478	4	3592	0	0
1.0	0.0	4	3593	0	0
1.0	0.0	4	3594	0	0
0.9735897872902156	0.026410212709784477	4	3595	0	0
0.9967235103465469	0.0032764896534530044	4	3596	0	0
1.0	0.0	4	3597	0	0
1.0	0.0	4	3598	0	0
1.0	0.0	4	3599	0	0
1.0	0.0	4	3600	0	0
1.0	0.0	4	3601	0	0
1.0	0.0	4	3602	0	0
1.0	0.0	4	3603	0	0
1.0	0.0	4	3604	0	0
1.0	0.0	4	3605	0	0
1.0	0.0	4	3606	0	0
1.0	0.0	4	3607	0	0
1.0	0.0	4	3608	0	0
1.0	0.0	4	3609	0	0
1.0	0.0	4	3610	0	0
1.0	0.0	4	3611	0	0
1.0	0.0	4	3612	0	0
1.0	0.0	4	3613	0	0
1.0	0.0	4	3614	0	0
1.0	0.0	4	3615	0	0
1.0	0.0	4	3616	0	0
1.0	0.0	4	3617	0	0
1.0	0.0	4	3618	0	0
1.0	0.0	4	3619	0	0
1.0	0.0	4	3620	0	0
1.0	0.0	4	3621	0	0
1.0	0.0	4	3622	0	0
1.0	0.0	4	3623	0	0
1.0	0.0	4	3624	0	0
0.9811196483167792	0.018880351683220827	4	3625	0	0
0.9814227068616149	0.01857729313838503	4	3626	0	0
0.9814227068616149	0.01857729313838503	4	3627	0	0
1.0	0.0	4	3628	0	0
1.0	0.0	4	3629	0	0
1.0	0.0	4	3630	0	0
0.9707054047829132	0.029294595217086914	4	3631	0	0
1.0	0.0	4	3632	0	0
1.0	0.0	4	3633	0	0
1.0	0.0	4	3634	0	0
1.0	0.0	4	3635	0	0
1.0	0.0	4	3636	0	0
1.0	0.0	4	3637	0	0
1.0	0.0	4	3638	0	0
1.0	0.0	4	3639	0	0
1.0	0.0	4	3640	0	0
1.0	0.0	4	3641	0	0
1.0	0.0	4	3642	0	0
1.0	0.0	4	3643	0	0
1.0	0.0	4	3644	0	0
1.0	0.0	4	3645	0	0
1.0	0.0	4	3646	0	0
1.0	0.0	4	3647	0	0
1.0	0.0	4	3648	0	0
1.0	0.0	4	3649	0	0
1.0	0.0	4	3650	0	0
1.0	0.0	4	3651	0	0
1.0	0.0	4	3652	0	0
1.0	0.0	4	3653	0	0
1.0	0.0	4	3654	0	0
1.0	0.0	4	3655	0	0
1.0	0.0	4	3656	0	0
1.0	0.0	4	3657	0	0
1.0	0.0	4	3658	0	0
1.0	0.0	4	3659	0	0
1.0	0.0	4	3660	0	0
1.0	0.0	4	3661	0	0
1.0	0.0	4	3662	0	0
0.9966845647735006	0.003315435226499282	4	3663	0	0
0.9835833296107735	0.016416670389226513	4	3664	0	0
1.0	0.0	4	3665	0	0
0.9343435249145614	0.06565647508543843	4	3666	0	0
1.0	0.0	4	3667	0	0
1.0	0.0	4	3668	0	0
1.0	0.0	4	3669	0	0
1.0	0.0	4	3670	0	0
1.0	0.0	4	3671	0	0
0.9848815468710895	0.015118453128910475	4	3672	0	0
1.0	0.0	4	3673	0	0
0.9967459491601011	0.0032540508398989153	4	3674	0	0
1.0	0.0	4	3675	0	0
1.0	0.0	4	3676	0	0
1.0	0.0	4	3677	0	0
1.0	0.0	4	3678	0	0
1.0	0.0	4	3679	0	0
1.0	0.0	4	3680	0	0
1.0	0.0	4	3681	0	0
1.0	0.0	4	3682	0	0
0.9848815468710895	0.015118453128910475	4	3683	0	0
1.0	0.0	4	3684	0	0
1.0	0.0	4	3685	0	0
1.0	0.0	4	3686	0	0
1.0	0.0	4	3687	0	0
1.0	0.0	4	3688	0	0
1.0	0.0	4	3689	0	0
1.0	0.0	4	3690	0	0
1.0	0.0	4	3691	0	0
1.0	0.0	4	3692	0	0
1.0	0.0	4	3693	0	0
1.0	0.0	4	3694	0	0
1.0	0.0	4	3695	0	0
1.0	0.0	4	3696	0	0
1.0	0.0	4	3697	0	0
1.0	0.0	4	3698	0	0
1.0	0.0	4	3699	0	0
1.0	0.0	4	3700	0	0
1.0	0.0	4	3701	0	0
1.0	0.0	4	3702	0	0
1.0	0.0	4	3703	0	0
1.0	0.0	4	3704	0	0
0.9689668785063951	0.03103312149360507	4	3705	0	0
0.9916977805876233	0.008302219412376797	4	3706	0	0
1.0	0.0	4	3707	0	0
0.9916977805876233	0.008302219412376797	4	3708	0	0
1.0	0.0	4	3709	0	0
1.0	0.0	4	3710	0	0
1.0	0.0	4	3711	0	0
1.0	0.0	4	3712	0	0
1.0	0.0	4	3713	0	0
1.0	0.0	4	3714	0	0
1.0	0.0	4	3715	0	0
1.0	0.0	4	3716	0	0
1.0	0.0	4	3717	0	0
1.0	0.0	4	3718	0	0
0.9902910371193949	0.009708962880605082	4	3719	0	0
1.0	0.0	4	3720	0	0
0.9309404416755324	0.0690595583244675	4	3721	0	0
1.0	0.0	4	3722	0	0
1.0	0.0	4	3723	0	0
1.0	0.0	4	3724	0	0
0.9967037761396117	0.0032962238603881453	4	3725	0	0
1.0	0.0	4	3726	0	0
1.0	0.0	4	3727	0	0
1.0	0.0	4	3728	0	0
1.0	0.0	4	3729	0	0
1.0	0.0	4	3730	0	0
1.0	0.0	4	3731	0	0
1.0	0.0	4	3732	0	0
1.0	0.0	4	3733	0	0
1.0	0.0	4	3734	0	0
1.0	0.0	4	3735	0	0
1.0	0.0	4	3736	0	0
1.0	0.0	4	3737	0	0
0.9968428537099078	0.0031571462900923065	4	3738	0	0
0.9968428537099078	0.0031571462900923065	4	3739	0	0
1.0	0.0	4	3740	0	0
1.0	0.0	4	3741	0	0
1.0	0.0	4	3742	0	0
1.0	0.0	4	3743	0	0
1.0	0.0	4	3744	0	0
1.0	0.0	4	3745	0	0
1.0	0.0	4	3746	0	0
1.0	0.0	4	3747	0	0
1.0	0.0	4	3748	0	0
0.993518583794203	0.006481416205796997	4	3749	0	0
1.0	0.0	4	3750	0	0
1.0	0.0	4	3751	0	0
1.0	0.0	4	3752	0	0
1.0	0.0	4	3753	0	0
1.0	0.0	4	3754	0	0
1.0	0.0	4	3755	0	0
1.0	0.0	4	3756	0	0
1.0	0.0	4	3757	0	0
1.0	0.0	4	3758	0	0
1.0	0.0	4	3759	0	0
1.0	0.0	4	3760	0	0
1.0	0.0	4	3761	0	0
1.0	0.0	4	3762	0	0
1.0	0.0	4	3763	0	0
0.9772649229782759	0.02273507702172393	4	3764	0	0
1.0	0.0	4	3765	0	0
1.0	0.0	4	3766	0	0
1.0	0.0	4	3767	0	0
1.0	0.0	4	3768	0	0
1.0	0.0	4	3769	0	0
0.9935224957906922	0.0064775042093077155	4	3770	0	0
1.0	0.0	4	3771	0	0
0.9911222813888961	0.008877718611103936	4	3772	0	0
1.0	0.0	4	3773	0	0
1.0	0.0	4	3774	0	0
1.0	0.0	4	3775	0	0
1.0	0.0	4	3776	0	0
1.0	0.0	4	3777	0	0
0.9684652964714789	0.03153470352852106	4	3778	1	0
0.9934551954200423	0.006544804579957707	4	3779	0	0
1.0	0.0	4	3780	0	0
1.0	0.0	4	3781	0	0
1.0	0.0	4	3782	0	0
1.0	0.0	4	3783	0	0
0.9805668813344424	0.019433118665557657	4	3784	0	0
1.0	0.0	4	3785	0	0
1.0	0.0	4	3786	0	0
1.0	0.0	4	3787	0	0
0.9352005732961601	0.06479942670384002	4	3788	0	0
1.0	0.0	4	3789	0	0
1.0	0.0	4	3790	0	0
1.0	0.0	4	3791	0	0
0.9848815468710895	0.015118453128910475	4	3792	0	0
1.0	0.0	4	3793	0	0
0.9975363187060058	0.00246368129399431	4	3794	0	0
1.0	0.0	4	3795	0	0
1.0	0.0	4	3796	0	0
1.0	0.0	4	3797	0	0
1.0	0.0	4	3798	0	0
1.0	0.0	4	3799	0	0
1.0	0.0	4	3800	0	0
1.0	0.0	4	3801	0	0
1.0	0.0	4	3802	0	0
1.0	0.0	4	3803	0	0
1.0	0.0	4	3804	0	0
1.0	0.0	4	3805	0	0
1.0	0.0	4	3806	0	0
1.0	0.0	4	3807	0	0
1.0	0.0	4	3808	0	0
0.9966806573957017	0.0033193426042983564	4	3809	0	0
1.0	0.0	4	3810	0	0
1.0	0.0	4	3811	0	0
0.9968883520439582	0.003111647956041874	4	3812	0	0
1.0	0.0	4	3813	0	0
1.0	0.0	4	3814	0	0
1.0	0.0	4	3815	0	0
1.0	0.0	4	3816	0	0
0.7071388403268376	0.2928611596731624	4	3817	0	0
1.0	0.0	4	3818	0	0
1.0	0.0	4	3819	0	0
1.0	0.0	4	3820	0	0
0.9967439900867411	0.003256009913258984	4	3821	0	0
1.0	0.0	4	3822	0	0
1.0	0.0	4	3823	0	0
1.0	0.0	4	3824	0	0
1.0	0.0	4	3825	0	0
1.0	0.0	4	3826	0	0
1.0	0.0	4	3827	0	0
0.9869003145700174	0.01309968542998267	4	3828	0	0
1.0	0.0	4	3829	0	0
1.0	0.0	4	3830	0	0
1.0	0.0	4	3831	0	0
1.0	0.0	4	3832	0	0
1.0	0.0	4	3833	0	0
1.0	0.0	4	3834	0	0
1.0	0.0	4	3835	0	0
1.0	0.0	4	3836	0	0
1.0	0.0	4	3837	0	0
1.0	0.0	4	3838	0	0
1.0	0.0	4	3839	0	0
1.0	0.0	4	3840	0	0
1.0	0.0	4	3841	0	0
1.0	0.0	4	3842	0	0
1.0	0.0	4	3843	0	0
1.0	0.0	4	3844	0	0
1.0	0.0	4	3845	0	0
0.9838636066741947	0.016136393325805385	4	3846	0	0
0.9848815468710895	0.015118453128910475	4	3847	0	0
1.0	0.0	4	3848	0	0
1.0	0.0	4	3849	0	0
1.0	0.0	4	3850	0	0
1.0	0.0	4	3851	0	0
1.0	0.0	4	3852	0	0
1.0	0.0	4	3853	0	0
1.0	0.0	4	3854	0	0
1.0	0.0	4	3855	0	0
1.0	0.0	4	3856	0	0
0.9967440015863572	0.0032559984136426726	4	3857	0	0
1.0	0.0	4	3858	0	0
1.0	0.0	4	3859	0	0
1.0	0.0	4	3860	0	0
0.9968428537099078	0.0031571462900923065	4	3861	0	0
0.764966805213567	0.23503319478643298	4	3862	1	0
1.0	0.0	4	3863	0	0
1.0	0.0	4	3864	0	0
1.0	0.0	4	3865	0	0
1.0	0.0	4	3866	0	0
1.0	0.0	4	3867	0	0
1.0	0.0	4	3868	0	0
0.970781906390747	0.02921809360925279	4	3869	0	0
1.0	0.0	4	3870	0	0
1.0	0.0	4	3871	0	0
1.0	0.0	4	3872	0	0
1.0	0.0	4	3873	0	0
0.9640997334482284	0.035900266551771656	4	3874	0	0
1.0	0.0	4	3875	0	0
1.0	0.0	4	3876	0	0
1.0	0.0	4	3877	0	0
1.0	0.0	4	3878	0	0
0.3917765132291605	0.6082234867708395	4	3879	1	1
0.06420388325470003	0.9357961167452996	4	3880	1	1
1.0	0.0	4	3881	0	0
1.0	0.0	4	3882	0	0
1.0	0.0	4	3883	0	0
1.0	0.0	4	3884	0	0
1.0	0.0	4	3885	0	0
1.0	0.0	4	3886	0	0
1.0	0.0	4	3887	0	0
1.0	0.0	4	3888	0	0
1.0	0.0	4	3889	0	0
0.9968158106133194	0.003184189386680604	4	3890	0	0
0.9704320979886344	0.02956790201136587	4	3891	0	0
1.0	0.0	4	3892	0	0
1.0	0.0	4	3893	0	0
1.0	0.0	4	3894	0	0
1.0	0.0	4	3895	0	0
1.0	0.0	4	3896	0	0
1.0	0.0	4	3897	0	0
1.0	0.0	4	3898	0	0
0.5039132134036604	0.49608678659633965	4	3899	0	0
1.0	0.0	4	3900	0	0
1.0	0.0	4	3901	0	0
1.0	0.0	4	3902	0	0
1.0	0.0	4	3903	0	0
1.0	0.0	4	3904	0	0
1.0	0.0	4	3905	0	0
1.0	0.0	4	3906	0	0
1.0	0.0	4	3907	0	0
1.0	0.0	4	3908	0	0
1.0	0.0	4	3909	0	0
0.16595787517337873	0.8340421248266217	4	3910	1	1
1.0	0.0	4	3911	0	0
1.0	0.0	4	3912	0	0
1.0	0.0	4	3913	0	0
0.9409601327530304	0.05903986724696977	4	3914	0	0
1.0	0.0	4	3915	0	0
0.9869699370727593	0.01303006292724063	4	3916	0	0
1.0	0.0	4	3917	0	0
0.9868374384753212	0.013162561524678713	4	3918	0	0
1.0	0.0	4	3919	0	0
0.9816225961619752	0.018377403838024824	4	3920	0	0
1.0	0.0	4	3921	0	0
1.0	0.0	4	3922	0	0
1.0	0.0	4	3923	0	0
1.0	0.0	4	3924	0	0
1.0	0.0	4	3925	0	0
1.0	0.0	4	3926	0	0
0.9903447689567512	0.009655231043248863	4	3927	0	0
1.0	0.0	4	3928	0	0
1.0	0.0	4	3929	0	0
1.0	0.0	4	3930	0	0
1.0	0.0	4	3931	0	0
1.0	0.0	4	3932	0	0
1.0	0.0	4	3933	0	0
1.0	0.0	4	3934	0	0
1.0	0.0	4	3935	0	0
1.0	0.0	4	3936	0	0
1.0	0.0	4	3937	0	0
1.0	0.0	4	3938	0	0
1.0	0.0	4	3939	0	0
1.0	0.0	4	3940	0	0
1.0	0.0	4	3941	0	0
1.0	0.0	4	3942	0	0
1.0	0.0	4	3943	0	0
1.0	0.0	4	3944	0	0
1.0	0.0	4	3945	0	0
1.0	0.0	4	3946	0	0
1.0	0.0	4	3947	0	0
1.0	0.0	4	3948	0	0
0.9848815468710895	0.015118453128910475	4	3949	0	0
0.9976759515203063	0.002324048479693813	4	3950	0	0
1.0	0.0	4	3951	0	0
0.9976759515203063	0.002324048479693813	4	3952	0	0
1.0	0.0	4	3953	0	0
1.0	0.0	4	3954	0	0
1.0	0.0	4	3955	0	0
1.0	0.0	4	3956	0	0
1.0	0.0	4	3957	0	0
1.0	0.0	4	3958	0	0
1.0	0.0	4	3959	0	0
1.0	0.0	4	3960	0	0
1.0	0.0	4	3961	0	0
1.0	0.0	4	3962	0	0
1.0	0.0	4	3963	0	0
1.0	0.0	4	3964	0	0
1.0	0.0	4	3965	0	0
1.0	0.0	4	3966	0	0
1.0	0.0	4	3967	0	0
1.0	0.0	4	3968	0	0
1.0	0.0	4	3969	0	0
1.0	0.0	4	3970	0	0
1.0	0.0	4	3971	0	0
1.0	0.0	4	3972	0	0
1.0	0.0	4	3973	0	0
1.0	0.0	4	3974	0	0
1.0	0.0	4	3975	0	0
1.0	0.0	4	3976	0	0
1.0	0.0	4	3977	0	0
0.9975363187060058	0.00246368129399431	4	3978	0	0
0.9975363187060058	0.00246368129399431	4	3979	0	0
0.9975363187060058	0.00246368129399431	4	3980	0	0
1.0	0.0	4	3981	0	0
1.0	0.0	4	3982	0	0
1.0	0.0	4	3983	0	0
1.0	0.0	4	3984	0	0
1.0	0.0	4	3985	0	0
1.0	0.0	4	3986	0	0
1.0	0.0	4	3987	0	0
1.0	0.0	4	3988	0	0
1.0	0.0	4	3989	0	0
1.0	0.0	4	3990	0	0
1.0	0.0	4	3991	0	0
1.0	0.0	4	3992	0	0
1.0	0.0	4	3993	0	0
1.0	0.0	4	3994	0	0
1.0	0.0	4	3995	0	0
1.0	0.0	4	3996	0	0
1.0	0.0	4	3997	0	0
1.0	0.0	4	3998	0	0
1.0	0.0	4	3999	0	0
1.0	0.0	4	4000	0	0
1.0	0.0	4	4001	0	0
1.0	0.0	4	4002	0	0
1.0	0.0	4	4003	0	0
1.0	0.0	4	4004	0	0
1.0	0.0	4	4005	0	0
1.0	0.0	4	4006	0	0
1.0	0.0	4	4007	0	0
1.0	0.0	4	4008	0	0
1.0	0.0	4	4009	0	0
1.0	0.0	4	4010	0	0
1.0	0.0	4	4011	0	0
0.9968428537099078	0.0031571462900923065	4	4012	0	0
1.0	0.0	4	4013	0	0
0.9976759515203063	0.002324048479693813	4	4014	0	0
1.0	0.0	4	4015	0	0
0.9934109580550716	0.006589041944928249	4	4016	0	0
0.9803698081837168	0.019630191816283327	4	4017	0	0
0.9872297070452775	0.01277029295472248	4	4018	0	0
0.9622619835689136	0.03773801643108623	4	4019	0	0
1.0	0.0	4	4020	0	0
1.0	0.0	4	4021	0	0
1.0	0.0	4	4022	0	0
0.9508291447959539	0.049170855204046154	4	4023	0	0
1.0	0.0	4	4024	0	0
1.0	0.0	4	4025	0	0
1.0	0.0	4	4026	0	0
1.0	0.0	4	4027	0	0
1.0	0.0	4	4028	0	0
0.9903531737615052	0.009646826238494704	4	4029	0	0
0.13835016597335462	0.861649834026645	4	4030	1	1
1.0	0.0	4	4031	0	0
1.0	0.0	4	4032	0	0
1.0	0.0	4	4033	0	0
1.0	0.0	4	4034	0	0
0.9803071146348696	0.019692885365130454	4	4035	0	0
1.0	0.0	4	4036	0	0
1.0	0.0	4	4037	0	0
1.0	0.0	4	4038	0	0
1.0	0.0	4	4039	0	0
1.0	0.0	4	4040	0	0
1.0	0.0	4	4041	0	0
1.0	0.0	4	4042	0	0
1.0	0.0	4	4043	0	0
1.0	0.0	4	4044	0	0
0.4948972403024902	0.5051027596975097	4	4045	1	1
0.2158189065218182	0.7841810934781815	4	4046	1	1
0.9966776066649836	0.00332239333501641	4	4047	0	0
1.0	0.0	4	4048	0	0
0.947646111942315	0.05235388805768504	4	4049	0	0
0.9848815468710895	0.015118453128910475	4	4050	0	0
0.21781268892702021	0.78218731107298	4	4051	1	1
1.0	0.0	4	4052	0	0
1.0	0.0	4	4053	0	0
1.0	0.0	4	4054	0	0
1.0	0.0	4	4055	0	0
1.0	0.0	4	4056	0	0
1.0	0.0	4	4057	0	0
0.9975363187060058	0.00246368129399431	4	4058	0	0
1.0	0.0	4	4059	0	0
1.0	0.0	4	4060	0	0
0.983936310548555	0.016063689451445175	4	4061	0	0
1.0	0.0	4	4062	0	0
0.9848815468710895	0.015118453128910475	4	4063	0	0
1.0	0.0	4	4064	0	0
1.0	0.0	4	4065	0	0
1.0	0.0	4	4066	0	0
1.0	0.0	4	4067	0	0
1.0	0.0	4	4068	0	0
0.9967032746602477	0.003296725339752269	4	4069	0	0
1.0	0.0	4	4070	0	0
1.0	0.0	4	4071	0	0
1.0	0.0	4	4072	0	0
1.0	0.0	4	4073	0	0
1.0	0.0	4	4074	0	0
1.0	0.0	4	4075	0	0
1.0	0.0	4	4076	0	0
1.0	0.0	4	4077	0	0
1.0	0.0	4	4078	0	0
1.0	0.0	4	4079	0	0
1.0	0.0	4	4080	0	0
1.0	0.0	4	4081	0	0
1.0	0.0	4	4082	0	0
1.0	0.0	4	4083	0	0
1.0	0.0	4	4084	0	0
1.0	0.0	4	4085	0	0
1.0	0.0	4	4086	0	0
1.0	0.0	4	4087	0	0
1.0	0.0	4	4088	0	0
1.0	0.0	4	4089	0	0
1.0	0.0	4	4090	0	0
1.0	0.0	4	4091	0	0
1.0	0.0	4	4092	0	0
1.0	0.0	4	4093	0	0
1.0	0.0	4	4094	0	0
1.0	0.0	4	4095	0	0
1.0	0.0	4	4096	0	0
0.9975363187060058	0.00246368129399431	4	4097	0	0
1.0	0.0	4	4098	0	0
1.0	0.0	4	4099	0	0
1.0	0.0	4	4100	0	0
1.0	0.0	4	4101	0	0
1.0	0.0	4	4102	0	0
1.0	0.0	4	4103	0	0
1.0	0.0	4	4104	0	0
1.0	0.0	4	4105	0	0
1.0	0.0	4	4106	0	0
1.0	0.0	4	4107	0	0
1.0	0.0	4	4108	0	0
1.0	0.0	4	4109	0	0
1.0	0.0	4	4110	0	0
1.0	0.0	4	4111	0	0
1.0	0.0	4	4112	0	0
1.0	0.0	4	4113	0	0
1.0	0.0	4	4114	0	0
1.0	0.0	4	4115	0	0
1.0	0.0	4	4116	0	0
1.0	0.0	4	4117	0	0
1.0	0.0	4	4118	0	0
1.0	0.0	4	4119	0	0
1.0	0.0	4	4120	0	0
1.0	0.0	4	4121	0	0
1.0	0.0	4	4122	0	0
1.0	0.0	4	4123	0	0
0.9976759515203063	0.002324048479693813	4	4124	0	0
1.0	0.0	4	4125	0	0
1.0	0.0	4	4126	0	0
0.997756744773014	0.002243255226985913	4	4127	0	0
1.0	0.0	4	4128	0	0
0.997756744773014	0.002243255226985913	4	4129	0	0
1.0	0.0	4	4130	0	0
1.0	0.0	4	4131	0	0
1.0	0.0	4	4132	0	0
1.0	0.0	4	4133	0	0
1.0	0.0	4	4134	0	0
1.0	0.0	4	4135	0	0
1.0	0.0	4	4136	0	0
1.0	0.0	4	4137	0	0
1.0	0.0	4	4138	0	0
1.0	0.0	4	4139	0	0
1.0	0.0	4	4140	0	0
0.9967002657840629	0.003299734215937014	4	4141	0	0
1.0	0.0	4	4142	0	0
1.0	0.0	4	4143	0	0
0.997756744773014	0.002243255226985913	4	4144	0	0
0.997756744773014	0.002243255226985913	4	4145	0	0
1.0	0.0	4	4146	0	0
1.0	0.0	4	4147	0	0
1.0	0.0	4	4148	0	0
1.0	0.0	4	4149	0	0
1.0	0.0	4	4150	0	0
1.0	0.0	4	4151	0	0
1.0	0.0	4	4152	0	0
1.0	0.0	4	4153	0	0
1.0	0.0	4	4154	0	0
1.0	0.0	4	4155	0	0
1.0	0.0	4	4156	0	0
1.0	0.0	4	4157	0	0
1.0	0.0	4	4158	0	0
1.0	0.0	4	4159	0	0
1.0	0.0	4	4160	0	0
1.0	0.0	4	4161	0	0
1.0	0.0	4	4162	0	0
1.0	0.0	4	4163	0	0
1.0	0.0	4	4164	0	0
1.0	0.0	4	4165	0	0
1.0	0.0	4	4166	0	0
1.0	0.0	4	4167	0	0
1.0	0.0	4	4168	0	0
1.0	0.0	4	4169	0	0
1.0	0.0	4	4170	0	0
1.0	0.0	4	4171	0	0
1.0	0.0	4	4172	0	0
1.0	0.0	4	4173	0	0
1.0	0.0	4	4174	0	0
1.0	0.0	4	4175	0	0
1.0	0.0	4	4176	0	0
1.0	0.0	4	4177	0	0
0.9940766869008987	0.005923313099101366	4	4178	0	0
1.0	0.0	4	4179	0	0
1.0	0.0	4	4180	0	0
1.0	0.0	4	4181	0	0
1.0	0.0	4	4182	0	0
1.0	0.0	4	4183	0	0
0.9441235385238802	0.05587646147611984	4	4184	0	0
1.0	0.0	4	4185	0	0
1.0	0.0	4	4186	0	0
1.0	0.0	4	4187	0	0
1.0	0.0	4	4188	0	0
1.0	0.0	4	4189	0	0
1.0	0.0	4	4190	0	0
1.0	0.0	4	4191	0	0
1.0	0.0	4	4192	0	0
1.0	0.0	4	4193	0	0
1.0	0.0	4	4194	0	0
1.0	0.0	4	4195	0	0
1.0	0.0	4	4196	0	0
1.0	0.0	4	4197	0	0
1.0	0.0	4	4198	0	0
1.0	0.0	4	4199	0	0
1.0	0.0	4	4200	0	0
1.0	0.0	4	4201	0	0
1.0	0.0	4	4202	0	0
1.0	0.0	4	4203	0	0
1.0	0.0	4	4204	0	0
1.0	0.0	4	4205	0	0
1.0	0.0	4	4206	0	0
1.0	0.0	4	4207	0	0
1.0	0.0	4	4208	0	0
1.0	0.0	4	4209	0	0
1.0	0.0	4	4210	0	0
0.9967012687427913	0.003298731257208766	4	4211	0	0
1.0	0.0	4	4212	0	0
1.0	0.0	4	4213	0	0
1.0	0.0	4	4214	0	0
0.9815541733143153	0.018445826685684924	4	4215	0	0
1.0	0.0	4	4216	0	0
1.0	0.0	4	4217	0	0
1.0	0.0	4	4218	0	0
1.0	0.0	4	4219	0	0
1.0	0.0	4	4220	0	0
1.0	0.0	4	4221	0	0
1.0	0.0	4	4222	0	0
0.9971382622680054	0.0028617377319946117	4	4223	0	0
1.0	0.0	4	4224	0	0
1.0	0.0	4	4225	0	0
0.9934469449518265	0.006553055048173557	4	4226	0	0
1.0	0.0	4	4227	0	0
1.0	0.0	4	4228	0	0
1.0	0.0	4	4229	0	0
0.9970064586679424	0.0029935413320575487	4	4230	0	0
1.0	0.0	4	4231	0	0
1.0	0.0	4	4232	0	0
1.0	0.0	4	4233	0	0
1.0	0.0	4	4234	0	0
1.0	0.0	4	4235	0	0
0.9967012791572613	0.0032987208427389014	4	4236	0	0
1.0	0.0	4	4237	0	0
1.0	0.0	4	4238	0	0
1.0	0.0	4	4239	0	0
1.0	0.0	4	4240	0	0
1.0	0.0	4	4241	0	0
1.0	0.0	4	4242	0	0
0.9934483133842188	0.006551686615781318	4	4243	0	0
1.0	0.0	4	4244	0	0
0.9933704942088637	0.006629505791136164	4	4245	0	0
1.0	0.0	4	4246	0	0
1.0	0.0	4	4247	0	0
1.0	0.0	4	4248	0	0
1.0	0.0	4	4249	0	0
1.0	0.0	4	4250	0	0
1.0	0.0	4	4251	0	0
1.0	0.0	4	4252	0	0
1.0	0.0	4	4253	0	0
1.0	0.0	4	4254	0	0
1.0	0.0	4	4255	0	0
1.0	0.0	4	4256	0	0
0.9741481900241261	0.02585180997587411	4	4257	0	0
1.0	0.0	4	4258	0	0
1.0	0.0	4	4259	0	0
1.0	0.0	4	4260	0	0
1.0	0.0	4	4261	0	0
1.0	0.0	4	4262	0	0
1.0	0.0	4	4263	0	0
0.981583818572609	0.01841618142739099	4	4264	0	0
1.0	0.0	4	4265	0	0
1.0	0.0	4	4266	0	0
1.0	0.0	4	4267	0	0
1.0	0.0	4	4268	0	0
1.0	0.0	4	4269	0	0
1.0	0.0	4	4270	0	0
1.0	0.0	4	4271	0	0
1.0	0.0	4	4272	0	0
1.0	0.0	4	4273	0	0
1.0	0.0	4	4274	0	0
0.9940766869008987	0.005923313099101366	4	4275	0	0
1.0	0.0	4	4276	0	0
1.0	0.0	4	4277	0	0
1.0	0.0	4	4278	0	0
1.0	0.0	4	4279	0	0
1.0	0.0	4	4280	0	0
1.0	0.0	4	4281	0	0
0.8316228103590765	0.16837718964092374	4	4282	0	0
1.0	0.0	4	4283	0	0
1.0	0.0	4	4284	0	0
1.0	0.0	4	4285	0	0
1.0	0.0	4	4286	0	0
1.0	0.0	4	4287	0	0
1.0	0.0	4	4288	0	0
0.7093977477374909	0.290602252262509	4	4289	0	0
1.0	0.0	4	4290	0	0
1.0	0.0	4	4291	0	0
1.0	0.0	4	4292	0	0
1.0	0.0	4	4293	0	0
1.0	0.0	4	4294	0	0
1.0	0.0	4	4295	0	0
1.0	0.0	4	4296	0	0
1.0	0.0	4	4297	0	0
1.0	0.0	4	4298	0	0
1.0	0.0	4	4299	0	0
1.0	0.0	4	4300	0	0
1.0	0.0	4	4301	0	0
1.0	0.0	4	4302	0	0
1.0	0.0	4	4303	0	0
1.0	0.0	4	4304	0	0
1.0	0.0	4	4305	0	0
1.0	0.0	4	4306	0	0
1.0	0.0	4	4307	0	0
0.9935015154281898	0.006498484571810355	4	4308	0	0
1.0	0.0	4	4309	0	0
1.0	0.0	4	4310	0	0
1.0	0.0	4	4311	0	0
1.0	0.0	4	4312	0	0
1.0	0.0	4	4313	0	0
1.0	0.0	4	4314	0	0
1.0	0.0	4	4315	0	0
1.0	0.0	4	4316	0	0
1.0	0.0	4	4317	0	0
0.9967197984484523	0.0032802015515478065	4	4318	0	0
1.0	0.0	4	4319	0	0
0.9967197984484523	0.0032802015515478065	4	4320	0	0
1.0	0.0	4	4321	0	0
0.990241751042645	0.00975824895735501	4	4322	0	0
1.0	0.0	4	4323	0	0
1.0	0.0	4	4324	0	0
1.0	0.0	4	4325	0	0
1.0	0.0	4	4326	0	0
1.0	0.0	4	4327	0	0
1.0	0.0	4	4328	0	0
1.0	0.0	4	4329	0	0
1.0	0.0	4	4330	0	0
1.0	0.0	4	4331	0	0
1.0	0.0	4	4332	0	0
1.0	0.0	4	4333	0	0
1.0	0.0	4	4334	0	0
1.0	0.0	4	4335	0	0
1.0	0.0	4	4336	0	0
1.0	0.0	4	4337	0	0
1.0	0.0	4	4338	0	0
1.0	0.0	4	4339	0	0
1.0	0.0	4	4340	0	0
1.0	0.0	4	4341	0	0
1.0	0.0	4	4342	0	0
0.9201267070647393	0.07987329293526073	4	4343	0	0
0.9938076421173101	0.006192357882690029	4	4344	0	0
1.0	0.0	4	4345	0	0
1.0	0.0	4	4346	0	0
1.0	0.0	4	4347	0	0
1.0	0.0	4	4348	0	0
0.9750707690764875	0.024929230923512555	4	4349	0	0
1.0	0.0	4	4350	0	0
1.0	0.0	4	4351	0	0
1.0	0.0	4	4352	0	0
1.0	0.0	4	4353	0	0
1.0	0.0	4	4354	0	0
1.0	0.0	4	4355	0	0
1.0	0.0	4	4356	0	0
1.0	0.0	4	4357	0	0
1.0	0.0	4	4358	0	0
1.0	0.0	4	4359	0	0
1.0	0.0	4	4360	0	0
1.0	0.0	4	4361	0	0
1.0	0.0	4	4362	0	0
1.0	0.0	4	4363	0	0
1.0	0.0	4	4364	0	0
1.0	0.0	4	4365	0	0
1.0	0.0	4	4366	0	0
1.0	0.0	4	4367	0	0
1.0	0.0	4	4368	0	0
1.0	0.0	4	4369	0	0
1.0	0.0	4	4370	0	0
1.0	0.0	4	4371	0	0
1.0	0.0	4	4372	0	0
0.9971092377941693	0.0028907622058307017	4	4373	0	0
1.0	0.0	4	4374	0	0
0.9971092377941693	0.0028907622058307017	4	4375	0	0
1.0	0.0	4	4376	0	0
1.0	0.0	4	4377	0	0
1.0	0.0	4	4378	0	0
1.0	0.0	4	4379	0	0
1.0	0.0	4	4380	0	0
1.0	0.0	4	4381	0	0
1.0	0.0	4	4382	0	0
1.0	0.0	4	4383	0	0
1.0	0.0	4	4384	0	0
1.0	0.0	4	4385	0	0
1.0	0.0	4	4386	0	0
1.0	0.0	4	4387	0	0
1.0	0.0	4	4388	0	0
1.0	0.0	4	4389	0	0
1.0	0.0	4	4390	0	0
1.0	0.0	4	4391	0	0
0.9935220032402704	0.0064779967597296505	4	4392	0	0
1.0	0.0	4	4393	0	0
1.0	0.0	4	4394	0	0
1.0	0.0	4	4395	0	0
1.0	0.0	4	4396	0	0
1.0	0.0	4	4397	0	0
1.0	0.0	4	4398	0	0
0.9967087972715418	0.0032912027284582204	4	4399	0	0
1.0	0.0	4	4400	0	0
1.0	0.0	4	4401	0	0
1.0	0.0	4	4402	0	0
1.0	0.0	4	4403	0	0
1.0	0.0	4	4404	0	0
1.0	0.0	4	4405	0	0
1.0	0.0	4	4406	0	0
1.0	0.0	4	4407	0	0
1.0	0.0	4	4408	0	0
1.0	0.0	4	4409	0	0
0.9938312857140889	0.0061687142859111746	4	4410	0	0
0.9938312857140889	0.0061687142859111746	4	4411	0	0
1.0	0.0	4	4412	0	0
0.9937793703411615	0.006220629658838563	4	4413	0	0
1.0	0.0	4	4414	0	0
1.0	0.0	4	4415	0	0
1.0	0.0	4	4416	0	0
1.0	0.0	4	4417	0	0
1.0	0.0	4	4418	0	0
1.0	0.0	4	4419	0	0
1.0	0.0	4	4420	0	0
1.0	0.0	4	4421	0	0
1.0	0.0	4	4422	0	0
0.9900534420502739	0.009946557949726096	4	4423	0	0
1.0	0.0	4	4424	0	0
1.0	0.0	4	4425	0	0
1.0	0.0	4	4426	0	0
1.0	0.0	4	4427	0	0
1.0	0.0	4	4428	0	0
1.0	0.0	4	4429	0	0
1.0	0.0	4	4430	0	0
1.0	0.0	4	4431	0	0
1.0	0.0	4	4432	0	0
1.0	0.0	4	4433	0	0
1.0	0.0	4	4434	0	0
1.0	0.0	4	4435	0	0
1.0	0.0	4	4436	0	0
0.6801269492351116	0.31987305076488803	4	4437	0	0
1.0	0.0	4	4438	0	0
1.0	0.0	4	4439	0	0
1.0	0.0	4	4440	0	0
1.0	0.0	4	4441	0	0
1.0	0.0	4	4442	0	0
1.0	0.0	4	4443	0	0
1.0	0.0	4	4444	0	0
1.0	0.0	4	4445	0	0
1.0	0.0	4	4446	0	0
1.0	0.0	4	4447	0	0
1.0	0.0	4	4448	0	0
1.0	0.0	4	4449	0	0
1.0	0.0	4	4450	0	0
1.0	0.0	4	4451	0	0
1.0	0.0	4	4452	0	0
1.0	0.0	4	4453	0	0
1.0	0.0	4	4454	0	0
1.0	0.0	4	4455	0	0
1.0	0.0	4	4456	0	0
1.0	0.0	4	4457	0	0
0.9835426191642315	0.01645738083576859	4	4458	0	0
1.0	0.0	4	4459	0	0
1.0	0.0	4	4460	0	0
1.0	0.0	4	4461	0	0
1.0	0.0	4	4462	0	0
1.0	0.0	4	4463	0	0
1.0	0.0	4	4464	0	0
1.0	0.0	4	4465	0	0
1.0	0.0	4	4466	0	0
0.9967410492908857	0.003258950709114351	4	4467	0	0
1.0	0.0	4	4468	0	0
1.0	0.0	4	4469	0	0
1.0	0.0	4	4470	0	0
1.0	0.0	4	4471	0	0
1.0	0.0	4	4472	0	0
1.0	0.0	4	4473	0	0
1.0	0.0	4	4474	0	0
1.0	0.0	4	4475	0	0
1.0	0.0	4	4476	0	0
1.0	0.0	4	4477	0	0
1.0	0.0	4	4478	0	0
1.0	0.0	4	4479	0	0
1.0	0.0	4	4480	0	0
0.9836949332413455	0.016305066758654594	4	4481	0	0
1.0	0.0	4	4482	0	0
0.9836949332413455	0.016305066758654594	4	4483	0	0
0.9538926482355331	0.04610735176446661	4	4484	0	0
1.0	0.0	4	4485	0	0
1.0	0.0	4	4486	0	0
1.0	0.0	4	4487	0	0
1.0	0.0	4	4488	0	0
1.0	0.0	4	4489	0	0
0.9937514400805818	0.006248559919418143	4	4490	0	0
1.0	0.0	4	4491	0	0
1.0	0.0	4	4492	0	0
1.0	0.0	4	4493	0	0
1.0	0.0	4	4494	0	0
1.0	0.0	4	4495	0	0
1.0	0.0	4	4496	0	0
1.0	0.0	4	4497	0	0
1.0	0.0	4	4498	0	0
1.0	0.0	4	4499	0	0
1.0	0.0	4	4500	0	0
0.9650727811710915	0.03492721882890854	4	4501	0	0
1.0	0.0	4	4502	0	0
1.0	0.0	4	4503	0	0
1.0	0.0	4	4504	0	0
1.0	0.0	4	4505	0	0
1.0	0.0	4	4506	0	0
1.0	0.0	4	4507	0	0
1.0	0.0	4	4508	0	0
1.0	0.0	4	4509	0	0
1.0	0.0	4	4510	0	0
0.9869713419850452	0.013028658014955029	4	4511	0	0
1.0	0.0	4	4512	0	0
1.0	0.0	4	4513	0	0
1.0	0.0	4	4514	0	0
0.9970064586679424	0.0029935413320575487	4	4515	0	0
1.0	0.0	4	4516	0	0
1.0	0.0	4	4517	0	0
1.0	0.0	4	4518	0	0
1.0	0.0	4	4519	0	0
1.0	0.0	4	4520	0	0
1.0	0.0	4	4521	0	0
1.0	0.0	4	4522	0	0
1.0	0.0	4	4523	0	0
1.0	0.0	4	4524	0	0
1.0	0.0	4	4525	0	0
1.0	0.0	4	4526	0	0
1.0	0.0	4	4527	0	0
1.0	0.0	4	4528	0	0
1.0	0.0	4	4529	0	0
1.0	0.0	4	4530	0	0
1.0	0.0	4	4531	0	0
0.8216772886776323	0.1783227113223681	4	4532	0	0
0.9668613469514855	0.03313865304851435	4	4533	0	0
0.9836584487125369	0.016341551287463014	4	4534	0	0
0.9902089450673924	0.009791054932607731	4	4535	0	0
1.0	0.0	4	4536	0	0
0.9902089450673924	0.009791054932607731	4	4537	0	0
0.983503784927621	0.016496215072379052	4	4538	0	0
0.990148747895192	0.009851252104807903	4	4539	0	0
0.983503784927621	0.016496215072379052	4	4540	0	0
0.013826914653522426	0.9861730853464779	4	4541	1	1
0.990134662355351	0.00986533764464898	4	4542	0	0
1.0	0.0	4	4543	0	0
1.0	0.0	4	4544	0	0
0.8918960847618812	0.10810391523811878	4	4545	0	0
1.0	0.0	4	4546	0	0
1.0	0.0	4	4547	0	0
1.0	0.0	4	4548	0	0
0.9934277990092577	0.006572200990742355	4	4549	0	0
1.0	0.0	4	4550	0	0
1.0	0.0	4	4551	0	0
1.0	0.0	4	4552	0	0
1.0	0.0	4	4553	0	0
1.0	0.0	4	4554	0	0
1.0	0.0	4	4555	0	0
1.0	0.0	4	4556	0	0
1.0	0.0	4	4557	0	0
1.0	0.0	4	4558	0	0
1.0	0.0	4	4559	0	0
1.0	0.0	4	4560	0	0
1.0	0.0	4	4561	0	0
1.0	0.0	4	4562	0	0
0.9968883520439582	0.003111647956041874	4	4563	0	0
1.0	0.0	4	4564	0	0
0.996886524822695	0.003113475177304964	4	4565	0	0
0.996886524822695	0.003113475177304964	4	4566	0	0
1.0	0.0	4	4567	0	0
0.9967002758966642	0.0032997241033358416	4	4568	0	0
1.0	0.0	4	4569	0	0
1.0	0.0	4	4570	0	0
1.0	0.0	4	4571	0	0
1.0	0.0	4	4572	0	0
1.0	0.0	4	4573	0	0
1.0	0.0	4	4574	0	0
0.9967017807875596	0.0032982192124404314	4	4575	0	0
0.9967017807875596	0.0032982192124404314	4	4576	0	0
0.993426133067633	0.0065738669323668324	4	4577	0	0
1.0	0.0	4	4578	0	0
1.0	0.0	4	4579	0	0
1.0	0.0	4	4580	0	0
1.0	0.0	4	4581	0	0
1.0	0.0	4	4582	0	0
1.0	0.0	4	4583	0	0
1.0	0.0	4	4584	0	0
1.0	0.0	4	4585	0	0
1.0	0.0	4	4586	0	0
0.9971092377941693	0.0028907622058307017	4	4587	0	0
0.9971092377941693	0.0028907622058307017	4	4588	0	0
1.0	0.0	4	4589	0	0
1.0	0.0	4	4590	0	0
1.0	0.0	4	4591	0	0
1.0	0.0	4	4592	0	0
0.9968883520439582	0.003111647956041874	4	4593	0	0
1.0	0.0	4	4594	0	0
1.0	0.0	4	4595	0	0
0.9209891726501388	0.0790108273498612	4	4596	0	0
1.0	0.0	4	4597	0	0
1.0	0.0	4	4598	0	0
1.0	0.0	4	4599	0	0
0.9967341872703802	0.0032658127296197005	4	4600	0	0
1.0	0.0	4	4601	0	0
0.9967341872703802	0.0032658127296197005	4	4602	0	0
1.0	0.0	4	4603	0	0
1.0	0.0	4	4604	0	0
0.88509002078081	0.11490997921918994	4	4605	0	0
1.0	0.0	4	4606	0	0
1.0	0.0	4	4607	0	0
1.0	0.0	4	4608	0	0
1.0	0.0	4	4609	0	0
1.0	0.0	4	4610	0	0
1.0	0.0	4	4611	0	0
1.0	0.0	4	4612	0	0
0.9934233820306323	0.0065766179693677145	4	4613	0	0
1.0	0.0	4	4614	0	0
1.0	0.0	4	4615	0	0
1.0	0.0	4	4616	0	0
1.0	0.0	4	4617	0	0
1.0	0.0	4	4618	0	0
1.0	0.0	4	4619	0	0
1.0	0.0	4	4620	0	0
0.4973530870754459	0.5026469129245542	4	4621	1	1
0.9769933912662426	0.02300660873375752	4	4622	0	0
1.0	0.0	4	4623	0	0
1.0	0.0	4	4624	0	0
1.0	0.0	4	4625	0	0
1.0	0.0	4	4626	0	0
1.0	0.0	4	4627	0	0
1.0	0.0	4	4628	0	0
1.0	0.0	4	4629	0	0
1.0	0.0	4	4630	0	0
1.0	0.0	4	4631	0	0
1.0	0.0	4	4632	0	0
1.0	0.0	4	4633	0	0
1.0	0.0	4	4634	0	0
1.0	0.0	4	4635	0	0
1.0	0.0	4	4636	0	0
0.19275981131386222	0.8072401886861372	4	4637	1	1
1.0	0.0	4	4638	0	0
1.0	0.0	4	4639	0	0
1.0	0.0	4	4640	0	0
0.20752633884528277	0.7924736611547174	4	4641	1	1
1.0	0.0	4	4642	0	0
1.0	0.0	4	4643	0	0
1.0	0.0	4	4644	0	0
1.0	0.0	4	4645	0	0
1.0	0.0	4	4646	0	0
1.0	0.0	4	4647	0	0
1.0	0.0	4	4648	0	0
1.0	0.0	4	4649	0	0
1.0	0.0	4	4650	0	0
1.0	0.0	4	4651	0	0
1.0	0.0	4	4652	0	0
1.0	0.0	4	4653	0	0
1.0	0.0	4	4654	0	0
1.0	0.0	4	4655	0	0
1.0	0.0	4	4656	0	0
1.0	0.0	4	4657	0	0
1.0	0.0	4	4658	0	0
1.0	0.0	4	4659	0	0
1.0	0.0	4	4660	0	0
1.0	0.0	4	4661	0	0
1.0	0.0	4	4662	0	0
1.0	0.0	4	4663	0	0
1.0	0.0	4	4664	0	0
0.9376562145751618	0.062343785424838136	4	4665	0	0
0.9875024938969557	0.012497506103044377	4	4666	0	0
1.0	0.0	4	4667	0	0
0.9966666666666667	0.0033333333333333335	4	4668	0	0
1.0	0.0	4	4669	0	0
0.9966666666666667	0.0033333333333333335	4	4670	0	0
1.0	0.0	4	4671	0	0
1.0	0.0	4	4672	0	0
1.0	0.0	4	4673	0	0
1.0	0.0	4	4674	0	0
1.0	0.0	4	4675	0	0
1.0	0.0	4	4676	0	0
1.0	0.0	4	4677	0	0
1.0	0.0	4	4678	0	0
1.0	0.0	4	4679	0	0
1.0	0.0	4	4680	0	0
1.0	0.0	4	4681	0	0
1.0	0.0	4	4682	0	0
1.0	0.0	4	4683	0	0
0.9971458306231299	0.0028541693768700397	4	4684	0	0
1.0	0.0	4	4685	0	0
1.0	0.0	4	4686	0	0
1.0	0.0	4	4687	0	0
1.0	0.0	4	4688	0	0
1.0	0.0	4	4689	0	0
1.0	0.0	4	4690	0	0
1.0	0.0	4	4691	0	0
1.0	0.0	4	4692	0	0
1.0	0.0	4	4693	0	0
1.0	0.0	4	4694	0	0
1.0	0.0	4	4695	0	0
1.0	0.0	4	4696	0	0
1.0	0.0	4	4697	0	0
1.0	0.0	4	4698	0	0
1.0	0.0	4	4699	0	0
1.0	0.0	4	4700	0	0
1.0	0.0	4	4701	0	0
1.0	0.0	4	4702	0	0
1.0	0.0	4	4703	0	0
0.9970902253560071	0.0029097746439928087	4	4704	0	0
0.9970902253560071	0.0029097746439928087	4	4705	0	0
1.0	0.0	4	4706	0	0
1.0	0.0	4	4707	0	0
1.0	0.0	4	4708	0	0
1.0	0.0	4	4709	0	0
1.0	0.0	4	4710	0	0
1.0	0.0	4	4711	0	0
1.0	0.0	4	4712	0	0
1.0	0.0	4	4713	0	0
1.0	0.0	4	4714	0	0
1.0	0.0	4	4715	0	0
1.0	0.0	4	4716	0	0
1.0	0.0	4	4717	0	0
1.0	0.0	4	4718	0	0
1.0	0.0	4	4719	0	0
0.9970064586679424	0.0029935413320575487	4	4720	0	0
1.0	0.0	4	4721	0	0
1.0	0.0	4	4722	0	0
1.0	0.0	4	4723	0	0
1.0	0.0	4	4724	0	0
1.0	0.0	4	4725	0	0
1.0	0.0	4	4726	0	0
1.0	0.0	4	4727	0	0
1.0	0.0	4	4728	0	0
1.0	0.0	4	4729	0	0
1.0	0.0	4	4730	0	0
1.0	0.0	4	4731	0	0
1.0	0.0	4	4732	0	0
1.0	0.0	4	4733	0	0
1.0	0.0	4	4734	0	0
1.0	0.0	4	4735	0	0
1.0	0.0	4	4736	0	0
1.0	0.0	4	4737	0	0
1.0	0.0	4	4738	0	0
0.9901508067005923	0.00984919329940771	4	4739	0	0
1.0	0.0	4	4740	0	0
0.9901508067005923	0.00984919329940771	4	4741	0	0
1.0	0.0	4	4742	0	0
1.0	0.0	4	4743	0	0
1.0	0.0	4	4744	0	0
0.9802189610774237	0.019781038922576395	4	4745	0	0
1.0	0.0	4	4746	0	0
1.0	0.0	4	4747	0	0
1.0	0.0	4	4748	0	0
1.0	0.0	4	4749	0	0
0.9907827447374061	0.009217255262593973	4	4750	0	0
1.0	0.0	4	4751	0	0
1.0	0.0	4	4752	0	0
1.0	0.0	4	4753	0	0
1.0	0.0	4	4754	0	0
1.0	0.0	4	4755	0	0
1.0	0.0	4	4756	0	0
1.0	0.0	4	4757	0	0
1.0	0.0	4	4758	0	0
1.0	0.0	4	4759	0	0
1.0	0.0	4	4760	0	0
1.0	0.0	4	4761	0	0
1.0	0.0	4	4762	0	0
1.0	0.0	4	4763	0	0
1.0	0.0	4	4764	0	0
0.9868370589827684	0.01316294101723165	4	4765	0	0
1.0	0.0	4	4766	0	0
1.0	0.0	4	4767	0	0
1.0	0.0	4	4768	0	0
1.0	0.0	4	4769	0	0
1.0	0.0	4	4770	0	0
1.0	0.0	4	4771	0	0
0.9872545290990138	0.012745470900986185	4	4772	0	0
0.9938312857140889	0.0061687142859111746	4	4773	0	0
1.0	0.0	4	4774	0	0
1.0	0.0	4	4775	0	0
1.0	0.0	4	4776	0	0
1.0	0.0	4	4777	0	0
1.0	0.0	4	4778	0	0
1.0	0.0	4	4779	0	0
1.0	0.0	4	4780	0	0
1.0	0.0	4	4781	0	0
1.0	0.0	4	4782	0	0
1.0	0.0	4	4783	0	0
1.0	0.0	4	4784	0	0
1.0	0.0	4	4785	0	0
1.0	0.0	4	4786	0	0
1.0	0.0	4	4787	0	0
0.9967022717015194	0.003297728298480518	4	4788	0	0
1.0	0.0	4	4789	0	0
1.0	0.0	4	4790	0	0
0.9048994580645723	0.09510054193542776	4	4791	0	0
0.9967052921996488	0.0032947078003511413	4	4792	0	0
1.0	0.0	4	4793	0	0
0.9967052921996488	0.0032947078003511413	4	4794	0	0
0.9900467520929677	0.009953247907032281	4	4795	0	0
0.9900467520929677	0.009953247907032281	4	4796	0	0
0.9966748048485969	0.0033251951514031764	4	4797	0	0
0.871895431534828	0.12810456846517201	4	4798	0	0
0.9933693846159151	0.006630615384085065	4	4799	0	0
0.9934492172501515	0.006550782749848449	4	4800	0	0
0.9705492838292439	0.02945071617075628	4	4801	0	0
0.9704019249329046	0.029598075067095404	4	4802	0	0
1.0	0.0	4	4803	0	0
1.0	0.0	4	4804	0	0
1.0	0.0	4	4805	0	0
1.0	0.0	4	4806	0	0
1.0	0.0	4	4807	0	0
1.0	0.0	4	4808	0	0
0.9967364099520205	0.0032635900479794228	4	4809	0	0
1.0	0.0	4	4810	0	0
0.9967364099520205	0.0032635900479794228	4	4811	0	0
1.0	0.0	4	4812	0	0
1.0	0.0	4	4813	0	0
0.9971458306231299	0.0028541693768700397	4	4814	0	0
0.9769159546375306	0.02308404536246934	4	4815	0	0
1.0	0.0	4	4816	0	0
0.9769159546375306	0.02308404536246934	4	4817	0	0
1.0	0.0	4	4818	0	0
0.9771496432353067	0.022850356764693307	4	4819	0	0
1.0	0.0	4	4820	0	0
1.0	0.0	4	4821	0	0
1.0	0.0	4	4822	0	0
1.0	0.0	4	4823	0	0
1.0	0.0	4	4824	0	0
1.0	0.0	4	4825	0	0
1.0	0.0	4	4826	0	0
1.0	0.0	4	4827	0	0
1.0	0.0	4	4828	0	0
1.0	0.0	4	4829	0	0
1.0	0.0	4	4830	0	0
1.0	0.0	4	4831	0	0
1.0	0.0	4	4832	0	0
1.0	0.0	4	4833	0	0
1.0	0.0	4	4834	0	0
1.0	0.0	4	4835	0	0
1.0	0.0	4	4836	0	0
1.0	0.0	4	4837	0	0
1.0	0.0	4	4838	0	0
0.36442300669047667	0.6355769933095237	4	4839	0	1
1.0	0.0	4	4840	0	0
1.0	0.0	4	4841	0	0
1.0	0.0	4	4842	0	0
1.0	0.0	4	4843	0	0
1.0	0.0	4	4844	0	0
1.0	0.0	4	4845	0	0
1.0	0.0	4	4846	0	0
1.0	0.0	4	4847	0	0
1.0	0.0	4	4848	0	0
1.0	0.0	4	4849	0	0
1.0	0.0	4	4850	0	0
1.0	0.0	4	4851	0	0
1.0	0.0	4	4852	0	0
1.0	0.0	4	4853	0	0
1.0	0.0	4	4854	0	0
1.0	0.0	4	4855	0	0
1.0	0.0	4	4856	0	0
1.0	0.0	4	4857	0	0
1.0	0.0	4	4858	0	0
1.0	0.0	4	4859	0	0
1.0	0.0	4	4860	0	0
1.0	0.0	4	4861	0	0
1.0	0.0	4	4862	0	0
1.0	0.0	4	4863	0	0
1.0	0.0	4	4864	0	0
1.0	0.0	4	4865	0	0
1.0	0.0	4	4866	0	0
1.0	0.0	4	4867	0	0
1.0	0.0	4	4868	0	0
1.0	0.0	4	4869	0	0
1.0	0.0	4	4870	0	0
1.0	0.0	4	4871	0	0
1.0	0.0	4	4872	0	0
1.0	0.0	4	4873	0	0
1.0	0.0	4	4874	0	0
1.0	0.0	4	4875	0	0
1.0	0.0	4	4876	0	0
1.0	0.0	4	4877	0	0
1.0	0.0	4	4878	0	0
1.0	0.0	4	4879	0	0
1.0	0.0	4	4880	0	0
1.0	0.0	4	4881	0	0
1.0	0.0	4	4882	0	0
1.0	0.0	4	4883	0	0
1.0	0.0	4	4884	0	0
1.0	0.0	4	4885	0	0
1.0	0.0	4	4886	0	0
1.0	0.0	4	4887	0	0
1.0	0.0	4	4888	0	0
1.0	0.0	4	4889	0	0
1.0	0.0	4	4890	0	0
1.0	0.0	4	4891	0	0
1.0	0.0	4	4892	0	0
1.0	0.0	4	4893	0	0
1.0	0.0	4	4894	0	0
1.0	0.0	4	4895	0	0
1.0	0.0	4	4896	0	0
1.0	0.0	4	4897	0	0
1.0	0.0	4	4898	0	0
1.0	0.0	4	4899	0	0
1.0	0.0	4	4900	0	0
1.0	0.0	4	4901	0	0
1.0	0.0	4	4902	0	0
1.0	0.0	4	4903	0	0
0.9872451321753779	0.012754867824622184	4	4904	0	0
1.0	0.0	4	4905	0	0
1.0	0.0	4	4906	0	0
1.0	0.0	4	4907	0	0
1.0	0.0	4	4908	0	0
1.0	0.0	4	4909	0	0
1.0	0.0	4	4910	0	0
1.0	0.0	4	4911	0	0
0.9901721919086913	0.009827808091308761	4	4912	0	0
0.9776645148081781	0.02233548519182171	4	4913	0	0
1.0	0.0	4	4914	0	0
1.0	0.0	4	4915	0	0
1.0	0.0	4	4916	0	0
1.0	0.0	4	4917	0	0
0.34125339371849234	0.6587466062815076	4	4918	1	1
1.0	0.0	4	4919	0	0
1.0	0.0	4	4920	0	0
1.0	0.0	4	4921	0	0
1.0	0.0	4	4922	0	0
1.0	0.0	4	4923	0	0
1.0	0.0	4	4924	0	0
1.0	0.0	4	4925	0	0
1.0	0.0	4	4926	0	0
1.0	0.0	4	4927	0	0
1.0	0.0	4	4928	0	0
1.0	0.0	4	4929	0	0
1.0	0.0	4	4930	0	0
1.0	0.0	4	4931	0	0
1.0	0.0	4	4932	0	0
1.0	0.0	4	4933	0	0
1.0	0.0	4	4934	0	0
1.0	0.0	4	4935	0	0
1.0	0.0	4	4936	0	0
1.0	0.0	4	4937	0	0
1.0	0.0	4	4938	0	0
1.0	0.0	4	4939	0	0
1.0	0.0	4	4940	0	0
1.0	0.0	4	4941	0	0
1.0	0.0	4	4942	0	0
1.0	0.0	4	4943	0	0
1.0	0.0	4	4944	0	0
1.0	0.0	4	4945	0	0
0.9613728869656184	0.03862711303438169	4	4946	0	0
1.0	0.0	4	4947	0	0
1.0	0.0	4	4948	0	0
1.0	0.0	4	4949	0	0
0.9546240051445462	0.04537599485545379	4	4950	0	0
1.0	0.0	4	4951	0	0
1.0	0.0	4	4952	0	0
1.0	0.0	4	4953	0	0
1.0	0.0	4	4954	0	0
1.0	0.0	4	4955	0	0
1.0	0.0	4	4956	0	0
1.0	0.0	4	4957	0	0
1.0	0.0	4	4958	0	0
1.0	0.0	4	4959	0	0
1.0	0.0	4	4960	0	0
1.0	0.0	4	4961	0	0
1.0	0.0	4	4962	0	0
1.0	0.0	4	4963	0	0
1.0	0.0	4	4964	0	0
1.0	0.0	4	4965	0	0
1.0	0.0	4	4966	0	0
1.0	0.0	4	4967	0	0
1.0	0.0	4	4968	0	0
1.0	0.0	4	4969	0	0
1.0	0.0	4	4970	0	0
1.0	0.0	4	4971	0	0
1.0	0.0	4	4972	0	0
1.0	0.0	4	4973	0	0
1.0	0.0	4	4974	0	0
1.0	0.0	4	4975	0	0
1.0	0.0	4	4976	0	0
0.9768775066334242	0.0231224933665758	4	4977	0	0
1.0	0.0	4	4978	0	0
1.0	0.0	4	4979	0	0
1.0	0.0	4	4980	0	0
0.9874766357776908	0.01252336422230923	4	4981	0	0
1.0	0.0	4	4982	0	0
1.0	0.0	4	4983	0	0
1.0	0.0	4	4984	0	0
1.0	0.0	4	4985	0	0
1.0	0.0	4	4986	0	0
1.0	0.0	4	4987	0	0
1.0	0.0	4	4988	0	0
1.0	0.0	4	4989	0	0
1.0	0.0	4	4990	0	0
0.9901520662027559	0.009847933797244017	4	4991	0	0
1.0	0.0	4	4992	0	0
1.0	0.0	4	4993	0	0
1.0	0.0	4	4994	0	0
1.0	0.0	4	4995	0	0
0.9937935055245295	0.0062064944754703895	4	4996	0	0
1.0	0.0	4	4997	0	0
0.9937935055245295	0.0062064944754703895	4	4998	0	0
1.0	0.0	4	4999	0	0
1.0	0.0	4	5000	0	0
1.0	0.0	4	5001	0	0
1.0	0.0	4	5002	0	0
1.0	0.0	4	5003	0	0
1.0	0.0	4	5004	0	0
1.0	0.0	4	5005	0	0
1.0	0.0	4	5006	0	0
1.0	0.0	4	5007	0	0
1.0	0.0	4	5008	0	0
1.0	0.0	4	5009	0	0
0.9642326949407383	0.0357673050592617	4	5010	0	0
1.0	0.0	4	5011	0	0
1.0	0.0	4	5012	0	0
1.0	0.0	4	5013	0	0
1.0	0.0	4	5014	0	0
1.0	0.0	4	5015	0	0
1.0	0.0	4	5016	0	0
1.0	0.0	4	5017	0	0
1.0	0.0	4	5018	0	0
1.0	0.0	4	5019	0	0
1.0	0.0	4	5020	0	0
1.0	0.0	4	5021	0	0
1.0	0.0	4	5022	0	0
1.0	0.0	4	5023	0	0
1.0	0.0	4	5024	0	0
1.0	0.0	4	5025	0	0
1.0	0.0	4	5026	0	0
0.9834877659719855	0.016512234028014487	4	5027	0	0
1.0	0.0	4	5028	0	0
1.0	0.0	4	5029	0	0
1.0	0.0	4	5030	0	0
0.9933497164461248	0.006650283553875236	4	5031	0	0
0.9933497164461248	0.006650283553875236	4	5032	0	0
1.0	0.0	4	5033	0	0
1.0	0.0	4	5034	0	0
1.0	0.0	4	5035	0	0
1.0	0.0	4	5036	0	0
1.0	0.0	4	5037	0	0
1.0	0.0	4	5038	0	0
1.0	0.0	4	5039	0	0
0.9875024938969557	0.012497506103044377	4	5040	0	0
1.0	0.0	4	5041	0	0
1.0	0.0	4	5042	0	0
1.0	0.0	4	5043	0	0
0.9966762771876582	0.0033237228123419323	4	5044	0	0
1.0	0.0	4	5045	0	0
1.0	0.0	4	5046	0	0
1.0	0.0	4	5047	0	0
1.0	0.0	4	5048	0	0
1.0	0.0	4	5049	0	0
0.9967506421655798	0.0032493578344200756	4	5050	0	0
0.9967506421655798	0.0032493578344200756	4	5051	0	0
1.0	0.0	4	5052	0	0
1.0	0.0	4	5053	0	0
1.0	0.0	4	5054	0	0
1.0	0.0	4	5055	0	0
1.0	0.0	4	5056	0	0
1.0	0.0	4	5057	0	0
1.0	0.0	4	5058	0	0
1.0	0.0	4	5059	0	0
1.0	0.0	4	5060	0	0
0.9969990425386404	0.0030009574613595945	4	5061	0	0
1.0	0.0	4	5062	0	0
0.9969990425386404	0.0030009574613595945	4	5063	0	0
1.0	0.0	4	5064	0	0
1.0	0.0	4	5065	0	0
1.0	0.0	4	5066	0	0
1.0	0.0	4	5067	0	0
0.9670215671243123	0.032978432875687726	4	5068	0	0
1.0	0.0	4	5069	0	0
1.0	0.0	4	5070	0	0
1.0	0.0	4	5071	0	0
1.0	0.0	4	5072	0	0
1.0	0.0	4	5073	0	0
1.0	0.0	4	5074	0	0
1.0	0.0	4	5075	0	0
1.0	0.0	4	5076	0	0
1.0	0.0	4	5077	0	0
1.0	0.0	4	5078	0	0
1.0	0.0	4	5079	0	0
1.0	0.0	4	5080	0	0
0.9966774262965354	0.003322573703464601	4	5081	0	0
1.0	0.0	4	5082	0	0
1.0	0.0	4	5083	0	0
1.0	0.0	4	5084	0	0
1.0	0.0	4	5085	0	0
1.0	0.0	4	5086	0	0
1.0	0.0	4	5087	0	0
0.9967437151182892	0.0032562848817108705	4	5088	0	0
1.0	0.0	4	5089	0	0
1.0	0.0	4	5090	0	0
1.0	0.0	4	5091	0	0
1.0	0.0	4	5092	0	0
1.0	0.0	4	5093	0	0
1.0	0.0	4	5094	0	0
1.0	0.0	4	5095	0	0
1.0	0.0	4	5096	0	0
1.0	0.0	4	5097	0	0
1.0	0.0	4	5098	0	0
1.0	0.0	4	5099	0	0
1.0	0.0	4	5100	0	0
1.0	0.0	4	5101	0	0
1.0	0.0	4	5102	0	0
1.0	0.0	4	5103	0	0
1.0	0.0	4	5104	0	0
1.0	0.0	4	5105	0	0
1.0	0.0	4	5106	0	0
1.0	0.0	4	5107	0	0
1.0	0.0	4	5108	0	0
1.0	0.0	4	5109	0	0
1.0	0.0	4	5110	0	0
1.0	0.0	4	5111	0	0
1.0	0.0	4	5112	0	0
1.0	0.0	4	5113	0	0
1.0	0.0	4	5114	0	0
1.0	0.0	4	5115	0	0
1.0	0.0	4	5116	0	0
1.0	0.0	4	5117	0	0
1.0	0.0	4	5118	0	0
1.0	0.0	4	5119	0	0
1.0	0.0	4	5120	0	0
1.0	0.0	4	5121	0	0
1.0	0.0	4	5122	0	0
1.0	0.0	4	5123	0	0
1.0	0.0	4	5124	0	0
0.9409145713814783	0.059085428618521806	4	5125	0	0
1.0	0.0	4	5126	0	0
1.0	0.0	4	5127	0	0
1.0	0.0	4	5128	0	0
1.0	0.0	4	5129	0	0
1.0	0.0	4	5130	0	0
1.0	0.0	4	5131	0	0
1.0	0.0	4	5132	0	0
1.0	0.0	4	5133	0	0
1.0	0.0	4	5134	0	0
1.0	0.0	4	5135	0	0
0.8682210374792739	0.13177896252072632	4	5136	0	0
1.0	0.0	4	5137	0	0
1.0	0.0	4	5138	0	0
1.0	0.0	4	5139	0	0
0.9637245947763987	0.03627540522360108	4	5140	0	0
1.0	0.0	4	5141	0	0
1.0	0.0	4	5142	0	0
1.0	0.0	4	5143	0	0
1.0	0.0	4	5144	0	0
1.0	0.0	4	5145	0	0
1.0	0.0	4	5146	0	0
1.0	0.0	4	5147	0	0
1.0	0.0	4	5148	0	0
1.0	0.0	4	5149	0	0
1.0	0.0	4	5150	0	0
1.0	0.0	4	5151	0	0
1.0	0.0	4	5152	0	0
1.0	0.0	4	5153	0	0
1.0	0.0	4	5154	0	0
1.0	0.0	4	5155	0	0
1.0	0.0	4	5156	0	0
1.0	0.0	4	5157	0	0
1.0	0.0	4	5158	0	0
1.0	0.0	4	5159	0	0
1.0	0.0	4	5160	0	0
1.0	0.0	4	5161	0	0
1.0	0.0	4	5162	0	0
1.0	0.0	4	5163	0	0
1.0	0.0	4	5164	0	0
1.0	0.0	4	5165	0	0
1.0	0.0	4	5166	0	0
1.0	0.0	4	5167	0	0
1.0	0.0	4	5168	0	0
1.0	0.0	4	5169	0	0
1.0	0.0	4	5170	0	0
1.0	0.0	4	5171	0	0
0.9934335098233317	0.006566490176668271	4	5172	0	0
0.9971092377941693	0.0028907622058307017	4	5173	0	0
0.9971092377941693	0.0028907622058307017	4	5174	0	0
1.0	0.0	4	5175	0	0
1.0	0.0	4	5176	0	0
1.0	0.0	4	5177	0	0
1.0	0.0	4	5178	0	0
1.0	0.0	4	5179	0	0
1.0	0.0	4	5180	0	0
0.4708218538885852	0.5291781461114147	4	5181	0	1
1.0	0.0	4	5182	0	0
0.9970064586679424	0.0029935413320575487	4	5183	0	0
1.0	0.0	4	5184	0	0
0.9968192300593868	0.003180769940613257	4	5185	0	0
1.0	0.0	4	5186	0	0
1.0	0.0	4	5187	0	0
1.0	0.0	4	5188	0	0
1.0	0.0	4	5189	0	0
1.0	0.0	4	5190	0	0
1.0	0.0	4	5191	0	0
1.0	0.0	4	5192	0	0
1.0	0.0	4	5193	0	0
1.0	0.0	4	5194	0	0
1.0	0.0	4	5195	0	0
1.0	0.0	4	5196	0	0
1.0	0.0	4	5197	0	0
0.9967469282600079	0.0032530717399920726	4	5198	0	0
1.0	0.0	4	5199	0	0
1.0	0.0	4	5200	0	0
1.0	0.0	4	5201	0	0
1.0	0.0	4	5202	0	0
1.0	0.0	4	5203	0	0
0.9971269487750557	0.0028730512249443216	4	5204	0	0
1.0	0.0	4	5205	0	0
1.0	0.0	4	5206	0	0
1.0	0.0	4	5207	0	0
1.0	0.0	4	5208	0	0
1.0	0.0	4	5209	0	0
1.0	0.0	4	5210	0	0
0.9703373792871116	0.02966262071288841	4	5211	0	0
1.0	0.0	4	5212	0	0
1.0	0.0	4	5213	0	0
1.0	0.0	4	5214	0	0
1.0	0.0	4	5215	0	0
1.0	0.0	4	5216	0	0
1.0	0.0	4	5217	0	0
1.0	0.0	4	5218	0	0
1.0	0.0	4	5219	0	0
1.0	0.0	4	5220	0	0
1.0	0.0	4	5221	0	0
1.0	0.0	4	5222	0	0
1.0	0.0	4	5223	0	0
1.0	0.0	4	5224	0	0
1.0	0.0	4	5225	0	0
1.0	0.0	4	5226	0	0
1.0	0.0	4	5227	0	0
1.0	0.0	4	5228	0	0
1.0	0.0	4	5229	0	0
1.0	0.0	4	5230	0	0
0.9905896984327941	0.00941030156720587	4	5231	0	0
1.0	0.0	4	5232	0	0
0.9937950101889894	0.0062049898110105636	4	5233	0	0
1.0	0.0	4	5234	0	0
1.0	0.0	4	5235	0	0
1.0	0.0	4	5236	0	0
1.0	0.0	4	5237	0	0
1.0	0.0	4	5238	0	0
1.0	0.0	4	5239	0	0
1.0	0.0	4	5240	0	0
1.0	0.0	4	5241	0	0
1.0	0.0	4	5242	0	0
1.0	0.0	4	5243	0	0
1.0	0.0	4	5244	0	0
1.0	0.0	4	5245	0	0
1.0	0.0	4	5246	0	0
1.0	0.0	4	5247	0	0
1.0	0.0	4	5248	0	0
0.9973124488124487	0.0026875511875511875	4	5249	0	0
1.0	0.0	4	5250	0	0
1.0	0.0	4	5251	0	0
1.0	0.0	4	5252	0	0
1.0	0.0	4	5253	0	0
1.0	0.0	4	5254	0	0
1.0	0.0	4	5255	0	0
1.0	0.0	4	5256	0	0
1.0	0.0	4	5257	0	0
1.0	0.0	4	5258	0	0
1.0	0.0	4	5259	0	0
1.0	0.0	4	5260	0	0
1.0	0.0	4	5261	0	0
1.0	0.0	4	5262	0	0
0.9934280471770508	0.006571952822949025	4	5263	0	0
1.0	0.0	4	5264	0	0
1.0	0.0	4	5265	0	0
1.0	0.0	4	5266	0	0
1.0	0.0	4	5267	0	0
1.0	0.0	4	5268	0	0
0.9966805963520374	0.0033194036479625316	4	5269	0	0
1.0	0.0	4	5270	0	0
0.9966805963520374	0.0033194036479625316	4	5271	0	0
0.9735763737265423	0.02642362627345768	4	5272	0	0
1.0	0.0	4	5273	0	0
1.0	0.0	4	5274	0	0
1.0	0.0	4	5275	0	0
1.0	0.0	4	5276	0	0
1.0	0.0	4	5277	0	0
1.0	0.0	4	5278	0	0
1.0	0.0	4	5279	0	0
1.0	0.0	4	5280	0	0
1.0	0.0	4	5281	0	0
1.0	0.0	4	5282	0	0
1.0	0.0	4	5283	0	0
1.0	0.0	4	5284	0	0
1.0	0.0	4	5285	0	0
1.0	0.0	4	5286	0	0
1.0	0.0	4	5287	0	0
1.0	0.0	4	5288	0	0
1.0	0.0	4	5289	0	0
0.9967027731808836	0.0032972268191163935	4	5290	0	0
1.0	0.0	4	5291	0	0
1.0	0.0	4	5292	0	0
1.0	0.0	4	5293	0	0
1.0	0.0	4	5294	0	0
1.0	0.0	4	5295	0	0
1.0	0.0	4	5296	0	0
1.0	0.0	4	5297	0	0
1.0	0.0	4	5298	0	0
1.0	0.0	4	5299	0	0
1.0	0.0	4	5300	0	0
1.0	0.0	4	5301	0	0
1.0	0.0	4	5302	0	0
1.0	0.0	4	5303	0	0
1.0	0.0	4	5304	0	0
1.0	0.0	4	5305	0	0
1.0	0.0	4	5306	0	0
1.0	0.0	4	5307	0	0
1.0	0.0	4	5308	0	0
1.0	0.0	4	5309	0	0
1.0	0.0	4	5310	0	0
1.0	0.0	4	5311	0	0
0.9966931829624408	0.0033068170375591586	4	5312	0	0
0.9966931829624408	0.0033068170375591586	4	5313	0	0
0.9966931829624408	0.0033068170375591586	4	5314	0	0
1.0	0.0	4	5315	0	0
1.0	0.0	4	5316	0	0
1.0	0.0	4	5317	0	0
0.993908559942559	0.0060914400574409834	4	5318	0	0
1.0	0.0	4	5319	0	0
0.993908559942559	0.0060914400574409834	4	5320	0	0
1.0	0.0	4	5321	0	0
1.0	0.0	4	5322	0	0
1.0	0.0	4	5323	0	0
1.0	0.0	4	5324	0	0
1.0	0.0	4	5325	0	0
1.0	0.0	4	5326	0	0
1.0	0.0	4	5327	0	0
0.9904626799652959	0.009537320034704012	4	5328	0	0
0.9970902253560071	0.0029097746439928087	4	5329	0	0
0.9970902253560071	0.0029097746439928087	4	5330	0	0
1.0	0.0	4	5331	0	0
1.0	0.0	4	5332	0	0
1.0	0.0	4	5333	0	0
1.0	0.0	4	5334	0	0
0.9934006122609863	0.006599387739013571	4	5335	0	0
1.0	0.0	4	5336	0	0
1.0	0.0	4	5337	0	0
1.0	0.0	4	5338	0	0
1.0	0.0	4	5339	0	0
1.0	0.0	4	5340	0	0
1.0	0.0	4	5341	0	0
1.0	0.0	4	5342	0	0
1.0	0.0	4	5343	0	0
1.0	0.0	4	5344	0	0
1.0	0.0	4	5345	0	0
0.9835231060149745	0.016476893985025404	4	5346	0	0
1.0	0.0	4	5347	0	0
1.0	0.0	4	5348	0	0
1.0	0.0	4	5349	0	0
1.0	0.0	4	5350	0	0
1.0	0.0	4	5351	0	0
1.0	0.0	4	5352	0	0
1.0	0.0	4	5353	0	0
1.0	0.0	4	5354	0	0
1.0	0.0	4	5355	0	0
1.0	0.0	4	5356	0	0
1.0	0.0	4	5357	0	0
1.0	0.0	4	5358	0	0
1.0	0.0	4	5359	0	0
1.0	0.0	4	5360	0	0
1.0	0.0	4	5361	0	0
1.0	0.0	4	5362	0	0
1.0	0.0	4	5363	0	0
1.0	0.0	4	5364	0	0
1.0	0.0	4	5365	0	0
1.0	0.0	4	5366	0	0
1.0	0.0	4	5367	0	0
1.0	0.0	4	5368	0	0
1.0	0.0	4	5369	0	0
1.0	0.0	4	5370	0	0
1.0	0.0	4	5371	0	0
1.0	0.0	4	5372	0	0
1.0	0.0	4	5373	0	0
1.0	0.0	4	5374	0	0
1.0	0.0	4	5375	0	0
1.0	0.0	4	5376	0	0
1.0	0.0	4	5377	0	0
1.0	0.0	4	5378	0	0
1.0	0.0	4	5379	0	0
1.0	0.0	4	5380	0	0
1.0	0.0	4	5381	0	0
1.0	0.0	4	5382	0	0
1.0	0.0	4	5383	0	0
0.9967222914072228	0.003277708592777086	4	5384	0	0
1.0	0.0	4	5385	0	0
1.0	0.0	4	5386	0	0
0.9971269487750557	0.0028730512249443216	4	5387	0	0
0.12432500958908234	0.875674990410918	4	5388	0	1
1.0	0.0	4	5389	0	0
1.0	0.0	4	5390	0	0
1.0	0.0	4	5391	0	0
1.0	0.0	4	5392	0	0
1.0	0.0	4	5393	0	0
1.0	0.0	4	5394	0	0
1.0	0.0	4	5395	0	0
1.0	0.0	4	5396	0	0
1.0	0.0	4	5397	0	0
1.0	0.0	4	5398	0	0
1.0	0.0	4	5399	0	0
1.0	0.0	4	5400	0	0
1.0	0.0	4	5401	0	0
1.0	0.0	4	5402	0	0
1.0	0.0	4	5403	0	0
1.0	0.0	4	5404	0	0
1.0	0.0	4	5405	0	0
1.0	0.0	4	5406	0	0
1.0	0.0	4	5407	0	0
1.0	0.0	4	5408	0	0
1.0	0.0	4	5409	0	0
1.0	0.0	4	5410	0	0
1.0	0.0	4	5411	0	0
1.0	0.0	4	5412	0	0
1.0	0.0	4	5413	0	0
1.0	0.0	4	5414	0	0
1.0	0.0	4	5415	0	0
1.0	0.0	4	5416	0	0
1.0	0.0	4	5417	0	0
1.0	0.0	4	5418	0	0
1.0	0.0	4	5419	0	0
1.0	0.0	4	5420	0	0
1.0	0.0	4	5421	0	0
1.0	0.0	4	5422	0	0
1.0	0.0	4	5423	0	0
1.0	0.0	4	5424	0	0
1.0	0.0	4	5425	0	0
1.0	0.0	4	5426	0	0
1.0	0.0	4	5427	0	0
1.0	0.0	4	5428	0	0
1.0	0.0	4	5429	0	0
1.0	0.0	4	5430	0	0
1.0	0.0	4	5431	0	0
1.0	0.0	4	5432	0	0
1.0	0.0	4	5433	0	0
1.0	0.0	4	5434	0	0
1.0	0.0	4	5435	0	0
1.0	0.0	4	5436	0	0
1.0	0.0	4	5437	0	0
1.0	0.0	4	5438	0	0
1.0	0.0	4	5439	0	0
1.0	0.0	4	5440	0	0
1.0	0.0	4	5441	0	0
1.0	0.0	4	5442	0	0
1.0	0.0	4	5443	0	0
1.0	0.0	4	5444	0	0
1.0	0.0	4	5445	0	0
1.0	0.0	4	5446	0	0
1.0	0.0	4	5447	0	0
1.0	0.0	4	5448	0	0
0.9934850012532185	0.006514998746781509	4	5449	0	0
0.9934850012532185	0.006514998746781509	4	5450	0	0
1.0	0.0	4	5451	0	0
1.0	0.0	4	5452	0	0
1.0	0.0	4	5453	0	0
1.0	0.0	4	5454	0	0
1.0	0.0	4	5455	0	0
1.0	0.0	4	5456	0	0
1.0	0.0	4	5457	0	0
1.0	0.0	4	5458	0	0
1.0	0.0	4	5459	0	0
1.0	0.0	4	5460	0	0
1.0	0.0	4	5461	0	0
1.0	0.0	4	5462	0	0
1.0	0.0	4	5463	0	0
1.0	0.0	4	5464	0	0
1.0	0.0	4	5465	0	0
1.0	0.0	4	5466	0	0
1.0	0.0	4	5467	0	0
1.0	0.0	4	5468	0	0
1.0	0.0	4	5469	0	0
1.0	0.0	4	5470	0	0
1.0	0.0	4	5471	0	0
1.0	0.0	4	5472	0	0
1.0	0.0	4	5473	0	0
1.0	0.0	4	5474	0	0
1.0	0.0	4	5475	0	0
1.0	0.0	4	5476	0	0
1.0	0.0	4	5477	0	0
1.0	0.0	4	5478	0	0
1.0	0.0	4	5479	0	0
0.9705328220101944	0.029467177989805738	4	5480	0	0
1.0	0.0	4	5481	0	0
1.0	0.0	4	5482	0	0
1.0	0.0	4	5483	0	0
1.0	0.0	4	5484	0	0
1.0	0.0	4	5485	0	0
1.0	0.0	4	5486	0	0
1.0	0.0	4	5487	0	0
1.0	0.0	4	5488	0	0
1.0	0.0	4	5489	0	0
1.0	0.0	4	5490	0	0
1.0	0.0	4	5491	0	0
1.0	0.0	4	5492	0	0
1.0	0.0	4	5493	0	0
1.0	0.0	4	5494	0	0
1.0	0.0	4	5495	0	0
1.0	0.0	4	5496	0	0
1.0	0.0	4	5497	0	0
1.0	0.0	4	5498	0	0
1.0	0.0	4	5499	0	0
1.0	0.0	4	5500	0	0
1.0	0.0	4	5501	0	0
1.0	0.0	4	5502	0	0
1.0	0.0	4	5503	0	0
1.0	0.0	4	5504	0	0
1.0	0.0	4	5505	0	0
0.9736290895446511	0.02637091045534912	4	5506	0	0
1.0	0.0	4	5507	0	0
1.0	0.0	4	5508	0	0
1.0	0.0	4	5509	0	0
1.0	0.0	4	5510	0	0
1.0	0.0	4	5511	0	0
1.0	0.0	4	5512	0	0
1.0	0.0	4	5513	0	0
1.0	0.0	4	5514	0	0
0.9902636180179611	0.009736381982038852	4	5515	0	0
1.0	0.0	4	5516	0	0
1.0	0.0	4	5517	0	0
1.0	0.0	4	5518	0	0
1.0	0.0	4	5519	0	0
1.0	0.0	4	5520	0	0
1.0	0.0	4	5521	0	0
1.0	0.0	4	5522	0	0
0.987353183208128	0.012646816791872028	4	5523	0	0
1.0	0.0	4	5524	0	0
1.0	0.0	4	5525	0	0
1.0	0.0	4	5526	0	0
1.0	0.0	4	5527	0	0
0.9288540293386496	0.07114597066135038	4	5528	0	0
1.0	0.0	4	5529	0	0
1.0	0.0	4	5530	0	0
1.0	0.0	4	5531	0	0
1.0	0.0	4	5532	0	0
1.0	0.0	4	5533	0	0
1.0	0.0	4	5534	0	0
1.0	0.0	4	5535	0	0
1.0	0.0	4	5536	0	0
1.0	0.0	4	5537	0	0
1.0	0.0	4	5538	0	0
1.0	0.0	4	5539	0	0
1.0	0.0	4	5540	0	0
1.0	0.0	4	5541	0	0
1.0	0.0	4	5542	0	0
1.0	0.0	4	5543	0	0
1.0	0.0	4	5544	0	0
1.0	0.0	4	5545	0	0
1.0	0.0	4	5546	0	0
1.0	0.0	4	5547	0	0
1.0	0.0	4	5548	0	0
1.0	0.0	4	5549	0	0
1.0	0.0	4	5550	0	0
1.0	0.0	4	5551	0	0
1.0	0.0	4	5552	0	0
1.0	0.0	4	5553	0	0
1.0	0.0	4	5554	0	0
1.0	0.0	4	5555	0	0
1.0	0.0	4	5556	0	0
1.0	0.0	4	5557	0	0
1.0	0.0	4	5558	0	0
1.0	0.0	4	5559	0	0
1.0	0.0	4	5560	0	0
1.0	0.0	4	5561	0	0
1.0	0.0	4	5562	0	0
1.0	0.0	4	5563	0	0
0.13948659167630365	0.8605134083236966	4	5564	1	1
0.905195779173498	0.09480422082650185	4	5565	1	0
1.0	0.0	4	5566	0	0
1.0	0.0	4	5567	0	0
1.0	0.0	4	5568	0	0
1.0	0.0	4	5569	0	0
1.0	0.0	4	5570	0	0
1.0	0.0	4	5571	0	0
1.0	0.0	4	5572	0	0
1.0	0.0	4	5573	0	0
1.0	0.0	4	5574	0	0
1.0	0.0	4	5575	0	0
1.0	0.0	4	5576	0	0
1.0	0.0	4	5577	0	0
1.0	0.0	4	5578	0	0
1.0	0.0	4	5579	0	0
1.0	0.0	4	5580	0	0
1.0	0.0	4	5581	0	0
1.0	0.0	4	5582	0	0
1.0	0.0	4	5583	0	0
1.0	0.0	4	5584	0	0
1.0	0.0	4	5585	0	0
1.0	0.0	4	5586	0	0
1.0	0.0	4	5587	0	0
1.0	0.0	4	5588	0	0
1.0	0.0	4	5589	0	0
1.0	0.0	4	5590	0	0
1.0	0.0	4	5591	0	0
1.0	0.0	4	5592	0	0
1.0	0.0	4	5593	0	0
1.0	0.0	4	5594	0	0
1.0	0.0	4	5595	0	0
1.0	0.0	4	5596	0	0
1.0	0.0	4	5597	0	0
1.0	0.0	4	5598	0	0
1.0	0.0	4	5599	0	0
1.0	0.0	4	5600	0	0
1.0	0.0	4	5601	0	0
1.0	0.0	4	5602	0	0
0.9242404593194994	0.07575954068050059	4	5603	0	0
1.0	0.0	4	5604	0	0
1.0	0.0	4	5605	0	0
1.0	0.0	4	5606	0	0
1.0	0.0	4	5607	0	0
1.0	0.0	4	5608	0	0
1.0	0.0	4	5609	0	0
1.0	0.0	4	5610	0	0
1.0	0.0	4	5611	0	0
1.0	0.0	4	5612	0	0
1.0	0.0	4	5613	0	0
1.0	0.0	4	5614	0	0
1.0	0.0	4	5615	0	0
1.0	0.0	4	5616	0	0
1.0	0.0	4	5617	0	0
1.0	0.0	4	5618	0	0
1.0	0.0	4	5619	0	0
1.0	0.0	4	5620	0	0
1.0	0.0	4	5621	0	0
1.0	0.0	4	5622	0	0
1.0	0.0	4	5623	0	0
1.0	0.0	4	5624	0	0
1.0	0.0	4	5625	0	0
1.0	0.0	4	5626	0	0
1.0	0.0	4	5627	0	0
1.0	0.0	4	5628	0	0
1.0	0.0	4	5629	0	0
1.0	0.0	4	5630	0	0
1.0	0.0	4	5631	0	0
1.0	0.0	4	5632	0	0
1.0	0.0	4	5633	0	0
1.0	0.0	4	5634	0	0
1.0	0.0	4	5635	0	0
1.0	0.0	4	5636	0	0
1.0	0.0	4	5637	0	0
1.0	0.0	4	5638	0	0
1.0	0.0	4	5639	0	0
0.9940766869008987	0.005923313099101366	4	5640	0	0
1.0	0.0	4	5641	0	0
1.0	0.0	4	5642	0	0
1.0	0.0	4	5643	0	0
1.0	0.0	4	5644	0	0
1.0	0.0	4	5645	0	0
1.0	0.0	4	5646	0	0
1.0	0.0	4	5647	0	0
1.0	0.0	4	5648	0	0
1.0	0.0	4	5649	0	0
1.0	0.0	4	5650	0	0
1.0	0.0	4	5651	0	0
1.0	0.0	4	5652	0	0
1.0	0.0	4	5653	0	0
1.0	0.0	4	5654	0	0
1.0	0.0	4	5655	0	0
1.0	0.0	4	5656	0	0
1.0	0.0	4	5657	0	0
1.0	0.0	4	5658	0	0
1.0	0.0	4	5659	0	0
1.0	0.0	4	5660	0	0
1.0	0.0	4	5661	0	0
0.9971092377941693	0.0028907622058307017	4	5662	0	0
0.9971092377941693	0.0028907622058307017	4	5663	0	0
0.9901213734155377	0.009878626584462352	4	5664	0	0
1.0	0.0	4	5665	0	0
1.0	0.0	4	5666	0	0
1.0	0.0	4	5667	0	0
1.0	0.0	4	5668	0	0
0.9934011669777851	0.006598833022214928	4	5669	0	0
1.0	0.0	4	5670	0	0
1.0	0.0	4	5671	0	0
1.0	0.0	4	5672	0	0
0.8949711662458556	0.10502883375414462	4	5673	0	0
1.0	0.0	4	5674	0	0
1.0	0.0	4	5675	0	0
1.0	0.0	4	5676	0	0
1.0	0.0	4	5677	0	0
1.0	0.0	4	5678	0	0
0.9935602793502725	0.006439720649727608	4	5679	0	0
1.0	0.0	4	5680	0	0
1.0	0.0	4	5681	0	0
1.0	0.0	4	5682	0	0
1.0	0.0	4	5683	0	0
1.0	0.0	4	5684	0	0
1.0	0.0	4	5685	0	0
1.0	0.0	4	5686	0	0
1.0	0.0	4	5687	0	0
1.0	0.0	4	5688	0	0
1.0	0.0	4	5689	0	0
0.9967213767034716	0.0032786232965283995	4	5690	0	0
1.0	0.0	4	5691	0	0
1.0	0.0	4	5692	0	0
1.0	0.0	4	5693	0	0
1.0	0.0	4	5694	0	0
1.0	0.0	4	5695	0	0
1.0	0.0	4	5696	0	0
1.0	0.0	4	5697	0	0
1.0	0.0	4	5698	0	0
1.0	0.0	4	5699	0	0
1.0	0.0	4	5700	0	0
1.0	0.0	4	5701	0	0
1.0	0.0	4	5702	0	0
1.0	0.0	4	5703	0	0
1.0	0.0	4	5704	0	0
1.0	0.0	4	5705	0	0
1.0	0.0	4	5706	0	0
1.0	0.0	4	5707	0	0
1.0	0.0	4	5708	0	0
1.0	0.0	4	5709	0	0
1.0	0.0	4	5710	0	0
1.0	0.0	4	5711	0	0
1.0	0.0	4	5712	0	0
1.0	0.0	4	5713	0	0
1.0	0.0	4	5714	0	0
1.0	0.0	4	5715	0	0
1.0	0.0	4	5716	0	0
1.0	0.0	4	5717	0	0
1.0	0.0	4	5718	0	0
1.0	0.0	4	5719	0	0
1.0	0.0	4	5720	0	0
1.0	0.0	4	5721	0	0
1.0	0.0	4	5722	0	0
1.0	0.0	4	5723	0	0
1.0	0.0	4	5724	0	0
1.0	0.0	4	5725	0	0
1.0	0.0	4	5726	0	0
1.0	0.0	4	5727	0	0
1.0	0.0	4	5728	0	0
1.0	0.0	4	5729	0	0
1.0	0.0	4	5730	0	0
1.0	0.0	4	5731	0	0
1.0	0.0	4	5732	0	0
1.0	0.0	4	5733	0	0
1.0	0.0	4	5734	0	0
1.0	0.0	4	5735	0	0
1.0	0.0	4	5736	0	0
1.0	0.0	4	5737	0	0
1.0	0.0	4	5738	0	0
1.0	0.0	4	5739	0	0
1.0	0.0	4	5740	0	0
1.0	0.0	4	5741	0	0
1.0	0.0	4	5742	0	0
1.0	0.0	4	5743	0	0
1.0	0.0	4	5744	0	0
1.0	0.0	4	5745	0	0
1.0	0.0	4	5746	0	0
1.0	0.0	4	5747	0	0
1.0	0.0	4	5748	0	0
1.0	0.0	4	5749	0	0
1.0	0.0	4	5750	0	0
1.0	0.0	4	5751	0	0
1.0	0.0	4	5752	0	0
1.0	0.0	4	5753	0	0
1.0	0.0	4	5754	0	0
1.0	0.0	4	5755	0	0
1.0	0.0	4	5756	0	0
1.0	0.0	4	5757	0	0
1.0	0.0	4	5758	0	0
1.0	0.0	4	5759	0	0
1.0	0.0	4	5760	0	0
1.0	0.0	4	5761	0	0
1.0	0.0	4	5762	0	0
1.0	0.0	4	5763	0	0
1.0	0.0	4	5764	0	0
1.0	0.0	4	5765	0	0
1.0	0.0	4	5766	0	0
1.0	0.0	4	5767	0	0
1.0	0.0	4	5768	0	0
1.0	0.0	4	5769	0	0
1.0	0.0	4	5770	0	0
1.0	0.0	4	5771	0	0
1.0	0.0	4	5772	0	0
1.0	0.0	4	5773	0	0
1.0	0.0	4	5774	0	0
1.0	0.0	4	5775	0	0
1.0	0.0	4	5776	0	0
1.0	0.0	4	5777	0	0
1.0	0.0	4	5778	0	0
1.0	0.0	4	5779	0	0
1.0	0.0	4	5780	0	0
0.9872476996088692	0.012752300391130804	4	5781	0	0
1.0	0.0	4	5782	0	0
0.9872476996088692	0.012752300391130804	4	5783	0	0
1.0	0.0	4	5784	0	0
0.9639205395318663	0.036079460468133505	4	5785	0	0
1.0	0.0	4	5786	0	0
0.9538257242128655	0.046174275787134525	4	5787	0	0
1.0	0.0	4	5788	0	0
0.9407733242547391	0.05922667574526095	4	5789	0	0
0.08512914150331334	0.9148708584966867	4	5790	1	1
0.8980944527536172	0.10190554724638293	4	5791	0	0
1.0	0.0	4	5792	0	0
1.0	0.0	4	5793	0	0
1.0	0.0	4	5794	0	0
1.0	0.0	4	5795	0	0
0.9604538977680324	0.03954610223196751	4	5796	0	0
1.0	0.0	4	5797	0	0
0.9934080650015047	0.006591934998495336	4	5798	0	0
1.0	0.0	4	5799	0	0
1.0	0.0	4	5800	0	0
0.9934104080953396	0.006589591904660398	4	5801	0	0
1.0	0.0	4	5802	0	0
1.0	0.0	4	5803	0	0
1.0	0.0	4	5804	0	0
0.9275368585633125	0.07246314143668764	4	5805	0	0
1.0	0.0	4	5806	0	0
0.5629436383382779	0.43705636166172224	4	5807	1	0
0.9967381058689287	0.0032618941310710923	4	5808	0	0
0.9834717276463081	0.016528272353692072	4	5809	0	0
0.97695658650884	0.023043413491159792	4	5810	0	0
1.0	0.0	4	5811	0	0
1.0	0.0	4	5812	0	0
0.9933825808176983	0.006617419182301639	4	5813	0	0
1.0	0.0	4	5814	0	0
1.0	0.0	4	5815	0	0
0.9933835699244783	0.006616430075521539	4	5816	0	0
1.0	0.0	4	5817	0	0
1.0	0.0	4	5818	0	0
1.0	0.0	4	5819	0	0
1.0	0.0	4	5820	0	0
0.16333983322298679	0.8366601667770134	4	5821	1	1
0.29891232332432816	0.7010876766756716	4	5822	0	1
0.3961435014464821	0.6038564985535179	4	5823	0	1
0.02427505909575628	0.9757249409042438	4	5824	1	1
0.9802028009040626	0.019797199095937395	4	5825	0	0
1.0	0.0	4	5826	0	0
1.0	0.0	4	5827	0	0
1.0	0.0	4	5828	0	0
0.996695761223978	0.003304238776022072	4	5829	0	0
1.0	0.0	4	5830	0	0
0.24342788936600565	0.7565721106339942	4	5831	1	1
1.0	0.0	4	5832	0	0
0.9867720645601037	0.013227935439896478	4	5833	0	0
0.9734934450574849	0.026506554942515182	4	5834	0	0
1.0	0.0	4	5835	0	0
1.0	0.0	4	5836	0	0
0.007836231959082758	0.9921637680409173	4	5837	1	1
0.07741745016536838	0.9225825498346315	4	5838	1	1
0.9966666666666667	0.0033333333333333335	4	5839	0	0
0.9970064586679424	0.0029935413320575487	4	5840	0	0
0.9967017755040627	0.0032982244959374064	4	5841	0	0
0.9967017755040627	0.0032982244959374064	4	5842	0	0
0.9967017755040627	0.0032982244959374064	4	5843	0	0
1.0	0.0	4	5844	0	0
1.0	0.0	4	5845	0	0
1.0	0.0	4	5846	0	0
1.0	0.0	4	5847	0	0
1.0	0.0	4	5848	0	0
1.0	0.0	4	5849	0	0
1.0	0.0	4	5850	0	0
1.0	0.0	4	5851	0	0
1.0	0.0	4	5852	0	0
1.0	0.0	4	5853	0	0
0.9967371346335169	0.003262865366483053	4	5854	0	0
0.9967371346335169	0.003262865366483053	4	5855	0	0
0.9967371346335169	0.003262865366483053	4	5856	0	0
1.0	0.0	4	5857	0	0
1.0	0.0	4	5858	0	0
1.0	0.0	4	5859	0	0
1.0	0.0	4	5860	0	0
1.0	0.0	4	5861	0	0
1.0	0.0	4	5862	0	0
1.0	0.0	4	5863	0	0
0.9966840579710143	0.0033159420289855072	4	5864	0	0
1.0	0.0	4	5865	0	0
1.0	0.0	4	5866	0	0
1.0	0.0	4	5867	0	0
1.0	0.0	4	5868	0	0
1.0	0.0	4	5869	0	0
1.0	0.0	4	5870	0	0
1.0	0.0	4	5871	0	0
1.0	0.0	4	5872	0	0
1.0	0.0	4	5873	0	0
1.0	0.0	4	5874	0	0
1.0	0.0	4	5875	0	0
1.0	0.0	4	5876	0	0
1.0	0.0	4	5877	0	0
1.0	0.0	4	5878	0	0
1.0	0.0	4	5879	0	0
1.0	0.0	4	5880	0	0
1.0	0.0	4	5881	0	0
1.0	0.0	4	5882	0	0
1.0	0.0	4	5883	0	0
1.0	0.0	4	5884	0	0
1.0	0.0	4	5885	0	0
1.0	0.0	4	5886	0	0
1.0	0.0	4	5887	0	0
1.0	0.0	4	5888	0	0
1.0	0.0	4	5889	0	0
1.0	0.0	4	5890	0	0
1.0	0.0	4	5891	0	0
1.0	0.0	4	5892	0	0
1.0	0.0	4	5893	0	0
1.0	0.0	4	5894	0	0
1.0	0.0	4	5895	0	0
1.0	0.0	4	5896	0	0
0.9973124488124487	0.0026875511875511875	4	5897	0	0
1.0	0.0	4	5898	0	0
1.0	0.0	4	5899	0	0
1.0	0.0	4	5900	0	0
1.0	0.0	4	5901	0	0
1.0	0.0	4	5902	0	0
1.0	0.0	4	5903	0	0
0.9901257681185177	0.009874231881482185	4	5904	0	0
1.0	0.0	4	5905	0	0
1.0	0.0	4	5906	0	0
1.0	0.0	4	5907	0	0
1.0	0.0	4	5908	0	0
1.0	0.0	4	5909	0	0
1.0	0.0	4	5910	0	0
1.0	0.0	4	5911	0	0
1.0	0.0	4	5912	0	0
1.0	0.0	4	5913	0	0
1.0	0.0	4	5914	0	0
1.0	0.0	4	5915	0	0
0.9934989372779675	0.006501062722032408	4	5916	0	0
1.0	0.0	4	5917	0	0
1.0	0.0	4	5918	0	0
1.0	0.0	4	5919	0	0
1.0	0.0	4	5920	0	0
0.9969990425386404	0.0030009574613595945	4	5921	0	0
1.0	0.0	4	5922	0	0
0.9969990425386404	0.0030009574613595945	4	5923	0	0
0.9934448475405363	0.006555152459463795	4	5924	0	0
1.0	0.0	4	5925	0	0
0.9969990425386404	0.0030009574613595945	4	5926	0	0
1.0	0.0	4	5927	0	0
1.0	0.0	4	5928	0	0
1.0	0.0	4	5929	0	0
1.0	0.0	4	5930	0	0
0.9934726304135396	0.0065273695864602145	4	5931	0	0
1.0	0.0	4	5932	0	0
1.0	0.0	4	5933	0	0
1.0	0.0	4	5934	0	0
1.0	0.0	4	5935	0	0
1.0	0.0	4	5936	0	0
1.0	0.0	4	5937	0	0
1.0	0.0	4	5938	0	0
1.0	0.0	4	5939	0	0
1.0	0.0	4	5940	0	0
1.0	0.0	4	5941	0	0
0.9801471706311495	0.01985282936885048	4	5942	0	0
1.0	0.0	4	5943	0	0
1.0	0.0	4	5944	0	0
1.0	0.0	4	5945	0	0
1.0	0.0	4	5946	0	0
1.0	0.0	4	5947	0	0
1.0	0.0	4	5948	0	0
1.0	0.0	4	5949	0	0
1.0	0.0	4	5950	0	0
1.0	0.0	4	5951	0	0
1.0	0.0	4	5952	0	0
1.0	0.0	4	5953	0	0
1.0	0.0	4	5954	0	0
1.0	0.0	4	5955	0	0
1.0	0.0	4	5956	0	0
1.0	0.0	4	5957	0	0
1.0	0.0	4	5958	0	0
1.0	0.0	4	5959	0	0
1.0	0.0	4	5960	0	0
1.0	0.0	4	5961	0	0
0.9969990425386404	0.0030009574613595945	4	5962	0	0
0.9969990425386404	0.0030009574613595945	4	5963	0	0
1.0	0.0	4	5964	0	0
1.0	0.0	4	5965	0	0
1.0	0.0	4	5966	0	0
0.9803936994164885	0.019606300583511652	4	5967	0	0
0.9803936994164885	0.019606300583511652	4	5968	0	0
1.0	0.0	4	5969	0	0
1.0	0.0	4	5970	0	0
1.0	0.0	4	5971	0	0
1.0	0.0	4	5972	0	0
0.9572341508375287	0.04276584916247139	4	5973	0	0
0.9769045312370603	0.02309546876293976	4	5974	0	0
1.0	0.0	4	5975	0	0
1.0	0.0	4	5976	0	0
1.0	0.0	4	5977	0	0
1.0	0.0	4	5978	0	0
0.9968883520439582	0.003111647956041874	4	5979	0	0
1.0	0.0	4	5980	0	0
1.0	0.0	4	5981	0	0
1.0	0.0	4	5982	0	0
1.0	0.0	4	5983	0	0
0.9115130664649637	0.08848693353503621	4	5984	0	0
1.0	0.0	4	5985	0	0
0.9967072926070819	0.003292707392918046	4	5986	0	0
0.9967072926070819	0.003292707392918046	4	5987	0	0
1.0	0.0	4	5988	0	0
1.0	0.0	4	5989	0	0
1.0	0.0	4	5990	0	0
1.0	0.0	4	5991	0	0
0.9736289814920175	0.026371018507982767	4	5992	0	0
0.9341834966139319	0.06581650338606812	4	5993	0	0
1.0	0.0	4	5994	0	0
1.0	0.0	4	5995	0	0
1.0	0.0	4	5996	0	0
1.0	0.0	4	5997	0	0
1.0	0.0	4	5998	0	0
1.0	0.0	4	5999	0	0
1.0	0.0	4	6000	0	0
1.0	0.0	4	6001	0	0
0.9909089986318592	0.009091001368140825	4	6002	0	0
1.0	0.0	4	6003	0	0
0.9770966872586309	0.022903312741369152	4	6004	0	0
1.0	0.0	4	6005	0	0
1.0	0.0	4	6006	0	0
1.0	0.0	4	6007	0	0
1.0	0.0	4	6008	0	0
1.0	0.0	4	6009	0	0
1.0	0.0	4	6010	0	0
1.0	0.0	4	6011	0	0
1.0	0.0	4	6012	0	0
1.0	0.0	4	6013	0	0
0.9967062835364324	0.003293716463567524	4	6014	0	0
0.9967770094649602	0.0032229905350399687	4	6015	0	0
1.0	0.0	4	6016	0	0
1.0	0.0	4	6017	0	0
1.0	0.0	4	6018	0	0
1.0	0.0	4	6019	0	0
1.0	0.0	4	6020	0	0
1.0	0.0	4	6021	0	0
1.0	0.0	4	6022	0	0
1.0	0.0	4	6023	0	0
1.0	0.0	4	6024	0	0
1.0	0.0	4	6025	0	0
1.0	0.0	4	6026	0	0
1.0	0.0	4	6027	0	0
1.0	0.0	4	6028	0	0
1.0	0.0	4	6029	0	0
1.0	0.0	4	6030	0	0
1.0	0.0	4	6031	0	0
1.0	0.0	4	6032	0	0
1.0	0.0	4	6033	0	0
1.0	0.0	4	6034	0	0
1.0	0.0	4	6035	0	0
1.0	0.0	4	6036	0	0
1.0	0.0	4	6037	0	0
1.0	0.0	4	6038	0	0
1.0	0.0	4	6039	0	0
1.0	0.0	4	6040	0	0
1.0	0.0	4	6041	0	0
1.0	0.0	4	6042	0	0
1.0	0.0	4	6043	0	0
1.0	0.0	4	6044	0	0
1.0	0.0	4	6045	0	0
1.0	0.0	4	6046	0	0
1.0	0.0	4	6047	0	0
1.0	0.0	4	6048	0	0
1.0	0.0	4	6049	0	0
1.0	0.0	4	6050	0	0
1.0	0.0	4	6051	0	0
0.9969990425386404	0.0030009574613595945	4	6052	0	0
0.9900963130173062	0.009903686982693755	4	6053	0	0
0.9969990425386404	0.0030009574613595945	4	6054	0	0
0.9967072864951607	0.0032927135048392755	4	6055	0	0
1.0	0.0	4	6056	0	0
1.0	0.0	4	6057	0	0
1.0	0.0	4	6058	0	0
1.0	0.0	4	6059	0	0
1.0	0.0	4	6060	0	0
1.0	0.0	4	6061	0	0
1.0	0.0	4	6062	0	0
1.0	0.0	4	6063	0	0
1.0	0.0	4	6064	0	0
1.0	0.0	4	6065	0	0
1.0	0.0	4	6066	0	0
1.0	0.0	4	6067	0	0
1.0	0.0	4	6068	0	0
1.0	0.0	4	6069	0	0
0.03418328082302549	0.9658167191769744	4	6070	1	1
1.0	0.0	4	6071	0	0
1.0	0.0	4	6072	0	0
1.0	0.0	4	6073	0	0
1.0	0.0	4	6074	0	0
1.0	0.0	4	6075	0	0
1.0	0.0	4	6076	0	0
0.8727017258542185	0.1272982741457819	4	6077	0	0
1.0	0.0	4	6078	0	0
1.0	0.0	4	6079	0	0
1.0	0.0	4	6080	0	0
1.0	0.0	4	6081	0	0
1.0	0.0	4	6082	0	0
1.0	0.0	4	6083	0	0
1.0	0.0	4	6084	0	0
1.0	0.0	4	6085	0	0
1.0	0.0	4	6086	0	0
1.0	0.0	4	6087	0	0
1.0	0.0	4	6088	0	0
1.0	0.0	4	6089	0	0
1.0	0.0	4	6090	0	0
1.0	0.0	4	6091	0	0
0.9966853252647504	0.0033146747352496217	4	6092	0	0
1.0	0.0	4	6093	0	0
1.0	0.0	4	6094	0	0
1.0	0.0	4	6095	0	0
1.0	0.0	4	6096	0	0
1.0	0.0	4	6097	0	0
1.0	0.0	4	6098	0	0
1.0	0.0	4	6099	0	0
1.0	0.0	4	6100	0	0
1.0	0.0	4	6101	0	0
1.0	0.0	4	6102	0	0
1.0	0.0	4	6103	0	0
1.0	0.0	4	6104	0	0
1.0	0.0	4	6105	0	0
1.0	0.0	4	6106	0	0
1.0	0.0	4	6107	0	0
1.0	0.0	4	6108	0	0
1.0	0.0	4	6109	0	0
1.0	0.0	4	6110	0	0
1.0	0.0	4	6111	0	0
1.0	0.0	4	6112	0	0
1.0	0.0	4	6113	0	0
1.0	0.0	4	6114	0	0
1.0	0.0	4	6115	0	0
1.0	0.0	4	6116	0	0
1.0	0.0	4	6117	0	0
1.0	0.0	4	6118	0	0
1.0	0.0	4	6119	0	0
1.0	0.0	4	6120	0	0
1.0	0.0	4	6121	0	0
1.0	0.0	4	6122	0	0
1.0	0.0	4	6123	0	0
0.9704189372536727	0.029581062746327505	4	6124	0	0
1.0	0.0	4	6125	0	0
1.0	0.0	4	6126	0	0
1.0	0.0	4	6127	0	0
1.0	0.0	4	6128	0	0
1.0	0.0	4	6129	0	0
1.0	0.0	4	6130	0	0
1.0	0.0	4	6131	0	0
1.0	0.0	4	6132	0	0
1.0	0.0	4	6133	0	0
1.0	0.0	4	6134	0	0
0.9576973748246892	0.04230262517531082	4	6135	0	0
1.0	0.0	4	6136	0	0
1.0	0.0	4	6137	0	0
1.0	0.0	4	6138	0	0
1.0	0.0	4	6139	0	0
1.0	0.0	4	6140	0	0
1.0	0.0	4	6141	0	0
1.0	0.0	4	6142	0	0
1.0	0.0	4	6143	0	0
1.0	0.0	4	6144	0	0
1.0	0.0	4	6145	0	0
1.0	0.0	4	6146	0	0
1.0	0.0	4	6147	0	0
1.0	0.0	4	6148	0	0
1.0	0.0	4	6149	0	0
1.0	0.0	4	6150	0	0
1.0	0.0	4	6151	0	0
1.0	0.0	4	6152	0	0
1.0	0.0	4	6153	0	0
1.0	0.0	4	6154	0	0
1.0	0.0	4	6155	0	0
1.0	0.0	4	6156	0	0
1.0	0.0	4	6157	0	0
0.990112832856928	0.009887167143072063	4	6158	0	0
1.0	0.0	4	6159	0	0
1.0	0.0	4	6160	0	0
1.0	0.0	4	6161	0	0
1.0	0.0	4	6162	0	0
1.0	0.0	4	6163	0	0
1.0	0.0	4	6164	0	0
1.0	0.0	4	6165	0	0
1.0	0.0	4	6166	0	0
1.0	0.0	4	6167	0	0
1.0	0.0	4	6168	0	0
1.0	0.0	4	6169	0	0
1.0	0.0	4	6170	0	0
1.0	0.0	4	6171	0	0
0.9848815468710895	0.015118453128910475	4	6172	0	0
1.0	0.0	4	6173	0	0
1.0	0.0	4	6174	0	0
1.0	0.0	4	6175	0	0
0.9934633492551134	0.006536650744886619	4	6176	0	0
1.0	0.0	4	6177	0	0
1.0	0.0	4	6178	0	0
1.0	0.0	4	6179	0	0
1.0	0.0	4	6180	0	0
1.0	0.0	4	6181	0	0
1.0	0.0	4	6182	0	0
1.0	0.0	4	6183	0	0
1.0	0.0	4	6184	0	0
1.0	0.0	4	6185	0	0
1.0	0.0	4	6186	0	0
1.0	0.0	4	6187	0	0
1.0	0.0	4	6188	0	0
1.0	0.0	4	6189	0	0
1.0	0.0	4	6190	0	0
0.9967017702221554	0.0032982297778446417	4	6191	0	0
1.0	0.0	4	6192	0	0
1.0	0.0	4	6193	0	0
1.0	0.0	4	6194	0	0
1.0	0.0	4	6195	0	0
1.0	0.0	4	6196	0	0
1.0	0.0	4	6197	0	0
1.0	0.0	4	6198	0	0
1.0	0.0	4	6199	0	0
1.0	0.0	4	6200	0	0
1.0	0.0	4	6201	0	0
1.0	0.0	4	6202	0	0
0.996782791905532	0.003217208094468127	4	6203	0	0
1.0	0.0	4	6204	0	0
1.0	0.0	4	6205	0	0
1.0	0.0	4	6206	0	0
1.0	0.0	4	6207	0	0
1.0	0.0	4	6208	0	0
1.0	0.0	4	6209	0	0
1.0	0.0	4	6210	0	0
1.0	0.0	4	6211	0	0
1.0	0.0	4	6212	0	0
1.0	0.0	4	6213	0	0
1.0	0.0	4	6214	0	0
1.0	0.0	4	6215	0	0
1.0	0.0	4	6216	0	0
1.0	0.0	4	6217	0	0
1.0	0.0	4	6218	0	0
0.9940766869008987	0.005923313099101366	4	6219	0	0
1.0	0.0	4	6220	0	0
1.0	0.0	4	6221	0	0
1.0	0.0	4	6222	0	0
1.0	0.0	4	6223	0	0
1.0	0.0	4	6224	0	0
1.0	0.0	4	6225	0	0
1.0	0.0	4	6226	0	0
1.0	0.0	4	6227	0	0
1.0	0.0	4	6228	0	0
1.0	0.0	4	6229	0	0
1.0	0.0	4	6230	0	0
1.0	0.0	4	6231	0	0
1.0	0.0	4	6232	0	0
1.0	0.0	4	6233	0	0
1.0	0.0	4	6234	0	0
1.0	0.0	4	6235	0	0
1.0	0.0	4	6236	0	0
0.04261685419091173	0.9573831458090883	4	6237	1	1
1.0	0.0	4	6238	0	0
1.0	0.0	4	6239	0	0
1.0	0.0	4	6240	0	0
0.9769084873151769	0.023091512684823106	4	6241	0	0
0.9934060478411313	0.006593952158868662	4	6242	0	0
0.01766609445783659	0.982333905542163	4	6243	1	1
1.0	0.0	4	6244	0	0
1.0	0.0	4	6245	0	0
1.0	0.0	4	6246	0	0
1.0	0.0	4	6247	0	0
1.0	0.0	4	6248	0	0
1.0	0.0	4	6249	0	0
1.0	0.0	4	6250	0	0
1.0	0.0	4	6251	0	0
1.0	0.0	4	6252	0	0
1.0	0.0	4	6253	0	0
1.0	0.0	4	6254	0	0
1.0	0.0	4	6255	0	0
1.0	0.0	4	6256	0	0
1.0	0.0	4	6257	0	0
1.0	0.0	4	6258	0	0
1.0	0.0	4	6259	0	0
1.0	0.0	4	6260	0	0
1.0	0.0	4	6261	0	0
1.0	0.0	4	6262	0	0
1.0	0.0	4	6263	0	0
1.0	0.0	4	6264	0	0
1.0	0.0	4	6265	0	0
1.0	0.0	4	6266	0	0
1.0	0.0	4	6267	0	0
1.0	0.0	4	6268	0	0
0.25802652992412595	0.7419734700758743	4	6269	1	1
1.0	0.0	4	6270	0	0
1.0	0.0	4	6271	0	0
1.0	0.0	4	6272	0	0
1.0	0.0	4	6273	0	0
1.0	0.0	4	6274	0	0
1.0	0.0	4	6275	0	0
1.0	0.0	4	6276	0	0
0.9901271038074178	0.009872896192582383	4	6277	0	0
1.0	0.0	4	6278	0	0
1.0	0.0	4	6279	0	0
1.0	0.0	4	6280	0	0
1.0	0.0	4	6281	0	0
1.0	0.0	4	6282	0	0
1.0	0.0	4	6283	0	0
1.0	0.0	4	6284	0	0
1.0	0.0	4	6285	0	0
1.0	0.0	4	6286	0	0
1.0	0.0	4	6287	0	0
1.0	0.0	4	6288	0	0
1.0	0.0	4	6289	0	0
1.0	0.0	4	6290	0	0
0.9848815468710895	0.015118453128910475	4	6291	0	0
1.0	0.0	4	6292	0	0
1.0	0.0	4	6293	0	0
1.0	0.0	4	6294	0	0
1.0	0.0	4	6295	0	0
0.9971092377941693	0.0028907622058307017	4	6296	0	0
1.0	0.0	4	6297	0	0
1.0	0.0	4	6298	0	0
1.0	0.0	4	6299	0	0
1.0	0.0	4	6300	0	0
1.0	0.0	4	6301	0	0
1.0	0.0	4	6302	0	0
0.912015724452779	0.08798427554722087	4	6303	0	0
0.9938076421173101	0.006192357882690029	4	6304	0	0
1.0	0.0	4	6305	0	0
1.0	0.0	4	6306	0	0
1.0	0.0	4	6307	0	0
1.0	0.0	4	6308	0	0
1.0	0.0	4	6309	0	0
1.0	0.0	4	6310	0	0
1.0	0.0	4	6311	0	0
1.0	0.0	4	6312	0	0
1.0	0.0	4	6313	0	0
1.0	0.0	4	6314	0	0
1.0	0.0	4	6315	0	0
1.0	0.0	4	6316	0	0
1.0	0.0	4	6317	0	0
1.0	0.0	4	6318	0	0
1.0	0.0	4	6319	0	0
1.0	0.0	4	6320	0	0
1.0	0.0	4	6321	0	0
1.0	0.0	4	6322	0	0
1.0	0.0	4	6323	0	0
1.0	0.0	4	6324	0	0
1.0	0.0	4	6325	0	0
1.0	0.0	4	6326	0	0
1.0	0.0	4	6327	0	0
1.0	0.0	4	6328	0	0
0.9970064586679424	0.0029935413320575487	4	6329	0	0
1.0	0.0	4	6330	0	0
1.0	0.0	4	6331	0	0
1.0	0.0	4	6332	0	0
1.0	0.0	4	6333	0	0
1.0	0.0	4	6334	0	0
1.0	0.0	4	6335	0	0
1.0	0.0	4	6336	0	0
1.0	0.0	4	6337	0	0
1.0	0.0	4	6338	0	0
1.0	0.0	4	6339	0	0
1.0	0.0	4	6340	0	0
1.0	0.0	4	6341	0	0
1.0	0.0	4	6342	0	0
1.0	0.0	4	6343	0	0
1.0	0.0	4	6344	0	0
1.0	0.0	4	6345	0	0
1.0	0.0	4	6346	0	0
1.0	0.0	4	6347	0	0
1.0	0.0	4	6348	0	0
1.0	0.0	4	6349	0	0
1.0	0.0	4	6350	0	0
1.0	0.0	4	6351	0	0
1.0	0.0	4	6352	0	0
1.0	0.0	4	6353	0	0
1.0	0.0	4	6354	0	0
1.0	0.0	4	6355	0	0
1.0	0.0	4	6356	0	0
1.0	0.0	4	6357	0	0
0.736041598060204	0.26395840193979625	4	6358	0	0
1.0	0.0	4	6359	0	0
1.0	0.0	4	6360	0	0
1.0	0.0	4	6361	0	0
1.0	0.0	4	6362	0	0
1.0	0.0	4	6363	0	0
1.0	0.0	4	6364	0	0
1.0	0.0	4	6365	0	0
1.0	0.0	4	6366	0	0
1.0	0.0	4	6367	0	0
1.0	0.0	4	6368	0	0
1.0	0.0	4	6369	0	0
1.0	0.0	4	6370	0	0
1.0	0.0	4	6371	0	0
1.0	0.0	4	6372	0	0
1.0	0.0	4	6373	0	0
1.0	0.0	4	6374	0	0
1.0	0.0	4	6375	0	0
0.9245704484171542	0.07542955158284553	4	6376	0	0
1.0	0.0	4	6377	0	0
1.0	0.0	4	6378	0	0
1.0	0.0	4	6379	0	0
1.0	0.0	4	6380	0	0
1.0	0.0	4	6381	0	0
1.0	0.0	4	6382	0	0
1.0	0.0	4	6383	0	0
0.8844643518211052	0.11553564817889488	4	6384	0	0
1.0	0.0	4	6385	0	0
1.0	0.0	4	6386	0	0
1.0	0.0	4	6387	0	0
1.0	0.0	4	6388	0	0
1.0	0.0	4	6389	0	0
1.0	0.0	4	6390	0	0
0.9970064586679424	0.0029935413320575487	4	6391	0	0
1.0	0.0	4	6392	0	0
1.0	0.0	4	6393	0	0
1.0	0.0	4	6394	0	0
1.0	0.0	4	6395	0	0
1.0	0.0	4	6396	0	0
1.0	0.0	4	6397	0	0
1.0	0.0	4	6398	0	0
1.0	0.0	4	6399	0	0
1.0	0.0	4	6400	0	0
1.0	0.0	4	6401	0	0
1.0	0.0	4	6402	0	0
1.0	0.0	4	6403	0	0
1.0	0.0	4	6404	0	0
1.0	0.0	4	6405	0	0
1.0	0.0	4	6406	0	0
1.0	0.0	4	6407	0	0
1.0	0.0	4	6408	0	0
1.0	0.0	4	6409	0	0
1.0	0.0	4	6410	0	0
1.0	0.0	4	6411	0	0
1.0	0.0	4	6412	0	0
1.0	0.0	4	6413	0	0
1.0	0.0	4	6414	0	0
0.03493793860843055	0.9650620613915694	4	6415	1	1
1.0	0.0	4	6416	0	0
1.0	0.0	4	6417	0	0
1.0	0.0	4	6418	0	0
1.0	0.0	4	6419	0	0
1.0	0.0	4	6420	0	0
1.0	0.0	4	6421	0	0
1.0	0.0	4	6422	0	0
1.0	0.0	4	6423	0	0
1.0	0.0	4	6424	0	0
1.0	0.0	4	6425	0	0
1.0	0.0	4	6426	0	0
1.0	0.0	4	6427	0	0
1.0	0.0	4	6428	0	0
1.0	0.0	4	6429	0	0
1.0	0.0	4	6430	0	0
1.0	0.0	4	6431	0	0
1.0	0.0	4	6432	0	0
1.0	0.0	4	6433	0	0
1.0	0.0	4	6434	0	0
1.0	0.0	4	6435	0	0
1.0	0.0	4	6436	0	0
1.0	0.0	4	6437	0	0
1.0	0.0	4	6438	0	0
1.0	0.0	4	6439	0	0
1.0	0.0	4	6440	0	0
1.0	0.0	4	6441	0	0
1.0	0.0	4	6442	0	0
1.0	0.0	4	6443	0	0
1.0	0.0	4	6444	0	0
1.0	0.0	4	6445	0	0
1.0	0.0	4	6446	0	0
1.0	0.0	4	6447	0	0
1.0	0.0	4	6448	0	0
1.0	0.0	4	6449	0	0
1.0	0.0	4	6450	0	0
1.0	0.0	4	6451	0	0
1.0	0.0	4	6452	0	0
1.0	0.0	4	6453	0	0
1.0	0.0	4	6454	0	0
1.0	0.0	4	6455	0	0
1.0	0.0	4	6456	0	0
1.0	0.0	4	6457	0	0
0.9967582336434795	0.003241766356520455	4	6458	0	0
1.0	0.0	4	6459	0	0
0.9902456436225869	0.009754356377413188	4	6460	0	0
1.0	0.0	4	6461	0	0
1.0	0.0	4	6462	0	0
1.0	0.0	4	6463	0	0
1.0	0.0	4	6464	0	0
1.0	0.0	4	6465	0	0
1.0	0.0	4	6466	0	0
1.0	0.0	4	6467	0	0
1.0	0.0	4	6468	0	0
1.0	0.0	4	6469	0	0
1.0	0.0	4	6470	0	0
1.0	0.0	4	6471	0	0
1.0	0.0	4	6472	0	0
0.9908363699561672	0.0091636300438329	4	6473	0	0
0.10552339669875774	0.894476603301242	4	6474	1	1
0.04633647360171257	0.9536635263982873	4	6475	1	1
0.9605670883904719	0.039432911609528006	4	6476	0	0
1.0	0.0	4	6477	0	0
1.0	0.0	4	6478	0	0
1.0	0.0	4	6479	0	0
1.0	0.0	4	6480	0	0
1.0	0.0	4	6481	0	0
0.9940766869008987	0.005923313099101366	4	6482	0	0
1.0	0.0	4	6483	0	0
1.0	0.0	4	6484	0	0
1.0	0.0	4	6485	0	0
1.0	0.0	4	6486	0	0
1.0	0.0	4	6487	0	0
0.9967027731808836	0.0032972268191163935	4	6488	0	0
1.0	0.0	4	6489	0	0
1.0	0.0	4	6490	0	0
1.0	0.0	4	6491	0	0
1.0	0.0	4	6492	0	0
1.0	0.0	4	6493	0	0
1.0	0.0	4	6494	0	0
1.0	0.0	4	6495	0	0
0.45849825454041754	0.5415017454595824	4	6496	0	1
1.0	0.0	4	6497	0	0
1.0	0.0	4	6498	0	0
1.0	0.0	4	6499	0	0
1.0	0.0	4	6500	0	0
1.0	0.0	4	6501	0	0
1.0	0.0	4	6502	0	0
1.0	0.0	4	6503	0	0
1.0	0.0	4	6504	0	0
1.0	0.0	4	6505	0	0
1.0	0.0	4	6506	0	0
1.0	0.0	4	6507	0	0
1.0	0.0	4	6508	0	0
1.0	0.0	4	6509	0	0
1.0	0.0	4	6510	0	0
1.0	0.0	4	6511	0	0
1.0	0.0	4	6512	0	0
1.0	0.0	4	6513	0	0
0.9770323549413028	0.02296764505869712	4	6514	0	0
0.9902638924790672	0.00973610752093279	4	6515	0	0
1.0	0.0	4	6516	0	0
0.9902638924790672	0.00973610752093279	4	6517	0	0
0.9769398813656442	0.023060118634355795	4	6518	0	0
1.0	0.0	4	6519	0	0
1.0	0.0	4	6520	0	0
1.0	0.0	4	6521	0	0
1.0	0.0	4	6522	0	0
1.0	0.0	4	6523	0	0
1.0	0.0	4	6524	0	0
1.0	0.0	4	6525	0	0
1.0	0.0	4	6526	0	0
1.0	0.0	4	6527	0	0
1.0	0.0	4	6528	0	0
1.0	0.0	4	6529	0	0
1.0	0.0	4	6530	0	0
1.0	0.0	4	6531	0	0
1.0	0.0	4	6532	0	0
1.0	0.0	4	6533	0	0
0.9872302535240652	0.012769746475934743	4	6534	0	0
1.0	0.0	4	6535	0	0
1.0	0.0	4	6536	0	0
1.0	0.0	4	6537	0	0
1.0	0.0	4	6538	0	0
1.0	0.0	4	6539	0	0
1.0	0.0	4	6540	0	0
0.9802914116393239	0.019708588360676092	4	6541	0	0
1.0	0.0	4	6542	0	0
0.9971092377941693	0.0028907622058307017	4	6543	0	0
1.0	0.0	4	6544	0	0
0.9971092377941693	0.0028907622058307017	4	6545	0	0
1.0	0.0	4	6546	0	0
1.0	0.0	4	6547	0	0
1.0	0.0	4	6548	0	0
1.0	0.0	4	6549	0	0
1.0	0.0	4	6550	0	0
1.0	0.0	4	6551	0	0
1.0	0.0	4	6552	0	0
1.0	0.0	4	6553	0	0
1.0	0.0	4	6554	0	0
1.0	0.0	4	6555	0	0
0.986830393709962	0.013169606290037973	4	6556	0	0
1.0	0.0	4	6557	0	0
1.0	0.0	4	6558	0	0
1.0	0.0	4	6559	0	0
1.0	0.0	4	6560	0	0
1.0	0.0	4	6561	0	0
1.0	0.0	4	6562	0	0
1.0	0.0	4	6563	0	0
1.0	0.0	4	6564	0	0
1.0	0.0	4	6565	0	0
1.0	0.0	4	6566	0	0
1.0	0.0	4	6567	0	0
1.0	0.0	4	6568	0	0
1.0	0.0	4	6569	0	0
1.0	0.0	4	6570	0	0
1.0	0.0	4	6571	0	0
0.9933663500164509	0.00663364998354924	4	6572	0	0
1.0	0.0	4	6573	0	0
1.0	0.0	4	6574	0	0
1.0	0.0	4	6575	0	0
1.0	0.0	4	6576	0	0
1.0	0.0	4	6577	0	0
1.0	0.0	4	6578	0	0
1.0	0.0	4	6579	0	0
1.0	0.0	4	6580	0	0
0.9935021020924749	0.006497897907525205	4	6581	0	0
0.9935021020924749	0.006497897907525205	4	6582	0	0
1.0	0.0	4	6583	0	0
1.0	0.0	4	6584	0	0
1.0	0.0	4	6585	0	0
1.0	0.0	4	6586	0	0
1.0	0.0	4	6587	0	0
1.0	0.0	4	6588	0	0
1.0	0.0	4	6589	0	0
1.0	0.0	4	6590	0	0
1.0	0.0	4	6591	0	0
1.0	0.0	4	6592	0	0
0.967404486780305	0.032595513219695144	4	6593	0	0
1.0	0.0	4	6594	0	0
1.0	0.0	4	6595	0	0
1.0	0.0	4	6596	0	0
1.0	0.0	4	6597	0	0
1.0	0.0	4	6598	0	0
1.0	0.0	4	6599	0	0
0.9935095006108048	0.00649049938919518	4	6600	0	0
1.0	0.0	4	6601	0	0
1.0	0.0	4	6602	0	0
1.0	0.0	4	6603	0	0
1.0	0.0	4	6604	0	0
1.0	0.0	4	6605	0	0
1.0	0.0	4	6606	0	0
1.0	0.0	4	6607	0	0
1.0	0.0	4	6608	0	0
1.0	0.0	4	6609	0	0
1.0	0.0	4	6610	0	0
1.0	0.0	4	6611	0	0
1.0	0.0	4	6612	0	0
1.0	0.0	4	6613	0	0
1.0	0.0	4	6614	0	0
0.9916977805876233	0.008302219412376797	4	6615	0	0
1.0	0.0	4	6616	0	0
1.0	0.0	4	6617	0	0
1.0	0.0	4	6618	0	0
1.0	0.0	4	6619	0	0
1.0	0.0	4	6620	0	0
0.9616741803121539	0.03832581968784612	4	6621	0	0
0.9934135941810887	0.006586405818911462	4	6622	0	0
1.0	0.0	4	6623	0	0
1.0	0.0	4	6624	0	0
1.0	0.0	4	6625	0	0
1.0	0.0	4	6626	0	0
1.0	0.0	4	6627	0	0
1.0	0.0	4	6628	0	0
1.0	0.0	4	6629	0	0
1.0	0.0	4	6630	0	0
1.0	0.0	4	6631	0	0
1.0	0.0	4	6632	0	0
1.0	0.0	4	6633	0	0
1.0	0.0	4	6634	0	0
1.0	0.0	4	6635	0	0
1.0	0.0	4	6636	0	0
1.0	0.0	4	6637	0	0
1.0	0.0	4	6638	0	0
1.0	0.0	4	6639	0	0
1.0	0.0	4	6640	0	0
1.0	0.0	4	6641	0	0
1.0	0.0	4	6642	0	0
1.0	0.0	4	6643	0	0
1.0	0.0	4	6644	0	0
1.0	0.0	4	6645	0	0
1.0	0.0	4	6646	0	0
1.0	0.0	4	6647	0	0
1.0	0.0	4	6648	0	0
1.0	0.0	4	6649	0	0
1.0	0.0	4	6650	0	0
1.0	0.0	4	6651	0	0
1.0	0.0	4	6652	0	0
1.0	0.0	4	6653	0	0
1.0	0.0	4	6654	0	0
0.9973124488124487	0.0026875511875511875	4	6655	0	0
1.0	0.0	4	6656	0	0
1.0	0.0	4	6657	0	0
1.0	0.0	4	6658	0	0
1.0	0.0	4	6659	0	0
1.0	0.0	4	6660	0	0
1.0	0.0	4	6661	0	0
1.0	0.0	4	6662	0	0
1.0	0.0	4	6663	0	0
1.0	0.0	4	6664	0	0
1.0	0.0	4	6665	0	0
1.0	0.0	4	6666	0	0
1.0	0.0	4	6667	0	0
1.0	0.0	4	6668	0	0
1.0	0.0	4	6669	0	0
1.0	0.0	4	6670	0	0
1.0	0.0	4	6671	0	0
1.0	0.0	4	6672	0	0
1.0	0.0	4	6673	0	0
1.0	0.0	4	6674	0	0
1.0	0.0	4	6675	0	0
1.0	0.0	4	6676	0	0
1.0	0.0	4	6677	0	0
1.0	0.0	4	6678	0	0
1.0	0.0	4	6679	0	0
1.0	0.0	4	6680	0	0
1.0	0.0	4	6681	0	0
1.0	0.0	4	6682	0	0
1.0	0.0	4	6683	0	0
1.0	0.0	4	6684	0	0
1.0	0.0	4	6685	0	0
1.0	0.0	4	6686	0	0
1.0	0.0	4	6687	0	0
1.0	0.0	4	6688	0	0
1.0	0.0	4	6689	0	0
1.0	0.0	4	6690	0	0
1.0	0.0	4	6691	0	0
1.0	0.0	4	6692	0	0
0.9916977805876233	0.008302219412376797	4	6693	0	0
1.0	0.0	4	6694	0	0
0.9916977805876233	0.008302219412376797	4	6695	0	0
1.0	0.0	4	6696	0	0
1.0	0.0	4	6697	0	0
1.0	0.0	4	6698	0	0
1.0	0.0	4	6699	0	0
1.0	0.0	4	6700	0	0
0.990088572040352	0.009911427959647957	4	6701	0	0
1.0	0.0	4	6702	0	0
1.0	0.0	4	6703	0	0
1.0	0.0	4	6704	0	0
1.0	0.0	4	6705	0	0
1.0	0.0	4	6706	0	0
1.0	0.0	4	6707	0	0
1.0	0.0	4	6708	0	0
1.0	0.0	4	6709	0	0
1.0	0.0	4	6710	0	0
1.0	0.0	4	6711	0	0
0.996704277618976	0.003295722381024021	4	6712	0	0
1.0	0.0	4	6713	0	0
1.0	0.0	4	6714	0	0
1.0	0.0	4	6715	0	0
1.0	0.0	4	6716	0	0
1.0	0.0	4	6717	0	0
1.0	0.0	4	6718	0	0
1.0	0.0	4	6719	0	0
1.0	0.0	4	6720	0	0
1.0	0.0	4	6721	0	0
1.0	0.0	4	6722	0	0
1.0	0.0	4	6723	0	0
1.0	0.0	4	6724	0	0
1.0	0.0	4	6725	0	0
1.0	0.0	4	6726	0	0
1.0	0.0	4	6727	0	0
1.0	0.0	4	6728	0	0
1.0	0.0	4	6729	0	0
1.0	0.0	4	6730	0	0
1.0	0.0	4	6731	0	0
1.0	0.0	4	6732	0	0
1.0	0.0	4	6733	0	0
1.0	0.0	4	6734	0	0
1.0	0.0	4	6735	0	0
1.0	0.0	4	6736	0	0
1.0	0.0	4	6737	0	0
1.0	0.0	4	6738	0	0
1.0	0.0	4	6739	0	0
1.0	0.0	4	6740	0	0
1.0	0.0	4	6741	0	0
1.0	0.0	4	6742	0	0
1.0	0.0	4	6743	0	0
1.0	0.0	4	6744	0	0
1.0	0.0	4	6745	0	0
1.0	0.0	4	6746	0	0
1.0	0.0	4	6747	0	0
1.0	0.0	4	6748	0	0
1.0	0.0	4	6749	0	0
1.0	0.0	4	6750	0	0
1.0	0.0	4	6751	0	0
1.0	0.0	4	6752	0	0
1.0	0.0	4	6753	0	0
1.0	0.0	4	6754	0	0
1.0	0.0	4	6755	0	0
1.0	0.0	4	6756	0	0
1.0	0.0	4	6757	0	0
1.0	0.0	4	6758	0	0
1.0	0.0	4	6759	0	0
1.0	0.0	4	6760	0	0
1.0	0.0	4	6761	0	0
1.0	0.0	4	6762	0	0
1.0	0.0	4	6763	0	0
1.0	0.0	4	6764	0	0
1.0	0.0	4	6765	0	0
1.0	0.0	4	6766	0	0
1.0	0.0	4	6767	0	0
0.9716864416083049	0.02831355839169519	4	6768	0	0
1.0	0.0	4	6769	0	0
1.0	0.0	4	6770	0	0
1.0	0.0	4	6771	0	0
1.0	0.0	4	6772	0	0
1.0	0.0	4	6773	0	0
1.0	0.0	4	6774	0	0
1.0	0.0	4	6775	0	0
1.0	0.0	4	6776	0	0
1.0	0.0	4	6777	0	0
1.0	0.0	4	6778	0	0
1.0	0.0	4	6779	0	0
1.0	0.0	4	6780	0	0
1.0	0.0	4	6781	0	0
1.0	0.0	4	6782	0	0
1.0	0.0	4	6783	0	0
1.0	0.0	4	6784	0	0
1.0	0.0	4	6785	0	0
1.0	0.0	4	6786	0	0
1.0	0.0	4	6787	0	0
1.0	0.0	4	6788	0	0
1.0	0.0	4	6789	0	0
1.0	0.0	4	6790	0	0
1.0	0.0	4	6791	0	0
1.0	0.0	4	6792	0	0
1.0	0.0	4	6793	0	0
1.0	0.0	4	6794	0	0
1.0	0.0	4	6795	0	0
1.0	0.0	4	6796	0	0
1.0	0.0	4	6797	0	0
0.8525011731149738	0.1474988268850262	4	6798	0	0
1.0	0.0	4	6799	0	0
1.0	0.0	4	6800	0	0
1.0	0.0	4	6801	0	0
1.0	0.0	4	6802	0	0
1.0	0.0	4	6803	0	0
1.0	0.0	4	6804	0	0
1.0	0.0	4	6805	0	0
1.0	0.0	4	6806	0	0
0.9934462492920879	0.006553750707912016	4	6807	0	0
0.983687901729586	0.016312098270414025	4	6808	0	0
1.0	0.0	4	6809	0	0
1.0	0.0	4	6810	0	0
1.0	0.0	4	6811	0	0
1.0	0.0	4	6812	0	0
1.0	0.0	4	6813	0	0
1.0	0.0	4	6814	0	0
1.0	0.0	4	6815	0	0
1.0	0.0	4	6816	0	0
1.0	0.0	4	6817	0	0
1.0	0.0	4	6818	0	0
1.0	0.0	4	6819	0	0
1.0	0.0	4	6820	0	0
1.0	0.0	4	6821	0	0
1.0	0.0	4	6822	0	0
1.0	0.0	4	6823	0	0
1.0	0.0	4	6824	0	0
1.0	0.0	4	6825	0	0
1.0	0.0	4	6826	0	0
1.0	0.0	4	6827	0	0
0.9969098470430676	0.003090152956932403	4	6828	0	0
0.9969098470430676	0.003090152956932403	4	6829	0	0
1.0	0.0	4	6830	0	0
0.9835253475876303	0.016474652412369648	4	6831	0	0
1.0	0.0	4	6832	0	0
1.0	0.0	4	6833	0	0
1.0	0.0	4	6834	0	0
1.0	0.0	4	6835	0	0
1.0	0.0	4	6836	0	0
1.0	0.0	4	6837	0	0
1.0	0.0	4	6838	0	0
1.0	0.0	4	6839	0	0
1.0	0.0	4	6840	0	0
1.0	0.0	4	6841	0	0
1.0	0.0	4	6842	0	0
1.0	0.0	4	6843	0	0
1.0	0.0	4	6844	0	0
1.0	0.0	4	6845	0	0
0.9967022717015194	0.003297728298480518	4	6846	0	0
1.0	0.0	4	6847	0	0
1.0	0.0	4	6848	0	0
1.0	0.0	4	6849	0	0
1.0	0.0	4	6850	0	0
1.0	0.0	4	6851	0	0
1.0	0.0	4	6852	0	0
1.0	0.0	4	6853	0	0
1.0	0.0	4	6854	0	0
1.0	0.0	4	6855	0	0
1.0	0.0	4	6856	0	0
1.0	0.0	4	6857	0	0
1.0	0.0	4	6858	0	0
1.0	0.0	4	6859	0	0
1.0	0.0	4	6860	0	0
1.0	0.0	4	6861	0	0
1.0	0.0	4	6862	0	0
1.0	0.0	4	6863	0	0
1.0	0.0	4	6864	0	0
1.0	0.0	4	6865	0	0
1.0	0.0	4	6866	0	0
1.0	0.0	4	6867	0	0
1.0	0.0	4	6868	0	0
1.0	0.0	4	6869	0	0
1.0	0.0	4	6870	0	0
1.0	0.0	4	6871	0	0
1.0	0.0	4	6872	0	0
1.0	0.0	4	6873	0	0
1.0	0.0	4	6874	0	0
1.0	0.0	4	6875	0	0
1.0	0.0	4	6876	0	0
1.0	0.0	4	6877	0	0
1.0	0.0	4	6878	0	0
1.0	0.0	4	6879	0	0
0.9867962507605692	0.013203749239430778	4	6880	0	0
0.9867962507605692	0.013203749239430778	4	6881	0	0
1.0	0.0	4	6882	0	0
1.0	0.0	4	6883	0	0
1.0	0.0	4	6884	0	0
1.0	0.0	4	6885	0	0
1.0	0.0	4	6886	0	0
1.0	0.0	4	6887	0	0
1.0	0.0	4	6888	0	0
1.0	0.0	4	6889	0	0
1.0	0.0	4	6890	0	0
1.0	0.0	4	6891	0	0
1.0	0.0	4	6892	0	0
0.9916977805876233	0.008302219412376797	4	6893	0	0
0.9942375187356168	0.005762481264383147	4	6894	0	0
0.9942375187356168	0.005762481264383147	4	6895	0	0
1.0	0.0	4	6896	0	0
1.0	0.0	4	6897	0	0
1.0	0.0	4	6898	0	0
1.0	0.0	4	6899	0	0
1.0	0.0	4	6900	0	0
1.0	0.0	4	6901	0	0
1.0	0.0	4	6902	0	0
1.0	0.0	4	6903	0	0
1.0	0.0	4	6904	0	0
1.0	0.0	4	6905	0	0
1.0	0.0	4	6906	0	0
1.0	0.0	4	6907	0	0
1.0	0.0	4	6908	0	0
1.0	0.0	4	6909	0	0
0.9970064586679424	0.0029935413320575487	4	6910	0	0
1.0	0.0	4	6911	0	0
1.0	0.0	4	6912	0	0
1.0	0.0	4	6913	0	0
1.0	0.0	4	6914	0	0
1.0	0.0	4	6915	0	0
1.0	0.0	4	6916	0	0
1.0	0.0	4	6917	0	0
1.0	0.0	4	6918	0	0
1.0	0.0	4	6919	0	0
1.0	0.0	4	6920	0	0
1.0	0.0	4	6921	0	0
1.0	0.0	4	6922	0	0
1.0	0.0	4	6923	0	0
1.0	0.0	4	6924	0	0
1.0	0.0	4	6925	0	0
1.0	0.0	4	6926	0	0
1.0	0.0	4	6927	0	0
1.0	0.0	4	6928	0	0
1.0	0.0	4	6929	0	0
1.0	0.0	4	6930	0	0
1.0	0.0	4	6931	0	0
1.0	0.0	4	6932	0	0
1.0	0.0	4	6933	0	0
1.0	0.0	4	6934	0	0
1.0	0.0	4	6935	0	0
1.0	0.0	4	6936	0	0
1.0	0.0	4	6937	0	0
1.0	0.0	4	6938	0	0
1.0	0.0	4	6939	0	0
1.0	0.0	4	6940	0	0
1.0	0.0	4	6941	0	0
1.0	0.0	4	6942	0	0
1.0	0.0	4	6943	0	0
1.0	0.0	4	6944	0	0
1.0	0.0	4	6945	0	0
0.9815808096964244	0.018419190303575736	4	6946	0	0
0.9737581113764054	0.026241888623594552	4	6947	0	0
0.9704656423856043	0.029534357614395934	4	6948	0	0
1.0	0.0	4	6949	0	0
1.0	0.0	4	6950	0	0
1.0	0.0	4	6951	0	0
1.0	0.0	4	6952	0	0
1.0	0.0	4	6953	0	0
1.0	0.0	4	6954	0	0
1.0	0.0	4	6955	0	0
1.0	0.0	4	6956	0	0
1.0	0.0	4	6957	0	0
1.0	0.0	4	6958	0	0
1.0	0.0	4	6959	0	0
1.0	0.0	4	6960	0	0
1.0	0.0	4	6961	0	0
1.0	0.0	4	6962	0	0
1.0	0.0	4	6963	0	0
1.0	0.0	4	6964	0	0
1.0	0.0	4	6965	0	0
1.0	0.0	4	6966	0	0
1.0	0.0	4	6967	0	0
1.0	0.0	4	6968	0	0
1.0	0.0	4	6969	0	0
1.0	0.0	4	6970	0	0
1.0	0.0	4	6971	0	0
1.0	0.0	4	6972	0	0
1.0	0.0	4	6973	0	0
1.0	0.0	4	6974	0	0
1.0	0.0	4	6975	0	0
1.0	0.0	4	6976	0	0
1.0	0.0	4	6977	0	0
1.0	0.0	4	6978	0	0
0.7788350030317359	0.22116499696826394	4	6979	0	0
0.996704277618976	0.003295722381024021	4	6980	0	0
1.0	0.0	4	6981	0	0
1.0	0.0	4	6982	0	0
1.0	0.0	4	6983	0	0
1.0	0.0	4	6984	0	0
0.9442443958750204	0.0557556041249798	4	6985	0	0
1.0	0.0	4	6986	0	0
0.9803166165121462	0.019683383487853555	4	6987	0	0
1.0	0.0	4	6988	0	0
1.0	0.0	4	6989	0	0
0.9969990425386404	0.0030009574613595945	4	6990	0	0
0.9969990425386404	0.0030009574613595945	4	6991	0	0
1.0	0.0	4	6992	0	0
0.9969990425386404	0.0030009574613595945	4	6993	0	0
1.0	0.0	4	6994	0	0
0.9969990425386404	0.0030009574613595945	4	6995	0	0
1.0	0.0	4	6996	0	0
1.0	0.0	4	6997	0	0
1.0	0.0	4	6998	0	0
1.0	0.0	4	6999	0	0
1.0	0.0	4	7000	0	0
1.0	0.0	4	7001	0	0
1.0	0.0	4	7002	0	0
1.0	0.0	4	7003	0	0
1.0	0.0	4	7004	0	0
1.0	0.0	4	7005	0	0
1.0	0.0	4	7006	0	0
1.0	0.0	4	7007	0	0
1.0	0.0	4	7008	0	0
1.0	0.0	4	7009	0	0
1.0	0.0	4	7010	0	0
1.0	0.0	4	7011	0	0
1.0	0.0	4	7012	0	0
1.0	0.0	4	7013	0	0
1.0	0.0	4	7014	0	0
1.0	0.0	4	7015	0	0
1.0	0.0	4	7016	0	0
1.0	0.0	4	7017	0	0
1.0	0.0	4	7018	0	0
0.9971092377941693	0.0028907622058307017	4	7019	0	0
0.9971092377941693	0.0028907622058307017	4	7020	0	0
0.9971092377941693	0.0028907622058307017	4	7021	0	0
1.0	0.0	4	7022	0	0
1.0	0.0	4	7023	0	0
1.0	0.0	4	7024	0	0
1.0	0.0	4	7025	0	0
1.0	0.0	4	7026	0	0
1.0	0.0	4	7027	0	0
1.0	0.0	4	7028	0	0
1.0	0.0	4	7029	0	0
1.0	0.0	4	7030	0	0
0.9971092377941693	0.0028907622058307017	4	7031	0	0
1.0	0.0	4	7032	0	0
1.0	0.0	4	7033	0	0
1.0	0.0	4	7034	0	0
1.0	0.0	4	7035	0	0
1.0	0.0	4	7036	0	0
1.0	0.0	4	7037	0	0
1.0	0.0	4	7038	0	0
1.0	0.0	4	7039	0	0
1.0	0.0	4	7040	0	0
1.0	0.0	4	7041	0	0
1.0	0.0	4	7042	0	0
1.0	0.0	4	7043	0	0
1.0	0.0	4	7044	0	0
1.0	0.0	4	7045	0	0
1.0	0.0	4	7046	0	0
1.0	0.0	4	7047	0	0
1.0	0.0	4	7048	0	0
1.0	0.0	4	7049	0	0
1.0	0.0	4	7050	0	0
1.0	0.0	4	7051	0	0
1.0	0.0	4	7052	0	0
1.0	0.0	4	7053	0	0
1.0	0.0	4	7054	0	0
0.9736643175422784	0.026335682457721568	4	7055	0	0
1.0	0.0	4	7056	0	0
1.0	0.0	4	7057	0	0
1.0	0.0	4	7058	0	0
0.9737754028173143	0.026224597182685695	4	7059	0	0
0.09257642887154884	0.9074235711284515	4	7060	1	1
1.0	0.0	4	7061	0	0
0.05437891355178585	0.9456210864482144	4	7062	1	1
1.0	0.0	4	7063	0	0
1.0	0.0	4	7064	0	0
1.0	0.0	4	7065	0	0
1.0	0.0	4	7066	0	0
1.0	0.0	4	7067	0	0
1.0	0.0	4	7068	0	0
1.0	0.0	4	7069	0	0
1.0	0.0	4	7070	0	0
1.0	0.0	4	7071	0	0
1.0	0.0	4	7072	0	0
1.0	0.0	4	7073	0	0
0.9543980631418159	0.04560193685818407	4	7074	1	0
0.9543980631418159	0.04560193685818407	4	7075	1	0
1.0	0.0	4	7076	1	0
1.0	0.0	4	7077	0	0
0.14609631927942723	0.8539036807205728	4	7078	1	1
1.0	0.0	4	7079	0	0
1.0	0.0	4	7080	0	0
1.0	0.0	4	7081	0	0
1.0	0.0	4	7082	0	0
1.0	0.0	4	7083	0	0
1.0	0.0	4	7084	0	0
1.0	0.0	4	7085	0	0
0.1153438470940844	0.8846561529059155	4	7086	1	1
0.9809899406164211	0.019010059383579112	4	7087	0	0
1.0	0.0	4	7088	0	0
0.9904181067472484	0.009581893252751477	4	7089	0	0
1.0	0.0	4	7090	0	0
1.0	0.0	4	7091	0	0
1.0	0.0	4	7092	0	0
0.9971092377941693	0.0028907622058307017	4	7093	0	0
1.0	0.0	4	7094	0	0
1.0	0.0	4	7095	0	0
1.0	0.0	4	7096	0	0
1.0	0.0	4	7097	0	0
1.0	0.0	4	7098	0	0
1.0	0.0	4	7099	0	0
1.0	0.0	4	7100	0	0
1.0	0.0	4	7101	0	0
1.0	0.0	4	7102	0	0
1.0	0.0	4	7103	0	0
1.0	0.0	4	7104	0	0
1.0	0.0	4	7105	0	0
0.8684783902713124	0.13152160972868768	4	7106	0	0
1.0	0.0	4	7107	0	0
1.0	0.0	4	7108	0	0
1.0	0.0	4	7109	0	0
1.0	0.0	4	7110	0	0
1.0	0.0	4	7111	0	0
0.9574513245694178	0.042548675430582134	4	7112	0	0
1.0	0.0	4	7113	0	0
1.0	0.0	4	7114	0	0
1.0	0.0	4	7115	0	0
1.0	0.0	4	7116	0	0
1.0	0.0	4	7117	0	0
1.0	0.0	4	7118	0	0
1.0	0.0	4	7119	0	0
1.0	0.0	4	7120	0	0
1.0	0.0	4	7121	0	0
1.0	0.0	4	7122	0	0
1.0	0.0	4	7123	0	0
1.0	0.0	4	7124	0	0
1.0	0.0	4	7125	0	0
0.9611774549939832	0.038822545006017097	4	7126	1	0
1.0	0.0	4	7127	0	0
1.0	0.0	4	7128	0	0
1.0	0.0	4	7129	0	0
1.0	0.0	4	7130	0	0
1.0	0.0	4	7131	0	0
1.0	0.0	4	7132	0	0
1.0	0.0	4	7133	0	0
1.0	0.0	4	7134	0	0
1.0	0.0	4	7135	0	0
1.0	0.0	4	7136	0	0
1.0	0.0	4	7137	0	0
1.0	0.0	4	7138	0	0
1.0	0.0	4	7139	0	0
1.0	0.0	4	7140	0	0
1.0	0.0	4	7141	0	0
0.9967371241440904	0.003262875855909497	4	7142	0	0
1.0	0.0	4	7143	0	0
0.9967371241440904	0.003262875855909497	4	7144	0	0
1.0	0.0	4	7145	0	0
1.0	0.0	4	7146	0	0
1.0	0.0	4	7147	0	0
1.0	0.0	4	7148	0	0
1.0	0.0	4	7149	0	0
1.0	0.0	4	7150	0	0
0.9835238066161346	0.016476193383865436	4	7151	0	0
1.0	0.0	4	7152	0	0
1.0	0.0	4	7153	0	0
1.0	0.0	4	7154	0	0
1.0	0.0	4	7155	0	0
1.0	0.0	4	7156	0	0
1.0	0.0	4	7157	0	0
1.0	0.0	4	7158	0	0
1.0	0.0	4	7159	0	0
1.0	0.0	4	7160	0	0
1.0	0.0	4	7161	0	0
1.0	0.0	4	7162	0	0
1.0	0.0	4	7163	0	0
1.0	0.0	4	7164	0	0
1.0	0.0	4	7165	0	0
1.0	0.0	4	7166	0	0
1.0	0.0	4	7167	0	0
0.9871583508765207	0.012841649123479456	4	7168	0	0
1.0	0.0	4	7169	0	0
1.0	0.0	4	7170	0	0
1.0	0.0	4	7171	0	0
1.0	0.0	4	7172	0	0
1.0	0.0	4	7173	0	0
1.0	0.0	4	7174	0	0
1.0	0.0	4	7175	0	0
1.0	0.0	4	7176	0	0
1.0	0.0	4	7177	0	0
1.0	0.0	4	7178	0	0
0.8784827490716045	0.12151725092839531	4	7179	0	0
0.9967381058689287	0.0032618941310710923	4	7180	1	0
0.9933764735390017	0.006623526460998244	4	7181	0	0
0.9933713041731008	0.006628695826899239	4	7182	0	0
0.9933975226919411	0.006602477308058774	4	7183	0	0
0.9900484995250003	0.009951500474999729	4	7184	0	0
0.9967012687427913	0.003298731257208766	4	7185	0	0
0.9834590616317592	0.016540938368240582	4	7186	0	0
0.9834423143653557	0.016557685634644388	4	7187	0	0
0.21939253785414087	0.780607462145859	4	7188	1	1
0.1899252629541309	0.8100747370458691	4	7189	1	1
0.9670453109191502	0.032954689080849704	4	7190	0	0
0.9967469282600079	0.0032530717399920726	4	7191	0	0
1.0	0.0	4	7192	0	0
1.0	0.0	4	7193	0	0
1.0	0.0	4	7194	0	0
1.0	0.0	4	7195	0	0
1.0	0.0	4	7196	0	0
1.0	0.0	4	7197	0	0
1.0	0.0	4	7198	0	0
1.0	0.0	4	7199	0	0
1.0	0.0	4	7200	0	0
1.0	0.0	4	7201	0	0
0.9935250121164552	0.006474987883544905	4	7202	0	0
1.0	0.0	4	7203	0	0
1.0	0.0	4	7204	0	0
1.0	0.0	4	7205	0	0
0.993718265268404	0.0062817347315961185	4	7206	0	0
1.0	0.0	4	7207	0	0
1.0	0.0	4	7208	0	0
1.0	0.0	4	7209	0	0
0.921370313025648	0.07862968697435205	4	7210	0	0
1.0	0.0	4	7211	0	0
1.0	0.0	4	7212	0	0
1.0	0.0	4	7213	0	0
1.0	0.0	4	7214	0	0
1.0	0.0	4	7215	0	0
1.0	0.0	4	7216	0	0
1.0	0.0	4	7217	0	0
1.0	0.0	4	7218	0	0
1.0	0.0	4	7219	0	0
1.0	0.0	4	7220	0	0
0.9244581118507246	0.0755418881492754	4	7221	0	0
1.0	0.0	4	7222	0	0
1.0	0.0	4	7223	0	0
1.0	0.0	4	7224	0	0
1.0	0.0	4	7225	0	0
1.0	0.0	4	7226	0	0
1.0	0.0	4	7227	0	0
0.9934375492651158	0.006562450734884003	4	7228	0	0
1.0	0.0	4	7229	0	0
1.0	0.0	4	7230	0	0
1.0	0.0	4	7231	0	0
1.0	0.0	4	7232	0	0
1.0	0.0	4	7233	0	0
1.0	0.0	4	7234	0	0
0.10714642506229943	0.8928535749377005	4	7235	1	1
1.0	0.0	4	7236	0	0
1.0	0.0	4	7237	0	0
1.0	0.0	4	7238	0	0
1.0	0.0	4	7239	0	0
1.0	0.0	4	7240	0	0
1.0	0.0	4	7241	0	0
1.0	0.0	4	7242	0	0
1.0	0.0	4	7243	0	0
1.0	0.0	4	7244	0	0
1.0	0.0	4	7245	0	0
1.0	0.0	4	7246	0	0
0.9841508670309198	0.01584913296908032	4	7247	0	0
1.0	0.0	4	7248	0	0
1.0	0.0	4	7249	0	0
1.0	0.0	4	7250	0	0
1.0	0.0	4	7251	0	0
1.0	0.0	4	7252	0	0
1.0	0.0	4	7253	0	0
1.0	0.0	4	7254	0	0
1.0	0.0	4	7255	0	0
1.0	0.0	4	7256	0	0
0.9868844645701719	0.013115535429828146	4	7257	0	0
1.0	0.0	4	7258	0	0
1.0	0.0	4	7259	0	0
1.0	0.0	4	7260	0	0
1.0	0.0	4	7261	0	0
1.0	0.0	4	7262	0	0
0.9841835393637534	0.015816460636246584	4	7263	0	0
1.0	0.0	4	7264	0	0
1.0	0.0	4	7265	0	0
1.0	0.0	4	7266	0	0
1.0	0.0	4	7267	0	0
1.0	0.0	4	7268	0	0
1.0	0.0	4	7269	0	0
1.0	0.0	4	7270	0	0
1.0	0.0	4	7271	0	0
1.0	0.0	4	7272	0	0
1.0	0.0	4	7273	0	0
1.0	0.0	4	7274	0	0
1.0	0.0	4	7275	0	0
1.0	0.0	4	7276	0	0
0.9835663575631451	0.0164336424368547	4	7277	0	0
0.9835663575631451	0.0164336424368547	4	7278	0	0
0.8158656852249905	0.18413431477500955	4	7279	0	0
1.0	0.0	4	7280	0	0
0.9835445645560617	0.016455435443938248	4	7281	0	0
0.9868181229185549	0.013181877081445042	4	7282	0	0
1.0	0.0	4	7283	0	0
1.0	0.0	4	7284	0	0
1.0	0.0	4	7285	0	0
1.0	0.0	4	7286	0	0
1.0	0.0	4	7287	0	0
1.0	0.0	4	7288	0	0
1.0	0.0	4	7289	0	0
1.0	0.0	4	7290	0	0
1.0	0.0	4	7291	0	0
1.0	0.0	4	7292	0	0
0.9901924072448665	0.009807592755133772	4	7293	0	0
1.0	0.0	4	7294	0	0
1.0	0.0	4	7295	0	0
0.9975363187060058	0.00246368129399431	4	7296	0	0
1.0	0.0	4	7297	0	0
1.0	0.0	4	7298	0	0
1.0	0.0	4	7299	0	0
0.8162016606909617	0.18379833930903827	4	7300	0	0
1.0	0.0	4	7301	0	0
1.0	0.0	4	7302	0	0
1.0	0.0	4	7303	0	0
1.0	0.0	4	7304	0	0
0.9410851376735468	0.05891486232645332	4	7305	0	0
1.0	0.0	4	7306	0	0
1.0	0.0	4	7307	0	0
1.0	0.0	4	7308	0	0
1.0	0.0	4	7309	0	0
1.0	0.0	4	7310	0	0
1.0	0.0	4	7311	0	0
1.0	0.0	4	7312	0	0
1.0	0.0	4	7313	0	0
0.9967222914072228	0.003277708592777086	4	7314	0	0
1.0	0.0	4	7315	0	0
1.0	0.0	4	7316	0	0
1.0	0.0	4	7317	0	0
1.0	0.0	4	7318	0	0
1.0	0.0	4	7319	0	0
1.0	0.0	4	7320	0	0
1.0	0.0	4	7321	0	0
1.0	0.0	4	7322	0	0
1.0	0.0	4	7323	0	0
1.0	0.0	4	7324	0	0
1.0	0.0	4	7325	0	0
1.0	0.0	4	7326	0	0
1.0	0.0	4	7327	0	0
1.0	0.0	4	7328	0	0
0.9904902741855369	0.009509725814463198	4	7329	0	0
1.0	0.0	4	7330	0	0
1.0	0.0	4	7331	0	0
1.0	0.0	4	7332	0	0
1.0	0.0	4	7333	0	0
1.0	0.0	4	7334	0	0
1.0	0.0	4	7335	0	0
1.0	0.0	4	7336	0	0
1.0	0.0	4	7337	0	0
1.0	0.0	4	7338	0	0
1.0	0.0	4	7339	0	0
1.0	0.0	4	7340	0	0
1.0	0.0	4	7341	0	0
1.0	0.0	4	7342	0	0
1.0	0.0	4	7343	0	0
1.0	0.0	4	7344	0	0
1.0	0.0	4	7345	0	0
1.0	0.0	4	7346	0	0
1.0	0.0	4	7347	0	0
1.0	0.0	4	7348	0	0
1.0	0.0	4	7349	0	0
1.0	0.0	4	7350	0	0
0.9938076421173101	0.006192357882690029	4	7351	0	0
0.9807591560889573	0.019240843911042915	4	7352	0	0
1.0	0.0	4	7353	0	0
1.0	0.0	4	7354	0	0
1.0	0.0	4	7355	0	0
1.0	0.0	4	7356	0	0
1.0	0.0	4	7357	0	0
1.0	0.0	4	7358	0	0
1.0	0.0	4	7359	0	0
0.9902165653248657	0.009783434675134274	4	7360	0	0
1.0	0.0	4	7361	0	0
1.0	0.0	4	7362	0	0
1.0	0.0	4	7363	0	0
0.993718265268404	0.0062817347315961185	4	7364	0	0
1.0	0.0	4	7365	0	0
1.0	0.0	4	7366	0	0
1.0	0.0	4	7367	0	0
1.0	0.0	4	7368	0	0
1.0	0.0	4	7369	0	0
1.0	0.0	4	7370	0	0
1.0	0.0	4	7371	0	0
1.0	0.0	4	7372	0	0
1.0	0.0	4	7373	0	0
1.0	0.0	4	7374	0	0
1.0	0.0	4	7375	0	0
1.0	0.0	4	7376	0	0
1.0	0.0	4	7377	0	0
1.0	0.0	4	7378	0	0
1.0	0.0	4	7379	0	0
1.0	0.0	4	7380	0	0
1.0	0.0	4	7381	0	0
1.0	0.0	4	7382	0	0
1.0	0.0	4	7383	0	0
1.0	0.0	4	7384	0	0
1.0	0.0	4	7385	0	0
1.0	0.0	4	7386	0	0
1.0	0.0	4	7387	0	0
1.0	0.0	4	7388	0	0
1.0	0.0	4	7389	0	0
1.0	0.0	4	7390	0	0
1.0	0.0	4	7391	0	0
1.0	0.0	4	7392	0	0
1.0	0.0	4	7393	0	0
0.9934782165546386	0.006521783445361469	4	7394	0	0
1.0	0.0	4	7395	0	0
1.0	0.0	4	7396	0	0
1.0	0.0	4	7397	0	0
1.0	0.0	4	7398	0	0
1.0	0.0	4	7399	0	0
1.0	0.0	4	7400	0	0
1.0	0.0	4	7401	0	0
1.0	0.0	4	7402	0	0
1.0	0.0	4	7403	0	0
1.0	0.0	4	7404	0	0
1.0	0.0	4	7405	0	0
1.0	0.0	4	7406	0	0
1.0	0.0	4	7407	0	0
1.0	0.0	4	7408	0	0
1.0	0.0	4	7409	0	0
1.0	0.0	4	7410	0	0
1.0	0.0	4	7411	0	0
1.0	0.0	4	7412	0	0
0.9967197984484523	0.0032802015515478065	4	7413	0	0
1.0	0.0	4	7414	0	0
0.9967197984484523	0.0032802015515478065	4	7415	0	0
1.0	0.0	4	7416	0	0
1.0	0.0	4	7417	0	0
1.0	0.0	4	7418	0	0
1.0	0.0	4	7419	0	0
1.0	0.0	4	7420	0	0
1.0	0.0	4	7421	0	0
1.0	0.0	4	7422	0	0
0.9968192300593868	0.003180769940613257	4	7423	0	0
1.0	0.0	4	7424	0	0
1.0	0.0	4	7425	0	0
1.0	0.0	4	7426	0	0
1.0	0.0	4	7427	0	0
0.9968428537099078	0.0031571462900923065	4	7428	0	0
1.0	0.0	4	7429	0	0
1.0	0.0	4	7430	0	0
0.9967052805777041	0.0032947194222957723	4	7431	0	0
1.0	0.0	4	7432	0	0
1.0	0.0	4	7433	0	0
1.0	0.0	4	7434	0	0
0.9967037761396117	0.0032962238603881453	4	7435	0	0
1.0	0.0	4	7436	0	0
1.0	0.0	4	7437	0	0
1.0	0.0	4	7438	0	0
1.0	0.0	4	7439	0	0
1.0	0.0	4	7440	0	0
0.9901897250241336	0.009810274975866364	4	7441	0	0
1.0	0.0	4	7442	0	0
1.0	0.0	4	7443	0	0
0.9836197583248444	0.01638024167515562	4	7444	0	0
1.0	0.0	4	7445	0	0
0.9942340770932481	0.005765922906751945	4	7446	0	0
1.0	0.0	4	7447	0	0
1.0	0.0	4	7448	0	0
1.0	0.0	4	7449	0	0
1.0	0.0	4	7450	0	0
1.0	0.0	4	7451	0	0
1.0	0.0	4	7452	0	0
1.0	0.0	4	7453	0	0
0.9848815468710895	0.015118453128910475	4	7454	0	0
0.9942586101132287	0.005741389886771396	4	7455	0	0
1.0	0.0	4	7456	0	0
0.9551414219434302	0.044858578056569835	4	7457	0	0
1.0	0.0	4	7458	0	0
0.9942441066805306	0.005755893319469461	4	7459	0	0
1.0	0.0	4	7460	0	0
1.0	0.0	4	7461	0	0
1.0	0.0	4	7462	0	0
1.0	0.0	4	7463	0	0
1.0	0.0	4	7464	0	0
1.0	0.0	4	7465	0	0
1.0	0.0	4	7466	0	0
1.0	0.0	4	7467	0	0
1.0	0.0	4	7468	0	0
1.0	0.0	4	7469	0	0
1.0	0.0	4	7470	0	0
1.0	0.0	4	7471	0	0
1.0	0.0	4	7472	0	0
1.0	0.0	4	7473	0	0
1.0	0.0	4	7474	0	0
1.0	0.0	4	7475	0	0
1.0	0.0	4	7476	0	0
0.9938076421173101	0.006192357882690029	4	7477	0	0
1.0	0.0	4	7478	0	0
1.0	0.0	4	7479	0	0
1.0	0.0	4	7480	0	0
1.0	0.0	4	7481	0	0
1.0	0.0	4	7482	0	0
1.0	0.0	4	7483	0	0
1.0	0.0	4	7484	0	0
1.0	0.0	4	7485	0	0
1.0	0.0	4	7486	0	0
1.0	0.0	4	7487	0	0
1.0	0.0	4	7488	0	0
1.0	0.0	4	7489	0	0
0.9968192300593868	0.003180769940613257	4	7490	0	0
1.0	0.0	4	7491	0	0
1.0	0.0	4	7492	0	0
1.0	0.0	4	7493	0	0
1.0	0.0	4	7494	0	0
1.0	0.0	4	7495	0	0
1.0	0.0	4	7496	0	0
1.0	0.0	4	7497	0	0
1.0	0.0	4	7498	0	0
1.0	0.0	4	7499	0	0
1.0	0.0	4	7500	0	0
1.0	0.0	4	7501	0	0
1.0	0.0	4	7502	0	0
1.0	0.0	4	7503	0	0
0.9901897250241336	0.009810274975866364	4	7504	0	0
1.0	0.0	4	7505	0	0
1.0	0.0	4	7506	0	0
1.0	0.0	4	7507	0	0
1.0	0.0	4	7508	0	0
1.0	0.0	4	7509	0	0
0.9934804137685341	0.006519586231465851	4	7510	0	0
1.0	0.0	4	7511	0	0
0.9968727738994159	0.0031272261005841286	4	7512	0	0
0.9968727738994159	0.0031272261005841286	4	7513	0	0
0.05098705225784857	0.9490129477421514	4	7514	1	1
1.0	0.0	4	7515	0	0
1.0	0.0	4	7516	0	0
1.0	0.0	4	7517	0	0
1.0	0.0	4	7518	0	0
0.9554807613261486	0.044519238673851345	4	7519	0	0
1.0	0.0	4	7520	0	0
1.0	0.0	4	7521	0	0
1.0	0.0	4	7522	0	0
1.0	0.0	4	7523	0	0
1.0	0.0	4	7524	0	0
1.0	0.0	4	7525	0	0
1.0	0.0	4	7526	0	0
1.0	0.0	4	7527	0	0
1.0	0.0	4	7528	0	0
1.0	0.0	4	7529	0	0
1.0	0.0	4	7530	0	0
0.9933628559913246	0.006637144008675504	4	7531	0	0
1.0	0.0	4	7532	0	0
1.0	0.0	4	7533	0	0
1.0	0.0	4	7534	0	0
0.9902496554574998	0.009750344542500195	4	7535	0	0
1.0	0.0	4	7536	0	0
1.0	0.0	4	7537	0	0
1.0	0.0	4	7538	0	0
1.0	0.0	4	7539	0	0
1.0	0.0	4	7540	0	0
1.0	0.0	4	7541	0	0
1.0	0.0	4	7542	0	0
1.0	0.0	4	7543	0	0
1.0	0.0	4	7544	0	0
1.0	0.0	4	7545	0	0
1.0	0.0	4	7546	0	0
1.0	0.0	4	7547	0	0
1.0	0.0	4	7548	0	0
1.0	0.0	4	7549	0	0
1.0	0.0	4	7550	0	0
1.0	0.0	4	7551	0	0
1.0	0.0	4	7552	0	0
1.0	0.0	4	7553	0	0
0.9801614884201736	0.019838511579826208	4	7554	0	0
1.0	0.0	4	7555	0	0
0.9867518320459496	0.013248167954050306	4	7556	0	0
0.9976759515203063	0.002324048479693813	4	7557	0	0
0.9976759515203063	0.002324048479693813	4	7558	0	0
0.9967002657840629	0.003299734215937014	4	7559	0	0
1.0	0.0	4	7560	0	0
1.0	0.0	4	7561	0	0
1.0	0.0	4	7562	0	0
1.0	0.0	4	7563	0	0
1.0	0.0	4	7564	0	0
1.0	0.0	4	7565	0	0
1.0	0.0	4	7566	0	0
1.0	0.0	4	7567	0	0
1.0	0.0	4	7568	0	0
0.9967272907970582	0.003272709202941761	4	7569	0	0
0.9259556141835388	0.07404438581646135	4	7570	0	0
1.0	0.0	4	7571	0	0
1.0	0.0	4	7572	0	0
1.0	0.0	4	7573	0	0
1.0	0.0	4	7574	0	0
1.0	0.0	4	7575	0	0
1.0	0.0	4	7576	0	0
1.0	0.0	4	7577	0	0
1.0	0.0	4	7578	0	0
1.0	0.0	4	7579	0	0
0.9934010330474902	0.006598966952509904	4	7580	0	0
1.0	0.0	4	7581	0	0
1.0	0.0	4	7582	0	0
1.0	0.0	4	7583	0	0
1.0	0.0	4	7584	0	0
1.0	0.0	4	7585	0	0
1.0	0.0	4	7586	0	0
1.0	0.0	4	7587	0	0
1.0	0.0	4	7588	0	0
1.0	0.0	4	7589	0	0
1.0	0.0	4	7590	0	0
1.0	0.0	4	7591	0	0
1.0	0.0	4	7592	0	0
1.0	0.0	4	7593	0	0
1.0	0.0	4	7594	0	0
1.0	0.0	4	7595	0	0
1.0	0.0	4	7596	0	0
1.0	0.0	4	7597	0	0
1.0	0.0	4	7598	0	0
1.0	0.0	4	7599	0	0
1.0	0.0	4	7600	0	0
1.0	0.0	4	7601	0	0
1.0	0.0	4	7602	0	0
1.0	0.0	4	7603	0	0
1.0	0.0	4	7604	0	0
0.9935284382729043	0.006471561727095712	4	7605	0	0
1.0	0.0	4	7606	0	0
1.0	0.0	4	7607	0	0
0.13519547586649114	0.8648045241335084	4	7608	0	1
0.40062877613864983	0.5993712238613501	4	7609	0	1
1.0	0.0	4	7610	0	0
0.9968428537099078	0.0031571462900923065	4	7611	0	0
1.0	0.0	4	7612	0	0
0.9409818029814103	0.05901819701858977	4	7613	0	0
1.0	0.0	4	7614	0	0
1.0	0.0	4	7615	0	0
0.9835721465885631	0.016427853411436953	4	7616	0	0
0.1513200266824909	0.8486799733175092	4	7617	0	1
1.0	0.0	4	7618	0	0
1.0	0.0	4	7619	0	0
1.0	0.0	4	7620	0	0
0.9837980985932324	0.01620190140676771	4	7621	0	0
1.0	0.0	4	7622	0	0
1.0	0.0	4	7623	0	0
1.0	0.0	4	7624	0	0
1.0	0.0	4	7625	0	0
0.9836443511576405	0.016355648842359616	4	7626	0	0
1.0	0.0	4	7627	0	0
1.0	0.0	4	7628	0	0
1.0	0.0	4	7629	0	0
1.0	0.0	4	7630	0	0
1.0	0.0	4	7631	0	0
1.0	0.0	4	7632	0	0
1.0	0.0	4	7633	0	0
1.0	0.0	4	7634	0	0
1.0	0.0	4	7635	0	0
1.0	0.0	4	7636	0	0
1.0	0.0	4	7637	0	0
1.0	0.0	4	7638	0	0
1.0	0.0	4	7639	0	0
1.0	0.0	4	7640	0	0
1.0	0.0	4	7641	0	0
1.0	0.0	4	7642	0	0
1.0	0.0	4	7643	0	0
1.0	0.0	4	7644	0	0
1.0	0.0	4	7645	0	0
0.007542641832514259	0.9924573581674857	4	7646	1	1
1.0	0.0	4	7647	0	0
1.0	0.0	4	7648	0	0
1.0	0.0	4	7649	0	0
1.0	0.0	4	7650	0	0
1.0	0.0	4	7651	0	0
1.0	0.0	4	7652	0	0
1.0	0.0	4	7653	0	0
1.0	0.0	4	7654	0	0
1.0	0.0	4	7655	0	0
0.987187454415314	0.012812545584686004	4	7656	0	0
1.0	0.0	4	7657	0	0
1.0	0.0	4	7658	0	0
1.0	0.0	4	7659	0	0
1.0	0.0	4	7660	0	0
1.0	0.0	4	7661	0	0
1.0	0.0	4	7662	0	0
1.0	0.0	4	7663	0	0
1.0	0.0	4	7664	0	0
1.0	0.0	4	7665	0	0
1.0	0.0	4	7666	0	0
1.0	0.0	4	7667	0	0
0.9815853230107014	0.01841467698929862	4	7668	0	0
1.0	0.0	4	7669	0	0
1.0	0.0	4	7670	0	0
1.0	0.0	4	7671	0	0
1.0	0.0	4	7672	0	0
1.0	0.0	4	7673	0	0
1.0	0.0	4	7674	0	0
1.0	0.0	4	7675	0	0
1.0	0.0	4	7676	0	0
1.0	0.0	4	7677	0	0
1.0	0.0	4	7678	0	0
0.9642787827242839	0.03572121727571589	4	7679	0	0
1.0	0.0	4	7680	0	0
1.0	0.0	4	7681	0	0
1.0	0.0	4	7682	0	0
1.0	0.0	4	7683	0	0
1.0	0.0	4	7684	0	0
0.9967420410592085	0.003257958940791431	4	7685	0	0
1.0	0.0	4	7686	0	0
1.0	0.0	4	7687	0	0
1.0	0.0	4	7688	0	0
1.0	0.0	4	7689	0	0
1.0	0.0	4	7690	0	0
1.0	0.0	4	7691	0	0
1.0	0.0	4	7692	0	0
1.0	0.0	4	7693	0	0
1.0	0.0	4	7694	0	0
1.0	0.0	4	7695	0	0
1.0	0.0	4	7696	0	0
1.0	0.0	4	7697	0	0
0.9911222813888961	0.008877718611103936	4	7698	0	0
0.9911222813888961	0.008877718611103936	4	7699	0	0
1.0	0.0	4	7700	0	0
1.0	0.0	4	7701	0	0
1.0	0.0	4	7702	0	0
1.0	0.0	4	7703	0	0
0.9976759515203063	0.002324048479693813	4	7704	0	0
1.0	0.0	4	7705	0	0
0.9976759515203063	0.002324048479693813	4	7706	0	0
1.0	0.0	4	7707	0	0
0.9869234841707096	0.0130765158292903	4	7708	0	0
0.9869234841707096	0.0130765158292903	4	7709	0	0
1.0	0.0	4	7710	0	0
1.0	0.0	4	7711	0	0
1.0	0.0	4	7712	0	0
1.0	0.0	4	7713	0	0
1.0	0.0	4	7714	0	0
0.9870032139925111	0.012996786007488954	4	7715	0	0
1.0	0.0	4	7716	0	0
1.0	0.0	4	7717	0	0
1.0	0.0	4	7718	0	0
1.0	0.0	4	7719	0	0
1.0	0.0	4	7720	0	0
1.0	0.0	4	7721	0	0
0.9940766869008987	0.005923313099101366	4	7722	0	0
1.0	0.0	4	7723	0	0
0.9967302533532042	0.0032697466467958274	4	7724	0	0
1.0	0.0	4	7725	0	0
1.0	0.0	4	7726	0	0
1.0	0.0	4	7727	0	0
1.0	0.0	4	7728	0	0
1.0	0.0	4	7729	0	0
1.0	0.0	4	7730	0	0
0.9967364099520205	0.0032635900479794228	4	7731	0	0
0.9967364099520205	0.0032635900479794228	4	7732	0	0
1.0	0.0	4	7733	0	0
1.0	0.0	4	7734	0	0
1.0	0.0	4	7735	0	0
1.0	0.0	4	7736	0	0
1.0	0.0	4	7737	0	0
1.0	0.0	4	7738	0	0
1.0	0.0	4	7739	0	0
0.5010408208290688	0.4989591791709312	4	7740	0	0
1.0	0.0	4	7741	0	0
1.0	0.0	4	7742	0	0
1.0	0.0	4	7743	0	0
1.0	0.0	4	7744	0	0
1.0	0.0	4	7745	0	0
1.0	0.0	4	7746	0	0
1.0	0.0	4	7747	0	0
0.9938076421173101	0.006192357882690029	4	7748	0	0
1.0	0.0	4	7749	0	0
1.0	0.0	4	7750	0	0
1.0	0.0	4	7751	0	0
1.0	0.0	4	7752	0	0
1.0	0.0	4	7753	0	0
1.0	0.0	4	7754	0	0
1.0	0.0	4	7755	0	0
1.0	0.0	4	7756	0	0
1.0	0.0	4	7757	0	0
1.0	0.0	4	7758	0	0
1.0	0.0	4	7759	0	0
0.9716764120210223	0.028323587978977674	4	7760	0	0
1.0	0.0	4	7761	0	0
1.0	0.0	4	7762	0	0
1.0	0.0	4	7763	0	0
0.9310972476583688	0.06890275234163142	4	7764	0	0
1.0	0.0	4	7765	0	0
0.606089989018641	0.393910010981359	4	7766	0	0
1.0	0.0	4	7767	0	0
1.0	0.0	4	7768	0	0
1.0	0.0	4	7769	0	0
0.9968192300593868	0.003180769940613257	4	7770	0	0
0.9968192300593868	0.003180769940613257	4	7771	0	0
1.0	0.0	4	7772	0	0
1.0	0.0	4	7773	0	0
1.0	0.0	4	7774	0	0
1.0	0.0	4	7775	0	0
1.0	0.0	4	7776	0	0
1.0	0.0	4	7777	0	0
1.0	0.0	4	7778	0	0
0.9901508067005923	0.00984919329940771	4	7779	0	0
0.9901508067005923	0.00984919329940771	4	7780	0	0
1.0	0.0	4	7781	0	0
1.0	0.0	4	7782	0	0
1.0	0.0	4	7783	0	0
1.0	0.0	4	7784	0	0
1.0	0.0	4	7785	0	0
1.0	0.0	4	7786	0	0
1.0	0.0	4	7787	0	0
0.9940766869008987	0.005923313099101366	4	7788	0	0
1.0	0.0	4	7789	0	0
1.0	0.0	4	7790	0	0
1.0	0.0	4	7791	0	0
1.0	0.0	4	7792	0	0
1.0	0.0	4	7793	0	0
1.0	0.0	4	7794	0	0
1.0	0.0	4	7795	0	0
1.0	0.0	4	7796	0	0
1.0	0.0	4	7797	0	0
1.0	0.0	4	7798	0	0
1.0	0.0	4	7799	0	0
1.0	0.0	4	7800	0	0
1.0	0.0	4	7801	0	0
1.0	0.0	4	7802	0	0
1.0	0.0	4	7803	0	0
1.0	0.0	4	7804	0	0
1.0	0.0	4	7805	0	0
1.0	0.0	4	7806	0	0
1.0	0.0	4	7807	0	0
1.0	0.0	4	7808	0	0
1.0	0.0	4	7809	0	0
1.0	0.0	4	7810	0	0
1.0	0.0	4	7811	0	0
1.0	0.0	4	7812	0	0
1.0	0.0	4	7813	0	0
1.0	0.0	4	7814	0	0
1.0	0.0	4	7815	0	0
1.0	0.0	4	7816	0	0
1.0	0.0	4	7817	0	0
1.0	0.0	4	7818	0	0
1.0	0.0	4	7819	0	0
1.0	0.0	4	7820	0	0
1.0	0.0	4	7821	0	0
1.0	0.0	4	7822	0	0
0.9901508067005923	0.00984919329940771	4	7823	0	0
1.0	0.0	4	7824	0	0
0.9836201134375138	0.01637988656248629	4	7825	0	0
1.0	0.0	4	7826	0	0
1.0	0.0	4	7827	0	0
1.0	0.0	4	7828	0	0
1.0	0.0	4	7829	0	0
1.0	0.0	4	7830	0	0
1.0	0.0	4	7831	0	0
1.0	0.0	4	7832	0	0
1.0	0.0	4	7833	0	0
1.0	0.0	4	7834	0	0
1.0	0.0	4	7835	0	0
1.0	0.0	4	7836	0	0
1.0	0.0	4	7837	0	0
1.0	0.0	4	7838	0	0
1.0	0.0	4	7839	0	0
1.0	0.0	4	7840	0	0
1.0	0.0	4	7841	0	0
1.0	0.0	4	7842	0	0
1.0	0.0	4	7843	0	0
1.0	0.0	4	7844	0	0
0.9834325413813366	0.016567458618663437	4	7845	0	0
1.0	0.0	4	7846	0	0
1.0	0.0	4	7847	0	0
1.0	0.0	4	7848	0	0
1.0	0.0	4	7849	0	0
1.0	0.0	4	7850	0	0
0.9934698588634581	0.006530141136542009	4	7851	0	0
0.9902334432822947	0.009766556717705308	4	7852	0	0
0.9935019152468434	0.006498084753156556	4	7853	0	0
0.8943606957388611	0.10563930426113895	4	7854	0	0
0.9966666666666667	0.0033333333333333335	4	7855	0	0
1.0	0.0	4	7856	0	0
0.9966666666666667	0.0033333333333333335	4	7857	0	0
0.993470353122237	0.006529646877763026	4	7858	0	0
1.0	0.0	4	7859	0	0
1.0	0.0	4	7860	0	0
0.9934562122098693	0.00654378779013068	4	7861	0	0
0.9900848540203958	0.00991514597960422	4	7862	0	0
0.9835479094076932	0.016452090592306772	4	7863	0	0
1.0	0.0	4	7864	0	0
1.0	0.0	4	7865	0	0
0.9902349368975247	0.009765063102475241	4	7866	0	0
1.0	0.0	4	7867	0	0
1.0	0.0	4	7868	0	0
1.0	0.0	4	7869	0	0
1.0	0.0	4	7870	0	0
1.0	0.0	4	7871	0	0
1.0	0.0	4	7872	0	0
1.0	0.0	4	7873	0	0
1.0	0.0	4	7874	0	0
0.997756744773014	0.002243255226985913	4	7875	0	0
1.0	0.0	4	7876	0	0
1.0	0.0	4	7877	0	0
1.0	0.0	4	7878	0	0
1.0	0.0	4	7879	0	0
1.0	0.0	4	7880	0	0
1.0	0.0	4	7881	0	0
1.0	0.0	4	7882	0	0
0.8715928960857546	0.1284071039142455	4	7883	0	0
1.0	0.0	4	7884	0	0
0.990091318030386	0.009908681969614003	4	7885	0	0
1.0	0.0	4	7886	0	0
1.0	0.0	4	7887	0	0
1.0	0.0	4	7888	0	0
1.0	0.0	4	7889	0	0
1.0	0.0	4	7890	0	0
1.0	0.0	4	7891	0	0
0.9872426007829419	0.012757399217058157	4	7892	0	0
0.9967047790983402	0.0032952209016598967	4	7893	0	0
1.0	0.0	4	7894	0	0
1.0	0.0	4	7895	0	0
1.0	0.0	4	7896	0	0
0.9934307474104664	0.006569252589533566	4	7897	0	0
0.8980434705758507	0.10195652942414926	4	7898	0	0
0.05254259981249979	0.9474574001875002	4	7899	1	1
1.0	0.0	4	7900	0	0
0.996749863814193	0.0032501361858069625	4	7901	0	0
1.0	0.0	4	7902	0	0
1.0	0.0	4	7903	0	0
0.9836936057113167	0.01630639428868353	4	7904	0	0
1.0	0.0	4	7905	0	0
0.9838010142100315	0.016198985789968565	4	7906	0	0
0.9969437846397465	0.003056215360253365	4	7907	0	0
0.9969437846397465	0.003056215360253365	4	7908	0	0
1.0	0.0	4	7909	0	0
1.0	0.0	4	7910	0	0
1.0	0.0	4	7911	0	0
1.0	0.0	4	7912	0	0
1.0	0.0	4	7913	0	0
1.0	0.0	4	7914	0	0
1.0	0.0	4	7915	0	0
0.9967022824178581	0.0032977175821419613	4	7916	0	0
1.0	0.0	4	7917	0	0
1.0	0.0	4	7918	0	0
0.9933880433701383	0.006611956629861733	4	7919	0	0
1.0	0.0	4	7920	0	0
0.9968084693084692	0.003191530691530692	4	7921	0	0
0.9913782004436488	0.008621799556351032	4	7922	0	0
1.0	0.0	4	7923	0	0
1.0	0.0	4	7924	0	0
1.0	0.0	4	7925	0	0
1.0	0.0	4	7926	0	0
1.0	0.0	4	7927	0	0
1.0	0.0	4	7928	0	0
1.0	0.0	4	7929	0	0
1.0	0.0	4	7930	0	0
1.0	0.0	4	7931	0	0
1.0	0.0	4	7932	0	0
1.0	0.0	4	7933	0	0
1.0	0.0	4	7934	0	0
1.0	0.0	4	7935	0	0
1.0	0.0	4	7936	0	0
1.0	0.0	4	7937	0	0
1.0	0.0	4	7938	0	0
1.0	0.0	4	7939	0	0
1.0	0.0	4	7940	0	0
1.0	0.0	4	7941	0	0
1.0	0.0	4	7942	0	0
1.0	0.0	4	7943	0	0
1.0	0.0	4	7944	0	0
1.0	0.0	4	7945	0	0
1.0	0.0	4	7946	0	0
1.0	0.0	4	7947	0	0
1.0	0.0	4	7948	0	0
1.0	0.0	4	7949	0	0
1.0	0.0	4	7950	0	0
1.0	0.0	4	7951	0	0
1.0	0.0	4	7952	0	0
1.0	0.0	4	7953	0	0
1.0	0.0	4	7954	0	0
1.0	0.0	4	7955	0	0
1.0	0.0	4	7956	0	0
1.0	0.0	4	7957	0	0
1.0	0.0	4	7958	0	0
1.0	0.0	4	7959	0	0
1.0	0.0	4	7960	0	0
0.9771518797190654	0.022848120280934928	4	7961	0	0
1.0	0.0	4	7962	0	0
1.0	0.0	4	7963	0	0
1.0	0.0	4	7964	0	0
1.0	0.0	4	7965	0	0
1.0	0.0	4	7966	0	0
1.0	0.0	4	7967	0	0
1.0	0.0	4	7968	0	0
1.0	0.0	4	7969	0	0
1.0	0.0	4	7970	0	0
1.0	0.0	4	7971	0	0
1.0	0.0	4	7972	0	0
1.0	0.0	4	7973	0	0
1.0	0.0	4	7974	0	0
1.0	0.0	4	7975	0	0
1.0	0.0	4	7976	0	0
1.0	0.0	4	7977	0	0
1.0	0.0	4	7978	0	0
1.0	0.0	4	7979	0	0
1.0	0.0	4	7980	0	0
1.0	0.0	4	7981	0	0
1.0	0.0	4	7982	0	0
0.9967022770588826	0.003297722941117464	4	7983	0	0
1.0	0.0	4	7984	0	0
1.0	0.0	4	7985	0	0
1.0	0.0	4	7986	0	0
1.0	0.0	4	7987	0	0
1.0	0.0	4	7988	0	0
0.9967469282600079	0.0032530717399920726	4	7989	0	0
1.0	0.0	4	7990	0	0
1.0	0.0	4	7991	0	0
1.0	0.0	4	7992	0	0
1.0	0.0	4	7993	0	0
1.0	0.0	4	7994	0	0
1.0	0.0	4	7995	0	0
1.0	0.0	4	7996	0	0
1.0	0.0	4	7997	0	0
1.0	0.0	4	7998	0	0
1.0	0.0	4	7999	0	0
1.0	0.0	4	8000	0	0
1.0	0.0	4	8001	0	0
1.0	0.0	4	8002	0	0
1.0	0.0	4	8003	0	0
1.0	0.0	4	8004	0	0
1.0	0.0	4	8005	0	0
0.9940766869008987	0.005923313099101366	4	8006	0	0
0.9248778371333941	0.07512216286660582	4	8007	0	0
1.0	0.0	4	8008	0	0
1.0	0.0	4	8009	0	0
1.0	0.0	4	8010	0	0
1.0	0.0	4	8011	0	0
1.0	0.0	4	8012	0	0
1.0	0.0	4	8013	0	0
1.0	0.0	4	8014	0	0
0.9968084693084692	0.003191530691530692	4	8015	0	0
1.0	0.0	4	8016	0	0
1.0	0.0	4	8017	0	0
1.0	0.0	4	8018	0	0
1.0	0.0	4	8019	0	0
1.0	0.0	4	8020	0	0
0.9934869659236483	0.006513034076351593	4	8021	0	0
0.9934869659236483	0.006513034076351593	4	8022	0	0
1.0	0.0	4	8023	0	0
1.0	0.0	4	8024	0	0
1.0	0.0	4	8025	0	0
1.0	0.0	4	8026	0	0
1.0	0.0	4	8027	0	0
1.0	0.0	4	8028	0	0
1.0	0.0	4	8029	0	0
1.0	0.0	4	8030	0	0
0.9885701171729212	0.011429882827079026	4	8031	0	0
1.0	0.0	4	8032	0	0
0.9905323889769231	0.00946761102307681	4	8033	0	0
1.0	0.0	4	8034	0	0
1.0	0.0	4	8035	0	0
1.0	0.0	4	8036	0	0
1.0	0.0	4	8037	0	0
1.0	0.0	4	8038	0	0
1.0	0.0	4	8039	0	0
1.0	0.0	4	8040	0	0
1.0	0.0	4	8041	0	0
1.0	0.0	4	8042	0	0
1.0	0.0	4	8043	0	0
1.0	0.0	4	8044	0	0
1.0	0.0	4	8045	0	0
1.0	0.0	4	8046	0	0
1.0	0.0	4	8047	0	0
1.0	0.0	4	8048	0	0
1.0	0.0	4	8049	0	0
1.0	0.0	4	8050	0	0
1.0	0.0	4	8051	0	0
1.0	0.0	4	8052	0	0
1.0	0.0	4	8053	0	0
1.0	0.0	4	8054	0	0
1.0	0.0	4	8055	0	0
1.0	0.0	4	8056	0	0
1.0	0.0	4	8057	0	0
1.0	0.0	4	8058	0	0
1.0	0.0	4	8059	0	0
1.0	0.0	4	8060	0	0
1.0	0.0	4	8061	0	0
1.0	0.0	4	8062	0	0
1.0	0.0	4	8063	0	0
1.0	0.0	4	8064	0	0
1.0	0.0	4	8065	0	0
1.0	0.0	4	8066	0	0
1.0	0.0	4	8067	0	0
1.0	0.0	4	8068	0	0
1.0	0.0	4	8069	0	0
1.0	0.0	4	8070	0	0
1.0	0.0	4	8071	0	0
1.0	0.0	4	8072	0	0
1.0	0.0	4	8073	0	0
1.0	0.0	4	8074	0	0
1.0	0.0	4	8075	0	0
1.0	0.0	4	8076	0	0
1.0	0.0	4	8077	0	0
1.0	0.0	4	8078	0	0
0.9976759515203063	0.002324048479693813	4	8079	0	0
1.0	0.0	4	8080	0	0
1.0	0.0	4	8081	0	0
1.0	0.0	4	8082	0	0
1.0	0.0	4	8083	0	0
1.0	0.0	4	8084	0	0
1.0	0.0	4	8085	0	0
1.0	0.0	4	8086	0	0
1.0	0.0	4	8087	0	0
1.0	0.0	4	8088	0	0
1.0	0.0	4	8089	0	0
1.0	0.0	4	8090	0	0
1.0	0.0	4	8091	0	0
1.0	0.0	4	8092	0	0
1.0	0.0	4	8093	0	0
1.0	0.0	4	8094	0	0
1.0	0.0	4	8095	0	0
1.0	0.0	4	8096	0	0
1.0	0.0	4	8097	0	0
1.0	0.0	4	8098	0	0
1.0	0.0	4	8099	0	0
1.0	0.0	4	8100	0	0
1.0	0.0	4	8101	0	0
1.0	0.0	4	8102	0	0
1.0	0.0	4	8103	0	0
1.0	0.0	4	8104	0	0
1.0	0.0	4	8105	0	0
0.9868236218949283	0.013176378105071726	4	8106	0	0
0.9836320912033976	0.016367908796602416	4	8107	0	0
1.0	0.0	4	8108	0	0
1.0	0.0	4	8109	0	0
1.0	0.0	4	8110	0	0
1.0	0.0	4	8111	0	0
1.0	0.0	4	8112	0	0
1.0	0.0	4	8113	0	0
1.0	0.0	4	8114	0	0
1.0	0.0	4	8115	0	0
1.0	0.0	4	8116	0	0
1.0	0.0	4	8117	0	0
1.0	0.0	4	8118	0	0
0.9606554174649454	0.03934458253505451	4	8119	0	0
1.0	0.0	4	8120	0	0
1.0	0.0	4	8121	0	0
0.9875752309945347	0.012424769005465276	4	8122	0	0
1.0	0.0	4	8123	0	0
1.0	0.0	4	8124	0	0
1.0	0.0	4	8125	0	0
1.0	0.0	4	8126	0	0
1.0	0.0	4	8127	0	0
1.0	0.0	4	8128	0	0
1.0	0.0	4	8129	0	0
1.0	0.0	4	8130	0	0
1.0	0.0	4	8131	0	0
1.0	0.0	4	8132	0	0
1.0	0.0	4	8133	0	0
1.0	0.0	4	8134	0	0
1.0	0.0	4	8135	0	0
1.0	0.0	4	8136	0	0
1.0	0.0	4	8137	0	0
0.9976759515203063	0.002324048479693813	4	8138	0	0
1.0	0.0	4	8139	0	0
1.0	0.0	4	8140	0	0
1.0	0.0	4	8141	0	0
1.0	0.0	4	8142	0	0
1.0	0.0	4	8143	0	0
1.0	0.0	4	8144	0	0
1.0	0.0	4	8145	0	0
1.0	0.0	4	8146	0	0
1.0	0.0	4	8147	0	0
0.9773180481037016	0.022681951896298454	4	8148	0	0
1.0	0.0	4	8149	0	0
1.0	0.0	4	8150	0	0
1.0	0.0	4	8151	0	0
1.0	0.0	4	8152	0	0
0.9934095087204916	0.006590491279508403	4	8153	0	0
1.0	0.0	4	8154	0	0
1.0	0.0	4	8155	0	0
1.0	0.0	4	8156	0	0
1.0	0.0	4	8157	0	0
1.0	0.0	4	8158	0	0
1.0	0.0	4	8159	0	0
1.0	0.0	4	8160	0	0
1.0	0.0	4	8161	0	0
1.0	0.0	4	8162	0	0
1.0	0.0	4	8163	0	0
1.0	0.0	4	8164	0	0
1.0	0.0	4	8165	0	0
1.0	0.0	4	8166	0	0
1.0	0.0	4	8167	0	0
0.9966997643046989	0.0033002356953011386	4	8168	0	0
1.0	0.0	4	8169	0	0
1.0	0.0	4	8170	0	0
1.0	0.0	4	8171	0	0
1.0	0.0	4	8172	0	0
1.0	0.0	4	8173	0	0
1.0	0.0	4	8174	0	0
1.0	0.0	4	8175	0	0
1.0	0.0	4	8176	0	0
1.0	0.0	4	8177	0	0
1.0	0.0	4	8178	0	0
1.0	0.0	4	8179	0	0
1.0	0.0	4	8180	0	0
1.0	0.0	4	8181	0	0
1.0	0.0	4	8182	0	0
1.0	0.0	4	8183	0	0
1.0	0.0	4	8184	0	0
1.0	0.0	4	8185	0	0
1.0	0.0	4	8186	0	0
1.0	0.0	4	8187	0	0
1.0	0.0	4	8188	0	0
1.0	0.0	4	8189	0	0
1.0	0.0	4	8190	0	0
1.0	0.0	4	8191	0	0
1.0	0.0	4	8192	0	0
1.0	0.0	4	8193	0	0
1.0	0.0	4	8194	0	0
0.9976759515203063	0.002324048479693813	4	8195	0	0
1.0	0.0	4	8196	0	0
1.0	0.0	4	8197	0	0
1.0	0.0	4	8198	0	0
1.0	0.0	4	8199	0	0
1.0	0.0	4	8200	0	0
1.0	0.0	4	8201	0	0
1.0	0.0	4	8202	0	0
1.0	0.0	4	8203	0	0
1.0	0.0	4	8204	0	0
1.0	0.0	4	8205	0	0
0.9881465620255699	0.011853437974430127	4	8206	0	0
0.9881465620255699	0.011853437974430127	4	8207	0	0
1.0	0.0	4	8208	0	0
1.0	0.0	4	8209	0	0
1.0	0.0	4	8210	0	0
1.0	0.0	4	8211	0	0
1.0	0.0	4	8212	0	0
0.9933699468351891	0.0066300531648109135	4	8213	0	0
1.0	0.0	4	8214	0	0
0.9933699468351891	0.0066300531648109135	4	8215	0	0
1.0	0.0	4	8216	0	0
1.0	0.0	4	8217	0	0
1.0	0.0	4	8218	0	0
0.9933880433701383	0.006611956629861733	4	8219	0	0
0.9933880433701383	0.006611956629861733	4	8220	0	0
0.9933880433701383	0.006611956629861733	4	8221	0	0
1.0	0.0	4	8222	0	0
1.0	0.0	4	8223	0	0
0.9969098470430676	0.003090152956932403	4	8224	0	0
1.0	0.0	4	8225	0	0
1.0	0.0	4	8226	0	0
1.0	0.0	4	8227	0	0
1.0	0.0	4	8228	0	0
1.0	0.0	4	8229	0	0
1.0	0.0	4	8230	0	0
1.0	0.0	4	8231	0	0
1.0	0.0	4	8232	0	0
1.0	0.0	4	8233	0	0
1.0	0.0	4	8234	0	0
1.0	0.0	4	8235	0	0
1.0	0.0	4	8236	0	0
0.9966769261819466	0.0033230738180533835	4	8237	0	0
1.0	0.0	4	8238	0	0
0.9849133906208681	0.01508660937913187	4	8239	0	0
0.9849133906208681	0.01508660937913187	4	8240	0	0
1.0	0.0	4	8241	0	0
1.0	0.0	4	8242	0	0
1.0	0.0	4	8243	0	0
0.9849133906208681	0.01508660937913187	4	8244	0	0
1.0	0.0	4	8245	0	0
0.9849133906208681	0.01508660937913187	4	8246	0	0
1.0	0.0	4	8247	0	0
1.0	0.0	4	8248	0	0
1.0	0.0	4	8249	0	0
1.0	0.0	4	8250	0	0
1.0	0.0	4	8251	0	0
0.9967067850157965	0.0032932149842034002	4	8252	0	0
0.9938076421173101	0.006192357882690029	4	8253	0	0
0.8019110054576757	0.19808899454232423	4	8254	0	0
0.8019110054576757	0.19808899454232423	4	8255	0	0
0.9411927357662548	0.05880726423374509	4	8256	0	0
0.9934456787792881	0.006554321220711813	4	8257	0	0
0.9935335339353081	0.006466466064691957	4	8258	0	0
0.9473610389088684	0.05263896109113187	4	8259	0	0
0.9770970458881444	0.022902954111855434	4	8260	0	0
0.9770970458881444	0.022902954111855434	4	8261	0	0
0.9770970458881444	0.022902954111855434	4	8262	0	0
1.0	0.0	4	8263	0	0
1.0	0.0	4	8264	0	0
0.993531755513806	0.006468244486194118	4	8265	0	0
1.0	0.0	4	8266	0	0
1.0	0.0	4	8267	0	0
1.0	0.0	4	8268	0	0
0.7022554655180266	0.29774453448197347	4	8269	0	0
0.7022554655180266	0.29774453448197347	4	8270	0	0
0.7022554655180266	0.29774453448197347	4	8271	0	0
0.8717278021224456	0.12827219787755423	4	8272	0	0
1.0	0.0	4	8273	0	0
1.0	0.0	4	8274	0	0
1.0	0.0	4	8275	0	0
1.0	0.0	4	8276	0	0
1.0	0.0	4	8277	0	0
1.0	0.0	4	8278	0	0
1.0	0.0	4	8279	0	0
1.0	0.0	4	8280	0	0
1.0	0.0	4	8281	0	0
1.0	0.0	4	8282	0	0
1.0	0.0	4	8283	0	0
1.0	0.0	4	8284	0	0
1.0	0.0	4	8285	0	0
1.0	0.0	4	8286	0	0
1.0	0.0	4	8287	0	0
0.9848815468710895	0.015118453128910475	4	8288	0	0
1.0	0.0	4	8289	0	0
1.0	0.0	4	8290	0	0
1.0	0.0	4	8291	0	0
1.0	0.0	4	8292	0	0
1.0	0.0	4	8293	0	0
0.9967449697690556	0.003255030230944593	4	8294	0	0
0.9934723156131063	0.006527684386893837	4	8295	0	0
0.9967449697690556	0.003255030230944593	4	8296	0	0
0.9934399341950518	0.006560065804948287	4	8297	0	0
1.0	0.0	4	8298	0	0
1.0	0.0	4	8299	0	0
1.0	0.0	4	8300	0	0
1.0	0.0	4	8301	0	0
1.0	0.0	4	8302	0	0
1.0	0.0	4	8303	0	0
1.0	0.0	4	8304	0	0
1.0	0.0	4	8305	0	0
1.0	0.0	4	8306	0	0
0.755057440599598	0.24494255940040177	4	8307	0	0
