macro_f1	balanced_accuracy	mcc	quadratic_kappa	macro_precision	macro_recall	recall_class0	recall_class1	roc_auc	average_precision	repeat	fold	n_test	scheme	model	recall_class2	recall_class3
0.6990188872199674	0.9844890510948905	0.5027692276019099	0.4035465484483851	0.6304347826086957	0.9844890510948905	0.968978102189781	1.0	0.9991889699918897	0.9254006910224661	0	0	1662	2class	logistic_regression		
0.6561076604554865	0.9518326908771217	0.42697966280604804	0.32121780309859493	0.600873418485974	0.9518326908771217	0.9592209373097992	0.9444444444444444	0.994961790762156	0.7523329104942285	0	1	1661	2class	logistic_regression		
0.6997360714414838	0.8779333198079394	0.4580020690399319	0.4022384568323317	0.6387585350713842	0.8779333198079394	0.9780888618381011	0.7777777777777778	0.9799486035030771	0.6378819370725425	0	2	1661	2class	logistic_regression		
0.6625113544007266	0.9793061472915399	0.4479283230463957	0.3342214467603507	0.6046511627906976	0.9793061472915399	0.9586122945830797	1.0	0.996010008791506	0.7370527298788169	0	3	1661	2class	logistic_regression		
0.7407514000311785	0.9881386861313868	0.5655218839784141	0.4846361057474553	0.6637931034482758	0.9881386861313868	0.9762773722627737	1.0	0.9971507235241389	0.8259282834360233	0	4	1663	2class	logistic_regression		
0.6892961662525535	0.983272506082725	0.48818661122900703	0.3849166296580403	0.6232876712328768	0.983272506082725	0.9665450121654501	1.0	0.9973641524736414	0.8562584011060141	1	0	1662	2class	logistic_regression		
0.6972552141260318	0.9576147967809563	0.48866582418700216	0.3994451126377073	0.6304559475612107	0.9576147967809563	0.970785149117468	0.9444444444444444	0.9951646716710624	0.8101081304569677	1	1	1661	2class	logistic_regression		
0.6688050055005501	0.9274024480963008	0.4346041194527647	0.34418440005990547	0.610481784490595	0.9274024480963008	0.9659160073037127	0.8888888888888888	0.9906674781903022	0.7638809101026617	1	2	1661	2class	logistic_regression		
0.6740580847723705	0.9811320754716981	0.465305742455715	0.3559519193485847	0.6125	0.9811320754716981	0.9622641509433962	1.0	0.9962467031852303	0.6701430845724324	1	3	1661	2class	logistic_regression		
0.7096210930679239	0.9596939428864131	0.5079398252593571	0.4235786927439398	0.6403123045653534	0.9596939428864131	0.9720194647201946	0.9473684210526315	0.9888590088359586	0.86730857717048	1	4	1663	2class	logistic_regression		
0.6965108439150467	0.9841849148418491	0.4990084015082393	0.39873100684588414	0.6285714285714286	0.9841849148418491	0.9683698296836983	1.0	0.9987496620708299	0.8936416297935905	2	0	1662	2class	logistic_regression		
0.6921223354958295	0.9570061540542368	0.4809783391605341	0.3895714584249097	0.6265519953557183	0.9570061540542368	0.9695678636640293	0.9444444444444444	0.986711300466626	0.7244567270565433	2	1	1661	2class	logistic_regression		
0.6589282361776025	0.9786975045648205	0.44252773621771097	0.32752258557068326	0.6022727272727273	0.9786975045648205	0.9573950091296409	1.0	0.9984783931832014	0.9200484467291191	2	2	1661	2class	logistic_regression		
0.716068376068376	0.9328802326367756	0.5054148125673578	0.4352645178838569	0.6475258706123672	0.9328802326367756	0.9768715763846622	0.8888888888888888	0.9901264624332183	0.6976286247977812	2	3	1661	2class	logistic_regression		
0.6579292347839435	0.9275995646049431	0.4197803409108143	0.32409446335086467	0.6030260255164221	0.9275995646049431	0.9604622871046229	0.8947368421052632	0.9894992956844667	0.6604620555550348	2	4	1663	2class	logistic_regression		
0.7141577240129751	0.959448499594485	0.513997758907905	0.4321334922526817	0.6437558814510927	0.959448499594485	0.9744525547445255	0.9444444444444444	0.9874628277912949	0.8032862916610444	3	0	1662	2class	logistic_regression		
0.678200557966522	0.9817407181984175	0.4715314092801573	0.36379653745978247	0.6153846153846154	0.9817407181984175	0.963481436396835	1.0	0.9993575437884629	0.9385750939565944	3	1	1661	2class	logistic_regression		
0.6797887106724244	0.9023635625887605	0.43952501569858377	0.3643224542281551	0.6200296556315439	0.9023635625887605	0.9713937918441875	0.8333333333333334	0.9861702847095422	0.5919032252053951	3	2	1661	2class	logistic_regression		
0.6625113544007266	0.9793061472915399	0.4479283230463957	0.3342214467603507	0.6046511627906976	0.9793061472915399	0.9586122945830797	1.0	0.9970582268208561	0.777122102538585	3	3	1661	2class	logistic_regression		
0.6825165894248999	0.9563484441029582	0.4674104267323919	0.3715205379482903	0.6196851385390428	0.9563484441029582	0.9653284671532847	0.9473684210526315	0.9944935331028302	0.809197588756952	3	4	1663	2class	logistic_regression		
0.6980425612588275	0.9310624493106245	0.4783551632739093	0.4002635790266402	0.63270911360799	0.9310624493106245	0.9732360097323601	0.8888888888888888	0.9855366315220331	0.7265053504062239	4	0	1662	2class	logistic_regression		
0.6940504696997605	0.9838709677419355	0.4953211341113151	0.3940167821962788	0.6267605633802817	0.9838709677419355	0.967741935483871	1.0	0.9976330560627579	0.8386594396398319	4	1	1661	2class	logistic_regression		
0.6921223354958295	0.9570061540542368	0.4809783391605341	0.3895714584249097	0.6265519953557183	0.9570061540542368	0.9695678636640293	0.9444444444444444	0.9951984851558802	0.7963987224923391	4	2	1661	2class	logistic_regression		
0.678200557966522	0.9817407181984175	0.4715314092801573	0.36379653745978247	0.6153846153846154	0.9817407181984175	0.963481436396835	1.0	0.996821532427132	0.8327051842566029	4	3	1661	2class	logistic_regression		
0.6616458980884143	0.9282078371110257	0.42533082977756403	0.33108287901384303	0.6056182880606443	0.9282078371110257	0.9616788321167883	0.8947368421052632	0.989371238314765	0.7526866468771503	4	4	1663	2class	logistic_regression		
0.9590031162893956	0.9716139497161395	0.9183499677807964	0.9180069067587568	0.9470640996892719	0.9716139497161395	0.9987834549878345	0.9444444444444444	0.9995944849959448	0.9573258328740786	0	0	1662	2class	random_forest		
0.8832446870826403	0.9148407384865085	0.7688380300105118	0.766505786982803	0.8562282229965157	0.9148407384865085	0.9963481436396835	0.8333333333333334	0.9968215324271319	0.7713819459407696	0	1	1661	2class	random_forest		
0.8422302431610942	0.8046425914654765	0.6900250124389299	0.684508433368789	0.8907320669615751	0.8046425914654765	0.9981740718198417	0.6111111111111112	0.9759078920673565	0.6771615668016913	0	2	1661	2class	random_forest		
0.904339956394751	0.9154493812132278	0.8089836968332229	0.8086814868444869	0.893823322007821	0.9154493812132278	0.9975654290931223	0.8333333333333334	0.9971596672753094	0.789170299761676	0	3	1661	2class	random_forest		
0.8987827145465612	0.9195319503137405	0.7985948772424846	0.7975715894221114	0.8800388608549388	0.9195319503137405	0.9969586374695864	0.8421052631578947	0.9962223075938019	0.8909609716742679	0	4	1663	2class	random_forest		
0.8387749445676275	0.9133211678832117	0.689487630100259	0.6776928191489362	0.7875446680458905	0.9133211678832117	0.9933090024330901	0.8333333333333334	0.9980400108137334	0.8887828646048082	1	0	1662	2class	random_forest		
0.8209094206094824	0.7768648136876987	0.6505827075107081	0.6419065911451698	0.8821882001493653	0.7768648136876987	0.9981740718198417	0.5555555555555556	0.9888415500101441	0.7897697365903988	1	1	1661	2class	random_forest		
0.88767160343545	0.88767160343545	0.7753432068709001	0.7753432068709001	0.88767160343545	0.88767160343545	0.9975654290931223	0.7777777777777778	0.9809630080476094	0.7358921220174417	1	2	1661	2class	random_forest		
0.8987812309567338	0.9426185162642862	0.8017035205765413	0.7975871313672922	0.863026235509457	0.9426185162642862	0.9963481436396835	0.8888888888888888	0.9983769527287483	0.7921526437020334	1	3	1661	2class	random_forest		
0.9278117810478794	0.8944327058522218	0.8588628755794596	0.8556348420924701	0.9675356709168185	0.8944327058522218	0.9993917274939172	0.7894736842105263	0.9922205147906262	0.8958987402876758	1	4	1663	2class	random_forest		
0.9278113191156669	0.916058394160584	0.8559808160009883	0.8556238924215573	0.9402646164848918	0.916058394160584	0.9987834549878345	0.8333333333333334	0.9994255204109219	0.9400018306236055	2	0	1662	2class	random_forest		
0.8641773403409133	0.914232095759789	0.7340200269172653	0.7284051551142361	0.8251712056059882	0.914232095759789	0.9951308581862447	0.8333333333333334	0.9870663420572123	0.7207914285958662	2	1	1661	2class	random_forest		
0.9201391114815052	0.9432271589910055	0.8414767205957528	0.840283342414821	0.8993906154783669	0.9432271589910055	0.9975654290931223	0.8888888888888888	0.998681274092108	0.9434544152589267	2	2	1661	2class	random_forest		
0.853471344135031	0.8049469128288362	0.7165706091457402	0.7070144836642298	0.9209531366691561	0.8049469128288362	0.9987827145465612	0.6111111111111112	0.9315615067288834	0.7521429211739424	2	3	1661	2class	random_forest		
0.9091916095262611	0.9198360865667818	0.8186602209853803	0.8183846357863862	0.8990870359099209	0.9198360865667818	0.9975669099756691	0.8421052631578947	0.9920924574209246	0.7977010629232806	2	4	1663	2class	random_forest		
0.8928758874064252	0.8605028386050284	0.7891024911302362	0.785769528228925	0.9318154219793564	0.8605028386050284	0.9987834549878345	0.7222222222222222	0.9902000540686672	0.8474720801778759	3	0	1662	2class	random_forest		
0.9610815623608802	0.9990870359099209	0.9249744730778134	0.9221685956609343	0.9285714285714286	0.9990870359099209	0.9981740718198417	1.0	0.9996956786366403	0.9680427370378353	3	1	1661	2class	random_forest		
0.8402782229630105	0.8589808615675931	0.6815332319350633	0.680566684829642	0.8234765386959171	0.8589808615675931	0.995739500912964	0.7222222222222222	0.9869141813755327	0.7153739637366265	3	2	1661	2class	random_forest		
0.8888723693698382	0.9423141949009264	0.7837815576592586	0.7777860360025568	0.8472155863460211	0.9423141949009264	0.995739500912964	0.8888888888888888	0.9979035639412998	0.8466601220703388	3	3	1661	2class	random_forest		
0.8989364934670313	0.8678127801254962	0.8008989551992542	0.7978887789294581	0.9359820886460231	0.8678127801254962	0.9987834549878345	0.7368421052631579	0.9943334613907031	0.7729987873809384	3	4	1663	2class	random_forest		
0.8402793349777364	0.8589821573398215	0.6815354393617994	0.6805689025562176	0.8234774665042631	0.8589821573398215	0.995742092457421	0.7222222222222222	0.9906731549067316	0.7200325564357694	4	0	1662	2class	random_forest		
0.9467594076543369	0.9713092581321431	0.8947912168159827	0.8935222282765474	0.9246953077391834	0.9713092581321431	0.9981740718198417	0.9444444444444444	0.9993913572732807	0.9334728657613075	4	1	1661	2class	random_forest		
0.9108522971232289	0.8882802461621695	0.8231659236103874	0.8217109735589825	0.9362841945288753	0.8882802461621695	0.9987827145465612	0.7777777777777778	0.9874890106174341	0.8214928208202262	4	2	1661	2class	random_forest		
0.8935188153086737	0.9151450598498682	0.788162224375523	0.7870444565530946	0.8740859232175503	0.9151450598498682	0.996956786366403	0.8333333333333334	0.9946236559139785	0.8435000595655424	4	3	1661	2class	random_forest		
0.8987827145465612	0.9195319503137405	0.7985948772424846	0.7975715894221114	0.8800388608549388	0.9195319503137405	0.9969586374695864	0.8421052631578947	0.9892751952874889	0.8273213368437072	4	4	1663	2class	random_forest		
0.9540896660313252	0.9166666666666667	0.9120391559463642	0.9081869406695393	0.9990892531876139	0.9166666666666667	1.0	0.8333333333333334	0.9998310354149771	0.9857090984541965	0	0	1662	2class	extra_trees		
0.9157537025765876	0.9157537025765876	0.8315074051531751	0.831507405153175	0.9157537025765876	0.9157537025765876	0.9981740718198417	0.8333333333333334	0.998005004395753	0.8511481138292734	0	1	1661	2class	extra_trees		
0.8860332676605797	0.8330290119699736	0.7825585107807723	0.7721223761832898	0.959718073188947	0.8330290119699736	0.9993913572732805	0.6666666666666666	0.9586799215527152	0.70104151351184	0	2	1661	2class	extra_trees		
0.7981773997569866	0.7490870359099209	0.6090251167979266	0.5965018826673145	0.8722710733778047	0.7490870359099209	0.9981740718198417	0.5	0.9947589098532494	0.7919147616443167	0	3	1661	2class	extra_trees		
0.9234832380899797	0.868421052631579	0.8570926999646571	0.8470016744254513	0.998483929654336	0.868421052631579	1.0	0.7368421052631579	0.9961262645665259	0.9109817824247435	0	4	1663	2class	extra_trees		
0.8876723438767234	0.8876723438767234	0.7753446877534469	0.7753446877534469	0.8876723438767234	0.8876723438767234	0.9975669099756691	0.7777777777777778	0.9987158691538254	0.9100501011828244	1	0	1662	2class	extra_trees		
0.865451599837991	0.8052512341921958	0.746348230759965	0.731001255111543	0.9562108348494036	0.8052512341921958	0.9993913572732805	0.6111111111111112	0.9922567119767364	0.808396828248311	1	1	1661	2class	extra_trees		
0.8318144997974888	0.7771691350510583	0.6776866737789459	0.6637515688894287	0.9142409541136043	0.7771691350510583	0.9987827145465612	0.5555555555555556	0.9944207750050721	0.7861829193180917	1	2	1661	2class	extra_trees		
0.9438358017177251	0.9438358017177251	0.88767160343545	0.88767160343545	0.9438358017177251	0.9438358017177251	0.9987827145465612	0.8888888888888888	0.9992561033340096	0.9118767117051432	1	3	1661	2class	extra_trees		
0.9234832380899797	0.868421052631579	0.8570926999646571	0.8470016744254513	0.998483929654336	0.868421052631579	1.0	0.7368421052631579	0.9925086438724549	0.9112871174700505	1	4	1663	2class	extra_trees		
0.9566867914694002	0.944140308191403	0.9137553496345833	0.9133743354529344	0.9699803325585553	0.944140308191403	0.9993917274939172	0.8888888888888888	0.9995606920789402	0.9522941905875344	2	0	1662	2class	extra_trees		
0.8928752407013276	0.8605024683843917	0.7891012433424907	0.7857682457207082	0.9318144997974889	0.8605024683843917	0.9987827145465612	0.7222222222222222	0.9644789341989586	0.7707752341784317	2	1	1661	2class	extra_trees		
0.9405681980821525	0.916362345303307	0.8827008273427245	0.8811406490393217	0.9678381458966565	0.916362345303307	0.9993913572732805	0.8333333333333334	0.9967369987150876	0.9195179934660133	2	2	1661	2class	extra_trees		
0.8782474842141638	0.8055555555555556	0.7800759697096934	0.7566198480313148	0.9978787878787878	0.8055555555555556	1.0	0.6111111111111112	0.9966524650030432	0.8813344226579521	2	3	1661	2class	extra_trees		
0.8422320886460231	0.7888654117044436	0.6971714560459699	0.6845719054664088	0.9206526806526807	0.7888654117044436	0.9987834549878345	0.5789473684210527	0.9923005506466896	0.815201978293189	2	4	1663	2class	extra_trees		
0.9053386998784934	0.8608069748580698	0.8172397037916533	0.8107061503416857	0.9627687239944522	0.8608069748580698	0.9993917274939172	0.7222222222222222	0.9933090024330901	0.8833750694721214	3	0	1662	2class	extra_trees		
0.9566865139727933	0.9441401230810846	0.9137547997538977	0.9133737809224136	0.9699799627880349	0.9441401230810846	0.9993913572732805	0.8888888888888888	0.9998647460607291	0.9872494075602951	3	1	1661	2class	extra_trees		
0.8811363961643051	0.860198147021032	0.7636310198780504	0.7622812980786433	0.9047302431610942	0.860198147021032	0.9981740718198417	0.7222222222222222	0.9883850679651045	0.7901744368462635	3	2	1661	2class	extra_trees		
0.9108522971232289	0.8882802461621695	0.8231659236103874	0.8217109735589825	0.9362841945288753	0.8882802461621695	0.9987827145465612	0.7777777777777778	0.9988503415161967	0.9350832890306575	3	3	1661	2class	extra_trees		
0.8928765333259715	0.8418011269048533	0.7951642519267171	0.7858023441956318	0.9624664298709175	0.8418011269048533	0.9993917274939172	0.6842105263157895	0.9955339992316558	0.791006862915828	3	4	1663	2class	extra_trees		
0.8595904298459043	0.8595904298459043	0.7191808596918086	0.7191808596918086	0.8595904298459043	0.8595904298459043	0.9969586374695864	0.7222222222222222	0.9906224655312246	0.7540102476036542	4	0	1662	2class	extra_trees		
0.9185951911861283	0.8611111111111112	0.8485464124158044	0.8372302687023498	0.9984830097087378	0.8611111111111112	1.0	0.7222222222222222	0.9998309325759113	0.9846178286129267	4	1	1661	2class	extra_trees		
0.9405681980821525	0.916362345303307	0.8827008273427245	0.8811406490393217	0.9678381458966565	0.916362345303307	0.9993913572732805	0.8333333333333334	0.9915973490227903	0.8594946032446034	4	2	1661	2class	extra_trees		
0.8737841945288753	0.8327246906066139	0.7536318466506543	0.7476067466950311	0.9267499349466563	0.8327246906066139	0.9987827145465612	0.6666666666666666	0.9954351795496044	0.8677028292162321	4	3	1661	2class	extra_trees		
0.9278117810478794	0.8944327058522218	0.8588628755794596	0.8556348420924701	0.9675356709168185	0.8944327058522218	0.9993917274939172	0.7894736842105263	0.9978870533999232	0.8982332358115206	4	4	1663	2class	extra_trees		
0.9590031162893956	0.9716139497161395	0.9183499677807964	0.9180069067587568	0.9470640996892719	0.9716139497161395	0.9987834549878345	0.9444444444444444	0.9996282779129495	0.9623763379245835	0	0	1662	2class	hist_gradient_boosting		
0.8794279907084785	0.9420098735375668	0.7669852993957677	0.7589189816830677	0.832722459784158	0.9420098735375668	0.9951308581862447	0.8888888888888888	0.9918847636437411	0.7850796427913813	0	1	1661	2class	hist_gradient_boosting		
0.8622681666159927	0.8324203692432541	0.7276325398208531	0.724559173069482	0.8981773997569866	0.8324203692432541	0.9981740718198417	0.6666666666666666	0.9217386893893285	0.660718795812257	0	2	1661	2class	hist_gradient_boosting		
0.9316713974248221	0.9435314803543653	0.8636665569007761	0.8633439191746335	0.9204436181806526	0.9435314803543653	0.9981740718198417	0.8888888888888888	0.990971799553662	0.7548232032558657	0	3	1661	2class	hist_gradient_boosting		
0.9157548125633233	0.8941285695991804	0.8328297755066224	0.8315153152544663	0.9399614037595597	0.8941285695991804	0.9987834549878345	0.7894736842105263	0.9981751824817517	0.8526474634304193	0	4	1663	2class	hist_gradient_boosting		
0.8704167050601419	0.9417072181670721	0.7512029886985409	0.7409233908681234	0.8193891264508246	0.9417072181670721	0.9945255474452555	0.8888888888888888	0.9966545012165451	0.7762121287658598	1	0	1662	2class	hist_gradient_boosting		
0.8928752407013276	0.8605024683843917	0.7891012433424907	0.7857682457207082	0.9318144997974889	0.8605024683843917	0.9987827145465612	0.7222222222222222	0.8868262663150063	0.7165833605893784	1	1	1661	2class	hist_gradient_boosting		
0.8411838845669086	0.8318117265165348	0.6826551846200989	0.6823705300488501	0.8511163589523401	0.8318117265165348	0.996956786366403	0.6666666666666666	0.9940150131872592	0.7588158338550235	1	2	1661	2class	hist_gradient_boosting		
0.9157537025765876	0.9157537025765876	0.8315074051531751	0.831507405153175	0.9157537025765876	0.9157537025765876	0.9981740718198417	0.8333333333333334	0.9983093257591127	0.8186983196147732	1	3	1661	2class	hist_gradient_boosting		
0.9405689371738974	0.8947368421052632	0.8874443565361602	0.8811548631458587	0.9987864077669903	0.8947368421052632	1.0	0.7894736842105263	0.9949097195543604	0.8939856868951146	1	4	1663	2class	hist_gradient_boosting		
0.973379889162956	0.9993917274939172	0.9481060644722462	0.9467614837593696	0.95	0.9993917274939172	0.9987834549878345	1.0	0.9997296566639632	0.9706743159852036	2	0	1662	2class	hist_gradient_boosting		
0.8832446870826403	0.9148407384865085	0.7688380300105118	0.766505786982803	0.8562282229965157	0.9148407384865085	0.9963481436396835	0.8333333333333334	0.9875566375870698	0.7077971242585926	2	1	1661	2class	hist_gradient_boosting		
0.8935188153086737	0.9151450598498682	0.788162224375523	0.7870444565530946	0.8740859232175503	0.9151450598498682	0.996956786366403	0.8333333333333334	0.9737945492662474	0.8840670536755473	2	2	1661	2class	hist_gradient_boosting		
0.8318144997974888	0.7771691350510583	0.6776866737789459	0.6637515688894287	0.9142409541136043	0.7771691350510583	0.9987827145465612	0.5555555555555556	0.9682491377561371	0.720939448702896	2	3	1661	2class	hist_gradient_boosting		
0.8157442800952857	0.865075553848124	0.6376957204065804	0.6315804048627842	0.7784737484737485	0.865075553848124	0.9933090024330901	0.7368421052631579	0.9257587399154821	0.7126810679523209	2	4	1663	2class	hist_gradient_boosting		
0.9234827767188751	0.8885847526358475	0.8505708235383002	0.8469782344492321	0.9654523375834851	0.8885847526358475	0.9993917274939172	0.7777777777777778	0.9873276561232766	0.8021189430147136	3	0	1662	2class	hist_gradient_boosting		
0.9733797038271683	0.9993913572732807	0.9481057130362125	0.9467611141382737	0.95	0.9993913572732807	0.9987827145465612	1.0	0.9995604246973693	0.9390144634920178	3	1	1661	2class	hist_gradient_boosting		
0.8223456333045374	0.8312030837898153	0.6449351166305636	0.644694189854047	0.8139624334893263	0.8312030837898153	0.995739500912964	0.6666666666666666	0.9330493000608643	0.6527249980511025	3	2	1661	2class	hist_gradient_boosting		
0.9091903121753868	0.942922837627646	0.8208835110329457	0.8183933898755135	0.88034262485482	0.942922837627646	0.996956786366403	0.8888888888888888	0.9971596672753094	0.8352414362135494	3	3	1661	2class	hist_gradient_boosting		
0.9157548125633233	0.8941285695991804	0.8328297755066224	0.8315153152544663	0.9399614037595597	0.8941285695991804	0.9987834549878345	0.7894736842105263	0.9909719554360352	0.7781941197828133	3	4	1663	2class	hist_gradient_boosting		
0.8232955069001935	0.8855433901054339	0.6556862442094448	0.6467137148201684	0.7787782529016494	0.8855433901054339	0.9933090024330901	0.7777777777777778	0.9347120843471207	0.7126507728238619	4	0	1662	2class	hist_gradient_boosting		
0.9108522971232289	0.8882802461621695	0.8231659236103874	0.8217109735589825	0.9362841945288753	0.8882802461621695	0.9987827145465612	0.7777777777777778	0.9991884763643741	0.9005851800227446	4	1	1661	2class	hist_gradient_boosting		
0.8928752407013276	0.8605024683843917	0.7891012433424907	0.7857682457207082	0.9318144997974889	0.8605024683843917	0.9987827145465612	0.7222222222222222	0.950091296409008	0.8217124518683615	4	2	1661	2class	hist_gradient_boosting		
0.9278108566213221	0.9160580239399473	0.855979895970448	0.8556229682040227	0.9402640618291112	0.9160580239399473	0.9987827145465612	0.8333333333333334	0.9972949212145804	0.8714312798237748	4	3	1661	2class	hist_gradient_boosting		
0.9201402228198232	0.9201402228198232	0.8402804456396465	0.8402804456396465	0.9201402228198232	0.9201402228198232	0.9981751824817519	0.8421052631578947	0.9877385068510693	0.8398471428359808	4	4	1663	2class	hist_gradient_boosting		
0.8199115811373093	0.7496958637469586	0.668380054784313	0.6400727650727651	0.9472760290556901	0.7496958637469586	0.9993917274939172	0.5	0.9945255474452555	0.8611444413612515	0	0	1662	2class	svm_rbf		
0.755785573558385	0.7207006154054236	0.5186069042406438	0.5116908061070498	0.8046583271097834	0.7207006154054236	0.996956786366403	0.4444444444444444	0.9897207006154054	0.5068456778443422	0	1	1661	2class	svm_rbf		
0.7946271005451582	0.7219179008588625	0.6259664969010658	0.5896278328055162	0.9414178100618779	0.7219179008588625	0.9993913572732805	0.4444444444444444	0.9783931832014607	0.6137995298879627	0	2	1661	2class	svm_rbf		
0.7674103808812547	0.6941401230810847	0.5806559896385293	0.5353629539838687	0.9341727162734422	0.6941401230810847	0.9993913572732805	0.3888888888888889	0.9916818827348346	0.7544255312856373	0	3	1661	2class	svm_rbf		
0.8622698285619634	0.8151812011781278	0.7332358038887773	0.7246030139658123	0.926448930087499	0.8151812011781278	0.9987834549878345	0.631578947368421	0.9933410167755155	0.7966038364022452	0	4	1663	2class	svm_rbf		
0.747876213592233	0.6935320356853204	0.5180420319055028	0.4961018711018711	0.8466707021791767	0.6935320356853204	0.9981751824817519	0.3888888888888889	0.9951676128683429	0.6765979870562352	1	0	1662	2class	svm_rbf		
0.7981773997569866	0.7490870359099209	0.6090251167979266	0.5965018826673145	0.8722710733778047	0.7490870359099209	0.9981740718198417	0.5	0.9834990194089404	0.7072231161928756	1	1	1661	2class	svm_rbf		
0.8061753174010455	0.7222222222222222	0.6646470720028589	0.6128024616532239	0.9969751966122202	0.7222222222222222	1.0	0.4444444444444444	0.9902955298573071	0.7674696230113229	1	2	1661	2class	svm_rbf		
0.865451599837991	0.8052512341921958	0.746348230759965	0.731001255111543	0.9562108348494036	0.8052512341921958	0.9993913572732805	0.6111111111111112	0.997193480760127	0.8220832123656079	1	3	1661	2class	svm_rbf		
0.8086766443893613	0.7365379690101165	0.6503125562513832	0.6176771793424876	0.9469751966122202	0.7365379690101165	0.9993917274939172	0.47368421052631576	0.9908438980663337	0.81439663305153	1	4	1663	2class	svm_rbf		
0.8782481293495892	0.8055555555555556	0.7800769762241733	0.756621061880256	0.9978800726832222	0.8055555555555556	1.0	0.6111111111111112	0.9920924574209246	0.8920137842543564	2	0	1662	2class	svm_rbf		
0.8217045942464577	0.8040339487387571	0.6445612124133762	0.6434219471179649	0.8416223404255319	0.8040339487387571	0.996956786366403	0.6111111111111112	0.9854602015283696	0.6846373830715123	2	1	1661	2class	svm_rbf		
0.7674103808812547	0.6941401230810847	0.5806559896385293	0.5353629539838687	0.9341727162734422	0.6941401230810847	0.9993913572732805	0.3888888888888889	0.995367552579969	0.8108574851528283	2	2	1661	2class	svm_rbf		
0.7838927920895133	0.7216135794955028	0.5932091781285893	0.5680852908035018	0.8969715324046033	0.7216135794955028	0.9987827145465612	0.4444444444444444	0.9913099344018395	0.7127626093551489	2	3	1661	2class	svm_rbf		
0.7919912801086413	0.7616372134716353	0.5882107870066318	0.5840420210105053	0.8306027508090614	0.7616372134716353	0.9969586374695864	0.5263157894736842	0.9897554104238698	0.6874710262866903	2	4	1663	2class	svm_rbf		
0.8318154219793563	0.777169505271695	0.6776883289236147	0.6637533381888808	0.9142424242424243	0.777169505271695	0.9987834549878345	0.5555555555555556	0.9854352527710192	0.6594301201991914	3	0	1662	2class	svm_rbf		
0.8811363961643051	0.860198147021032	0.7636310198780504	0.7622812980786433	0.9047302431610942	0.860198147021032	0.9981740718198417	0.7222222222222222	0.9984783931832015	0.8559883108902717	3	1	1661	2class	svm_rbf		
0.8199106600745945	0.7496956786366402	0.6683785742890704	0.6400710756695849	0.9472743791641429	0.7496956786366402	0.9993913572732805	0.5	0.9841414756204775	0.7009412799636612	3	2	1661	2class	svm_rbf		
0.7946271005451582	0.7219179008588625	0.6259664969010658	0.5896278328055162	0.9414178100618779	0.7219179008588625	0.9993913572732805	0.4444444444444444	0.996145262730777	0.7845466098897472	3	3	1661	2class	svm_rbf		
0.7946291244260326	0.7105263157894737	0.6467256717114515	0.5898154584389084	0.9966767371601208	0.7105263157894737	1.0	0.42105263157894735	0.9836726853630426	0.7278997687367734	3	4	1663	2class	svm_rbf		
0.886033913580126	0.8330291970802919	0.7825596678590242	0.7721236337995064	0.9597191771236647	0.8330291970802919	0.9993917274939172	0.6666666666666666	0.97617599351176	0.7667906871628646	4	0	1662	2class	svm_rbf		
0.7391017518874938	0.6932271589910056	0.4933042802972437	0.4784711029242459	0.8148484848484848	0.6932271589910056	0.9975654290931223	0.3888888888888889	0.9975654290931224	0.7461410043794611	4	1	1661	2class	svm_rbf		
0.8860332676605797	0.8330290119699736	0.7825585107807723	0.7721223761832898	0.959718073188947	0.8330290119699736	0.9993913572732805	0.6666666666666666	0.9924257794008251	0.8347170391771331	4	2	1661	2class	svm_rbf		
0.8737841945288753	0.8327246906066139	0.7536318466506543	0.7476067466950311	0.9267499349466563	0.8327246906066139	0.9987827145465612	0.6666666666666666	0.9924257794008251	0.6556040440844362	4	3	1661	2class	svm_rbf		
0.7674125874125874	0.6842105263157895	0.6047737881711527	0.5356045797263335	0.9963768115942029	0.6842105263157895	1.0	0.3684210526315789	0.9938852605967474	0.7944766154983203	4	4	1663	2class	svm_rbf		
0.940568567852673	0.9163625304136254	0.8827015461792963	0.8811413859686763	0.9678386998784934	0.9163625304136254	0.9993917274939172	0.8333333333333334	0.9716815355501487	0.9205281553054436	0	0	1662	2class	k_nearest_neighbors		
0.88767160343545	0.88767160343545	0.7753432068709001	0.7753432068709001	0.88767160343545	0.88767160343545	0.9975654290931223	0.7777777777777778	0.9969060661391763	0.7178267229737817	0	1	1661	2class	k_nearest_neighbors		
0.865451599837991	0.8052512341921958	0.746348230759965	0.731001255111543	0.9562108348494036	0.8052512341921958	0.9993913572732805	0.6111111111111112	0.8321498613647123	0.6308148631272251	0	2	1661	2class	k_nearest_neighbors		
0.8622681666159927	0.8324203692432541	0.7276325398208531	0.724559173069482	0.8981773997569866	0.8324203692432541	0.9981740718198417	0.6666666666666666	0.9704639210116994	0.7771661149388496	0	3	1661	2class	k_nearest_neighbors		
0.9278117810478794	0.8944327058522218	0.8588628755794596	0.8556348420924701	0.9675356709168185	0.8944327058522218	0.9993917274939172	0.7894736842105263	0.973075938020233	0.9213072867363764	0	4	1663	2class	k_nearest_neighbors		
0.9201396674888682	0.9432278994322789	0.8414778144280675	0.8402844512781088	0.8993909866017052	0.9432278994322789	0.9975669099756691	0.8888888888888888	0.9989524195728575	0.8983698302996548	1	0	1662	2class	k_nearest_neighbors		
0.8318144997974888	0.7771691350510583	0.6776866737789459	0.6637515688894287	0.9142409541136043	0.7771691350510583	0.9987827145465612	0.5555555555555556	0.9145195103807399	0.6545378227773372	1	1	1661	2class	k_nearest_neighbors		
0.8209094206094824	0.7768648136876987	0.6505827075107081	0.6419065911451698	0.8821882001493653	0.7768648136876987	0.9981740718198417	0.5555555555555556	0.8869953337390951	0.6843984216426107	1	2	1661	2class	k_nearest_neighbors		
0.9157537025765876	0.9157537025765876	0.8315074051531751	0.831507405153175	0.9157537025765876	0.9157537025765876	0.9981740718198417	0.8333333333333334	0.9982416987894772	0.8212645379312046	1	3	1661	2class	k_nearest_neighbors		
0.971918270854441	0.9473684210526316	0.9453304591771213	0.9438384384181554	0.9993924665856622	0.9473684210526316	1.0	0.8947368421052632	0.9471443206556538	0.8959394879260687	1	4	1663	2class	k_nearest_neighbors		
0.9278113191156669	0.916058394160584	0.8559808160009883	0.8556238924215573	0.9402646164848918	0.916058394160584	0.9987834549878345	0.8333333333333334	0.9710901595025682	0.8793721786265911	2	0	1662	2class	k_nearest_neighbors		
0.9108522971232289	0.8882802461621695	0.8231659236103874	0.8217109735589825	0.9362841945288753	0.8882802461621695	0.9987827145465612	0.7777777777777778	0.9153479407587747	0.7100099740828218	2	1	1661	2class	k_nearest_neighbors		
0.9108522971232289	0.8882802461621695	0.8231659236103874	0.8217109735589825	0.9362841945288753	0.8882802461621695	0.9987827145465612	0.7777777777777778	0.9711570974504632	0.878222112079728	2	2	1661	2class	k_nearest_neighbors		
0.865451599837991	0.8052512341921958	0.746348230759965	0.731001255111543	0.9562108348494036	0.8052512341921958	0.9993913572732805	0.6111111111111112	0.9432947859606411	0.8258864649252261	2	3	1661	2class	k_nearest_neighbors		
0.8209114494101521	0.7625496222307593	0.6593331940944109	0.6419946376499599	0.9139410458308097	0.7625496222307593	0.9987834549878345	0.5263157894736842	0.9452714816237676	0.7279488098734714	2	4	1663	2class	k_nearest_neighbors		
0.9053386998784934	0.8608069748580698	0.8172397037916533	0.8107061503416857	0.9627687239944522	0.8608069748580698	0.9993917274939172	0.7222222222222222	0.9435320356853204	0.8474111996700243	3	0	1662	2class	k_nearest_neighbors		
0.9590028384548932	0.9716135794955028	0.9183494169683293	0.91800635150478	0.9470639143534842	0.9716135794955028	0.9987827145465612	0.9444444444444444	0.9994420775005072	0.9073258328740785	3	1	1661	2class	k_nearest_neighbors		
0.8622681666159927	0.8324203692432541	0.7276325398208531	0.724559173069482	0.8981773997569866	0.8324203692432541	0.9981740718198417	0.6666666666666666	0.8597416649759926	0.6734238489619284	3	2	1661	2class	k_nearest_neighbors		
0.8811363961643051	0.860198147021032	0.7636310198780504	0.7622812980786433	0.9047302431610942	0.860198147021032	0.9981740718198417	0.7222222222222222	0.9708358693446947	0.8780590126519227	3	3	1661	2class	k_nearest_neighbors		
0.8737856709168185	0.8154853374311691	0.7614181661980506	0.7476575243731269	0.9594172494172495	0.8154853374311691	0.9993917274939172	0.631578947368421	0.971891407350493	0.775406313241709	3	4	1663	2class	k_nearest_neighbors		
0.8514214196316825	0.8321167883211679	0.7040979462584307	0.7028534649216907	0.8731773997569867	0.8321167883211679	0.9975669099756691	0.6666666666666666	0.9147404703974048	0.6882461457397749	4	0	1662	2class	k_nearest_neighbors		
0.9185951911861283	0.8611111111111112	0.8485464124158044	0.8372302687023498	0.9984830097087378	0.8611111111111112	1.0	0.7222222222222222	0.9998985595455469	0.9907216297825174	4	1	1661	2class	k_nearest_neighbors		
0.8811363961643051	0.860198147021032	0.7636310198780504	0.7622812980786433	0.9047302431610942	0.860198147021032	0.9981740718198417	0.7222222222222222	0.942905930885237	0.7339786921937109	4	2	1661	2class	k_nearest_neighbors		
0.9108522971232289	0.8882802461621695	0.8231659236103874	0.8217109735589825	0.9362841945288753	0.8882802461621695	0.9987827145465612	0.7777777777777778	0.9153141272739569	0.777774154347002	4	3	1661	2class	k_nearest_neighbors		
0.9438365417088821	0.920748495325906	0.8890801173418719	0.8876768768363108	0.9696769351726109	0.920748495325906	0.9993917274939172	0.8421052631578947	0.9462799334101677	0.860121343558658	4	4	1663	2class	k_nearest_neighbors		
0.9590031162893956	0.9716139497161395	0.9183499677807964	0.9180069067587568	0.9470640996892719	0.9716139497161395	0.9987834549878345	0.9444444444444444	0.9995268991619357	0.9455974378123502	0	0	1662	2class	ordinal_forest		
0.8734765386959171	0.9145364171231487	0.7508391375483657	0.7469839142091153	0.839993898718731	0.9145364171231487	0.995739500912964	0.8333333333333334	0.9967539054574964	0.7680269625494885	0	1	1661	2class	ordinal_forest		
0.8422302431610942	0.8046425914654765	0.6900250124389299	0.684508433368789	0.8907320669615751	0.8046425914654765	0.9981740718198417	0.6111111111111112	0.9777169135051058	0.6753163212123541	0	2	1661	2class	ordinal_forest		
0.904339956394751	0.9154493812132278	0.8089836968332229	0.8086814868444869	0.893823322007821	0.9154493812132278	0.9975654290931223	0.8333333333333334	0.9971596672753095	0.7745064782582317	0	3	1661	2class	ordinal_forest		
0.9091916095262611	0.9198360865667818	0.8186602209853803	0.8183846357863862	0.8990870359099209	0.9198360865667818	0.9975669099756691	0.8421052631578947	0.9961902932513766	0.885318645018009	0	4	1663	2class	ordinal_forest		
0.8387749445676275	0.9133211678832117	0.689487630100259	0.6776928191489362	0.7875446680458905	0.9133211678832117	0.9933090024330901	0.8333333333333334	0.9981075966477426	0.8878718218931498	1	0	1662	2class	ordinal_forest		
0.8622681666159927	0.8324203692432541	0.7276325398208531	0.724559173069482	0.8981773997569866	0.8324203692432541	0.9981740718198417	0.6666666666666666	0.990160275918036	0.7907635930701888	1	1	1661	2class	ordinal_forest		
0.88767160343545	0.88767160343545	0.7753432068709001	0.7753432068709001	0.88767160343545	0.88767160343545	0.9975654290931223	0.7777777777777778	0.980219111381619	0.7283425152125794	1	2	1661	2class	ordinal_forest		
0.8987812309567338	0.9426185162642862	0.8017035205765413	0.7975871313672922	0.863026235509457	0.9426185162642862	0.9963481436396835	0.8888888888888888	0.9983093257591127	0.7864455729949629	1	3	1661	2class	ordinal_forest		
0.9278117810478794	0.8944327058522218	0.8588628755794596	0.8556348420924701	0.9675356709168185	0.8944327058522218	0.9993917274939172	0.7894736842105263	0.9911320271481624	0.8972454231355157	1	4	1663	2class	ordinal_forest		
0.9438361719383617	0.9438361719383617	0.8876723438767234	0.8876723438767234	0.9438361719383617	0.9438361719383617	0.9987834549878345	0.8888888888888888	0.9993917274939172	0.9357930764148514	2	0	1662	2class	ordinal_forest		
0.8641773403409133	0.914232095759789	0.7340200269172653	0.7284051551142361	0.8251712056059882	0.914232095759789	0.9951308581862447	0.8333333333333334	0.987522824102252	0.7106156975868018	2	1	1661	2class	ordinal_forest		
0.9201391114815052	0.9432271589910055	0.8414767205957528	0.840283342414821	0.8993906154783669	0.9432271589910055	0.9975654290931223	0.8888888888888888	0.9987150875769257	0.9460535055773152	2	2	1661	2class	ordinal_forest		
0.853471344135031	0.8049469128288362	0.7165706091457402	0.7070144836642298	0.9209531366691561	0.8049469128288362	0.9987827145465612	0.6111111111111112	0.9781564888077365	0.7597290301396582	2	3	1661	2class	ordinal_forest		
0.8987827145465612	0.9195319503137405	0.7985948772424846	0.7975715894221114	0.8800388608549388	0.9195319503137405	0.9969586374695864	0.8421052631578947	0.9920924574209247	0.8002990420381091	2	4	1663	2class	ordinal_forest		
0.8928758874064252	0.8605028386050284	0.7891024911302362	0.785769528228925	0.9318154219793564	0.8605028386050284	0.9987834549878345	0.7222222222222222	0.9897269532306029	0.8412403070668454	3	0	1662	2class	ordinal_forest		
0.9610815623608802	0.9990870359099209	0.9249744730778134	0.9221685956609343	0.9285714285714286	0.9990870359099209	0.9981740718198417	1.0	0.9996618651518225	0.9629922319873301	3	1	1661	2class	ordinal_forest		
0.8402782229630105	0.8589808615675931	0.6815332319350633	0.680566684829642	0.8234765386959171	0.8589808615675931	0.995739500912964	0.7222222222222222	0.9846148644079259	0.7158342424315157	3	2	1661	2class	ordinal_forest		
0.8888723693698382	0.9423141949009264	0.7837815576592586	0.7777860360025568	0.8472155863460211	0.9423141949009264	0.995739500912964	0.8888888888888888	0.9979373774261175	0.8520065306144218	3	3	1661	2class	ordinal_forest		
0.8989364934670313	0.8678127801254962	0.8008989551992542	0.7978887789294581	0.9359820886460231	0.8678127801254962	0.9987834549878345	0.7368421052631579	0.9945895761301062	0.7749140748225416	3	4	1663	2class	ordinal_forest		
0.8402793349777364	0.8589821573398215	0.6815354393617994	0.6805689025562176	0.8234774665042631	0.8589821573398215	0.995742092457421	0.7222222222222222	0.9915855636658557	0.7093860106684287	4	0	1662	2class	ordinal_forest		
0.9590028384548932	0.9716135794955028	0.9183494169683293	0.91800635150478	0.9470639143534842	0.9716135794955028	0.9987827145465612	0.9444444444444444	0.9992899168188274	0.9207009154893573	4	1	1661	2class	ordinal_forest		
0.9108522971232289	0.8882802461621695	0.8231659236103874	0.8217109735589825	0.9362841945288753	0.8882802461621695	0.9987827145465612	0.7777777777777778	0.9885710421316021	0.8420557788457899	4	2	1661	2class	ordinal_forest		
0.8935188153086737	0.9151450598498682	0.788162224375523	0.7870444565530946	0.8740859232175503	0.9151450598498682	0.996956786366403	0.8333333333333334	0.9949956042469738	0.840023261765288	4	3	1661	2class	ordinal_forest		
0.8987827145465612	0.9195319503137405	0.7985948772424846	0.7975715894221114	0.8800388608549388	0.9195319503137405	0.9969586374695864	0.8421052631578947	0.9868100909207325	0.8226884596414706	4	4	1663	2class	ordinal_forest		
0.4951397326852977	0.4957420924574209	-0.009644301084363427	-0.009567198177676373	0.4945388349514563	0.4957420924574209	0.9914841849148418	0.0	0.4957420924574209	0.010830324909747292	0	0	1662	2class	prior_baseline		
0.4951367781155015	0.4957395009129641	-0.009650163890038865	-0.009573013219875248	0.49453551912568305	0.4957395009129641	0.9914790018259282	0.0	0.4957395009129641	0.010836845273931367	0	1	1661	2class	prior_baseline		
0.4951367781155015	0.4957395009129641	-0.009650163890038865	-0.009573013219875248	0.49453551912568305	0.4957395009129641	0.9914790018259282	0.0	0.4957395009129641	0.010836845273931367	0	2	1661	2class	prior_baseline		
0.4951367781155015	0.4957395009129641	-0.009650163890038865	-0.009573013219875248	0.49453551912568305	0.4957395009129641	0.9914790018259282	0.0	0.4957395009129641	0.010836845273931367	0	3	1661	2class	prior_baseline		
0.4949893713938658	0.4957420924574209	-0.009905572566501512	-0.009788948792021746	0.4942389326864767	0.4957420924574209	0.9914841849148418	0.0	0.4957420924574209	0.011425135297654841	0	4	1663	2class	prior_baseline		
0.4951397326852977	0.4957420924574209	-0.009644301084363427	-0.009567198177676373	0.4945388349514563	0.4957420924574209	0.9914841849148418	0.0	0.4957420924574209	0.010830324909747292	1	0	1662	2class	prior_baseline		
0.4951367781155015	0.4957395009129641	-0.009650163890038865	-0.009573013219875248	0.49453551912568305	0.4957395009129641	0.9914790018259282	0.0	0.4957395009129641	0.010836845273931367	1	1	1661	2class	prior_baseline		
0.4951367781155015	0.4957395009129641	-0.009650163890038865	-0.009573013219875248	0.49453551912568305	0.4957395009129641	0.9914790018259282	0.0	0.4957395009129641	0.010836845273931367	1	2	1661	2class	prior_baseline		
0.4951367781155015	0.4957395009129641	-0.009650163890038865	-0.009573013219875248	0.49453551912568305	0.4957395009129641	0.9914790018259282	0.0	0.4957395009129641	0.010836845273931367	1	3	1661	2class	prior_baseline		
0.525596076157874	0.5223620181841465	0.05202287547143839	0.05141038143779786	0.5302564324698952	0.5223620181841465	0.9920924574209246	0.05263157894736842	0.5223620181841464	0.014583210883492556	1	4	1663	2class	prior_baseline		
0.4951397326852977	0.4957420924574209	-0.009644301084363427	-0.009567198177676373	0.4945388349514563	0.4957420924574209	0.9914841849148418	0.0	0.4957420924574209	0.010830324909747292	2	0	1662	2class	prior_baseline		
0.4951367781155015	0.4957395009129641	-0.009650163890038865	-0.009573013219875248	0.49453551912568305	0.4957395009129641	0.9914790018259282	0.0	0.4957395009129641	0.010836845273931367	2	1	1661	2class	prior_baseline		
0.4951367781155015	0.4957395009129641	-0.009650163890038865	-0.009573013219875248	0.49453551912568305	0.4957395009129641	0.9914790018259282	0.0	0.4957395009129641	0.010836845273931367	2	2	1661	2class	prior_baseline		
0.4951367781155015	0.4957395009129641	-0.009650163890038865	-0.009573013219875248	0.49453551912568305	0.4957395009129641	0.9914790018259282	0.0	0.4957395009129641	0.010836845273931367	2	3	1661	2class	prior_baseline		
0.556202780921882	0.5489819439108721	0.11395132350937828	0.11260971166761735	0.5662739322533137	0.5489819439108721	0.9927007299270073	0.10526315789473684	0.5489819439108721	0.025260083461811474	2	4	1663	2class	prior_baseline		
0.4951397326852977	0.4957420924574209	-0.009644301084363427	-0.009567198177676373	0.4945388349514563	0.4957420924574209	0.9914841849148418	0.0	0.4957420924574209	0.010830324909747292	3	0	1662	2class	prior_baseline		
0.5266907294832827	0.5238216000541016	0.053956670321685565	0.05352530010636691	0.5305533871107642	0.5238216000541016	0.9920876445526476	0.05555555555555555	0.5238216000541016	0.01420305228252248	3	1	1661	2class	prior_baseline		
0.4951367781155015	0.4957395009129641	-0.009650163890038865	-0.009573013219875248	0.49453551912568305	0.4957395009129641	0.9914790018259282	0.0	0.4957395009129641	0.010836845273931367	3	2	1661	2class	prior_baseline		
0.5266907294832827	0.5238216000541016	0.053956670321685565	0.05352530010636691	0.5305533871107642	0.5238216000541016	0.9920876445526476	0.05555555555555555	0.5238216000541016	0.01420305228252248	3	3	1661	2class	prior_baseline		
0.4949893713938658	0.4957420924574209	-0.009905572566501512	-0.009788948792021746	0.4942389326864767	0.4957420924574209	0.9914841849148418	0.0	0.4957420924574209	0.011425135297654841	3	4	1663	2class	prior_baseline		
0.4951397326852977	0.4957420924574209	-0.009644301084363427	-0.009567198177676373	0.4945388349514563	0.4957420924574209	0.9914841849148418	0.0	0.4957420924574209	0.010830324909747292	4	0	1662	2class	prior_baseline		
0.5266907294832827	0.5238216000541016	0.053956670321685565	0.05352530010636691	0.5305533871107642	0.5238216000541016	0.9920876445526476	0.05555555555555555	0.5238216000541016	0.01420305228252248	4	1	1661	2class	prior_baseline		
0.4951367781155015	0.4957395009129641	-0.009650163890038865	-0.009573013219875248	0.49453551912568305	0.4957395009129641	0.9914790018259282	0.0	0.4957395009129641	0.010836845273931367	4	2	1661	2class	prior_baseline		
0.4951367781155015	0.4957395009129641	-0.009650163890038865	-0.009573013219875248	0.49453551912568305	0.4957395009129641	0.9914790018259282	0.0	0.4957395009129641	0.010836845273931367	4	3	1661	2class	prior_baseline		
0.4949893713938658	0.4957420924574209	-0.009905572566501512	-0.009788948792021746	0.4942389326864767	0.4957420924574209	0.9914841849148418	0.0	0.4957420924574209	0.011425135297654841	4	4	1663	2class	prior_baseline		
0.5073980655459612	0.8840991102178027	0.3382021785849222	0.3098172212962321	0.46047544409613367	0.8840991102178027	0.8503649635036497	0.9130434782608695	0.9691735724423133	0.6160163053216605	0	0	1685	3class	logistic_regression	0.8888888888888888	
0.5651767320959535	0.8982627502145114	0.377325130691924	0.3961404661037158	0.5055583208893313	0.8982627502145114	0.8807785888077859	0.8695652173913043	0.9690319536476814	0.6438364125407943	0	1	1685	3class	logistic_regression	0.9444444444444444	
0.5458939631220457	0.86123337871201	0.3753881459167696	0.3691338991109895	0.48954617653732696	0.86123337871201	0.8928788800973828	0.9130434782608695	0.9602835278152743	0.5573909822106775	0	2	1684	3class	logistic_regression	0.7777777777777778	
0.5378708533737361	0.8481098261986881	0.35192952902665126	0.36095122588599493	0.4854201093848083	0.8481098261986881	0.8776628119293974	0.8333333333333334	0.962132599444546	0.5753348574823905	0	3	1685	3class	logistic_regression	0.8333333333333334	
0.5559086368766614	0.8576412053447281	0.3314058072774403	0.3627305137993111	0.5118895868360537	0.8576412053447281	0.852099817407182	0.8260869565217391	0.9623671632042834	0.6048395778651516	0	4	1685	3class	logistic_regression	0.8947368421052632	
0.5552884735996048	0.8843147058946421	0.36541325827646265	0.3816529912096609	0.49629350371750314	0.8843147058946421	0.8794887401095557	0.8260869565217391	0.9698443772524429	0.6346822342578284	1	0	1685	3class	logistic_regression	0.9473684210526315	
0.4973564425635402	0.8263602383722981	0.32328623955560926	0.314277331781218	0.45248140503520334	0.8263602383722981	0.8631386861313869	0.782608695652174	0.9589252266305271	0.5303581603565314	1	1	1685	3class	logistic_regression	0.8333333333333334	
0.5458270574452951	0.8926149253029608	0.37025637122754507	0.3669224847546957	0.48937132519222076	0.8926149253029608	0.8759124087591241	0.9130434782608695	0.9576562022548109	0.6041473436728149	1	2	1685	3class	logistic_regression	0.8888888888888888	
0.5390747579160806	0.8915657897702937	0.3651521120773371	0.3545244792818989	0.4840304966000412	0.8915657897702937	0.8691418137553256	0.9166666666666666	0.9700315429085523	0.6071944127248149	1	3	1685	3class	logistic_regression	0.8888888888888888	
0.5351586866888797	0.8015564984127264	0.3121129582959303	0.3388478981926487	0.503154969108533	0.8015564984127264	0.8563603164942178	0.8260869565217391	0.9628924207676047	0.6051103446640602	1	4	1684	3class	logistic_regression	0.7222222222222222	
0.5202257149063956	0.8273446407372145	0.3181192012265861	0.34323995127892815	0.47572807910507614	0.8273446407372145	0.8540145985401459	0.7391304347826086	0.9655225056794926	0.6199869035891759	2	0	1685	3class	logistic_regression	0.8888888888888888	
0.5219426231122137	0.8909928652867403	0.35408657724626524	0.32188197417041675	0.4671668603094667	0.8909928652867403	0.8710462287104623	0.9130434782608695	0.9699031407318223	0.6070917716249354	2	1	1685	3class	logistic_regression	0.8888888888888888	
0.5241320966875053	0.8575496690688943	0.34233961139687186	0.33340313761744367	0.4737692299901761	0.8575496690688943	0.8697504564820451	0.8695652173913043	0.9593065915765068	0.5281228593872238	2	2	1684	3class	logistic_regression	0.8333333333333334	
0.5551374551374552	0.8887620883208224	0.37300339421489676	0.3693332067642152	0.501420217209691	0.8887620883208224	0.8746195982958004	0.9583333333333334	0.9678637192440815	0.6432546002048384	2	3	1685	3class	logistic_regression	0.8333333333333334	
0.5296615887082435	0.8508500338676482	0.36129259869700453	0.3612758828133591	0.4747269950362734	0.8508500338676482	0.884357881923311	0.8260869565217391	0.9604342260969126	0.5641547961181329	2	4	1685	3class	logistic_regression	0.8421052631578947	
0.5284967320261438	0.8402923342121745	0.33705536171910194	0.34563272889719177	0.4844178897022619	0.8402923342121745	0.8618381010346926	0.8695652173913043	0.9651766747213345	0.5344881180116662	3	0	1685	3class	logistic_regression	0.7894736842105263	
0.5495440276109127	0.8620367431855849	0.37002258947596944	0.3872547995134653	0.49590272270684643	0.8620367431855849	0.8832116788321168	0.8695652173913043	0.9611097658783904	0.560207485693469	3	1	1685	3class	logistic_regression	0.8333333333333334	
0.52634305679388	0.9052828614079012	0.3586558648290665	0.3190835394675614	0.470347960953168	0.9052828614079012	0.8704379562043796	0.9565217391304348	0.9647953346810901	0.6061015955749648	3	2	1685	3class	logistic_regression	0.8888888888888888	
0.5282627225978163	0.8432773156601518	0.345285507655338	0.3682645880013885	0.4736508558498087	0.8432773156601518	0.877054169202678	0.7083333333333334	0.9640381732696466	0.5790757873969058	3	3	1685	3class	logistic_regression	0.9444444444444444	
0.561902539599	0.9187030715385527	0.35487001454625866	0.35355495869862663	0.5091880341880342	0.9187030715385527	0.855143031040779	0.9565217391304348	0.9690558843656136	0.6612212853211182	3	4	1684	3class	logistic_regression	0.9444444444444444	
0.5382290612415739	0.8745019217884975	0.3666089435538783	0.3623754725173173	0.4846124031007752	0.8745019217884975	0.8771289537712895	0.9130434782608695	0.9701906247323869	0.6431637086087453	4	0	1685	3class	logistic_regression	0.8333333333333334	
0.52265771360873	0.8669998942134772	0.3341308335329221	0.32144540918555764	0.4765198518278025	0.8669998942134772	0.8546228710462287	0.9130434782608695	0.9591110627945039	0.5463898794059728	4	1	1685	3class	logistic_regression	0.8333333333333334	
0.5055069485370042	0.8581583117956137	0.33952750472079246	0.30504648969141623	0.4550779896896713	0.8581583117956137	0.8715763846622033	0.8695652173913043	0.96651926259686	0.6086955200122488	4	2	1684	3class	logistic_regression	0.8333333333333334	
0.5213647421802317	0.7885332837402222	0.32835174879284146	0.36268027210884357	0.4753754284357592	0.7885332837402222	0.8794887401095557	0.7083333333333334	0.9635742882710717	0.5978818861192882	4	3	1685	3class	logistic_regression	0.7777777777777778	
0.5749134078799306	0.9078224286005442	0.3636657872077695	0.384167757487785	0.5217957557649583	0.9078224286005442	0.8630553864881315	0.9130434782608695	0.9696844544067211	0.6101791268518739	4	4	1685	3class	logistic_regression	0.9473684210526315	
0.6861244710460456	0.7883358604558223	0.4273544680629703	0.6093692117596728	0.6582260405207897	0.7883358604558223	0.9543795620437956	0.5217391304347826	0.9749259848153692	0.6734783808762791	0	0	1685	3class	random_forest	0.8888888888888888	
0.6752738169043191	0.8038424015891487	0.46353944459598606	0.6317282429258992	0.627569888140193	0.8038424015891487	0.9574209245742092	0.5652173913043478	0.9754948326244225	0.641356689215011	0	1	1685	3class	random_forest	0.8888888888888888	
0.6082720068048038	0.6885131181619578	0.38513355581766656	0.514154548537473	0.5733862433862434	0.6885131181619578	0.9640900791235545	0.43478260869565216	0.9651532635654322	0.5944389672582525	0	2	1684	3class	random_forest	0.6666666666666666	
0.6635827475964591	0.7689806361443611	0.3936653532555362	0.5396281460557086	0.6510404928254827	0.7689806361443611	0.945830797321972	0.5833333333333334	0.9559861569604381	0.6453404477538517	0	3	1685	3class	random_forest	0.7777777777777778	
0.632128317354222	0.7394781643038236	0.40501923855848526	0.582440923975573	0.598778659847362	0.7394781643038236	0.9506999391357274	0.4782608695652174	0.9691128888470631	0.6159520038113997	0	4	1685	3class	random_forest	0.7894736842105263	
0.6923035673035672	0.8043629144840719	0.44388925151937714	0.6211241688501796	0.6632407460217875	0.8043629144840719	0.953134510042605	0.5652173913043478	0.9742580887626503	0.650358660257996	1	0	1685	3class	random_forest	0.8947368421052632	
0.6033761226630452	0.7215022861642982	0.38740484727816726	0.5437956606053669	0.5573559745387157	0.7215022861642982	0.9519464720194647	0.43478260869565216	0.957303404017532	0.6204696618819849	1	1	1685	3class	random_forest	0.7777777777777778	
0.6598661903961132	0.741845622201065	0.40866824145839115	0.6086291077746075	0.6356358266410035	0.741845622201065	0.9574209245742092	0.43478260869565216	0.973925530001409	0.6740607146638745	1	2	1685	3class	random_forest	0.8333333333333334	
0.6491855882418208	0.7414423705507089	0.40858356685200226	0.5995817589886172	0.6051432108784086	0.7414423705507089	0.960438222763238	0.375	0.9737091833043144	0.6516808336394602	1	3	1685	3class	random_forest	0.8888888888888888	
0.6218602689558342	0.7540789353750798	0.3958948902748461	0.5151144323820922	0.6003602170627521	0.7540789353750798	0.9433962264150944	0.6521739130434783	0.9714314031776831	0.6101777545139018	1	4	1684	3class	random_forest	0.6666666666666666	
0.5862455511574626	0.6562907718889947	0.3336129088476979	0.50120934262301	0.5633017875920084	0.6562907718889947	0.9543795620437956	0.34782608695652173	0.9663603653698569	0.5730500692326418	2	0	1685	3class	random_forest	0.6666666666666666	
0.6638799332372757	0.7728293193224961	0.39736002957324335	0.5641449647565291	0.6266993477322998	0.7728293193224961	0.9513381995133819	0.4782608695652174	0.9730208260603419	0.6147106972320935	2	1	1685	3class	random_forest	0.8888888888888888	
0.6556043004951302	0.7921303769566491	0.42514216662343957	0.5630533469310397	0.6262608555561497	0.7921303769566491	0.9464394400486914	0.6521739130434783	0.9601630479891811	0.6415997877119581	2	2	1684	3class	random_forest	0.7777777777777778	
0.6498599229350778	0.7408337278239895	0.41570293609913694	0.5603200835000435	0.626197595420884	0.7408337278239895	0.9586122945830797	0.5416666666666666	0.9710755681137592	0.6620247439345365	2	3	1685	3class	random_forest	0.7222222222222222	
0.6100891060788962	0.6947747255884823	0.39448184046033385	0.590653862901932	0.5801738412357881	0.6947747255884823	0.956177723676202	0.391304347826087	0.9587502422663984	0.6183688822947401	2	4	1685	3class	random_forest	0.7368421052631579	
0.6655658247623313	0.7839787221102585	0.4030272894125748	0.5604293221033801	0.6401377441571638	0.7839787221102585	0.9446135118685332	0.5652173913043478	0.9676693068021702	0.602641556028258	3	0	1685	3class	random_forest	0.8421052631578947	
0.6422649526377827	0.7525153684309508	0.4363140852532585	0.604721588364505	0.6036616161616162	0.7525153684309508	0.958029197080292	0.5217391304347826	0.9667460334349212	0.630633583967963	3	1	1685	3class	random_forest	0.7777777777777778	
0.651747387346893	0.7090371075613856	0.36430711206195526	0.5460376922780863	0.6437573574788286	0.7090371075613856	0.958029197080292	0.391304347826087	0.9756208668828233	0.681310618160793	3	2	1685	3class	random_forest	0.7777777777777778	
0.5779949970574001	0.7066003922364238	0.37798348673749255	0.5330349903004301	0.522604034643008	0.7066003922364238	0.953134510042605	0.3333333333333333	0.9572877625800696	0.5996643347758844	3	3	1685	3class	random_forest	0.8333333333333334	
0.7073902239045382	0.85774715942225	0.4561830988227503	0.5932330419706712	0.6815930226307585	0.85774715942225	0.9452221545952526	0.7391304347826086	0.9748889363546591	0.6820732045201469	3	4	1684	3class	random_forest	0.8888888888888888	
0.6671912656543523	0.7933577817741576	0.43155322205406	0.5704536471622788	0.6427663142136407	0.7933577817741576	0.9501216545012166	0.6521739130434783	0.976509266753938	0.6901416446027074	4	0	1685	3class	random_forest	0.7777777777777778	
0.6528937745932419	0.7587420807033629	0.39353113554348856	0.5698278023234151	0.6126957624741032	0.7587420807033629	0.9525547445255474	0.43478260869565216	0.9545910112111843	0.5945109769669642	4	1	1685	3class	random_forest	0.8888888888888888	
0.6168045188353588	0.7136630001087912	0.38299181140182464	0.5508303657914563	0.5699936248406209	0.7136630001087912	0.9598295800365185	0.34782608695652173	0.9716850796329369	0.6271333411702126	4	2	1684	3class	random_forest	0.8333333333333334	
0.6502626921415332	0.7524909267149072	0.42214889052141724	0.5876916863648782	0.6354509174098254	0.7524909267149072	0.9519172245891662	0.5833333333333334	0.9718750690483536	0.6345563070411339	4	3	1685	3class	random_forest	0.7222222222222222	
0.6868250089868558	0.8206815962874187	0.4835792851580622	0.6397771207641574	0.637097309713727	0.8206815962874187	0.9586122945830797	0.6086956521739131	0.9784790094329043	0.654281863809894	4	4	1685	3class	random_forest	0.8947368421052632	
0.6524547428947397	0.8333774110511655	0.39521071252051365	0.5238805384404066	0.5924398865575337	0.8333774110511655	0.9349148418491484	0.5652173913043478	0.9719209859147006	0.6646709350440728	0	0	1685	3class	extra_trees	1.0	
0.6591874652370978	0.8142800051717854	0.42845638171066464	0.570048909978622	0.6101768449961958	0.8142800051717854	0.9452554744525548	0.6086956521739131	0.9731051018961495	0.6312905623867889	0	1	1685	3class	extra_trees	0.8888888888888888	
0.6198389008672123	0.7380140997331185	0.39881629979165506	0.518486577227636	0.5687044855193292	0.7380140997331185	0.9580036518563603	0.4782608695652174	0.9700307019545339	0.5801358393457293	0	2	1684	3class	extra_trees	0.7777777777777778	
0.6236640791431024	0.7333271341944502	0.34762116912737917	0.48018683467303924	0.6086364995022367	0.7333271341944502	0.9360925136944613	0.5416666666666666	0.9658915758473019	0.6415746296233267	0	3	1685	3class	extra_trees	0.7222222222222222	
0.6147707154329884	0.7501161806577891	0.3894697411350291	0.5469413665043293	0.576310982162046	0.7501161806577891	0.9391357273280584	0.5217391304347826	0.9660492046718779	0.6273600144139828	0	4	1685	3class	extra_trees	0.7894736842105263	
0.6702274773539337	0.8166239781092893	0.4338748990961503	0.5800037068835122	0.6254110339788089	0.8166239781092893	0.9464394400486914	0.6086956521739131	0.97279439520424	0.6554918904179817	1	0	1685	3class	extra_trees	0.8947368421052632	
0.5895302429428916	0.7562913595918991	0.3860180802364779	0.487741558696113	0.5410930255499654	0.7562913595918991	0.9379562043795621	0.6086956521739131	0.967241882020404	0.5901272724607322	1	1	1685	3class	extra_trees	0.7222222222222222	
0.6546079936323839	0.7981651915323765	0.4069587924881326	0.5662769059384006	0.6137969257235313	0.7981651915323765	0.940389294403893	0.5652173913043478	0.9704879177712923	0.673664940365763	1	2	1685	3class	extra_trees	0.8888888888888888	
0.674665713690104	0.8275427740582945	0.41689117985036406	0.5819290809469657	0.6222845760278267	0.8275427740582945	0.9409616555082166	0.5416666666666666	0.9745123756731724	0.6485843091911674	1	3	1685	3class	extra_trees	1.0	
0.6265294397515193	0.7721916920757854	0.4105172309129915	0.5394053061383972	0.594371023727347	0.7721916920757854	0.9421789409616556	0.6521739130434783	0.9641914473215225	0.5991914247011364	1	4	1684	3class	extra_trees	0.7222222222222222	
0.619026128869779	0.7713923857211702	0.3982307201422159	0.513043034789926	0.5830104780523325	0.7713923857211702	0.9397810218978102	0.6521739130434783	0.9677675599949963	0.621421784030045	2	0	1685	3class	extra_trees	0.7222222222222222	
0.6360486825115399	0.7844834679172985	0.38992200454480325	0.5274461708468674	0.5847217854392742	0.7844834679172985	0.9428223844282239	0.5217391304347826	0.9701185894208889	0.6141940838145196	2	1	1685	3class	extra_trees	0.8888888888888888	
0.6373086307379173	0.7790259364130067	0.378434476300109	0.5093840911681875	0.598000390609546	0.7790259364130067	0.938527084601339	0.5652173913043478	0.9633725868384367	0.5978140893814471	2	2	1684	3class	extra_trees	0.8333333333333334	
0.6395622920336662	0.75809832961385	0.3778887155424913	0.5405022384934992	0.6064567928864834	0.75809832961385	0.9409616555082166	0.5	0.9703021056451687	0.6786219589541057	2	3	1685	3class	extra_trees	0.8333333333333334	
0.591835610184234	0.6907092150180155	0.39000301016418065	0.5625231614522425	0.558383761135605	0.6907092150180155	0.953134510042605	0.43478260869565216	0.9707635809229943	0.5939602545720967	2	4	1685	3class	extra_trees	0.6842105263157895	
0.6160386499561384	0.705826396152598	0.3240922049762563	0.4928981966112539	0.5954837954837955	0.705826396152598	0.9367011564211808	0.391304347826087	0.9613219211851648	0.5761481544026719	3	0	1685	3class	extra_trees	0.7894736842105263	
0.62985350359276	0.7782567556448864	0.4287492213399835	0.5641916196296883	0.5833529994262129	0.7782567556448864	0.9482968369829684	0.6086956521739131	0.9705732290566195	0.6319491917522709	3	1	1685	3class	extra_trees	0.7777777777777778	
0.6538270981918156	0.7692090694312211	0.4072210346301298	0.5586561618465491	0.6154053450896674	0.7692090694312211	0.9525547445255474	0.5217391304347826	0.9687615999823622	0.6524736255341399	3	2	1685	3class	extra_trees	0.8333333333333334	
0.6139817368349354	0.7736102657739906	0.4095491648016854	0.5331554179314278	0.5560846668883586	0.7736102657739906	0.945830797321972	0.5416666666666666	0.9703535822121315	0.6344365364636012	3	3	1685	3class	extra_trees	0.8333333333333334	
0.661762193352679	0.8303528461643257	0.4088630625406568	0.5412665902015402	0.609933202997719	0.8303528461643257	0.9379184418746196	0.6086956521739131	0.969983638610413	0.6721858280026689	3	4	1684	3class	extra_trees	0.9444444444444444	
0.6784117637405019	0.8142800051717854	0.4231868828442349	0.5768674345372886	0.643832248190383	0.8142800051717854	0.9452554744525548	0.6086956521739131	0.9745446882561392	0.6808551510323161	4	0	1685	3class	extra_trees	0.8888888888888888	
0.623981833059764	0.7798494305158856	0.3848171933857159	0.5006207138105196	0.5734635488769748	0.7798494305158856	0.9409975669099757	0.5652173913043478	0.9667128414876215	0.5936131347403765	4	1	1685	3class	extra_trees	0.8333333333333334	
0.590120294317492	0.7524750000735075	0.3779759565522108	0.48071842373312956	0.5296647138317147	0.7524750000735075	0.945830797321972	0.4782608695652174	0.9668901721449865	0.6029044740814985	4	2	1684	3class	extra_trees	0.8333333333333334	
0.6324664529153307	0.7365732287369536	0.38445193878070255	0.5387668514336549	0.614214816206923	0.7365732287369536	0.945830797321972	0.5416666666666666	0.967044859711561	0.6332153252802915	4	3	1685	3class	extra_trees	0.7222222222222222	
0.6788174294794894	0.8339649568495054	0.4444677930990793	0.597680205086961	0.6287641674965618	0.8339649568495054	0.945830797321972	0.6086956521739131	0.9747098796466248	0.6447567398312858	4	4	1685	3class	extra_trees	0.9473684210526315	
0.59400651493484	0.7015820962187195	0.35146778698349473	0.525798407874672	0.5424500504206553	0.7015820962187195	0.9549878345498783	0.2608695652173913	0.9671008547823404	0.6533869695056228	0	0	1685	3class	hist_gradient_boosting	0.8888888888888888	
0.6685350293532828	0.7507375671450568	0.46860733558050494	0.6539898969156844	0.621351080037445	0.7507375671450568	0.9720194647201946	0.391304347826087	0.9732333936567809	0.6281575807671903	0	1	1685	3class	hist_gradient_boosting	0.8888888888888888	
0.57993057993058	0.636190915835786	0.33640865150060467	0.49858052990127877	0.5450101421810672	0.636190915835786	0.9689592209373098	0.21739130434782608	0.971191718378611	0.5698049519315128	0	2	1684	3class	hist_gradient_boosting	0.7222222222222222	
0.6449821307833479	0.6975806451612904	0.4170170019183532	0.5855651508526454	0.6375097352024922	0.6975806451612904	0.967741935483871	0.4583333333333333	0.9513886759855451	0.6482093699215804	0	3	1685	3class	hist_gradient_boosting	0.6666666666666666	
0.6719362941585164	0.7649422717926363	0.4636958998286809	0.6612400614621677	0.6286962245961456	0.7649422717926363	0.9653073645769933	0.43478260869565216	0.970242638658386	0.6088791092441731	0	4	1685	3class	hist_gradient_boosting	0.8947368421052632	
0.6492125657302493	0.7169927385347913	0.3970594962043156	0.6039050894118616	0.6222600625360977	0.7169927385347913	0.9610468654899574	0.34782608695652173	0.9731633274282036	0.6366793421426448	1	0	1685	3class	hist_gradient_boosting	0.8421052631578947	
0.592364498886238	0.6700195117364269	0.4062897987269103	0.5826395105023727	0.5465493634030333	0.6700195117364269	0.9714111922141119	0.2608695652173913	0.9589765098975134	0.6029151463453751	1	1	1685	3class	hist_gradient_boosting	0.7777777777777778	
0.6477756026458618	0.763405503249997	0.4492881659762081	0.5901259933637985	0.5876830549115193	0.763405503249997	0.9665450121654501	0.43478260869565216	0.9735746733049297	0.6662092567792687	1	2	1685	3class	hist_gradient_boosting	0.8888888888888888	
0.6239081597509774	0.6792650075516783	0.3893961511934767	0.5895568800207307	0.5936981757877281	0.6792650075516783	0.9683505782105903	0.2916666666666667	0.9745482317382262	0.6306291078236582	1	3	1685	3class	hist_gradient_boosting	0.7777777777777778	
0.5984183328503815	0.6420234969415949	0.3712917590447471	0.5556027118496512	0.5887074114139677	0.6420234969415949	0.9671332927571515	0.34782608695652173	0.9597240863897015	0.585837590244403	1	4	1684	3class	hist_gradient_boosting	0.6111111111111112	
0.6408367491232757	0.7301914736062626	0.4349495969311737	0.6230897618362867	0.596611734455353	0.7301914736062626	0.9659367396593674	0.391304347826087	0.9369516179640986	0.5835978101768049	2	0	1685	3class	hist_gradient_boosting	0.8333333333333334	
0.6013639035350334	0.667586421712096	0.36113977459106633	0.5533792269753546	0.5660279722810255	0.667586421712096	0.9641119221411192	0.2608695652173913	0.9739142352509588	0.6099935521860737	2	1	1685	3class	hist_gradient_boosting	0.7777777777777778	
0.6493157306804122	0.7303874437299508	0.41964185643853824	0.5911112010400279	0.6083343666424118	0.7303874437299508	0.9665246500304321	0.391304347826087	0.9612898500671453	0.6093623791296314	2	2	1684	3class	hist_gradient_boosting	0.8333333333333334	
0.6608459325076218	0.730596695295417	0.4345860891349553	0.6421635728632287	0.6211329715061058	0.730596695295417	0.9695678636640293	0.3333333333333333	0.9695879797534664	0.6720846718873706	2	3	1685	3class	hist_gradient_boosting	0.8888888888888888	
0.6099727902872351	0.6712670028825802	0.4226985386086418	0.6060144364577127	0.5732890748777296	0.6712670028825802	0.9726110772976263	0.30434782608695654	0.9727385066597773	0.6337747881018824	2	4	1685	3class	hist_gradient_boosting	0.7368421052631579	
0.6341121071282437	0.7137387515999505	0.3886634594475775	0.5561265787620877	0.6007384410908495	0.7137387515999505	0.960438222763238	0.391304347826087	0.9639820644494089	0.6117108528207494	3	0	1685	3class	hist_gradient_boosting	0.7894736842105263	
0.6567711659563829	0.770454999588608	0.4960383144329979	0.639657244832494	0.6044576905095839	0.770454999588608	0.9683698296836983	0.5652173913043478	0.977553121052841	0.6183640746223107	3	1	1685	3class	hist_gradient_boosting	0.7777777777777778	
0.6119616549064402	0.636602724590665	0.3418812556635874	0.5469719714112876	0.6024221294678488	0.636602724590665	0.9701946472019465	0.21739130434782608	0.974909387617553	0.6525688359878966	3	2	1685	3class	hist_gradient_boosting	0.7222222222222222	
0.6201951720595789	0.744079822366493	0.4606839210388707	0.6064616582327753	0.5565347237521725	0.744079822366493	0.9683505782105903	0.375	0.9585770991483457	0.5809257579025227	3	3	1685	3class	hist_gradient_boosting	0.8888888888888888	
0.6555179953845872	0.7247577435330484	0.4159215046816041	0.6395823460168468	0.6141292443987337	0.7247577435330484	0.9689592209373098	0.2608695652173913	0.9711057859529202	0.6576284738852358	3	4	1684	3class	hist_gradient_boosting	0.9444444444444444	
0.6515908049806355	0.6899279476239171	0.367652286528411	0.6241044237962574	0.6361366588527245	0.6899279476239171	0.9635036496350365	0.21739130434782608	0.9732537463638392	0.685135585832779	4	0	1685	3class	hist_gradient_boosting	0.8888888888888888	
0.6087947903390465	0.6897251901218896	0.35869245013548934	0.5547474795567353	0.5634495129315177	0.6897251901218896	0.9628953771289538	0.21739130434782608	0.9636770774165315	0.6369176810072728	4	1	1685	3class	hist_gradient_boosting	0.8888888888888888	
0.5530856130296417	0.6311507463959236	0.35052111771790934	0.49489386224292176	0.5111191800717986	0.6311507463959236	0.9659160073037127	0.2608695652173913	0.9696575172053011	0.6064456290415904	4	2	1684	3class	hist_gradient_boosting	0.6666666666666666	
0.6251550399041785	0.6623695363044115	0.3975345772368542	0.5949799002610894	0.6053119812518308	0.6623695363044115	0.9732197200243458	0.2916666666666667	0.9542241985262416	0.574431487415773	4	3	1685	3class	hist_gradient_boosting	0.7222222222222222	
0.6913103733987134	0.7749558606352075	0.5081082849154414	0.6878891095629625	0.6634028058987839	0.7749558606352075	0.9701765063907486	0.5652173913043478	0.9780469711158627	0.6264697261303831	4	4	1685	3class	hist_gradient_boosting	0.7894736842105263	
0.5202944088150475	0.4810759664774263	0.3912012550783571	0.46856051351531447	0.5934328358208956	0.4810759664774263	0.9987834549878345	0.0	0.9523662267748514	0.633283393157326	0	0	1685	3class	svm_rbf	0.4444444444444444	
0.5095082574757371	0.46296296296296297	0.41114044709145575	0.46774505320427895	0.6184406678592725	0.46296296296296297	1.0	0.0	0.9757956128046238	0.6784842492071865	0	1	1685	3class	svm_rbf	0.3888888888888889	
0.4363833634719711	0.40700164558959445	0.28116467020593444	0.3461354092765516	0.5170433546552949	0.40700164558959445	0.9987827145465612	0.0	0.9581210077451375	0.5265326404636411	0	2	1684	3class	svm_rbf	0.2222222222222222	
0.527549946250358	0.48148148148148145	0.4342069097778689	0.5103968037773541	0.6230663838062406	0.48148148148148145	1.0	0.0	0.9568216779589677	0.585592745038329	0	3	1685	3class	svm_rbf	0.4444444444444444	
0.5779330572808834	0.5609977469541169	0.5169077075578544	0.6577113288593579	0.5985744957060116	0.5609977469541169	0.9987827145465612	0.0	0.9572963566083414	0.6138565400167942	0	4	1685	3class	svm_rbf	0.6842105263157895	
0.49638336347197104	0.45573458905938	0.3614451485049957	0.4354660953438958	0.5858264234383638	0.45573458905938	0.9987827145465612	0.0	0.956071093339046	0.6197440219159838	1	0	1685	3class	svm_rbf	0.3684210526315789	
0.5372160212841138	0.5	0.46763612171784397	0.5707821897167331	0.600086890409471	0.5	1.0	0.0	0.9631960885363652	0.6182226009886214	1	1	1685	3class	svm_rbf	0.5	
0.566675746137982	0.5366315220329819	0.4727703353471222	0.5936057753232472	0.6094037541405962	0.5366315220329819	0.9987834549878345	0.0	0.9740030574155764	0.6225989640679545	1	2	1685	3class	svm_rbf	0.6111111111111112	
0.5367126506086722	0.4995942381821871	0.41487272076804305	0.5087884763782903	0.5994895188443575	0.4995942381821871	0.9987827145465612	0.0	0.9666315474928006	0.643298311220658	1	3	1685	3class	svm_rbf	0.5	
0.47826475450118394	0.44424156353553795	0.3719462748625902	0.47567821237117125	0.5493790263664741	0.44424156353553795	0.9993913572732805	0.0	0.9470359550649476	0.5380375000992317	1	4	1684	3class	svm_rbf	0.3333333333333333	
0.5372142035134423	0.4997972424979724	0.45046860771602115	0.5908678483342067	0.6002791068580543	0.4997972424979724	0.9993917274939172	0.0	0.9532751789121705	0.5822229700658585	2	0	1685	3class	svm_rbf	0.5	
0.5202944088150475	0.4810759664774263	0.3912012550783571	0.46856051351531447	0.5934328358208956	0.4810759664774263	0.9987834549878345	0.0	0.9624818502508448	0.6119741273536922	2	1	1685	3class	svm_rbf	0.4444444444444444	
0.5698264228209782	0.5917810689569667	0.5237753913143636	0.6876011872638963	0.5507449722723324	0.5917810689569667	0.9975654290931223	0.0	0.9654925831858728	0.5471814320564307	2	2	1684	3class	svm_rbf	0.7777777777777778	
0.5590801649567491	0.5364283943103176	0.4494563222996412	0.5733502136413989	0.5890541734347838	0.5364283943103176	0.9981740718198417	0.0	0.9697725599333626	0.6154754848079295	2	3	1685	3class	svm_rbf	0.6111111111111112	
0.46294844739222185	0.4379878485013508	0.32046260765610995	0.38475517373075196	0.5083813040802289	0.4379878485013508	0.9981740718198417	0.0	0.9491579915420303	0.5578036322513186	2	4	1685	3class	svm_rbf	0.3157894736842105	
0.5319337003102845	0.508163287097842	0.42836371839093995	0.535864897055001	0.56524464962526	0.508163287097842	0.9981740718198417	0.0	0.9439515372815825	0.5841240708528814	3	0	1685	3class	svm_rbf	0.5263157894736842	
0.5523368872795548	0.5364287645309543	0.45939784684187007	0.5879635919032741	0.5719893546240852	0.5364287645309543	0.9981751824817519	0.0	0.9788920008984326	0.620236044213092	3	1	1685	3class	svm_rbf	0.6111111111111112	
0.5883803479536148	0.5551500405515003	0.49989836872762694	0.666755461916928	0.6354368186703516	0.5551500405515003	0.9987834549878345	0.0	0.9645475741691483	0.6324903556327718	3	2	1685	3class	svm_rbf	0.6666666666666666	
0.4967793880837359	0.48087283875476206	0.3993725495967652	0.5390597522372893	0.5180176324574167	0.48087283875476206	0.9981740718198417	0.0	0.9595396166302398	0.5576502735725014	3	3	1685	3class	svm_rbf	0.4444444444444444	
0.5300150829562594	0.4995942381821871	0.42422658092557075	0.5258929321791747	0.5771531100478469	0.4995942381821871	0.9987827145465612	0.0	0.9593401096999749	0.6506353694239343	3	4	1684	3class	svm_rbf	0.5	
0.4127545390711205	0.3884833738848337	0.21885704328060623	0.22985549902309899	0.49265435775263056	0.3884833738848337	0.9987834549878345	0.0	0.9751963538592108	0.5886856628949236	4	0	1685	3class	svm_rbf	0.16666666666666666	
0.5590801649567491	0.5362260070289268	0.4387740018460678	0.5732455341949679	0.5892500712859995	0.5362260070289268	0.9975669099756691	0.0	0.9624490133605392	0.6189229475696717	4	1	1685	3class	svm_rbf	0.6111111111111112	
0.535133247992552	0.5541353891932103	0.4434611087616795	0.5931903129047194	0.5185949229270529	0.5541353891932103	0.995739500912964	0.0	0.9563104036490234	0.5234495451851247	4	2	1684	3class	svm_rbf	0.6666666666666666	
0.5205947357846092	0.48148148148148145	0.43587193461254975	0.5244311165990475	0.5936318407960198	0.48148148148148145	1.0	0.0	0.9607180925568293	0.592617824649143	4	3	1685	3class	svm_rbf	0.4444444444444444	
0.5302161890397185	0.4910251892665321	0.4448581007946468	0.5742076330691765	0.600079744816587	0.4910251892665321	0.9993913572732805	0.0	0.9692309213162811	0.6216471376868473	4	4	1685	3class	svm_rbf	0.47368421052631576	
0.6279223350068036	0.6429058382406526	0.5612589253841492	0.7675816272241818	0.6497488446855536	0.6429058382406526	0.9963503649635036	0.043478260869565216	0.831323892382569	0.6567979657717481	0	0	1685	3class	k_nearest_neighbors	0.8888888888888888	
0.6085051113778056	0.6062743162076707	0.5445501029342248	0.719509488403063	0.6854483372190749	0.6062743162076707	0.9975669099756691	0.043478260869565216	0.8582966311424499	0.5895025909693655	0	1	1685	3class	k_nearest_neighbors	0.7777777777777778	
0.5299072954453848	0.494756949651231	0.3870497123524047	0.5400053024399257	0.5975689975689975	0.494756949651231	0.9963481436396835	0.043478260869565216	0.7923549819913083	0.5130172178942872	0	2	1684	3class	k_nearest_neighbors	0.4444444444444444	
0.6080312696105686	0.5633946484524696	0.4478517745525802	0.6093206584743798	0.6931089743589743	0.5633946484524696	0.995739500912964	0.08333333333333333	0.8293516262506074	0.5925020911401936	0	3	1685	3class	k_nearest_neighbors	0.6111111111111112	
0.613578966573522	0.5926285984086151	0.5374500299727986	0.7280942391479749	0.6696992206383455	0.5926285984086151	0.9975654290931223	0.043478260869565216	0.8316438368131558	0.6045568286512978	0	4	1685	3class	k_nearest_neighbors	0.7368421052631579	
0.589467907581001	0.5779329638765203	0.49943617485872394	0.696877237662214	0.6026348039215687	0.5779329638765203	0.996956786366403	0.0	0.849415283224252	0.6171138482629712	1	0	1685	3class	k_nearest_neighbors	0.7368421052631579	
0.5771222285686552	0.5688317641665784	0.4768000058151946	0.6373339449217579	0.6338778646355315	0.5688317641665784	0.9963503649635036	0.043478260869565216	0.8274672918004352	0.5845338338524009	1	1	1685	3class	k_nearest_neighbors	0.6666666666666666	
0.6400102474015518	0.6066798312117259	0.5645145212592361	0.7221487216655353	0.8059152677857714	0.6066798312117259	0.9987834549878345	0.043478260869565216	0.8345022615056296	0.6682906730373878	1	2	1685	3class	k_nearest_neighbors	0.7777777777777778	
0.5722297055831982	0.5541353891932103	0.43098138053744567	0.6362181276754142	0.5943910256410256	0.5541353891932103	0.995739500912964	0.0	0.8463824268864423	0.5994655582598395	1	3	1685	3class	k_nearest_neighbors	0.6666666666666666	
0.5475684478258104	0.5136812299875625	0.4357102950824234	0.5861915897110697	0.625367069904885	0.5136812299875625	0.9975654290931223	0.043478260869565216	0.7921389741075596	0.5126301828620821	1	4	1684	3class	k_nearest_neighbors	0.5	
0.5886539446297389	0.5875530401871246	0.5202366437045508	0.710963819874711	0.6236551644010689	0.5875530401871246	0.9969586374695864	0.043478260869565216	0.880034735409772	0.6140411328428345	2	0	1685	3class	k_nearest_neighbors	0.7222222222222222	
0.5172035692679976	0.4981751824817518	0.3662089843715939	0.5680041020382002	0.5422038851641741	0.4981751824817518	0.9945255474452555	0.0	0.8579232135203613	0.5590503150110093	2	1	1685	3class	k_nearest_neighbors	0.5	
0.6134626235103074	0.5869437804260107	0.4712520893106375	0.6899555922142768	0.6542391789379741	0.5869437804260107	0.9951308581862447	0.043478260869565216	0.8008460815642336	0.5726309410826275	2	2	1684	3class	k_nearest_neighbors	0.7222222222222222	
0.6037188893684362	0.568430039899912	0.46735981000229343	0.6226932283221374	0.6965821121489988	0.568430039899912	0.996956786366403	0.041666666666666664	0.8562230076609308	0.6442569879213578	2	3	1685	3class	k_nearest_neighbors	0.6666666666666666	
0.5682170266775798	0.5397941385523403	0.4704612789529733	0.6571171092603091	0.6203858011434681	0.5397941385523403	0.996956786366403	0.043478260869565216	0.8113116253085003	0.5865418355973081	2	4	1685	3class	k_nearest_neighbors	0.5789473684210527	
0.5998463127056168	0.5744760960327729	0.47598203025217134	0.6650242108402085	0.6465711134032434	0.5744760960327729	0.995739500912964	0.043478260869565216	0.7893392857119895	0.5430302379062215	3	0	1685	3class	k_nearest_neighbors	0.6842105263157895	
0.5590833189382162	0.5547445255474452	0.4884844549559897	0.6896656326400901	0.5638197586726998	0.5547445255474452	0.9975669099756691	0.0	0.8390906610861366	0.577829553867576	3	1	1685	3class	k_nearest_neighbors	0.6666666666666666	
0.5297101449275362	0.4987834549878345	0.3721274986213464	0.5341481065873035	0.577338129496403	0.4987834549878345	0.9963503649635036	0.0	0.7827373766615571	0.5823439715242381	3	2	1685	3class	k_nearest_neighbors	0.5	
0.5759193893866715	0.5869485584184306	0.5236389795896903	0.7192446542627049	0.6021297970665059	0.5869485584184306	0.996956786366403	0.041666666666666664	0.8412081812967335	0.6160323072658956	3	3	1685	3class	k_nearest_neighbors	0.7222222222222222	
0.6045148467859156	0.5911724262302472	0.4765399894895168	0.6981593117171954	0.6197853991175291	0.5911724262302472	0.995739500912964	0.0	0.7925660236035075	0.5878969809057274	3	4	1684	3class	k_nearest_neighbors	0.7777777777777778	
0.5849090165246625	0.572654771559881	0.45965214996386955	0.6735224335657177	0.598955201443175	0.572654771559881	0.995742092457421	0.0	0.8459390767763767	0.6375614115910078	4	0	1685	3class	k_nearest_neighbors	0.7222222222222222	
0.6258185085561236	0.6052605286975328	0.47134550713532	0.6772205656456132	0.6614489263495886	0.6052605286975328	0.9945255474452555	0.043478260869565216	0.8131719633740909	0.583762910618868	4	1	1685	3class	k_nearest_neighbors	0.7777777777777778	
0.5172057638049173	0.4985798336376546	0.3690792051356139	0.5315173293149413	0.5418132418132419	0.4985798336376546	0.995739500912964	0.0	0.8407209203518381	0.545170819628587	4	2	1684	3class	k_nearest_neighbors	0.5	
0.6074327129520894	0.5869485584184306	0.5040614288894547	0.7060512447755769	0.6547111979688648	0.5869485584184306	0.996956786366403	0.041666666666666664	0.8201385623047969	0.5304824427528619	4	3	1685	3class	k_nearest_neighbors	0.7222222222222222	
0.6013989212291214	0.5914113129551763	0.48513967264262114	0.7270569489485916	0.6159393532505315	0.5914113129551763	0.9939135727328059	0.043478260869565216	0.8159278010549816	0.6086679879632665	4	4	1685	3class	k_nearest_neighbors	0.7368421052631579	
0.6992836721745018	0.8619867884387085	0.45794706829249104	0.59766086226952	0.6539683735209832	0.8619867884387085	0.9458637469586375	0.6956521739130435	0.9752040004548613	0.6862832556469384	0	0	1685	3class	ordinal_forest	0.9444444444444444	
0.6549302949013259	0.7959642441552947	0.42311984396581237	0.5703477049014565	0.6159270711825776	0.7959642441552947	0.9458637469586375	0.6086956521739131	0.9740655354875166	0.6140021851840608	0	1	1685	3class	ordinal_forest	0.8333333333333334	
0.5906947890818859	0.7100238850615944	0.37584811904157983	0.4593347075328156	0.5505462240650939	0.7100238850615944	0.9537431527693244	0.5652173913043478	0.9714694170490557	0.5956097381870322	0	2	1684	3class	ordinal_forest	0.6111111111111112	
0.6531730613026052	0.7635394828791054	0.3921284636174877	0.5271861631169787	0.6481140413315302	0.7635394828791054	0.9433962264150944	0.625	0.9661185113377257	0.6218614200385049	0	3	1685	3class	ordinal_forest	0.7222222222222222	
0.594531620893458	0.6982961253460465	0.3473462881429718	0.47888541116036465	0.578817720401633	0.6982961253460465	0.9415702982349361	0.5217391304347826	0.9625764552045032	0.6016880822553069	0	4	1685	3class	ordinal_forest	0.631578947368421	
0.6907840290965748	0.8633562259136953	0.4682608244868667	0.5998995572534163	0.6362622464212813	0.8633562259136953	0.9470480827754109	0.6956521739130435	0.9754182747279018	0.6604457402490156	1	0	1685	3class	ordinal_forest	0.9473684210526315	
0.6076135984407759	0.7470409158762062	0.3832080201277595	0.525242153112145	0.5643125339657131	0.7470409158762062	0.9416058394160584	0.5217391304347826	0.9687708009449502	0.6250659541557684	1	1	1685	3class	ordinal_forest	0.7777777777777778	
0.6719811408960742	0.7839045805564372	0.42867293184351674	0.5937974162991535	0.6430666486169396	0.7839045805564372	0.9531630170316302	0.5652173913043478	0.976007267803246	0.6651542869358195	1	2	1685	3class	ordinal_forest	0.8333333333333334	
0.6157800067798597	0.6914942178940962	0.3320587056905209	0.46159618503546274	0.6055659103523117	0.6914942178940962	0.9494826536822885	0.4583333333333333	0.969797335166454	0.6531941724826762	1	3	1685	3class	ordinal_forest	0.6666666666666666	
0.5970045280390108	0.7291000810543534	0.3696102369283615	0.4706197105223261	0.5973321653167362	0.7291000810543534	0.9360925136944613	0.6956521739130435	0.9509032119687242	0.5653275187191312	1	4	1684	3class	ordinal_forest	0.5555555555555556	
0.5935019467905909	0.6822349166049578	0.341150353771388	0.5007794267794633	0.5747643137224302	0.6822349166049578	0.9452554744525548	0.43478260869565216	0.960008132416197	0.5841083987459902	2	0	1685	3class	ordinal_forest	0.6666666666666666	
0.6748053808855738	0.8577582660413507	0.45581642780490356	0.5606859086965257	0.6198282335544921	0.8577582660413507	0.9452554744525548	0.7391304347826086	0.9702897275847603	0.6163644408235373	2	1	1685	3class	ordinal_forest	0.8888888888888888	
0.6556520854069667	0.8223013163736654	0.41977872006262973	0.5406341146106554	0.6162980617480112	0.8223013163736654	0.9379184418746196	0.6956521739130435	0.9711452383722232	0.630568799954781	2	2	1684	3class	ordinal_forest	0.8333333333333334	
0.6146295916740679	0.714033723315525	0.37122871344122804	0.49132982326863883	0.6068779622123571	0.714033723315525	0.9476567255021302	0.5833333333333334	0.9698355334355705	0.6642323095505849	2	3	1685	3class	ordinal_forest	0.6111111111111112	
0.5884433361963177	0.6752020568502948	0.35574778968332943	0.5269743379512247	0.5612578247388292	0.6752020568502948	0.9500912964090079	0.391304347826087	0.9682632520663201	0.6013797387467574	2	4	1685	3class	ordinal_forest	0.6842105263157895	
0.6369988306530976	0.7591153649558281	0.3910879625627906	0.5194261369038013	0.6307359061876678	0.7591153649558281	0.9409616555082166	0.6521739130434783	0.9654199441211206	0.6036946406596737	3	0	1685	3class	ordinal_forest	0.6842105263157895	
0.6402669347405495	0.7333885774063496	0.41013484010365653	0.5754265794141031	0.6193768445821509	0.7333885774063496	0.9562043795620438	0.5217391304347826	0.972101981780748	0.6180865939713506	3	1	1685	3class	ordinal_forest	0.7222222222222222	
0.6619786276543961	0.7973835466694877	0.42017258388609313	0.5473482433933743	0.6203796203796204	0.7973835466694877	0.9501216545012166	0.6086956521739131	0.970738127952583	0.6740658549620595	3	2	1685	3class	ordinal_forest	0.8333333333333334	
0.5812924883685898	0.7184604720362481	0.37268615645501935	0.5242733998778571	0.5267664868597054	0.7184604720362481	0.9470480827754109	0.375	0.9689186522690124	0.6037304712100803	3	3	1685	3class	ordinal_forest	0.8333333333333334	
0.685497957241132	0.8361854272701345	0.42207133312845513	0.5512077169080367	0.672388819711661	0.8361854272701345	0.9360925136944613	0.7391304347826086	0.9717439757729113	0.6736303267785243	3	4	1684	3class	ordinal_forest	0.8333333333333334	
0.6755774473130899	0.7917357217579369	0.4105645909774059	0.5518972459258085	0.6704877603215199	0.7917357217579369	0.9452554744525548	0.6521739130434783	0.9726720329706758	0.680434746858995	4	0	1685	3class	ordinal_forest	0.7777777777777778	
0.6511436098408677	0.7985707065364317	0.3938634995408923	0.5278388682737949	0.604936653714282	0.7985707065364317	0.9416058394160584	0.5652173913043478	0.9659521953846405	0.5832652768373316	4	1	1685	3class	ordinal_forest	0.8888888888888888	
0.6036122192984938	0.7494636397227098	0.39303181519123725	0.5073539075981193	0.5498143945248418	0.7494636397227098	0.9488740109555691	0.5217391304347826	0.9680629211938845	0.6024776923193413	4	2	1684	3class	ordinal_forest	0.7777777777777778	
0.6475790460189836	0.7641481256058249	0.408335784790597	0.5538970672144243	0.6334844908417309	0.7641481256058249	0.9452221545952526	0.625	0.9660117213993177	0.5946110609426012	4	3	1685	3class	ordinal_forest	0.7222222222222222	
0.6590857625340384	0.7954124773151753	0.4515633231226209	0.566999050114491	0.6246882070001331	0.7954124773151753	0.9537431527693244	0.6956521739130435	0.9752627735028306	0.6743066998281387	4	4	1685	3class	ordinal_forest	0.7368421052631579	
0.35767441860465116	0.35684438802496565	0.04310372414030788	0.009025769050733934	0.358816425120773	0.35684438802496565	0.9835766423357665	0.08695652173913043	0.5171807344590118	0.33609249710395006	0	0	1685	3class	prior_baseline	0.0	
0.34217054263565894	0.34235163440177724	0.028368529338843325	0.022508411648683113	0.3421497584541063	0.34235163440177724	0.9835766423357665	0.043478260869565216	0.5098340768612163	0.3341164079971682	0	1	1685	3class	prior_baseline	0.0	
0.32646048109965636	0.32765266788395214	-0.0011112753798226702	0.009015212169735776	0.3252769385699899	0.32765266788395214	0.9829580036518564	0.0	0.49831752458278206	0.3333915274154004	0	2	1684	3class	prior_baseline	0.0	
0.34151303884556383	0.34154155677284104	0.013049888799476089	-0.004730481793608021	0.34174718196457327	0.34154155677284104	0.9829580036518564	0.041666666666666664	0.5052660636130827	0.333884790419839	0	3	1685	3class	prior_baseline	0.0	
0.32615944225522886	0.3274497869750456	-0.01597905675743571	-0.018071326387020914	0.3248792270531401	0.3274497869750456	0.9823493609251369	0.0	0.4941522509527713	0.3331904005789448	0	4	1685	3class	prior_baseline	0.0	
0.32615944225522886	0.3274497869750456	-0.01597905675743571	-0.018071326387020914	0.3248792270531401	0.3274497869750456	0.9823493609251369	0.0	0.4941522509527713	0.3331904005789448	1	0	1685	3class	prior_baseline	0.0	
0.32626262626262625	0.32745336577453366	-0.015837055065550328	-0.017939516145164536	0.3250805152979066	0.32745336577453366	0.982360097323601	0.0	0.4941545804605801	0.3331938022148017	1	1	1685	3class	prior_baseline	0.0	
0.32626262626262625	0.32745336577453366	-0.015837055065550328	-0.017939516145164536	0.3250805152979066	0.32745336577453366	0.982360097323601	0.0	0.4941545804605801	0.3331938022148017	1	2	1685	3class	prior_baseline	0.0	
0.3263615236940487	0.32765266788395214	-0.0015124043310651095	0.008665924630306798	0.3250805152979066	0.32765266788395214	0.9829580036518564	0.0	0.49822127800869437	0.33338816991209086	1	3	1685	3class	prior_baseline	0.0	
0.3419643570686486	0.3421454215071405	0.013624061152629114	-0.004467574059247248	0.3419436052366566	0.3421454215071405	0.9829580036518564	0.043478260869565216	0.5056642425543201	0.33391822368721696	1	4	1684	3class	prior_baseline	0.0	
0.34257458303969934	0.34275714940583235	0.05783891894177243	0.07643898204047994	0.3425523349436393	0.34275714940583235	0.9847931873479319	0.043478260869565216	0.5181669156640568	0.3345131795399123	2	0	1685	3class	prior_baseline	0.0	
0.32666666666666666	0.3278588807785888	0.013633334537378774	0.03599105424663229	0.3254830917874396	0.3278588807785888	0.9835766423357665	0.0	0.5024874192634207	0.3335895942527051	2	1	1685	3class	prior_baseline	0.0	
0.32625833838690116	0.3274497869750456	-0.015846611912274454	-0.017950360288230494	0.32507552870090634	0.3274497869750456	0.9823493609251369	0.0	0.4941510434779223	0.3331936365257348	2	2	1684	3class	prior_baseline	0.0	
0.32615944225522886	0.3274497869750456	-0.016074697461606308	-0.01812688821752273	0.3248792270531401	0.3274497869750456	0.9823493609251369	0.0	0.49415158358598715	0.3331904005789448	2	3	1685	3class	prior_baseline	0.0	
0.34206748110186075	0.342348302416047	0.027706249845505078	0.021337886247315252	0.34194847020933977	0.342348302416047	0.9835666463785758	0.043478260869565216	0.5096382973959813	0.33411299801495226	2	4	1685	3class	prior_baseline	0.0	
0.32615944225522886	0.3274497869750456	-0.01597905675743571	-0.018071326387020914	0.3248792270531401	0.3274497869750456	0.9823493609251369	0.0	0.4941522509527713	0.3331904005789448	3	0	1685	3class	prior_baseline	0.0	
0.32626262626262625	0.32745336577453366	-0.015837055065550328	-0.017939516145164536	0.3250805152979066	0.32745336577453366	0.982360097323601	0.0	0.4941545804605801	0.3331938022148017	3	1	1685	3class	prior_baseline	0.0	
0.32626262626262625	0.32745336577453366	-0.015837055065550328	-0.017939516145164536	0.3250805152979066	0.32745336577453366	0.982360097323601	0.0	0.4941545804605801	0.3331938022148017	3	2	1685	3class	prior_baseline	0.0	
0.34151303884556383	0.34154155677284104	0.013049888799476089	-0.004730481793608021	0.34174718196457327	0.34154155677284104	0.9829580036518564	0.041666666666666664	0.5052660636130827	0.333884790419839	3	3	1685	3class	prior_baseline	0.0	
0.32625833838690116	0.3274497869750456	-0.015846611912274454	-0.017950360288230494	0.32507552870090634	0.3274497869750456	0.9823493609251369	0.0	0.4941510434779223	0.3331936365257348	3	4	1684	3class	prior_baseline	0.0	
0.32646464646464646	0.32765612327656124	-0.0011018602640857765	0.009025769050733934	0.3252818035426731	0.32765612327656124	0.9829683698296837	0.0	0.4983209998620004	0.3333915757956483	4	0	1685	3class	prior_baseline	0.0	
0.32666666666666666	0.3278588807785888	0.013633334537378774	0.03599105424663229	0.3254830917874396	0.3278588807785888	0.9835766423357665	0.0	0.5024874192634207	0.3335895942527051	4	1	1685	3class	prior_baseline	0.0	
0.32666262381241157	0.3278555487928586	0.013624061152629114	0.035980784627702156	0.32547834843907353	0.3278555487928586	0.9835666463785758	0.0	0.5024840056876418	0.3335896634783699	4	2	1684	3class	prior_baseline	0.0	
0.32615944225522886	0.3274497869750456	-0.016074697461606308	-0.01812688821752273	0.3248792270531401	0.3274497869750456	0.9823493609251369	0.0	0.49415158358598715	0.3331904005789448	4	3	1685	3class	prior_baseline	0.0	
0.32615944225522886	0.3274497869750456	-0.01597905675743571	-0.018071326387020914	0.3248792270531401	0.3274497869750456	0.9823493609251369	0.0	0.4941522509527713	0.3331904005789448	4	4	1685	3class	prior_baseline	0.0	
0.4323047594046419	0.7033690910935281	0.30647963305161596	0.4292389014809792	0.39272247360482654	0.7033690910935281	0.855143031040779	0.625	0.9606864884720754	0.47287732722446296	0	0	1685	4class	logistic_regression	0.5	0.8333333333333334
0.4724536010521086	0.8056967616730389	0.3685004740072852	0.4493658476486819	0.4116227726672932	0.8056967616730389	0.8874695863746959	0.875	0.9659929679092449	0.4605701046880495	0	1	1685	4class	logistic_regression	0.5714285714285714	0.8888888888888888
0.4479167786823141	0.7561993106244931	0.33396194739650303	0.39868133781107884	0.3919420018929405	0.7561993106244931	0.8886861313868614	0.7333333333333333	0.9643455165377306	0.44920400264835814	0	2	1685	4class	logistic_regression	0.625	0.7777777777777778
0.4370486731558983	0.798734530330696	0.34417090734270783	0.40122667116071586	0.38148271396193834	0.798734530330696	0.8782714546561169	0.7333333333333333	0.9691015004982174	0.45397963295934274	0	3	1684	4class	logistic_regression	0.75	0.8333333333333334
0.41266679577636134	0.6992203099806729	0.3006826284119227	0.39171121549672394	0.38020540290789245	0.6992203099806729	0.8569689592209373	0.9333333333333333	0.9603790596745723	0.4434965695652921	0	4	1685	4class	logistic_regression	0.375	0.631578947368421
0.44333863340115576	0.7370792781832928	0.35203596324095265	0.44391366746860983	0.3936579455945653	0.7370792781832928	0.8844282238442822	0.8	0.9682956985722365	0.4380722173575671	1	0	1685	4class	logistic_regression	0.375	0.8888888888888888
0.4139561454660839	0.7539582910664773	0.3347604659022873	0.3821878405106305	0.3681699082184192	0.7539582910664773	0.8630553864881315	1.0	0.9672879569127981	0.4472264199479793	1	1	1685	4class	logistic_regression	0.375	0.7777777777777778
0.43524220655040075	0.7723845269493474	0.32620072992770477	0.37378086829412926	0.38402041493440303	0.7723845269493474	0.8673158855751674	0.875	0.9602280920193964	0.46081703270983604	1	2	1685	4class	logistic_regression	0.625	0.7222222222222222
0.3984024013264542	0.6627078264395783	0.30057636714594066	0.38309738163496976	0.35814570686567915	0.6627078264395783	0.8813868613138686	0.5333333333333333	0.9634955945059629	0.44553751274118847	1	3	1685	4class	logistic_regression	0.625	0.6111111111111112
0.4572997076231229	0.7703555144709003	0.3543748513400931	0.4572451570407986	0.4050609432962374	0.7703555144709003	0.8819233110164334	0.7333333333333333	0.9637283062384056	0.48709509394323935	1	4	1684	4class	logistic_regression	0.5714285714285714	0.8947368421052632
0.41703861581663637	0.6767690592051906	0.3114032017538559	0.4256987048398091	0.37736959049771274	0.6767690592051906	0.8765206812652068	0.7333333333333333	0.9622533704270643	0.42829947518880096	2	0	1685	4class	logistic_regression	0.375	0.7222222222222222
0.44072770165235897	0.7704339115439237	0.3421107431627863	0.4155001539843709	0.3875338753387534	0.7704339115439237	0.8734023128423616	0.75	0.9650293630735132	0.43033831649626214	2	1	1685	4class	logistic_regression	0.625	0.8333333333333334
0.4477384395621792	0.7923817489282817	0.33288285388280686	0.41198333449184243	0.3965607383160574	0.7923817489282817	0.864963503649635	0.8125	0.9595881082894357	0.46366162306914094	2	2	1685	4class	logistic_regression	0.7142857142857143	0.7777777777777778
0.41371340042071747	0.6675314465408805	0.3245088575942286	0.4063803536807473	0.37658301642076847	0.6675314465408805	0.8867924528301887	0.8666666666666667	0.9584320108243121	0.42125971423879605	2	3	1684	4class	logistic_regression	0.25	0.6666666666666666
0.4063963350927633	0.6873175406562664	0.3253350081111348	0.4102898452807243	0.36460242097110074	0.6873175406562664	0.884357881923311	0.7333333333333333	0.9708488503545921	0.5053443068287597	2	4	1685	4class	logistic_regression	0.5	0.631578947368421
0.42394341205316816	0.6970607628322175	0.31436570180283613	0.4247596801724913	0.3842425337186898	0.6970607628322175	0.8715763846622033	0.625	0.9481602864630249	0.4249076640129443	3	0	1685	4class	logistic_regression	0.625	0.6666666666666666
0.43319766810158106	0.7612928687290001	0.3415458146747486	0.4084313489470486	0.38517163893669915	0.7612928687290001	0.8765206812652068	0.875	0.9725793975585931	0.4517188518573543	3	1	1685	4class	logistic_regression	0.5714285714285714	0.7222222222222222
0.43483000930731935	0.7333637469586375	0.32023103433519234	0.40640996032553056	0.38893498116939296	0.7333637469586375	0.8667883211678832	0.7333333333333333	0.9586121687647688	0.4455836676800188	3	2	1685	4class	logistic_regression	0.5	0.8333333333333334
0.4454999623462984	0.7886885439913438	0.3450892132023934	0.42369632174082217	0.3929551181584262	0.7886885439913438	0.8825319537431527	0.8	0.97111403164012	0.45191233915052764	3	3	1684	4class	logistic_regression	0.75	0.7222222222222222
0.43202065495819425	0.7357287962755336	0.3502016618020241	0.4253084712729954	0.3816443046460743	0.7357287962755336	0.8788800973828362	0.8666666666666667	0.9694488254189934	0.486417125155379	3	4	1685	4class	logistic_regression	0.25	0.9473684210526315
0.4491943296735708	0.7966396564708609	0.3494320000594658	0.41607005494212246	0.3924559101592182	0.7966396564708609	0.8819951338199513	0.8125	0.9713032517004603	0.4505058199152806	4	0	1685	4class	logistic_regression	0.7142857142857143	0.7777777777777778
0.40040204412281544	0.6901105028386051	0.28982877706098725	0.36504091300602926	0.36542001514140254	0.6901105028386051	0.8576642335766423	0.6666666666666666	0.9527722057136353	0.3999367035543401	4	1	1685	4class	logistic_regression	0.625	0.6111111111111112
0.40036812536374633	0.7094474876580781	0.2891021488016753	0.3475019475602381	0.361577027257598	0.7094474876580781	0.8600121728545344	0.8666666666666667	0.9575619250632945	0.40988178564102645	4	2	1684	4class	logistic_regression	0.5	0.6111111111111112
0.4667019008069632	0.8177928670453778	0.3854612251115233	0.43533542819121807	0.4037000648245685	0.8177928670453778	0.8892270237370663	0.9375	0.9724759207036122	0.5258912435975659	4	3	1685	4class	logistic_regression	0.5	0.9444444444444444
0.4241575234221793	0.6517868202154808	0.3251118901928316	0.4544931919154527	0.3825293769132023	0.6517868202154808	0.8764455264759586	0.5333333333333333	0.9634306222218179	0.4681670325952561	4	4	1685	4class	logistic_regression	0.25	0.9473684210526315
0.5404852456367515	0.657848743829039	0.363259058103182	0.664880696854266	0.5110596423303835	0.657848743829039	0.9300060864272672	0.4375	0.9646625092107308	0.5233442396693235	0	0	1685	4class	random_forest	0.375	0.8888888888888888
0.5209188609840345	0.678341516046808	0.4094116455555428	0.6183051802717218	0.4795719437845264	0.678341516046808	0.9385644768856448	0.6875	0.9698892362350353	0.5214875407989557	0	1	1685	4class	random_forest	0.14285714285714285	0.9444444444444444
0.5273718925166636	0.7082319545823196	0.4105497785033483	0.5710354838884406	0.48353195711238706	0.7082319545823196	0.9440389294403893	0.6666666666666666	0.9741861049658314	0.5172336506998516	0	2	1685	4class	random_forest	0.5	0.7222222222222222
0.5126198588100351	0.7132092378440522	0.3981741620309088	0.605750390191617	0.45850993007936797	0.7132092378440522	0.9306147291539866	0.5333333333333333	0.9769671048656492	0.5376586863616646	0	3	1684	4class	random_forest	0.5	0.8888888888888888
0.5278526324049295	0.680581494057725	0.4007873235105166	0.632292601979928	0.5097870666721805	0.680581494057725	0.9354838709677419	0.8	0.9694246147754076	0.4892745501089566	0	4	1685	4class	random_forest	0.25	0.7368421052631579
0.4870585960805309	0.6418694241686942	0.43037894852755426	0.6802758797130339	0.44763401354521715	0.6418694241686942	0.9452554744525548	0.7333333333333333	0.9801119212390239	0.5565151156577957	1	0	1685	4class	random_forest	0.0	0.8888888888888888
0.5536195908490087	0.7534246720091973	0.44887861899403164	0.6456678328650016	0.5135378763742866	0.7534246720091973	0.9373097991479001	0.9375	0.9753847550732684	0.5283739510974699	1	1	1685	4class	random_forest	0.25	0.8888888888888888
0.4981348238261073	0.7046339267599919	0.3832417473659647	0.5551660011553496	0.4515568275462706	0.7046339267599919	0.9227023737066342	0.8125	0.9619728766461997	0.4951914466863043	1	2	1685	4class	random_forest	0.25	0.8333333333333334
0.4989627858356576	0.6208181265206812	0.35827743986410576	0.6073461102279023	0.4626533429485933	0.6208181265206812	0.9416058394160584	0.3333333333333333	0.9696608925471559	0.49452295034047955	1	3	1685	4class	random_forest	0.375	0.8333333333333334
0.5594869922246669	0.7381673904786311	0.41122789832977497	0.6158468382853828	0.5058885116015845	0.7381673904786311	0.9391357273280584	0.6	0.9680678148581692	0.4975122000332046	1	4	1684	4class	random_forest	0.5714285714285714	0.8421052631578947
0.44410255762063977	0.5768045417680454	0.3517934763508545	0.5854467816357407	0.4127063748027174	0.5768045417680454	0.9294403892944039	0.6	0.9641897313153872	0.4679595863368211	2	0	1685	4class	random_forest	0.0	0.7777777777777778
0.5256094850167016	0.6471552292554271	0.38188250859385314	0.6091952633193038	0.488680299696025	0.6471552292554271	0.9427875836883749	0.4375	0.9716968582186979	0.4827710531991193	2	1	1685	4class	random_forest	0.375	0.8333333333333334
0.5166765216376951	0.6631473757386166	0.3844028182773981	0.6153557861024515	0.501970651083536	0.6631473757386166	0.9263990267639902	0.75	0.9720220462200235	0.5417684096227485	2	2	1685	4class	random_forest	0.14285714285714285	0.8333333333333334
0.4928565823692942	0.674300906201393	0.39990669442569604	0.5696343834526976	0.44837373862226704	0.674300906201393	0.9360925136944613	0.7333333333333333	0.9580911663748041	0.46441964443137385	2	3	1684	4class	random_forest	0.25	0.7777777777777778
0.4916622899159664	0.6144674776564052	0.3946488775390697	0.6282623828647924	0.4658095412106774	0.6144674776564052	0.9433962264150944	0.6	0.9757122253954089	0.5288491375896898	2	4	1685	4class	random_forest	0.125	0.7894736842105263
0.5132125073992827	0.603814795090282	0.339412779039024	0.613851317479339	0.5189713344930603	0.603814795090282	0.9360925136944613	0.4375	0.9598243901889156	0.4961494526949528	3	0	1685	4class	random_forest	0.375	0.6666666666666666
0.5330028121103778	0.6864300921098366	0.4041911459172103	0.6243286153430396	0.5023684099745331	0.6864300921098366	0.9391727493917275	0.6875	0.9736071827939569	0.5408220842440907	3	1	1685	4class	random_forest	0.2857142857142857	0.8333333333333334
0.4814021169945545	0.6190997566909976	0.3310738601567812	0.5472246731370819	0.4416990790278461	0.6190997566909976	0.9263990267639902	0.4666666666666667	0.9686889422800246	0.5025535252223381	3	2	1685	4class	random_forest	0.25	0.8333333333333334
0.5036811061049609	0.7164240549130994	0.44037189551349254	0.6216045272969374	0.4433193667827197	0.7164240549130994	0.9379184418746196	0.7333333333333333	0.9764798055262716	0.47512173384297524	3	3	1684	4class	random_forest	0.25	0.9444444444444444
0.5090280115283334	0.661166858869633	0.39027033716949006	0.5814305224663574	0.47718229176153437	0.661166858869633	0.938527084601339	0.6666666666666666	0.9701756128005699	0.490910301133195	3	4	1685	4class	random_forest	0.25	0.7894736842105263
0.5735916143781312	0.7888932336925037	0.4554413880415771	0.6218344382906259	0.5074052620739368	0.7888932336925037	0.9452554744525548	0.75	0.9767656673690028	0.5598780308195483	4	0	1685	4class	random_forest	0.5714285714285714	0.8888888888888888
0.47459146247508166	0.628867599351176	0.37306148900704894	0.5716078120614795	0.44478408872838926	0.628867599351176	0.9349148418491484	0.7333333333333333	0.963268219201793	0.4767257394984422	4	1	1685	4class	random_forest	0.125	0.7222222222222222
0.4648258389939766	0.5960666463785758	0.3396736973349771	0.5355033309281292	0.4390501110894397	0.5960666463785758	0.9342665855143031	0.5333333333333333	0.9679546073572555	0.4743837054894384	4	2	1684	4class	random_forest	0.25	0.6666666666666666
0.5705400236263933	0.751017574558734	0.46623014003236485	0.6949634230925263	0.52671876266303	0.751017574558734	0.9415702982349361	0.8125	0.969343820448999	0.5622108340628584	4	3	1685	4class	random_forest	0.25	1.0
0.4964921781601561	0.6014013464885586	0.37681849866761674	0.6427269787079368	0.46005285770559085	0.6014013464885586	0.9415702982349361	0.26666666666666666	0.9710114705727053	0.4927178219346196	4	4	1685	4class	random_forest	0.25	0.9473684210526315
0.46663431704771297	0.47052098126732944	0.36926798678656536	0.7387198983449492	0.46410234946146545	0.47052098126732944	0.9793061472915399	0.0	0.961436553736773	0.5001265992126467	0	0	1685	4class	extra_trees	0.125	0.7777777777777778
0.5898133429093567	0.6507357200787858	0.5044129161215956	0.7427141374589479	0.5497641432641434	0.6507357200787858	0.9799270072992701	0.25	0.9706854672026408	0.5401376762674985	0	1	1685	4class	extra_trees	0.42857142857142855	0.9444444444444444
0.51316697098803	0.5227392538523925	0.4187573487646747	0.6039081992453038	0.5061742358331883	0.5227392538523925	0.9854014598540146	0.13333333333333333	0.9710196244869977	0.5331235378636044	0	2	1685	4class	extra_trees	0.25	0.7222222222222222
0.5640889413616685	0.611103080408467	0.4940471748276749	0.7325030974997617	0.5367655572396952	0.611103080408467	0.9805234327449787	0.2	0.9761937942958825	0.5587242455749186	0	3	1684	4class	extra_trees	0.375	0.8888888888888888
0.4332737815583195	0.43681541040672284	0.3630907760593906	0.6400433473061431	0.43330480847595765	0.43681541040672284	0.9823493609251369	0.13333333333333333	0.9623005126744186	0.44141082652428776	0	4	1685	4class	extra_trees	0.0	0.631578947368421
0.5149050747442236	0.5343065693430658	0.4798616202461925	0.7655438402150639	0.49820218737901667	0.5343065693430658	0.9872262773722628	0.06666666666666667	0.9730178736428883	0.5226654876867086	1	0	1685	4class	extra_trees	0.25	0.8333333333333334
0.5389240945865597	0.5343904274024481	0.43350521642321915	0.7076695433488136	0.5537346263768023	0.5343904274024481	0.9847839318320146	0.125	0.9721762302194545	0.5177379486377593	1	1	1685	4class	extra_trees	0.25	0.7777777777777778
0.5573821475916672	0.6254015351322108	0.4278398019619405	0.6407652841746994	0.5193413729128015	0.6254015351322108	0.9738283627510651	0.25	0.9630397610954906	0.49694136942475053	1	2	1685	4class	extra_trees	0.5	0.7777777777777778
0.448569013779496	0.45754764801297654	0.3719330054515154	0.6870033642236486	0.44054291386682953	0.45754764801297654	0.9829683698296837	0.0	0.9672666155541079	0.5001105867698865	1	3	1685	4class	extra_trees	0.125	0.7222222222222222
0.4907665774284567	0.5401541742365652	0.4303959460226526	0.658055865277404	0.45889760163439086	0.5401541742365652	0.9756542909312234	0.2	0.9680030708604492	0.49245501750036286	1	4	1684	4class	extra_trees	0.14285714285714285	0.8421052631578947
0.4689021649225015	0.5056163828061638	0.44015479089138226	0.7180413052093884	0.44438781194295895	0.5056163828061638	0.9835766423357665	0.06666666666666667	0.9568587735601799	0.4806663842737784	2	0	1685	4class	extra_trees	0.25	0.7222222222222222
0.5538879214768543	0.5931762274294989	0.4230382623118076	0.6655483901098687	0.525646551724138	0.5931762274294989	0.9768715763846622	0.1875	0.970974520767425	0.5026218082998122	2	1	1685	4class	extra_trees	0.375	0.8333333333333334
0.5321979528816343	0.5553853840806395	0.4051432483182027	0.6862248949792698	0.5161317296534595	0.5553853840806395	0.9774939172749392	0.125	0.9647433063058242	0.5383510298044576	2	2	1685	4class	extra_trees	0.2857142857142857	0.8333333333333334
0.43848999605971717	0.47516357273280585	0.36778654870244715	0.5918655577973525	0.41404320987654325	0.47516357273280585	0.9756542909312234	0.13333333333333333	0.9638865918287374	0.4631993585958811	2	3	1684	4class	extra_trees	0.125	0.6666666666666666
0.5430099844993462	0.5375627329126225	0.5304992091030531	0.7977316472463108	0.5585772833723653	0.5375627329126225	0.9914790018259282	0.06666666666666667	0.9715165120286677	0.5432282179346999	2	4	1685	4class	extra_trees	0.25	0.8421052631578947
0.45639347202295555	0.4472805504835328	0.3672760757341556	0.683253734764834	0.47314212021603597	0.4472805504835328	0.9835666463785758	0.125	0.9634719870618929	0.49658466167532633	3	0	1685	4class	extra_trees	0.125	0.5555555555555556
0.49788517214719286	0.5119192445834782	0.3824683402494811	0.6468005551936096	0.4861120014815764	0.5119192445834782	0.9841849148418491	0.0	0.9674514500102593	0.5105027990717554	3	1	1685	4class	extra_trees	0.2857142857142857	0.7777777777777778
0.45920961912358627	0.5006640308191403	0.33245650429478346	0.6045510083108525	0.4395822517845555	0.5006640308191403	0.9665450121654501	0.13333333333333333	0.9625669580724255	0.485091456445075	3	2	1685	4class	extra_trees	0.125	0.7777777777777778
0.5446874589092244	0.5819169709880301	0.510087616846073	0.7555695994409848	0.5153132601026149	0.5819169709880301	0.9860012172854534	0.13333333333333333	0.9750489162182812	0.4914826223922476	3	3	1684	4class	extra_trees	0.375	0.8333333333333334
0.5528211894513902	0.5693744594291572	0.4918072642652163	0.7158810864095048	0.5439711300508315	0.5693744594291572	0.985392574558734	0.2	0.9667450040827601	0.5028398895041357	3	4	1685	4class	extra_trees	0.25	0.8421052631578947
0.5547766576639006	0.6196377882053065	0.4759180230076959	0.7076473592956989	0.5098140598140598	0.6196377882053065	0.9805352798053528	0.125	0.9756956336454405	0.557878649563132	4	0	1685	4class	extra_trees	0.42857142857142855	0.9444444444444444
0.4952367772489724	0.5077858880778588	0.39632008584986705	0.644869661674986	0.48671496685718824	0.5077858880778588	0.9811435523114356	0.13333333333333333	0.9613986045333376	0.47597830874760516	4	1	1685	4class	extra_trees	0.25	0.6666666666666666
0.469194860538963	0.4781404274024481	0.3923017491816637	0.6326054547539599	0.46112878349720454	0.4781404274024481	0.9847839318320146	0.06666666666666667	0.9619770270431646	0.445177229854391	4	2	1684	4class	extra_trees	0.25	0.6111111111111112
0.49907736709874717	0.5042678957868398	0.39682274510844273	0.6414017988113618	0.49690552148843536	0.5042678957868398	0.9823493609251369	0.1875	0.9713898101940772	0.5267311347006358	4	3	1685	4class	extra_trees	0.125	0.7222222222222222
0.4994902744673597	0.5301939514794289	0.45759262621550467	0.7642916121460908	0.47947597137014314	0.5301939514794289	0.9817407181984176	0.06666666666666667	0.965875694818923	0.5008034287100434	4	4	1685	4class	extra_trees	0.125	0.9473684210526315
0.5423813909271857	0.563081169270305	0.5149366280122087	0.7661982923918803	0.5284660164041771	0.563081169270305	0.9884357881923311	0.125	0.9415496196534034	0.5095875848521236	0	0	1685	4class	hist_gradient_boosting	0.25	0.8888888888888888
0.565581047717114	0.5717073629938593	0.48525944504951996	0.7315604259301932	0.5615401196997363	0.5717073629938593	0.9872262773722628	0.125	0.95642067142972	0.5425756852018155	0	1	1685	4class	hist_gradient_boosting	0.2857142857142857	0.8888888888888888
0.5086899564316443	0.5130829278183293	0.42160466122651885	0.6074834388876755	0.5119012367324807	0.5130829278183293	0.9884428223844283	0.13333333333333333	0.9333416910974822	0.5265473495017283	0	2	1685	4class	hist_gradient_boosting	0.375	0.5555555555555556
0.5839971803723936	0.6001052444714953	0.586000662195889	0.8002292599701429	0.587075591683256	0.6001052444714953	0.9920876445526476	0.2	0.9574678141968225	0.5263898053038545	0	3	1684	4class	hist_gradient_boosting	0.375	0.8333333333333334
0.4688945275354671	0.48107114446188515	0.38129368991147355	0.6171579055062242	0.4598395488303745	0.48107114446188515	0.9817407181984176	0.13333333333333333	0.9380650106542826	0.44499585599422964	0	4	1685	4class	hist_gradient_boosting	0.125	0.6842105263157895
0.4633691096497088	0.48862530413625305	0.46718220012413364	0.7440638210644461	0.44363625130187645	0.48862530413625305	0.9878345498783455	0.13333333333333333	0.9423923994469716	0.5184769388552614	1	0	1685	4class	hist_gradient_boosting	0.0	0.8333333333333334
0.5420855118403242	0.5503197487658078	0.47991700568118845	0.710326024411694	0.5351135873036261	0.5503197487658078	0.9860012172854534	0.3125	0.9467063887041105	0.5303411640333359	1	1	1685	4class	hist_gradient_boosting	0.125	0.7777777777777778
0.5033782893720717	0.5189175880841279	0.4133967792963962	0.6069838439649409	0.5057289421905744	0.5189175880841279	0.985392574558734	0.0625	0.9586806759912638	0.5038226914530224	1	2	1685	4class	hist_gradient_boosting	0.25	0.7777777777777778
0.42937104139048454	0.42968369829683695	0.3778443829189743	0.7008996087731381	0.4290923979280926	0.42968369829683695	0.9854014598540146	0.06666666666666667	0.9494818616829535	0.47930330223262496	1	3	1685	4class	hist_gradient_boosting	0.0	0.6666666666666666
0.46809223301663994	0.48339610438146485	0.43630968935263253	0.6461137485858084	0.4565508926044858	0.48339610438146485	0.9872185027388922	0.06666666666666667	0.9707003796531926	0.4899069982278441	1	4	1684	4class	hist_gradient_boosting	0.14285714285714285	0.7368421052631579
0.477052401946019	0.4785127737226277	0.4411872574977753	0.662886045987376	0.4798570697704163	0.4785127737226277	0.9890510948905109	0.13333333333333333	0.8877671258673026	0.457241315857984	2	0	1685	4class	hist_gradient_boosting	0.125	0.6666666666666666
0.5076077554085234	0.5184611060390883	0.39879235117993933	0.6421972554989299	0.49788065215917565	0.5184611060390883	0.9835666463785758	0.0625	0.9692926880460524	0.4850840956717566	2	1	1685	4class	hist_gradient_boosting	0.25	0.7777777777777778
0.46270794858214903	0.46970042579075433	0.3804783063769026	0.6754238146673193	0.45636018432291836	0.46970042579075433	0.9829683698296837	0.0625	0.9647074407016126	0.5071083965303507	2	2	1685	4class	hist_gradient_boosting	0.0	0.8333333333333334
0.47958680760073924	0.5052237607357815	0.42732677745478553	0.6320231036597833	0.47531288156288154	0.5052237607357815	0.9847839318320146	0.13333333333333333	0.9306080766701902	0.48584205478345505	2	3	1684	4class	hist_gradient_boosting	0.125	0.7777777777777778
0.47259410303285987	0.4773542193890081	0.4567818003385071	0.7650314154690806	0.4680877567622534	0.4773542193890081	0.9866098600121729	0.13333333333333333	0.9627489354211369	0.501095864680108	2	4	1685	4class	hist_gradient_boosting	0.0	0.7894736842105263
0.5025817294968683	0.4783160461892203	0.42211244955955646	0.7090434639473391	0.5363260828976848	0.4783160461892203	0.9896530736457699	0.0625	0.914477041296218	0.48896827122338216	3	0	1685	4class	hist_gradient_boosting	0.25	0.6111111111111112
0.4756264423149731	0.47854934248638625	0.39759147323453636	0.6107951450175415	0.47406866183461926	0.47854934248638625	0.98661800486618	0.0625	0.909852571956623	0.4937677454484357	3	1	1685	4class	hist_gradient_boosting	0.14285714285714285	0.7222222222222222
0.42347226455348974	0.44296431467964315	0.37187962163268995	0.6396492728828058	0.4076780813309444	0.44296431467964315	0.9829683698296837	0.06666666666666667	0.9509980324325795	0.5014363763856788	3	2	1685	4class	hist_gradient_boosting	0.0	0.7222222222222222
0.4729828496846713	0.5303759214174613	0.4815170857233197	0.7301431390994779	0.44309184945467867	0.5303759214174613	0.985392574558734	0.06666666666666667	0.9722972030231367	0.4698445393673145	3	3	1684	4class	hist_gradient_boosting	0.125	0.9444444444444444
0.5034553361103838	0.5349200088626923	0.48545688290620026	0.7013876413495759	0.4856798971128239	0.5349200088626923	0.9866098600121729	0.13333333333333333	0.9206502777956472	0.49466686761124057	3	4	1685	4class	hist_gradient_boosting	0.125	0.8947368421052632
0.4979486989398769	0.5208242816591356	0.47926332171507996	0.7232476298946948	0.4843674398986354	0.5208242816591356	0.9890510948905109	0.0625	0.9557329926339946	0.5185834064846948	4	0	1685	4class	hist_gradient_boosting	0.14285714285714285	0.8888888888888888
0.4555712236983378	0.4471968775344688	0.3599370158023844	0.6157064425262617	0.46510258358662615	0.4471968775344688	0.9860097323600974	0.06666666666666667	0.9251569159235492	0.4549065824244506	4	1	1685	4class	hist_gradient_boosting	0.125	0.6111111111111112
0.439607033492035	0.4474990701291675	0.38495546170493394	0.6130675385002948	0.434154501216545	0.4474990701291675	0.9872185027388922	0.06666666666666667	0.953839544442451	0.4409191461224022	4	2	1684	4class	hist_gradient_boosting	0.125	0.6111111111111112
0.5135216985075175	0.5302472188408738	0.5098036088642661	0.783538177542819	0.49949165797705947	0.5302472188408738	0.9890444309190505	0.1875	0.9662591423811214	0.5310462020147791	4	3	1685	4class	hist_gradient_boosting	0.0	0.9444444444444444
0.5435017125187279	0.5782067863664029	0.5546371048871321	0.7805056689286671	0.5196886446886446	0.5782067863664029	0.9878271454656117	0.2	0.9454197554510513	0.5354107041568943	4	4	1685	4class	hist_gradient_boosting	0.125	1.0
0.42729486016453055	0.443835801717725	0.5169427088185771	0.7019633276339838	0.41291065705128205	0.443835801717725	0.9975654290931223	0.0	0.9534118718939407	0.48498829354593304	0	0	1685	4class	svm_rbf	0.0	0.7777777777777778
0.39022080661128566	0.36080697485806973	0.39087862431621406	0.481244430041319	0.4450746268656717	0.36080697485806973	0.9987834549878345	0.0	0.9710410665165939	0.5044880138098443	0	1	1685	4class	svm_rbf	0.0	0.4444444444444444
0.3852185570867369	0.3606549067315491	0.37194344621087666	0.46171377369148947	0.42688986640599547	0.3606549067315491	0.9981751824817519	0.0	0.9527101274015404	0.48379364900370786	0	2	1685	4class	svm_rbf	0.0	0.4444444444444444
0.3903699556397777	0.36095895042943127	0.4158282745007636	0.5168453661198678	0.445221027479092	0.36095895042943127	0.9993913572732805	0.0	0.9660656440793818	0.5127025403840011	0	3	1684	4class	svm_rbf	0.0	0.4444444444444444
0.4191640786749482	0.4075904154787455	0.49691410605192776	0.6582502385615157	0.4333058717795087	0.4075904154787455	0.9987827145465612	0.0	0.9658448341837287	0.4777743904389097	0	4	1685	4class	svm_rbf	0.0	0.631578947368421
0.4510888009049774	0.4305555555555556	0.560231614337253	0.730924847712776	0.4781033598358554	0.4305555555555556	1.0	0.0	0.9616536999858378	0.5345811640560993	1	0	1685	4class	svm_rbf	0.0	0.7222222222222222
0.4240551292980961	0.41621018462162707	0.47754186171686525	0.6390722059588531	0.4331560814859197	0.41621018462162707	0.9981740718198417	0.0	0.9706625362698988	0.4948911760337924	1	1	1685	4class	svm_rbf	0.0	0.6666666666666666
0.42947891227396207	0.41636234530330696	0.49377407868572687	0.6562933131096524	0.4456586826347305	0.41636234530330696	0.9987827145465612	0.0	0.962842067376559	0.4829768277819446	1	2	1685	4class	svm_rbf	0.0	0.6666666666666666
0.3764689287520915	0.3606549067315491	0.38465582733916864	0.5094162305594456	0.399210986382039	0.3606549067315491	0.9981751824817519	0.0	0.9606301672076498	0.43849241431090646	1	3	1685	4class	svm_rbf	0.0	0.4444444444444444
0.36011287889845767	0.3414966204311753	0.33246481721511734	0.40312206187413246	0.39089912280701755	0.3414966204311753	0.9975654290931223	0.0	0.9464679718167834	0.4266166118765715	1	4	1684	4class	svm_rbf	0.0	0.3684210526315789
0.4190878888553307	0.41605839416058393	0.4732960284886964	0.6561880510604414	0.4224213980733265	0.41605839416058393	0.9975669099756691	0.0	0.9664888428089096	0.5109674324619639	2	0	1685	4class	svm_rbf	0.0	0.6666666666666666
0.40934924694515484	0.4023212957327382	0.45799472125790935	0.6218851681473698	0.4175310814859197	0.4023212957327382	0.9981740718198417	0.0	0.965399329219901	0.4966992770427342	2	1	1685	4class	svm_rbf	0.0	0.6111111111111112
0.3770693886657742	0.3470701540957015	0.38650119601752914	0.45481663010192896	0.43952201007690267	0.3470701540957015	0.9993917274939172	0.0	0.9639365503467596	0.44384443451652533	2	2	1685	4class	svm_rbf	0.0	0.3888888888888889
0.32106021030071663	0.3049469128288361	0.22856615676420022	0.2829154350207742	0.3557379767827529	0.3049469128288361	0.9975654290931223	0.0	0.9532520602674663	0.3944449309031146	2	3	1684	4class	svm_rbf	0.0	0.2222222222222222
0.39259796101015604	0.36811673126821925	0.4185531877019382	0.5283015393002244	0.43271817095038856	0.36811673126821925	0.9987827145465612	0.0	0.9497302724432739	0.48851529222894335	2	4	1685	4class	svm_rbf	0.0	0.47368421052631576
0.4083031946955998	0.375	0.4601518225376497	0.5554622856457608	0.4702238805970149	0.375	1.0	0.0	0.9394053786292855	0.45675046725938273	3	0	1685	4class	svm_rbf	0.0	0.5
0.34714027694160143	0.31914030819140304	0.29094892301918407	0.32935248823201113	0.4232079005618934	0.31914030819140304	0.9987834549878345	0.0	0.9488708795840711	0.4482534398643112	3	1	1685	4class	svm_rbf	0.0	0.2777777777777778
0.4026106295857496	0.3746958637469586	0.4195831943668059	0.5207939692619358	0.44976648202454655	0.3746958637469586	0.9987834549878345	0.0	0.9589757588734477	0.48742180547253533	3	2	1685	4class	svm_rbf	0.0	0.5
0.4195357304557803	0.4024734564144181	0.47569700423282135	0.6220825852782765	0.44208725406330196	0.4024734564144181	0.9987827145465612	0.0	0.9810265973167113	0.5541674297959354	3	3	1684	4class	svm_rbf	0.0	0.6111111111111112
0.3758540372670807	0.3676602492231797	0.37962873433355004	0.5069839507116947	0.3859815008987417	0.3676602492231797	0.996956786366403	0.0	0.9732935294259347	0.4785362256513207	3	4	1685	4class	svm_rbf	0.0	0.47368421052631576
0.3955879071842927	0.3609590429845904	0.41282089029854824	0.49702437486823126	0.4672997878546804	0.3609590429845904	0.9993917274939172	0.0	0.9722109926652627	0.48019145101838145	4	0	1685	4class	svm_rbf	0.0	0.4444444444444444
0.4295550556866188	0.41636253041362525	0.4998370181205386	0.6406056049930943	0.44580838323353295	0.41636253041362525	0.9987834549878345	0.0	0.9552551309989641	0.4481460051713043	4	1	1685	4class	svm_rbf	0.0	0.6666666666666666
0.3836462450592885	0.37423919659160076	0.37729833138520363	0.499200554189131	0.39535650089874175	0.37423919659160076	0.996956786366403	0.0	0.9506043019515125	0.44862257929167926	4	2	1684	4class	svm_rbf	0.0	0.5
0.3626737720111214	0.3331811726516535	0.35065561203859247	0.4204975352516336	0.43228234943351224	0.3331811726516535	0.9993913572732805	0.0	0.9624348665619679	0.44552943870555506	4	3	1685	4class	svm_rbf	0.0	0.3333333333333333
0.4283658847612336	0.4207483102155877	0.5194744545423381	0.690980737114933	0.4371297079983072	0.4207483102155877	0.9987827145465612	0.0	0.9633180638282294	0.48170197773752854	4	4	1685	4class	svm_rbf	0.0	0.6842105263157895
0.4332915116379683	0.4293382701021167	0.461963402338108	0.757850498031188	0.4375598340602064	0.4293382701021167	0.9951308581862447	0.0	0.7274362966918925	0.48121881527407373	0	0	1685	4class	k_nearest_neighbors	0.0	0.7222222222222222
0.43209444409088016	0.4438361719383617	0.523309263167564	0.7342493204315839	0.42139423076923077	0.4438361719383617	0.9975669099756691	0.0	0.8467002491088257	0.479088605199228	0	1	1685	4class	k_nearest_neighbors	0.0	0.7777777777777778
0.49294896681132694	0.4338757096512571	0.5160971816505721	0.6541335353981028	0.7456638755980861	0.4338757096512571	0.9993917274939172	0.0	0.7761693009680206	0.5277525030740182	0	2	1685	4class	k_nearest_neighbors	0.125	0.6111111111111112
0.4927023846842304	0.47508580171772496	0.5443617414077436	0.7630594039902823	0.6807508391918424	0.47508580171772496	0.9975654290931223	0.0	0.7844997387651147	0.46647363584552193	0	3	1684	4class	k_nearest_neighbors	0.125	0.7777777777777778
0.4318670125570958	0.4334497229073902	0.49952620550509336	0.6956668146266052	0.4303042763157895	0.4334497229073902	0.996956786366403	0.0	0.7638258200773238	0.3968619305323697	0	4	1685	4class	k_nearest_neighbors	0.0	0.7368421052631579
0.40050917523694296	0.40186536901865366	0.44925493073857203	0.7077329471766269	0.3991676694745287	0.40186536901865366	0.9963503649635036	0.0	0.7845655666874213	0.4264344126363681	1	0	1685	4class	k_nearest_neighbors	0.0	0.6111111111111112
0.4279080517734073	0.4293382701021167	0.4436512378568551	0.6792257841582986	0.4264941837144003	0.4293382701021167	0.9951308581862447	0.0	0.7746833619726385	0.44401340322562177	1	1	1685	4class	k_nearest_neighbors	0.0	0.7222222222222222
0.44202460173422065	0.4435314803543653	0.48757372681083455	0.7077571296504033	0.4405358455268257	0.4435314803543653	0.9963481436396835	0.0	0.7607918196826733	0.45895846860288414	1	2	1685	4class	k_nearest_neighbors	0.0	0.7777777777777778
0.414324569356301	0.40201743714517435	0.4478332809581533	0.6943964410984687	0.4294294294294294	0.40201743714517435	0.9969586374695864	0.0	0.7576777675281156	0.4535515849779982	1	3	1685	4class	k_nearest_neighbors	0.0	0.6111111111111112
0.4048769961156668	0.3942803600602236	0.46829804859069796	0.6077256875116471	0.4178258098380324	0.3942803600602236	0.9981740718198417	0.0	0.8157243455988145	0.44371880839906197	1	4	1684	4class	k_nearest_neighbors	0.0	0.5789473684210527
0.4146267754608643	0.4162104622871046	0.5011301555195464	0.7137063811370958	0.41306306306306306	0.4162104622871046	0.9981751824817519	0.0	0.7917414601334988	0.44062759697257364	2	0	1685	4class	k_nearest_neighbors	0.0	0.6666666666666666
0.41379310344827586	0.4014083316426591	0.3872986244872505	0.6250273890060529	0.4289737422329124	0.4014083316426591	0.9945222154595252	0.0	0.7896027242453559	0.43191359889260705	2	1	1685	4class	k_nearest_neighbors	0.0	0.6111111111111112
0.41394434361766486	0.40140916463909165	0.3995480185109146	0.6305086150483199	0.42927196149217806	0.40140916463909165	0.9945255474452555	0.0	0.7597221938249968	0.4845711013033512	2	2	1685	4class	k_nearest_neighbors	0.0	0.6111111111111112
0.45068838670647693	0.41937808548048966	0.45390136860134517	0.6655435422669923	0.5010494241176743	0.41937808548048966	0.996956786366403	0.0	0.7909725216350705	0.4435943968168499	2	3	1684	4class	k_nearest_neighbors	0.125	0.5555555555555556
0.4424033195578403	0.4337540442707499	0.5336623647929857	0.7777435807245867	0.45227658371040724	0.4337540442707499	0.9981740718198417	0.0	0.7713391243291032	0.44956665828204584	2	4	1685	4class	k_nearest_neighbors	0.0	0.7368421052631579
0.40872234674982943	0.3881280854804896	0.41203050884208264	0.6216781772297413	0.4379585621337271	0.3881280854804896	0.996956786366403	0.0	0.7434394761469217	0.4761833019839107	3	0	1685	4class	k_nearest_neighbors	0.0	0.5555555555555556
0.4026075375106653	0.37439172749391725	0.39768207151281654	0.5660720723814102	0.45005443658138267	0.37439172749391725	0.9975669099756691	0.0	0.7356000622752119	0.4432706254734625	3	1	1685	4class	k_nearest_neighbors	0.0	0.5
0.4332973672852827	0.42979521492295214	0.4782483812061139	0.6542617444111661	0.43712484993997597	0.42979521492295214	0.9969586374695864	0.0	0.7644083197509148	0.45442115341181993	3	2	1685	4class	k_nearest_neighbors	0.0	0.7222222222222222
0.42257428744693754	0.44292283762764595	0.4712204639769643	0.7436083335266687	0.4057676462510299	0.44292283762764595	0.9939135727328059	0.0	0.826613293983549	0.41567520769651645	3	3	1684	4class	k_nearest_neighbors	0.0	0.7777777777777778
0.43201820699314053	0.43360188358907004	0.5165412372945838	0.7323544878487349	0.43045451670040485	0.43360188358907004	0.9975654290931223	0.0	0.7789976012471194	0.44140029965656546	3	4	1685	4class	k_nearest_neighbors	0.0	0.7368421052631579
0.42310459279606283	0.4293390105433901	0.4494026848777338	0.661167150680191	0.4171416809170942	0.4293390105433901	0.9951338199513382	0.0	0.8286786795776024	0.5067000039570413	4	0	1685	4class	k_nearest_neighbors	0.0	0.7222222222222222
0.41425120772946855	0.3882806163828062	0.42989238946574404	0.6354218237160094	0.454136690647482	0.3882806163828062	0.9975669099756691	0.0	0.7757055143071397	0.44974374809814777	4	1	1685	4class	k_nearest_neighbors	0.0	0.5555555555555556
0.40375679963735267	0.3881280854804896	0.41715723491815626	0.6321289534255918	0.42436974789915966	0.3881280854804896	0.996956786366403	0.0	0.7685695493254225	0.41777988368119184	4	2	1684	4class	k_nearest_neighbors	0.0	0.5555555555555556
0.4250038959015116	0.4023212957327382	0.4578058193294181	0.643955579555326	0.45719454302438123	0.4023212957327382	0.9981740718198417	0.0	0.7680441794173177	0.43263590280638886	4	3	1685	4class	k_nearest_neighbors	0.0	0.6111111111111112
0.5161633363608841	0.5043255677995964	0.5969322143963709	0.8230511856387339	0.6992183017785427	0.5043255677995964	0.9975654290931223	0.0	0.7720766769397558	0.46121719107565656	4	4	1685	4class	k_nearest_neighbors	0.125	0.8947368421052632
0.4998182276210814	0.6141067745316833	0.4033125266653281	0.6869789847190271	0.4680600497292142	0.6141067745316833	0.9494826536822885	0.5625	0.9656437969684505	0.5267221470236167	0	0	1685	4class	ordinal_forest	0.0	0.9444444444444444
0.49481949596126296	0.584904703974047	0.3684136083847012	0.6393380914774112	0.4727805960684845	0.584904703974047	0.9507299270072993	0.5	0.970097497369711	0.5267322107937769	0	1	1685	4class	ordinal_forest	0.0	0.8888888888888888
0.4939735624627364	0.6022455393349554	0.36810529995043006	0.5281512156341588	0.46513011489610756	0.6022455393349554	0.9562043795620438	0.4666666666666667	0.9659745538687481	0.5057908786445033	0	2	1685	4class	ordinal_forest	0.375	0.6111111111111112
0.48320857914096244	0.5757836275106513	0.3640564664311367	0.6225610999694076	0.44791696645635093	0.5757836275106513	0.953134510042605	0.26666666666666666	0.9686065094019074	0.5167515918571299	0	3	1684	4class	ordinal_forest	0.25	0.8333333333333334
0.47975129198966404	0.5574050864379452	0.3497376120726179	0.5727962307226673	0.4647129161399073	0.5574050864379452	0.9537431527693244	0.4666666666666667	0.9627080258863091	0.43414527286097804	0	4	1685	4class	ordinal_forest	0.125	0.6842105263157895
0.48731283664611713	0.6168288726682887	0.4348810205510701	0.6480920795487028	0.45429076464274354	0.6168288726682887	0.9562043795620438	0.7333333333333333	0.9685699040809173	0.5077165769327117	1	0	1685	4class	ordinal_forest	0.0	0.7777777777777778
0.5264896867838045	0.6059725180902144	0.38399501672281766	0.6181145531885905	0.514234223964046	0.6059725180902144	0.9586122945830797	0.5625	0.9638755470026341	0.49312147643208726	1	1	1685	4class	ordinal_forest	0.125	0.7777777777777778
0.47170671481660775	0.5731110942043687	0.33289581333594515	0.5402921400310582	0.44386510285932557	0.5731110942043687	0.9452221545952526	0.5	0.9677834222075407	0.5092104642166484	1	2	1685	4class	ordinal_forest	0.125	0.7222222222222222
0.489931096750592	0.5814983779399838	0.37809801876488824	0.6585255066387141	0.45972523990584824	0.5814983779399838	0.9537712895377128	0.4	0.9759369933524512	0.5039385813689127	1	3	1685	4class	ordinal_forest	0.25	0.7222222222222222
0.43046319208165784	0.47325495723484	0.2975643104942599	0.5292036371635991	0.4123443863966726	0.47325495723484	0.956177723676202	0.2	0.9604206407929085	0.4652600475211147	1	4	1684	4class	ordinal_forest	0.0	0.7368421052631579
0.46174189017637685	0.5467761557177616	0.36017887979447294	0.6496700418693606	0.43272694772158515	0.5467761557177616	0.9537712895377128	0.4	0.9606988145588685	0.489329342475458	2	0	1685	4class	ordinal_forest	0.0	0.8333333333333334
0.5216546124335586	0.6194672685466964	0.36539051160363445	0.5991142263664064	0.4844552558389247	0.6194672685466964	0.9500912964090079	0.375	0.9668352765290861	0.4826702434989619	2	1	1685	4class	ordinal_forest	0.375	0.7777777777777778
0.47771104273352416	0.5372856563549995	0.29260259565766855	0.4697834634705994	0.501649132610914	0.5372856563549995	0.9507299270072993	0.5	0.9670658437868418	0.5022556106530893	2	2	1685	4class	ordinal_forest	0.14285714285714285	0.5555555555555556
0.46562873710475017	0.5795796138500033	0.3649249296137178	0.5789307215075985	0.42725984555180885	0.5795796138500033	0.9488740109555691	0.4666666666666667	0.967279805690818	0.47033927112518953	2	3	1684	4class	ordinal_forest	0.125	0.7777777777777778
0.4686558086936057	0.5287418180265027	0.383420906793391	0.6496064728753002	0.4590670721442739	0.5287418180265027	0.9640900791235545	0.4666666666666667	0.9673475558705731	0.49076867724831996	2	4	1685	4class	ordinal_forest	0.0	0.6842105263157895
0.48849613281133014	0.5454854771082708	0.3006908394055924	0.5325443938977495	0.4968794343489027	0.5454854771082708	0.945830797321972	0.375	0.9507218397149385	0.5143823447586424	3	0	1685	4class	ordinal_forest	0.25	0.6111111111111112
0.4734732378268154	0.5467989659367396	0.35592297827311625	0.5544959018910857	0.46807409324509186	0.5467989659367396	0.958029197080292	0.5625	0.9756653505087628	0.5183889164505353	3	1	1685	4class	ordinal_forest	0.0	0.6666666666666666
0.4548050954447028	0.5469687753446878	0.3257395082297929	0.5506692828571595	0.4340931662897417	0.5469687753446878	0.9434306569343066	0.4666666666666667	0.9632822077049409	0.4878604198901292	3	2	1685	4class	ordinal_forest	0.0	0.7777777777777778
0.5233091343466072	0.658165111246365	0.45300255529924294	0.6649314304128449	0.46836052086775326	0.658165111246365	0.960438222763238	0.5333333333333333	0.9736213308854951	0.4650088971372042	3	3	1684	4class	ordinal_forest	0.25	0.8888888888888888
0.44212424562794594	0.49510416332980967	0.33651666050494294	0.5741995156981038	0.4246766774891775	0.49510416332980967	0.9628727936701157	0.3333333333333333	0.9607595017533299	0.4656710126022778	3	4	1685	4class	ordinal_forest	0.0	0.6842105263157895
0.518177072448953	0.6122588633993744	0.3677547480679288	0.59987904721019	0.4788593658433187	0.6122588633993744	0.9549878345498783	0.375	0.9736655464088241	0.5431343124227228	4	0	1685	4class	ordinal_forest	0.2857142857142857	0.8333333333333334
0.4793970219666813	0.5846867396593673	0.35465842379055573	0.5633861347413709	0.46334396247035525	0.5846867396593673	0.9470802919708029	0.6	0.9651938024583442	0.4879335902894211	4	1	1685	4class	ordinal_forest	0.125	0.6666666666666666
0.5071482378013258	0.6305783796578075	0.37249056818917753	0.5584843029802216	0.4737685302837781	0.6305783796578075	0.9500912964090079	0.6	0.952088304359874	0.4708736150578605	4	2	1684	4class	ordinal_forest	0.25	0.7222222222222222
0.44001765980301133	0.4854200480151485	0.3047316676000611	0.5247555508764816	0.440780377286168	0.4854200480151485	0.9555690809494827	0.375	0.9675655717157549	0.4777186230869882	4	3	1685	4class	ordinal_forest	0.0	0.6111111111111112
0.47660643632770416	0.5408794353503966	0.36173058081308906	0.6438429402695578	0.4507431182049503	0.5408794353503966	0.9494826536822885	0.26666666666666666	0.9610782059913998	0.48090012343357474	4	4	1685	4class	ordinal_forest	0.0	0.9473684210526315
0.24469375379017586	0.24558734023128423	-0.00060270639354212	0.011327073686575151	0.24380664652567977	0.24558734023128423	0.9823493609251369	0.0	0.4985222809085766	0.2500374280328824	0	0	1685	4class	prior_baseline	0.0	0.0
0.24461958169142164	0.24543795620437955	-0.014801319595005823	-0.01830008012999862	0.24380664652567977	0.24543795620437955	0.9817518248175182	0.0	0.4954715316809097	0.24989174475830586	0	1	1685	4class	prior_baseline	0.0	0.0
0.24461958169142164	0.24543795620437955	-0.014766088391898403	-0.018383278771090472	0.24380664652567977	0.24543795620437955	0.9817518248175182	0.0	0.49547171235068677	0.24989174475830586	0	2	1685	4class	prior_baseline	0.0	0.0
0.2446163178647255	0.2454351795496044	-0.014774990644554556	-0.0183943960086681	0.24380290205562274	0.2454351795496044	0.9817407181984176	0.0	0.4954689764904383	0.24989161621045147	0	3	1684	4class	prior_baseline	0.0	0.0
0.24469375379017586	0.24558734023128423	-0.000713076461021423	-0.003969283716803718	0.24380664652567977	0.24558734023128423	0.9823493609251369	0.0	0.49852169466022156	0.25003742803288237	0	4	1685	4class	prior_baseline	0.0	0.0
0.2674984154978092	0.26225669099756693	0.014181973202457395	-0.013391203875153801	0.27967198964177814	0.26225669099756693	0.982360097323601	0.06666666666666667	0.5070047105344866	0.25227265487804174	1	0	1685	4class	prior_baseline	0.0	0.0
0.257851648527018	0.2594762291201731	0.013700959425027909	0.026269233781992085	0.25630664652567975	0.2594762291201731	0.9823493609251369	0.0	0.5055417103560205	0.2505835045248046	1	1	1685	4class	prior_baseline	0.0	0.05555555555555555
0.257851648527018	0.2594762291201731	0.013700959425027909	0.026269233781992085	0.25630664652567975	0.2594762291201731	0.9823493609251369	0.0	0.5055417103560205	0.2505835045248046	1	2	1685	4class	prior_baseline	0.0	0.05555555555555555
0.24461958169142164	0.24543795620437955	-0.014766088391898403	-0.018383278771090472	0.24380664652567977	0.24543795620437955	0.9817518248175182	0.0	0.49547171235068677	0.24989174475830586	1	3	1685	4class	prior_baseline	0.0	0.0
0.2446163178647255	0.2454351795496044	-0.01492231631244907	-0.018385324539927472	0.24380290205562274	0.2454351795496044	0.9817407181984176	0.0	0.4954682086500327	0.24989161621045144	1	4	1684	4class	prior_baseline	0.0	0.0
0.2449227038496514	0.24574209245742093	0.014181973202457395	0.011569170604529777	0.24410876132930515	0.24574209245742093	0.9829683698296837	0.0	0.5017213414528172	0.250188579909046	2	0	1685	4class	prior_baseline	0.0	0.0
0.257851648527018	0.2594762291201731	0.013700959425027909	0.026269233781992085	0.25630664652567975	0.2594762291201731	0.9823493609251369	0.0	0.5055417103560205	0.2505835045248046	2	1	1685	4class	prior_baseline	0.0	0.05555555555555555
0.24461958169142164	0.24543795620437955	-0.014801319595005823	-0.01830008012999862	0.24380664652567977	0.24543795620437955	0.9817518248175182	0.0	0.4954715316809097	0.24989174475830586	2	2	1685	4class	prior_baseline	0.0	0.0
0.2449196239005156	0.2457395009129641	0.014173333084857744	0.011558380344527941	0.24410519951632406	0.2457395009129641	0.9829580036518564	0.0	0.501718698147728	0.25018862753109566	2	3	1684	4class	prior_baseline	0.0	0.0
0.24454214675560945	0.2454351795496044	-0.015017050708891633	-0.01862576961047968	0.24365558912386706	0.2454351795496044	0.9817407181984176	0.0	0.49546942384319115	0.24988910564112615	2	4	1685	4class	prior_baseline	0.0	0.0
0.24469375379017586	0.24558734023128423	-0.00060270639354212	-0.008595806440647502	0.24380664652567977	0.24558734023128423	0.9823493609251369	0.0	0.4985222809085766	0.2500374280328824	3	0	1685	4class	prior_baseline	0.0	0.0
0.2579290375073786	0.2594789132197891	0.014148446531035747	0.02695770120911245	0.25645770392749245	0.2594789132197891	0.982360097323601	0.0	0.5056157756794187	0.25058614694153375	3	1	1685	4class	prior_baseline	0.0	0.05555555555555555
0.24461958169142164	0.24543795620437955	-0.014766088391898403	-0.018383278771090472	0.24380664652567977	0.24543795620437955	0.9817518248175182	0.0	0.49547171235068677	0.24989174475830586	3	2	1685	4class	prior_baseline	0.0	0.0
0.2446163178647255	0.2454351795496044	-0.014774990644554556	-0.0183943960086681	0.24380290205562274	0.2454351795496044	0.9817407181984176	0.0	0.4954689764904383	0.24989161621045147	3	3	1684	4class	prior_baseline	0.0	0.0
0.25751426661068866	0.25874523496812635	0.013590897786848787	0.02534368807054832	0.25630664652567975	0.25874523496812635	0.9823493609251369	0.0	0.5051756720406474	0.25054695481720224	3	4	1685	4class	prior_baseline	0.0	0.05263157894736842
0.24461958169142164	0.24543795620437955	-0.014801319595005823	-0.01830008012999862	0.24380664652567977	0.24543795620437955	0.9817518248175182	0.0	0.4954715316809097	0.24989174475830586	4	0	1685	4class	prior_baseline	0.0	0.0
0.24461958169142164	0.24543795620437955	-0.014766088391898403	-0.018383278771090472	0.24380664652567977	0.24543795620437955	0.9817518248175182	0.0	0.49547171235068677	0.24989174475830586	4	1	1685	4class	prior_baseline	0.0	0.0
0.2579258656194627	0.2594762291201731	0.014173333084857744	0.026534768521126018	0.2564540507859734	0.2594762291201731	0.9823493609251369	0.0	0.5056133117755324	0.2505860182626355	4	2	1684	4class	prior_baseline	0.0	0.05555555555555555
0.24454214675560945	0.2454351795496044	-0.01490637221211215	-0.01855724650425894	0.24365558912386706	0.2454351795496044	0.9817407181984176	0.0	0.4954700100915462	0.24988910564112615	4	3	1685	4class	prior_baseline	0.0	0.0
0.25766587364525506	0.2588973956498062	0.027894872034718996	0.05465665985790025	0.25645770392749245	0.2588973956498062	0.9829580036518564	0.0	0.5082279428576778	0.2506954610889363	4	4	1685	4class	prior_baseline	0.0	0.05263157894736842
