spectrum_class	substitution_type_192	n_variants	weighted_frequency	bootstrap_median	ci_lower	ci_upper	n_bootstrap_units	n_positions	n_effective_positions	top_position_share	MutSpec	MutSpec_median	MutSpec_q05	MutSpec_q95	confidence_level	n_simulations	resampling_method	bootstrap_unit	opportunities_resampled	uncertainty_model
benign	A[C>A]A	273	8.463179316625948e-05	8.212834469230464e-05	2.8628096017114664e-05	0.00018777192835268538	16566	273	2.7963558805606334	0.5960334029227558	8.463179316625948e-05	8.212834469230464e-05	2.8628096017114664e-05	0.00018777192835268538	0.9	4000	position_bootstrap	mtDNA_position	False	paired nonparametric bootstrap of whole mtDNA positions
benign	A[C>A]C	310	0.0002962357429391839	0.00027145765025943095	6.480639960027267e-05	0.000671887352290313	16566	310	2.5976207075211466	0.6002143622722401	0.0002962357429391839	0.00027145765025943095	6.480639960027267e-05	0.000671887352290313	0.9	4000	position_bootstrap	mtDNA_position	False	paired nonparametric bootstrap of whole mtDNA positions
benign	A[C>A]G	88	2.9201993118722107e-05	2.938608187101766e-05	2.251838661370242e-05	3.787697479437245e-05	16566	88	80.39805825242736	0.04395604395604396	2.9201993118722107e-05	2.938608187101766e-05	2.251838661370242e-05	3.787697479437245e-05	0.9	4000	position_bootstrap	mtDNA_position	False	paired nonparametric bootstrap of whole mtDNA positions
benign	A[C>A]T	280	9.976903092918173e-05	9.406178339862572e-05	3.6826812871507325e-05	0.0002084556505217857	16566	280	3.5749871673869102	0.5206929740134745	9.976903092918173e-05	9.406178339862572e-05	3.6826812871507325e-05	0.0002084556505217857	0.9	4000	position_bootstrap	mtDNA_position	False	paired nonparametric bootstrap of whole mtDNA positions
benign	C[C>A]A	294	0.0005244874280042615	0.0004961054892500243	8.537154110677384e-05	0.001309435219957769	16566	294	1.7366761060246518	0.7552636011453596	0.0005244874280042615	0.0004961054892500243	8.537154110677384e-05	0.001309435219957769	0.9	4000	position_bootstrap	mtDNA_position	False	paired nonparametric bootstrap of whole mtDNA positions
benign	C[C>A]C	379	0.0001583782141881598	0.0001527551382510043	7.780722776296696e-05	0.00027925890833996054	16566	379	7.037866677127956	0.34891485809682804	0.0001583782141881598	0.0001527551382510043	7.780722776296696e-05	0.00027925890833996054	0.9	4000	position_bootstrap	mtDNA_position	False	paired nonparametric bootstrap of whole mtDNA positions
benign	C[C>A]G	109	0.0006511526807619952	0.00061378859450987	0.00018824720797405795	0.0012903986073454002	16566	109	3.8805169095408423	0.42845117845117847	0.0006511526807619952	0.00061378859450987	0.00018824720797405795	0.0012903986073454002	0.9	4000	position_bootstrap	mtDNA_position	False	paired nonparametric bootstrap of whole mtDNA positions
benign	C[C>A]T	340	0.002884739748799476	0.0027734633981968152	6.536974312566458e-05	0.008316568091606838	16566	340	1.0719703525947009	0.9657858410569907	0.002884739748799476	0.0027734633981968152	6.536974312566458e-05	0.008316568091606838	0.9	4000	position_bootstrap	mtDNA_position	False	paired nonparametric bootstrap of whole mtDNA positions
benign	G[C>A]A	115	5.18572876386925e-05	4.9640890779997554e-05	2.371187932188332e-05	8.914226337646394e-05	16566	115	7.388799240626488	0.2831541218637993	5.18572876386925e-05	4.9640890779997554e-05	2.371187932188332e-05	8.914226337646394e-05	0.9	4000	position_bootstrap	mtDNA_position	False	paired nonparametric bootstrap of whole mtDNA positions
benign	G[C>A]C	132	9.798785677986783e-05	9.079594657358846e-05	2.8827828804632445e-05	0.0002039412323612507	16566	132	3.5758103028796535	0.4949201741654572	9.798785677986783e-05	9.079594657358846e-05	2.8827828804632445e-05	0.0002039412323612507	0.9	4000	position_bootstrap	mtDNA_position	False	paired nonparametric bootstrap of whole mtDNA positions
benign	G[C>A]G	41	0.0017289358033592821	0.0016699296169870811	4.09698266748563e-05	0.004975824134197955	16566	41	1.1224135740889316	0.9433962264150944	0.0017289358033592821	0.0016699296169870811	4.09698266748563e-05	0.004975824134197955	0.9	4000	position_bootstrap	mtDNA_position	False	paired nonparametric bootstrap of whole mtDNA positions
benign	G[C>A]T	112	0.000626029063660058	0.0006103902274128549	3.3189505233205516e-05	0.0018016077228211783	16566	112	1.1513521619692968	0.931877444589309	0.000626029063660058	0.0006103902274128549	3.3189505233205516e-05	0.0018016077228211783	0.9	4000	position_bootstrap	mtDNA_position	False	paired nonparametric bootstrap of whole mtDNA positions
benign	T[C>A]A	342	0.00016228388271597303	0.00015564954653349018	8.58324518019374e-05	0.00027204325235205486	16566	342	8.2908358561387	0.31767469172049323	0.00016228388271597303	0.00015564954653349018	8.58324518019374e-05	0.00027204325235205486	0.9	4000	position_bootstrap	mtDNA_position	False	paired nonparametric bootstrap of whole mtDNA positions
benign	T[C>A]C	247	0.000505533654245073	0.0004772098297599769	0.00014262132960209302	0.0010115541144271785	16566	247	3.818912356748584	0.44729644435093624	0.000505533654245073	0.0004772098297599769	0.00014262132960209302	0.0010115541144271785	0.9	4000	position_bootstrap	mtDNA_position	False	paired nonparametric bootstrap of whole mtDNA positions
benign	T[C>A]G	99	0.0019773921054677536	0.0017413471813084813	8.885333964618134e-05	0.004758214030302052	16566	99	1.861070533037471	0.6811708860759493	0.0019773921054677536	0.0017413471813084813	8.885333964618134e-05	0.004758214030302052	0.9	4000	position_bootstrap	mtDNA_position	False	paired nonparametric bootstrap of whole mtDNA positions
benign	T[C>A]T	235	0.00048638936943513694	0.0004726062586977591	0.00022175168084316964	0.0008542446288710465	16566	235	6.939597300903538	0.2710467149637772	0.00048638936943513694	0.0004726062586977591	0.00022175168084316964	0.0008542446288710465	0.9	4000	position_bootstrap	mtDNA_position	False	paired nonparametric bootstrap of whole mtDNA positions
benign	T[G>T]T	62	2.4114537871557975e-05	2.3395246887663087e-05	1.5689107435670913e-05	3.593190629390329e-05	16566	62	17.67988668555236	0.21518987341772153	2.4114537871557975e-05	2.3395246887663087e-05	1.5689107435670913e-05	3.593190629390329e-05	0.9	4000	position_bootstrap	mtDNA_position	False	paired nonparametric bootstrap of whole mtDNA positions
benign	G[G>T]T	57	7.570633813214373e-05	7.227287930435574e-05	2.7045411335850776e-05	0.0001434840173944939	16566	57	4.856821829855538	0.3983739837398374	7.570633813214373e-05	7.227287930435574e-05	2.7045411335850776e-05	0.0001434840173944939	0.9	4000	position_bootstrap	mtDNA_position	False	paired nonparametric bootstrap of whole mtDNA positions
benign	C[G>T]T	37	6.570448451712472e-05	6.196191274096609e-05	1.900314392372518e-05	0.00013614991176266012	16566	37	3.6842105263157983	0.4642857142857143	6.570448451712472e-05	6.196191274096609e-05	1.900314392372518e-05	0.00013614991176266012	0.9	4000	position_bootstrap	mtDNA_position	False	paired nonparametric bootstrap of whole mtDNA positions
benign	A[G>T]T	96	2.207340610151443e-05	2.210178975368431e-05	1.663802303307972e-05	2.9077228446574293e-05	16566	96	61.224598930481335	0.08411214953271028	2.207340610151443e-05	2.210178975368431e-05	1.663802303307972e-05	2.9077228446574293e-05	0.9	4000	position_bootstrap	mtDNA_position	False	paired nonparametric bootstrap of whole mtDNA positions
benign	T[G>T]G	67	5.6723295986006963e-05	5.459691453722361e-05	1.7196993473415295e-05	0.0001292696573340788	16566	67	2.5113895216400866	0.6285714285714286	5.6723295986006963e-05	5.459691453722361e-05	1.7196993473415295e-05	0.0001292696573340788	0.9	4000	position_bootstrap	mtDNA_position	False	paired nonparametric bootstrap of whole mtDNA positions
benign	G[G>T]G	63	2.786574120145915e-05	2.754218074101124e-05	1.812315443780233e-05	4.130275093367109e-05	16566	63	18.84133611691022	0.18947368421052632	2.786574120145915e-05	2.754218074101124e-05	1.812315443780233e-05	4.130275093367109e-05	0.9	4000	position_bootstrap	mtDNA_position	False	paired nonparametric bootstrap of whole mtDNA positions
benign	C[G>T]G	28	1.8772709862035637e-05	1.8518042218809826e-05	1.1552035174234035e-05	2.7666084793380734e-05	16566	28	17.29411764705882	0.11904761904761904	1.8772709862035637e-05	1.8518042218809826e-05	1.1552035174234035e-05	2.7666084793380734e-05	0.9	4000	position_bootstrap	mtDNA_position	False	paired nonparametric bootstrap of whole mtDNA positions
benign	A[G>T]G	53	2.915761318997024e-05	2.8033488657932394e-05	1.0855594793033438e-05	5.393462170842171e-05	16566	53	5.380111055022708	0.3424657534246575	2.915761318997024e-05	2.8033488657932394e-05	1.0855594793033438e-05	5.393462170842171e-05	0.9	4000	position_bootstrap	mtDNA_position	False	paired nonparametric bootstrap of whole mtDNA positions
benign	T[G>T]C	74	2.229259296116732e-05	2.2357787015322076e-05	1.697837332239314e-05	2.8904387981084427e-05	16566	74	70.43902439024387	0.039473684210526314	2.229259296116732e-05	2.2357787015322076e-05	1.697837332239314e-05	2.8904387981084427e-05	0.9	4000	position_bootstrap	mtDNA_position	False	paired nonparametric bootstrap of whole mtDNA positions
benign	G[G>T]C	42	0.0005517750924005917	0.0005306073384470245	9.133732731687041e-06	0.0016027459746438232	16566	42	1.0435627835029984	0.9788975021533161	0.0005517750924005917	0.0005306073384470245	9.133732731687041e-06	0.0016027459746438232	0.9	4000	position_bootstrap	mtDNA_position	False	paired nonparametric bootstrap of whole mtDNA positions
benign	C[G>T]C	54	3.70380491872595e-05	3.517001191600397e-05	1.7693710151406374e-05	6.523661142754782e-05	16566	54	6.63223397635345	0.363013698630137	3.70380491872595e-05	3.517001191600397e-05	1.7693710151406374e-05	6.523661142754782e-05	0.9	4000	position_bootstrap	mtDNA_position	False	paired nonparametric bootstrap of whole mtDNA positions
benign	A[G>T]C	96	1.8433852283298533e-05	1.804720283184968e-05	1.2316713412218712e-05	2.690132452574282e-05	16566	96	22.392251815980682	0.17647058823529413	1.8433852283298533e-05	1.804720283184968e-05	1.2316713412218712e-05	2.690132452574282e-05	0.9	4000	position_bootstrap	mtDNA_position	False	paired nonparametric bootstrap of whole mtDNA positions
benign	T[G>T]A	85	0.00028434872378704215	0.0002739930445563347	1.5877953739374854e-05	0.0007803249410156692	16566	85	1.2669200238142497	0.8867334167709637	0.00028434872378704215	0.0002739930445563347	1.5877953739374854e-05	0.0007803249410156692	0.9	4000	position_bootstrap	mtDNA_position	False	paired nonparametric bootstrap of whole mtDNA positions
benign	G[G>T]A	49	2.6940988198951904e-05	2.5445443572232907e-05	1.31371583259351e-05	4.787354903557081e-05	16566	49	6.545185185185185	0.3723404255319149	2.6940988198951904e-05	2.5445443572232907e-05	1.31371583259351e-05	4.787354903557081e-05	0.9	4000	position_bootstrap	mtDNA_position	False	paired nonparametric bootstrap of whole mtDNA positions
benign	C[G>T]A	64	7.661707602229179e-05	7.212775168261949e-05	2.853812830599601e-05	0.00015524555842069877	16566	64	4.038266777770665	0.47808764940239046	7.661707602229179e-05	7.212775168261949e-05	2.853812830599601e-05	0.00015524555842069877	0.9	4000	position_bootstrap	mtDNA_position	False	paired nonparametric bootstrap of whole mtDNA positions
benign	A[G>T]A	99	3.626546223347793e-05	3.560086456178512e-05	2.3413830328085142e-05	5.451215979643718e-05	16566	99	17.430639324487352	0.21176470588235294	3.626546223347793e-05	3.560086456178512e-05	2.3413830328085142e-05	5.451215979643718e-05	0.9	4000	position_bootstrap	mtDNA_position	False	paired nonparametric bootstrap of whole mtDNA positions
benign	A[C>G]A	360	9.108077114239407e-05	8.638066612489078e-05	3.859229028584318e-05	0.0001724877502351752	16566	360	5.141013053719024	0.41707080504364696	9.108077114239407e-05	8.638066612489078e-05	3.859229028584318e-05	0.0001724877502351752	0.9	4000	position_bootstrap	mtDNA_position	False	paired nonparametric bootstrap of whole mtDNA positions
benign	A[C>G]C	310	9.7872098350486e-05	9.17066694908708e-05	3.888105460372367e-05	0.00019029257147561894	16566	310	4.525410409442021	0.45174371451743717	9.7872098350486e-05	9.17066694908708e-05	3.888105460372367e-05	0.00019029257147561894	0.9	4000	position_bootstrap	mtDNA_position	False	paired nonparametric bootstrap of whole mtDNA positions
benign	A[C>G]G	87	2.8560191072156782e-05	2.8755377746637008e-05	2.2071877839309228e-05	3.673920662936546e-05	16566	87	85.17204301075265	0.02247191011235955	2.8560191072156782e-05	2.8755377746637008e-05	2.2071877839309228e-05	3.673920662936546e-05	0.9	4000	position_bootstrap	mtDNA_position	False	paired nonparametric bootstrap of whole mtDNA positions
benign	A[C>G]T	280	4.695578067793057e-05	4.5901399570013754e-05	2.9232182257779555e-05	7.181112081641153e-05	16566	280	15.985092586402828	0.1738241308793456	4.695578067793057e-05	4.5901399570013754e-05	2.9232182257779555e-05	7.181112081641153e-05	0.9	4000	position_bootstrap	mtDNA_position	False	paired nonparametric bootstrap of whole mtDNA positions
benign	C[C>G]A	294	5.23869032855865e-05	5.190225512091634e-05	3.6705143351962017e-05	7.496854919167695e-05	16566	294	29.05949921494062	0.1433389544688027	5.23869032855865e-05	5.190225512091634e-05	3.6705143351962017e-05	7.496854919167695e-05	0.9	4000	position_bootstrap	mtDNA_position	False	paired nonparametric bootstrap of whole mtDNA positions
benign	C[C>G]C	379	3.053870407133966e-05	3.064918852390461e-05	2.4712896811747612e-05	3.818233467089882e-05	16566	379	172.9692058346843	0.03463203463203463	3.053870407133966e-05	3.064918852390461e-05	2.4712896811747612e-05	3.818233467089882e-05	0.9	4000	position_bootstrap	mtDNA_position	False	paired nonparametric bootstrap of whole mtDNA positions
benign	C[C>G]G	102	2.98719032841151e-05	3.0029923370402346e-05	2.3210689446818964e-05	3.863264060463402e-05	16566	102	86.7226277372264	0.045871559633027525	2.98719032841151e-05	3.0029923370402346e-05	2.3210689446818964e-05	3.863264060463402e-05	0.9	4000	position_bootstrap	mtDNA_position	False	paired nonparametric bootstrap of whole mtDNA positions
benign	C[C>G]T	340	4.33763371812187e-05	4.1672946070397326e-05	2.3185661054429586e-05	7.563270958722979e-05	16566	340	6.858986175115167	0.3770491803278688	4.33763371812187e-05	4.1672946070397326e-05	2.3185661054429586e-05	7.563270958722979e-05	0.9	4000	position_bootstrap	mtDNA_position	False	paired nonparametric bootstrap of whole mtDNA positions
benign	G[C>G]A	115	2.5649841197632853e-05	2.510441537909534e-05	1.8224092918997146e-05	3.62527185609395e-05	16566	115	33.64664310954068	0.15217391304347827	2.5649841197632853e-05	2.510441537909534e-05	1.8224092918997146e-05	3.62527185609395e-05	0.9	4000	position_bootstrap	mtDNA_position	False	paired nonparametric bootstrap of whole mtDNA positions
benign	G[C>G]C	132	3.7687637223026095e-05	3.71093759309577e-05	2.176333704005212e-05	5.955234984612189e-05	16566	132	13.084591019191345	0.19245283018867926	3.7687637223026095e-05	3.71093759309577e-05	2.176333704005212e-05	5.955234984612189e-05	0.9	4000	position_bootstrap	mtDNA_position	False	paired nonparametric bootstrap of whole mtDNA positions
benign	G[C>G]G	37	3.7545419724071275e-05	3.674609665747971e-05	2.0845095883192256e-05	6.297507831185722e-05	16566	37	9.975871313672931	0.2786885245901639	3.7545419724071275e-05	3.674609665747971e-05	2.0845095883192256e-05	6.297507831185722e-05	0.9	4000	position_bootstrap	mtDNA_position	False	paired nonparametric bootstrap of whole mtDNA positions
benign	G[C>G]T	112	2.8771218375511138e-05	2.802878119812819e-05	2.0047916550338308e-05	4.191277148517839e-05	16566	112	23.361927144535848	0.19148936170212766	2.8771218375511138e-05	2.802878119812819e-05	2.0047916550338308e-05	4.191277148517839e-05	0.9	4000	position_bootstrap	mtDNA_position	False	paired nonparametric bootstrap of whole mtDNA positions
benign	T[C>G]A	292	0.0001521828307089894	0.00014374483536296864	4.205481276172318e-05	0.0003069405584899714	16566	292	3.8890101997715636	0.4076393237319975	0.0001521828307089894	0.00014374483536296864	4.205481276172318e-05	0.0003069405584899714	0.9	4000	position_bootstrap	mtDNA_position	False	paired nonparametric bootstrap of whole mtDNA positions
benign	T[C>G]C	247	3.509911758907513e-05	3.5018226435010135e-05	2.6205714653834528e-05	4.767655085231332e-05	16566	247	47.34782608695667	0.12727272727272726	3.509911758907513e-05	3.5018226435010135e-05	2.6205714653834528e-05	4.767655085231332e-05	0.9	4000	position_bootstrap	mtDNA_position	False	paired nonparametric bootstrap of whole mtDNA positions
benign	T[C>G]G	85	3.973556920797543e-05	3.7761496646541634e-05	2.2146403081445193e-05	6.835368749506478e-05	16566	85	8.344024831867562	0.33858267716535434	3.973556920797543e-05	3.7761496646541634e-05	2.2146403081445193e-05	6.835368749506478e-05	0.9	4000	position_bootstrap	mtDNA_position	False	paired nonparametric bootstrap of whole mtDNA positions
benign	T[C>G]T	235	3.0498059387514205e-05	3.073602333028628e-05	2.4578875023079616e-05	3.862038244226653e-05	16566	235	149.64608076009483	0.05179282868525897	3.0498059387514205e-05	3.073602333028628e-05	2.4578875023079616e-05	3.862038244226653e-05	0.9	4000	position_bootstrap	mtDNA_position	False	paired nonparametric bootstrap of whole mtDNA positions
benign	T[G>C]T	62	6.745965657739635e-05	6.479283176575681e-05	3.285859751905701e-05	0.0001178913966500825	16566	62	7.426030104911056	0.33031674208144796	6.745965657739635e-05	6.479283176575681e-05	3.285859751905701e-05	0.0001178913966500825	0.9	4000	position_bootstrap	mtDNA_position	False	paired nonparametric bootstrap of whole mtDNA positions
benign	G[G>C]T	57	6.216536708411801e-05	5.969538725092154e-05	2.9589629611494164e-05	0.0001090161882299465	16566	57	7.088950660180687	0.3316831683168317	6.216536708411801e-05	5.969538725092154e-05	2.9589629611494164e-05	0.0001090161882299465	0.9	4000	position_bootstrap	mtDNA_position	False	paired nonparametric bootstrap of whole mtDNA positions
benign	C[G>C]T	37	0.00015252826762903954	0.00014007559232299006	3.372433224142554e-05	0.000339111964324084	16566	37	2.713412284532586	0.5753846153846154	0.00015252826762903954	0.00014007559232299006	3.372433224142554e-05	0.000339111964324084	0.9	4000	position_bootstrap	mtDNA_position	False	paired nonparametric bootstrap of whole mtDNA positions
benign	A[G>C]T	96	3.321325590975536e-05	3.1894839379005094e-05	1.8877850910362088e-05	5.506061811644773e-05	16566	96	9.837191650853889	0.30434782608695654	3.321325590975536e-05	3.1894839379005094e-05	1.8877850910362088e-05	5.506061811644773e-05	0.9	4000	position_bootstrap	mtDNA_position	False	paired nonparametric bootstrap of whole mtDNA positions
benign	T[G>C]G	67	0.00027524304099876715	0.00026723661267042726	1.971357948102116e-05	0.0007689693033033409	16566	67	1.2416293888835035	0.8969578017664377	0.00027524304099876715	0.00026723661267042726	1.971357948102116e-05	0.0007689693033033409	0.9	4000	position_bootstrap	mtDNA_position	False	paired nonparametric bootstrap of whole mtDNA positions
benign	G[G>C]G	63	2.0532651411601478e-05	2.052579778441358e-05	1.5070114492781094e-05	2.7397858933633446e-05	16566	63	47.115384615384656	0.08571428571428572	2.0532651411601478e-05	2.052579778441358e-05	1.5070114492781094e-05	2.7397858933633446e-05	0.9	4000	position_bootstrap	mtDNA_position	False	paired nonparametric bootstrap of whole mtDNA positions
benign	C[G>C]G	28	0.0012582185300388168	0.0012062090489122564	1.1122837484016895e-05	0.0036881411651138642	16566	28	1.0627404056672334	0.9698046181172292	0.0012582185300388168	0.0012062090489122564	1.1122837484016895e-05	0.0036881411651138642	0.9	4000	position_bootstrap	mtDNA_position	False	paired nonparametric bootstrap of whole mtDNA positions
benign	A[G>C]G	53	1.0784322686701321e-05	1.0838757594001217e-05	7.923450447688135e-06	1.4400729085282767e-05	16566	53	52.07142857142861	0.037037037037037035	1.0784322686701321e-05	1.0838757594001217e-05	7.923450447688135e-06	1.4400729085282767e-05	0.9	4000	position_bootstrap	mtDNA_position	False	paired nonparametric bootstrap of whole mtDNA positions
benign	T[G>C]C	74	8.18372820548116e-05	8.096163594269488e-05	5.170658242487968e-05	0.00012007376070451613	16566	74	18.432630831162665	0.11827956989247312	8.18372820548116e-05	8.096163594269488e-05	5.170658242487968e-05	0.00012007376070451613	0.9	4000	position_bootstrap	mtDNA_position	False	paired nonparametric bootstrap of whole mtDNA positions
benign	G[G>C]C	42	0.0015726303021133144	0.0014280180426315546	0.00024610780606214804	0.0036948035282358565	16566	42	2.2595863625951598	0.6148383197340587	0.0015726303021133144	0.0014280180426315546	0.00024610780606214804	0.0036948035282358565	0.9	4000	position_bootstrap	mtDNA_position	False	paired nonparametric bootstrap of whole mtDNA positions
benign	C[G>C]C	54	5.0229683144365624e-05	4.817472148859073e-05	2.470513815972304e-05	8.434765692081561e-05	16566	54	8.467386609071278	0.2878787878787879	5.0229683144365624e-05	4.817472148859073e-05	2.470513815972304e-05	8.434765692081561e-05	0.9	4000	position_bootstrap	mtDNA_position	False	paired nonparametric bootstrap of whole mtDNA positions
benign	A[G>C]C	96	0.0005740247383806564	0.0005475455737728445	2.3178120593895327e-05	0.0015930414086322948	16566	96	1.2138279905155438	0.9062573789846518	0.0005740247383806564	0.0005475455737728445	2.3178120593895327e-05	0.0015930414086322948	0.9	4000	position_bootstrap	mtDNA_position	False	paired nonparametric bootstrap of whole mtDNA positions
benign	T[G>C]A	72	5.1602709573368106e-05	4.9003505468539656e-05	2.1055265643244524e-05	0.00010029810487511934	16566	72	4.406832949067281	0.46206896551724136	5.1602709573368106e-05	4.9003505468539656e-05	2.1055265643244524e-05	0.00010029810487511934	0.9	4000	position_bootstrap	mtDNA_position	False	paired nonparametric bootstrap of whole mtDNA positions
benign	G[G>C]A	42	1.805619421844649e-05	1.741718436591386e-05	1.0431000666827893e-05	2.941030730756315e-05	16566	42	11.243626062322937	0.2698412698412698	1.805619421844649e-05	1.741718436591386e-05	1.0431000666827893e-05	2.941030730756315e-05	0.9	4000	position_bootstrap	mtDNA_position	False	paired nonparametric bootstrap of whole mtDNA positions
benign	C[G>C]A	42	2.7777505649516146e-05	2.713755652658213e-05	1.4438224316479753e-05	4.6385325456736265e-05	16566	42	9.551326412918122	0.25274725274725274	2.7777505649516146e-05	2.713755652658213e-05	1.4438224316479753e-05	4.6385325456736265e-05	0.9	4000	position_bootstrap	mtDNA_position	False	paired nonparametric bootstrap of whole mtDNA positions
benign	A[G>C]A	65	1.919936235890008e-05	1.904785900430706e-05	1.3115245372164712e-05	2.7589120646734915e-05	16566	65	25.155279503105618	0.14444444444444443	1.919936235890008e-05	1.904785900430706e-05	1.3115245372164712e-05	2.7589120646734915e-05	0.9	4000	position_bootstrap	mtDNA_position	False	paired nonparametric bootstrap of whole mtDNA positions
benign	A[C>T]A	300	0.005287985256102255	0.005165075188339177	0.0030288398268749493	0.00831835874046888	16566	300	12.37189070704472	0.21233586153897557	0.005287985256102255	0.005165075188339177	0.0030288398268749493	0.00831835874046888	0.9	4000	position_bootstrap	mtDNA_position	False	paired nonparametric bootstrap of whole mtDNA positions
benign	A[C>T]C	317	0.007604892235738047	0.007284558033857605	0.0030662041222989495	0.013693259127386032	16566	317	6.159522496118204	0.304184454163057	0.007604892235738047	0.007284558033857605	0.0030662041222989495	0.013693259127386032	0.9	4000	position_bootstrap	mtDNA_position	False	paired nonparametric bootstrap of whole mtDNA positions
benign	A[C>T]G	82	0.0023566971149878587	0.002286901062959275	0.0011537421659766204	0.004008863266659164	16566	82	8.210270766448527	0.28444989106753815	0.0023566971149878587	0.002286901062959275	0.0011537421659766204	0.004008863266659164	0.9	4000	position_bootstrap	mtDNA_position	False	paired nonparametric bootstrap of whole mtDNA positions
benign	A[C>T]T	317	0.021375826954874125	0.020707894669538006	0.004254256677667376	0.050381699738608635	16566	317	2.032104508767427	0.6934939737387078	0.021375826954874125	0.020707894669538006	0.004254256677667376	0.050381699738608635	0.9	4000	position_bootstrap	mtDNA_position	False	paired nonparametric bootstrap of whole mtDNA positions
benign	C[C>T]A	328	0.005878817649313051	0.005777720047940055	0.0034676414852845843	0.009135749658437144	16566	328	14.170717712143887	0.19532353559943497	0.005878817649313051	0.005777720047940055	0.0034676414852845843	0.009135749658437144	0.9	4000	position_bootstrap	mtDNA_position	False	paired nonparametric bootstrap of whole mtDNA positions
benign	C[C>T]C	379	0.016178969149794734	0.015263279733370369	0.0035559626079048716	0.03694023084973382	16566	379	2.149271974175913	0.6752668930099158	0.016178969149794734	0.015263279733370369	0.0035559626079048716	0.03694023084973382	0.9	4000	position_bootstrap	mtDNA_position	False	paired nonparametric bootstrap of whole mtDNA positions
benign	C[C>T]G	102	0.005244848486710044	0.0048814902378024475	0.001111904380755531	0.012318056847604961	16566	102	2.3448101701611517	0.637213919949838	0.005244848486710044	0.0048814902378024475	0.001111904380755531	0.012318056847604961	0.9	4000	position_bootstrap	mtDNA_position	False	paired nonparametric bootstrap of whole mtDNA positions
benign	C[C>T]T	403	0.007775315102857669	0.007214512436745217	0.0024379806159701566	0.01585831625145702	16566	403	3.3269269143972977	0.530856745683348	0.007775315102857669	0.007214512436745217	0.0024379806159701566	0.01585831625145702	0.9	4000	position_bootstrap	mtDNA_position	False	paired nonparametric bootstrap of whole mtDNA positions
benign	G[C>T]A	117	0.0016200291005693326	0.0015962265483590518	0.0008824474080277972	0.0025888556471172735	16566	117	11.42381681630022	0.14880679210647085	0.0016200291005693326	0.0015962265483590518	0.0008824474080277972	0.0025888556471172735	0.9	4000	position_bootstrap	mtDNA_position	False	paired nonparametric bootstrap of whole mtDNA positions
benign	G[C>T]C	132	0.005496990769601526	0.00528975707690347	0.0016635748982875632	0.010624778777330864	16566	132	4.647580294495111	0.33736934699368726	0.005496990769601526	0.00528975707690347	0.0016635748982875632	0.010624778777330864	0.9	4000	position_bootstrap	mtDNA_position	False	paired nonparametric bootstrap of whole mtDNA positions
benign	G[C>T]G	37	0.0025426250636088267	0.0024144090821279574	0.0006980737806802761	0.005722558214493042	16566	37	2.6014079940292425	0.6109900750423626	0.0025426250636088267	0.0024144090821279574	0.0006980737806802761	0.005722558214493042	0.9	4000	position_bootstrap	mtDNA_position	False	paired nonparametric bootstrap of whole mtDNA positions
benign	G[C>T]T	118	0.002320266128708774	0.002199478005409205	0.0008558426904523292	0.004439957492921041	16566	118	4.9010978451749905	0.4033066572860786	0.002320266128708774	0.002199478005409205	0.0008558426904523292	0.004439957492921041	0.9	4000	position_bootstrap	mtDNA_position	False	paired nonparametric bootstrap of whole mtDNA positions
benign	T[C>T]A	306	0.007512133319005041	0.007364082441182826	0.0036683714738758168	0.012365660697387969	16566	306	8.873244653719807	0.24274406332453827	0.007512133319005041	0.007364082441182826	0.0036683714738758168	0.012365660697387969	0.9	4000	position_bootstrap	mtDNA_position	False	paired nonparametric bootstrap of whole mtDNA positions
benign	T[C>T]C	254	0.00761906117992669	0.007215317434908304	0.0020366525810784925	0.014936908861903278	16566	254	3.9221914554338864	0.409302845017729	0.00761906117992669	0.007215317434908304	0.0020366525810784925	0.014936908861903278	0.9	4000	position_bootstrap	mtDNA_position	False	paired nonparametric bootstrap of whole mtDNA positions
benign	T[C>T]G	89	0.004787353893316787	0.004549836072877546	0.0019087280636717672	0.008857276266574489	16566	89	5.621815744333386	0.346055813345533	0.004787353893316787	0.004549836072877546	0.0019087280636717672	0.008857276266574489	0.9	4000	position_bootstrap	mtDNA_position	False	paired nonparametric bootstrap of whole mtDNA positions
benign	T[C>T]T	250	0.009796195386452423	0.009290544966161557	0.0016486881079931402	0.023066934315922147	16566	250	1.8989462314128542	0.7167805713009935	0.009796195386452423	0.009290544966161557	0.0016486881079931402	0.023066934315922147	0.9	4000	position_bootstrap	mtDNA_position	False	paired nonparametric bootstrap of whole mtDNA positions
benign	T[G>A]T	62	0.011363136541855914	0.011107605720156736	0.004752711410709098	0.019487199739246595	16566	62	7.101638793351967	0.2600333100521141	0.011363136541855914	0.011107605720156736	0.004752711410709098	0.019487199739246595	0.9	4000	position_bootstrap	mtDNA_position	False	paired nonparametric bootstrap of whole mtDNA positions
benign	G[G>A]T	57	0.01757802691638937	0.016745722605725703	0.0058880785488581965	0.033287657985412285	16566	57	4.880516634971525	0.36333555096466963	0.01757802691638937	0.016745722605725703	0.0058880785488581965	0.033287657985412285	0.9	4000	position_bootstrap	mtDNA_position	False	paired nonparametric bootstrap of whole mtDNA positions
benign	C[G>A]T	37	0.02895174246697791	0.026133264156178816	0.003245078168374577	0.0625946720521469	16566	37	2.2819340390567766	0.6020198090421307	0.02895174246697791	0.026133264156178816	0.003245078168374577	0.0625946720521469	0.9	4000	position_bootstrap	mtDNA_position	False	paired nonparametric bootstrap of whole mtDNA positions
benign	A[G>A]T	96	0.005758064589770755	0.00568156984977497	0.003186380057390088	0.009222801025268342	16566	96	11.712900988608965	0.2052163943823445	0.005758064589770755	0.00568156984977497	0.003186380057390088	0.009222801025268342	0.9	4000	position_bootstrap	mtDNA_position	False	paired nonparametric bootstrap of whole mtDNA positions
benign	T[G>A]G	89	0.006280349309384037	0.00609544275073824	0.002931860511535588	0.010728917753716944	16566	89	7.6783522348653745	0.2518601350479549	0.006280349309384037	0.00609544275073824	0.002931860511535588	0.010728917753716944	0.9	4000	position_bootstrap	mtDNA_position	False	paired nonparametric bootstrap of whole mtDNA positions
benign	G[G>A]G	76	0.011067099110853197	0.010532558103889941	0.003017042186648439	0.021470637639363993	16566	76	4.10487211037546	0.3468592631857938	0.011067099110853197	0.010532558103889941	0.003017042186648439	0.021470637639363993	0.9	4000	position_bootstrap	mtDNA_position	False	paired nonparametric bootstrap of whole mtDNA positions
benign	C[G>A]G	49	0.012544192911381669	0.01177109918770285	0.0016290710603617117	0.03139718128074623	16566	49	1.7463761697106153	0.7491893817922679	0.012544192911381669	0.01177109918770285	0.0016290710603617117	0.03139718128074623	0.9	4000	position_bootstrap	mtDNA_position	False	paired nonparametric bootstrap of whole mtDNA positions
benign	A[G>A]G	97	0.005318468471658203	0.004939197939165217	0.0015092727434740715	0.010796657484055963	16566	97	3.796464644877655	0.445195448912921	0.005318468471658203	0.004939197939165217	0.0015092727434740715	0.010796657484055963	0.9	4000	position_bootstrap	mtDNA_position	False	paired nonparametric bootstrap of whole mtDNA positions
benign	T[G>A]C	73	0.028706699938560024	0.02753646667657723	0.01157837340892741	0.05104978168492279	16566	73	6.195152789974254	0.30276804234318005	0.028706699938560024	0.02753646667657723	0.01157837340892741	0.05104978168492279	0.9	4000	position_bootstrap	mtDNA_position	False	paired nonparametric bootstrap of whole mtDNA positions
benign	G[G>A]C	42	0.0520312981188775	0.0493227565320612	0.00860660033083771	0.11630243832986017	16566	42	1.921191284322443	0.7100246620387285	0.0520312981188775	0.0493227565320612	0.00860660033083771	0.11630243832986017	0.9	4000	position_bootstrap	mtDNA_position	False	paired nonparametric bootstrap of whole mtDNA positions
benign	C[G>A]C	54	0.01752229517406302	0.016954637107683267	0.007899380430946628	0.03031960761011826	16566	54	6.762916214449149	0.273573569225869	0.01752229517406302	0.016954637107683267	0.007899380430946628	0.03031960761011826	0.9	4000	position_bootstrap	mtDNA_position	False	paired nonparametric bootstrap of whole mtDNA positions
benign	A[G>A]C	98	0.014903091855889389	0.014720103437666405	0.007824556916849568	0.024136072937191666	16566	98	10.220794444904524	0.20233558585187947	0.014903091855889389	0.014720103437666405	0.007824556916849568	0.024136072937191666	0.9	4000	position_bootstrap	mtDNA_position	False	paired nonparametric bootstrap of whole mtDNA positions
benign	T[G>A]A	160	0.019967757439603707	0.018983425699265668	0.006074960983790101	0.03880263571184514	16566	160	4.088983453918275	0.4329418264775077	0.019967757439603707	0.018983425699265668	0.006074960983790101	0.03880263571184514	0.9	4000	position_bootstrap	mtDNA_position	False	paired nonparametric bootstrap of whole mtDNA positions
benign	G[G>A]A	42	0.007733496644386374	0.007073562048848613	0.0005791832927841828	0.019583373038682635	16566	42	1.699733193293638	0.751732572360375	0.007733496644386374	0.007073562048848613	0.0005791832927841828	0.019583373038682635	0.9	4000	position_bootstrap	mtDNA_position	False	paired nonparametric bootstrap of whole mtDNA positions
benign	C[G>A]A	42	0.006425761224483125	0.00590743969896368	0.0015860295624962088	0.013881384788326059	16566	42	2.8742686748874933	0.5613035010213292	0.006425761224483125	0.00590743969896368	0.0015860295624962088	0.013881384788326059	0.9	4000	position_bootstrap	mtDNA_position	False	paired nonparametric bootstrap of whole mtDNA positions
benign	A[G>A]A	65	0.009494298012724523	0.009227256474013346	0.00258212061341929	0.018815796059942512	16566	65	3.826815888908433	0.3969801824473105	0.009494298012724523	0.009227256474013346	0.00258212061341929	0.018815796059942512	0.9	4000	position_bootstrap	mtDNA_position	False	paired nonparametric bootstrap of whole mtDNA positions
benign	A[T>A]A	193	6.37544107779936e-05	5.9752997898704946e-05	2.206162380516137e-05	0.00012847072165133035	16566	193	3.6911387680127414	0.49755301794453505	6.37544107779936e-05	5.9752997898704946e-05	2.206162380516137e-05	0.00012847072165133035	0.9	4000	position_bootstrap	mtDNA_position	False	paired nonparametric bootstrap of whole mtDNA positions
benign	A[T>A]C	165	2.874906424586029e-05	2.8080469115203926e-05	1.8410557677192774e-05	4.32274308737418e-05	16566	165	17.82233250620351	0.20522388059701493	2.874906424586029e-05	2.8080469115203926e-05	1.8410557677192774e-05	4.32274308737418e-05	0.9	4000	position_bootstrap	mtDNA_position	False	paired nonparametric bootstrap of whole mtDNA positions
benign	A[T>A]G	125	5.0771647126869105e-05	4.929470260040638e-05	2.696516133421502e-05	8.913612821887803e-05	16566	125	8.211655552333992	0.3277310924369748	5.0771647126869105e-05	4.929470260040638e-05	2.696516133421502e-05	8.913612821887803e-05	0.9	4000	position_bootstrap	mtDNA_position	False	paired nonparametric bootstrap of whole mtDNA positions
benign	A[T>A]T	171	2.7225918396402558e-05	2.6879879204668777e-05	1.8608030187639208e-05	3.863679722527715e-05	16566	171	26.53321829163082	0.12903225806451613	2.7225918396402558e-05	2.6879879204668777e-05	1.8608030187639208e-05	3.863679722527715e-05	0.9	4000	position_bootstrap	mtDNA_position	False	paired nonparametric bootstrap of whole mtDNA positions
benign	C[T>A]A	229	0.0002260189481600155	0.0002171158714967941	3.0913309396013076e-05	0.000577262736761572	16566	229	1.6116982978771266	0.7843461030383091	0.0002260189481600155	0.0002171158714967941	3.0913309396013076e-05	0.000577262736761572	0.9	4000	position_bootstrap	mtDNA_position	False	paired nonparametric bootstrap of whole mtDNA positions
benign	C[T>A]C	172	0.0004650996808781866	0.0004366614508636429	3.5776101622964476e-05	0.0011915974262996982	16566	172	1.576288447579128	0.7857285230217261	0.0004650996808781866	0.0004366614508636429	3.5776101622964476e-05	0.0011915974262996982	0.9	4000	position_bootstrap	mtDNA_position	False	paired nonparametric bootstrap of whole mtDNA positions
benign	C[T>A]G	113	2.9574883693262847e-05	2.945488096405152e-05	2.165206865229964e-05	4.0835984632635975e-05	16566	113	41.67924528301906	0.1276595744680851	2.9574883693262847e-05	2.945488096405152e-05	2.165206865229964e-05	4.0835984632635975e-05	0.9	4000	position_bootstrap	mtDNA_position	False	paired nonparametric bootstrap of whole mtDNA positions
benign	C[T>A]T	165	0.00034484023961954687	0.0003230443722623005	3.575645296493496e-05	0.0008731937432433334	16566	165	1.6451485683045268	0.7701842546063652	0.00034484023961954687	0.0003230443722623005	3.575645296493496e-05	0.0008731937432433334	0.9	4000	position_bootstrap	mtDNA_position	False	paired nonparametric bootstrap of whole mtDNA positions
benign	G[T>A]A	76	5.1934083570421946e-05	4.873992362219681e-05	1.722277744615192e-05	0.000110067046747191	16566	76	3.450436469447144	0.5194805194805194	5.1934083570421946e-05	4.873992362219681e-05	1.722277744615192e-05	0.000110067046747191	0.9	4000	position_bootstrap	mtDNA_position	False	paired nonparametric bootstrap of whole mtDNA positions
benign	G[T>A]C	55	7.509083944814255e-05	6.955202101029755e-05	2.5003427054693218e-05	0.00014085624339032473	16566	55	4.030169129971051	0.45217391304347826	7.509083944814255e-05	6.955202101029755e-05	2.5003427054693218e-05	0.00014085624339032473	0.9	4000	position_bootstrap	mtDNA_position	False	paired nonparametric bootstrap of whole mtDNA positions
benign	G[T>A]G	58	0.00010832069368668838	0.00010016308730915515	3.1711439854213655e-05	0.00022549671972761732	16566	58	3.413023457392052	0.5059760956175299	0.00010832069368668838	0.00010016308730915515	3.1711439854213655e-05	0.00022549671972761732	0.9	4000	position_bootstrap	mtDNA_position	False	paired nonparametric bootstrap of whole mtDNA positions
benign	G[T>A]T	71	2.630919922270688e-05	2.5992142195288873e-05	1.788191312362195e-05	3.724679752109443e-05	16566	71	25.043478260869506	0.15625	2.630919922270688e-05	2.5992142195288873e-05	1.788191312362195e-05	3.724679752109443e-05	0.9	4000	position_bootstrap	mtDNA_position	False	paired nonparametric bootstrap of whole mtDNA positions
benign	T[T>A]A	271	0.000179689516098781	0.00016984063039320263	3.90940686510069e-05	0.0004357750241645615	16566	271	1.933508916100662	0.7169117647058824	0.000179689516098781	0.00016984063039320263	3.90940686510069e-05	0.0004357750241645615	0.9	4000	position_bootstrap	mtDNA_position	False	paired nonparametric bootstrap of whole mtDNA positions
benign	T[T>A]C	151	5.0710696770174185e-05	4.8061039049130404e-05	2.196535941856647e-05	9.782650727446929e-05	16566	151	4.521502847886309	0.46153846153846156	5.0710696770174185e-05	4.8061039049130404e-05	2.196535941856647e-05	9.782650727446929e-05	0.9	4000	position_bootstrap	mtDNA_position	False	paired nonparametric bootstrap of whole mtDNA positions
benign	T[T>A]G	126	0.00024607794201318055	0.00022881458612640618	5.033603108872519e-05	0.0005745947923556877	16566	126	2.1442579328193503	0.673469387755102	0.00024607794201318055	0.00022881458612640618	5.033603108872519e-05	0.0005745947923556877	0.9	4000	position_bootstrap	mtDNA_position	False	paired nonparametric bootstrap of whole mtDNA positions
benign	T[T>A]T	155	4.097061590942515e-05	3.983400875066147e-05	2.517868788105844e-05	6.303300123771424e-05	16566	155	14.217404086432513	0.2282958199356913	4.097061590942515e-05	3.983400875066147e-05	2.517868788105844e-05	6.303300123771424e-05	0.9	4000	position_bootstrap	mtDNA_position	False	paired nonparametric bootstrap of whole mtDNA positions
benign	T[A>T]T	194	3.5611261738285784e-05	3.463378764634574e-05	2.2698433282885612e-05	5.4991008103845797e-05	16566	194	14.783310698656962	0.24600638977635783	3.5611261738285784e-05	3.463378764634574e-05	2.2698433282885612e-05	5.4991008103845797e-05	0.9	4000	position_bootstrap	mtDNA_position	False	paired nonparametric bootstrap of whole mtDNA positions
benign	G[A>T]T	82	0.0006371596784284985	0.0006142833668889154	2.3257471200197558e-05	0.001847868125647645	16566	82	1.0963066486506916	0.9550414666084679	0.0006371596784284985	0.0006142833668889154	2.3257471200197558e-05	0.001847868125647645	0.9	4000	position_bootstrap	mtDNA_position	False	paired nonparametric bootstrap of whole mtDNA positions
benign	C[A>T]T	230	3.20350223018817e-05	3.18588249487393e-05	2.343068767659838e-05	4.430865189991176e-05	16566	230	39.38701037830618	0.10787172011661808	3.20350223018817e-05	3.18588249487393e-05	2.343068767659838e-05	4.430865189991176e-05	0.9	4000	position_bootstrap	mtDNA_position	False	paired nonparametric bootstrap of whole mtDNA positions
benign	A[A>T]T	194	4.1568143265936053e-05	4.047568270397048e-05	2.6348631048989538e-05	6.402980285903372e-05	16566	194	15.930259931338906	0.22332506203473945	4.1568143265936053e-05	4.047568270397048e-05	2.6348631048989538e-05	6.402980285903372e-05	0.9	4000	position_bootstrap	mtDNA_position	False	paired nonparametric bootstrap of whole mtDNA positions
benign	T[A>T]G	221	6.320595838440777e-05	6.279867298383506e-05	4.140252476314802e-05	9.237019638042136e-05	16566	221	21.608524072612532	0.1452991452991453	6.320595838440777e-05	6.279867298383506e-05	4.140252476314802e-05	9.237019638042136e-05	0.9	4000	position_bootstrap	mtDNA_position	False	paired nonparametric bootstrap of whole mtDNA positions
benign	G[A>T]G	90	2.5992982885895497e-05	2.6121281502698955e-05	2.010198711458878e-05	3.378216831816095e-05	16566	90	78.40799999999987	0.04040404040404041	2.5992982885895497e-05	2.6121281502698955e-05	2.010198711458878e-05	3.378216831816095e-05	0.9	4000	position_bootstrap	mtDNA_position	False	paired nonparametric bootstrap of whole mtDNA positions
benign	C[A>T]G	149	0.0018755814423159804	0.0017595897512026023	6.467989504474486e-05	0.00431967358105197	16566	149	2.1519799115360527	0.5287758983084776	0.0018755814423159804	0.0017595897512026023	6.467989504474486e-05	0.00431967358105197	0.9	4000	position_bootstrap	mtDNA_position	False	paired nonparametric bootstrap of whole mtDNA positions
benign	A[A>T]G	117	0.0002144921503048428	0.0001931457063953384	3.8779556297021146e-05	0.00048146926882345687	16566	117	2.2985667140746457	0.6386481802426344	0.0002144921503048428	0.0001931457063953384	3.8779556297021146e-05	0.00048146926882345687	0.9	4000	position_bootstrap	mtDNA_position	False	paired nonparametric bootstrap of whole mtDNA positions
benign	T[A>T]C	213	0.00012284778816310134	0.00011657339066484701	4.290990931829845e-05	0.00025666802821448586	16566	213	3.237558001793981	0.5491183879093199	0.00012284778816310134	0.00011657339066484701	4.290990931829845e-05	0.00025666802821448586	0.9	4000	position_bootstrap	mtDNA_position	False	paired nonparametric bootstrap of whole mtDNA positions
benign	G[A>T]C	80	0.00021353957468065536	0.0001982787747028788	6.451259930320938e-05	0.0004343212365626674	16566	80	3.853778853313486	0.4593406593406593	0.00021353957468065536	0.0001982787747028788	6.451259930320938e-05	0.0004343212365626674	0.9	4000	position_bootstrap	mtDNA_position	False	paired nonparametric bootstrap of whole mtDNA positions
benign	C[A>T]C	220	0.00021077037755053282	0.00020413601862634677	9.331324480333035e-05	0.00037305893478041486	16566	220	6.941800388145841	0.311101730688054	0.00021077037755053282	0.00020413601862634677	9.331324480333035e-05	0.00037305893478041486	0.9	4000	position_bootstrap	mtDNA_position	False	paired nonparametric bootstrap of whole mtDNA positions
benign	A[A>T]C	240	3.7789221150850955e-05	3.760037367719837e-05	2.7069252013421637e-05	5.136039883824222e-05	16566	240	37.33811086168195	0.10967741935483871	3.7789221150850955e-05	3.760037367719837e-05	2.7069252013421637e-05	5.136039883824222e-05	0.9	4000	position_bootstrap	mtDNA_position	False	paired nonparametric bootstrap of whole mtDNA positions
benign	T[A>T]A	314	6.136154417590753e-05	6.019308124283205e-05	4.058208581605497e-05	8.981737073330976e-05	16566	314	20.105687270017018	0.1902587519025875	6.136154417590753e-05	6.019308124283205e-05	4.058208581605497e-05	8.981737073330976e-05	0.9	4000	position_bootstrap	mtDNA_position	False	paired nonparametric bootstrap of whole mtDNA positions
benign	G[A>T]A	100	2.7458590544470035e-05	2.7440913901601275e-05	1.9800259366979798e-05	3.7179661260896074e-05	16566	100	40.848771266540716	0.10204081632653061	2.7458590544470035e-05	2.7440913901601275e-05	1.9800259366979798e-05	3.7179661260896074e-05	0.9	4000	position_bootstrap	mtDNA_position	False	paired nonparametric bootstrap of whole mtDNA positions
benign	C[A>T]A	262	9.71399184842127e-05	9.556848201283124e-05	5.799167705063262e-05	0.0001482817780910894	16566	262	14.68019518145774	0.1649954421148587	9.71399184842127e-05	9.556848201283124e-05	5.799167705063262e-05	0.0001482817780910894	0.9	4000	position_bootstrap	mtDNA_position	False	paired nonparametric bootstrap of whole mtDNA positions
benign	A[A>T]A	292	3.9997365501969806e-05	3.943702906039118e-05	2.7450489462702258e-05	5.7842420730748004e-05	16566	292	25.4943862275449	0.1417624521072797	3.9997365501969806e-05	3.943702906039118e-05	2.7450489462702258e-05	5.7842420730748004e-05	0.9	4000	position_bootstrap	mtDNA_position	False	paired nonparametric bootstrap of whole mtDNA positions
benign	A[T>C]A	194	0.010039915644441818	0.009541994901905253	0.00511529455437908	0.017025183216205535	16566	194	7.738812265831052	0.32799842542523877	0.010039915644441818	0.009541994901905253	0.00511529455437908	0.017025183216205535	0.9	4000	position_bootstrap	mtDNA_position	False	paired nonparametric bootstrap of whole mtDNA positions
benign	A[T>C]C	166	0.006611855686036734	0.006477354743914556	0.003283258997447662	0.011107177733254026	16566	166	8.759080074495644	0.22749691738594327	0.006611855686036734	0.006477354743914556	0.003283258997447662	0.011107177733254026	0.9	4000	position_bootstrap	mtDNA_position	False	paired nonparametric bootstrap of whole mtDNA positions
benign	A[T>C]G	89	0.003171734661690294	0.003041637463247283	0.0013918385274004146	0.005634079589478019	16566	89	6.244744872673055	0.3600349744417541	0.003171734661690294	0.003041637463247283	0.0013918385274004146	0.005634079589478019	0.9	4000	position_bootstrap	mtDNA_position	False	paired nonparametric bootstrap of whole mtDNA positions
benign	A[T>C]T	186	0.015036391689845455	0.014803679256977401	0.006856469525759276	0.025892895196094896	16566	186	7.114231420715448	0.25128864097659276	0.015036391689845455	0.014803679256977401	0.006856469525759276	0.025892895196094896	0.9	4000	position_bootstrap	mtDNA_position	False	paired nonparametric bootstrap of whole mtDNA positions
benign	C[T>C]A	229	0.009826748522214677	0.009357496880830887	0.0038345565473918266	0.01966054602366041	16566	229	4.0534618198460715	0.48149639194834787	0.009826748522214677	0.009357496880830887	0.0038345565473918266	0.01966054602366041	0.9	4000	position_bootstrap	mtDNA_position	False	paired nonparametric bootstrap of whole mtDNA positions
benign	C[T>C]C	172	0.016282660544039203	0.015966304161382762	0.008042137005277885	0.027156047817875673	16566	172	8.457668664851486	0.21426782054201776	0.016282660544039203	0.015966304161382762	0.008042137005277885	0.027156047817875673	0.9	4000	position_bootstrap	mtDNA_position	False	paired nonparametric bootstrap of whole mtDNA positions
benign	C[T>C]G	76	0.0019836147169304025	0.0019620073892201778	0.0010669996554441912	0.0031344944643629737	16566	76	11.799613112943339	0.1505762926932431	0.0019836147169304025	0.0019620073892201778	0.0010669996554441912	0.0031344944643629737	0.9	4000	position_bootstrap	mtDNA_position	False	paired nonparametric bootstrap of whole mtDNA positions
benign	C[T>C]T	181	0.012790395969754693	0.012056225114057387	0.004928998312863035	0.02439232270152886	16566	181	4.338768683890559	0.4620921998627118	0.012790395969754693	0.012056225114057387	0.004928998312863035	0.02439232270152886	0.9	4000	position_bootstrap	mtDNA_position	False	paired nonparametric bootstrap of whole mtDNA positions
benign	G[T>C]A	76	0.035127224906393965	0.03372788793654825	0.01235277769974434	0.06327741928864146	16566	76	5.13533389598451	0.2927472414940734	0.035127224906393965	0.03372788793654825	0.01235277769974434	0.06327741928864146	0.9	4000	position_bootstrap	mtDNA_position	False	paired nonparametric bootstrap of whole mtDNA positions
benign	G[T>C]C	55	0.06880312433104786	0.06234234371494386	0.004671557567487136	0.1579675056527093	16566	55	1.6252199776108232	0.7688726920722593	0.06880312433104786	0.06234234371494386	0.004671557567487136	0.1579675056527093	0.9	4000	position_bootstrap	mtDNA_position	False	paired nonparametric bootstrap of whole mtDNA positions
benign	G[T>C]G	50	0.01100512354463841	0.009985310046233709	0.001956319250714441	0.024942131475724667	16566	50	2.411700176842288	0.6140543508097722	0.01100512354463841	0.009985310046233709	0.001956319250714441	0.024942131475724667	0.9	4000	position_bootstrap	mtDNA_position	False	paired nonparametric bootstrap of whole mtDNA positions
benign	G[T>C]T	74	0.006199105066850308	0.006104643919606797	0.002922312420305245	0.010451788179019667	16566	74	8.262652354160657	0.2465075154730327	0.006199105066850308	0.006104643919606797	0.002922312420305245	0.010451788179019667	0.9	4000	position_bootstrap	mtDNA_position	False	paired nonparametric bootstrap of whole mtDNA positions
benign	T[T>C]A	218	0.011661541303974444	0.011463949599497134	0.006814087228287046	0.018002407548194807	16566	218	13.293140220262995	0.17411295957097267	0.011661541303974444	0.011463949599497134	0.006814087228287046	0.018002407548194807	0.9	4000	position_bootstrap	mtDNA_position	False	paired nonparametric bootstrap of whole mtDNA positions
benign	T[T>C]C	152	0.007053419078163026	0.006846331339246432	0.003260909059358798	0.012241319349737828	16566	152	7.268899307079473	0.30985793785213095	0.007053419078163026	0.006846331339246432	0.003260909059358798	0.012241319349737828	0.9	4000	position_bootstrap	mtDNA_position	False	paired nonparametric bootstrap of whole mtDNA positions
benign	T[T>C]G	106	0.0030050684347304435	0.002903365558814243	0.001590283131243156	0.004955967626970004	16566	106	9.16864227360262	0.28624860735317526	0.0030050684347304435	0.002903365558814243	0.001590283131243156	0.004955967626970004	0.9	4000	position_bootstrap	mtDNA_position	False	paired nonparametric bootstrap of whole mtDNA positions
benign	T[T>C]T	162	0.0084419229520639	0.008255756952144162	0.0032973873374557046	0.01512270642201791	16566	162	5.59673696138149	0.3261809272639316	0.0084419229520639	0.008255756952144162	0.0032973873374557046	0.01512270642201791	0.9	4000	position_bootstrap	mtDNA_position	False	paired nonparametric bootstrap of whole mtDNA positions
benign	T[A>G]T	195	0.024678263062634553	0.02365042646365803	0.003621702219494358	0.05677542852407581	16566	195	1.7947049262343548	0.7385641706545693	0.024678263062634553	0.02365042646365803	0.003621702219494358	0.05677542852407581	0.9	4000	position_bootstrap	mtDNA_position	False	paired nonparametric bootstrap of whole mtDNA positions
benign	G[A>G]T	89	0.005275270528342103	0.005090677103144544	0.002651229182870261	0.008640159981470627	16566	89	9.095287696581922	0.24588781105018978	0.005275270528342103	0.005090677103144544	0.002651229182870261	0.008640159981470627	0.9	4000	position_bootstrap	mtDNA_position	False	paired nonparametric bootstrap of whole mtDNA positions
benign	C[A>G]T	230	0.0011703523745331768	0.001160204817797729	0.0007687318925764435	0.0016920800035974128	16566	230	21.625533439184565	0.1306360226637938	0.0011703523745331768	0.001160204817797729	0.0007687318925764435	0.0016920800035974128	0.9	4000	position_bootstrap	mtDNA_position	False	paired nonparametric bootstrap of whole mtDNA positions
benign	A[A>G]T	197	0.0043029732819480256	0.004214227682281781	0.0023393951153530394	0.006895994865286842	16566	197	10.771759454898405	0.22221156842534218	0.0043029732819480256	0.004214227682281781	0.0023393951153530394	0.006895994865286842	0.9	4000	position_bootstrap	mtDNA_position	False	paired nonparametric bootstrap of whole mtDNA positions
benign	T[A>G]G	222	0.044572220597537834	0.042568604108871505	0.007773064208463957	0.1054465652566508	16566	222	1.7682186901756427	0.7480888043171964	0.044572220597537834	0.042568604108871505	0.007773064208463957	0.1054465652566508	0.9	4000	position_bootstrap	mtDNA_position	False	paired nonparametric bootstrap of whole mtDNA positions
benign	G[A>G]G	95	0.006787056642428268	0.006710334882572838	0.0030107426006460475	0.011716920790153192	16566	95	7.257941307454654	0.23245647969052224	0.006787056642428268	0.006710334882572838	0.0030107426006460475	0.011716920790153192	0.9	4000	position_bootstrap	mtDNA_position	False	paired nonparametric bootstrap of whole mtDNA positions
benign	C[A>G]G	149	0.003325397824960993	0.003224289566641759	0.0015246101296119295	0.005805410582507921	16566	149	7.208916836716433	0.2640849045952354	0.003325397824960993	0.003224289566641759	0.0015246101296119295	0.005805410582507921	0.9	4000	position_bootstrap	mtDNA_position	False	paired nonparametric bootstrap of whole mtDNA positions
benign	A[A>G]G	130	0.005261005471731869	0.0048881219196553975	0.0010909798028546636	0.012077675020846265	16566	130	2.373825891057116	0.6311605723370429	0.005261005471731869	0.0048881219196553975	0.0010909798028546636	0.012077675020846265	0.9	4000	position_bootstrap	mtDNA_position	False	paired nonparametric bootstrap of whole mtDNA positions
benign	T[A>G]C	217	0.006656266553938922	0.006497403506407115	0.0038604447923289227	0.010730042405222172	16566	217	12.079729026561997	0.23972602739726026	0.006656266553938922	0.006497403506407115	0.0038604447923289227	0.010730042405222172	0.9	4000	position_bootstrap	mtDNA_position	False	paired nonparametric bootstrap of whole mtDNA positions
benign	G[A>G]C	84	0.008974293949546136	0.008809037924933111	0.004375190552356729	0.015139182930278166	16566	84	8.23274949887635	0.23059826377993933	0.008974293949546136	0.008809037924933111	0.004375190552356729	0.015139182930278166	0.9	4000	position_bootstrap	mtDNA_position	False	paired nonparametric bootstrap of whole mtDNA positions
benign	C[A>G]C	220	0.049068126831426535	0.04714649279401019	0.004148430066527456	0.10379442538457555	16566	220	2.4341321668846003	0.4528967638056833	0.049068126831426535	0.04714649279401019	0.004148430066527456	0.10379442538457555	0.9	4000	position_bootstrap	mtDNA_position	False	paired nonparametric bootstrap of whole mtDNA positions
benign	A[A>G]C	244	0.033235335567175506	0.030815628014271523	0.008569830706220978	0.07346593589212667	16566	244	2.5609670238975886	0.6113716610753025	0.033235335567175506	0.030815628014271523	0.008569830706220978	0.07346593589212667	0.9	4000	position_bootstrap	mtDNA_position	False	paired nonparametric bootstrap of whole mtDNA positions
benign	T[A>G]A	307	0.029127213601162216	0.02677576430791976	0.007465405396442044	0.05987953104742558	16566	307	3.087996359919741	0.5309363636946637	0.029127213601162216	0.02677576430791976	0.007465405396442044	0.05987953104742558	0.9	4000	position_bootstrap	mtDNA_position	False	paired nonparametric bootstrap of whole mtDNA positions
benign	G[A>G]A	103	0.04962794673616991	0.04802410144422109	0.002164172487076376	0.13077885280926896	16566	103	1.1432037960608978	0.9350356062088797	0.04962794673616991	0.04802410144422109	0.002164172487076376	0.13077885280926896	0.9	4000	position_bootstrap	mtDNA_position	False	paired nonparametric bootstrap of whole mtDNA positions
benign	C[A>G]A	236	0.0017038005210161682	0.001658709792564054	0.0009052529701201874	0.0028156245651839475	16566	236	9.97013696654981	0.2231692739462606	0.0017038005210161682	0.001658709792564054	0.0009052529701201874	0.0028156245651839475	0.9	4000	position_bootstrap	mtDNA_position	False	paired nonparametric bootstrap of whole mtDNA positions
benign	A[A>G]A	325	0.006332839581172993	0.005937782141999705	0.0016324097230722018	0.014279038953435566	16566	325	2.7934294994833557	0.5803578990671393	0.006332839581172993	0.005937782141999705	0.0016324097230722018	0.014279038953435566	0.9	4000	position_bootstrap	mtDNA_position	False	paired nonparametric bootstrap of whole mtDNA positions
benign	A[T>G]A	301	4.586573434436408e-05	4.512601955375583e-05	3.046699193741436e-05	6.92585536227089e-05	16566	301	18.019179097563185	0.21768707482993196	4.586573434436408e-05	4.512601955375583e-05	3.046699193741436e-05	6.92585536227089e-05	0.9	4000	position_bootstrap	mtDNA_position	False	paired nonparametric bootstrap of whole mtDNA positions
benign	A[T>G]C	165	0.00018440164715908148	0.00017333707242198597	4.814269919088576e-05	0.0003575990131879078	16566	165	4.075768923610394	0.38219895287958117	0.00018440164715908148	0.00017333707242198597	4.814269919088576e-05	0.0003575990131879078	0.9	4000	position_bootstrap	mtDNA_position	False	paired nonparametric bootstrap of whole mtDNA positions
benign	A[T>G]G	112	3.071897977424013e-05	3.0292591536508738e-05	2.1364451099558566e-05	4.388821272189565e-05	16566	112	25.85536159601017	0.1736111111111111	3.071897977424013e-05	3.0292591536508738e-05	2.1364451099558566e-05	4.388821272189565e-05	0.9	4000	position_bootstrap	mtDNA_position	False	paired nonparametric bootstrap of whole mtDNA positions
benign	A[T>G]T	171	3.183675941514815e-05	3.061521135779913e-05	1.7134461560248767e-05	5.643250588999261e-05	16566	171	7.157446808510634	0.3689655172413793	3.183675941514815e-05	3.061521135779913e-05	1.7134461560248767e-05	5.643250588999261e-05	0.9	4000	position_bootstrap	mtDNA_position	False	paired nonparametric bootstrap of whole mtDNA positions
benign	C[T>G]A	229	7.874834554452324e-05	7.512071765696901e-05	2.0129482482862307e-05	0.00018619668077017622	16566	229	2.1370175738387367	0.6824644549763034	7.874834554452324e-05	7.512071765696901e-05	2.0129482482862307e-05	0.00018619668077017622	0.9	4000	position_bootstrap	mtDNA_position	False	paired nonparametric bootstrap of whole mtDNA positions
benign	C[T>G]C	172	0.00023380135442989565	0.0002258631271115014	2.6668055915033206e-05	0.0006460880518044961	16566	172	1.3804691501645265	0.8505154639175257	0.00023380135442989565	0.0002258631271115014	2.6668055915033206e-05	0.0006460880518044961	0.9	4000	position_bootstrap	mtDNA_position	False	paired nonparametric bootstrap of whole mtDNA positions
benign	C[T>G]G	76	3.691616687953377e-05	3.651760452095825e-05	2.3901875123641352e-05	5.3770903791995015e-05	16566	76	19.907455012853486	0.125	3.691616687953377e-05	3.651760452095825e-05	2.3901875123641352e-05	5.3770903791995015e-05	0.9	4000	position_bootstrap	mtDNA_position	False	paired nonparametric bootstrap of whole mtDNA positions
benign	C[T>G]T	165	2.322039804473331e-05	2.3355982035846057e-05	1.761686060208074e-05	3.071776037457088e-05	16566	165	67.00000000000013	0.08955223880597014	2.322039804473331e-05	2.3355982035846057e-05	1.761686060208074e-05	3.071776037457088e-05	0.9	4000	position_bootstrap	mtDNA_position	False	paired nonparametric bootstrap of whole mtDNA positions
benign	G[T>G]A	76	0.00012994762036235447	0.00012215765588665726	3.27197600959818e-05	0.00028686220649051824	16566	76	2.5268810697969823	0.6176470588235294	0.00012994762036235447	0.00012215765588665726	3.27197600959818e-05	0.00028686220649051824	0.9	4000	position_bootstrap	mtDNA_position	False	paired nonparametric bootstrap of whole mtDNA positions
benign	G[T>G]C	55	4.92987685072588e-05	4.723565389631968e-05	2.190181240790185e-05	9.193488987326434e-05	16566	55	5.005708013172335	0.4304635761589404	4.92987685072588e-05	4.723565389631968e-05	2.190181240790185e-05	9.193488987326434e-05	0.9	4000	position_bootstrap	mtDNA_position	False	paired nonparametric bootstrap of whole mtDNA positions
benign	G[T>G]G	50	6.084947334590861e-05	5.974736788250527e-05	3.3780520862704826e-05	9.556601334553321e-05	16566	50	11.552004648460208	0.18439716312056736	6.084947334590861e-05	5.974736788250527e-05	3.3780520862704826e-05	9.556601334553321e-05	0.9	4000	position_bootstrap	mtDNA_position	False	paired nonparametric bootstrap of whole mtDNA positions
benign	G[T>G]T	71	2.247244100272879e-05	2.22998698996706e-05	1.6310654759702902e-05	3.0391473047687682e-05	16566	71	42.02500000000002	0.10975609756097561	2.247244100272879e-05	2.22998698996706e-05	1.6310654759702902e-05	3.0391473047687682e-05	0.9	4000	position_bootstrap	mtDNA_position	False	paired nonparametric bootstrap of whole mtDNA positions
benign	T[T>G]A	218	2.5764305617104624e-05	2.5933170227351777e-05	2.0823909235156984e-05	3.2191853868152654e-05	16566	218	161.04705882353005	0.042735042735042736	2.5764305617104624e-05	2.5933170227351777e-05	2.0823909235156984e-05	3.2191853868152654e-05	0.9	4000	position_bootstrap	mtDNA_position	False	paired nonparametric bootstrap of whole mtDNA positions
benign	T[T>G]C	151	2.279543340390042e-05	2.2787977009212855e-05	1.693654605878526e-05	3.0383253140930283e-05	16566	151	49.04488078541385	0.09090909090909091	2.279543340390042e-05	2.2787977009212855e-05	1.693654605878526e-05	3.0383253140930283e-05	0.9	4000	position_bootstrap	mtDNA_position	False	paired nonparametric bootstrap of whole mtDNA positions
benign	T[T>G]G	102	4.5437132150149946e-05	4.3780815940823354e-05	2.5756498902172418e-05	7.578371832096424e-05	16566	102	9.841875681570317	0.29473684210526313	4.5437132150149946e-05	4.3780815940823354e-05	2.5756498902172418e-05	7.578371832096424e-05	0.9	4000	position_bootstrap	mtDNA_position	False	paired nonparametric bootstrap of whole mtDNA positions
benign	T[T>G]T	155	3.293457870532568e-05	3.2459279030400106e-05	2.058859164723465e-05	4.967281250804284e-05	16566	155	16.07510288065838	0.184	3.293457870532568e-05	3.2459279030400106e-05	2.058859164723465e-05	4.967281250804284e-05	0.9	4000	position_bootstrap	mtDNA_position	False	paired nonparametric bootstrap of whole mtDNA positions
benign	T[A>C]T	194	3.0036335779257018e-05	2.963256301271342e-05	2.246055315543262e-05	4.020756536685571e-05	16566	194	42.291262135922125	0.125	3.0036335779257018e-05	2.963256301271342e-05	2.246055315543262e-05	4.020756536685571e-05	0.9	4000	position_bootstrap	mtDNA_position	False	paired nonparametric bootstrap of whole mtDNA positions
benign	G[A>C]T	82	4.950433119173842e-05	4.712825825595465e-05	2.159972008680801e-05	9.744128769190179e-05	16566	82	4.299050203527817	0.47752808988764045	4.950433119173842e-05	4.712825825595465e-05	2.159972008680801e-05	9.744128769190179e-05	0.9	4000	position_bootstrap	mtDNA_position	False	paired nonparametric bootstrap of whole mtDNA positions
benign	C[A>C]T	230	6.94870454594752e-05	6.882939192240123e-05	4.580777584111324e-05	0.00010287190508887223	16566	230	20.093509510672337	0.19623655913978494	6.94870454594752e-05	6.882939192240123e-05	4.580777584111324e-05	0.00010287190508887223	0.9	4000	position_bootstrap	mtDNA_position	False	paired nonparametric bootstrap of whole mtDNA positions
benign	A[A>C]T	194	2.217655285899814e-05	2.2296236248222294e-05	1.7500867169978486e-05	2.8250859493525622e-05	16566	194	127.34159779614282	0.046511627906976744	2.217655285899814e-05	2.2296236248222294e-05	1.7500867169978486e-05	2.8250859493525622e-05	0.9	4000	position_bootstrap	mtDNA_position	False	paired nonparametric bootstrap of whole mtDNA positions
benign	T[A>C]G	221	4.2137305589605175e-05	4.2201490577912045e-05	3.241698354798214e-05	5.552488743082809e-05	16566	221	68.1680672268907	0.0673076923076923	4.2137305589605175e-05	4.2201490577912045e-05	3.241698354798214e-05	5.552488743082809e-05	0.9	4000	position_bootstrap	mtDNA_position	False	paired nonparametric bootstrap of whole mtDNA positions
benign	G[A>C]G	90	4.20088612297301e-05	4.020475131353612e-05	2.1861585359872457e-05	7.608856638724558e-05	16566	90	6.621831350232817	0.38125	4.20088612297301e-05	4.020475131353612e-05	2.1861585359872457e-05	7.608856638724558e-05	0.9	4000	position_bootstrap	mtDNA_position	False	paired nonparametric bootstrap of whole mtDNA positions
benign	C[A>C]G	149	0.00035292694540626997	0.00032478730630742625	7.001660161668253e-05	0.0007734995255520239	16566	149	2.7804831231030867	0.549468085106383	0.00035292694540626997	0.00032478730630742625	7.001660161668253e-05	0.0007734995255520239	0.9	4000	position_bootstrap	mtDNA_position	False	paired nonparametric bootstrap of whole mtDNA positions
benign	A[A>C]G	117	5.780507690191171e-05	5.394459345176318e-05	2.1239736383373073e-05	0.00011724386243098018	16566	117	3.4593869594763755	0.5305466237942122	5.780507690191171e-05	5.394459345176318e-05	2.1239736383373073e-05	0.00011724386243098018	0.9	4000	position_bootstrap	mtDNA_position	False	paired nonparametric bootstrap of whole mtDNA positions
benign	T[A>C]C	213	0.0001561641908303404	0.00014526269999516367	4.2145919191020706e-05	0.000320404788662844	16566	213	3.4777560984491163	0.4894319682959049	0.0001561641908303404	0.00014526269999516367	4.2145919191020706e-05	0.000320404788662844	0.9	4000	position_bootstrap	mtDNA_position	False	paired nonparametric bootstrap of whole mtDNA positions
benign	G[A>C]C	80	0.00023559750876854724	0.0002261643321844838	2.9504638917869424e-05	0.0006282367128220662	16566	80	1.548516335973551	0.8007968127490039	0.00023559750876854724	0.0002261643321844838	2.9504638917869424e-05	0.0006282367128220662	0.9	4000	position_bootstrap	mtDNA_position	False	paired nonparametric bootstrap of whole mtDNA positions
benign	C[A>C]C	220	0.0005151373938444851	0.0005005114426804026	0.000242944802023924	0.0008654986916018264	16566	220	8.585224566309721	0.20569948186528497	0.0005151373938444851	0.0005005114426804026	0.000242944802023924	0.0008654986916018264	0.9	4000	position_bootstrap	mtDNA_position	False	paired nonparametric bootstrap of whole mtDNA positions
benign	A[A>C]C	240	0.001021690512491394	0.0009582657292721006	0.00019316550667729888	0.0021501990672597175	16566	240	3.2641558211650676	0.44320712694877507	0.001021690512491394	0.0009582657292721006	0.00019316550667729888	0.0021501990672597175	0.9	4000	position_bootstrap	mtDNA_position	False	paired nonparametric bootstrap of whole mtDNA positions
benign	T[A>C]A	305	6.425683773671899e-05	6.163042324004695e-05	2.6716487301646344e-05	0.00013189640071427293	16566	305	3.694132704824695	0.5188953488372093	6.425683773671899e-05	6.163042324004695e-05	2.6716487301646344e-05	0.00013189640071427293	0.9	4000	position_bootstrap	mtDNA_position	False	paired nonparametric bootstrap of whole mtDNA positions
benign	G[A>C]A	98	2.5030279816047512e-05	2.440046255870023e-05	1.6235786650424694e-05	3.907422465935099e-05	16566	98	15.695804195804195	0.23880597014925373	2.5030279816047512e-05	2.440046255870023e-05	1.6235786650424694e-05	3.907422465935099e-05	0.9	4000	position_bootstrap	mtDNA_position	False	paired nonparametric bootstrap of whole mtDNA positions
benign	C[A>C]A	236	9.864527729390423e-05	9.577022529222765e-05	4.982354149471881e-05	0.00016365074773402972	16566	236	9.213583583286333	0.2621184919210054	9.864527729390423e-05	9.577022529222765e-05	4.982354149471881e-05	0.00016365074773402972	0.9	4000	position_bootstrap	mtDNA_position	False	paired nonparametric bootstrap of whole mtDNA positions
benign	A[A>C]A	254	0.00021285954284381634	0.00019390366900189478	3.3939398238841184e-05	0.0004880328390059474	16566	254	2.424441695218336	0.6061915046796257	0.00021285954284381634	0.00019390366900189478	3.3939398238841184e-05	0.0004880328390059474	0.9	4000	position_bootstrap	mtDNA_position	False	paired nonparametric bootstrap of whole mtDNA positions
vus_low	A[C>A]A	42	3.7103708903788077e-06	3.724186463432244e-06	2.644913356973311e-06	4.9946195710515694e-06	16566	42	42.000000000000036	0.023809523809523808	3.7103708903788077e-06	3.724186463432244e-06	2.644913356973311e-06	4.9946195710515694e-06	0.9	4000	position_bootstrap	mtDNA_position	False	paired nonparametric bootstrap of whole mtDNA positions
vus_low	A[C>A]C	38	3.016333931320737e-06	3.010722456899199e-06	2.162268657705881e-06	4.150685123674547e-06	16566	38	37.999999999999986	0.02631578947368421	3.016333931320737e-06	3.010722456899199e-06	2.162268657705881e-06	4.150685123674547e-06	0.9	4000	position_bootstrap	mtDNA_position	False	paired nonparametric bootstrap of whole mtDNA positions
vus_low	A[C>A]G	14	4.492614325957247e-06	4.450421362966559e-06	2.551592388383269e-06	6.80408878453502e-06	16566	14	14.0	0.07142857142857142	4.492614325957247e-06	4.450421362966559e-06	2.551592388383269e-06	6.80408878453502e-06	0.9	4000	position_bootstrap	mtDNA_position	False	paired nonparametric bootstrap of whole mtDNA positions
vus_low	A[C>A]T	64	7.681927309272895e-06	7.591209292295496e-06	5.31528928254971e-06	1.0811668033864338e-05	16566	64	27.350427350427434	0.15	7.681927309272895e-06	7.591209292295496e-06	5.31528928254971e-06	1.0811668033864338e-05	0.9	4000	position_bootstrap	mtDNA_position	False	paired nonparametric bootstrap of whole mtDNA positions
vus_low	C[C>A]A	22	2.0318697733026804e-06	2.033635014595492e-06	1.2851850425337353e-06	2.947248788103979e-06	16566	22	21.160000000000004	0.08695652173913043	2.0318697733026804e-06	2.033635014595492e-06	1.2851850425337353e-06	2.947248788103979e-06	0.9	4000	position_bootstrap	mtDNA_position	False	paired nonparametric bootstrap of whole mtDNA positions
vus_low	C[C>A]C	39	2.7101447336037363e-06	2.7230681426946e-06	1.9249442489177886e-06	3.742094418510226e-06	16566	39	35.765957446808535	0.07317073170731707	2.7101447336037363e-06	2.7230681426946e-06	1.9249442489177886e-06	3.742094418510226e-06	0.9	4000	position_bootstrap	mtDNA_position	False	paired nonparametric bootstrap of whole mtDNA positions
vus_low	C[C>A]G	6	1.64432495141918e-06	1.6007479771342423e-06	5.832032689891244e-07	2.9606838886083296e-06	16566	6	5.999999999999999	0.16666666666666666	1.64432495141918e-06	1.6007479771342423e-06	5.832032689891244e-07	2.9606838886083296e-06	0.9	4000	position_bootstrap	mtDNA_position	False	paired nonparametric bootstrap of whole mtDNA positions
vus_low	C[C>A]T	119	3.32077860059494e-05	3.2056942522914566e-05	8.558129265847418e-06	8.005798017115703e-05	16566	119	2.0594056601101074	0.69593147751606	3.32077860059494e-05	3.2056942522914566e-05	8.558129265847418e-06	8.005798017115703e-05	0.9	4000	position_bootstrap	mtDNA_position	False	paired nonparametric bootstrap of whole mtDNA positions
vus_low	G[C>A]A	17	3.1597630460852062e-06	3.134345731732702e-06	1.910388600984787e-06	4.734914606809829e-06	16566	17	17.000000000000004	0.058823529411764705	3.1597630460852062e-06	3.134345731732702e-06	1.910388600984787e-06	4.734914606809829e-06	0.9	4000	position_bootstrap	mtDNA_position	False	paired nonparametric bootstrap of whole mtDNA positions
vus_low	G[C>A]C	21	2.986567478051124e-06	2.980945877265547e-06	1.8971708282409947e-06	4.382431540801641e-06	16566	21	21.000000000000014	0.047619047619047616	2.986567478051124e-06	2.980945877265547e-06	1.8971708282409947e-06	4.382431540801641e-06	0.9	4000	position_bootstrap	mtDNA_position	False	paired nonparametric bootstrap of whole mtDNA positions
vus_low	G[C>A]G	4	2.4619947360046738e-06	2.3486078451659535e-06	6.026913006200058e-07	4.800841144153705e-06	16566	4	4.0	0.25	2.4619947360046738e-06	2.3486078451659535e-06	6.026913006200058e-07	4.800841144153705e-06	0.9	4000	position_bootstrap	mtDNA_position	False	paired nonparametric bootstrap of whole mtDNA positions
vus_low	G[C>A]T	18	3.876972688898664e-06	3.866557193114145e-06	2.353036428941092e-06	5.718105024199868e-06	16566	18	17.19047619047619	0.10526315789473684	3.876972688898664e-06	3.866557193114145e-06	2.353036428941092e-06	5.718105024199868e-06	0.9	4000	position_bootstrap	mtDNA_position	False	paired nonparametric bootstrap of whole mtDNA positions
vus_low	T[C>A]A	7	6.670506042347687e-07	6.545828091497146e-07	2.847121372127993e-07	1.1577884384352004e-06	16566	7	7.0	0.14285714285714285	6.670506042347687e-07	6.545828091497146e-07	2.847121372127993e-07	1.1577884384352004e-06	0.9	4000	position_bootstrap	mtDNA_position	False	paired nonparametric bootstrap of whole mtDNA positions
vus_low	T[C>A]C	20	1.0104291427157993e-05	9.57419418389151e-06	1.733270722385413e-06	2.58553764731142e-05	16566	20	1.7713444553483808	0.7473684210526316	1.0104291427157993e-05	9.57419418389151e-06	1.733270722385413e-06	2.58553764731142e-05	0.9	4000	position_bootstrap	mtDNA_position	False	paired nonparametric bootstrap of whole mtDNA positions
vus_low	T[C>A]G	4	1.2515139908023758e-06	1.189048158474053e-06	3.1139631148482234e-07	2.4738434525170048e-06	16566	4	4.0	0.25	1.2515139908023758e-06	1.189048158474053e-06	3.1139631148482234e-07	2.4738434525170048e-06	0.9	4000	position_bootstrap	mtDNA_position	False	paired nonparametric bootstrap of whole mtDNA positions
vus_low	T[C>A]T	27	0.00013329231533108798	0.00012398074309848654	3.7870877797775266e-06	0.0003544883062755268	16566	27	1.3736620478757708	0.8441203281677302	0.00013329231533108798	0.00012398074309848654	3.7870877797775266e-06	0.0003544883062755268	0.9	4000	position_bootstrap	mtDNA_position	False	paired nonparametric bootstrap of whole mtDNA positions
vus_low	T[G>T]T	23	9.157419444895433e-06	8.88465354431656e-06	5.021675494420587e-06	1.4842754296855599e-05	16566	23	10.465116279069768	0.26666666666666666	9.157419444895433e-06	8.88465354431656e-06	5.021675494420587e-06	1.4842754296855599e-05	0.9	4000	position_bootstrap	mtDNA_position	False	paired nonparametric bootstrap of whole mtDNA positions
vus_low	G[G>T]T	11	4.3084907880081785e-06	4.2138103414595835e-06	1.9654801186225757e-06	7.338078375208548e-06	16566	11	7.538461538461538	0.2857142857142857	4.3084907880081785e-06	4.2138103414595835e-06	1.9654801186225757e-06	7.338078375208548e-06	0.9	4000	position_bootstrap	mtDNA_position	False	paired nonparametric bootstrap of whole mtDNA positions
vus_low	C[G>T]T	18	8.447719437916036e-06	8.449825811468165e-06	5.262866945156914e-06	1.249934123023748e-05	16566	18	18.0	0.05555555555555555	8.447719437916036e-06	8.449825811468165e-06	5.262866945156914e-06	1.249934123023748e-05	0.9	4000	position_bootstrap	mtDNA_position	False	paired nonparametric bootstrap of whole mtDNA positions
vus_low	A[G>T]T	27	5.569924904120464e-06	5.591817714664226e-06	3.7289987588600583e-06	7.917559833044127e-06	16566	27	27.000000000000018	0.037037037037037035	5.569924904120464e-06	5.591817714664226e-06	3.7289987588600583e-06	7.917559833044127e-06	0.9	4000	position_bootstrap	mtDNA_position	False	paired nonparametric bootstrap of whole mtDNA positions
vus_low	T[G>T]G	9	2.4309983994002984e-06	2.4029578183555825e-06	1.148768880249173e-06	4.032943415933461e-06	16566	9	9.0	0.1111111111111111	2.4309983994002984e-06	2.4029578183555825e-06	1.148768880249173e-06	4.032943415933461e-06	0.9	4000	position_bootstrap	mtDNA_position	False	paired nonparametric bootstrap of whole mtDNA positions
vus_low	G[G>T]G	16	4.693177465508909e-06	4.651025759495833e-06	2.7403392415436933e-06	7.027613566414637e-06	16566	16	16.0	0.0625	4.693177465508909e-06	4.651025759495833e-06	2.7403392415436933e-06	7.027613566414637e-06	0.9	4000	position_bootstrap	mtDNA_position	False	paired nonparametric bootstrap of whole mtDNA positions
vus_low	C[G>T]G	10	4.469692824294199e-06	4.3790246331465035e-06	2.1920403289186624e-06	7.210335220369259e-06	16566	10	9.999999999999996	0.1	4.469692824294199e-06	4.3790246331465035e-06	2.1920403289186624e-06	7.210335220369259e-06	0.9	4000	position_bootstrap	mtDNA_position	False	paired nonparametric bootstrap of whole mtDNA positions
vus_low	A[G>T]G	28	5.591871022734019e-06	5.587439630146682e-06	3.735026379377154e-06	7.878347614188282e-06	16566	28	27.999999999999986	0.03571428571428571	5.591871022734019e-06	5.587439630146682e-06	3.735026379377154e-06	7.878347614188282e-06	0.9	4000	position_bootstrap	mtDNA_position	False	paired nonparametric bootstrap of whole mtDNA positions
vus_low	T[G>T]C	15	4.399853873914602e-06	4.359070885608761e-06	2.593806432509626e-06	6.68154375976845e-06	16566	15	15.0	0.06666666666666667	4.399853873914602e-06	4.359070885608761e-06	2.593806432509626e-06	6.68154375976845e-06	0.9	4000	position_bootstrap	mtDNA_position	False	paired nonparametric bootstrap of whole mtDNA positions
vus_low	G[G>T]C	12	2.851550865119337e-06	2.825301499863342e-06	1.5504911394690409e-06	4.455398740082549e-06	16566	12	11.999999999999996	0.08333333333333333	2.851550865119337e-06	2.825301499863342e-06	1.5504911394690409e-06	4.455398740082549e-06	0.9	4000	position_bootstrap	mtDNA_position	False	paired nonparametric bootstrap of whole mtDNA positions
vus_low	C[G>T]C	28	1.522111610435322e-05	1.4667701984288917e-05	7.581069394036584e-06	2.571172935147334e-05	16566	28	8.780487804878046	0.26666666666666666	1.522111610435322e-05	1.4667701984288917e-05	7.581069394036584e-06	2.571172935147334e-05	0.9	4000	position_bootstrap	mtDNA_position	False	paired nonparametric bootstrap of whole mtDNA positions
vus_low	A[G>T]C	42	1.0030184330618319e-05	9.567699555056784e-06	4.421907621810302e-06	1.9386572684831835e-05	16566	42	4.8460176991150465	0.44594594594594594	1.0030184330618319e-05	9.567699555056784e-06	4.421907621810302e-06	1.9386572684831835e-05	0.9	4000	position_bootstrap	mtDNA_position	False	paired nonparametric bootstrap of whole mtDNA positions
vus_low	T[G>T]A	8	3.060574498834246e-05	2.9415617069185417e-05	7.481838573718373e-07	9.005158462971574e-05	16566	8	1.0863689776733256	0.9593023255813954	3.060574498834246e-05	2.9415617069185417e-05	7.481838573718373e-07	9.005158462971574e-05	0.9	4000	position_bootstrap	mtDNA_position	False	paired nonparametric bootstrap of whole mtDNA positions
vus_low	G[G>T]A	4	1.1464250297426342e-06	1.0909188525970166e-06	2.8573385047204706e-07	2.2502109640583348e-06	16566	4	4.0	0.25	1.1464250297426342e-06	1.0909188525970166e-06	2.8573385047204706e-07	2.2502109640583348e-06	0.9	4000	position_bootstrap	mtDNA_position	False	paired nonparametric bootstrap of whole mtDNA positions
vus_low	C[G>T]A	7	2.1367312038089343e-06	2.115376125798803e-06	9.035998411033015e-07	3.6886089472526975e-06	16566	7	7.0	0.14285714285714285	2.1367312038089343e-06	2.115376125798803e-06	9.035998411033015e-07	3.6886089472526975e-06	0.9	4000	position_bootstrap	mtDNA_position	False	paired nonparametric bootstrap of whole mtDNA positions
vus_low	A[G>T]A	9	2.1332624843222315e-06	2.091029719140917e-06	9.858710865806556e-07	3.5379140101996777e-06	16566	9	8.333333333333332	0.2	2.1332624843222315e-06	2.091029719140917e-06	9.858710865806556e-07	3.5379140101996777e-06	0.9	4000	position_bootstrap	mtDNA_position	False	paired nonparametric bootstrap of whole mtDNA positions
vus_low	A[C>G]A	15	1.3251324608495743e-06	1.3088114449282033e-06	7.78015504720394e-07	2.000892892446396e-06	16566	15	15.0	0.06666666666666667	1.3251324608495743e-06	1.3088114449282033e-06	7.78015504720394e-07	2.000892892446396e-06	0.9	4000	position_bootstrap	mtDNA_position	False	paired nonparametric bootstrap of whole mtDNA positions
vus_low	A[C>G]C	38	4.4451236882621385e-06	4.305322617488345e-06	2.5333104225023298e-06	7.211504757646024e-06	16566	38	11.701492537313433	0.25	4.4451236882621385e-06	4.305322617488345e-06	2.5333104225023298e-06	7.211504757646024e-06	0.9	4000	position_bootstrap	mtDNA_position	False	paired nonparametric bootstrap of whole mtDNA positions
vus_low	A[C>G]G	14	4.492614325957247e-06	4.482727450991374e-06	2.514949949247229e-06	6.880210132500042e-06	16566	14	14.0	0.07142857142857142	4.492614325957247e-06	4.482727450991374e-06	2.514949949247229e-06	6.880210132500042e-06	0.9	4000	position_bootstrap	mtDNA_position	False	paired nonparametric bootstrap of whole mtDNA positions
vus_low	A[C>G]T	64	6.241565938784227e-06	6.259120647535204e-06	4.738049217514333e-06	8.155162756610429e-06	16566	64	63.059701492537386	0.03076923076923077	6.241565938784227e-06	6.259120647535204e-06	4.738049217514333e-06	8.155162756610429e-06	0.9	4000	position_bootstrap	mtDNA_position	False	paired nonparametric bootstrap of whole mtDNA positions
vus_low	C[C>G]A	22	1.943527609246042e-06	1.9441880086357326e-06	1.2404362551166497e-06	2.796899158655562e-06	16566	22	22.0	0.045454545454545456	1.943527609246042e-06	1.9441880086357326e-06	1.2404362551166497e-06	2.796899158655562e-06	0.9	4000	position_bootstrap	mtDNA_position	False	paired nonparametric bootstrap of whole mtDNA positions
vus_low	C[C>G]C	39	2.5779425514767248e-06	2.5976989213484443e-06	1.8534022584370756e-06	3.5332969783526244e-06	16566	39	39.00000000000003	0.02564102564102564	2.5779425514767248e-06	2.5976989213484443e-06	1.8534022584370756e-06	3.5332969783526244e-06	0.9	4000	position_bootstrap	mtDNA_position	False	paired nonparametric bootstrap of whole mtDNA positions
vus_low	C[C>G]G	9	2.46648742712877e-06	2.4153962757614033e-06	1.174571122641681e-06	4.095611124029427e-06	16566	9	9.0	0.1111111111111111	2.46648742712877e-06	2.4153962757614033e-06	1.174571122641681e-06	4.095611124029427e-06	0.9	4000	position_bootstrap	mtDNA_position	False	paired nonparametric bootstrap of whole mtDNA positions
vus_low	C[C>G]T	119	8.461941187811518e-06	8.494236386276419e-06	6.700062016961046e-06	1.0740325159159682e-05	16566	119	118.99999999999999	0.008403361344537815	8.461941187811518e-06	8.494236386276419e-06	6.700062016961046e-06	1.0740325159159682e-05	0.9	4000	position_bootstrap	mtDNA_position	False	paired nonparametric bootstrap of whole mtDNA positions
vus_low	G[C>G]A	17	3.1597630460852062e-06	3.134345731732702e-06	1.910388600984787e-06	4.734914606809829e-06	16566	17	17.000000000000004	0.058823529411764705	3.1597630460852062e-06	3.134345731732702e-06	1.910388600984787e-06	4.734914606809829e-06	0.9	4000	position_bootstrap	mtDNA_position	False	paired nonparametric bootstrap of whole mtDNA positions
vus_low	G[C>G]C	21	3.271002475960755e-06	3.254654860802879e-06	2.0308769840706847e-06	4.9177290095405655e-06	16566	21	18.241379310344833	0.13043478260869565	3.271002475960755e-06	3.254654860802879e-06	2.0308769840706847e-06	4.9177290095405655e-06	0.9	4000	position_bootstrap	mtDNA_position	False	paired nonparametric bootstrap of whole mtDNA positions
vus_low	G[C>G]G	7	6.154986840011685e-06	5.725057141161735e-06	2.029722237071527e-06	1.1698313664064505e-05	16566	7	4.545454545454544	0.4	6.154986840011685e-06	5.725057141161735e-06	2.029722237071527e-06	1.1698313664064505e-05	0.9	4000	position_bootstrap	mtDNA_position	False	paired nonparametric bootstrap of whole mtDNA positions
vus_low	G[C>G]T	18	3.6729214947461025e-06	3.6763098233862864e-06	2.270033820846484e-06	5.364072368578411e-06	16566	18	18.0	0.05555555555555555	3.6729214947461025e-06	3.6763098233862864e-06	2.270033820846484e-06	5.364072368578411e-06	0.9	4000	position_bootstrap	mtDNA_position	False	paired nonparametric bootstrap of whole mtDNA positions
vus_low	T[C>G]A	20	2.0011518127043063e-06	2.0035000516878465e-06	1.2377250623103445e-06	2.9363513031339375e-06	16566	20	19.173913043478272	0.09523809523809523	2.0011518127043063e-06	2.0035000516878465e-06	1.2377250623103445e-06	2.9363513031339375e-06	0.9	4000	position_bootstrap	mtDNA_position	False	paired nonparametric bootstrap of whole mtDNA positions
vus_low	T[C>G]C	20	2.552663097387282e-06	2.512227228802405e-06	1.4795045502992677e-06	3.974776140540046e-06	16566	20	13.090909090909097	0.20833333333333334	2.552663097387282e-06	2.512227228802405e-06	1.4795045502992677e-06	3.974776140540046e-06	0.9	4000	position_bootstrap	mtDNA_position	False	paired nonparametric bootstrap of whole mtDNA positions
vus_low	T[C>G]G	11	3.441663474706533e-06	3.413970960552116e-06	1.795640227552777e-06	5.505219818804406e-06	16566	11	11.0	0.09090909090909091	3.441663474706533e-06	3.413970960552116e-06	1.795640227552777e-06	5.505219818804406e-06	0.9	4000	position_bootstrap	mtDNA_position	False	paired nonparametric bootstrap of whole mtDNA positions
vus_low	T[C>G]T	27	3.280667742880014e-06	3.27329037792251e-06	2.204143623008513e-06	4.643226173845107e-06	16566	27	27.000000000000018	0.037037037037037035	3.280667742880014e-06	3.27329037792251e-06	2.204143623008513e-06	4.643226173845107e-06	0.9	4000	position_bootstrap	mtDNA_position	False	paired nonparametric bootstrap of whole mtDNA positions
vus_low	T[G>C]T	23	1.8314838889790866e-05	1.7416359003191064e-05	7.468232478716029e-06	3.272734221491347e-05	16566	23	6.1224489795918435	0.3333333333333333	1.8314838889790866e-05	1.7416359003191064e-05	7.468232478716029e-06	3.272734221491347e-05	0.9	4000	position_bootstrap	mtDNA_position	False	paired nonparametric bootstrap of whole mtDNA positions
vus_low	G[G>C]T	11	4.3084907880081785e-06	4.180790133663839e-06	1.998744146393386e-06	7.4071046199949475e-06	16566	11	7.5384615384615365	0.2857142857142857	4.3084907880081785e-06	4.180790133663839e-06	1.998744146393386e-06	7.4071046199949475e-06	0.9	4000	position_bootstrap	mtDNA_position	False	paired nonparametric bootstrap of whole mtDNA positions
vus_low	C[G>C]T	18	2.3465887327544547e-05	2.2269584599680594e-05	7.43447651177292e-06	5.068800403411699e-05	16566	18	3.2552083333333326	0.54	2.3465887327544547e-05	2.2269584599680594e-05	7.43447651177292e-06	5.068800403411699e-05	0.9	4000	position_bootstrap	mtDNA_position	False	paired nonparametric bootstrap of whole mtDNA positions
vus_low	A[G>C]T	27	2.1041938526677307e-05	2.0443645694627446e-05	4.465957874272544e-06	5.1345530189246094e-05	16566	27	1.9388743943346975	0.7156862745098039	2.1041938526677307e-05	2.0443645694627446e-05	4.465957874272544e-06	5.1345530189246094e-05	0.9	4000	position_bootstrap	mtDNA_position	False	paired nonparametric bootstrap of whole mtDNA positions
vus_low	T[G>C]G	9	2.4309983994002984e-06	2.4029578183555825e-06	1.148768880249173e-06	4.032943415933461e-06	16566	9	9.0	0.1111111111111111	2.4309983994002984e-06	2.4029578183555825e-06	1.148768880249173e-06	4.032943415933461e-06	0.9	4000	position_bootstrap	mtDNA_position	False	paired nonparametric bootstrap of whole mtDNA positions
vus_low	G[G>C]G	16	4.693177465508909e-06	4.651025759495833e-06	2.7403392415436933e-06	7.027613566414637e-06	16566	16	16.0	0.0625	4.693177465508909e-06	4.651025759495833e-06	2.7403392415436933e-06	7.027613566414637e-06	0.9	4000	position_bootstrap	mtDNA_position	False	paired nonparametric bootstrap of whole mtDNA positions
vus_low	C[G>C]G	10	4.469692824294199e-06	4.3790246331465035e-06	2.1920403289186624e-06	7.210335220369259e-06	16566	10	9.999999999999996	0.1	4.469692824294199e-06	4.3790246331465035e-06	2.1920403289186624e-06	7.210335220369259e-06	0.9	4000	position_bootstrap	mtDNA_position	False	paired nonparametric bootstrap of whole mtDNA positions
vus_low	A[G>C]G	28	5.591871022734019e-06	5.587439630146682e-06	3.735026379377154e-06	7.878347614188282e-06	16566	28	27.999999999999986	0.03571428571428571	5.591871022734019e-06	5.587439630146682e-06	3.735026379377154e-06	7.878347614188282e-06	0.9	4000	position_bootstrap	mtDNA_position	False	paired nonparametric bootstrap of whole mtDNA positions
vus_low	T[G>C]C	15	5.866471831886137e-06	5.727739411376202e-06	3.099329351281917e-06	9.396530662946602e-06	16566	15	10.526315789473681	0.2	5.866471831886137e-06	5.727739411376202e-06	3.099329351281917e-06	9.396530662946602e-06	0.9	4000	position_bootstrap	mtDNA_position	False	paired nonparametric bootstrap of whole mtDNA positions
vus_low	G[G>C]C	12	7.604135640318232e-06	7.317860681095422e-06	2.7546031183745266e-06	1.4204442053818385e-05	16566	12	5.224489795918367	0.28125	7.604135640318232e-06	7.317860681095422e-06	2.7546031183745266e-06	1.4204442053818385e-05	0.9	4000	position_bootstrap	mtDNA_position	False	paired nonparametric bootstrap of whole mtDNA positions
vus_low	C[G>C]C	28	7.864243320582497e-06	7.796171356500862e-06	5.251039858544213e-06	1.1171296939782201e-05	16566	28	24.641025641025653	0.0967741935483871	7.864243320582497e-06	7.796171356500862e-06	5.251039858544213e-06	1.1171296939782201e-05	0.9	4000	position_bootstrap	mtDNA_position	False	paired nonparametric bootstrap of whole mtDNA positions
vus_low	A[G>C]C	42	1.6807335905360425e-05	1.5486632020082774e-05	5.265948478145682e-06	3.251123701303833e-05	16566	42	3.855566700100299	0.46774193548387094	1.6807335905360425e-05	1.5486632020082774e-05	5.265948478145682e-06	3.251123701303833e-05	0.9	4000	position_bootstrap	mtDNA_position	False	paired nonparametric bootstrap of whole mtDNA positions
vus_low	T[G>C]A	13	2.491165289748805e-06	2.459780014326485e-06	1.3459358136728958e-06	3.827934258391146e-06	16566	13	12.249999999999998	0.14285714285714285	2.491165289748805e-06	2.459780014326485e-06	1.3459358136728958e-06	3.827934258391146e-06	0.9	4000	position_bootstrap	mtDNA_position	False	paired nonparametric bootstrap of whole mtDNA positions
vus_low	G[G>C]A	10	2.8660625743565856e-06	2.819495013720242e-06	1.4784506193397521e-06	4.632607064688528e-06	16566	10	9.999999999999996	0.1	2.8660625743565856e-06	2.819495013720242e-06	1.4784506193397521e-06	4.632607064688528e-06	0.9	4000	position_bootstrap	mtDNA_position	False	paired nonparametric bootstrap of whole mtDNA positions
vus_low	C[G>C]A	12	3.6629677779581732e-06	3.6329735390702364e-06	1.971395698277926e-06	5.621116739866389e-06	16566	12	11.999999999999996	0.08333333333333333	3.6629677779581732e-06	3.6329735390702364e-06	1.971395698277926e-06	5.621116739866389e-06	0.9	4000	position_bootstrap	mtDNA_position	False	paired nonparametric bootstrap of whole mtDNA positions
vus_low	A[G>C]A	16	4.479851217076686e-06	4.4018294243550745e-06	2.4300024784801067e-06	7.157936627036924e-06	16566	16	11.307692307692314	0.19047619047619047	4.479851217076686e-06	4.4018294243550745e-06	2.4300024784801067e-06	7.157936627036924e-06	0.9	4000	position_bootstrap	mtDNA_position	False	paired nonparametric bootstrap of whole mtDNA positions
vus_low	A[C>T]A	31	0.0008127479093210722	0.000762390129858709	7.910651445789843e-05	0.0017898084425762924	16566	31	2.4823509364979794	0.5003260869565217	0.0008127479093210722	0.000762390129858709	7.910651445789843e-05	0.0017898084425762924	0.9	4000	position_bootstrap	mtDNA_position	False	paired nonparametric bootstrap of whole mtDNA positions
vus_low	A[C>T]C	38	0.0002664692896695714	0.0002505108742347009	7.684300466573765e-05	0.0005121043523614877	16566	38	4.179937101296288	0.33809949359547214	0.0002664692896695714	0.0002505108742347009	7.684300466573765e-05	0.0005121043523614877	0.9	4000	position_bootstrap	mtDNA_position	False	paired nonparametric bootstrap of whole mtDNA positions
vus_low	A[C>T]G	19	0.00023682495518260343	0.00022008956966372187	5.976085756909697e-06	0.000637195990723684	16566	19	1.3792226735411204	0.8414634146341463	0.00023682495518260343	0.00022008956966372187	5.976085756909697e-06	0.000637195990723684	0.9	4000	position_bootstrap	mtDNA_position	False	paired nonparametric bootstrap of whole mtDNA positions
vus_low	A[C>T]T	38	3.5048793348557585e-05	3.2476734458885574e-05	1.0672836422293806e-05	7.257962410725928e-05	16566	38	3.4979126736156685	0.5013698630136987	3.5048793348557585e-05	3.2476734458885574e-05	1.0672836422293806e-05	7.257962410725928e-05	0.9	4000	position_bootstrap	mtDNA_position	False	paired nonparametric bootstrap of whole mtDNA positions
vus_low	C[C>T]A	12	2.915291413869063e-06	2.7922820218274773e-06	1.1501187956015561e-06	5.280273510290064e-06	16566	12	5.823529411764708	0.30303030303030304	2.915291413869063e-06	2.7922820218274773e-06	1.1501187956015561e-06	5.280273510290064e-06	0.9	4000	position_bootstrap	mtDNA_position	False	paired nonparametric bootstrap of whole mtDNA positions
vus_low	C[C>T]C	39	7.542134490346008e-05	6.899167307530727e-05	8.89292149689419e-06	0.00017610704200931676	16566	39	2.1895551029538147	0.6345311130587205	7.542134490346008e-05	6.899167307530727e-05	8.89292149689419e-06	0.00017610704200931676	0.9	4000	position_bootstrap	mtDNA_position	False	paired nonparametric bootstrap of whole mtDNA positions
vus_low	C[C>T]G	9	2.46648742712877e-06	2.4153962757614033e-06	1.174571122641681e-06	4.095611124029427e-06	16566	9	9.0	0.1111111111111111	2.46648742712877e-06	2.4153962757614033e-06	1.174571122641681e-06	4.095611124029427e-06	0.9	4000	position_bootstrap	mtDNA_position	False	paired nonparametric bootstrap of whole mtDNA positions
vus_low	C[C>T]T	61	9.066365558369484e-05	8.271360500012678e-05	2.5610640291319338e-05	0.0001839344400834748	16566	61	3.550492618906702	0.4894117647058824	9.066365558369484e-05	8.271360500012678e-05	2.5610640291319338e-05	0.0001839344400834748	0.9	4000	position_bootstrap	mtDNA_position	False	paired nonparametric bootstrap of whole mtDNA positions
vus_low	G[C>T]A	16	1.1895578526438424e-05	1.0908212138144919e-05	2.830218737818744e-06	2.6167758140638764e-05	16566	16	3.075075075075075	0.53125	1.1895578526438424e-05	1.0908212138144919e-05	2.830218737818744e-06	2.6167758140638764e-05	0.9	4000	position_bootstrap	mtDNA_position	False	paired nonparametric bootstrap of whole mtDNA positions
vus_low	G[C>T]C	21	0.0008284169314117999	0.0007683499870227933	4.570593875322407e-05	0.0021695544158571297	16566	21	1.6294125689312142	0.7663519313304721	0.0008284169314117999	0.0007683499870227933	4.570593875322407e-05	0.0021695544158571297	0.9	4000	position_bootstrap	mtDNA_position	False	paired nonparametric bootstrap of whole mtDNA positions
vus_low	G[C>T]G	7	0.00022465701966042649	0.00019974373761882648	5.4516004249879024e-06	0.0005061693783353126	16566	7	2.138614656071916	0.589041095890411	0.00022465701966042649	0.00019974373761882648	5.4516004249879024e-06	0.0005061693783353126	0.9	4000	position_bootstrap	mtDNA_position	False	paired nonparametric bootstrap of whole mtDNA positions
vus_low	G[C>T]T	13	8.672175751483855e-05	8.391912872666242e-05	3.3857883076063946e-06	0.0002501853105383406	16566	13	1.1911827744254295	0.9152941176470588	8.672175751483855e-05	8.391912872666242e-05	3.3857883076063946e-06	0.0002501853105383406	0.9	4000	position_bootstrap	mtDNA_position	False	paired nonparametric bootstrap of whole mtDNA positions
vus_low	T[C>T]A	16	1.2388082650074277e-05	1.0783653103311292e-05	1.1929549423735802e-06	2.8583705397352767e-05	16566	16	2.2642015005359055	0.5923076923076923	1.2388082650074277e-05	1.0783653103311292e-05	1.1929549423735802e-06	2.8583705397352767e-05	0.9	4000	position_bootstrap	mtDNA_position	False	paired nonparametric bootstrap of whole mtDNA positions
vus_low	T[C>T]C	18	1.5103256659541418e-05	1.354378875798677e-05	1.8687412554027102e-06	3.565633308060522e-05	16566	18	2.0676784249384745	0.6690140845070423	1.5103256659541418e-05	1.354378875798677e-05	1.8687412554027102e-06	3.565633308060522e-05	0.9	4000	position_bootstrap	mtDNA_position	False	paired nonparametric bootstrap of whole mtDNA positions
vus_low	T[C>T]G	11	3.441663474706533e-06	3.413970960552116e-06	1.795640227552777e-06	5.505219818804406e-06	16566	11	11.0	0.09090909090909091	3.441663474706533e-06	3.413970960552116e-06	1.795640227552777e-06	5.505219818804406e-06	0.9	4000	position_bootstrap	mtDNA_position	False	paired nonparametric bootstrap of whole mtDNA positions
vus_low	T[C>T]T	17	0.00010558889883565676	9.814595213956262e-05	5.307881439113516e-06	0.000272294714900077	16566	17	1.495548967301001	0.8055235903337169	0.00010558889883565676	9.814595213956262e-05	5.307881439113516e-06	0.000272294714900077	0.9	4000	position_bootstrap	mtDNA_position	False	paired nonparametric bootstrap of whole mtDNA positions
vus_low	T[G>A]T	23	0.0011639080114462096	0.0010997318184955583	0.00041060026705924994	0.0022460595753124564	16566	23	4.557109108501679	0.4127983215316024	0.0011639080114462096	0.0010997318184955583	0.00041060026705924994	0.0022460595753124564	0.9	4000	position_bootstrap	mtDNA_position	False	paired nonparametric bootstrap of whole mtDNA positions
vus_low	G[G>A]T	11	0.0006001112169011392	0.0005389963827869516	4.230548132028313e-05	0.0014064215806005034	16566	11	2.0239994975264888	0.6512820512820513	0.0006001112169011392	0.0005389963827869516	4.230548132028313e-05	0.0014064215806005034	0.9	4000	position_bootstrap	mtDNA_position	False	paired nonparametric bootstrap of whole mtDNA positions
vus_low	C[G>A]T	18	0.0011723557308841255	0.0011251051656250496	0.00041913149044839245	0.002180431013374445	16566	18	4.939713370148953	0.37710168134507605	0.0011723557308841255	0.0011251051656250496	0.00041913149044839245	0.002180431013374445	0.9	4000	position_bootstrap	mtDNA_position	False	paired nonparametric bootstrap of whole mtDNA positions
vus_low	A[G>A]T	27	0.0057601275249204295	0.005144062945545136	0.0005682442884983371	0.013391542891557298	16566	27	2.086446326360165	0.6474822720435499	0.0057601275249204295	0.005144062945545136	0.0005682442884983371	0.013391542891557298	0.9	4000	position_bootstrap	mtDNA_position	False	paired nonparametric bootstrap of whole mtDNA positions
vus_low	T[G>A]G	5	2.1608874661335987e-06	2.0104124601453857e-06	5.101420338959352e-07	4.530136917657155e-06	16566	5	3.2	0.5	2.1608874661335987e-06	2.0104124601453857e-06	5.101420338959352e-07	4.530136917657155e-06	0.9	4000	position_bootstrap	mtDNA_position	False	paired nonparametric bootstrap of whole mtDNA positions
vus_low	G[G>A]G	8	3.46121838081282e-05	3.319806607517547e-05	1.6444577302369404e-06	9.599938593591512e-05	16566	8	1.2578139114724487	0.8898305084745762	3.46121838081282e-05	3.319806607517547e-05	1.6444577302369404e-06	9.599938593591512e-05	0.9	4000	position_bootstrap	mtDNA_position	False	paired nonparametric bootstrap of whole mtDNA positions
vus_low	C[G>A]G	5	0.00011531807486679032	0.0001042022376599098	1.8449213728892066e-06	0.00026146840046120337	16566	5	2.3930112165660056	0.5503875968992248	0.00011531807486679032	0.0001042022376599098	1.8449213728892066e-06	0.00026146840046120337	0.9	4000	position_bootstrap	mtDNA_position	False	paired nonparametric bootstrap of whole mtDNA positions
vus_low	A[G>A]G	13	0.0002554286799313147	0.0002312720866318975	2.2479319259128804e-05	0.0005922831395131083	16566	13	2.180205646961609	0.6325254104769351	0.0002554286799313147	0.0002312720866318975	2.2479319259128804e-05	0.0005922831395131083	0.9	4000	position_bootstrap	mtDNA_position	False	paired nonparametric bootstrap of whole mtDNA positions
vus_low	T[G>A]C	15	0.0012310791139213057	0.0011547946857720136	0.00010491169844162857	0.0032329848207837495	16566	15	1.5266247896913967	0.8012866333095068	0.0012310791139213057	0.0011547946857720136	0.00010491169844162857	0.0032329848207837495	0.9	4000	position_bootstrap	mtDNA_position	False	paired nonparametric bootstrap of whole mtDNA positions
vus_low	G[G>A]C	12	0.006419078626622388	0.0061380732811352505	0.00023299106987296908	0.017634372737615756	16566	12	1.2242096480623474	0.9021212009032687	0.006419078626622388	0.0061380732811352505	0.00023299106987296908	0.017634372737615756	0.9	4000	position_bootstrap	mtDNA_position	False	paired nonparametric bootstrap of whole mtDNA positions
vus_low	C[G>A]C	28	0.0003361329806378003	0.00031579516184052845	0.00010371941009843653	0.0006821381871289604	16566	28	3.814345524030513	0.470188679245283	0.0003361329806378003	0.00031579516184052845	0.00010371941009843653	0.0006821381871289604	0.9	4000	position_bootstrap	mtDNA_position	False	paired nonparametric bootstrap of whole mtDNA positions
vus_low	A[G>A]C	42	0.0020044103497457253	0.0019142642909610525	0.00030703393247322473	0.00490420872719935	16566	42	1.7267967641375137	0.7564241276710847	0.0020044103497457253	0.0019142642909610525	0.00030703393247322473	0.00490420872719935	0.9	4000	position_bootstrap	mtDNA_position	False	paired nonparametric bootstrap of whole mtDNA positions
vus_low	T[G>A]A	7	0.00018986238315442676	0.00018215597815842517	5.715367936562286e-07	0.000563813915244074	16566	7	1.0113366739893421	0.9943767572633552	0.00018986238315442676	0.00018215597815842517	5.715367936562286e-07	0.000563813915244074	0.9	4000	position_bootstrap	mtDNA_position	False	paired nonparametric bootstrap of whole mtDNA positions
vus_low	G[G>A]A	10	2.8660625743565856e-06	2.819495013720242e-06	1.4784506193397521e-06	4.632607064688528e-06	16566	10	9.999999999999996	0.1	2.8660625743565856e-06	2.819495013720242e-06	1.4784506193397521e-06	4.632607064688528e-06	0.9	4000	position_bootstrap	mtDNA_position	False	paired nonparametric bootstrap of whole mtDNA positions
vus_low	C[G>A]A	12	0.00048259600474598937	0.0004695125395355431	3.514887252110872e-06	0.0014533309385575245	16566	12	1.0257618132087976	0.9873497786211258	0.00048259600474598937	0.0004695125395355431	3.514887252110872e-06	0.0014533309385575245	0.9	4000	position_bootstrap	mtDNA_position	False	paired nonparametric bootstrap of whole mtDNA positions
vus_low	A[G>A]A	16	9.237026557115263e-05	8.678606244626874e-05	1.7230426617169105e-05	0.000191155859847322	16566	16	3.3845834461594015	0.42725173210161665	9.237026557115263e-05	8.678606244626874e-05	1.7230426617169105e-05	0.000191155859847322	0.9	4000	position_bootstrap	mtDNA_position	False	paired nonparametric bootstrap of whole mtDNA positions
vus_low	A[T>A]A	36	3.7441415791317615e-06	3.7402920728716092e-06	2.637863674575636e-06	5.117352958178204e-06	16566	36	36.0	0.027777777777777776	3.7441415791317615e-06	3.7402920728716092e-06	2.637863674575636e-06	5.117352958178204e-06	0.9	4000	position_bootstrap	mtDNA_position	False	paired nonparametric bootstrap of whole mtDNA positions
vus_low	A[T>A]C	47	5.3636313891530386e-06	5.378154490437865e-06	3.85132165813216e-06	7.3418033574847374e-06	16566	47	40.322580645161274	0.08	5.3636313891530386e-06	5.378154490437865e-06	3.85132165813216e-06	7.3418033574847374e-06	0.9	4000	position_bootstrap	mtDNA_position	False	paired nonparametric bootstrap of whole mtDNA positions
vus_low	A[T>A]G	2	4.266524968644463e-07	4.1631501989836033e-07	0.0	9.809272199538984e-07	16566	2	2.0	0.5	4.266524968644463e-07	4.1631501989836033e-07	0.0	9.809272199538984e-07	0.9	4000	position_bootstrap	mtDNA_position	False	paired nonparametric bootstrap of whole mtDNA positions
vus_low	A[T>A]T	40	5.0499687348166035e-06	5.044748854155634e-06	3.5097700705544444e-06	7.056993691157849e-06	16566	40	32.06060606060605	0.08695652173913043	5.0499687348166035e-06	5.044748854155634e-06	3.5097700705544444e-06	7.056993691157849e-06	0.9	4000	position_bootstrap	mtDNA_position	False	paired nonparametric bootstrap of whole mtDNA positions
vus_low	C[T>A]A	39	5.598223616909235e-06	5.321312821919043e-06	2.254416187486977e-06	1.1217904189248264e-05	16566	39	3.9978678038379525	0.49333333333333335	5.598223616909235e-06	5.321312821919043e-06	2.254416187486977e-06	1.1217904189248264e-05	0.9	4000	position_bootstrap	mtDNA_position	False	paired nonparametric bootstrap of whole mtDNA positions
vus_low	C[T>A]C	60	1.5481691589925684e-05	1.4655833377445477e-05	5.3768453941052295e-06	2.9969657355506976e-05	16566	60	4.448715903652893	0.41916167664670656	1.5481691589925684e-05	1.4655833377445477e-05	5.3768453941052295e-06	2.9969657355506976e-05	0.9	4000	position_bootstrap	mtDNA_position	False	paired nonparametric bootstrap of whole mtDNA positions
vus_low	C[T>A]G	7	1.468256637254184e-06	1.4296970499559638e-06	6.183696316579068e-07	2.5441746995700468e-06	16566	7	7.0	0.14285714285714285	1.468256637254184e-06	1.4296970499559638e-06	6.183696316579068e-07	2.5441746995700468e-06	0.9	4000	position_bootstrap	mtDNA_position	False	paired nonparametric bootstrap of whole mtDNA positions
vus_low	C[T>A]T	39	6.238315892614919e-06	6.0240743309941595e-06	3.612691789062733e-06	1.0087814442926015e-05	16566	39	10.962406015037592	0.2777777777777778	6.238315892614919e-06	6.0240743309941595e-06	3.612691789062733e-06	1.0087814442926015e-05	0.9	4000	position_bootstrap	mtDNA_position	False	paired nonparametric bootstrap of whole mtDNA positions
vus_low	G[T>A]A	8	1.7985829807938335e-06	1.7682634549009801e-06	8.117706421312132e-07	3.030919486580028e-06	16566	8	8.0	0.125	1.7985829807938335e-06	1.7682634549009801e-06	8.117706421312132e-07	3.030919486580028e-06	0.9	4000	position_bootstrap	mtDNA_position	False	paired nonparametric bootstrap of whole mtDNA positions
vus_low	G[T>A]C	7	3.0362817689901115e-05	2.9314234642081905e-05	1.071946704030055e-06	8.673262325251748e-05	16566	7	1.141782178217822	0.9354838709677419	3.0362817689901115e-05	2.9314234642081905e-05	1.071946704030055e-06	8.673262325251748e-05	0.9	4000	position_bootstrap	mtDNA_position	False	paired nonparametric bootstrap of whole mtDNA positions
vus_low	G[T>A]G	0	0.0	0.0	0.0	0.0	16566	0	0.0	0.0	0.0	0.0	0.0	0.0	0.9	4000	position_bootstrap	mtDNA_position	False	paired nonparametric bootstrap of whole mtDNA positions
vus_low	G[T>A]T	14	3.836758219978086e-06	3.8111046857504998e-06	2.2279281491079707e-06	5.965202617218906e-06	16566	14	14.0	0.07142857142857142	3.836758219978086e-06	3.8111046857504998e-06	2.2279281491079707e-06	5.965202617218906e-06	0.9	4000	position_bootstrap	mtDNA_position	False	paired nonparametric bootstrap of whole mtDNA positions
vus_low	T[T>A]A	8	8.808309612685343e-07	8.669800923381404e-07	4.107199590256603e-07	1.4651632149328735e-06	16566	8	8.0	0.125	8.808309612685343e-07	8.669800923381404e-07	4.107199590256603e-07	1.4651632149328735e-06	0.9	4000	position_bootstrap	mtDNA_position	False	paired nonparametric bootstrap of whole mtDNA positions
vus_low	T[T>A]C	23	2.8037164079663615e-06	2.825818340458616e-06	1.8485170190966526e-06	3.996019835050833e-06	16566	23	23.000000000000004	0.043478260869565216	2.8037164079663615e-06	2.825818340458616e-06	1.8485170190966526e-06	3.996019835050833e-06	0.9	4000	position_bootstrap	mtDNA_position	False	paired nonparametric bootstrap of whole mtDNA positions
vus_low	T[T>A]G	0	0.0	0.0	0.0	0.0	16566	0	0.0	0.0	0.0	0.0	0.0	0.0	0.9	4000	position_bootstrap	mtDNA_position	False	paired nonparametric bootstrap of whole mtDNA positions
vus_low	T[T>A]T	21	2.7665046112473573e-06	2.771135305014022e-06	1.7498784362312591e-06	4.039186824947865e-06	16566	21	21.000000000000014	0.047619047619047616	2.7665046112473573e-06	2.771135305014022e-06	1.7498784362312591e-06	4.039186824947865e-06	0.9	4000	position_bootstrap	mtDNA_position	False	paired nonparametric bootstrap of whole mtDNA positions
vus_low	T[A>T]T	54	6.712665950667289e-06	6.683312554961798e-06	4.867609571594494e-06	9.08590373036148e-06	16566	54	42.97530864197532	0.0847457627118644	6.712665950667289e-06	6.683312554961798e-06	4.867609571594494e-06	9.08590373036148e-06	0.9	4000	position_bootstrap	mtDNA_position	False	paired nonparametric bootstrap of whole mtDNA positions
vus_low	G[A>T]T	9	2.5030279816047516e-06	2.481829085573299e-06	1.2058702216971425e-06	4.187990035956397e-06	16566	9	9.0	0.1111111111111111	2.5030279816047516e-06	2.481829085573299e-06	1.2058702216971425e-06	4.187990035956397e-06	0.9	4000	position_bootstrap	mtDNA_position	False	paired nonparametric bootstrap of whole mtDNA positions
vus_low	C[A>T]T	80	7.938708150612085e-06	7.98274415134966e-06	6.033262103068865e-06	1.0391844272277567e-05	16566	80	67.5233644859813	0.058823529411764705	7.938708150612085e-06	7.98274415134966e-06	6.033262103068865e-06	1.0391844272277567e-05	0.9	4000	position_bootstrap	mtDNA_position	False	paired nonparametric bootstrap of whole mtDNA positions
vus_low	A[A>T]T	89	1.7638095529714804e-05	1.690021326029941e-05	8.980429159756484e-06	2.9241481944972615e-05	16566	89	8.842153008769277	0.29239766081871343	1.7638095529714804e-05	1.690021326029941e-05	8.980429159756484e-06	2.9241481944972615e-05	0.9	4000	position_bootstrap	mtDNA_position	False	paired nonparametric bootstrap of whole mtDNA positions
vus_low	T[A>T]G	4	1.8907765328668988e-06	1.7692202534997863e-06	1.3837676585897518e-07	4.858200412778829e-06	16566	4	1.5806451612903227	0.7857142857142857	1.8907765328668988e-06	1.7692202534997863e-06	1.3837676585897518e-07	4.858200412778829e-06	0.9	4000	position_bootstrap	mtDNA_position	False	paired nonparametric bootstrap of whole mtDNA positions
vus_low	G[A>T]G	4	2.625553826858131e-06	2.4468747670844203e-06	2.6720010464935575e-07	6.396500723991122e-06	16566	4	1.9230769230769234	0.7	2.625553826858131e-06	2.4468747670844203e-06	2.6720010464935575e-07	6.396500723991122e-06	0.9	4000	position_bootstrap	mtDNA_position	False	paired nonparametric bootstrap of whole mtDNA positions
vus_low	C[A>T]G	3	1.3140896903424947e-06	1.1914836012754764e-06	1.4658343529655145e-07	3.245903521603768e-06	16566	3	1.8148148148148147	0.7142857142857143	1.3140896903424947e-06	1.1914836012754764e-06	1.4658343529655145e-07	3.245903521603768e-06	0.9	4000	position_bootstrap	mtDNA_position	False	paired nonparametric bootstrap of whole mtDNA positions
vus_low	A[A>T]G	9	2.044552559231604e-06	1.9843299160722353e-06	9.186582526073064e-07	3.517409289736672e-06	16566	9	7.117647058823529	0.2727272727272727	2.044552559231604e-06	1.9843299160722353e-06	9.186582526073064e-07	3.517409289736672e-06	0.9	4000	position_bootstrap	mtDNA_position	False	paired nonparametric bootstrap of whole mtDNA positions
vus_low	T[A>T]C	42	2.423948800867239e-05	2.3256915853881936e-05	3.887542959051839e-06	6.150611356476462e-05	16566	42	1.5920950211894975	0.7914893617021277	2.423948800867239e-05	2.3256915853881936e-05	3.887542959051839e-06	6.150611356476462e-05	0.9	4000	position_bootstrap	mtDNA_position	False	paired nonparametric bootstrap of whole mtDNA positions
vus_low	G[A>T]C	7	4.693177465508909e-06	4.4600432571361065e-06	7.967717602922931e-07	1.151043976261176e-05	16566	7	1.9801980198019806	0.7	4.693177465508909e-06	4.4600432571361065e-06	7.967717602922931e-07	1.151043976261176e-05	0.9	4000	position_bootstrap	mtDNA_position	False	paired nonparametric bootstrap of whole mtDNA positions
vus_low	C[A>T]C	77	0.00011023406407138462	0.00010215915066376366	2.190062108421435e-05	0.00025286442057599173	16566	77	2.454030127039999	0.6150121065375302	0.00011023406407138462	0.00010215915066376366	2.190062108421435e-05	0.00025286442057599173	0.9	4000	position_bootstrap	mtDNA_position	False	paired nonparametric bootstrap of whole mtDNA positions
vus_low	A[A>T]C	73	1.6984832732317955e-05	1.6202702951356017e-05	6.256818771770665e-06	3.128501410629564e-05	16566	73	5.195789223266325	0.3397129186602871	1.6984832732317955e-05	1.6202702951356017e-05	6.256818771770665e-06	3.128501410629564e-05	0.9	4000	position_bootstrap	mtDNA_position	False	paired nonparametric bootstrap of whole mtDNA positions
vus_low	T[A>T]A	18	1.6811381966002062e-06	1.6694844774169627e-06	1.0264891571062713e-06	2.5088031749940913e-06	16566	18	18.0	0.05555555555555555	1.6811381966002062e-06	1.6694844774169627e-06	1.0264891571062713e-06	2.5088031749940913e-06	0.9	4000	position_bootstrap	mtDNA_position	False	paired nonparametric bootstrap of whole mtDNA positions
vus_low	G[A>T]A	1	1.8679313295557847e-07	1.8015495404325057e-07	0.0	5.531410455342405e-07	16566	1	1.0	1.0	1.8679313295557847e-07	1.8015495404325057e-07	0.0	5.531410455342405e-07	0.9	4000	position_bootstrap	mtDNA_position	False	paired nonparametric bootstrap of whole mtDNA positions
vus_low	C[A>T]A	27	2.8336165829487752e-06	2.8264822109165773e-06	1.7362723731463343e-06	4.3377596180555205e-06	16566	27	16.516129032258064	0.1875	2.8336165829487752e-06	2.8264822109165773e-06	1.7362723731463343e-06	4.3377596180555205e-06	0.9	4000	position_bootstrap	mtDNA_position	False	paired nonparametric bootstrap of whole mtDNA positions
vus_low	A[A>T]A	29	9.041550056000838e-06	8.662783498471393e-06	1.890955978863226e-06	2.1438015352075304e-05	16566	29	1.9948424068767916	0.7033898305084746	9.041550056000838e-06	8.662783498471393e-06	1.890955978863226e-06	2.1438015352075304e-05	0.9	4000	position_bootstrap	mtDNA_position	False	paired nonparametric bootstrap of whole mtDNA positions
vus_low	A[T>C]A	36	0.004777940670703142	0.004517235246399105	8.614685178388867e-05	0.012741257075084268	16566	36	1.2921953791525207	0.8733783195472355	0.004777940670703142	0.004517235246399105	8.614685178388867e-05	0.012741257075084268	0.9	4000	position_bootstrap	mtDNA_position	False	paired nonparametric bootstrap of whole mtDNA positions
vus_low	A[T>C]C	47	0.00018558164606469516	0.00017522343501940723	5.167166139722625e-05	0.00038365548764879504	16566	47	3.5907273835404134	0.4745664739884393	0.00018558164606469516	0.00017522343501940723	5.167166139722625e-05	0.00038365548764879504	0.9	4000	position_bootstrap	mtDNA_position	False	paired nonparametric bootstrap of whole mtDNA positions
vus_low	A[T>C]G	9	1.74927523714423e-05	1.691786420902994e-05	1.3246379244168469e-06	4.902579682217265e-05	16566	9	1.3288537549407113	0.8658536585365854	1.74927523714423e-05	1.691786420902994e-05	1.3246379244168469e-06	4.902579682217265e-05	0.9	4000	position_bootstrap	mtDNA_position	False	paired nonparametric bootstrap of whole mtDNA positions
vus_low	A[T>C]T	28	6.707675862984662e-05	6.25867503422481e-05	1.7258718410280612e-05	0.00014314412529099535	16566	28	3.0011897966894683	0.5515548281505729	6.707675862984662e-05	6.25867503422481e-05	1.7258718410280612e-05	0.00014314412529099535	0.9	4000	position_bootstrap	mtDNA_position	False	paired nonparametric bootstrap of whole mtDNA positions
vus_low	C[T>C]A	39	7.673298504243592e-05	7.049998853101539e-05	1.3101403690331567e-05	0.00015919207732620631	16566	39	3.071975070347201	0.49221789883268485	7.673298504243592e-05	7.049998853101539e-05	1.3101403690331567e-05	0.00015919207732620631	0.9	4000	position_bootstrap	mtDNA_position	False	paired nonparametric bootstrap of whole mtDNA positions
vus_low	C[T>C]C	60	3.967762874543828e-05	3.7873944759369825e-05	1.1563802457109329e-05	7.757264971153741e-05	16566	60	4.13975141242938	0.3878504672897196	3.967762874543828e-05	3.7873944759369825e-05	1.1563802457109329e-05	7.757264971153741e-05	0.9	4000	position_bootstrap	mtDNA_position	False	paired nonparametric bootstrap of whole mtDNA positions
vus_low	C[T>C]G	18	3.7755170672250442e-06	3.7492719408512902e-06	2.28667622305162e-06	5.58812383079679e-06	16566	18	18.0	0.05555555555555555	3.7755170672250442e-06	3.7492719408512902e-06	2.28667622305162e-06	5.58812383079679e-06	0.9	4000	position_bootstrap	mtDNA_position	False	paired nonparametric bootstrap of whole mtDNA positions
vus_low	C[T>C]T	24	0.00017571256430865353	0.0001611153016797738	2.4685481329926747e-05	0.00039812496846664355	16566	24	2.444957720757253	0.591715976331361	0.00017571256430865353	0.0001611153016797738	2.4685481329926747e-05	0.00039812496846664355	0.9	4000	position_bootstrap	mtDNA_position	False	paired nonparametric bootstrap of whole mtDNA positions
vus_low	G[T>C]A	8	1.596242395454527e-05	1.4545190493117634e-05	2.9066207378060276e-06	3.61746230047339e-05	16566	8	2.54467440686522	0.5915492957746479	1.596242395454527e-05	1.4545190493117634e-05	2.9066207378060276e-06	3.61746230047339e-05	0.9	4000	position_bootstrap	mtDNA_position	False	paired nonparametric bootstrap of whole mtDNA positions
vus_low	G[T>C]C	7	7.835565855458353e-06	7.500653804903081e-06	2.394556726435417e-06	1.501265233019371e-05	16566	7	4.645161290322581	0.3333333333333333	7.835565855458353e-06	7.500653804903081e-06	2.394556726435417e-06	1.501265233019371e-05	0.9	4000	position_bootstrap	mtDNA_position	False	paired nonparametric bootstrap of whole mtDNA positions
vus_low	G[T>C]G	3	1.29466964565763e-06	1.2619668452486119e-06	3.162840795856518e-07	2.7253706110739138e-06	16566	3	3.0	0.3333333333333333	1.29466964565763e-06	1.2619668452486119e-06	3.162840795856518e-07	2.7253706110739138e-06	0.9	4000	position_bootstrap	mtDNA_position	False	paired nonparametric bootstrap of whole mtDNA positions
vus_low	G[T>C]T	11	4.7411369432586347e-05	4.5477169712935706e-05	5.098395786772807e-06	0.00012176079168959553	16566	11	1.611598729201443	0.7803468208092486	4.7411369432586347e-05	4.5477169712935706e-05	5.098395786772807e-06	0.00012176079168959553	0.9	4000	position_bootstrap	mtDNA_position	False	paired nonparametric bootstrap of whole mtDNA positions
vus_low	T[T>C]A	16	1.200132184728378e-05	1.1021624694257367e-05	2.551712272456463e-06	2.491087845827652e-05	16566	16	3.24883784522833	0.47706422018348627	1.200132184728378e-05	1.1021624694257367e-05	2.551712272456463e-06	2.491087845827652e-05	0.9	4000	position_bootstrap	mtDNA_position	False	paired nonparametric bootstrap of whole mtDNA positions
vus_low	T[T>C]C	23	8.045447083729559e-06	7.78854239081117e-06	2.037130421798645e-06	1.862185894846675e-05	16566	23	2.2247191011235956	0.6666666666666666	8.045447083729559e-06	7.78854239081117e-06	2.037130421798645e-06	1.862185894846675e-05	0.9	4000	position_bootstrap	mtDNA_position	False	paired nonparametric bootstrap of whole mtDNA positions
vus_low	T[T>C]G	2	4.782856015805258e-07	4.658421203329324e-07	0.0	1.156708957621161e-06	16566	2	2.0	0.5	4.782856015805258e-07	4.658421203329324e-07	0.0	1.156708957621161e-06	0.9	4000	position_bootstrap	mtDNA_position	False	paired nonparametric bootstrap of whole mtDNA positions
vus_low	T[T>C]T	15	3.0431550723720924e-05	2.8573380964407257e-05	3.6487525116745337e-06	6.723522337364176e-05	16566	15	2.574716525934862	0.5324675324675324	3.0431550723720924e-05	2.8573380964407257e-05	3.6487525116745337e-06	6.723522337364176e-05	0.9	4000	position_bootstrap	mtDNA_position	False	paired nonparametric bootstrap of whole mtDNA positions
vus_low	T[A>G]T	54	0.000811322388037431	0.0007693770504139852	0.00011641316288573135	0.0019838374166831073	16566	54	1.8407759375788122	0.7276679287617445	0.000811322388037431	0.0007693770504139852	0.00011641316288573135	0.0019838374166831073	0.9	4000	position_bootstrap	mtDNA_position	False	paired nonparametric bootstrap of whole mtDNA positions
vus_low	G[A>G]T	8	1.0290226146597311e-05	9.330204356402968e-06	1.5745133459928064e-06	2.3117696240291036e-05	16566	8	2.457809694793537	0.5945945945945946	1.0290226146597311e-05	9.330204356402968e-06	1.5745133459928064e-06	2.3117696240291036e-05	0.9	4000	position_bootstrap	mtDNA_position	False	paired nonparametric bootstrap of whole mtDNA positions
vus_low	C[A>G]T	80	0.0007897613661361858	0.0007340677515909011	0.00017426098987631742	0.0017047661588060177	16566	80	2.8430287603247915	0.5566461684011353	0.0007897613661361858	0.0007340677515909011	0.00017426098987631742	0.0017047661588060177	0.9	4000	position_bootstrap	mtDNA_position	False	paired nonparametric bootstrap of whole mtDNA positions
vus_low	A[A>G]T	88	0.002827355769386038	0.0026782600654608624	0.0008281434926248195	0.005547888178911844	16566	88	4.073533836447719	0.42140016781584033	0.002827355769386038	0.0026782600654608624	0.0008281434926248195	0.005547888178911844	0.9	4000	position_bootstrap	mtDNA_position	False	paired nonparametric bootstrap of whole mtDNA positions
vus_low	T[A>G]G	4	6.752773331667495e-07	6.409814027656396e-07	1.3837676585897518e-07	1.354095530938289e-06	16566	4	3.571428571428571	0.4	6.752773331667495e-07	6.409814027656396e-07	1.3837676585897518e-07	1.354095530938289e-06	0.9	4000	position_bootstrap	mtDNA_position	False	paired nonparametric bootstrap of whole mtDNA positions
vus_low	G[A>G]G	3	1.0502215307432524e-06	9.970502337290175e-07	0.0	2.2945096735059756e-06	16566	3	2.6666666666666665	0.5	1.0502215307432524e-06	9.970502337290175e-07	0.0	2.2945096735059756e-06	0.9	4000	position_bootstrap	mtDNA_position	False	paired nonparametric bootstrap of whole mtDNA positions
vus_low	C[A>G]G	3	1.0700444621360314e-05	1.0384544310609803e-05	1.4665918882451427e-07	3.1522855176044325e-05	16566	3	1.0733399405351833	0.9649122807017544	1.0700444621360314e-05	1.0384544310609803e-05	1.4665918882451427e-07	3.1522855176044325e-05	0.9	4000	position_bootstrap	mtDNA_position	False	paired nonparametric bootstrap of whole mtDNA positions
vus_low	A[A>G]G	9	8.549947065877616e-06	7.877742680666133e-06	1.7400923883123053e-06	2.0335130953819285e-05	16566	9	2.241525423728813	0.6521739130434783	8.549947065877616e-06	7.877742680666133e-06	1.7400923883123053e-06	2.0335130953819285e-05	0.9	4000	position_bootstrap	mtDNA_position	False	paired nonparametric bootstrap of whole mtDNA positions
vus_low	T[A>G]C	42	0.002374747797547508	0.002265578600693917	0.0006530693325600209	0.004698855526495661	16566	42	4.079204517664973	0.38869825826347565	0.002374747797547508	0.002265578600693917	0.0006530693325600209	0.004698855526495661	0.9	4000	position_bootstrap	mtDNA_position	False	paired nonparametric bootstrap of whole mtDNA positions
vus_low	G[A>G]C	7	9.644479691620809e-05	8.905158024631524e-05	6.9427761504829095e-06	0.00022135182475148697	16566	7	2.3241424856564987	0.5450121654501217	9.644479691620809e-05	8.905158024631524e-05	6.9427761504829095e-06	0.00022135182475148697	0.9	4000	position_bootstrap	mtDNA_position	False	paired nonparametric bootstrap of whole mtDNA positions
vus_low	C[A>G]C	77	0.001115953079618545	0.0010551382326235783	0.00035400156383177353	0.002176053882035676	16566	77	4.346544924871346	0.40588375986606073	0.001115953079618545	0.0010551382326235783	0.00035400156383177353	0.002176053882035676	0.9	4000	position_bootstrap	mtDNA_position	False	paired nonparametric bootstrap of whole mtDNA positions
vus_low	A[A>G]C	73	0.006519900289226818	0.0062203407353999315	0.0003883555603730616	0.018024473568771297	16566	73	1.2027146056650788	0.9114648252480431	0.006519900289226818	0.0062203407353999315	0.0003883555603730616	0.018024473568771297	0.9	4000	position_bootstrap	mtDNA_position	False	paired nonparametric bootstrap of whole mtDNA positions
vus_low	T[A>G]A	21	4.763224890367251e-06	4.661300941667634e-06	2.3730682989465663e-06	7.962241232949746e-06	16566	21	8.938144329896906	0.23529411764705882	4.763224890367251e-06	4.661300941667634e-06	2.3730682989465663e-06	7.962241232949746e-06	0.9	4000	position_bootstrap	mtDNA_position	False	paired nonparametric bootstrap of whole mtDNA positions
vus_low	G[A>G]A	2	3.7358626591115694e-07	3.5808800954713916e-07	0.0	8.697961279334451e-07	16566	2	2.0	0.5	3.7358626591115694e-07	3.5808800954713916e-07	0.0	8.697961279334451e-07	0.9	4000	position_bootstrap	mtDNA_position	False	paired nonparametric bootstrap of whole mtDNA positions
vus_low	C[A>G]A	37	2.4971246137236083e-05	2.352328973949534e-05	2.8886611926550498e-06	6.390326300575032e-05	16566	37	1.7343627322690414	0.74822695035461	2.4971246137236083e-05	2.352328973949534e-05	2.8886611926550498e-06	6.390326300575032e-05	0.9	4000	position_bootstrap	mtDNA_position	False	paired nonparametric bootstrap of whole mtDNA positions
vus_low	A[A>G]A	35	0.001634988094024965	0.0015667334643138517	6.606206000146361e-06	0.004812467315248343	16566	35	1.0425920384489595	0.9792389164870184	0.001634988094024965	0.0015667334643138517	6.606206000146361e-06	0.004812467315248343	0.9	4000	position_bootstrap	mtDNA_position	False	paired nonparametric bootstrap of whole mtDNA positions
vus_low	A[T>G]A	12	1.2480471930439205e-06	1.2438127858441962e-06	6.730936177123434e-07	1.977129683496845e-06	16566	12	11.999999999999996	0.08333333333333333	1.2480471930439205e-06	1.2438127858441962e-06	6.730936177123434e-07	1.977129683496845e-06	0.9	4000	position_bootstrap	mtDNA_position	False	paired nonparametric bootstrap of whole mtDNA positions
vus_low	A[T>G]C	47	1.09418080338722e-05	1.0478566921682356e-05	5.186108700128338e-06	1.9255154429609347e-05	16566	47	7.087193460490457	0.3333333333333333	1.09418080338722e-05	1.0478566921682356e-05	5.186108700128338e-06	1.9255154429609347e-05	0.9	4000	position_bootstrap	mtDNA_position	False	paired nonparametric bootstrap of whole mtDNA positions
vus_low	A[T>G]G	7	1.493283739025562e-06	1.4746289523451924e-06	6.174426015199054e-07	2.594084973442901e-06	16566	7	7.0	0.14285714285714285	1.493283739025562e-06	1.4746289523451924e-06	6.174426015199054e-07	2.594084973442901e-06	0.9	4000	position_bootstrap	mtDNA_position	False	paired nonparametric bootstrap of whole mtDNA positions
vus_low	A[T>G]T	40	4.720622947763347e-06	4.725714461357017e-06	3.3234948111718134e-06	6.465097050762187e-06	16566	40	33.6181818181818	0.09302325581395349	4.720622947763347e-06	4.725714461357017e-06	3.3234948111718134e-06	6.465097050762187e-06	0.9	4000	position_bootstrap	mtDNA_position	False	paired nonparametric bootstrap of whole mtDNA positions
vus_low	C[T>G]A	39	3.135005225469172e-06	3.1121475956335563e-06	2.1709289836191252e-06	4.361670585271908e-06	16566	39	32.666666666666686	0.09523809523809523	3.135005225469172e-06	3.1121475956335563e-06	2.1709289836191252e-06	4.361670585271908e-06	0.9	4000	position_bootstrap	mtDNA_position	False	paired nonparametric bootstrap of whole mtDNA positions
vus_low	C[T>G]C	60	9.54858822612183e-06	9.440156208299194e-06	6.019826459633449e-06	1.4109345896218221e-05	16566	60	19.254083484573513	0.14563106796116504	9.54858822612183e-06	9.440156208299194e-06	6.019826459633449e-06	1.4109345896218221e-05	0.9	4000	position_bootstrap	mtDNA_position	False	paired nonparametric bootstrap of whole mtDNA positions
vus_low	C[T>G]G	18	3.7755170672250442e-06	3.7492719408512902e-06	2.28667622305162e-06	5.58812383079679e-06	16566	18	18.0	0.05555555555555555	3.7755170672250442e-06	3.7492719408512902e-06	2.28667622305162e-06	5.58812383079679e-06	0.9	4000	position_bootstrap	mtDNA_position	False	paired nonparametric bootstrap of whole mtDNA positions
vus_low	C[T>G]T	39	4.620974735270311e-06	4.627378808043454e-06	3.2869933559469817e-06	6.349625251627599e-06	16566	39	38.095238095238074	0.05	4.620974735270311e-06	4.627378808043454e-06	3.2869933559469817e-06	6.349625251627599e-06	0.9	4000	position_bootstrap	mtDNA_position	False	paired nonparametric bootstrap of whole mtDNA positions
vus_low	G[T>G]A	8	1.7985829807938335e-06	1.7682634549009801e-06	8.117706421312132e-07	3.030919486580028e-06	16566	8	8.0	0.125	1.7985829807938335e-06	1.7682634549009801e-06	8.117706421312132e-07	3.030919486580028e-06	0.9	4000	position_bootstrap	mtDNA_position	False	paired nonparametric bootstrap of whole mtDNA positions
vus_low	G[T>G]C	7	1.6650577442848998e-05	1.5871143926087395e-05	1.3177819035454596e-06	3.736289902908764e-05	16566	7	2.4422535211267604	0.47058823529411764	1.6650577442848998e-05	1.5871143926087395e-05	1.3177819035454596e-06	3.736289902908764e-05	0.9	4000	position_bootstrap	mtDNA_position	False	paired nonparametric bootstrap of whole mtDNA positions
vus_low	G[T>G]G	3	1.29466964565763e-06	1.2619668452486119e-06	3.162840795856518e-07	2.7253706110739138e-06	16566	3	3.0	0.3333333333333333	1.29466964565763e-06	1.2619668452486119e-06	3.162840795856518e-07	2.7253706110739138e-06	0.9	4000	position_bootstrap	mtDNA_position	False	paired nonparametric bootstrap of whole mtDNA positions
vus_low	G[T>G]T	14	3.836758219978086e-06	3.8111046857504998e-06	2.2279281491079707e-06	5.965202617218906e-06	16566	14	14.0	0.07142857142857142	3.836758219978086e-06	3.8111046857504998e-06	2.2279281491079707e-06	5.965202617218906e-06	0.9	4000	position_bootstrap	mtDNA_position	False	paired nonparametric bootstrap of whole mtDNA positions
vus_low	T[T>G]A	16	1.7616619225370686e-06	1.753604375542337e-06	1.0555244627139095e-06	2.6426612564069296e-06	16566	16	16.0	0.0625	1.7616619225370686e-06	1.753604375542337e-06	1.0555244627139095e-06	2.6426612564069296e-06	0.9	4000	position_bootstrap	mtDNA_position	False	paired nonparametric bootstrap of whole mtDNA positions
vus_low	T[T>G]C	23	4.876028535593672e-06	4.723729332318925e-06	2.0544185208962363e-06	9.412784547516573e-06	16566	23	4.624277456647402	0.45	4.876028535593672e-06	4.723729332318925e-06	2.0544185208962363e-06	9.412784547516573e-06	0.9	4000	position_bootstrap	mtDNA_position	False	paired nonparametric bootstrap of whole mtDNA positions
vus_low	T[T>G]G	2	4.782856015805258e-07	4.658421203329324e-07	0.0	1.156708957621161e-06	16566	2	2.0	0.5	4.782856015805258e-07	4.658421203329324e-07	0.0	1.156708957621161e-06	0.9	4000	position_bootstrap	mtDNA_position	False	paired nonparametric bootstrap of whole mtDNA positions
vus_low	T[T>G]T	21	2.7665046112473573e-06	2.771135305014022e-06	1.7498784362312591e-06	4.039186824947865e-06	16566	21	21.000000000000014	0.047619047619047616	2.7665046112473573e-06	2.771135305014022e-06	1.7498784362312591e-06	4.039186824947865e-06	0.9	4000	position_bootstrap	mtDNA_position	False	paired nonparametric bootstrap of whole mtDNA positions
vus_low	T[A>C]T	54	6.8264399498311404e-06	6.77569284335782e-06	4.8396527081590656e-06	9.378186794877726e-06	16566	54	35.29411764705885	0.11666666666666667	6.8264399498311404e-06	6.77569284335782e-06	4.8396527081590656e-06	9.378186794877726e-06	0.9	4000	position_bootstrap	mtDNA_position	False	paired nonparametric bootstrap of whole mtDNA positions
vus_low	G[A>C]T	9	2.5030279816047516e-06	2.481829085573299e-06	1.2058702216971425e-06	4.187990035956397e-06	16566	9	9.0	0.1111111111111111	2.5030279816047516e-06	2.481829085573299e-06	1.2058702216971425e-06	4.187990035956397e-06	0.9	4000	position_bootstrap	mtDNA_position	False	paired nonparametric bootstrap of whole mtDNA positions
vus_low	C[A>C]T	80	1.6624588833046482e-05	1.6106476052707343e-05	9.368732116175124e-06	2.7722427952749938e-05	16566	80	10.293697205977882	0.28651685393258425	1.6624588833046482e-05	1.6106476052707343e-05	9.368732116175124e-06	2.7722427952749938e-05	0.9	4000	position_bootstrap	mtDNA_position	False	paired nonparametric bootstrap of whole mtDNA positions
vus_low	A[A>C]T	89	1.0005235475920092e-05	9.997498515036833e-06	7.565840215940461e-06	1.3163106617185682e-05	16566	89	64.88965517241377	0.07216494845360824	1.0005235475920092e-05	9.997498515036833e-06	7.565840215940461e-06	1.3163106617185682e-05	0.9	4000	position_bootstrap	mtDNA_position	False	paired nonparametric bootstrap of whole mtDNA positions
vus_low	T[A>C]G	4	5.402218665333997e-07	5.230322691824614e-07	1.3267419144067569e-07	1.0514207672087134e-06	16566	4	4.0	0.25	5.402218665333997e-07	5.230322691824614e-07	1.3267419144067569e-07	1.0514207672087134e-06	0.9	4000	position_bootstrap	mtDNA_position	False	paired nonparametric bootstrap of whole mtDNA positions
vus_low	G[A>C]G	4	1.0502215307432524e-06	1.0184225462557994e-06	2.561068873957893e-07	2.0439787262079766e-06	16566	4	4.0	0.25	1.0502215307432524e-06	1.0184225462557994e-06	2.561068873957893e-07	2.0439787262079766e-06	0.9	4000	position_bootstrap	mtDNA_position	False	paired nonparametric bootstrap of whole mtDNA positions
vus_low	C[A>C]G	3	5.631812958610691e-07	5.447876779840868e-07	1.4440608639784955e-07	1.2030472185594967e-06	16566	3	3.0	0.3333333333333333	5.631812958610691e-07	5.447876779840868e-07	1.4440608639784955e-07	1.2030472185594967e-06	0.9	4000	position_bootstrap	mtDNA_position	False	paired nonparametric bootstrap of whole mtDNA positions
vus_low	A[A>C]G	9	1.672815730280403e-06	1.6521297677819756e-06	8.191915815449347e-07	2.737654421265901e-06	16566	9	9.0	0.1111111111111111	1.672815730280403e-06	1.6521297677819756e-06	8.191915815449347e-07	2.737654421265901e-06	0.9	4000	position_bootstrap	mtDNA_position	False	paired nonparametric bootstrap of whole mtDNA positions
vus_low	T[A>C]C	42	4.332163814315916e-06	4.328793703655937e-06	3.115021700918268e-06	5.833819975307074e-06	16566	42	42.000000000000036	0.023809523809523808	4.332163814315916e-06	4.328793703655937e-06	3.115021700918268e-06	5.833819975307074e-06	0.9	4000	position_bootstrap	mtDNA_position	False	paired nonparametric bootstrap of whole mtDNA positions
vus_low	G[A>C]C	7	1.6426121129281184e-06	1.6244687906070005e-06	6.862124139799263e-07	2.839887407188711e-06	16566	7	7.0	0.14285714285714285	1.6426121129281184e-06	1.6244687906070005e-06	6.862124139799263e-07	2.839887407188711e-06	0.9	4000	position_bootstrap	mtDNA_position	False	paired nonparametric bootstrap of whole mtDNA positions
vus_low	C[A>C]C	77	7.740406436005215e-06	7.705198214297421e-06	5.593674926024074e-06	1.0630299653130498e-05	16566	77	38.42131979695429	0.12643678160919541	7.740406436005215e-06	7.705198214297421e-06	5.593674926024074e-06	1.0630299653130498e-05	0.9	4000	position_bootstrap	mtDNA_position	False	paired nonparametric bootstrap of whole mtDNA positions
vus_low	A[A>C]C	73	6.8264399498311404e-06	6.752932707935457e-06	4.843810307668557e-06	9.511892645133318e-06	16566	73	32.66666666666667	0.14285714285714285	6.8264399498311404e-06	6.752932707935457e-06	4.843810307668557e-06	9.511892645133318e-06	0.9	4000	position_bootstrap	mtDNA_position	False	paired nonparametric bootstrap of whole mtDNA positions
vus_low	T[A>C]A	21	1.961327896033574e-06	1.951932679484162e-06	1.242955524832126e-06	2.87403204769536e-06	16566	21	21.000000000000014	0.047619047619047616	1.961327896033574e-06	1.951932679484162e-06	1.242955524832126e-06	2.87403204769536e-06	0.9	4000	position_bootstrap	mtDNA_position	False	paired nonparametric bootstrap of whole mtDNA positions
vus_low	G[A>C]A	2	3.7358626591115694e-07	3.5808800954713916e-07	0.0	8.697961279334451e-07	16566	2	2.0	0.5	3.7358626591115694e-07	3.5808800954713916e-07	0.0	8.697961279334451e-07	0.9	4000	position_bootstrap	mtDNA_position	False	paired nonparametric bootstrap of whole mtDNA positions
vus_low	C[A>C]A	37	3.3649196922516705e-06	3.382841238621807e-06	2.3813223112214103e-06	4.635400364934773e-06	16566	37	36.099999999999994	0.05263157894736842	3.3649196922516705e-06	3.382841238621807e-06	2.3813223112214103e-06	4.635400364934773e-06	0.9	4000	position_bootstrap	mtDNA_position	False	paired nonparametric bootstrap of whole mtDNA positions
vus_low	A[A>C]A	46	3.5246720557291406e-06	3.5328015711820195e-06	2.584011608810492e-06	4.768877219510238e-06	16566	46	45.99999999999999	0.021739130434782608	3.5246720557291406e-06	3.5328015711820195e-06	2.584011608810492e-06	4.768877219510238e-06	0.9	4000	position_bootstrap	mtDNA_position	False	paired nonparametric bootstrap of whole mtDNA positions
vus_high	A[C>A]A	32	2.826949249812425e-06	2.845709370105331e-06	1.93979490439844e-06	3.903681191687679e-06	16566	32	32.0	0.03125	2.826949249812425e-06	2.845709370105331e-06	1.93979490439844e-06	3.903681191687679e-06	0.9	4000	position_bootstrap	mtDNA_position	False	paired nonparametric bootstrap of whole mtDNA positions
vus_high	A[C>A]C	40	3.3338427661966036e-06	3.3470131695080835e-06	2.3550175635246914e-06	4.5432659619875674e-06	16566	40	38.347826086956545	0.047619047619047616	3.3338427661966036e-06	3.3470131695080835e-06	2.3550175635246914e-06	4.5432659619875674e-06	0.9	4000	position_bootstrap	mtDNA_position	False	paired nonparametric bootstrap of whole mtDNA positions
vus_high	A[C>A]G	5	1.6045051164133023e-06	1.5551525145754503e-06	5.702909810483294e-07	3.026759314131337e-06	16566	5	4.999999999999999	0.2	1.6045051164133023e-06	1.5551525145754503e-06	5.702909810483294e-07	3.026759314131337e-06	0.9	4000	position_bootstrap	mtDNA_position	False	paired nonparametric bootstrap of whole mtDNA positions
vus_high	A[C>A]T	13	1.4403613704886678e-06	1.4056121807817463e-06	7.515513575248203e-07	2.2547654476134315e-06	16566	13	10.714285714285712	0.2	1.4403613704886678e-06	1.4056121807817463e-06	7.515513575248203e-07	2.2547654476134315e-06	0.9	4000	position_bootstrap	mtDNA_position	False	paired nonparametric bootstrap of whole mtDNA positions
vus_high	C[C>A]A	20	1.7668432811327658e-06	1.7552020897666688e-06	1.0951635239253912e-06	2.572310316898569e-06	16566	20	19.99999999999999	0.05	1.7668432811327658e-06	1.7552020897666688e-06	1.0951635239253912e-06	2.572310316898569e-06	0.9	4000	position_bootstrap	mtDNA_position	False	paired nonparametric bootstrap of whole mtDNA positions
vus_high	C[C>A]C	43	3.1067512799847707e-06	3.101005640292811e-06	2.2152281795279648e-06	4.237432343298852e-06	16566	43	37.440677966101724	0.06382978723404255	3.1067512799847707e-06	3.101005640292811e-06	2.2152281795279648e-06	4.237432343298852e-06	0.9	4000	position_bootstrap	mtDNA_position	False	paired nonparametric bootstrap of whole mtDNA positions
vus_high	C[C>A]G	6	1.64432495141918e-06	1.6096468639927119e-06	5.968718776949587e-07	2.940706746944025e-06	16566	6	5.999999999999999	0.16666666666666666	1.64432495141918e-06	1.6096468639927119e-06	5.968718776949587e-07	2.940706746944025e-06	0.9	4000	position_bootstrap	mtDNA_position	False	paired nonparametric bootstrap of whole mtDNA positions
vus_high	C[C>A]T	17	1.2088487411159311e-06	1.213629107979482e-06	7.261623607701731e-07	1.7905580564362998e-06	16566	17	17.000000000000004	0.058823529411764705	1.2088487411159311e-06	1.213629107979482e-06	7.261623607701731e-07	1.7905580564362998e-06	0.9	4000	position_bootstrap	mtDNA_position	False	paired nonparametric bootstrap of whole mtDNA positions
vus_high	G[C>A]A	15	2.7880262171340052e-06	2.7649426866032675e-06	1.6168427042848168e-06	4.221004949718193e-06	16566	15	15.0	0.06666666666666667	2.7880262171340052e-06	2.7649426866032675e-06	1.6168427042848168e-06	4.221004949718193e-06	0.9	4000	position_bootstrap	mtDNA_position	False	paired nonparametric bootstrap of whole mtDNA positions
vus_high	G[C>A]C	27	3.982089970734832e-06	3.9688002878358e-06	2.6548457031530557e-06	5.628109728612024e-06	16566	27	26.133333333333322	0.07142857142857142	3.982089970734832e-06	3.9688002878358e-06	2.6548457031530557e-06	5.628109728612024e-06	0.9	4000	position_bootstrap	mtDNA_position	False	paired nonparametric bootstrap of whole mtDNA positions
vus_high	G[C>A]G	2	1.2309973680023369e-06	1.1935543490381116e-06	0.0	2.901881240347703e-06	16566	2	2.0	0.5	1.2309973680023369e-06	1.1935543490381116e-06	0.0	2.901881240347703e-06	0.9	4000	position_bootstrap	mtDNA_position	False	paired nonparametric bootstrap of whole mtDNA positions
vus_high	G[C>A]T	10	2.0405119415256125e-06	1.9912836896473084e-06	1.0097166001977023e-06	3.2913226872203514e-06	16566	10	9.999999999999996	0.1	2.0405119415256125e-06	1.9912836896473084e-06	1.0097166001977023e-06	3.2913226872203514e-06	0.9	4000	position_bootstrap	mtDNA_position	False	paired nonparametric bootstrap of whole mtDNA positions
vus_high	T[C>A]A	4	3.811717738484393e-07	3.705324000543779e-07	9.531535131783608e-08	7.53184245201315e-07	16566	4	4.0	0.25	3.811717738484393e-07	3.705324000543779e-07	9.531535131783608e-08	7.53184245201315e-07	0.9	4000	position_bootstrap	mtDNA_position	False	paired nonparametric bootstrap of whole mtDNA positions
vus_high	T[C>A]C	28	5.849852931512521e-06	5.5988365855187345e-06	2.202501005660532e-06	1.198384066433203e-05	16566	28	3.729963008631318	0.509090909090909	5.849852931512521e-06	5.5988365855187345e-06	2.202501005660532e-06	1.198384066433203e-05	0.9	4000	position_bootstrap	mtDNA_position	False	paired nonparametric bootstrap of whole mtDNA positions
vus_high	T[C>A]G	0	0.0	0.0	0.0	0.0	16566	0	0.0	0.0	0.0	0.0	0.0	0.0	0.9	4000	position_bootstrap	mtDNA_position	False	paired nonparametric bootstrap of whole mtDNA positions
vus_high	T[C>A]T	11	1.3365683396918576e-06	1.3168603843284067e-06	6.926620085421125e-07	2.1312894058857506e-06	16566	11	11.0	0.09090909090909091	1.3365683396918576e-06	1.3168603843284067e-06	6.926620085421125e-07	2.1312894058857506e-06	0.9	4000	position_bootstrap	mtDNA_position	False	paired nonparametric bootstrap of whole mtDNA positions
vus_high	T[G>T]T	6	1.8314838889790866e-06	1.8024647316212184e-06	6.528639242906642e-07	3.2281021671718236e-06	16566	6	5.999999999999999	0.16666666666666666	1.8314838889790866e-06	1.8024647316212184e-06	6.528639242906642e-07	3.2281021671718236e-06	0.9	4000	position_bootstrap	mtDNA_position	False	paired nonparametric bootstrap of whole mtDNA positions
vus_high	G[G>T]T	8	2.4619947360046738e-06	2.4254799917912565e-06	1.0985078730880698e-06	4.230841671179534e-06	16566	8	8.0	0.125	2.4619947360046738e-06	2.4254799917912565e-06	1.0985078730880698e-06	4.230841671179534e-06	0.9	4000	position_bootstrap	mtDNA_position	False	paired nonparametric bootstrap of whole mtDNA positions
vus_high	C[G>T]T	6	2.815906479305346e-06	2.7291023960499513e-06	1.0113400064963315e-06	4.995678546906341e-06	16566	6	5.999999999999999	0.16666666666666666	2.815906479305346e-06	2.7291023960499513e-06	1.0113400064963315e-06	4.995678546906341e-06	0.9	4000	position_bootstrap	mtDNA_position	False	paired nonparametric bootstrap of whole mtDNA positions
vus_high	A[G>T]T	10	2.062935149674246e-06	2.021006198611829e-06	9.97321405576047e-07	3.283968169444906e-06	16566	10	9.999999999999996	0.1	2.062935149674246e-06	2.021006198611829e-06	9.97321405576047e-07	3.283968169444906e-06	0.9	4000	position_bootstrap	mtDNA_position	False	paired nonparametric bootstrap of whole mtDNA positions
vus_high	T[G>T]G	8	2.1608874661335987e-06	2.144512898120994e-06	9.818840767217622e-07	3.554101655413887e-06	16566	8	8.0	0.125	2.1608874661335987e-06	2.144512898120994e-06	9.818840767217622e-07	3.554101655413887e-06	0.9	4000	position_bootstrap	mtDNA_position	False	paired nonparametric bootstrap of whole mtDNA positions
vus_high	G[G>T]G	13	3.8132066907259887e-06	3.757106145117254e-06	2.1514066727208635e-06	5.897812990814321e-06	16566	13	12.999999999999996	0.07692307692307693	3.8132066907259887e-06	3.757106145117254e-06	2.1514066727208635e-06	5.897812990814321e-06	0.9	4000	position_bootstrap	mtDNA_position	False	paired nonparametric bootstrap of whole mtDNA positions
vus_high	C[G>T]G	9	4.022723541864779e-06	3.937087498989008e-06	1.911619611808249e-06	6.706307937931492e-06	16566	9	9.0	0.1111111111111111	4.022723541864779e-06	3.937087498989008e-06	1.911619611808249e-06	6.706307937931492e-06	0.9	4000	position_bootstrap	mtDNA_position	False	paired nonparametric bootstrap of whole mtDNA positions
vus_high	A[G>T]G	16	3.1953548701337252e-06	3.1746549637170384e-06	1.904935102580506e-06	4.746650851239257e-06	16566	16	16.0	0.0625	3.1953548701337252e-06	3.1746549637170384e-06	1.904935102580506e-06	4.746650851239257e-06	0.9	4000	position_bootstrap	mtDNA_position	False	paired nonparametric bootstrap of whole mtDNA positions
vus_high	T[G>T]C	9	2.6399123243487613e-06	2.5935420269804186e-06	1.2472952412786837e-06	4.293217117627627e-06	16566	9	9.0	0.1111111111111111	2.6399123243487613e-06	2.5935420269804186e-06	1.2472952412786837e-06	4.293217117627627e-06	0.9	4000	position_bootstrap	mtDNA_position	False	paired nonparametric bootstrap of whole mtDNA positions
vus_high	G[G>T]C	28	6.653618685278454e-06	6.6332876049754855e-06	4.5519475427792714e-06	9.279971931536674e-06	16566	28	27.999999999999986	0.03571428571428571	6.653618685278454e-06	6.6332876049754855e-06	4.5519475427792714e-06	9.279971931536674e-06	0.9	4000	position_bootstrap	mtDNA_position	False	paired nonparametric bootstrap of whole mtDNA positions
vus_high	C[G>T]C	13	3.297908489276531e-06	3.266495625506766e-06	1.8259772488601046e-06	5.062537752039821e-06	16566	13	12.999999999999996	0.07692307692307693	3.297908489276531e-06	3.266495625506766e-06	1.8259772488601046e-06	5.062537752039821e-06	0.9	4000	position_bootstrap	mtDNA_position	False	paired nonparametric bootstrap of whole mtDNA positions
vus_high	A[G>T]C	29	6.912694606236949e-06	6.6176018600375154e-06	3.2698731195427082e-06	1.2537762983880371e-05	16566	29	6.390663390663395	0.37254901960784315	6.912694606236949e-06	6.6176018600375154e-06	3.2698731195427082e-06	1.2537762983880371e-05	0.9	4000	position_bootstrap	mtDNA_position	False	paired nonparametric bootstrap of whole mtDNA positions
vus_high	T[G>T]A	29	5.16027095733681e-06	5.145698466027347e-06	3.5057683930701995e-06	7.207156747154224e-06	16566	29	29.000000000000018	0.034482758620689655	5.16027095733681e-06	5.145698466027347e-06	3.5057683930701995e-06	7.207156747154224e-06	0.9	4000	position_bootstrap	mtDNA_position	False	paired nonparametric bootstrap of whole mtDNA positions
vus_high	G[G>T]A	23	6.591943921020147e-06	6.58412203369734e-06	4.3144189914195935e-06	9.48921343333388e-06	16566	23	23.000000000000004	0.043478260869565216	6.591943921020147e-06	6.58412203369734e-06	4.3144189914195935e-06	9.48921343333388e-06	0.9	4000	position_bootstrap	mtDNA_position	False	paired nonparametric bootstrap of whole mtDNA positions
vus_high	C[G>T]A	12	3.6629677779581732e-06	3.638751355789674e-06	1.940054960697886e-06	5.825140638311484e-06	16566	12	11.999999999999996	0.08333333333333333	3.6629677779581732e-06	3.638751355789674e-06	1.940054960697886e-06	5.825140638311484e-06	0.9	4000	position_bootstrap	mtDNA_position	False	paired nonparametric bootstrap of whole mtDNA positions
vus_high	A[G>T]A	5	1.0666312421611157e-06	1.0408984141773916e-06	3.831616330270716e-07	1.9756942300731807e-06	16566	5	4.999999999999999	0.2	1.0666312421611157e-06	1.0408984141773916e-06	3.831616330270716e-07	1.9756942300731807e-06	0.9	4000	position_bootstrap	mtDNA_position	False	paired nonparametric bootstrap of whole mtDNA positions
vus_high	A[C>G]A	6	5.300529843398297e-07	5.240288177547438e-07	1.9836997260229784e-07	9.50935443528798e-07	16566	6	5.999999999999999	0.16666666666666666	5.300529843398297e-07	5.240288177547438e-07	1.9836997260229784e-07	9.50935443528798e-07	0.9	4000	position_bootstrap	mtDNA_position	False	paired nonparametric bootstrap of whole mtDNA positions
vus_high	A[C>G]C	40	3.17508834875867e-06	3.184769852803051e-06	2.259947492133703e-06	4.311291512556948e-06	16566	40	39.99999999999997	0.025	3.17508834875867e-06	3.184769852803051e-06	2.259947492133703e-06	4.311291512556948e-06	0.9	4000	position_bootstrap	mtDNA_position	False	paired nonparametric bootstrap of whole mtDNA positions
vus_high	A[C>G]G	4	1.283604093130642e-06	1.2512406472209851e-06	3.278966038328737e-07	2.5547948495758832e-06	16566	4	4.0	0.25	1.283604093130642e-06	1.2512406472209851e-06	3.278966038328737e-07	2.5547948495758832e-06	0.9	4000	position_bootstrap	mtDNA_position	False	paired nonparametric bootstrap of whole mtDNA positions
vus_high	A[C>G]T	13	2.40060228414778e-06	2.250824761920276e-06	7.766895186090158e-07	4.914622012104268e-06	16566	13	3.45303867403315	0.52	2.40060228414778e-06	2.250824761920276e-06	7.766895186090158e-07	4.914622012104268e-06	0.9	4000	position_bootstrap	mtDNA_position	False	paired nonparametric bootstrap of whole mtDNA positions
vus_high	C[C>G]A	20	1.7668432811327658e-06	1.7552020897666688e-06	1.0951635239253912e-06	2.572310316898569e-06	16566	20	19.99999999999999	0.05	1.7668432811327658e-06	1.7552020897666688e-06	1.0951635239253912e-06	2.572310316898569e-06	0.9	4000	position_bootstrap	mtDNA_position	False	paired nonparametric bootstrap of whole mtDNA positions
vus_high	C[C>G]C	43	2.8423469157307475e-06	2.8386680784995784e-06	2.0656841321283035e-06	3.847540993385792e-06	16566	43	42.999999999999964	0.023255813953488372	2.8423469157307475e-06	2.8386680784995784e-06	2.0656841321283035e-06	3.847540993385792e-06	0.9	4000	position_bootstrap	mtDNA_position	False	paired nonparametric bootstrap of whole mtDNA positions
vus_high	C[C>G]G	10	2.7405415856986326e-06	2.7252030243076556e-06	1.3871583794219534e-06	4.470817304501604e-06	16566	10	9.999999999999996	0.1	2.7405415856986326e-06	2.7252030243076556e-06	1.3871583794219534e-06	4.470817304501604e-06	0.9	4000	position_bootstrap	mtDNA_position	False	paired nonparametric bootstrap of whole mtDNA positions
vus_high	C[C>G]T	17	1.2088487411159311e-06	1.213629107979482e-06	7.261623607701731e-07	1.7905580564362998e-06	16566	17	17.000000000000004	0.058823529411764705	1.2088487411159311e-06	1.213629107979482e-06	7.261623607701731e-07	1.7905580564362998e-06	0.9	4000	position_bootstrap	mtDNA_position	False	paired nonparametric bootstrap of whole mtDNA positions
vus_high	G[C>G]A	15	2.7880262171340052e-06	2.7649426866032675e-06	1.6168427042848168e-06	4.221004949718193e-06	16566	15	15.0	0.06666666666666667	2.7880262171340052e-06	2.7649426866032675e-06	1.6168427042848168e-06	4.221004949718193e-06	0.9	4000	position_bootstrap	mtDNA_position	False	paired nonparametric bootstrap of whole mtDNA positions
vus_high	G[C>G]C	27	4.408742467599278e-06	4.3571858644955904e-06	2.7335505789365144e-06	6.54736481465099e-06	16566	27	18.843137254901958	0.16129032258064516	4.408742467599278e-06	4.3571858644955904e-06	2.7335505789365144e-06	6.54736481465099e-06	0.9	4000	position_bootstrap	mtDNA_position	False	paired nonparametric bootstrap of whole mtDNA positions
vus_high	G[C>G]G	2	2.4619947360046738e-06	2.1586125169766756e-06	0.0	6.277932388448543e-06	16566	2	1.6	0.75	2.4619947360046738e-06	2.1586125169766756e-06	0.0	6.277932388448543e-06	0.9	4000	position_bootstrap	mtDNA_position	False	paired nonparametric bootstrap of whole mtDNA positions
vus_high	G[C>G]T	10	2.0405119415256125e-06	1.9912836896473084e-06	1.0097166001977023e-06	3.2913226872203514e-06	16566	10	9.999999999999996	0.1	2.0405119415256125e-06	1.9912836896473084e-06	1.0097166001977023e-06	3.2913226872203514e-06	0.9	4000	position_bootstrap	mtDNA_position	False	paired nonparametric bootstrap of whole mtDNA positions
vus_high	T[C>G]A	15	1.4293941519316472e-06	1.4163084410906689e-06	8.240272487934096e-07	2.165616664986441e-06	16566	15	15.0	0.06666666666666667	1.4293941519316472e-06	1.4163084410906689e-06	8.240272487934096e-07	2.165616664986441e-06	0.9	4000	position_bootstrap	mtDNA_position	False	paired nonparametric bootstrap of whole mtDNA positions
vus_high	T[C>G]C	28	3.084467909342966e-06	3.0828830831045157e-06	2.021116495715713e-06	4.356544874894154e-06	16566	28	27.129032258064527	0.06896551724137931	3.084467909342966e-06	3.0828830831045157e-06	2.021116495715713e-06	4.356544874894154e-06	0.9	4000	position_bootstrap	mtDNA_position	False	paired nonparametric bootstrap of whole mtDNA positions
vus_high	T[C>G]G	3	9.386354931017818e-07	9.120501736537304e-07	0.0	2.0054353822553424e-06	16566	3	3.0	0.3333333333333333	9.386354931017818e-07	9.120501736537304e-07	0.0	2.0054353822553424e-06	0.9	4000	position_bootstrap	mtDNA_position	False	paired nonparametric bootstrap of whole mtDNA positions
vus_high	T[C>G]T	11	1.3365683396918576e-06	1.3168603843284067e-06	6.926620085421125e-07	2.1312894058857506e-06	16566	11	11.0	0.09090909090909091	1.3365683396918576e-06	1.3168603843284067e-06	6.926620085421125e-07	2.1312894058857506e-06	0.9	4000	position_bootstrap	mtDNA_position	False	paired nonparametric bootstrap of whole mtDNA positions
vus_high	T[G>C]T	6	1.8314838889790866e-06	1.8024647316212184e-06	6.528639242906642e-07	3.2281021671718236e-06	16566	6	5.999999999999999	0.16666666666666666	1.8314838889790866e-06	1.8024647316212184e-06	6.528639242906642e-07	3.2281021671718236e-06	0.9	4000	position_bootstrap	mtDNA_position	False	paired nonparametric bootstrap of whole mtDNA positions
vus_high	G[G>C]T	8	2.4619947360046738e-06	2.4254799917912565e-06	1.0985078730880698e-06	4.230841671179534e-06	16566	8	8.0	0.125	2.4619947360046738e-06	2.4254799917912565e-06	1.0985078730880698e-06	4.230841671179534e-06	0.9	4000	position_bootstrap	mtDNA_position	False	paired nonparametric bootstrap of whole mtDNA positions
vus_high	C[G>C]T	6	2.815906479305346e-06	2.7291023960499513e-06	1.0113400064963315e-06	4.995678546906341e-06	16566	6	5.999999999999999	0.16666666666666666	2.815906479305346e-06	2.7291023960499513e-06	1.0113400064963315e-06	4.995678546906341e-06	0.9	4000	position_bootstrap	mtDNA_position	False	paired nonparametric bootstrap of whole mtDNA positions
vus_high	A[G>C]T	10	3.5069897544462177e-06	3.3245753597859733e-06	1.3463375746261357e-06	6.298507547572326e-06	16566	10	5.666666666666667	0.35294117647058826	3.5069897544462177e-06	3.3245753597859733e-06	1.3463375746261357e-06	6.298507547572326e-06	0.9	4000	position_bootstrap	mtDNA_position	False	paired nonparametric bootstrap of whole mtDNA positions
vus_high	T[G>C]G	8	2.1608874661335987e-06	2.144512898120994e-06	9.818840767217622e-07	3.554101655413887e-06	16566	8	8.0	0.125	2.1608874661335987e-06	2.144512898120994e-06	9.818840767217622e-07	3.554101655413887e-06	0.9	4000	position_bootstrap	mtDNA_position	False	paired nonparametric bootstrap of whole mtDNA positions
vus_high	G[G>C]G	13	3.8132066907259887e-06	3.757106145117254e-06	2.1514066727208635e-06	5.897812990814321e-06	16566	13	12.999999999999996	0.07692307692307693	3.8132066907259887e-06	3.757106145117254e-06	2.1514066727208635e-06	5.897812990814321e-06	0.9	4000	position_bootstrap	mtDNA_position	False	paired nonparametric bootstrap of whole mtDNA positions
vus_high	C[G>C]G	9	4.022723541864779e-06	3.937087498989008e-06	1.911619611808249e-06	6.706307937931492e-06	16566	9	9.0	0.1111111111111111	4.022723541864779e-06	3.937087498989008e-06	1.911619611808249e-06	6.706307937931492e-06	0.9	4000	position_bootstrap	mtDNA_position	False	paired nonparametric bootstrap of whole mtDNA positions
vus_high	A[G>C]G	16	3.1953548701337252e-06	3.1746549637170384e-06	1.904935102580506e-06	4.746650851239257e-06	16566	16	16.0	0.0625	3.1953548701337252e-06	3.1746549637170384e-06	1.904935102580506e-06	4.746650851239257e-06	0.9	4000	position_bootstrap	mtDNA_position	False	paired nonparametric bootstrap of whole mtDNA positions
vus_high	T[G>C]C	9	5.279824648697523e-06	4.8698278034652884e-06	1.4431417342862465e-06	1.1387691686170821e-05	16566	9	2.9999999999999987	0.5555555555555556	5.279824648697523e-06	4.8698278034652884e-06	1.4431417342862465e-06	1.1387691686170821e-05	0.9	4000	position_bootstrap	mtDNA_position	False	paired nonparametric bootstrap of whole mtDNA positions
vus_high	G[G>C]C	28	7.1288771627983425e-06	7.1137919342029094e-06	4.838611139568711e-06	9.982998143503584e-06	16566	28	26.470588235294116	0.06666666666666667	7.1288771627983425e-06	7.1137919342029094e-06	4.838611139568711e-06	9.982998143503584e-06	0.9	4000	position_bootstrap	mtDNA_position	False	paired nonparametric bootstrap of whole mtDNA positions
vus_high	C[G>C]C	13	3.297908489276531e-06	3.266495625506766e-06	1.8259772488601046e-06	5.062537752039821e-06	16566	13	12.999999999999996	0.07692307692307693	3.297908489276531e-06	3.266495625506766e-06	1.8259772488601046e-06	5.062537752039821e-06	0.9	4000	position_bootstrap	mtDNA_position	False	paired nonparametric bootstrap of whole mtDNA positions
vus_high	A[G>C]C	29	4.201833976340106e-06	4.2108478395073854e-06	2.80746586433282e-06	5.948353065718322e-06	16566	29	25.972972972972986	0.0967741935483871	4.201833976340106e-06	4.2108478395073854e-06	2.80746586433282e-06	5.948353065718322e-06	0.9	4000	position_bootstrap	mtDNA_position	False	paired nonparametric bootstrap of whole mtDNA positions
vus_high	T[G>C]A	34	6.049972846532811e-06	6.07435738707841e-06	4.223983541567023e-06	8.353740698782953e-06	16566	34	34.000000000000014	0.029411764705882353	6.049972846532811e-06	6.07435738707841e-06	4.223983541567023e-06	8.353740698782953e-06	0.9	4000	position_bootstrap	mtDNA_position	False	paired nonparametric bootstrap of whole mtDNA positions
vus_high	G[G>C]A	23	7.73836895076278e-06	7.666749967886171e-06	4.840599767947637e-06	1.1755383757412656e-05	16566	23	17.780487804878053	0.14814814814814814	7.73836895076278e-06	7.666749967886171e-06	4.840599767947637e-06	1.1755383757412656e-05	0.9	4000	position_bootstrap	mtDNA_position	False	paired nonparametric bootstrap of whole mtDNA positions
vus_high	C[G>C]A	18	1.526236574149239e-05	1.4184188786515983e-05	5.020888029223754e-06	3.025593907625092e-05	16566	18	3.8109756097560963	0.48	1.526236574149239e-05	1.4184188786515983e-05	5.020888029223754e-06	3.025593907625092e-05	0.9	4000	position_bootstrap	mtDNA_position	False	paired nonparametric bootstrap of whole mtDNA positions
vus_high	A[G>C]A	10	2.1332624843222315e-06	2.095234842156545e-06	1.0471274443704949e-06	3.4438015332918087e-06	16566	10	9.999999999999996	0.1	2.1332624843222315e-06	2.095234842156545e-06	1.0471274443704949e-06	3.4438015332918087e-06	0.9	4000	position_bootstrap	mtDNA_position	False	paired nonparametric bootstrap of whole mtDNA positions
vus_high	A[C>T]A	28	5.388872007454935e-05	4.9693841168503904e-05	7.3954655414369724e-06	0.00011585993160798999	16566	28	2.5935735693873303	0.5524590163934426	5.388872007454935e-05	4.9693841168503904e-05	7.3954655414369724e-06	0.00011585993160798999	0.9	4000	position_bootstrap	mtDNA_position	False	paired nonparametric bootstrap of whole mtDNA positions
vus_high	A[C>T]C	40	1.6748591039701986e-05	1.6345064674545647e-05	7.478189788508174e-06	2.8991699922774538e-05	16566	40	7.268734693877549	0.2559241706161137	1.6748591039701986e-05	1.6345064674545647e-05	7.478189788508174e-06	2.8991699922774538e-05	0.9	4000	position_bootstrap	mtDNA_position	False	paired nonparametric bootstrap of whole mtDNA positions
vus_high	A[C>T]G	6	1.925406139695963e-06	1.8810902476209297e-06	7.2107882586534e-07	3.4872297587044333e-06	16566	6	5.999999999999999	0.16666666666666666	1.925406139695963e-06	1.8810902476209297e-06	7.2107882586534e-07	3.4872297587044333e-06	0.9	4000	position_bootstrap	mtDNA_position	False	paired nonparametric bootstrap of whole mtDNA positions
vus_high	A[C>T]T	10	2.6886745582455134e-06	2.582679814744895e-06	1.0433187895774252e-06	4.8040569799965e-06	16566	10	6.03076923076923	0.25	2.6886745582455134e-06	2.582679814744895e-06	1.0433187895774252e-06	4.8040569799965e-06	0.9	4000	position_bootstrap	mtDNA_position	False	paired nonparametric bootstrap of whole mtDNA positions
vus_high	C[C>T]A	16	1.6785011170761273e-06	1.6561552074375278e-06	9.053881967939318e-07	2.632414887324564e-06	16566	16	11.64516129032258	0.21052631578947367	1.6785011170761273e-06	1.6561552074375278e-06	9.053881967939318e-07	2.632414887324564e-06	0.9	4000	position_bootstrap	mtDNA_position	False	paired nonparametric bootstrap of whole mtDNA positions
vus_high	C[C>T]C	43	6.213502559969541e-06	6.012208179317155e-06	3.1348144552113814e-06	1.040278050857389e-05	16566	43	9.146997929606624	0.24468085106382978	6.213502559969541e-06	6.012208179317155e-06	3.1348144552113814e-06	1.040278050857389e-05	0.9	4000	position_bootstrap	mtDNA_position	False	paired nonparametric bootstrap of whole mtDNA positions
vus_high	C[C>T]G	10	2.7405415856986326e-06	2.7252030243076556e-06	1.3871583794219534e-06	4.470817304501604e-06	16566	10	9.999999999999996	0.1	2.7405415856986326e-06	2.7252030243076556e-06	1.3871583794219534e-06	4.470817304501604e-06	0.9	4000	position_bootstrap	mtDNA_position	False	paired nonparametric bootstrap of whole mtDNA positions
vus_high	C[C>T]T	16	4.764286214986317e-06	4.585004143367716e-06	7.545804575286253e-07	1.2271876780508656e-05	16566	16	1.6509746230231708	0.7761194029850746	4.764286214986317e-06	4.585004143367716e-06	7.545804575286253e-07	1.2271876780508656e-05	0.9	4000	position_bootstrap	mtDNA_position	False	paired nonparametric bootstrap of whole mtDNA positions
vus_high	G[C>T]A	15	5.01844719084121e-06	4.783024509396331e-06	2.104678086928262e-06	9.104137624437425e-06	16566	15	5.651162790697673	0.37037037037037035	5.01844719084121e-06	4.783024509396331e-06	2.104678086928262e-06	9.104137624437425e-06	0.9	4000	position_bootstrap	mtDNA_position	False	paired nonparametric bootstrap of whole mtDNA positions
vus_high	G[C>T]C	27	8.49038468760248e-05	7.790524211922825e-05	1.3815437758375494e-05	0.00019507901138056453	16566	27	2.3355001474394697	0.6247906197654941	8.49038468760248e-05	7.790524211922825e-05	1.3815437758375494e-05	0.00019507901138056453	0.9	4000	position_bootstrap	mtDNA_position	False	paired nonparametric bootstrap of whole mtDNA positions
vus_high	G[C>T]G	2	0.00011017426443620916	0.00010391845000860407	0.0	0.00030048697667815126	16566	2	1.2885984315302634	0.8715083798882681	0.00011017426443620916	0.00010391845000860407	0.0	0.00030048697667815126	0.9	4000	position_bootstrap	mtDNA_position	False	paired nonparametric bootstrap of whole mtDNA positions
vus_high	G[C>T]T	10	5.713433436271715e-06	5.2011167753035245e-06	1.236936670115448e-06	1.2530064452751938e-05	16566	10	2.5620915032679745	0.6071428571428571	5.713433436271715e-06	5.2011167753035245e-06	1.236936670115448e-06	1.2530064452751938e-05	0.9	4000	position_bootstrap	mtDNA_position	False	paired nonparametric bootstrap of whole mtDNA positions
vus_high	T[C>T]A	14	2.0011518127043063e-06	1.9489666820547636e-06	9.42467026116104e-07	3.4598884009594897e-06	16566	14	8.01818181818182	0.2857142857142857	2.0011518127043063e-06	1.9489666820547636e-06	9.42467026116104e-07	3.4598884009594897e-06	0.9	4000	position_bootstrap	mtDNA_position	False	paired nonparametric bootstrap of whole mtDNA positions
vus_high	T[C>T]C	28	8.306791162747781e-05	7.70079975041748e-05	5.786095238993146e-06	0.00018162643079528985	16566	28	2.6319216413885336	0.5198463508322664	8.306791162747781e-05	7.70079975041748e-05	5.786095238993146e-06	0.00018162643079528985	0.9	4000	position_bootstrap	mtDNA_position	False	paired nonparametric bootstrap of whole mtDNA positions
vus_high	T[C>T]G	3	9.386354931017818e-07	9.120501736537304e-07	0.0	2.0054353822553424e-06	16566	3	3.0	0.3333333333333333	9.386354931017818e-07	9.120501736537304e-07	0.0	2.0054353822553424e-06	0.9	4000	position_bootstrap	mtDNA_position	False	paired nonparametric bootstrap of whole mtDNA positions
vus_high	T[C>T]T	10	1.215062126992598e-06	1.1988284224662627e-06	6.104698833965484e-07	1.971194509242214e-06	16566	10	9.999999999999996	0.1	1.215062126992598e-06	1.1988284224662627e-06	6.104698833965484e-07	1.971194509242214e-06	0.9	4000	position_bootstrap	mtDNA_position	False	paired nonparametric bootstrap of whole mtDNA positions
vus_high	T[G>A]T	6	2.0146322778769953e-05	1.9343599587487073e-05	9.446125547964702e-07	5.471306786825425e-05	16566	6	1.2467086433886665	0.8939393939393939	2.0146322778769953e-05	1.9343599587487073e-05	9.446125547964702e-07	5.471306786825425e-05	0.9	4000	position_bootstrap	mtDNA_position	False	paired nonparametric bootstrap of whole mtDNA positions
vus_high	G[G>A]T	8	3.3852427620064264e-05	3.278656516675279e-05	1.3977391584433183e-06	9.88631925197442e-05	16566	8	1.161897445746111	0.9272727272727272	3.3852427620064264e-05	3.278656516675279e-05	1.3977391584433183e-06	9.88631925197442e-05	0.9	4000	position_bootstrap	mtDNA_position	False	paired nonparametric bootstrap of whole mtDNA positions
vus_high	C[G>A]T	6	0.0008917037184466927	0.0008536068435554913	2.977431413755446e-06	0.002565631682864533	16566	6	1.0771849249014123	0.9631578947368421	0.0008917037184466927	0.0008536068435554913	2.977431413755446e-06	0.002565631682864533	0.9	4000	position_bootstrap	mtDNA_position	False	paired nonparametric bootstrap of whole mtDNA positions
vus_high	A[G>A]T	10	0.00010912926941776761	0.00010178386783254262	1.764491394374813e-05	0.00022744776083095033	16566	10	3.1369847657695016	0.40831758034026466	0.00010912926941776761	0.00010178386783254262	1.764491394374813e-05	0.00022744776083095033	0.9	4000	position_bootstrap	mtDNA_position	False	paired nonparametric bootstrap of whole mtDNA positions
vus_high	T[G>A]G	4	2.863175892627018e-05	2.6230994986397186e-05	3.078947119793508e-07	7.453447839899117e-05	16566	4	1.4295165394402036	0.8207547169811321	2.863175892627018e-05	2.6230994986397186e-05	3.078947119793508e-07	7.453447839899117e-05	0.9	4000	position_bootstrap	mtDNA_position	False	paired nonparametric bootstrap of whole mtDNA positions
vus_high	G[G>A]G	13	6.45311901507475e-06	6.321750900848211e-06	3.274941403156576e-06	1.0425100827183827e-05	16566	13	9.680000000000001	0.18181818181818182	6.45311901507475e-06	6.321750900848211e-06	3.274941403156576e-06	1.0425100827183827e-05	0.9	4000	position_bootstrap	mtDNA_position	False	paired nonparametric bootstrap of whole mtDNA positions
vus_high	C[G>A]G	6	2.6818156945765193e-06	2.5749728391015704e-06	9.955532974743685e-07	4.810189057910867e-06	16566	6	5.999999999999999	0.16666666666666666	2.6818156945765193e-06	2.5749728391015704e-06	9.955532974743685e-07	4.810189057910867e-06	0.9	4000	position_bootstrap	mtDNA_position	False	paired nonparametric bootstrap of whole mtDNA positions
vus_high	A[G>A]G	9	0.00011583161404234755	0.0001111976335404668	2.128479011102112e-06	0.00033119224474686623	16566	9	1.1791841055516998	0.9189655172413793	0.00011583161404234755	0.0001111976335404668	2.128479011102112e-06	0.00033119224474686623	0.9	4000	position_bootstrap	mtDNA_position	False	paired nonparametric bootstrap of whole mtDNA positions
vus_high	T[G>A]C	9	1.818606267884702e-05	1.7508386739805144e-05	1.4125889563005101e-06	4.960395704481457e-05	16566	9	1.3146374829001366	0.8709677419354839	1.818606267884702e-05	1.7508386739805144e-05	1.4125889563005101e-06	4.960395704481457e-05	0.9	4000	position_bootstrap	mtDNA_position	False	paired nonparametric bootstrap of whole mtDNA positions
vus_high	G[G>A]C	28	3.493149809771188e-05	3.2487702264674624e-05	9.005693782146112e-06	7.319693088435691e-05	16566	28	3.0716417910447738	0.5374149659863946	3.493149809771188e-05	3.2487702264674624e-05	9.005693782146112e-06	7.319693088435691e-05	0.9	4000	position_bootstrap	mtDNA_position	False	paired nonparametric bootstrap of whole mtDNA positions
vus_high	C[G>A]C	13	8.320876803713093e-05	7.88025160065748e-05	9.140679263559199e-06	0.0002140569892637674	16566	13	1.7394341147938561	0.7469512195121951	8.320876803713093e-05	7.88025160065748e-05	9.140679263559199e-06	0.0002140569892637674	0.9	4000	position_bootstrap	mtDNA_position	False	paired nonparametric bootstrap of whole mtDNA positions
vus_high	A[G>A]C	29	0.0002723059502731379	0.00025335412758401954	5.198839312357459e-05	0.0006133808002711311	16566	29	2.5842346919501686	0.5853658536585366	0.0002723059502731379	0.00025335412758401954	5.198839312357459e-05	0.0006133808002711311	0.9	4000	position_bootstrap	mtDNA_position	False	paired nonparametric bootstrap of whole mtDNA positions
vus_high	T[G>A]A	7	1.7794037783920035e-06	1.713892088367443e-06	6.741165412904328e-07	3.2548099996587995e-06	16566	7	5.5555555555555545	0.3	1.7794037783920035e-06	1.713892088367443e-06	6.741165412904328e-07	3.2548099996587995e-06	0.9	4000	position_bootstrap	mtDNA_position	False	paired nonparametric bootstrap of whole mtDNA positions
vus_high	G[G>A]A	23	2.2928500594852685e-05	2.153033159672289e-05	6.461891467313691e-06	4.6982659432721155e-05	16566	23	3.703703703703704	0.45	2.2928500594852685e-05	2.153033159672289e-05	6.461891467313691e-06	4.6982659432721155e-05	0.9	4000	position_bootstrap	mtDNA_position	False	paired nonparametric bootstrap of whole mtDNA positions
vus_high	C[G>A]A	18	8.852172130065586e-05	8.353568453417222e-05	1.772436291958976e-05	0.00018637392290491684	16566	18	2.9669089113102376	0.4827586206896552	8.852172130065586e-05	8.353568453417222e-05	1.772436291958976e-05	0.00018637392290491684	0.9	4000	position_bootstrap	mtDNA_position	False	paired nonparametric bootstrap of whole mtDNA positions
vus_high	A[G>A]A	10	7.701077568403256e-05	7.384173680466432e-05	2.051720947577853e-06	0.0002216787115495908	16566	10	1.1722571533943207	0.9224376731301939	7.701077568403256e-05	7.384173680466432e-05	2.051720947577853e-06	0.0002216787115495908	0.9	4000	position_bootstrap	mtDNA_position	False	paired nonparametric bootstrap of whole mtDNA positions
vus_high	A[T>A]A	47	4.992188772175682e-06	4.985942086499841e-06	3.63880521734621e-06	6.714260020131696e-06	16566	47	46.08000000000004	0.041666666666666664	4.992188772175682e-06	4.985942086499841e-06	3.63880521734621e-06	6.714260020131696e-06	0.9	4000	position_bootstrap	mtDNA_position	False	paired nonparametric bootstrap of whole mtDNA positions
vus_high	A[T>A]C	59	6.436357666983647e-06	6.453613268709419e-06	4.811512739334586e-06	8.536839600295161e-06	16566	59	58.064516129032285	0.03333333333333333	6.436357666983647e-06	6.453613268709419e-06	4.811512739334586e-06	8.536839600295161e-06	0.9	4000	position_bootstrap	mtDNA_position	False	paired nonparametric bootstrap of whole mtDNA positions
vus_high	A[T>A]G	12	2.5599149811866775e-06	2.569125416044018e-06	1.3811865646311249e-06	4.064029848725311e-06	16566	12	11.999999999999996	0.08333333333333333	2.5599149811866775e-06	2.569125416044018e-06	1.3811865646311249e-06	4.064029848725311e-06	0.9	4000	position_bootstrap	mtDNA_position	False	paired nonparametric bootstrap of whole mtDNA positions
vus_high	A[T>A]T	57	6.257569954011878e-06	6.271398008527197e-06	4.678879939056643e-06	8.314286747448814e-06	16566	57	56.99999999999996	0.017543859649122806	6.257569954011878e-06	6.271398008527197e-06	4.678879939056643e-06	8.314286747448814e-06	0.9	4000	position_bootstrap	mtDNA_position	False	paired nonparametric bootstrap of whole mtDNA positions
vus_high	C[T>A]A	99	7.38965517432019e-06	7.420950957452185e-06	5.7545448793955995e-06	9.440565912492514e-06	16566	99	98.99999999999982	0.010101010101010102	7.38965517432019e-06	7.420950957452185e-06	5.7545448793955995e-06	9.440565912492514e-06	0.9	4000	position_bootstrap	mtDNA_position	False	paired nonparametric bootstrap of whole mtDNA positions
vus_high	C[T>A]C	73	7.230969724635949e-06	7.230465189639754e-06	5.376010906914182e-06	9.541832766497022e-06	16566	73	56.33333333333338	0.07692307692307693	7.230969724635949e-06	7.230465189639754e-06	5.376010906914182e-06	9.541832766497022e-06	0.9	4000	position_bootstrap	mtDNA_position	False	paired nonparametric bootstrap of whole mtDNA positions
vus_high	C[T>A]G	17	3.5657661190458747e-06	3.513666709640951e-06	2.140819487085094e-06	5.326250012019494e-06	16566	17	17.000000000000004	0.058823529411764705	3.5657661190458747e-06	3.513666709640951e-06	2.140819487085094e-06	5.326250012019494e-06	0.9	4000	position_bootstrap	mtDNA_position	False	paired nonparametric bootstrap of whole mtDNA positions
vus_high	C[T>A]T	35	4.0433528933615215e-06	4.0286964613193185e-06	2.8331589314464283e-06	5.588571072598893e-06	16566	35	35.00000000000002	0.02857142857142857	4.0433528933615215e-06	4.0286964613193185e-06	2.8331589314464283e-06	5.588571072598893e-06	0.9	4000	position_bootstrap	mtDNA_position	False	paired nonparametric bootstrap of whole mtDNA positions
vus_high	G[T>A]A	22	4.9461031971830426e-06	4.929586036721167e-06	3.1693876375818105e-06	7.1796138676079844e-06	16566	22	22.0	0.045454545454545456	4.9461031971830426e-06	4.929586036721167e-06	3.1693876375818105e-06	7.1796138676079844e-06	0.9	4000	position_bootstrap	mtDNA_position	False	paired nonparametric bootstrap of whole mtDNA positions
vus_high	G[T>A]C	17	5.550192480949667e-06	5.5146340416300305e-06	3.4361195028890664e-06	8.291852645862558e-06	16566	17	17.000000000000004	0.058823529411764705	5.550192480949667e-06	5.5146340416300305e-06	3.4361195028890664e-06	8.291852645862558e-06	0.9	4000	position_bootstrap	mtDNA_position	False	paired nonparametric bootstrap of whole mtDNA positions
vus_high	G[T>A]G	9	3.88400893697289e-06	3.840210217940073e-06	1.8704444801926656e-06	6.4090447818341696e-06	16566	9	9.0	0.1111111111111111	3.88400893697289e-06	3.840210217940073e-06	1.8704444801926656e-06	6.4090447818341696e-06	0.9	4000	position_bootstrap	mtDNA_position	False	paired nonparametric bootstrap of whole mtDNA positions
vus_high	G[T>A]T	9	2.46648742712877e-06	2.474156338592701e-06	1.2009114276657284e-06	4.106511906589218e-06	16566	9	9.0	0.1111111111111111	2.46648742712877e-06	2.474156338592701e-06	1.2009114276657284e-06	4.106511906589218e-06	0.9	4000	position_bootstrap	mtDNA_position	False	paired nonparametric bootstrap of whole mtDNA positions
vus_high	T[T>A]A	7	7.707270911099674e-07	7.50897872636973e-07	3.2591765430398997e-07	1.3172923310579638e-06	16566	7	7.0	0.14285714285714285	7.707270911099674e-07	7.50897872636973e-07	3.2591765430398997e-07	1.3172923310579638e-06	0.9	4000	position_bootstrap	mtDNA_position	False	paired nonparametric bootstrap of whole mtDNA positions
vus_high	T[T>A]C	55	1.2311972052374023e-05	1.1722394486952646e-05	5.863301729962296e-06	2.278961340376679e-05	16566	55	5.9411764705882435	0.39603960396039606	1.2311972052374023e-05	1.1722394486952646e-05	5.863301729962296e-06	2.278961340376679e-05	0.9	4000	position_bootstrap	mtDNA_position	False	paired nonparametric bootstrap of whole mtDNA positions
vus_high	T[T>A]G	1	2.391428007902629e-07	2.3100666188785232e-07	0.0	7.262778380700775e-07	16566	1	1.0	1.0	2.391428007902629e-07	2.3100666188785232e-07	0.0	7.262778380700775e-07	0.9	4000	position_bootstrap	mtDNA_position	False	paired nonparametric bootstrap of whole mtDNA positions
vus_high	T[T>A]T	36	5.401270907673411e-06	5.349476246603425e-06	3.6341867701713623e-06	7.6033251607365395e-06	16566	36	26.682539682539684	0.12195121951219512	5.401270907673411e-06	5.349476246603425e-06	3.6341867701713623e-06	7.6033251607365395e-06	0.9	4000	position_bootstrap	mtDNA_position	False	paired nonparametric bootstrap of whole mtDNA positions
vus_high	T[A>T]T	21	3.5269939740794223e-06	3.409923674794984e-06	1.7250189457227468e-06	6.315342769088182e-06	16566	21	6.815602836879434	0.3548387096774194	3.5269939740794223e-06	3.409923674794984e-06	1.7250189457227468e-06	6.315342769088182e-06	0.9	4000	position_bootstrap	mtDNA_position	False	paired nonparametric bootstrap of whole mtDNA positions
vus_high	G[A>T]T	4	1.112456880713223e-06	1.0734037485902365e-06	2.7124100982875423e-07	2.1557812383779356e-06	16566	4	4.0	0.25	1.112456880713223e-06	1.0734037485902365e-06	2.7124100982875423e-07	2.1557812383779356e-06	0.9	4000	position_bootstrap	mtDNA_position	False	paired nonparametric bootstrap of whole mtDNA positions
vus_high	C[A>T]T	19	2.521707294900309e-06	2.416056808348016e-06	1.2234686584664825e-06	4.397276595102215e-06	16566	19	7.36363636363636	0.3333333333333333	2.521707294900309e-06	2.416056808348016e-06	1.2234686584664825e-06	4.397276595102215e-06	0.9	4000	position_bootstrap	mtDNA_position	False	paired nonparametric bootstrap of whole mtDNA positions
vus_high	A[A>T]T	15	1.5472013622556846e-06	1.534520854315906e-06	8.963653626088351e-07	2.3132657838491696e-06	16566	15	15.0	0.06666666666666667	1.5472013622556846e-06	1.534520854315906e-06	8.963653626088351e-07	2.3132657838491696e-06	0.9	4000	position_bootstrap	mtDNA_position	False	paired nonparametric bootstrap of whole mtDNA positions
vus_high	T[A>T]G	1	6.752773331667495e-07	6.56071923950386e-07	0.0	2.0337166690515253e-06	16566	1	1.0	1.0	6.752773331667495e-07	6.56071923950386e-07	0.0	2.0337166690515253e-06	0.9	4000	position_bootstrap	mtDNA_position	False	paired nonparametric bootstrap of whole mtDNA positions
vus_high	G[A>T]G	7	1.8378876788006918e-06	1.8132732785057936e-06	7.892558341653498e-07	3.187659803770793e-06	16566	7	7.0	0.14285714285714285	1.8378876788006918e-06	1.8132732785057936e-06	7.892558341653498e-07	3.187659803770793e-06	0.9	4000	position_bootstrap	mtDNA_position	False	paired nonparametric bootstrap of whole mtDNA positions
vus_high	C[A>T]G	6	1.1263625917221382e-06	1.1077305544522162e-06	4.113458349716934e-07	2.0517575395178736e-06	16566	6	5.999999999999999	0.16666666666666666	1.1263625917221382e-06	1.1077305544522162e-06	4.113458349716934e-07	2.0517575395178736e-06	0.9	4000	position_bootstrap	mtDNA_position	False	paired nonparametric bootstrap of whole mtDNA positions
vus_high	A[A>T]G	6	1.1152104868536022e-06	1.0850266883238377e-06	4.4578974196046277e-07	1.9763021314905467e-06	16566	6	5.999999999999999	0.16666666666666666	1.1152104868536022e-06	1.0850266883238377e-06	4.4578974196046277e-07	1.9763021314905467e-06	0.9	4000	position_bootstrap	mtDNA_position	False	paired nonparametric bootstrap of whole mtDNA positions
vus_high	T[A>T]C	26	4.847897601734478e-06	4.682376636424928e-06	2.232575698743446e-06	8.341526188471217e-06	16566	26	7.539249146757677	0.2765957446808511	4.847897601734478e-06	4.682376636424928e-06	2.232575698743446e-06	8.341526188471217e-06	0.9	4000	position_bootstrap	mtDNA_position	False	paired nonparametric bootstrap of whole mtDNA positions
vus_high	G[A>T]C	14	3.285224225856237e-06	3.279970267866855e-06	1.900288170993939e-06	5.076695206343558e-06	16566	14	14.0	0.07142857142857142	3.285224225856237e-06	3.279970267866855e-06	1.900288170993939e-06	5.076695206343558e-06	0.9	4000	position_bootstrap	mtDNA_position	False	paired nonparametric bootstrap of whole mtDNA positions
vus_high	C[A>T]C	28	5.961002657613211e-06	5.592434157643719e-06	1.9174120507300064e-06	1.3243303669243717e-05	16566	28	2.8942617666021913	0.582089552238806	5.961002657613211e-06	5.592434157643719e-06	1.9174120507300064e-06	1.3243303669243717e-05	0.9	4000	position_bootstrap	mtDNA_position	False	paired nonparametric bootstrap of whole mtDNA positions
vus_high	A[A>T]C	39	3.1694185481358866e-06	3.1805735092699867e-06	2.237477337732189e-06	4.3737036652966235e-06	16566	39	39.00000000000003	0.02564102564102564	3.1694185481358866e-06	3.1805735092699867e-06	2.237477337732189e-06	4.3737036652966235e-06	0.9	4000	position_bootstrap	mtDNA_position	False	paired nonparametric bootstrap of whole mtDNA positions
vus_high	T[A>T]A	1	9.339656647778924e-08	8.846074689618749e-08	0.0	2.820028886455327e-07	16566	1	1.0	1.0	9.339656647778924e-08	8.846074689618749e-08	0.0	2.820028886455327e-07	0.9	4000	position_bootstrap	mtDNA_position	False	paired nonparametric bootstrap of whole mtDNA positions
vus_high	G[A>T]A	15	2.801896994333677e-06	2.7822118654901157e-06	1.6328515431096e-06	4.304849814721615e-06	16566	15	15.0	0.06666666666666667	2.801896994333677e-06	2.7822118654901157e-06	1.6328515431096e-06	4.304849814721615e-06	0.9	4000	position_bootstrap	mtDNA_position	False	paired nonparametric bootstrap of whole mtDNA positions
vus_high	C[A>T]A	31	2.745066064731626e-06	2.7409560075959595e-06	1.8738281742369495e-06	3.798185234240489e-06	16566	31	30.999999999999993	0.03225806451612903	2.745066064731626e-06	2.7409560075959595e-06	1.8738281742369495e-06	3.798185234240489e-06	0.9	4000	position_bootstrap	mtDNA_position	False	paired nonparametric bootstrap of whole mtDNA positions
vus_high	A[A>T]A	22	2.222075861220545e-06	2.147402829173421e-06	1.2291320654049374e-06	3.570845304333771e-06	16566	22	11.52054794520548	0.2413793103448276	2.222075861220545e-06	2.147402829173421e-06	1.2291320654049374e-06	3.570845304333771e-06	0.9	4000	position_bootstrap	mtDNA_position	False	paired nonparametric bootstrap of whole mtDNA positions
vus_high	A[T>C]A	47	0.0005426925211085981	0.0005008793950665379	5.320236787084034e-05	0.0011391373719437973	16566	47	3.0765181449722094	0.4532387888079724	0.0005426925211085981	0.0005008793950665379	5.320236787084034e-05	0.0011391373719437973	0.9	4000	position_bootstrap	mtDNA_position	False	paired nonparametric bootstrap of whole mtDNA positions
vus_high	A[T>C]C	59	0.0001069508098997116	0.00010326167070738037	5.451719637579973e-05	0.00017561448309255393	16566	59	9.087583766833358	0.24172517552657974	0.0001069508098997116	0.00010326167070738037	5.451719637579973e-05	0.00017561448309255393	0.9	4000	position_bootstrap	mtDNA_position	False	paired nonparametric bootstrap of whole mtDNA positions
vus_high	A[T>C]G	17	2.389253982440899e-05	2.2831496601496428e-05	3.208997373933574e-06	5.992390371819074e-05	16566	17	1.63888163051999	0.7767857142857143	2.389253982440899e-05	2.2831496601496428e-05	3.208997373933574e-06	5.992390371819074e-05	0.9	4000	position_bootstrap	mtDNA_position	False	paired nonparametric bootstrap of whole mtDNA positions
vus_high	A[T>C]T	55	9.24363842329474e-05	8.813584766334163e-05	3.156749607283246e-05	0.0001845374862172177	16566	55	4.202064984174772	0.43942992874109266	9.24363842329474e-05	8.813584766334163e-05	3.156749607283246e-05	0.0001845374862172177	0.9	4000	position_bootstrap	mtDNA_position	False	paired nonparametric bootstrap of whole mtDNA positions
vus_high	C[T>C]A	99	1.3361093699023373e-05	1.2971294703277249e-05	8.053030419400994e-06	2.0792990013633007e-05	16566	99	13.57094451503599	0.2346368715083799	1.3361093699023373e-05	1.2971294703277249e-05	8.053030419400994e-06	2.0792990013633007e-05	0.9	4000	position_bootstrap	mtDNA_position	False	paired nonparametric bootstrap of whole mtDNA positions
vus_high	C[T>C]C	73	1.0846454586953921e-05	1.0560798094000003e-05	6.640429692077234e-06	1.650967648455529e-05	16566	73	15.538024971623178	0.20512820512820512	1.0846454586953921e-05	1.0560798094000003e-05	6.640429692077234e-06	1.650967648455529e-05	0.9	4000	position_bootstrap	mtDNA_position	False	paired nonparametric bootstrap of whole mtDNA positions
vus_high	C[T>C]G	19	4.404769911762552e-06	4.348056589932586e-06	2.6678939984307895e-06	6.507575011647202e-06	16566	19	17.64000000000001	0.09523809523809523	4.404769911762552e-06	4.348056589932586e-06	2.6678939984307895e-06	6.507575011647202e-06	0.9	4000	position_bootstrap	mtDNA_position	False	paired nonparametric bootstrap of whole mtDNA positions
vus_high	C[T>C]T	35	1.1205863733030503e-05	1.0630885073136004e-05	4.21097992978385e-06	2.0477487679949413e-05	16566	35	5.429313329486442	0.32989690721649484	1.1205863733030503e-05	1.0630885073136004e-05	4.21097992978385e-06	2.0477487679949413e-05	0.9	4000	position_bootstrap	mtDNA_position	False	paired nonparametric bootstrap of whole mtDNA positions
vus_high	G[T>C]A	22	0.0007212317752983273	0.0006927848645572981	1.351537403597026e-05	0.0021002578454697354	16566	22	1.1116033681441715	0.9479426433915212	0.0007212317752983273	0.0006927848645572981	1.351537403597026e-05	0.0021002578454697354	0.9	4000	position_bootstrap	mtDNA_position	False	paired nonparametric bootstrap of whole mtDNA positions
vus_high	G[T>C]C	17	4.3422094115665035e-05	4.158363990676145e-05	1.5952023552606252e-05	7.892959242572892e-05	16566	17	5.424409690279057	0.3007518796992481	4.3422094115665035e-05	4.158363990676145e-05	1.5952023552606252e-05	7.892959242572892e-05	0.9	4000	position_bootstrap	mtDNA_position	False	paired nonparametric bootstrap of whole mtDNA positions
vus_high	G[T>C]G	10	4.315565485525434e-06	4.277961362964523e-06	2.167112695442648e-06	6.977486113855406e-06	16566	10	9.999999999999996	0.1	4.315565485525434e-06	4.277961362964523e-06	2.167112695442648e-06	6.977486113855406e-06	0.9	4000	position_bootstrap	mtDNA_position	False	paired nonparametric bootstrap of whole mtDNA positions
vus_high	G[T>C]T	9	0.00013428653769923302	0.00012643257007763858	5.677736433264391e-06	0.0003157031181992922	16566	9	2.148276725958269	0.5673469387755102	0.00013428653769923302	0.00012643257007763858	5.677736433264391e-06	0.0003157031181992922	0.9	4000	position_bootstrap	mtDNA_position	False	paired nonparametric bootstrap of whole mtDNA positions
vus_high	T[T>C]A	28	1.8167138576163518e-05	1.6766860068742044e-05	4.756700266846044e-06	3.830930927836634e-05	16566	28	3.2499701563805665	0.5151515151515151	1.8167138576163518e-05	1.6766860068742044e-05	4.756700266846044e-06	3.830930927836634e-05	0.9	4000	position_bootstrap	mtDNA_position	False	paired nonparametric bootstrap of whole mtDNA positions
vus_high	T[T>C]C	55	8.77685136406861e-06	8.701654156751696e-06	6.093734890314493e-06	1.2600115013460888e-05	16566	55	27.870967741935466	0.1388888888888889	8.77685136406861e-06	8.701654156751696e-06	6.093734890314493e-06	1.2600115013460888e-05	0.9	4000	position_bootstrap	mtDNA_position	False	paired nonparametric bootstrap of whole mtDNA positions
vus_high	T[T>C]G	14	1.817485286005998e-05	1.7400210746966542e-05	2.2473619553502973e-06	4.777531860990392e-05	16566	14	1.4963730569948186	0.8157894736842105	1.817485286005998e-05	1.7400210746966542e-05	2.2473619553502973e-06	4.777531860990392e-05	0.9	4000	position_bootstrap	mtDNA_position	False	paired nonparametric bootstrap of whole mtDNA positions
vus_high	T[T>C]T	36	5.928224166958622e-06	5.882975221859402e-06	4.009075947075131e-06	8.3190996295801e-06	16566	36	27.73972602739724	0.08888888888888889	5.928224166958622e-06	5.882975221859402e-06	4.009075947075131e-06	8.3190996295801e-06	0.9	4000	position_bootstrap	mtDNA_position	False	paired nonparametric bootstrap of whole mtDNA positions
vus_high	T[A>G]T	21	0.0002091166104631606	0.00019149884751722807	1.1487725973681195e-05	0.0005124446570500378	16566	21	2.0141348907866843	0.6349292709466812	0.0002091166104631606	0.00019149884751722807	1.1487725973681195e-05	0.0005124446570500378	0.9	4000	position_bootstrap	mtDNA_position	False	paired nonparametric bootstrap of whole mtDNA positions
vus_high	G[A>G]T	2	5.562284403566115e-07	5.335582405919896e-07	0.0	1.3515225406670155e-06	16566	2	2.0	0.5	5.562284403566115e-07	5.335582405919896e-07	0.0	1.3515225406670155e-06	0.9	4000	position_bootstrap	mtDNA_position	False	paired nonparametric bootstrap of whole mtDNA positions
vus_high	C[A>G]T	19	3.4556729596782016e-05	3.146881366965611e-05	6.968453477319225e-06	7.73597255604322e-05	16566	19	2.745137357128536	0.5594594594594594	3.4556729596782016e-05	3.146881366965611e-05	6.968453477319225e-06	7.73597255604322e-05	0.9	4000	position_bootstrap	mtDNA_position	False	paired nonparametric bootstrap of whole mtDNA positions
vus_high	A[A>G]T	15	7.096496914879406e-05	6.588870822792919e-05	1.025957948509951e-05	0.0001758108271461333	16566	15	1.9560639370547295	0.7020348837209303	7.096496914879406e-05	6.588870822792919e-05	1.025957948509951e-05	0.0001758108271461333	0.9	4000	position_bootstrap	mtDNA_position	False	paired nonparametric bootstrap of whole mtDNA positions
vus_high	T[A>G]G	1	1.3505546663334992e-07	1.3121438479007722e-07	0.0	4.067433338103051e-07	16566	1	1.0	1.0	1.3505546663334992e-07	1.3121438479007722e-07	0.0	4.067433338103051e-07	0.9	4000	position_bootstrap	mtDNA_position	False	paired nonparametric bootstrap of whole mtDNA positions
vus_high	G[A>G]G	6	1.3390324516976468e-05	1.290724365990609e-05	8.663226630659192e-07	3.6874939777168547e-05	16566	6	1.3345305284761415	0.8627450980392157	1.3390324516976468e-05	1.290724365990609e-05	8.663226630659192e-07	3.6874939777168547e-05	0.9	4000	position_bootstrap	mtDNA_position	False	paired nonparametric bootstrap of whole mtDNA positions
vus_high	C[A>G]G	6	5.63181295861069e-06	5.432383674618834e-06	5.191267709049797e-07	1.506723267492973e-05	16566	6	1.4285714285714288	0.8333333333333334	5.63181295861069e-06	5.432383674618834e-06	5.191267709049797e-07	1.506723267492973e-05	0.9	4000	position_bootstrap	mtDNA_position	False	paired nonparametric bootstrap of whole mtDNA positions
vus_high	A[A>G]G	0	0.0	0.0	0.0	0.0	16566	0	0.0	0.0	0.0	0.0	0.0	0.0	0.9	4000	position_bootstrap	mtDNA_position	False	paired nonparametric bootstrap of whole mtDNA positions
vus_high	T[A>G]C	26	2.3517460706286402e-05	2.2250319374866707e-05	2.972031520603904e-06	5.783818483017591e-05	16566	26	1.684729064039408	0.7631578947368421	2.3517460706286402e-05	2.2250319374866707e-05	2.972031520603904e-06	5.783818483017591e-05	0.9	4000	position_bootstrap	mtDNA_position	False	paired nonparametric bootstrap of whole mtDNA positions
vus_high	G[A>G]C	13	2.5577817187023554e-05	2.4597512994701607e-05	2.618384457953967e-06	6.957411223821263e-05	16566	13	1.427490087708759	0.8348623853211009	2.5577817187023554e-05	2.4597512994701607e-05	2.618384457953967e-06	6.957411223821263e-05	0.9	4000	position_bootstrap	mtDNA_position	False	paired nonparametric bootstrap of whole mtDNA positions
vus_high	C[A>G]C	28	6.370265526643373e-05	6.055685032864499e-05	2.0400318188185162e-05	0.00012018436387593112	16566	28	4.819463768660924	0.30307262569832405	6.370265526643373e-05	6.055685032864499e-05	2.0400318188185162e-05	0.00012018436387593112	0.9	4000	position_bootstrap	mtDNA_position	False	paired nonparametric bootstrap of whole mtDNA positions
vus_high	A[A>G]C	38	0.0004040602313161956	0.0003766558083934625	4.6346281139605336e-05	0.000989178830331701	16566	38	1.7952099334123144	0.7339098954143202	0.0004040602313161956	0.0003766558083934625	4.6346281139605336e-05	0.000989178830331701	0.9	4000	position_bootstrap	mtDNA_position	False	paired nonparametric bootstrap of whole mtDNA positions
vus_high	T[A>G]A	4	3.7358626591115694e-07	3.575912054028805e-07	9.165836597665789e-08	7.156465563023348e-07	16566	4	4.0	0.25	3.7358626591115694e-07	3.575912054028805e-07	9.165836597665789e-08	7.156465563023348e-07	0.9	4000	position_bootstrap	mtDNA_position	False	paired nonparametric bootstrap of whole mtDNA positions
vus_high	G[A>G]A	14	1.6624588833046482e-05	1.5890777740124756e-05	2.5897836140949425e-06	4.1902833519338273e-05	16566	14	1.789247797605602	0.7415730337078652	1.6624588833046482e-05	1.5890777740124756e-05	2.5897836140949425e-06	4.1902833519338273e-05	0.9	4000	position_bootstrap	mtDNA_position	False	paired nonparametric bootstrap of whole mtDNA positions
vus_high	C[A>G]A	35	4.338975392640312e-06	4.204678475218603e-06	2.4835601788416932e-06	6.994081810594617e-06	16566	35	11.48803827751196	0.2653061224489796	4.338975392640312e-06	4.204678475218603e-06	2.4835601788416932e-06	6.994081810594617e-06	0.9	4000	position_bootstrap	mtDNA_position	False	paired nonparametric bootstrap of whole mtDNA positions
vus_high	A[A>G]A	6	4.827268250237735e-06	4.234162260002306e-06	4.540502005875763e-07	1.113085172388112e-05	16566	6	2.1488900920411482	0.6349206349206349	4.827268250237735e-06	4.234162260002306e-06	4.540502005875763e-07	1.113085172388112e-05	0.9	4000	position_bootstrap	mtDNA_position	False	paired nonparametric bootstrap of whole mtDNA positions
vus_high	A[T>G]A	9	9.360353947829404e-07	9.170367189550546e-07	4.5264524529036335e-07	1.543360854848941e-06	16566	9	9.0	0.1111111111111111	9.360353947829404e-07	9.170367189550546e-07	4.5264524529036335e-07	1.543360854848941e-06	0.9	4000	position_bootstrap	mtDNA_position	False	paired nonparametric bootstrap of whole mtDNA positions
vus_high	A[T>G]C	59	8.045447083729559e-06	7.931684006459141e-06	5.398319434609479e-06	1.1436980633868584e-05	16566	59	23.734177215189888	0.16	8.045447083729559e-06	7.931684006459141e-06	5.398319434609479e-06	1.1436980633868584e-05	0.9	4000	position_bootstrap	mtDNA_position	False	paired nonparametric bootstrap of whole mtDNA positions
vus_high	A[T>G]G	5	1.0666312421611157e-06	1.0385839846973538e-06	3.4022530107439636e-07	1.991174339130155e-06	16566	5	4.999999999999999	0.2	1.0666312421611157e-06	1.0385839846973538e-06	3.4022530107439636e-07	1.991174339130155e-06	0.9	4000	position_bootstrap	mtDNA_position	False	paired nonparametric bootstrap of whole mtDNA positions
vus_high	A[T>G]T	57	6.257569954011878e-06	6.271398008527197e-06	4.678879939056643e-06	8.314286747448814e-06	16566	57	56.99999999999996	0.017543859649122806	6.257569954011878e-06	6.271398008527197e-06	4.678879939056643e-06	8.314286747448814e-06	0.9	4000	position_bootstrap	mtDNA_position	False	paired nonparametric bootstrap of whole mtDNA positions
vus_high	C[T>G]A	99	7.38965517432019e-06	7.420950957452185e-06	5.7545448793955995e-06	9.440565912492514e-06	16566	99	98.99999999999982	0.010101010101010102	7.38965517432019e-06	7.420950957452185e-06	5.7545448793955995e-06	9.440565912492514e-06	0.9	4000	position_bootstrap	mtDNA_position	False	paired nonparametric bootstrap of whole mtDNA positions
vus_high	C[T>G]C	73	7.230969724635949e-06	7.230465189639754e-06	5.376010906914182e-06	9.541832766497022e-06	16566	73	56.33333333333338	0.07692307692307693	7.230969724635949e-06	7.230465189639754e-06	5.376010906914182e-06	9.541832766497022e-06	0.9	4000	position_bootstrap	mtDNA_position	False	paired nonparametric bootstrap of whole mtDNA positions
vus_high	C[T>G]G	19	3.985268015404213e-06	3.950468657492359e-06	2.4416894877905176e-06	5.818994211782036e-06	16566	19	18.999999999999996	0.05263157894736842	3.985268015404213e-06	3.950468657492359e-06	2.4416894877905176e-06	5.818994211782036e-06	0.9	4000	position_bootstrap	mtDNA_position	False	paired nonparametric bootstrap of whole mtDNA positions
vus_high	C[T>G]T	35	4.0433528933615215e-06	4.0286964613193185e-06	2.8331589314464283e-06	5.588571072598893e-06	16566	35	35.00000000000002	0.02857142857142857	4.0433528933615215e-06	4.0286964613193185e-06	2.8331589314464283e-06	5.588571072598893e-06	0.9	4000	position_bootstrap	mtDNA_position	False	paired nonparametric bootstrap of whole mtDNA positions
vus_high	G[T>G]A	22	4.9461031971830426e-06	4.929586036721167e-06	3.1693876375818105e-06	7.1796138676079844e-06	16566	22	22.0	0.045454545454545456	4.9461031971830426e-06	4.929586036721167e-06	3.1693876375818105e-06	7.1796138676079844e-06	0.9	4000	position_bootstrap	mtDNA_position	False	paired nonparametric bootstrap of whole mtDNA positions
vus_high	G[T>G]C	17	5.550192480949667e-06	5.5146340416300305e-06	3.4361195028890664e-06	8.291852645862558e-06	16566	17	17.000000000000004	0.058823529411764705	5.550192480949667e-06	5.5146340416300305e-06	3.4361195028890664e-06	8.291852645862558e-06	0.9	4000	position_bootstrap	mtDNA_position	False	paired nonparametric bootstrap of whole mtDNA positions
vus_high	G[T>G]G	10	4.315565485525434e-06	4.277961362964523e-06	2.167112695442648e-06	6.977486113855406e-06	16566	10	9.999999999999996	0.1	4.315565485525434e-06	4.277961362964523e-06	2.167112695442648e-06	6.977486113855406e-06	0.9	4000	position_bootstrap	mtDNA_position	False	paired nonparametric bootstrap of whole mtDNA positions
vus_high	G[T>G]T	9	2.46648742712877e-06	2.474156338592701e-06	1.2009114276657284e-06	4.106511906589218e-06	16566	9	9.0	0.1111111111111111	2.46648742712877e-06	2.474156338592701e-06	1.2009114276657284e-06	4.106511906589218e-06	0.9	4000	position_bootstrap	mtDNA_position	False	paired nonparametric bootstrap of whole mtDNA positions
vus_high	T[T>G]A	28	3.0829083644398697e-06	3.0593889418853674e-06	2.100097589871814e-06	4.320594880807319e-06	16566	28	27.999999999999986	0.03571428571428571	3.0829083644398697e-06	3.0593889418853674e-06	2.100097589871814e-06	4.320594880807319e-06	0.9	4000	position_bootstrap	mtDNA_position	False	paired nonparametric bootstrap of whole mtDNA positions
vus_high	T[T>G]C	55	6.704539236441299e-06	6.703665236491242e-06	5.029402730339703e-06	8.79559761797828e-06	16566	55	55.000000000000036	0.01818181818181818	6.704539236441299e-06	6.703665236491242e-06	5.029402730339703e-06	8.79559761797828e-06	0.9	4000	position_bootstrap	mtDNA_position	False	paired nonparametric bootstrap of whole mtDNA positions
vus_high	T[T>G]G	15	3.5871420118539434e-06	3.580893001442919e-06	2.120723625194735e-06	5.396800179827391e-06	16566	15	15.0	0.06666666666666667	3.5871420118539434e-06	3.580893001442919e-06	2.120723625194735e-06	5.396800179827391e-06	0.9	4000	position_bootstrap	mtDNA_position	False	paired nonparametric bootstrap of whole mtDNA positions
vus_high	T[T>G]T	36	4.7425793335668976e-06	4.731096626139465e-06	3.3593940136328405e-06	6.47661219076747e-06	16566	36	36.0	0.027777777777777776	4.7425793335668976e-06	4.731096626139465e-06	3.3593940136328405e-06	6.47661219076747e-06	0.9	4000	position_bootstrap	mtDNA_position	False	paired nonparametric bootstrap of whole mtDNA positions
vus_high	T[A>C]T	21	6.485117952339584e-06	6.17714804319268e-06	1.9969799414023644e-06	1.4014185334249112e-05	16566	21	3.157434402332362	0.543859649122807	6.485117952339584e-06	6.17714804319268e-06	1.9969799414023644e-06	1.4014185334249112e-05	0.9	4000	position_bootstrap	mtDNA_position	False	paired nonparametric bootstrap of whole mtDNA positions
vus_high	G[A>C]T	4	1.112456880713223e-06	1.0734037485902365e-06	2.7124100982875423e-07	2.1557812383779356e-06	16566	4	4.0	0.25	1.112456880713223e-06	1.0734037485902365e-06	2.7124100982875423e-07	2.1557812383779356e-06	0.9	4000	position_bootstrap	mtDNA_position	False	paired nonparametric bootstrap of whole mtDNA positions
vus_high	C[A>C]T	19	1.5503830035313015e-05	1.4874081939116357e-05	1.586108004410413e-06	4.258313993119096e-05	16566	19	1.4010575554199711	0.8433734939759037	1.5503830035313015e-05	1.4874081939116357e-05	1.586108004410413e-06	4.258313993119096e-05	0.9	4000	position_bootstrap	mtDNA_position	False	paired nonparametric bootstrap of whole mtDNA positions
vus_high	A[A>C]T	15	1.5472013622556846e-06	1.534520854315906e-06	8.963653626088351e-07	2.3132657838491696e-06	16566	15	15.0	0.06666666666666667	1.5472013622556846e-06	1.534520854315906e-06	8.963653626088351e-07	2.3132657838491696e-06	0.9	4000	position_bootstrap	mtDNA_position	False	paired nonparametric bootstrap of whole mtDNA positions
vus_high	T[A>C]G	1	1.3505546663334992e-07	1.3121438479007722e-07	0.0	4.067433338103051e-07	16566	1	1.0	1.0	1.3505546663334992e-07	1.3121438479007722e-07	0.0	4.067433338103051e-07	0.9	4000	position_bootstrap	mtDNA_position	False	paired nonparametric bootstrap of whole mtDNA positions
vus_high	G[A>C]G	7	1.8378876788006918e-06	1.8132732785057936e-06	7.892558341653498e-07	3.187659803770793e-06	16566	7	7.0	0.14285714285714285	1.8378876788006918e-06	1.8132732785057936e-06	7.892558341653498e-07	3.187659803770793e-06	0.9	4000	position_bootstrap	mtDNA_position	False	paired nonparametric bootstrap of whole mtDNA positions
vus_high	C[A>C]G	6	1.1263625917221382e-06	1.1077305544522162e-06	4.113458349716934e-07	2.0517575395178736e-06	16566	6	5.999999999999999	0.16666666666666666	1.1263625917221382e-06	1.1077305544522162e-06	4.113458349716934e-07	2.0517575395178736e-06	0.9	4000	position_bootstrap	mtDNA_position	False	paired nonparametric bootstrap of whole mtDNA positions
vus_high	A[A>C]G	6	1.1152104868536022e-06	1.0850266883238377e-06	4.4578974196046277e-07	1.9763021314905467e-06	16566	6	5.999999999999999	0.16666666666666666	1.1152104868536022e-06	1.0850266883238377e-06	4.4578974196046277e-07	1.9763021314905467e-06	0.9	4000	position_bootstrap	mtDNA_position	False	paired nonparametric bootstrap of whole mtDNA positions
vus_high	T[A>C]C	26	2.6818156945765197e-06	2.6901488579503404e-06	1.7671761468783834e-06	3.801407164553469e-06	16566	26	25.999999999999993	0.038461538461538464	2.6818156945765197e-06	2.6901488579503404e-06	1.7671761468783834e-06	3.801407164553469e-06	0.9	4000	position_bootstrap	mtDNA_position	False	paired nonparametric bootstrap of whole mtDNA positions
vus_high	G[A>C]C	14	3.285224225856237e-06	3.279970267866855e-06	1.900288170993939e-06	5.076695206343558e-06	16566	14	14.0	0.07142857142857142	3.285224225856237e-06	3.279970267866855e-06	1.900288170993939e-06	5.076695206343558e-06	0.9	4000	position_bootstrap	mtDNA_position	False	paired nonparametric bootstrap of whole mtDNA positions
vus_high	C[A>C]C	28	2.6691056675880055e-06	2.64183754133834e-06	1.776222629972667e-06	3.8261379424100015e-06	16566	28	25.0	0.1	2.6691056675880055e-06	2.64183754133834e-06	1.776222629972667e-06	3.8261379424100015e-06	0.9	4000	position_bootstrap	mtDNA_position	False	paired nonparametric bootstrap of whole mtDNA positions
vus_high	A[A>C]C	39	4.469692824294199e-06	4.402501444163442e-06	2.6805139843478234e-06	7.064724458814984e-06	16566	39	13.940092165898628	0.21818181818181817	4.469692824294199e-06	4.402501444163442e-06	2.6805139843478234e-06	7.064724458814984e-06	0.9	4000	position_bootstrap	mtDNA_position	False	paired nonparametric bootstrap of whole mtDNA positions
vus_high	T[A>C]A	4	3.7358626591115694e-07	3.575912054028805e-07	9.165836597665789e-08	7.156465563023348e-07	16566	4	4.0	0.25	3.7358626591115694e-07	3.575912054028805e-07	9.165836597665789e-08	7.156465563023348e-07	0.9	4000	position_bootstrap	mtDNA_position	False	paired nonparametric bootstrap of whole mtDNA positions
vus_high	G[A>C]A	15	2.801896994333677e-06	2.7822118654901157e-06	1.6328515431096e-06	4.304849814721615e-06	16566	15	15.0	0.06666666666666667	2.801896994333677e-06	2.7822118654901157e-06	1.6328515431096e-06	4.304849814721615e-06	0.9	4000	position_bootstrap	mtDNA_position	False	paired nonparametric bootstrap of whole mtDNA positions
vus_high	C[A>C]A	35	3.3649196922516705e-06	3.3484452121595692e-06	2.2955292731058203e-06	4.67231866530225e-06	16566	35	28.88	0.10526315789473684	3.3649196922516705e-06	3.3484452121595692e-06	2.2955292731058203e-06	4.67231866530225e-06	0.9	4000	position_bootstrap	mtDNA_position	False	paired nonparametric bootstrap of whole mtDNA positions
vus_high	A[A>C]A	26	1.9922059445425573e-06	1.9883410372636193e-06	1.312301512573558e-06	2.839981853655761e-06	16566	26	25.999999999999993	0.038461538461538464	1.9922059445425573e-06	1.9883410372636193e-06	1.312301512573558e-06	2.839981853655761e-06	0.9	4000	position_bootstrap	mtDNA_position	False	paired nonparametric bootstrap of whole mtDNA positions
pathogenic	A[C>A]A	78	6.890688796417786e-06	6.883783824015774e-06	5.257032834057316e-06	8.961158251629638e-06	16566	78	78.0000000000001	0.01282051282051282	6.890688796417786e-06	6.883783824015774e-06	5.257032834057316e-06	8.961158251629638e-06	0.9	4000	position_bootstrap	mtDNA_position	False	paired nonparametric bootstrap of whole mtDNA positions
pathogenic	A[C>A]C	85	7.382080410863908e-06	7.340565292924474e-06	5.557138256961868e-06	9.741592418531126e-06	16566	85	57.278145695364245	0.08602150537634409	7.382080410863908e-06	7.340565292924474e-06	5.557138256961868e-06	9.741592418531126e-06	0.9	4000	position_bootstrap	mtDNA_position	False	paired nonparametric bootstrap of whole mtDNA positions
pathogenic	A[C>A]G	10	3.2090102328266046e-06	3.1286733645735135e-06	1.63746005446848e-06	5.151859322101534e-06	16566	10	9.999999999999996	0.1	3.2090102328266046e-06	3.1286733645735135e-06	1.63746005446848e-06	5.151859322101534e-06	0.9	4000	position_bootstrap	mtDNA_position	False	paired nonparametric bootstrap of whole mtDNA positions
pathogenic	A[C>A]T	34	4.80120456829556e-06	4.573207144035147e-06	2.5267457598981166e-06	8.032105893525518e-06	16566	34	8.561643835616442	0.32	4.80120456829556e-06	4.573207144035147e-06	2.5267457598981166e-06	8.032105893525518e-06	0.9	4000	position_bootstrap	mtDNA_position	False	paired nonparametric bootstrap of whole mtDNA positions
pathogenic	C[C>A]A	89	8.127479093210721e-06	8.143517221139012e-06	6.227171518295231e-06	1.041434956791763e-05	16566	89	81.38461538461549	0.043478260869565216	8.127479093210721e-06	8.143517221139012e-06	6.227171518295231e-06	1.041434956791763e-05	0.9	4000	position_bootstrap	mtDNA_position	False	paired nonparametric bootstrap of whole mtDNA positions
pathogenic	C[C>A]C	107	8.064333109747703e-06	7.967793652511891e-06	5.95360386655938e-06	1.086874782168601e-05	16566	107	44.56287425149707	0.12295081967213115	8.064333109747703e-06	7.967793652511891e-06	5.95360386655938e-06	1.086874782168601e-05	0.9	4000	position_bootstrap	mtDNA_position	False	paired nonparametric bootstrap of whole mtDNA positions
pathogenic	C[C>A]G	16	1.4798924562772618e-05	1.4291722576213577e-05	2.885870173349652e-06	3.696297415206112e-05	16566	16	1.8984375000000002	0.7222222222222222	1.4798924562772618e-05	1.4291722576213577e-05	2.885870173349652e-06	3.696297415206112e-05	0.9	4000	position_bootstrap	mtDNA_position	False	paired nonparametric bootstrap of whole mtDNA positions
pathogenic	C[C>A]T	52	8.511717312445704e-05	8.247243595102519e-05	2.9763767645894134e-06	0.00025513285176931365	16566	52	1.0909433539901652	0.9573934837092731	8.511717312445704e-05	8.247243595102519e-05	2.9763767645894134e-06	0.00025513285176931365	0.9	4000	position_bootstrap	mtDNA_position	False	paired nonparametric bootstrap of whole mtDNA positions
pathogenic	G[C>A]A	55	1.0966236454060421e-05	1.096054328002302e-05	7.920524001299525e-06	1.4737917007584302e-05	16566	55	44.063291139240555	0.0847457627118644	1.0966236454060421e-05	1.096054328002302e-05	7.920524001299525e-06	1.4737917007584302e-05	0.9	4000	position_bootstrap	mtDNA_position	False	paired nonparametric bootstrap of whole mtDNA positions
pathogenic	G[C>A]C	84	1.1946269912204495e-05	1.20029456639675e-05	9.110617996684452e-06	1.5390813605977834e-05	16566	84	83.9999999999999	0.011904761904761904	1.1946269912204495e-05	1.20029456639675e-05	9.110617996684452e-06	1.5390813605977834e-05	0.9	4000	position_bootstrap	mtDNA_position	False	paired nonparametric bootstrap of whole mtDNA positions
pathogenic	G[C>A]G	14	8.616981576016357e-06	8.576491010236824e-06	4.848152788406994e-06	1.3130584489431018e-05	16566	14	14.0	0.07142857142857142	8.616981576016357e-06	8.576491010236824e-06	4.848152788406994e-06	1.3130584489431018e-05	0.9	4000	position_bootstrap	mtDNA_position	False	paired nonparametric bootstrap of whole mtDNA positions
pathogenic	G[C>A]T	44	8.978252542712695e-06	9.027597632440094e-06	6.529444408948603e-06	1.2105003236133324e-05	16566	44	44.00000000000004	0.022727272727272728	8.978252542712695e-06	9.027597632440094e-06	6.529444408948603e-06	1.2105003236133324e-05	0.9	4000	position_bootstrap	mtDNA_position	False	paired nonparametric bootstrap of whole mtDNA positions
pathogenic	T[C>A]A	41	4.002303625408613e-06	3.996287915759924e-06	2.8555305012127827e-06	5.421216341238942e-06	16566	41	40.090909090909115	0.047619047619047616	4.002303625408613e-06	3.996287915759924e-06	2.8555305012127827e-06	5.421216341238942e-06	0.9	4000	position_bootstrap	mtDNA_position	False	paired nonparametric bootstrap of whole mtDNA positions
pathogenic	T[C>A]C	58	6.168935818685932e-06	6.183032265628041e-06	4.618260479604069e-06	8.161744765829493e-06	16566	58	58.000000000000036	0.017241379310344827	6.168935818685932e-06	6.183032265628041e-06	4.618260479604069e-06	8.161744765829493e-06	0.9	4000	position_bootstrap	mtDNA_position	False	paired nonparametric bootstrap of whole mtDNA positions
pathogenic	T[C>A]G	17	7.602947494124432e-05	7.276484495771885e-05	4.261198988458853e-06	0.00021532498358341087	16566	17	1.2180325501763654	0.9053497942386831	7.602947494124432e-05	7.276484495771885e-05	4.261198988458853e-06	0.00021532498358341087	0.9	4000	position_bootstrap	mtDNA_position	False	paired nonparametric bootstrap of whole mtDNA positions
pathogenic	T[C>A]T	36	5.467779571466691e-06	5.360956515433092e-06	3.349704299472397e-06	8.362941810927138e-06	16566	36	14.999999999999996	0.2222222222222222	5.467779571466691e-06	5.360956515433092e-06	3.349704299472397e-06	8.362941810927138e-06	0.9	4000	position_bootstrap	mtDNA_position	False	paired nonparametric bootstrap of whole mtDNA positions
pathogenic	T[G>T]T	32	9.767914074555129e-06	9.731882855344497e-06	6.797920882626627e-06	1.3517633476320133e-05	16566	32	32.0	0.03125	9.767914074555129e-06	9.731882855344497e-06	6.797920882626627e-06	1.3517633476320133e-05	0.9	4000	position_bootstrap	mtDNA_position	False	paired nonparametric bootstrap of whole mtDNA positions
pathogenic	G[G>T]T	46	1.4156469732026874e-05	1.4155762962001897e-05	1.0282933670286124e-05	1.900720927010898e-05	16566	46	45.99999999999999	0.021739130434782608	1.4156469732026874e-05	1.4155762962001897e-05	1.0282933670286124e-05	1.900720927010898e-05	0.9	4000	position_bootstrap	mtDNA_position	False	paired nonparametric bootstrap of whole mtDNA positions
pathogenic	C[G>T]T	19	8.917037184466927e-06	8.855481448814859e-06	5.534139309499402e-06	1.3224719409118299e-05	16566	19	18.999999999999996	0.05263157894736842	8.917037184466927e-06	8.855481448814859e-06	5.534139309499402e-06	1.3224719409118299e-05	0.9	4000	position_bootstrap	mtDNA_position	False	paired nonparametric bootstrap of whole mtDNA positions
pathogenic	A[G>T]T	49	1.0108382233403805e-05	1.0098872861359167e-05	7.4056438742131385e-06	1.347421896419365e-05	16566	49	48.999999999999986	0.02040816326530612	1.0108382233403805e-05	1.0098872861359167e-05	7.4056438742131385e-06	1.347421896419365e-05	0.9	4000	position_bootstrap	mtDNA_position	False	paired nonparametric bootstrap of whole mtDNA positions
pathogenic	T[G>T]G	55	1.485610132966849e-05	1.491630076848362e-05	1.1035220942633086e-05	1.9827276027003224e-05	16566	55	55.000000000000036	0.01818181818181818	1.485610132966849e-05	1.491630076848362e-05	1.1035220942633086e-05	1.9827276027003224e-05	0.9	4000	position_bootstrap	mtDNA_position	False	paired nonparametric bootstrap of whole mtDNA positions
pathogenic	G[G>T]G	36	1.0852972888989351e-05	1.0810099210625034e-05	7.568025024300991e-06	1.489047571530836e-05	16566	36	35.10256410256412	0.05405405405405406	1.0852972888989351e-05	1.0810099210625034e-05	7.568025024300991e-06	1.489047571530836e-05	0.9	4000	position_bootstrap	mtDNA_position	False	paired nonparametric bootstrap of whole mtDNA positions
pathogenic	C[G>T]G	37	1.6537863449888535e-05	1.6506233912090483e-05	1.1742981211314873e-05	2.2899564037859227e-05	16566	37	37.000000000000014	0.02702702702702703	1.6537863449888535e-05	1.6506233912090483e-05	1.1742981211314873e-05	2.2899564037859227e-05	0.9	4000	position_bootstrap	mtDNA_position	False	paired nonparametric bootstrap of whole mtDNA positions
pathogenic	A[G>T]G	91	1.8173580823885563e-05	1.8266019930439614e-05	1.4075396613384323e-05	2.3275826488991283e-05	16566	91	91.0000000000002	0.01098901098901099	1.8173580823885563e-05	1.8266019930439614e-05	1.4075396613384323e-05	2.3275826488991283e-05	0.9	4000	position_bootstrap	mtDNA_position	False	paired nonparametric bootstrap of whole mtDNA positions
pathogenic	T[G>T]C	30	8.799707747829205e-06	8.827247111109192e-06	6.032813114753971e-06	1.2377579080828985e-05	16566	30	30.0	0.03333333333333333	8.799707747829205e-06	8.827247111109192e-06	6.032813114753971e-06	1.2377579080828985e-05	0.9	4000	position_bootstrap	mtDNA_position	False	paired nonparametric bootstrap of whole mtDNA positions
pathogenic	G[G>T]C	76	1.8059822145755803e-05	1.81649401223178e-05	1.3898920902897465e-05	2.3596058136388687e-05	16566	76	75.99999999999997	0.013157894736842105	1.8059822145755803e-05	1.81649401223178e-05	1.3898920902897465e-05	2.3596058136388687e-05	0.9	4000	position_bootstrap	mtDNA_position	False	paired nonparametric bootstrap of whole mtDNA positions
pathogenic	C[G>T]C	53	4.642440411827732e-05	4.474987164148069e-05	1.088862342925035e-05	0.00011207818547763602	16566	53	1.9455643990007545	0.7158469945355191	4.642440411827732e-05	4.474987164148069e-05	1.088862342925035e-05	0.00011207818547763602	0.9	4000	position_bootstrap	mtDNA_position	False	paired nonparametric bootstrap of whole mtDNA positions
pathogenic	A[G>T]C	110	1.585853468489653e-05	1.5861891911823223e-05	1.2392356933664102e-05	2.035635329625087e-05	16566	110	94.40689655172392	0.042735042735042736	1.585853468489653e-05	1.5861891911823223e-05	1.2392356933664102e-05	2.035635329625087e-05	0.9	4000	position_bootstrap	mtDNA_position	False	paired nonparametric bootstrap of whole mtDNA positions
pathogenic	T[G>T]A	89	1.619257438336723e-05	1.627606781422495e-05	1.2566898842439118e-05	2.0856637525590555e-05	16566	89	85.37113402061873	0.03296703296703297	1.619257438336723e-05	1.627606781422495e-05	1.2566898842439118e-05	2.0856637525590555e-05	0.9	4000	position_bootstrap	mtDNA_position	False	paired nonparametric bootstrap of whole mtDNA positions
pathogenic	G[G>T]A	55	1.576334415896122e-05	1.590186419952593e-05	1.1697571784370275e-05	2.085822659429681e-05	16566	55	55.000000000000036	0.01818181818181818	1.576334415896122e-05	1.590186419952593e-05	1.1697571784370275e-05	2.085822659429681e-05	0.9	4000	position_bootstrap	mtDNA_position	False	paired nonparametric bootstrap of whole mtDNA positions
pathogenic	C[G>T]A	40	1.2209892593193912e-05	1.2298764744388415e-05	8.815088733102166e-06	1.663134466445248e-05	16566	40	39.99999999999997	0.025	1.2209892593193912e-05	1.2298764744388415e-05	8.815088733102166e-06	1.663134466445248e-05	0.9	4000	position_bootstrap	mtDNA_position	False	paired nonparametric bootstrap of whole mtDNA positions
pathogenic	A[G>T]A	63	1.3439553651230059e-05	1.348789949669013e-05	1.0215869349670737e-05	1.773596347463675e-05	16566	63	62.99999999999992	0.015873015873015872	1.3439553651230059e-05	1.348789949669013e-05	1.0215869349670737e-05	1.773596347463675e-05	0.9	4000	position_bootstrap	mtDNA_position	False	paired nonparametric bootstrap of whole mtDNA positions
pathogenic	A[C>G]A	44	3.887055218492084e-06	3.893697866347176e-06	2.831385188550752e-06	5.231148142586452e-06	16566	44	44.00000000000004	0.022727272727272728	3.887055218492084e-06	3.893697866347176e-06	2.831385188550752e-06	5.231148142586452e-06	0.9	4000	position_bootstrap	mtDNA_position	False	paired nonparametric bootstrap of whole mtDNA positions
pathogenic	A[C>G]C	85	6.747062741112174e-06	6.754659085385028e-06	5.235217318306441e-06	8.681550195734898e-06	16566	85	84.99999999999999	0.011764705882352941	6.747062741112174e-06	6.754659085385028e-06	5.235217318306441e-06	8.681550195734898e-06	0.9	4000	position_bootstrap	mtDNA_position	False	paired nonparametric bootstrap of whole mtDNA positions
pathogenic	A[C>G]G	12	3.850812279391926e-06	3.7920686817654644e-06	2.0996753390914736e-06	6.022626979468132e-06	16566	12	11.999999999999996	0.08333333333333333	3.850812279391926e-06	3.7920686817654644e-06	2.0996753390914736e-06	6.022626979468132e-06	0.9	4000	position_bootstrap	mtDNA_position	False	paired nonparametric bootstrap of whole mtDNA positions
pathogenic	A[C>G]T	34	3.2648191064409807e-06	3.2487678965681073e-06	2.2706638807798577e-06	4.4926090474015795e-06	16566	34	34.000000000000014	0.029411764705882353	3.2648191064409807e-06	3.2487678965681073e-06	2.2706638807798577e-06	4.4926090474015795e-06	0.9	4000	position_bootstrap	mtDNA_position	False	paired nonparametric bootstrap of whole mtDNA positions
pathogenic	C[C>G]A	89	7.862452601040807e-06	7.88540057796843e-06	6.066950798020939e-06	1.0085526359530686e-05	16566	89	88.99999999999994	0.011235955056179775	7.862452601040807e-06	7.88540057796843e-06	6.066950798020939e-06	1.0085526359530686e-05	0.9	4000	position_bootstrap	mtDNA_position	False	paired nonparametric bootstrap of whole mtDNA positions
pathogenic	C[C>G]C	107	7.072816743795116e-06	7.105996687851614e-06	5.569282335783904e-06	9.032399349620852e-06	16566	107	107.00000000000017	0.009345794392523364	7.072816743795116e-06	7.105996687851614e-06	5.569282335783904e-06	9.032399349620852e-06	0.9	4000	position_bootstrap	mtDNA_position	False	paired nonparametric bootstrap of whole mtDNA positions
pathogenic	C[C>G]G	16	4.384866537117812e-06	4.351042666626689e-06	2.571468586759453e-06	6.600527378580979e-06	16566	16	16.0	0.0625	4.384866537117812e-06	4.351042666626689e-06	2.571468586759453e-06	6.600527378580979e-06	0.9	4000	position_bootstrap	mtDNA_position	False	paired nonparametric bootstrap of whole mtDNA positions
pathogenic	C[C>G]T	52	3.697654972825201e-06	3.6963936822996435e-06	2.7259929782819645e-06	4.903778854949271e-06	16566	52	52.00000000000003	0.019230769230769232	3.697654972825201e-06	3.6963936822996435e-06	2.7259929782819645e-06	4.903778854949271e-06	0.9	4000	position_bootstrap	mtDNA_position	False	paired nonparametric bootstrap of whole mtDNA positions
pathogenic	G[C>G]A	55	1.022276279615802e-05	1.0246164567030577e-05	7.542931274551914e-06	1.3452067512093122e-05	16566	55	55.000000000000036	0.01818181818181818	1.022276279615802e-05	1.0246164567030577e-05	7.542931274551914e-06	1.3452067512093122e-05	0.9	4000	position_bootstrap	mtDNA_position	False	paired nonparametric bootstrap of whole mtDNA positions
pathogenic	G[C>G]C	84	1.1946269912204495e-05	1.20029456639675e-05	9.110617996684452e-06	1.5390813605977834e-05	16566	84	83.9999999999999	0.011904761904761904	1.1946269912204495e-05	1.20029456639675e-05	9.110617996684452e-06	1.5390813605977834e-05	0.9	4000	position_bootstrap	mtDNA_position	False	paired nonparametric bootstrap of whole mtDNA positions
pathogenic	G[C>G]G	15	9.232480260017526e-06	9.200320058063448e-06	5.336559444129473e-06	1.3878759268313478e-05	16566	15	15.0	0.06666666666666667	9.232480260017526e-06	9.200320058063448e-06	5.336559444129473e-06	1.3878759268313478e-05	0.9	4000	position_bootstrap	mtDNA_position	False	paired nonparametric bootstrap of whole mtDNA positions
pathogenic	G[C>G]T	44	8.978252542712695e-06	9.027597632440094e-06	6.529444408948603e-06	1.2105003236133324e-05	16566	44	44.00000000000004	0.022727272727272728	8.978252542712695e-06	9.027597632440094e-06	6.529444408948603e-06	1.2105003236133324e-05	0.9	4000	position_bootstrap	mtDNA_position	False	paired nonparametric bootstrap of whole mtDNA positions
pathogenic	T[C>G]A	67	6.384627211961358e-06	6.3802885835773465e-06	4.790050283977851e-06	8.395893818233696e-06	16566	67	67.00000000000007	0.014925373134328358	6.384627211961358e-06	6.3802885835773465e-06	4.790050283977851e-06	8.395893818233696e-06	0.9	4000	position_bootstrap	mtDNA_position	False	paired nonparametric bootstrap of whole mtDNA positions
pathogenic	T[C>G]C	58	6.168935818685932e-06	6.183032265628041e-06	4.618260479604069e-06	8.161744765829493e-06	16566	58	58.000000000000036	0.017241379310344827	6.168935818685932e-06	6.183032265628041e-06	4.618260479604069e-06	8.161744765829493e-06	0.9	4000	position_bootstrap	mtDNA_position	False	paired nonparametric bootstrap of whole mtDNA positions
pathogenic	T[C>G]G	21	6.570448451712472e-06	6.5162979474246244e-06	4.156945386689195e-06	9.550993644369427e-06	16566	21	21.000000000000014	0.047619047619047616	6.570448451712472e-06	6.5162979474246244e-06	4.156945386689195e-06	9.550993644369427e-06	0.9	4000	position_bootstrap	mtDNA_position	False	paired nonparametric bootstrap of whole mtDNA positions
pathogenic	T[C>G]T	36	4.374223657173352e-06	4.372214574795489e-06	3.04337476852627e-06	6.024009181856096e-06	16566	36	36.0	0.027777777777777776	4.374223657173352e-06	4.372214574795489e-06	3.04337476852627e-06	6.024009181856096e-06	0.9	4000	position_bootstrap	mtDNA_position	False	paired nonparametric bootstrap of whole mtDNA positions
pathogenic	T[G>C]T	32	1.0378408704214823e-05	1.0303446077068998e-05	7.09567388269635e-06	1.4614336429588833e-05	16566	32	28.90000000000001	0.08823529411764706	1.0378408704214823e-05	1.0303446077068998e-05	7.09567388269635e-06	1.4614336429588833e-05	0.9	4000	position_bootstrap	mtDNA_position	False	paired nonparametric bootstrap of whole mtDNA positions
pathogenic	G[G>C]T	46	1.969595788803739e-05	1.8935171863801396e-05	1.1056741350083746e-05	3.264714718910585e-05	16566	46	10.088669950738916	0.296875	1.969595788803739e-05	1.8935171863801396e-05	1.1056741350083746e-05	3.264714718910585e-05	0.9	4000	position_bootstrap	mtDNA_position	False	paired nonparametric bootstrap of whole mtDNA positions
pathogenic	C[G>C]T	19	8.917037184466927e-06	8.855481448814859e-06	5.534139309499402e-06	1.3224719409118299e-05	16566	19	18.999999999999996	0.05263157894736842	8.917037184466927e-06	8.855481448814859e-06	5.534139309499402e-06	1.3224719409118299e-05	0.9	4000	position_bootstrap	mtDNA_position	False	paired nonparametric bootstrap of whole mtDNA positions
pathogenic	A[G>C]T	49	1.0108382233403805e-05	1.0098872861359167e-05	7.4056438742131385e-06	1.347421896419365e-05	16566	49	48.999999999999986	0.02040816326530612	1.0108382233403805e-05	1.0098872861359167e-05	7.4056438742131385e-06	1.347421896419365e-05	0.9	4000	position_bootstrap	mtDNA_position	False	paired nonparametric bootstrap of whole mtDNA positions
pathogenic	T[G>C]G	55	1.485610132966849e-05	1.491630076848362e-05	1.1035220942633086e-05	1.9827276027003224e-05	16566	55	55.000000000000036	0.01818181818181818	1.485610132966849e-05	1.491630076848362e-05	1.1035220942633086e-05	1.9827276027003224e-05	0.9	4000	position_bootstrap	mtDNA_position	False	paired nonparametric bootstrap of whole mtDNA positions
pathogenic	G[G>C]G	36	1.0559649297395045e-05	1.0515570492427316e-05	7.386395939440913e-06	1.4390093560400663e-05	16566	36	36.0	0.027777777777777776	1.0559649297395045e-05	1.0515570492427316e-05	7.386395939440913e-06	1.4390093560400663e-05	0.9	4000	position_bootstrap	mtDNA_position	False	paired nonparametric bootstrap of whole mtDNA positions
pathogenic	C[G>C]G	37	1.6537863449888535e-05	1.6506233912090483e-05	1.1742981211314873e-05	2.2899564037859227e-05	16566	37	37.000000000000014	0.02702702702702703	1.6537863449888535e-05	1.6506233912090483e-05	1.1742981211314873e-05	2.2899564037859227e-05	0.9	4000	position_bootstrap	mtDNA_position	False	paired nonparametric bootstrap of whole mtDNA positions
pathogenic	A[G>C]G	91	1.8173580823885563e-05	1.8266019930439614e-05	1.4075396613384323e-05	2.3275826488991283e-05	16566	91	91.0000000000002	0.01098901098901099	1.8173580823885563e-05	1.8266019930439614e-05	1.4075396613384323e-05	2.3275826488991283e-05	0.9	4000	position_bootstrap	mtDNA_position	False	paired nonparametric bootstrap of whole mtDNA positions
pathogenic	T[G>C]C	30	8.799707747829205e-06	8.827247111109192e-06	6.032813114753971e-06	1.2377579080828985e-05	16566	30	30.0	0.03333333333333333	8.799707747829205e-06	8.827247111109192e-06	6.032813114753971e-06	1.2377579080828985e-05	0.9	4000	position_bootstrap	mtDNA_position	False	paired nonparametric bootstrap of whole mtDNA positions
pathogenic	G[G>C]C	76	2.7802620934913536e-05	2.758071084351425e-05	1.8381633874189824e-05	4.058367003258259e-05	16566	76	21.90240000000001	0.13675213675213677	2.7802620934913536e-05	2.758071084351425e-05	1.8381633874189824e-05	4.058367003258259e-05	0.9	4000	position_bootstrap	mtDNA_position	False	paired nonparametric bootstrap of whole mtDNA positions
pathogenic	C[G>C]C	53	1.8011654056817977e-05	1.7302283452163584e-05	1.087230569134145e-05	2.935592587886209e-05	16566	53	12.205811138014557	0.2676056338028169	1.8011654056817977e-05	1.7302283452163584e-05	1.087230569134145e-05	2.935592587886209e-05	0.9	4000	position_bootstrap	mtDNA_position	False	paired nonparametric bootstrap of whole mtDNA positions
pathogenic	A[G>C]C	110	1.721396499984495e-05	1.711910727135238e-05	1.2718366068964739e-05	2.3062186061875458e-05	16566	110	49.024316109422564	0.11023622047244094	1.721396499984495e-05	1.711910727135238e-05	1.2718366068964739e-05	2.3062186061875458e-05	0.9	4000	position_bootstrap	mtDNA_position	False	paired nonparametric bootstrap of whole mtDNA positions
pathogenic	T[G>C]A	92	1.7260216650402436e-05	1.7308468522407602e-05	1.3329182756012954e-05	2.2341440835485383e-05	16566	92	79.06722689075626	0.05154639175257732	1.7260216650402436e-05	1.7308468522407602e-05	1.3329182756012954e-05	2.2341440835485383e-05	0.9	4000	position_bootstrap	mtDNA_position	False	paired nonparametric bootstrap of whole mtDNA positions
pathogenic	G[G>C]A	56	1.748298170357517e-05	1.753547844803505e-05	1.2711002804215447e-05	2.359392422027176e-05	16566	56	44.83132530120479	0.08196721311475409	1.748298170357517e-05	1.753547844803505e-05	1.2711002804215447e-05	2.359392422027176e-05	0.9	4000	position_bootstrap	mtDNA_position	False	paired nonparametric bootstrap of whole mtDNA positions
pathogenic	C[G>C]A	51	1.5567613056322235e-05	1.5600419603903984e-05	1.1583142572279409e-05	2.0737087952321446e-05	16566	51	50.99999999999993	0.0196078431372549	1.5567613056322235e-05	1.5600419603903984e-05	1.1583142572279409e-05	2.0737087952321446e-05	0.9	4000	position_bootstrap	mtDNA_position	False	paired nonparametric bootstrap of whole mtDNA positions
pathogenic	A[G>C]A	85	1.8132731116738967e-05	1.818293612876362e-05	1.413216224304216e-05	2.3356956500194385e-05	16566	85	84.99999999999999	0.011764705882352941	1.8132731116738967e-05	1.818293612876362e-05	1.413216224304216e-05	2.3356956500194385e-05	0.9	4000	position_bootstrap	mtDNA_position	False	paired nonparametric bootstrap of whole mtDNA positions
pathogenic	A[C>T]A	66	7.420741780757615e-06	7.335751564268672e-06	5.245264775926333e-06	1.03158014627425e-05	16566	66	36.75000000000005	0.10714285714285714	7.420741780757615e-06	7.335751564268672e-06	5.245264775926333e-06	1.03158014627425e-05	0.9	4000	position_bootstrap	mtDNA_position	False	paired nonparametric bootstrap of whole mtDNA positions
pathogenic	A[C>T]C	78	1.1827204099126047e-05	1.1223102743149228e-05	6.305413744879443e-06	2.0024989143714832e-05	16566	78	8.662114709325014	0.31543624161073824	1.1827204099126047e-05	1.1223102743149228e-05	6.305413744879443e-06	2.0024989143714832e-05	0.9	4000	position_bootstrap	mtDNA_position	False	paired nonparametric bootstrap of whole mtDNA positions
pathogenic	A[C>T]G	10	3.2090102328266046e-06	3.1672859683652635e-06	1.6143825753374058e-06	5.158777088423287e-06	16566	10	9.999999999999996	0.1	3.2090102328266046e-06	3.1672859683652635e-06	1.6143825753374058e-06	5.158777088423287e-06	0.9	4000	position_bootstrap	mtDNA_position	False	paired nonparametric bootstrap of whole mtDNA positions
pathogenic	A[C>T]T	26	4.033011837368269e-06	3.975694802948774e-06	2.2614037078895892e-06	6.260058286861813e-06	16566	26	13.164179104477618	0.14285714285714285	4.033011837368269e-06	3.975694802948774e-06	2.2614037078895892e-06	6.260058286861813e-06	0.9	4000	position_bootstrap	mtDNA_position	False	paired nonparametric bootstrap of whole mtDNA positions
pathogenic	C[C>T]A	69	7.1557152885877015e-06	7.10997355344216e-06	5.123434316098978e-06	9.759850080957201e-06	16566	69	36.65363128491625	0.12345679012345678	7.1557152885877015e-06	7.10997355344216e-06	5.123434316098978e-06	9.759850080957201e-06	0.9	4000	position_bootstrap	mtDNA_position	False	paired nonparametric bootstrap of whole mtDNA positions
pathogenic	C[C>T]C	107	5.089784011889944e-05	4.804376896870032e-05	9.659713999001262e-06	0.00012366951575792812	16566	107	1.9694795445184086	0.7064935064935065	5.089784011889944e-05	4.804376896870032e-05	9.659713999001262e-06	0.00012366951575792812	0.9	4000	position_bootstrap	mtDNA_position	False	paired nonparametric bootstrap of whole mtDNA positions
pathogenic	C[C>T]G	16	1.1236220501364394e-05	1.0430816084402502e-05	3.3628583442868114e-06	2.2899325445605244e-05	16566	16	3.214149139579349	0.5365853658536586	1.1236220501364394e-05	1.0430816084402502e-05	3.3628583442868114e-06	2.2899325445605244e-05	0.9	4000	position_bootstrap	mtDNA_position	False	paired nonparametric bootstrap of whole mtDNA positions
pathogenic	C[C>T]T	48	5.262047461328171e-06	5.169024959445591e-06	3.2739656964220528e-06	7.942799543714516e-06	16566	48	16.493975903614448	0.1891891891891892	5.262047461328171e-06	5.169024959445591e-06	3.2739656964220528e-06	7.942799543714516e-06	0.9	4000	position_bootstrap	mtDNA_position	False	paired nonparametric bootstrap of whole mtDNA positions
pathogenic	G[C>T]A	54	1.3568394256718826e-05	1.3251894570593853e-05	8.789749044569724e-06	2.0014825752365975e-05	16566	54	19.378181818181783	0.1917808219178082	1.3568394256718826e-05	1.3251894570593853e-05	8.789749044569724e-06	2.0014825752365975e-05	0.9	4000	position_bootstrap	mtDNA_position	False	paired nonparametric bootstrap of whole mtDNA positions
pathogenic	G[C>T]C	84	1.948379735680971e-05	1.9389138876574957e-05	1.358676386052273e-05	2.7118140910523362e-05	16566	84	30.9209225700165	0.10218978102189781	1.948379735680971e-05	1.9389138876574957e-05	1.358676386052273e-05	2.7118140910523362e-05	0.9	4000	position_bootstrap	mtDNA_position	False	paired nonparametric bootstrap of whole mtDNA positions
pathogenic	G[C>T]G	15	9.109380523217292e-05	8.248560740241475e-05	7.817988181123165e-06	0.00022501506716746849	16566	15	1.8670303443573135	0.7027027027027027	9.109380523217292e-05	8.248560740241475e-05	7.817988181123165e-06	0.00022501506716746849	0.9	4000	position_bootstrap	mtDNA_position	False	paired nonparametric bootstrap of whole mtDNA positions
pathogenic	G[C>T]T	43	0.0002364953340228185	0.00022771677489972798	9.606213007584147e-06	0.0006654382778053374	16566	43	1.1282263842239262	0.9413287316652287	0.0002364953340228185	0.00022771677489972798	9.606213007584147e-06	0.0006654382778053374	0.9	4000	position_bootstrap	mtDNA_position	False	paired nonparametric bootstrap of whole mtDNA positions
pathogenic	T[C>T]A	58	1.4770406236627022e-05	1.4434185457163182e-05	8.031453602702913e-06	2.3454045771710836e-05	16566	58	12.139969681657417	0.17419354838709677	1.4770406236627022e-05	1.4434185457163182e-05	8.031453602702913e-06	2.3454045771710836e-05	0.9	4000	position_bootstrap	mtDNA_position	False	paired nonparametric bootstrap of whole mtDNA positions
pathogenic	T[C>T]C	53	6.807101593032752e-06	6.77964898480917e-06	4.792904052611594e-06	9.513149164821095e-06	16566	53	33.03225806451613	0.109375	6.807101593032752e-06	6.77964898480917e-06	4.792904052611594e-06	9.513149164821095e-06	0.9	4000	position_bootstrap	mtDNA_position	False	paired nonparametric bootstrap of whole mtDNA positions
pathogenic	T[C>T]G	17	3.347799925396355e-05	3.20745266207169e-05	3.5030359194273016e-06	9.124771034482776e-05	16566	17	1.3798963480776194	0.8504672897196262	3.347799925396355e-05	3.20745266207169e-05	3.5030359194273016e-06	9.124771034482776e-05	0.9	4000	position_bootstrap	mtDNA_position	False	paired nonparametric bootstrap of whole mtDNA positions
pathogenic	T[C>T]T	32	5.58928578416595e-06	5.360166736652459e-06	3.0760536095879436e-06	9.237172594654592e-06	16566	32	10.271844660194162	0.2826086956521739	5.58928578416595e-06	5.360166736652459e-06	3.0760536095879436e-06	9.237172594654592e-06	0.9	4000	position_bootstrap	mtDNA_position	False	paired nonparametric bootstrap of whole mtDNA positions
pathogenic	T[G>A]T	32	3.021948416815493e-05	2.8508130245635676e-05	1.3113971471956852e-05	5.556317788354188e-05	16566	32	5.623063683304648	0.3939393939393939	3.021948416815493e-05	2.8508130245635676e-05	1.3113971471956852e-05	5.556317788354188e-05	0.9	4000	position_bootstrap	mtDNA_position	False	paired nonparametric bootstrap of whole mtDNA positions
pathogenic	G[G>A]T	46	2.9236187490055503e-05	2.8104988739583406e-05	1.5230154661929912e-05	5.055678841988316e-05	16566	46	7.951541850220262	0.3368421052631579	2.9236187490055503e-05	2.8104988739583406e-05	1.5230154661929912e-05	5.055678841988316e-05	0.9	4000	position_bootstrap	mtDNA_position	False	paired nonparametric bootstrap of whole mtDNA positions
pathogenic	C[G>A]T	19	2.0180663101688308e-05	1.9981337785645802e-05	1.0565707144551028e-05	3.256980631978414e-05	16566	19	10.687861271676304	0.18604651162790697	2.0180663101688308e-05	1.9981337785645802e-05	1.0565707144551028e-05	3.256980631978414e-05	0.9	4000	position_bootstrap	mtDNA_position	False	paired nonparametric bootstrap of whole mtDNA positions
pathogenic	A[G>A]T	49	0.0001811257061413988	0.00017134669838907304	1.802216491802687e-05	0.0004639440917898569	16566	49	1.5315860161645376	0.8029612756264237	0.0001811257061413988	0.00017134669838907304	1.802216491802687e-05	0.0004639440917898569	0.9	4000	position_bootstrap	mtDNA_position	False	paired nonparametric bootstrap of whole mtDNA positions
pathogenic	T[G>A]G	41	2.4850205860536382e-05	2.4404122090856273e-05	1.4003428544455515e-05	3.989618142596526e-05	16566	41	12.23121387283237	0.18478260869565216	2.4850205860536382e-05	2.4404122090856273e-05	1.4003428544455515e-05	3.989618142596526e-05	0.9	4000	position_bootstrap	mtDNA_position	False	paired nonparametric bootstrap of whole mtDNA positions
pathogenic	G[G>A]G	31	1.642612112928118e-05	1.586243104439313e-05	8.79790681345661e-06	2.655869606684014e-05	16566	31	10.181818181818187	0.25	1.642612112928118e-05	1.586243104439313e-05	8.79790681345661e-06	2.655869606684014e-05	0.9	4000	position_bootstrap	mtDNA_position	False	paired nonparametric bootstrap of whole mtDNA positions
pathogenic	C[G>A]G	24	7.19620544711366e-05	6.79608467543197e-05	1.3155372893966207e-05	0.00017883888733488315	16566	24	1.8416341030195387	0.7329192546583851	7.19620544711366e-05	6.79608467543197e-05	1.3155372893966207e-05	0.00017883888733488315	0.9	4000	position_bootstrap	mtDNA_position	False	paired nonparametric bootstrap of whole mtDNA positions
pathogenic	A[G>A]G	69	7.748735560074283e-05	7.409743623845242e-05	3.1388956343794675e-05	0.00014125551635513537	16566	69	5.739820039652281	0.3479381443298969	7.748735560074283e-05	7.409743623845242e-05	3.1388956343794675e-05	0.00014125551635513537	0.9	4000	position_bootstrap	mtDNA_position	False	paired nonparametric bootstrap of whole mtDNA positions
pathogenic	T[G>A]C	31	2.962568275102499e-05	2.8401662633023912e-05	9.125592935604844e-06	6.652639261280822e-05	16566	31	2.93385102099511	0.5742574257425742	2.962568275102499e-05	2.8401662633023912e-05	9.125592935604844e-06	6.652639261280822e-05	0.9	4000	position_bootstrap	mtDNA_position	False	paired nonparametric bootstrap of whole mtDNA positions
pathogenic	G[G>A]C	76	4.800110622950884e-05	4.6231884780378586e-05	1.8686826442913047e-05	0.00010070486242164113	16566	76	3.575534525061339	0.5247524752475248	4.800110622950884e-05	4.6231884780378586e-05	1.8686826442913047e-05	0.00010070486242164113	0.9	4000	position_bootstrap	mtDNA_position	False	paired nonparametric bootstrap of whole mtDNA positions
pathogenic	C[G>A]C	53	0.00011491942658786681	0.00010738746040337743	3.3405679978225984e-05	0.00022564104271696517	16566	53	3.880727699086595	0.4481236203090508	0.00011491942658786681	0.00010738746040337743	3.3405679978225984e-05	0.00022564104271696517	0.9	4000	position_bootstrap	mtDNA_position	False	paired nonparametric bootstrap of whole mtDNA positions
pathogenic	A[G>A]C	108	0.00010762116700690468	0.00010343879714849151	5.0848886966644505e-05	0.00018846497853437078	16566	108	7.439475112695014	0.3148614609571788	0.00010762116700690468	0.00010343879714849151	5.0848886966644505e-05	0.00018846497853437078	0.9	4000	position_bootstrap	mtDNA_position	False	paired nonparametric bootstrap of whole mtDNA positions
pathogenic	T[G>A]A	37	1.6370514761206433e-05	1.5434805788561528e-05	7.077387884882055e-06	3.080096376092577e-05	16566	37	4.949707602339182	0.43478260869565216	1.6370514761206433e-05	1.5434805788561528e-05	7.077387884882055e-06	3.080096376092577e-05	0.9	4000	position_bootstrap	mtDNA_position	False	paired nonparametric bootstrap of whole mtDNA positions
pathogenic	G[G>A]A	56	6.649265172507278e-05	6.256435158006447e-05	2.5461282277530495e-05	0.00013167566160937058	16566	56	4.089348123385504	0.47844827586206895	6.649265172507278e-05	6.256435158006447e-05	2.5461282277530495e-05	0.00013167566160937058	0.9	4000	position_bootstrap	mtDNA_position	False	paired nonparametric bootstrap of whole mtDNA positions
pathogenic	C[G>A]A	51	0.015410715936499694	0.014876234540235391	2.692866901207214e-05	0.04559699460407675	16566	51	1.006966135306648	0.9965336925088143	0.015410715936499694	0.014876234540235391	2.692866901207214e-05	0.04559699460407675	0.9	4000	position_bootstrap	mtDNA_position	False	paired nonparametric bootstrap of whole mtDNA positions
pathogenic	A[G>A]A	85	0.0009439686493125874	0.0009208336759236951	2.81458333637444e-05	0.002782301856428999	16566	85	1.0849674140604963	0.96	0.0009439686493125874	0.0009208336759236951	2.81458333637444e-05	0.002782301856428999	0.9	4000	position_bootstrap	mtDNA_position	False	paired nonparametric bootstrap of whole mtDNA positions
pathogenic	A[T>A]A	85	8.840334284061103e-06	8.85741874345169e-06	6.847920236339755e-06	1.1466516095385407e-05	16566	85	84.99999999999999	0.011764705882352941	8.840334284061103e-06	8.85741874345169e-06	6.847920236339755e-06	1.1466516095385407e-05	0.9	4000	position_bootstrap	mtDNA_position	False	paired nonparametric bootstrap of whole mtDNA positions
pathogenic	A[T>A]C	79	9.010900733777106e-06	9.0393284354511e-06	6.836970055498984e-06	1.1856605232140284e-05	16566	79	61.894736842105196	0.07142857142857142	9.010900733777106e-06	9.0393284354511e-06	6.836970055498984e-06	1.1856605232140284e-05	0.9	4000	position_bootstrap	mtDNA_position	False	paired nonparametric bootstrap of whole mtDNA positions
pathogenic	A[T>A]G	37	7.893071191992257e-06	7.867469165259026e-06	5.608264550786702e-06	1.0819239809303492e-05	16566	37	37.000000000000014	0.02702702702702703	7.893071191992257e-06	7.867469165259026e-06	5.608264550786702e-06	1.0819239809303492e-05	0.9	4000	position_bootstrap	mtDNA_position	False	paired nonparametric bootstrap of whole mtDNA positions
pathogenic	A[T>A]T	74	8.123862747313667e-06	8.166638739753736e-06	6.272311196722636e-06	1.059131221185143e-05	16566	74	73.99999999999991	0.013513513513513514	8.123862747313667e-06	8.166638739753736e-06	6.272311196722636e-06	1.059131221185143e-05	0.9	4000	position_bootstrap	mtDNA_position	False	paired nonparametric bootstrap of whole mtDNA positions
pathogenic	C[T>A]A	136	1.0151445491995412e-05	1.019907188956652e-05	8.108465399281051e-06	1.2828558307839825e-05	16566	136	136.00000000000009	0.007352941176470588	1.0151445491995412e-05	1.019907188956652e-05	8.108465399281051e-06	1.2828558307839825e-05	0.9	4000	position_bootstrap	mtDNA_position	False	paired nonparametric bootstrap of whole mtDNA positions
pathogenic	C[T>A]C	100	9.270474005943523e-06	9.32598989066343e-06	7.299490665598846e-06	1.1847276159746684e-05	16566	100	100.00000000000006	0.01	9.270474005943523e-06	9.32598989066343e-06	7.299490665598846e-06	1.1847276159746684e-05	0.9	4000	position_bootstrap	mtDNA_position	False	paired nonparametric bootstrap of whole mtDNA positions
pathogenic	C[T>A]G	42	9.019290771704272e-06	9.051061875012996e-06	6.504431159774147e-06	1.224423264102497e-05	16566	42	41.08888888888886	0.046511627906976744	9.019290771704272e-06	9.051061875012996e-06	6.504431159774147e-06	1.224423264102497e-05	0.9	4000	position_bootstrap	mtDNA_position	False	paired nonparametric bootstrap of whole mtDNA positions
pathogenic	C[T>A]T	86	9.935095680831168e-06	9.941500548461504e-06	7.67404630083647e-06	1.2728664358808176e-05	16566	86	85.9999999999999	0.011627906976744186	9.935095680831168e-06	9.941500548461504e-06	7.67404630083647e-06	1.2728664358808176e-05	0.9	4000	position_bootstrap	mtDNA_position	False	paired nonparametric bootstrap of whole mtDNA positions
pathogenic	G[T>A]A	61	1.3714195228552982e-05	1.376419838354628e-05	1.042185302812401e-05	1.8235746260989196e-05	16566	61	60.99999999999994	0.01639344262295082	1.3714195228552982e-05	1.376419838354628e-05	1.042185302812401e-05	1.8235746260989196e-05	0.9	4000	position_bootstrap	mtDNA_position	False	paired nonparametric bootstrap of whole mtDNA positions
pathogenic	G[T>A]C	36	1.175334878318753e-05	1.1719338104354773e-05	8.212909812687391e-06	1.6189748391342533e-05	16566	36	36.0	0.027777777777777776	1.175334878318753e-05	1.1719338104354773e-05	8.212909812687391e-06	1.6189748391342533e-05	0.9	4000	position_bootstrap	mtDNA_position	False	paired nonparametric bootstrap of whole mtDNA positions
pathogenic	G[T>A]G	20	8.631130971050868e-06	8.629701386915075e-06	5.4483954421920245e-06	1.2669422258057772e-05	16566	20	19.99999999999999	0.05	8.631130971050868e-06	8.629701386915075e-06	5.4483954421920245e-06	1.2669422258057772e-05	0.9	4000	position_bootstrap	mtDNA_position	False	paired nonparametric bootstrap of whole mtDNA positions
pathogenic	G[T>A]T	43	1.1784328818504122e-05	1.1762340773013601e-05	8.530445499509151e-06	1.5870289156957464e-05	16566	43	42.999999999999964	0.023255813953488372	1.1784328818504122e-05	1.1762340773013601e-05	8.530445499509151e-06	1.5870289156957464e-05	0.9	4000	position_bootstrap	mtDNA_position	False	paired nonparametric bootstrap of whole mtDNA positions
pathogenic	T[T>A]A	55	0.000635629642425406	0.0006201608576947277	4.863875356322765e-06	0.0018274829362732465	16566	55	1.0189718933384753	0.9906461112073446	0.000635629642425406	0.0006201608576947277	4.863875356322765e-06	0.0018274829362732465	0.9	4000	position_bootstrap	mtDNA_position	False	paired nonparametric bootstrap of whole mtDNA positions
pathogenic	T[T>A]C	79	9.630156357797502e-06	9.664740815140881e-06	7.425666774704241e-06	1.2478207295456767e-05	16566	79	78.9999999999999	0.012658227848101266	9.630156357797502e-06	9.664740815140881e-06	7.425666774704241e-06	1.2478207295456767e-05	0.9	4000	position_bootstrap	mtDNA_position	False	paired nonparametric bootstrap of whole mtDNA positions
pathogenic	T[T>A]G	30	7.174284023707887e-06	7.179608917981738e-06	4.95512207340646e-06	1.0028462546766395e-05	16566	30	30.0	0.03333333333333333	7.174284023707887e-06	7.179608917981738e-06	4.95512207340646e-06	1.0028462546766395e-05	0.9	4000	position_bootstrap	mtDNA_position	False	paired nonparametric bootstrap of whole mtDNA positions
pathogenic	T[T>A]T	73	9.6168969819551e-06	9.63895484213296e-06	7.344568467435355e-06	1.2564005521562678e-05	16566	73	73.0000000000001	0.0136986301369863	9.6168969819551e-06	9.63895484213296e-06	7.344568467435355e-06	1.2564005521562678e-05	0.9	4000	position_bootstrap	mtDNA_position	False	paired nonparametric bootstrap of whole mtDNA positions
pathogenic	T[A>T]T	61	7.964179941469664e-06	7.947579099937068e-06	5.66731396928219e-06	1.1147563943198827e-05	16566	61	30.62499999999999	0.14285714285714285	7.964179941469664e-06	7.947579099937068e-06	5.66731396928219e-06	1.1147563943198827e-05	0.9	4000	position_bootstrap	mtDNA_position	False	paired nonparametric bootstrap of whole mtDNA positions
pathogenic	G[A>T]T	40	1.1958911467667146e-05	1.2004985897931984e-05	8.367761741041451e-06	1.6469846226096484e-05	16566	40	33.6181818181818	0.09302325581395349	1.1958911467667146e-05	1.2004985897931984e-05	8.367761741041451e-06	1.6469846226096484e-05	0.9	4000	position_bootstrap	mtDNA_position	False	paired nonparametric bootstrap of whole mtDNA positions
pathogenic	C[A>T]T	73	9.900036046645659e-06	9.549337574915337e-06	5.57787918911457e-06	1.6733495290260818e-05	16566	73	9.149837133550479	0.32075471698113206	9.900036046645659e-06	9.549337574915337e-06	5.57787918911457e-06	1.6733495290260818e-05	0.9	4000	position_bootstrap	mtDNA_position	False	paired nonparametric bootstrap of whole mtDNA positions
pathogenic	A[A>T]T	66	6.807685993925012e-06	6.823641136800306e-06	5.1950096683651925e-06	9.002131304009525e-06	16566	66	66.00000000000006	0.015151515151515152	6.807685993925012e-06	6.823641136800306e-06	5.1950096683651925e-06	9.002131304009525e-06	0.9	4000	position_bootstrap	mtDNA_position	False	paired nonparametric bootstrap of whole mtDNA positions
pathogenic	T[A>T]G	52	7.022884264934195e-06	7.039388156089134e-06	5.219823444367106e-06	9.380999001697069e-06	16566	52	52.00000000000003	0.019230769230769232	7.022884264934195e-06	7.039388156089134e-06	5.219823444367106e-06	9.380999001697069e-06	0.9	4000	position_bootstrap	mtDNA_position	False	paired nonparametric bootstrap of whole mtDNA positions
pathogenic	G[A>T]G	42	3.1769201304983384e-05	3.0514335268324875e-05	8.660855702400271e-06	7.24380198605552e-05	16566	42	2.2730942400248453	0.6611570247933884	3.1769201304983384e-05	3.0514335268324875e-05	8.660855702400271e-06	7.24380198605552e-05	0.9	4000	position_bootstrap	mtDNA_position	False	paired nonparametric bootstrap of whole mtDNA positions
pathogenic	C[A>T]G	42	1.0512717522739958e-05	1.0094960337234463e-05	6.115756590319734e-06	1.6580352282887883e-05	16566	42	11.78947368421054	0.26785714285714285	1.0512717522739958e-05	1.0094960337234463e-05	6.115756590319734e-06	1.6580352282887883e-05	0.9	4000	position_bootstrap	mtDNA_position	False	paired nonparametric bootstrap of whole mtDNA positions
pathogenic	A[A>T]G	70	1.3754262671194426e-05	1.383026972547257e-05	1.0432876341842544e-05	1.8038218347306584e-05	16566	70	63.674418604651116	0.04054054054054054	1.3754262671194426e-05	1.383026972547257e-05	1.0432876341842544e-05	1.8038218347306584e-05	0.9	4000	position_bootstrap	mtDNA_position	False	paired nonparametric bootstrap of whole mtDNA positions
pathogenic	T[A>T]C	83	9.592648445985244e-06	9.58066918168486e-06	7.1065382446749725e-06	1.2731176415283382e-05	16566	83	53.720496894410026	0.08602150537634409	9.592648445985244e-06	9.58066918168486e-06	7.1065382446749725e-06	1.2731176415283382e-05	0.9	4000	position_bootstrap	mtDNA_position	False	paired nonparametric bootstrap of whole mtDNA positions
pathogenic	G[A>T]C	59	1.4783509016353065e-05	1.475573486914657e-05	1.0829847135298175e-05	1.98805449819053e-05	16566	59	47.81927710843376	0.07936507936507936	1.4783509016353065e-05	1.475573486914657e-05	1.0829847135298175e-05	1.98805449819053e-05	0.9	4000	position_bootstrap	mtDNA_position	False	paired nonparametric bootstrap of whole mtDNA positions
pathogenic	C[A>T]C	97	8.630108325201218e-06	8.66252414860132e-06	6.735624306042665e-06	1.1025722987320601e-05	16566	97	96.99999999999994	0.010309278350515464	8.630108325201218e-06	8.66252414860132e-06	6.735624306042665e-06	1.1025722987320601e-05	0.9	4000	position_bootstrap	mtDNA_position	False	paired nonparametric bootstrap of whole mtDNA positions
pathogenic	A[A>T]C	110	8.939385648588398e-06	8.992735791046175e-06	7.025417194201517e-06	1.1338572304527711e-05	16566	110	110.0000000000003	0.00909090909090909	8.939385648588398e-06	8.992735791046175e-06	7.025417194201517e-06	1.1338572304527711e-05	0.9	4000	position_bootstrap	mtDNA_position	False	paired nonparametric bootstrap of whole mtDNA positions
pathogenic	T[A>T]A	69	7.471725318223138e-06	7.4817188059991315e-06	5.397599701444898e-06	1.0250512437426748e-05	16566	69	39.024390243902424	0.1125	7.471725318223138e-06	7.4817188059991315e-06	5.397599701444898e-06	1.0250512437426748e-05	0.9	4000	position_bootstrap	mtDNA_position	False	paired nonparametric bootstrap of whole mtDNA positions
pathogenic	G[A>T]A	85	1.6251002567135328e-05	1.638367135132285e-05	1.25054745129255e-05	2.1048541424023798e-05	16566	85	81.38709677419347	0.034482758620689655	1.6251002567135328e-05	1.638367135132285e-05	1.25054745129255e-05	2.1048541424023798e-05	0.9	4000	position_bootstrap	mtDNA_position	False	paired nonparametric bootstrap of whole mtDNA positions
pathogenic	C[A>T]A	104	1.0714612704275055e-05	1.0691591504346801e-05	8.044312808507835e-06	1.420151175231876e-05	16566	104	57.86956521739141	0.09090909090909091	1.0714612704275055e-05	1.0691591504346801e-05	8.044312808507835e-06	1.420151175231876e-05	0.9	4000	position_bootstrap	mtDNA_position	False	paired nonparametric bootstrap of whole mtDNA positions
pathogenic	A[A>T]A	147	1.1340249222780711e-05	1.1386158309535449e-05	9.056823488435761e-06	1.4363190989190606e-05	16566	147	146.0266666666664	0.013513513513513514	1.1340249222780711e-05	1.1386158309535449e-05	9.056823488435761e-06	1.4363190989190606e-05	0.9	4000	position_bootstrap	mtDNA_position	False	paired nonparametric bootstrap of whole mtDNA positions
pathogenic	A[T>C]A	84	6.833058381915465e-05	6.668515507999824e-05	3.179855291306526e-05	0.00011738007498336598	16566	84	7.819303298733742	0.243531202435312	6.833058381915465e-05	6.668515507999824e-05	3.179855291306526e-05	0.00011738007498336598	0.9	4000	position_bootstrap	mtDNA_position	False	paired nonparametric bootstrap of whole mtDNA positions
pathogenic	A[T>C]C	78	6.0072671558514036e-05	5.7412662982754306e-05	2.5073102733204056e-05	0.0001050947229585908	16566	78	6.603495472731104	0.2857142857142857	6.0072671558514036e-05	5.7412662982754306e-05	2.5073102733204056e-05	0.0001050947229585908	0.9	4000	position_bootstrap	mtDNA_position	False	paired nonparametric bootstrap of whole mtDNA positions
pathogenic	A[T>C]G	61	3.9892008456825725e-05	3.9439802975606376e-05	2.277791004096887e-05	6.280419258749199e-05	16566	61	12.574253865516	0.18181818181818182	3.9892008456825725e-05	3.9439802975606376e-05	2.277791004096887e-05	6.280419258749199e-05	0.9	4000	position_bootstrap	mtDNA_position	False	paired nonparametric bootstrap of whole mtDNA positions
pathogenic	A[T>C]T	73	5.620834765708915e-05	5.496402907886877e-05	2.976589783212381e-05	9.284520252816531e-05	16566	73	10.645009339722245	0.2109375	5.620834765708915e-05	5.496402907886877e-05	2.976589783212381e-05	9.284520252816531e-05	0.9	4000	position_bootstrap	mtDNA_position	False	paired nonparametric bootstrap of whole mtDNA positions
pathogenic	C[T>C]A	136	1.5003239293316748e-05	1.4923414154179609e-05	1.0953628513968894e-05	2.0154679470156843e-05	16566	136	42.84305408271481	0.10945273631840796	1.5003239293316748e-05	1.4923414154179609e-05	1.0953628513968894e-05	2.0154679470156843e-05	0.9	4000	position_bootstrap	mtDNA_position	False	paired nonparametric bootstrap of whole mtDNA positions
pathogenic	C[T>C]C	100	3.096338317985137e-05	2.9888879530904294e-05	1.4594331330253338e-05	5.524115987391923e-05	16566	100	6.9870975823624955	0.3263473053892216	3.096338317985137e-05	2.9888879530904294e-05	1.4594331330253338e-05	5.524115987391923e-05	0.9	4000	position_bootstrap	mtDNA_position	False	paired nonparametric bootstrap of whole mtDNA positions
pathogenic	C[T>C]G	66	1.636057395797519e-05	1.638162989087941e-05	1.2084416803088129e-05	2.1884974178300788e-05	16566	66	49.86885245901643	0.05128205128205128	1.636057395797519e-05	1.638162989087941e-05	1.2084416803088129e-05	2.1884974178300788e-05	0.9	4000	position_bootstrap	mtDNA_position	False	paired nonparametric bootstrap of whole mtDNA positions
pathogenic	C[T>C]T	85	0.0001266147077464065	0.00012194655704556639	4.490225031770088e-05	0.00023546615662419922	16566	85	5.146509914140293	0.35766423357664234	0.0001266147077464065	0.00012194655704556639	4.490225031770088e-05	0.00023546615662419922	0.9	4000	position_bootstrap	mtDNA_position	False	paired nonparametric bootstrap of whole mtDNA positions
pathogenic	G[T>C]A	61	0.0002933938487419941	0.00028601425220383975	2.0729502815657665e-05	0.000852159157702744	16566	61	1.206269819402174	0.9103448275862069	0.0002933938487419941	0.00028601425220383975	2.0729502815657665e-05	0.000852159157702744	0.9	4000	position_bootstrap	mtDNA_position	False	paired nonparametric bootstrap of whole mtDNA positions
pathogenic	G[T>C]C	36	0.0009641010821320214	0.0009383172228161613	5.983808714858282e-05	0.002735981417890162	16566	36	1.258675959475647	0.8902810700982052	0.0009641010821320214	0.0009383172228161613	5.983808714858282e-05	0.002735981417890162	0.9	4000	position_bootstrap	mtDNA_position	False	paired nonparametric bootstrap of whole mtDNA positions
pathogenic	G[T>C]G	24	9.364777103590192e-05	8.856064283117462e-05	9.195338787277953e-06	0.00020988425746151632	16566	24	2.3872750316856775	0.543778801843318	9.364777103590192e-05	8.856064283117462e-05	9.195338787277953e-06	0.00020988425746151632	0.9	4000	position_bootstrap	mtDNA_position	False	paired nonparametric bootstrap of whole mtDNA positions
pathogenic	G[T>C]T	43	9.180814312090419e-05	8.782036015873583e-05	3.257727553080772e-05	0.00017033567353435625	16566	43	5.0833446573356875	0.33432835820895523	9.180814312090419e-05	8.782036015873583e-05	3.257727553080772e-05	0.00017033567353435625	0.9	4000	position_bootstrap	mtDNA_position	False	paired nonparametric bootstrap of whole mtDNA positions
pathogenic	T[T>C]A	79	4.514258676501238e-05	4.26769099806831e-05	1.3369562432031966e-05	8.794083488249867e-05	16566	79	3.903492476314346	0.44390243902439025	4.514258676501238e-05	4.26769099806831e-05	1.3369562432031966e-05	8.794083488249867e-05	0.9	4000	position_bootstrap	mtDNA_position	False	paired nonparametric bootstrap of whole mtDNA positions
pathogenic	T[T>C]C	78	2.2307830550341052e-05	2.175609282485546e-05	1.2457004408816443e-05	3.701962598413302e-05	16566	78	10.04770477047702	0.2786885245901639	2.2307830550341052e-05	2.175609282485546e-05	1.2457004408816443e-05	3.701962598413302e-05	0.9	4000	position_bootstrap	mtDNA_position	False	paired nonparametric bootstrap of whole mtDNA positions
pathogenic	T[T>C]G	35	8.154769506947964e-05	7.634448414209111e-05	1.775209365188526e-05	0.00019319715992282245	16566	35	2.2141592246320236	0.6627565982404692	8.154769506947964e-05	7.634448414209111e-05	1.775209365188526e-05	0.00019319715992282245	0.9	4000	position_bootstrap	mtDNA_position	False	paired nonparametric bootstrap of whole mtDNA positions
pathogenic	T[T>C]T	72	2.0287700482480618e-05	1.981798453164265e-05	1.0825471015429732e-05	3.310867552567722e-05	16566	72	10.503100088573936	0.23376623376623376	2.0287700482480618e-05	1.981798453164265e-05	1.0825471015429732e-05	3.310867552567722e-05	0.9	4000	position_bootstrap	mtDNA_position	False	paired nonparametric bootstrap of whole mtDNA positions
pathogenic	T[A>G]T	60	2.8557273790126937e-05	2.735250049831426e-05	1.219722319847274e-05	5.308485074982013e-05	16566	60	5.518174651834997	0.3904382470119522	2.8557273790126937e-05	2.735250049831426e-05	1.219722319847274e-05	5.308485074982013e-05	0.9	4000	position_bootstrap	mtDNA_position	False	paired nonparametric bootstrap of whole mtDNA positions
pathogenic	G[A>G]T	36	7.119724036564627e-05	6.862410155967404e-05	9.578129062781531e-06	0.0001852053677397462	16566	36	1.5220400390171396	0.80859375	7.119724036564627e-05	6.862410155967404e-05	9.578129062781531e-06	0.0001852053677397462	0.9	4000	position_bootstrap	mtDNA_position	False	paired nonparametric bootstrap of whole mtDNA positions
pathogenic	C[A>G]T	73	2.2601969087624996e-05	2.150121600971134e-05	1.0774706375992426e-05	3.9448424555447865e-05	16566	73	7.028804608737411	0.34297520661157027	2.2601969087624996e-05	2.150121600971134e-05	1.0774706375992426e-05	3.9448424555447865e-05	0.9	4000	position_bootstrap	mtDNA_position	False	paired nonparametric bootstrap of whole mtDNA positions
pathogenic	A[A>G]T	64	0.00022351902346720454	0.00021790665203849456	1.0290406884795913e-05	0.0005117195385304595	16566	64	2.2050537118890228	0.4993077988001846	0.00022351902346720454	0.00021790665203849456	1.0290406884795913e-05	0.0005117195385304595	0.9	4000	position_bootstrap	mtDNA_position	False	paired nonparametric bootstrap of whole mtDNA positions
pathogenic	T[A>G]G	51	0.0001609861162269531	0.00015405380399706556	8.92424320841388e-06	0.00046454733708602386	16566	51	1.1841678028876126	0.9186241610738255	0.0001609861162269531	0.00015405380399706556	8.92424320841388e-06	0.00046454733708602386	0.9	4000	position_bootstrap	mtDNA_position	False	paired nonparametric bootstrap of whole mtDNA positions
pathogenic	G[A>G]G	39	0.00010764770690118336	9.999890091551716e-05	1.78079310975319e-05	0.0002564695113962398	16566	39	2.10287973179214	0.6731707317073171	0.00010764770690118336	9.999890091551716e-05	1.78079310975319e-05	0.0002564695113962398	0.9	4000	position_bootstrap	mtDNA_position	False	paired nonparametric bootstrap of whole mtDNA positions
pathogenic	C[A>G]G	42	2.7971337694433096e-05	2.6409096380266816e-05	8.9949758991361e-06	6.061130446449519e-05	16566	42	3.238657913931435	0.5436241610738255	2.7971337694433096e-05	2.6409096380266816e-05	8.9949758991361e-06	6.061130446449519e-05	0.9	4000	position_bootstrap	mtDNA_position	False	paired nonparametric bootstrap of whole mtDNA positions
pathogenic	A[A>G]G	63	0.00011189278551431141	0.0001033263163409186	2.8569119896054077e-05	0.00023871378046838297	16566	63	3.1668152187210525	0.5232558139534884	0.00011189278551431141	0.0001033263163409186	2.8569119896054077e-05	0.00023871378046838297	0.9	4000	position_bootstrap	mtDNA_position	False	paired nonparametric bootstrap of whole mtDNA positions
pathogenic	T[A>G]C	79	9.798941960952668e-05	9.479621167040933e-05	3.6354510450518135e-05	0.00018325067525795012	16566	79	5.277407433396493	0.3063157894736842	9.798941960952668e-05	9.479621167040933e-05	3.6354510450518135e-05	0.00018325067525795012	0.9	4000	position_bootstrap	mtDNA_position	False	paired nonparametric bootstrap of whole mtDNA positions
pathogenic	G[A>G]C	56	0.00012225727297650709	0.00011551614517048964	2.411194027347793e-05	0.00029998592070548777	16566	56	1.9453255455620526	0.7120921305182342	0.00012225727297650709	0.00011551614517048964	2.411194027347793e-05	0.00029998592070548777	0.9	4000	position_bootstrap	mtDNA_position	False	paired nonparametric bootstrap of whole mtDNA positions
pathogenic	C[A>G]C	97	8.265330550630856e-05	7.685109235960742e-05	1.812260650196497e-05	0.00018923626866599127	16566	97	2.330672406203678	0.6426264800861141	8.265330550630856e-05	7.685109235960742e-05	1.812260650196497e-05	0.00018923626866599127	0.9	4000	position_bootstrap	mtDNA_position	False	paired nonparametric bootstrap of whole mtDNA positions
pathogenic	A[A>G]C	107	0.0006043837369868357	0.0005584646603178935	8.356358024813368e-05	0.001435574306208558	16566	107	2.0285075726431763	0.681726502622025	0.0006043837369868357	0.0005584646603178935	8.356358024813368e-05	0.001435574306208558	0.9	4000	position_bootstrap	mtDNA_position	False	paired nonparametric bootstrap of whole mtDNA positions
pathogenic	T[A>G]A	70	0.02291979760334891	0.022118617125803743	3.353306579507577e-05	0.06600386883610297	16566	70	1.0143603420947742	0.9928810976230934	0.02291979760334891	0.022118617125803743	3.353306579507577e-05	0.06600386883610297	0.9	4000	position_bootstrap	mtDNA_position	False	paired nonparametric bootstrap of whole mtDNA positions
pathogenic	G[A>G]A	82	1.6811381966002063e-05	1.692373126310437e-05	1.278477672517359e-05	2.1936654450933707e-05	16566	82	72.32142857142843	0.03333333333333333	1.6811381966002063e-05	1.692373126310437e-05	1.278477672517359e-05	2.1936654450933707e-05	0.9	4000	position_bootstrap	mtDNA_position	False	paired nonparametric bootstrap of whole mtDNA positions
pathogenic	C[A>G]A	116	2.8956019457007798e-05	2.8662381886319955e-05	1.781822159762504e-05	4.264584011261171e-05	16566	116	17.73577707745901	0.1437308868501529	2.8956019457007798e-05	2.8662381886319955e-05	1.781822159762504e-05	4.264584011261171e-05	0.9	4000	position_bootstrap	mtDNA_position	False	paired nonparametric bootstrap of whole mtDNA positions
pathogenic	A[A>G]A	124	4.949865539132662e-05	4.715658101929267e-05	2.166764148189851e-05	8.790353661044533e-05	16566	124	6.282230384777514	0.3498452012383901	4.949865539132662e-05	4.715658101929267e-05	2.166764148189851e-05	8.790353661044533e-05	0.9	4000	position_bootstrap	mtDNA_position	False	paired nonparametric bootstrap of whole mtDNA positions
pathogenic	A[T>G]A	39	4.160157310146401e-06	4.16009609101171e-06	2.961658233499194e-06	5.679561167963795e-06	16566	39	38.09523809523807	0.05	4.160157310146401e-06	4.16009609101171e-06	2.961658233499194e-06	5.679561167963795e-06	0.9	4000	position_bootstrap	mtDNA_position	False	paired nonparametric bootstrap of whole mtDNA positions
pathogenic	A[T>G]C	79	1.2121806939485868e-05	1.2066790443720795e-05	8.184389934936496e-06	1.774587757147304e-05	16566	79	23.174228675136085	0.1592920353982301	1.2121806939485868e-05	1.2066790443720795e-05	8.184389934936496e-06	1.774587757147304e-05	0.9	4000	position_bootstrap	mtDNA_position	False	paired nonparametric bootstrap of whole mtDNA positions
pathogenic	A[T>G]G	52	1.1092964918475604e-05	1.1129711550976895e-05	8.319396371772377e-06	1.4742426140735948e-05	16566	52	52.00000000000003	0.019230769230769232	1.1092964918475604e-05	1.1129711550976895e-05	8.319396371772377e-06	1.4742426140735948e-05	0.9	4000	position_bootstrap	mtDNA_position	False	paired nonparametric bootstrap of whole mtDNA positions
pathogenic	A[T>G]T	74	8.123862747313667e-06	8.166638739753736e-06	6.272311196722636e-06	1.059131221185143e-05	16566	74	73.99999999999991	0.013513513513513514	8.123862747313667e-06	8.166638739753736e-06	6.272311196722636e-06	1.059131221185143e-05	0.9	4000	position_bootstrap	mtDNA_position	False	paired nonparametric bootstrap of whole mtDNA positions
pathogenic	C[T>G]A	136	1.0151445491995412e-05	1.019907188956652e-05	8.108465399281051e-06	1.2828558307839825e-05	16566	136	136.00000000000009	0.007352941176470588	1.0151445491995412e-05	1.019907188956652e-05	8.108465399281051e-06	1.2828558307839825e-05	0.9	4000	position_bootstrap	mtDNA_position	False	paired nonparametric bootstrap of whole mtDNA positions
pathogenic	C[T>G]C	100	1.1124568807132228e-05	1.0920847557894957e-05	7.82073140731293e-06	1.5880287712565243e-05	16566	100	26.666666666666767	0.175	1.1124568807132228e-05	1.0920847557894957e-05	7.82073140731293e-06	1.5880287712565243e-05	0.9	4000	position_bootstrap	mtDNA_position	False	paired nonparametric bootstrap of whole mtDNA positions
pathogenic	C[T>G]G	66	1.3843562579825162e-05	1.3914153766925787e-05	1.049054601066989e-05	1.8195222712811254e-05	16566	66	66.00000000000006	0.015151515151515152	1.3843562579825162e-05	1.3914153766925787e-05	1.049054601066989e-05	1.8195222712811254e-05	0.9	4000	position_bootstrap	mtDNA_position	False	paired nonparametric bootstrap of whole mtDNA positions
pathogenic	C[T>G]T	86	9.935095680831168e-06	9.941500548461504e-06	7.67404630083647e-06	1.2728664358808176e-05	16566	86	85.9999999999999	0.011627906976744186	9.935095680831168e-06	9.941500548461504e-06	7.67404630083647e-06	1.2728664358808176e-05	0.9	4000	position_bootstrap	mtDNA_position	False	paired nonparametric bootstrap of whole mtDNA positions
pathogenic	G[T>G]A	61	1.3714195228552982e-05	1.376419838354628e-05	1.042185302812401e-05	1.8235746260989196e-05	16566	61	60.99999999999994	0.01639344262295082	1.3714195228552982e-05	1.376419838354628e-05	1.042185302812401e-05	1.8235746260989196e-05	0.9	4000	position_bootstrap	mtDNA_position	False	paired nonparametric bootstrap of whole mtDNA positions
pathogenic	G[T>G]C	36	1.175334878318753e-05	1.1719338104354773e-05	8.212909812687391e-06	1.6189748391342533e-05	16566	36	36.0	0.027777777777777776	1.175334878318753e-05	1.1719338104354773e-05	8.212909812687391e-06	1.6189748391342533e-05	0.9	4000	position_bootstrap	mtDNA_position	False	paired nonparametric bootstrap of whole mtDNA positions
pathogenic	G[T>G]G	24	1.035735716526104e-05	1.0341673391095563e-05	6.802581023585795e-06	1.4691479757305982e-05	16566	24	23.999999999999993	0.041666666666666664	1.035735716526104e-05	1.0341673391095563e-05	6.802581023585795e-06	1.4691479757305982e-05	0.9	4000	position_bootstrap	mtDNA_position	False	paired nonparametric bootstrap of whole mtDNA positions
pathogenic	G[T>G]T	43	1.1784328818504122e-05	1.1762340773013601e-05	8.530445499509151e-06	1.5870289156957464e-05	16566	43	42.999999999999964	0.023255813953488372	1.1784328818504122e-05	1.1762340773013601e-05	8.530445499509151e-06	1.5870289156957464e-05	0.9	4000	position_bootstrap	mtDNA_position	False	paired nonparametric bootstrap of whole mtDNA positions
pathogenic	T[T>G]A	79	8.698205742526776e-06	8.667301016393764e-06	6.67238502280813e-06	1.1200918959551185e-05	16566	79	78.9999999999999	0.012658227848101266	8.698205742526776e-06	8.667301016393764e-06	6.67238502280813e-06	1.1200918959551185e-05	0.9	4000	position_bootstrap	mtDNA_position	False	paired nonparametric bootstrap of whole mtDNA positions
pathogenic	T[T>G]C	79	9.752057071187344e-06	9.76467084602476e-06	7.493571486775696e-06	1.2647560072026174e-05	16566	79	78.04878048780482	0.025	9.752057071187344e-06	9.76467084602476e-06	7.493571486775696e-06	1.2647560072026174e-05	0.9	4000	position_bootstrap	mtDNA_position	False	paired nonparametric bootstrap of whole mtDNA positions
pathogenic	T[T>G]G	38	9.08742643002999e-06	9.122840363857249e-06	6.553776605017246e-06	1.2400273320900473e-05	16566	38	37.999999999999986	0.02631578947368421	9.08742643002999e-06	9.122840363857249e-06	6.553776605017246e-06	1.2400273320900473e-05	0.9	4000	position_bootstrap	mtDNA_position	False	paired nonparametric bootstrap of whole mtDNA positions
pathogenic	T[T>G]T	73	9.6168969819551e-06	9.63895484213296e-06	7.344568467435355e-06	1.2564005521562678e-05	16566	73	73.0000000000001	0.0136986301369863	9.6168969819551e-06	9.63895484213296e-06	7.344568467435355e-06	1.2564005521562678e-05	0.9	4000	position_bootstrap	mtDNA_position	False	paired nonparametric bootstrap of whole mtDNA positions
pathogenic	T[A>C]T	61	1.1036077918893677e-05	1.0580265364000434e-05	5.862764694563934e-06	1.960113796666223e-05	16566	61	7.276875483371978	0.36082474226804123	1.1036077918893677e-05	1.0580265364000434e-05	5.862764694563934e-06	1.960113796666223e-05	0.9	4000	position_bootstrap	mtDNA_position	False	paired nonparametric bootstrap of whole mtDNA positions
pathogenic	G[A>C]T	40	1.1124568807132228e-05	1.119406356443366e-05	7.87584846266469e-06	1.5013970072785726e-05	16566	40	39.99999999999997	0.025	1.1124568807132228e-05	1.119406356443366e-05	7.87584846266469e-06	1.5013970072785726e-05	0.9	4000	position_bootstrap	mtDNA_position	False	paired nonparametric bootstrap of whole mtDNA positions
pathogenic	C[A>C]T	73	7.004742485834192e-06	7.0310719015792e-06	5.3673200941946055e-06	9.165554549633818e-06	16566	73	71.20253164556951	0.02666666666666667	7.004742485834192e-06	7.0310719015792e-06	5.3673200941946055e-06	9.165554549633818e-06	0.9	4000	position_bootstrap	mtDNA_position	False	paired nonparametric bootstrap of whole mtDNA positions
pathogenic	A[A>C]T	66	6.807685993925012e-06	6.823641136800306e-06	5.1950096683651925e-06	9.002131304009525e-06	16566	66	66.00000000000006	0.015151515151515152	6.807685993925012e-06	6.823641136800306e-06	5.1950096683651925e-06	9.002131304009525e-06	0.9	4000	position_bootstrap	mtDNA_position	False	paired nonparametric bootstrap of whole mtDNA positions
pathogenic	T[A>C]G	52	7.022884264934195e-06	7.039388156089134e-06	5.219823444367106e-06	9.380999001697069e-06	16566	52	52.00000000000003	0.019230769230769232	7.022884264934195e-06	7.039388156089134e-06	5.219823444367106e-06	9.380999001697069e-06	0.9	4000	position_bootstrap	mtDNA_position	False	paired nonparametric bootstrap of whole mtDNA positions
pathogenic	G[A>C]G	42	1.102732607280415e-05	1.104374336114951e-05	7.991521352574568e-06	1.4906880805007382e-05	16566	42	42.000000000000036	0.023809523809523808	1.102732607280415e-05	1.104374336114951e-05	7.991521352574568e-06	1.4906880805007382e-05	0.9	4000	position_bootstrap	mtDNA_position	False	paired nonparametric bootstrap of whole mtDNA positions
pathogenic	C[A>C]G	42	8.072265240675323e-06	8.082236921298469e-06	5.730606828004274e-06	1.0984443405524088e-05	16566	42	41.08888888888886	0.046511627906976744	8.072265240675323e-06	8.082236921298469e-06	5.730606828004274e-06	1.0984443405524088e-05	0.9	4000	position_bootstrap	mtDNA_position	False	paired nonparametric bootstrap of whole mtDNA positions
pathogenic	A[A>C]G	70	1.3010789013292026e-05	1.3054253873477098e-05	9.944671276300091e-06	1.6977420773432068e-05	16566	70	69.99999999999991	0.014285714285714285	1.3010789013292026e-05	1.3054253873477098e-05	9.944671276300091e-06	1.6977420773432068e-05	0.9	4000	position_bootstrap	mtDNA_position	False	paired nonparametric bootstrap of whole mtDNA positions
pathogenic	T[A>C]C	83	8.56118087114812e-06	8.595662382354276e-06	6.605924610682202e-06	1.1061021669366356e-05	16566	83	83.00000000000003	0.012048192771084338	8.56118087114812e-06	8.595662382354276e-06	6.605924610682202e-06	1.1061021669366356e-05	0.9	4000	position_bootstrap	mtDNA_position	False	paired nonparametric bootstrap of whole mtDNA positions
pathogenic	G[A>C]C	59	1.3844873523251282e-05	1.3877179415027143e-05	1.036224757111307e-05	1.8411549862826963e-05	16566	59	59.00000000000002	0.01694915254237288	1.3844873523251282e-05	1.3877179415027143e-05	1.036224757111307e-05	1.8411549862826963e-05	0.9	4000	position_bootstrap	mtDNA_position	False	paired nonparametric bootstrap of whole mtDNA positions
pathogenic	C[A>C]C	97	8.808048703040417e-06	8.83477415328856e-06	6.876864988230773e-06	1.1273366668182411e-05	16566	97	95.15533980582508	0.020202020202020204	8.808048703040417e-06	8.83477415328856e-06	6.876864988230773e-06	1.1273366668182411e-05	0.9	4000	position_bootstrap	mtDNA_position	False	paired nonparametric bootstrap of whole mtDNA positions
pathogenic	A[A>C]C	110	9.508255644407659e-06	9.53113898358495e-06	7.355369675169049e-06	1.2273061726356247e-05	16566	110	79.12716763005763	0.06837606837606838	9.508255644407659e-06	9.53113898358495e-06	7.355369675169049e-06	1.2273061726356247e-05	0.9	4000	position_bootstrap	mtDNA_position	False	paired nonparametric bootstrap of whole mtDNA positions
pathogenic	T[A>C]A	72	6.724552786400825e-06	6.762428798122048e-06	5.2030118642915045e-06	8.741179767782286e-06	16566	72	71.99999999999986	0.013888888888888888	6.724552786400825e-06	6.762428798122048e-06	5.2030118642915045e-06	8.741179767782286e-06	0.9	4000	position_bootstrap	mtDNA_position	False	paired nonparametric bootstrap of whole mtDNA positions
pathogenic	G[A>C]A	86	1.6064209434179747e-05	1.62240581598147e-05	1.2391179123744287e-05	2.0796340907343843e-05	16566	86	85.9999999999999	0.011627906976744186	1.6064209434179747e-05	1.62240581598147e-05	1.2391179123744287e-05	2.0796340907343843e-05	0.9	4000	position_bootstrap	mtDNA_position	False	paired nonparametric bootstrap of whole mtDNA positions
pathogenic	C[A>C]A	116	1.0360410631406459e-05	1.0394855759800368e-05	8.128050810148307e-06	1.315890600828711e-05	16566	116	115.03361344537777	0.017094017094017096	1.0360410631406459e-05	1.0394855759800368e-05	8.128050810148307e-06	1.315890600828711e-05	0.9	4000	position_bootstrap	mtDNA_position	False	paired nonparametric bootstrap of whole mtDNA positions
pathogenic	A[A>C]A	164	1.2566222111729977e-05	1.2613198229101207e-05	1.0091083301817359e-05	1.5809313717600814e-05	16566	164	164.00000000000026	0.006097560975609756	1.2566222111729977e-05	1.2613198229101207e-05	1.0091083301817359e-05	1.5809313717600814e-05	0.9	4000	position_bootstrap	mtDNA_position	False	paired nonparametric bootstrap of whole mtDNA positions
