reference_group	comparison_group	substitution_type_192	frequency_difference	bootstrap_median_difference	ci_lower	ci_upper	bootstrap_se	z_score	p_value	p_value_method	q_value_bh	ci_excludes_zero	significant_fdr_05	n_bootstrap_units	confidence_level	n_simulations	resampling_method	bootstrap_unit	opportunities_resampled	uncertainty_model
benign	vus_low	A[C>A]A	-8.092142227588066e-05	-7.859223301379879e-05	-0.00018402744967205298	-2.513029438705879e-05	5.254276113648711e-05	-1.5401060112862368	0.08472881779555111	centered_position_bootstrap	0.1145629085686325	True	False	16566	0.9	4000	position_bootstrap	mtDNA_position	False	paired nonparametric bootstrap of whole mtDNA positions
benign	vus_low	A[C>A]C	-0.00029321940900786317	-0.00026852035541891116	-0.0006685401558165195	-6.201592349065547e-05	0.00019484518571171616	-1.5048840336332299	0.08347913021744564	centered_position_bootstrap	0.1145629085686325	True	False	16566	0.9	4000	position_bootstrap	mtDNA_position	False	paired nonparametric bootstrap of whole mtDNA positions
benign	vus_low	A[C>A]G	-2.470937879276486e-05	-2.492813532847693e-05	-3.320803348821501e-05	-1.8224025248937978e-05	4.58247242184017e-06	-5.392150026915467	0.00024993751562109475	centered_position_bootstrap	0.003999000249937516	True	True	16566	0.9	4000	position_bootstrap	mtDNA_position	False	paired nonparametric bootstrap of whole mtDNA positions
benign	vus_low	A[C>A]T	-9.208710361990884e-05	-8.670021253854882e-05	-0.0001998872347900335	-2.9176246657822273e-05	5.531470378623332e-05	-1.6647852617232564	0.06798300424893776	centered_position_bootstrap	0.10118400632400038	True	False	16566	0.9	4000	position_bootstrap	mtDNA_position	False	paired nonparametric bootstrap of whole mtDNA positions
benign	vus_low	C[C>A]A	-0.0005224555582309589	-0.000494320537072486	-0.0013075193531647765	-8.311017821695052e-05	0.0004100488424675123	-1.274130064816248	0.1042239440139965	centered_position_bootstrap	0.1250687328167958	True	False	16566	0.9	4000	position_bootstrap	mtDNA_position	False	paired nonparametric bootstrap of whole mtDNA positions
benign	vus_low	C[C>A]C	-0.00015566806945455607	-0.00015000018411911312	-0.000276517878363924	-7.520007735619889e-05	6.32873623258982e-05	-2.4597022807325026	0.02549362659335166	centered_position_bootstrap	0.05897320850510263	True	False	16566	0.9	4000	position_bootstrap	mtDNA_position	False	paired nonparametric bootstrap of whole mtDNA positions
benign	vus_low	C[C>A]G	-0.000649508355810576	-0.0006121452846337504	-0.0012890192514180448	-0.0001865337303237645	0.000343440376357337	-1.8911822852616103	0.048987753061734564	centered_position_bootstrap	0.08835174383974101	True	False	16566	0.9	4000	position_bootstrap	mtDNA_position	False	paired nonparametric bootstrap of whole mtDNA positions
benign	vus_low	C[C>A]T	-0.0028515319627935264	-0.002741811451743085	-0.00829375868541604	-2.2619888845337493e-05	0.002876945648759076	-0.9911664351474587	0.18395401149712573	centered_position_bootstrap	0.19300093009534502	True	False	16566	0.9	4000	position_bootstrap	mtDNA_position	False	paired nonparametric bootstrap of whole mtDNA positions
benign	vus_low	G[C>A]A	-4.8697524592607294e-05	-4.634915521756935e-05	-8.576216744939416e-05	-2.0586842458391008e-05	1.995266759401374e-05	-2.4406523269709397	0.02274431392151962	centered_position_bootstrap	0.05649220606240844	True	False	16566	0.9	4000	position_bootstrap	mtDNA_position	False	paired nonparametric bootstrap of whole mtDNA positions
benign	vus_low	G[C>A]C	-9.500128930181671e-05	-8.781420527449209e-05	-0.00020091995565491635	-2.5938949856880993e-05	5.5769518293877476e-05	-1.703462611981108	0.061734566358410396	centered_position_bootstrap	0.09482429392651837	True	False	16566	0.9	4000	position_bootstrap	mtDNA_position	False	paired nonparametric bootstrap of whole mtDNA positions
benign	vus_low	G[C>A]G	-0.0017264738086232773	-0.0016666622240830184	-0.004974564156685723	-3.833857769748845e-05	0.0016782599654565549	-1.0287284712494504	0.16270932266933266	centered_position_bootstrap	0.17750107927563563	True	False	16566	0.9	4000	position_bootstrap	mtDNA_position	False	paired nonparametric bootstrap of whole mtDNA positions
benign	vus_low	G[C>A]T	-0.0006221520909711593	-0.0006065927503894706	-0.0017973565720376633	-2.960471159496895e-05	0.0005963219034880139	-1.0433158455727671	0.1604598850287428	centered_position_bootstrap	0.17604741671724924	True	False	16566	0.9	4000	position_bootstrap	mtDNA_position	False	paired nonparametric bootstrap of whole mtDNA positions
benign	vus_low	T[C>A]A	-0.00016161683211173827	-0.0001549559355555484	-0.00027137229258438633	-8.51869609876303e-05	5.831192202682802e-05	-2.771591580146886	0.01274681329667583	centered_position_bootstrap	0.040907805835426386	True	True	16566	0.9	4000	position_bootstrap	mtDNA_position	False	paired nonparametric bootstrap of whole mtDNA positions
benign	vus_low	T[C>A]C	-0.0004954293628179151	-0.0004684490075845172	-0.0010038498584341198	-0.00013174388431521334	0.00026439513582837053	-1.8738217753730466	0.05373656585853537	centered_position_bootstrap	0.09257862525519062	True	False	16566	0.9	4000	position_bootstrap	mtDNA_position	False	paired nonparametric bootstrap of whole mtDNA positions
benign	vus_low	T[C>A]G	-0.001976140591476951	-0.0017392325201160156	-0.004756340533734619	-8.785301677334958e-05	0.0014878649547528434	-1.328172012630822	0.1039740064983754	centered_position_bootstrap	0.1250687328167958	True	False	16566	0.9	4000	position_bootstrap	mtDNA_position	False	paired nonparametric bootstrap of whole mtDNA positions
benign	vus_low	T[C>A]T	-0.00035309705410404896	-0.0003431691073357493	-0.0007537531049450623	-1.9610441553884277e-05	0.00022419405657242458	-1.5749617072921067	0.11072231942014496	centered_position_bootstrap	0.13204152378054554	True	False	16566	0.9	4000	position_bootstrap	mtDNA_position	False	paired nonparametric bootstrap of whole mtDNA positions
benign	vus_low	T[G>T]T	-1.4957118426662542e-05	-1.4288697506388679e-05	-2.680915542883723e-05	-5.3920241129411955e-06	6.6791556705271965e-06	-2.2393726339787428	0.029242689327668082	centered_position_bootstrap	0.06238440389902525	True	False	16566	0.9	4000	position_bootstrap	mtDNA_position	False	paired nonparametric bootstrap of whole mtDNA positions
benign	vus_low	G[G>T]T	-7.139784734413555e-05	-6.801768875148564e-05	-0.0001390099064719091	-2.2511118826410637e-05	3.616328593135833e-05	-1.9743185804424985	0.04423894026493377	centered_position_bootstrap	0.08493876530867282	True	False	16566	0.9	4000	position_bootstrap	mtDNA_position	False	paired nonparametric bootstrap of whole mtDNA positions
benign	vus_low	C[G>T]T	-5.725676507920869e-05	-5.325068257607728e-05	-0.0001271431173954635	-1.0313271691358379e-05	3.566969096526595e-05	-1.6051937521680122	0.07823044238940265	centered_position_bootstrap	0.11209138014003962	True	False	16566	0.9	4000	position_bootstrap	mtDNA_position	False	paired nonparametric bootstrap of whole mtDNA positions
benign	vus_low	A[G>T]T	-1.6503481197393964e-05	-1.6452694421165753e-05	-2.2998704767399146e-05	-1.1243176327687684e-05	3.60741736439188e-06	-4.574874357565786	0.00024993751562109475	centered_position_bootstrap	0.003999000249937516	True	True	16566	0.9	4000	position_bootstrap	mtDNA_position	False	paired nonparametric bootstrap of whole mtDNA positions
benign	vus_low	T[G>T]G	-5.4292297586606664e-05	-5.2313261905504986e-05	-0.00012708670018356732	-1.473743601204627e-05	3.680703213993455e-05	-1.475052304684493	0.0857285678580355	centered_position_bootstrap	0.11510409111008961	True	False	16566	0.9	4000	position_bootstrap	mtDNA_position	False	paired nonparametric bootstrap of whole mtDNA positions
benign	vus_low	G[G>T]G	-2.317256373595024e-05	-2.271593114127183e-05	-3.6336729059916766e-05	-1.343567127460219e-05	7.064121593405298e-06	-3.2803177903368703	0.004498875281179705	centered_position_bootstrap	0.0233455149726082	True	True	16566	0.9	4000	position_bootstrap	mtDNA_position	False	paired nonparametric bootstrap of whole mtDNA positions
benign	vus_low	C[G>T]G	-1.4303017037741438e-05	-1.4030700912197776e-05	-2.3353105298082474e-05	-7.106920130648514e-06	4.979236587645444e-06	-2.872532121335688	0.009247688077980504	centered_position_bootstrap	0.03743064233941515	True	True	16566	0.9	4000	position_bootstrap	mtDNA_position	False	paired nonparametric bootstrap of whole mtDNA positions
benign	vus_low	A[G>T]G	-2.3565742167236222e-05	-2.249773481423867e-05	-4.812492105020289e-05	-5.2028532259133775e-06	1.3213560583787303e-05	-1.7834513277330244	0.05598600349912522	centered_position_bootstrap	0.09347228410288733	True	False	16566	0.9	4000	position_bootstrap	mtDNA_position	False	paired nonparametric bootstrap of whole mtDNA positions
benign	vus_low	T[G>T]C	-1.7892739087252717e-05	-1.7954810002830337e-05	-2.4167744032747503e-05	-1.2771439595004372e-05	3.504505103846929e-06	-5.105639329105752	0.00024993751562109475	centered_position_bootstrap	0.003999000249937516	True	True	16566	0.9	4000	position_bootstrap	mtDNA_position	False	paired nonparametric bootstrap of whole mtDNA positions
benign	vus_low	G[G>T]C	-0.0005489235415354724	-0.0005277832932703073	-0.0016013106004175116	-6.2573176561687255e-06	0.0005492735668731562	-0.999362748621463	0.16395901024743814	centered_position_bootstrap	0.17785384162433968	True	False	16566	0.9	4000	position_bootstrap	mtDNA_position	False	paired nonparametric bootstrap of whole mtDNA positions
benign	vus_low	C[G>T]C	-2.181693308290628e-05	-1.9795879726976192e-05	-5.0713379389266294e-05	-9.26993624071571e-07	1.585250720064852e-05	-1.3762449565084416	0.142464383904024	centered_position_bootstrap	0.15996000999750062	True	False	16566	0.9	4000	position_bootstrap	mtDNA_position	False	paired nonparametric bootstrap of whole mtDNA positions
benign	vus_low	A[G>T]C	-8.403667952680214e-06	-8.751625407400656e-06	-1.832986565700338e-05	1.7991502020399216e-06	6.198738840073468e-06	-1.3557060830426295	0.16970757310672333	centered_position_bootstrap	0.18155461134716322	False	False	16566	0.9	4000	position_bootstrap	mtDNA_position	False	paired nonparametric bootstrap of whole mtDNA positions
benign	vus_low	T[G>T]A	-0.0002537429787986997	-0.00024119520935202932	-0.0007477864924527087	3.5393937197435555e-05	0.0002560235879028741	-0.9910921914544859	0.3361659585103724	centered_position_bootstrap	0.3451543531229492	False	False	16566	0.9	4000	position_bootstrap	mtDNA_position	False	paired nonparametric bootstrap of whole mtDNA positions
benign	vus_low	G[G>T]A	-2.579456316920927e-05	-2.42595973783427e-05	-4.669230874342022e-05	-1.1951725677550124e-05	1.1110158108988814e-05	-2.3217098187234484	0.028242939265183703	centered_position_bootstrap	0.062006970167570466	True	False	16566	0.9	4000	position_bootstrap	mtDNA_position	False	paired nonparametric bootstrap of whole mtDNA positions
benign	vus_low	C[G>T]A	-7.448034481848285e-05	-6.990124816535875e-05	-0.00015234242768445014	-2.642337516240395e-05	4.017056905058612e-05	-1.854102308699959	0.05448637840539865	centered_position_bootstrap	0.09257862525519062	True	False	16566	0.9	4000	position_bootstrap	mtDNA_position	False	paired nonparametric bootstrap of whole mtDNA positions
benign	vus_low	A[G>T]A	-3.4132199749155704e-05	-3.3401252224466696e-05	-5.240517265618747e-05	-2.1283647651965867e-05	9.545065946616607e-06	-3.575899835585146	0.003749062734316421	centered_position_bootstrap	0.021812728636022814	True	True	16566	0.9	4000	position_bootstrap	mtDNA_position	False	paired nonparametric bootstrap of whole mtDNA positions
benign	vus_low	A[C>G]A	-8.97556386815445e-05	-8.508457279763281e-05	-0.00017119268789303086	-3.7306500494734854e-05	4.2354173838461104e-05	-2.1191686803731002	0.03624093976505874	centered_position_bootstrap	0.07563326559664432	True	False	16566	0.9	4000	position_bootstrap	mtDNA_position	False	paired nonparametric bootstrap of whole mtDNA positions
benign	vus_low	A[C>G]C	-9.342697466222386e-05	-8.698987781880681e-05	-0.00018465042917766914	-3.436147824911243e-05	4.835880861601289e-05	-1.9319536054758741	0.04773806548362909	centered_position_bootstrap	0.08729246259863606	True	False	16566	0.9	4000	position_bootstrap	mtDNA_position	False	paired nonparametric bootstrap of whole mtDNA positions
benign	vus_low	A[C>G]G	-2.4067576746199534e-05	-2.4236776580609e-05	-3.194410247383505e-05	-1.7827518327657207e-05	4.320182380361926e-06	-5.570963127761115	0.00024993751562109475	centered_position_bootstrap	0.003999000249937516	True	True	16566	0.9	4000	position_bootstrap	mtDNA_position	False	paired nonparametric bootstrap of whole mtDNA positions
benign	vus_low	A[C>G]T	-4.071421473914634e-05	-3.9628873557224936e-05	-6.55967835886584e-05	-2.319302857390511e-05	1.2871257782335906e-05	-3.163188510995499	0.006248437890527368	centered_position_bootstrap	0.027265910795028513	True	True	16566	0.9	4000	position_bootstrap	mtDNA_position	False	paired nonparametric bootstrap of whole mtDNA positions
benign	vus_low	C[C>G]A	-5.044337567634046e-05	-4.9915177704418386e-05	-7.271414410702015e-05	-3.4785807043125985e-05	1.1574575590324965e-05	-4.358118816771598	0.000999750062484379	centered_position_bootstrap	0.010664000666500043	True	True	16566	0.9	4000	position_bootstrap	mtDNA_position	False	paired nonparametric bootstrap of whole mtDNA positions
benign	vus_low	C[C>G]C	-2.7960761519862936e-05	-2.806479970935555e-05	-3.5185585540775354e-05	-2.237535543410571e-05	3.904718230096792e-06	-7.160762921213353	0.00024993751562109475	centered_position_bootstrap	0.003999000249937516	True	True	16566	0.9	4000	position_bootstrap	mtDNA_position	False	paired nonparametric bootstrap of whole mtDNA positions
benign	vus_low	C[C>G]G	-2.740541585698633e-05	-2.7495433680533298e-05	-3.577458667072321e-05	-2.0841581750834062e-05	4.623819486528796e-06	-5.927008166480172	0.00024993751562109475	centered_position_bootstrap	0.003999000249937516	True	True	16566	0.9	4000	position_bootstrap	mtDNA_position	False	paired nonparametric bootstrap of whole mtDNA positions
benign	vus_low	C[C>G]T	-3.4914395993407185e-05	-3.338893974731423e-05	-6.701056014863036e-05	-1.5273703374754807e-05	1.6997063671198803e-05	-2.0541428018869494	0.03924018995251187	centered_position_bootstrap	0.07848037990502374	True	False	16566	0.9	4000	position_bootstrap	mtDNA_position	False	paired nonparametric bootstrap of whole mtDNA positions
benign	vus_low	G[C>G]A	-2.249007815154765e-05	-2.1991258690751105e-05	-3.2889350964791846e-05	-1.527433178925229e-05	5.364468203389176e-06	-4.192415221575703	0.0012496875781054736	centered_position_bootstrap	0.012628421841907945	True	True	16566	0.9	4000	position_bootstrap	mtDNA_position	False	paired nonparametric bootstrap of whole mtDNA positions
benign	vus_low	G[C>G]C	-3.441663474706534e-05	-3.376301538420909e-05	-5.613496020053129e-05	-1.8539728479066014e-05	1.1703091470313858e-05	-2.940815666900221	0.010747313171707074	centered_position_bootstrap	0.03770485949941087	True	True	16566	0.9	4000	position_bootstrap	mtDNA_position	False	paired nonparametric bootstrap of whole mtDNA positions
benign	vus_low	G[C>G]G	-3.139043288405959e-05	-3.060399999298872e-05	-5.6523841208897666e-05	-1.4072234121133484e-05	1.320363945131075e-05	-2.3774076079412634	0.02499375156210947	centered_position_bootstrap	0.058521954877134366	True	False	16566	0.9	4000	position_bootstrap	mtDNA_position	False	paired nonparametric bootstrap of whole mtDNA positions
benign	vus_low	G[C>G]T	-2.5098296880765037e-05	-2.443699951064744e-05	-3.814868486411786e-05	-1.6395340867194627e-05	6.636756455113575e-06	-3.7817112998665143	0.001999500124968758	centered_position_bootstrap	0.01421866755533339	True	True	16566	0.9	4000	position_bootstrap	mtDNA_position	False	paired nonparametric bootstrap of whole mtDNA positions
benign	vus_low	T[C>G]A	-0.00015018167889628507	-0.00014175630482991724	-0.0003049234913566862	-3.999925941166025e-05	8.109689897457718e-05	-1.8518794281315871	0.05448637840539865	centered_position_bootstrap	0.09257862525519062	True	False	16566	0.9	4000	position_bootstrap	mtDNA_position	False	paired nonparametric bootstrap of whole mtDNA positions
benign	vus_low	T[C>G]C	-3.254645449168785e-05	-3.2546737760520044e-05	-4.470816497161897e-05	-2.3762364522972517e-05	6.370186389870013e-06	-5.109184017510668	0.00024993751562109475	centered_position_bootstrap	0.003999000249937516	True	True	16566	0.9	4000	position_bootstrap	mtDNA_position	False	paired nonparametric bootstrap of whole mtDNA positions
benign	vus_low	T[C>G]G	-3.6293905733268896e-05	-3.4313825272799746e-05	-6.503324675088413e-05	-1.882530506041287e-05	1.4693462402257714e-05	-2.4700717053382992	0.02324418895276181	centered_position_bootstrap	0.05649220606240844	True	False	16566	0.9	4000	position_bootstrap	mtDNA_position	False	paired nonparametric bootstrap of whole mtDNA positions
benign	vus_low	T[C>G]T	-2.721739164463419e-05	-2.7324224381942444e-05	-3.482927316982101e-05	-2.1566211076038416e-05	4.031193150347507e-06	-6.751696242162927	0.00024993751562109475	centered_position_bootstrap	0.003999000249937516	True	True	16566	0.9	4000	position_bootstrap	mtDNA_position	False	paired nonparametric bootstrap of whole mtDNA positions
benign	vus_low	T[G>C]T	-4.914481768760549e-05	-4.6477847163834e-05	-0.00010028571817798549	-1.2249301052385936e-05	2.7030361637747015e-05	-1.8181339319921033	0.061734566358410396	centered_position_bootstrap	0.09482429392651837	True	False	16566	0.9	4000	position_bootstrap	mtDNA_position	False	paired nonparametric bootstrap of whole mtDNA positions
benign	vus_low	G[G>C]T	-5.7856876296109836e-05	-5.546586457567875e-05	-0.00010464891695585298	-2.5163927872739755e-05	2.4587881751622702e-05	-2.3530646877416155	0.02324418895276181	centered_position_bootstrap	0.05649220606240844	True	False	16566	0.9	4000	position_bootstrap	mtDNA_position	False	paired nonparametric bootstrap of whole mtDNA positions
benign	vus_low	C[G>C]T	-0.00012906238030149499	-0.00011700334112623763	-0.0003153781345152578	-7.873558686845758e-06	9.599323738017494e-05	-1.344494506319772	0.13496625843539115	centered_position_bootstrap	0.15333444745322544	True	False	16566	0.9	4000	position_bootstrap	mtDNA_position	False	paired nonparametric bootstrap of whole mtDNA positions
benign	vus_low	A[G>C]T	-1.217131738307805e-05	-1.33969387417565e-05	-4.246154532828553e-05	2.1000882746440593e-05	1.9073210408744134e-05	-0.6381367961786913	0.5088727818045489	centered_position_bootstrap	0.5115370372066669	False	False	16566	0.9	4000	position_bootstrap	mtDNA_position	False	paired nonparametric bootstrap of whole mtDNA positions
benign	vus_low	T[G>C]G	-0.00027281204259936684	-0.0002648838300614597	-0.0007668125378710037	-1.7413513865907044e-05	0.0002529345947365058	-1.0785873038979437	0.1519620094976256	centered_position_bootstrap	0.16963201060200064	True	False	16566	0.9	4000	position_bootstrap	mtDNA_position	False	paired nonparametric bootstrap of whole mtDNA positions
benign	vus_low	G[G>C]G	-1.583947394609257e-05	-1.5837533609815505e-05	-2.2428195799753187e-05	-1.0553662088874637e-05	3.671647308165273e-06	-4.313996584276384	0.0004998750312421895	centered_position_bootstrap	0.005998500374906274	True	True	16566	0.9	4000	position_bootstrap	mtDNA_position	False	paired nonparametric bootstrap of whole mtDNA positions
benign	vus_low	C[G>C]G	-0.0012537488372145226	-0.0012023269898303749	-0.0036830711843755595	-6.416855815126972e-06	0.0012478458387068037	-1.004730551102239	0.16870782304423895	centered_position_bootstrap	0.18155461134716322	True	False	16566	0.9	4000	position_bootstrap	mtDNA_position	False	paired nonparametric bootstrap of whole mtDNA positions
benign	vus_low	A[G>C]G	-5.192451663967302e-06	-5.191106691915865e-06	-8.744956207131394e-06	-2.0847371111630803e-06	2.011815816777344e-06	-2.5809776524597092	0.010997250687328168	centered_position_bootstrap	0.03770485949941087	True	True	16566	0.9	4000	position_bootstrap	mtDNA_position	False	paired nonparametric bootstrap of whole mtDNA positions
benign	vus_low	T[G>C]C	-7.597081022292547e-05	-7.511674985990208e-05	-0.00011385153082106125	-4.598360947594688e-05	2.0910857087679303e-05	-3.6330796917782746	0.0017495626093476631	centered_position_bootstrap	0.013436640839790053	True	True	16566	0.9	4000	position_bootstrap	mtDNA_position	False	paired nonparametric bootstrap of whole mtDNA positions
benign	vus_low	G[G>C]C	-0.0015650261664729962	-0.0014196962856694167	-0.003685678182120908	-0.0002394759426790545	0.0010940447185765919	-1.4304956094566	0.09447638090477381	centered_position_bootstrap	0.11627862265202929	True	False	16566	0.9	4000	position_bootstrap	mtDNA_position	False	paired nonparametric bootstrap of whole mtDNA positions
benign	vus_low	C[G>C]C	-4.2365439823783125e-05	-4.013113491168679e-05	-7.600752112574677e-05	-1.6924280705030268e-05	1.8373309289775738e-05	-2.3058143285792494	0.026243439140214948	centered_position_bootstrap	0.05998500374906274	True	False	16566	0.9	4000	position_bootstrap	mtDNA_position	False	paired nonparametric bootstrap of whole mtDNA positions
benign	vus_low	A[G>C]C	-0.000557217402475296	-0.0005323837114506513	-0.0015794403725571402	-5.424497077877314e-06	0.000529693508836661	-1.0519619236019795	0.1802049487628093	centered_position_bootstrap	0.1901063195739527	True	False	16566	0.9	4000	position_bootstrap	mtDNA_position	False	paired nonparametric bootstrap of whole mtDNA positions
benign	vus_low	T[G>C]A	-4.91115442836193e-05	-4.6527776351993214e-05	-9.788475529116188e-05	-1.8570077000300318e-05	2.5718969912976855e-05	-1.9095455397239454	0.049237690577355664	centered_position_bootstrap	0.08835174383974101	True	False	16566	0.9	4000	position_bootstrap	mtDNA_position	False	paired nonparametric bootstrap of whole mtDNA positions
benign	vus_low	G[G>C]A	-1.5190131644089903e-05	-1.4596569068622405e-05	-2.6454423199730194e-05	-7.486854806748223e-06	5.789650640626372e-06	-2.623669818261523	0.016745813546613347	centered_position_bootstrap	0.04798800299925018	True	True	16566	0.9	4000	position_bootstrap	mtDNA_position	False	paired nonparametric bootstrap of whole mtDNA positions
benign	vus_low	C[G>C]A	-2.4114537871557972e-05	-2.3457961363163294e-05	-4.238639368755749e-05	-1.0745532914507097e-05	9.753241010804458e-06	-2.472464060392267	0.019745063734066485	centered_position_bootstrap	0.052653503290843964	True	False	16566	0.9	4000	position_bootstrap	mtDNA_position	False	paired nonparametric bootstrap of whole mtDNA positions
benign	vus_low	A[G>C]A	-1.4719511141823396e-05	-1.460465551529598e-05	-2.3090341959074058e-05	-8.46167181891917e-06	4.474189931930407e-06	-3.289871768021391	0.00424893776555861	centered_position_bootstrap	0.022661001416312585	True	True	16566	0.9	4000	position_bootstrap	mtDNA_position	False	paired nonparametric bootstrap of whole mtDNA positions
benign	vus_low	A[C>T]A	-0.004475237346781183	-0.004335873616437084	-0.007619015562058401	-0.0020723829996565813	0.0016825911432437313	-2.659729527729318	0.012996750812296926	centered_position_bootstrap	0.040907805835426386	True	True	16566	0.9	4000	position_bootstrap	mtDNA_position	False	paired nonparametric bootstrap of whole mtDNA positions
benign	vus_low	A[C>T]C	-0.007338422946068476	-0.00699980945185697	-0.013414121200973095	-0.002816017838569599	0.003261209238363714	-2.2502153065623203	0.028742814296425893	centered_position_bootstrap	0.062006970167570466	True	False	16566	0.9	4000	position_bootstrap	mtDNA_position	False	paired nonparametric bootstrap of whole mtDNA positions
benign	vus_low	A[C>T]G	-0.002119872159805255	-0.00204371863216113	-0.0037794452598433085	-0.0008875696663914329	0.0008874635853949564	-2.3886863581696463	0.022994251437140716	centered_position_bootstrap	0.05649220606240844	True	False	16566	0.9	4000	position_bootstrap	mtDNA_position	False	paired nonparametric bootstrap of whole mtDNA positions
benign	vus_low	A[C>T]T	-0.02134077816152557	-0.02068155504241044	-0.05036211002930632	-0.00421953746385872	0.015038623557117424	-1.4190645892871947	0.09347663084228942	centered_position_bootstrap	0.11627862265202929	True	False	16566	0.9	4000	position_bootstrap	mtDNA_position	False	paired nonparametric bootstrap of whole mtDNA positions
benign	vus_low	C[C>T]A	-0.005875902357899182	-0.005774672847410669	-0.009133304167175263	-0.0034649044892009697	0.0017275883224453915	-3.4012167607048163	0.003999000249937516	centered_position_bootstrap	0.022582589646705974	True	True	16566	0.9	4000	position_bootstrap	mtDNA_position	False	paired nonparametric bootstrap of whole mtDNA positions
benign	vus_low	C[C>T]C	-0.016103547804891274	-0.015197847804214595	-0.03683701422540714	-0.0034670068576993962	0.010962944278366997	-1.468907201933713	0.08247938015496126	centered_position_bootstrap	0.1145629085686325	True	False	16566	0.9	4000	position_bootstrap	mtDNA_position	False	paired nonparametric bootstrap of whole mtDNA positions
benign	vus_low	C[C>T]G	-0.005242381999282915	-0.004879069548619655	-0.012315694640297139	-0.0011090531048620006	0.0035762937222127028	-1.465870089674676	0.08922769307673081	centered_position_bootstrap	0.11586577039950538	True	False	16566	0.9	4000	position_bootstrap	mtDNA_position	False	paired nonparametric bootstrap of whole mtDNA positions
benign	vus_low	C[C>T]T	-0.007684651447273975	-0.007124501293710099	-0.015778406476120003	-0.0023432436416943475	0.004335799301088124	-1.7723725001167407	0.05723569107723069	centered_position_bootstrap	0.09473493695541632	True	False	16566	0.9	4000	position_bootstrap	mtDNA_position	False	paired nonparametric bootstrap of whole mtDNA positions
benign	vus_low	G[C>T]A	-0.0016081335220428942	-0.0015856594363461143	-0.0025774110108867233	-0.0008715453888246114	0.0005208558712241708	-3.0874827584515616	0.005498625343664084	centered_position_bootstrap	0.024552001534500097	True	True	16566	0.9	4000	position_bootstrap	mtDNA_position	False	paired nonparametric bootstrap of whole mtDNA positions
benign	vus_low	G[C>T]C	-0.0046685738381897265	-0.004468454532514706	-0.009713612586146307	-0.0007246088564205323	0.002809133939818379	-1.6619263937594828	0.08322919270182455	centered_position_bootstrap	0.1145629085686325	True	False	16566	0.9	4000	position_bootstrap	mtDNA_position	False	paired nonparametric bootstrap of whole mtDNA positions
benign	vus_low	G[C>T]G	-0.0023179680439484	-0.002195570601458944	-0.005539712811102273	-0.0004556639622909654	0.001641958545841551	-1.4117092357897347	0.09397650587353162	centered_position_bootstrap	0.11627862265202929	True	False	16566	0.9	4000	position_bootstrap	mtDNA_position	False	paired nonparametric bootstrap of whole mtDNA positions
benign	vus_low	G[C>T]T	-0.0022335443711939355	-0.00212493313831557	-0.00437201248252776	-0.0007609252516882321	0.001108278247253739	-2.015328169373127	0.04423894026493377	centered_position_bootstrap	0.08493876530867282	True	False	16566	0.9	4000	position_bootstrap	mtDNA_position	False	paired nonparametric bootstrap of whole mtDNA positions
benign	vus_low	T[C>T]A	-0.007499745236354966	-0.007353643730181495	-0.012357600417797708	-0.003658023279866302	0.0026916439660479327	-2.7863065587261295	0.011497125718570358	centered_position_bootstrap	0.03872716031518436	True	True	16566	0.9	4000	position_bootstrap	mtDNA_position	False	paired nonparametric bootstrap of whole mtDNA positions
benign	vus_low	T[C>T]C	-0.007603957923267148	-0.007206030240986374	-0.014912741062551188	-0.002026700940627402	0.003989616455799895	-1.905937076285344	0.045238690327418146	centered_position_bootstrap	0.08599830240459687	True	False	16566	0.9	4000	position_bootstrap	mtDNA_position	False	paired nonparametric bootstrap of whole mtDNA positions
benign	vus_low	T[C>T]G	-0.004783912229842081	-0.004545262385874183	-0.00885432122485634	-0.0019061276259877986	0.0021251507302312007	-2.2510931397894898	0.03199200199950013	centered_position_bootstrap	0.06749960861432994	True	False	16566	0.9	4000	position_bootstrap	mtDNA_position	False	paired nonparametric bootstrap of whole mtDNA positions
benign	vus_low	T[C>T]T	-0.009690606487616766	-0.009185801389479087	-0.022941565168948675	-0.0015441079239866316	0.007068826806372119	-1.3708931839836946	0.09822544363909022	centered_position_bootstrap	0.1201228355331549	True	False	16566	0.9	4000	position_bootstrap	mtDNA_position	False	paired nonparametric bootstrap of whole mtDNA positions
benign	vus_low	T[G>A]T	-0.010199228530409703	-0.009968534421425278	-0.018243555976308484	-0.003558595492461517	0.004515029041054461	-2.2589508146392183	0.024493876530867282	centered_position_bootstrap	0.058059559184278006	True	False	16566	0.9	4000	position_bootstrap	mtDNA_position	False	paired nonparametric bootstrap of whole mtDNA positions
benign	vus_low	G[G>A]T	-0.01697791569948823	-0.016125071303953988	-0.03264172319325002	-0.005216805035969056	0.008374072944524033	-2.027438238472763	0.03724068982754311	centered_position_bootstrap	0.0760660898605136	True	False	16566	0.9	4000	position_bootstrap	mtDNA_position	False	paired nonparametric bootstrap of whole mtDNA positions
benign	vus_low	C[G>A]T	-0.027779386736093786	-0.02502318754888088	-0.06142907425638854	-0.002137732158776945	0.018708570449487674	-1.4848481775289524	0.08447888027993002	centered_position_bootstrap	0.1145629085686325	True	False	16566	0.9	4000	position_bootstrap	mtDNA_position	False	paired nonparametric bootstrap of whole mtDNA positions
benign	vus_low	A[G>A]T	2.0629351496744344e-06	-0.0004818040106547446	-0.006436349040376129	0.007813516094272202	0.00437400123464516	0.0004716357035600585	0.9995001249687578	centered_position_bootstrap	0.9995001249687578	False	False	16566	0.9	4000	position_bootstrap	mtDNA_position	False	paired nonparametric bootstrap of whole mtDNA positions
benign	vus_low	T[G>A]G	-0.006278188421917903	-0.006093565757685747	-0.010726815876819269	-0.0029296277300399514	0.0024141091130902475	-2.600623305663816	0.01474631342164459	centered_position_bootstrap	0.043558341183934784	True	True	16566	0.9	4000	position_bootstrap	mtDNA_position	False	paired nonparametric bootstrap of whole mtDNA positions
benign	vus_low	G[G>A]G	-0.011032486927045069	-0.010512017173769905	-0.02142191642829307	-0.0029821686940342145	0.005600353359367225	-1.9699626468376294	0.04173956510872282	centered_position_bootstrap	0.08177547449872227	True	False	16566	0.9	4000	position_bootstrap	mtDNA_position	False	paired nonparametric bootstrap of whole mtDNA positions
benign	vus_low	C[G>A]G	-0.01242887483651488	-0.011656928541887396	-0.03121675318379818	-0.0015465180584498604	0.009725370466747481	-1.2779847183211261	0.1042239440139965	centered_position_bootstrap	0.1250687328167958	True	False	16566	0.9	4000	position_bootstrap	mtDNA_position	False	paired nonparametric bootstrap of whole mtDNA positions
benign	vus_low	A[G>A]G	-0.005063039791726888	-0.004715199278559755	-0.010507206664878203	-0.0012564837716577781	0.0028772431278714762	-1.7596843807469333	0.0614846288427893	centered_position_bootstrap	0.09482429392651837	True	False	16566	0.9	4000	position_bootstrap	mtDNA_position	False	paired nonparametric bootstrap of whole mtDNA positions
benign	vus_low	T[G>A]C	-0.027475620824638718	-0.026205247125081037	-0.04935138849525897	-0.01048807226591707	0.011999644586590452	-2.28970288464565	0.0284928767808048	centered_position_bootstrap	0.062006970167570466	True	False	16566	0.9	4000	position_bootstrap	mtDNA_position	False	paired nonparametric bootstrap of whole mtDNA positions
benign	vus_low	G[G>A]C	-0.045612219492255114	-0.04277258434708968	-0.11142507997400987	0.00010913964668281553	0.03567293901496071	-1.2786224166482616	0.15921019745063733	centered_position_bootstrap	0.17568021787656532	False	False	16566	0.9	4000	position_bootstrap	mtDNA_position	False	paired nonparametric bootstrap of whole mtDNA positions
benign	vus_low	C[G>A]C	-0.01718616219342522	-0.016587696103908138	-0.0299324068467214	-0.0075795753131243145	0.006971818135162333	-2.4650904341217523	0.016495876030992253	centered_position_bootstrap	0.04798800299925018	True	True	16566	0.9	4000	position_bootstrap	mtDNA_position	False	paired nonparametric bootstrap of whole mtDNA positions
benign	vus_low	A[G>A]C	-0.012898681506143664	-0.012735801764158266	-0.02234344551644784	-0.005609795885699497	0.005131278643341493	-2.5137363224040454	0.01799550112471882	centered_position_bootstrap	0.04935908879922876	True	True	16566	0.9	4000	position_bootstrap	mtDNA_position	False	paired nonparametric bootstrap of whole mtDNA positions
benign	vus_low	T[G>A]A	-0.01977789505644928	-0.01879476553625005	-0.0384906272420979	-0.005905742061245706	0.010074399704789063	-1.963183478520062	0.04148962759310172	centered_position_bootstrap	0.08177547449872227	True	False	16566	0.9	4000	position_bootstrap	mtDNA_position	False	paired nonparametric bootstrap of whole mtDNA positions
benign	vus_low	G[G>A]A	-0.0077306305818120175	-0.007071417064006621	-0.019581158888120773	-0.000577163200818787	0.006165726703007381	-1.2538068834678227	0.11772056985753562	centered_position_bootstrap	0.13781920373565146	True	False	16566	0.9	4000	position_bootstrap	mtDNA_position	False	paired nonparametric bootstrap of whole mtDNA positions
benign	vus_low	C[G>A]A	-0.005943165219737136	-0.005438962793601572	-0.013528887991598596	-0.0010254713270690357	0.003940891552835368	-1.5080763172640934	0.0899775056235941	centered_position_bootstrap	0.11586577039950538	True	False	16566	0.9	4000	position_bootstrap	mtDNA_position	False	paired nonparametric bootstrap of whole mtDNA positions
benign	vus_low	A[G>A]A	-0.00940192774715337	-0.009135054615163864	-0.01871243650546513	-0.0024979914363942343	0.005003627610910335	-1.8790222770880483	0.04773806548362909	centered_position_bootstrap	0.08729246259863606	True	False	16566	0.9	4000	position_bootstrap	mtDNA_position	False	paired nonparametric bootstrap of whole mtDNA positions
benign	vus_low	A[T>A]A	-6.0010269198861834e-05	-5.58496145044042e-05	-0.000124753919337724	-1.812332440052119e-05	3.4099836249922655e-05	-1.759840392166046	0.06373406648337916	centered_position_bootstrap	0.09711857749848254	True	False	16566	0.9	4000	position_bootstrap	mtDNA_position	False	paired nonparametric bootstrap of whole mtDNA positions
benign	vus_low	A[T>A]C	-2.338543285670725e-05	-2.264805503321953e-05	-3.737418294260486e-05	-1.3213895030465851e-05	7.536857554749303e-06	-3.102809451662128	0.00849787553111722	centered_position_bootstrap	0.036257602266100135	True	True	16566	0.9	4000	position_bootstrap	mtDNA_position	False	paired nonparametric bootstrap of whole mtDNA positions
benign	vus_low	A[T>A]G	-5.034499463000466e-05	-4.8825265116114176e-05	-8.862688725268579e-05	-2.6697734890595902e-05	1.9662808963002023e-05	-2.560417218350385	0.020494876280929768	centered_position_bootstrap	0.05317589521538534	True	False	16566	0.9	4000	position_bootstrap	mtDNA_position	False	paired nonparametric bootstrap of whole mtDNA positions
benign	vus_low	A[T>A]T	-2.2175949661585956e-05	-2.1783984025389433e-05	-3.3086014955375074e-05	-1.3904812289221362e-05	5.938230914746069e-06	-3.7344370705621586	0.0017495626093476631	centered_position_bootstrap	0.013436640839790053	True	True	16566	0.9	4000	position_bootstrap	mtDNA_position	False	paired nonparametric bootstrap of whole mtDNA positions
benign	vus_low	C[T>A]A	-0.00022042072454310626	-0.00021167626251872827	-0.0005738570389409815	-2.5368534912361325e-05	0.00017789216415823204	-1.2390693293665582	0.11347163209197701	centered_position_bootstrap	0.13365983657459868	True	False	16566	0.9	4000	position_bootstrap	mtDNA_position	False	paired nonparametric bootstrap of whole mtDNA positions
benign	vus_low	C[T>A]C	-0.0004496179892882609	-0.00041936012681894025	-0.0011733344492534628	-1.9941527043065777e-05	0.00037662296426980584	-1.1938145889748846	0.11222194451387153	centered_position_bootstrap	0.13300378609051441	True	False	16566	0.9	4000	position_bootstrap	mtDNA_position	False	paired nonparametric bootstrap of whole mtDNA positions
benign	vus_low	C[T>A]G	-2.8106627056008665e-05	-2.8024537101050574e-05	-3.923739952823304e-05	-2.020136601300886e-05	5.890588855153651e-06	-4.771446072223883	0.0004998750312421895	centered_position_bootstrap	0.005998500374906274	True	True	16566	0.9	4000	position_bootstrap	mtDNA_position	False	paired nonparametric bootstrap of whole mtDNA positions
benign	vus_low	C[T>A]T	-0.000338601923726932	-0.0003167444230052405	-0.0008680510676086111	-2.9289764120751784e-05	0.0002810491013952664	-1.2047785317439017	0.12046988252936766	centered_position_bootstrap	0.13933865931107586	True	False	16566	0.9	4000	position_bootstrap	mtDNA_position	False	paired nonparametric bootstrap of whole mtDNA positions
benign	vus_low	G[T>A]A	-5.013550058962811e-05	-4.693125170287835e-05	-0.00010824246430630613	-1.5391257246635254e-05	2.9634041666956155e-05	-1.6918212221295617	0.06973256685828542	centered_position_bootstrap	0.10298963720608308	True	False	16566	0.9	4000	position_bootstrap	mtDNA_position	False	paired nonparametric bootstrap of whole mtDNA positions
benign	vus_low	G[T>A]C	-4.472802175824143e-05	-4.1625273961527186e-05	-0.00012197656047529873	3.12565384317687e-05	4.667339724503495e-05	-0.9583193938812657	0.32816795801049736	centered_position_bootstrap	0.33875402117212633	False	False	16566	0.9	4000	position_bootstrap	mtDNA_position	False	paired nonparametric bootstrap of whole mtDNA positions
benign	vus_low	G[T>A]G	-0.00010832069368668838	-0.00010016308730915515	-0.0002254967197276174	-3.171143985421367e-05	6.0674177686823414e-05	-1.7852849072928159	0.06098475381154711	centered_position_bootstrap	0.09482429392651837	True	False	16566	0.9	4000	position_bootstrap	mtDNA_position	False	paired nonparametric bootstrap of whole mtDNA positions
benign	vus_low	G[T>A]T	-2.2472441002728792e-05	-2.207213002803796e-05	-3.331681879108719e-05	-1.4223473614884765e-05	5.9361286043946934e-06	-3.7857065606853215	0.0017495626093476631	centered_position_bootstrap	0.013436640839790053	True	True	16566	0.9	4000	position_bootstrap	mtDNA_position	False	paired nonparametric bootstrap of whole mtDNA positions
benign	vus_low	T[T>A]A	-0.00017880868513751248	-0.00016887168600581744	-0.0004343169286540329	-3.8251459547565085e-05	0.0001324933229016134	-1.3495675194914678	0.08722819295176205	centered_position_bootstrap	0.11586577039950538	True	False	16566	0.9	4000	position_bootstrap	mtDNA_position	False	paired nonparametric bootstrap of whole mtDNA positions
benign	vus_low	T[T>A]C	-4.790698036220782e-05	-4.538063443243314e-05	-9.483432323809456e-05	-1.9183624112598525e-05	2.4657613231839075e-05	-1.9428879799423597	0.04673831542114471	centered_position_bootstrap	0.0871238501054348	True	False	16566	0.9	4000	position_bootstrap	mtDNA_position	False	paired nonparametric bootstrap of whole mtDNA positions
benign	vus_low	T[T>A]G	-0.00024607794201318055	-0.00022881458612640618	-0.0005745947923556879	-5.033603108872529e-05	0.00017153730445132324	-1.4345447644772193	0.08472881779555111	centered_position_bootstrap	0.1145629085686325	True	False	16566	0.9	4000	position_bootstrap	mtDNA_position	False	paired nonparametric bootstrap of whole mtDNA positions
benign	vus_low	T[T>A]T	-3.820411129817779e-05	-3.707850947207664e-05	-6.0323731868661715e-05	-2.257089660748097e-05	1.194361463544935e-05	-3.1987059583106223	0.005498625343664084	centered_position_bootstrap	0.024552001534500097	True	True	16566	0.9	4000	position_bootstrap	mtDNA_position	False	paired nonparametric bootstrap of whole mtDNA positions
benign	vus_low	T[A>T]T	-2.8898595787618497e-05	-2.7871719754622647e-05	-4.75953180182086e-05	-1.6321131667844954e-05	9.852925935841724e-06	-2.932996348069039	0.009747563109222694	centered_position_bootstrap	0.03743064233941515	True	True	16566	0.9	4000	position_bootstrap	mtDNA_position	False	paired nonparametric bootstrap of whole mtDNA positions
benign	vus_low	G[A>T]T	-0.0006346566504468938	-0.000611872842009517	-0.0018461894921696011	-2.083002200646536e-05	0.0006131281476008034	-1.0351125664844	0.15721069732566859	centered_position_bootstrap	0.1744766120608576	True	False	16566	0.9	4000	position_bootstrap	mtDNA_position	False	paired nonparametric bootstrap of whole mtDNA positions
benign	vus_low	C[A>T]T	-2.409631415126962e-05	-2.385733289746895e-05	-3.554891370959489e-05	-1.5839244520831316e-05	6.058686418557736e-06	-3.977151561675595	0.0014996250937265683	centered_position_bootstrap	0.013087637181613687	True	True	16566	0.9	4000	position_bootstrap	mtDNA_position	False	paired nonparametric bootstrap of whole mtDNA positions
benign	vus_low	A[A>T]T	-2.393004773622125e-05	-2.3167402500307342e-05	-4.728166755389891e-05	-5.891689504797359e-06	1.2509536205925124e-05	-1.912944440329196	0.05998500374906274	centered_position_bootstrap	0.09482429392651837	True	False	16566	0.9	4000	position_bootstrap	mtDNA_position	False	paired nonparametric bootstrap of whole mtDNA positions
benign	vus_low	T[A>T]G	-6.131518185154087e-05	-6.074947717880856e-05	-9.047430243950309e-05	-3.9581867804683994e-05	1.576496547785037e-05	-3.8893318185623764	0.0024993751562109472	centered_position_bootstrap	0.015996000999750064	True	True	16566	0.9	4000	position_bootstrap	mtDNA_position	False	paired nonparametric bootstrap of whole mtDNA positions
benign	vus_low	G[A>T]G	-2.3367429059037365e-05	-2.347808014647995e-05	-3.112707561560783e-05	-1.6859017346211767e-05	4.391180322762366e-06	-5.321446021678651	0.00024993751562109475	centered_position_bootstrap	0.003999000249937516	True	True	16566	0.9	4000	position_bootstrap	mtDNA_position	False	paired nonparametric bootstrap of whole mtDNA positions
benign	vus_low	C[A>T]G	-0.0018742673526256379	-0.0017580146568456183	-0.004317966142533397	-6.338803569152296e-05	0.0013218936935039888	-1.4178654167397178	0.09097725568607848	centered_position_bootstrap	0.11586577039950538	True	False	16566	0.9	4000	position_bootstrap	mtDNA_position	False	paired nonparametric bootstrap of whole mtDNA positions
benign	vus_low	A[A>T]G	-0.0002124475977456112	-0.00019114828880685843	-0.00047900121816379405	-3.6458337900644594e-05	0.0001428628115200514	-1.4870741761637056	0.07623094226443389	centered_position_bootstrap	0.1108813705664493	True	False	16566	0.9	4000	position_bootstrap	mtDNA_position	False	paired nonparametric bootstrap of whole mtDNA positions
benign	vus_low	T[A>T]C	-9.860830015442896e-05	-9.032352248837733e-05	-0.00023671667220909328	-6.205053923516193e-06	7.35010347992803e-05	-1.3415906377877893	0.13246688327918021	centered_position_bootstrap	0.15139072374763454	True	False	16566	0.9	4000	position_bootstrap	mtDNA_position	False	paired nonparametric bootstrap of whole mtDNA positions
benign	vus_low	G[A>T]C	-0.00020884639721514646	-0.00019356274632839995	-0.00043058526428935764	-5.9039309336987234e-05	0.00011486790555864335	-1.8181440342230701	0.05573606598350413	centered_position_bootstrap	0.09347228410288733	True	False	16566	0.9	4000	position_bootstrap	mtDNA_position	False	paired nonparametric bootstrap of whole mtDNA positions
benign	vus_low	C[A>T]C	-0.0001005363134791482	-9.917187836033957e-05	-0.0002861767483522076	7.083281266142146e-05	0.00010956352439070162	-0.9176075161715085	0.34716320919770055	centered_position_bootstrap	0.3545496604572261	False	False	16566	0.9	4000	position_bootstrap	mtDNA_position	False	paired nonparametric bootstrap of whole mtDNA positions
benign	vus_low	A[A>T]C	-2.0804388418533e-05	-2.1150761667254877e-05	-3.7899524371392835e-05	-4.333369274445302e-06	1.0193066020784307e-05	-2.0410334217507797	0.04648837790552362	centered_position_bootstrap	0.0871238501054348	True	False	16566	0.9	4000	position_bootstrap	mtDNA_position	False	paired nonparametric bootstrap of whole mtDNA positions
benign	vus_low	T[A>T]A	-5.968040597930732e-05	-5.8419674139109943e-05	-8.795728946571794e-05	-3.89185938920184e-05	1.5270238976209072e-05	-3.908282383287451	0.001999500124968758	centered_position_bootstrap	0.01421866755533339	True	True	16566	0.9	4000	position_bootstrap	mtDNA_position	False	paired nonparametric bootstrap of whole mtDNA positions
benign	vus_low	G[A>T]A	-2.7271797411514458e-05	-2.7221373512120124e-05	-3.6975582583205775e-05	-1.964103586580179e-05	5.338955136673021e-06	-5.1080776506597365	0.00024993751562109475	centered_position_bootstrap	0.003999000249937516	True	True	16566	0.9	4000	position_bootstrap	mtDNA_position	False	paired nonparametric bootstrap of whole mtDNA positions
benign	vus_low	C[A>T]A	-9.430630190126392e-05	-9.261441039956027e-05	-0.00014518256679967305	-5.5123993919516555e-05	2.7708888158277653e-05	-3.4034675575061355	0.00424893776555861	centered_position_bootstrap	0.022661001416312585	True	True	16566	0.9	4000	position_bootstrap	mtDNA_position	False	paired nonparametric bootstrap of whole mtDNA positions
benign	vus_low	A[A>T]A	-3.0955815445968966e-05	-3.095356726461854e-05	-5.08250834609179e-05	-1.417601325920798e-05	1.1163051579211823e-05	-2.773060325513127	0.009997500624843789	centered_position_bootstrap	0.03763764941117662	True	True	16566	0.9	4000	position_bootstrap	mtDNA_position	False	paired nonparametric bootstrap of whole mtDNA positions
benign	vus_low	A[T>C]A	-0.005261974973738676	-0.005562182399371033	-0.014128394795631648	0.003758066021142838	0.0055445878356041554	-0.9490290585621708	0.3211697075731067	centered_position_bootstrap	0.3333220748866837	False	False	16566	0.9	4000	position_bootstrap	mtDNA_position	False	paired nonparametric bootstrap of whole mtDNA positions
benign	vus_low	A[T>C]C	-0.006426274039972039	-0.006276130667440557	-0.010895973094849088	-0.003086095536422299	0.0023632302411509577	-2.719275476452209	0.010497375656085979	centered_position_bootstrap	0.03770485949941087	True	True	16566	0.9	4000	position_bootstrap	mtDNA_position	False	paired nonparametric bootstrap of whole mtDNA positions
benign	vus_low	A[T>C]G	-0.003154241909318852	-0.0030233060144916205	-0.005613073907032733	-0.0013692230316352857	0.0013536606285816022	-2.3301570886522285	0.027243189202699324	centered_position_bootstrap	0.06082200380137523	True	False	16566	0.9	4000	position_bootstrap	mtDNA_position	False	paired nonparametric bootstrap of whole mtDNA positions
benign	vus_low	A[T>C]T	-0.014969314931215607	-0.014739823824892698	-0.025834994270904812	-0.006764218281266495	0.005822120870461994	-2.5711102988536494	0.01699575106223444	centered_position_bootstrap	0.04798800299925018	True	True	16566	0.9	4000	position_bootstrap	mtDNA_position	False	paired nonparametric bootstrap of whole mtDNA positions
benign	vus_low	C[T>C]A	-0.009750015537172241	-0.009288616749915636	-0.01962766963866983	-0.003755430032677132	0.005088573537686869	-1.916060653336719	0.051487128217945516	centered_position_bootstrap	0.09069292309950036	True	False	16566	0.9	4000	position_bootstrap	mtDNA_position	False	paired nonparametric bootstrap of whole mtDNA positions
benign	vus_low	C[T>C]C	-0.016242982915293764	-0.015931052867440995	-0.02710888850822458	-0.008017164614216013	0.005831472183702224	-2.7854000505549164	0.009747563109222694	centered_position_bootstrap	0.03743064233941515	True	True	16566	0.9	4000	position_bootstrap	mtDNA_position	False	paired nonparametric bootstrap of whole mtDNA positions
benign	vus_low	C[T>C]G	-0.0019798391998631774	-0.0019581388049887787	-0.003131084644325934	-0.0010627716481143154	0.0006370405172376355	-3.107870137441567	0.005498625343664084	centered_position_bootstrap	0.024552001534500097	True	True	16566	0.9	4000	position_bootstrap	mtDNA_position	False	paired nonparametric bootstrap of whole mtDNA positions
benign	vus_low	C[T>C]T	-0.01261468340544604	-0.011894966504745308	-0.0241793729190716	-0.00478259786514321	0.0062733339827508805	-2.0108419924925554	0.03924018995251187	centered_position_bootstrap	0.07848037990502374	True	False	16566	0.9	4000	position_bootstrap	mtDNA_position	False	paired nonparametric bootstrap of whole mtDNA positions
benign	vus_low	G[T>C]A	-0.03511126248243942	-0.03370879831022597	-0.06325027147376	-0.012335285903314062	0.015632774421077897	-2.2460032708652404	0.023994001499625092	centered_position_bootstrap	0.05758560359910022	True	False	16566	0.9	4000	position_bootstrap	mtDNA_position	False	paired nonparametric bootstrap of whole mtDNA positions
benign	vus_low	G[T>C]C	-0.0687952887651924	-0.06233330327090048	-0.1579608339669854	-0.004664891396950625	0.049475202712461586	-1.3905003919845398	0.09172706823294176	centered_position_bootstrap	0.11586577039950538	True	False	16566	0.9	4000	position_bootstrap	mtDNA_position	False	paired nonparametric bootstrap of whole mtDNA positions
benign	vus_low	G[T>C]G	-0.011003828874992752	-0.00998379197692649	-0.02494007331113396	-0.0019544550748418097	0.007256490313412289	-1.5164119842693369	0.08372906773306674	centered_position_bootstrap	0.1145629085686325	True	False	16566	0.9	4000	position_bootstrap	mtDNA_position	False	paired nonparametric bootstrap of whole mtDNA positions
benign	vus_low	G[T>C]T	-0.006151693697417721	-0.006047656933964699	-0.01039550498004191	-0.0028746964990797883	0.0022960146633942253	-2.6792919903758805	0.010997250687328168	centered_position_bootstrap	0.03770485949941087	True	True	16566	0.9	4000	position_bootstrap	mtDNA_position	False	paired nonparametric bootstrap of whole mtDNA positions
benign	vus_low	T[T>C]A	-0.01164953998212716	-0.01145121345176095	-0.017988903148544715	-0.006810713583557846	0.0034351610968098097	-3.391264529906891	0.003749062734316421	centered_position_bootstrap	0.021812728636022814	True	True	16566	0.9	4000	position_bootstrap	mtDNA_position	False	paired nonparametric bootstrap of whole mtDNA positions
benign	vus_low	T[T>C]C	-0.007045373631079297	-0.006834600485621359	-0.01223199894091982	-0.003254877827731788	0.0028111248195829205	-2.5062471726618676	0.0189952511872032	centered_position_bootstrap	0.05136743983018329	True	False	16566	0.9	4000	position_bootstrap	mtDNA_position	False	paired nonparametric bootstrap of whole mtDNA positions
benign	vus_low	T[T>C]G	-0.003004590149128863	-0.002902959702836747	-0.004955461506425618	-0.001590044720848861	0.0010667745720923329	-2.816518342048376	0.01474631342164459	centered_position_bootstrap	0.043558341183934784	True	True	16566	0.9	4000	position_bootstrap	mtDNA_position	False	paired nonparametric bootstrap of whole mtDNA positions
benign	vus_low	T[T>C]T	-0.008411491401340178	-0.008217640320387146	-0.015101086635061175	-0.003259922462601491	0.003639023347507577	-2.311469479057159	0.021994501374656337	centered_position_bootstrap	0.05630592351912023	True	False	16566	0.9	4000	position_bootstrap	mtDNA_position	False	paired nonparametric bootstrap of whole mtDNA positions
benign	vus_low	T[A>G]T	-0.02386694067459712	-0.02292636836483431	-0.056253089007376016	-0.0027136016975790223	0.01778083054336339	-1.3422849183783119	0.08822794301424644	centered_position_bootstrap	0.11586577039950538	True	False	16566	0.9	4000	position_bootstrap	mtDNA_position	False	paired nonparametric bootstrap of whole mtDNA positions
benign	vus_low	G[A>G]T	-0.005264980302195505	-0.005082356809420726	-0.00863150499095921	-0.002639866697160381	0.0018462021495277293	-2.851789715195772	0.0094976255936016	centered_position_bootstrap	0.03743064233941515	True	True	16566	0.9	4000	position_bootstrap	mtDNA_position	False	paired nonparametric bootstrap of whole mtDNA positions
benign	vus_low	C[A>G]T	-0.000380591008396991	-0.0004259258399679063	-0.0012032517026853823	0.0005524696684948644	0.0005445401363472189	-0.6989218663476297	0.48087978005498627	centered_position_bootstrap	0.48594167247661774	False	False	16566	0.9	4000	position_bootstrap	mtDNA_position	False	paired nonparametric bootstrap of whole mtDNA positions
benign	vus_low	A[A>G]T	-0.0014756175125619875	-0.001552017056756515	-0.004635306700940575	0.001796011563438091	0.001974448498512326	-0.7473568004806459	0.4311422144463884	centered_position_bootstrap	0.4379857416598231	False	False	16566	0.9	4000	position_bootstrap	mtDNA_position	False	paired nonparametric bootstrap of whole mtDNA positions
benign	vus_low	T[A>G]G	-0.044571545320204665	-0.042567813421014886	-0.1054454252978053	-0.007772370608846119	0.03238143888978903	-1.3764535131346367	0.0899775056235941	centered_position_bootstrap	0.11586577039950538	True	False	16566	0.9	4000	position_bootstrap	mtDNA_position	False	paired nonparametric bootstrap of whole mtDNA positions
benign	vus_low	G[A>G]G	-0.006786006420897525	-0.006709878876099942	-0.01171591278924041	-0.0030105360163893567	0.0027161285976247166	-2.4984113148515723	0.017745563609097726	centered_position_bootstrap	0.04935908879922876	True	True	16566	0.9	4000	position_bootstrap	mtDNA_position	False	paired nonparametric bootstrap of whole mtDNA positions
benign	vus_low	C[A>G]G	-0.0033146973803396327	-0.003213316845275047	-0.005797931637591264	-0.0015199459888128348	0.0013157958809335317	-2.5191577419956044	0.020494876280929768	centered_position_bootstrap	0.05317589521538534	True	False	16566	0.9	4000	position_bootstrap	mtDNA_position	False	paired nonparametric bootstrap of whole mtDNA positions
benign	vus_low	A[A>G]G	-0.005252455524665991	-0.00487946533389638	-0.012067356375179647	-0.0010803863641024758	0.0034951394160317732	-1.502788558468834	0.08797800549862535	centered_position_bootstrap	0.11586577039950538	True	False	16566	0.9	4000	position_bootstrap	mtDNA_position	False	paired nonparametric bootstrap of whole mtDNA positions
benign	vus_low	T[A>G]C	-0.004281518756391414	-0.00414955384263698	-0.008518943746368034	-0.0008139333634282874	0.0023558484506983023	-1.8173999075035234	0.06573356660834791	centered_position_bootstrap	0.09937673062049449	True	False	16566	0.9	4000	position_bootstrap	mtDNA_position	False	paired nonparametric bootstrap of whole mtDNA positions
benign	vus_low	G[A>G]C	-0.008877849152629928	-0.008705965774182799	-0.01504347196482837	-0.0042673802847860275	0.00331205112998286	-2.680468629322118	0.010997250687328168	centered_position_bootstrap	0.03770485949941087	True	True	16566	0.9	4000	position_bootstrap	mtDNA_position	False	paired nonparametric bootstrap of whole mtDNA positions
benign	vus_low	C[A>G]C	-0.04795217375180799	-0.046047958986061205	-0.10258830393380503	-0.0029998919655615467	0.031316136744675836	-1.5312289042153484	0.07748062984253937	centered_position_bootstrap	0.1118517363140418	True	False	16566	0.9	4000	position_bootstrap	mtDNA_position	False	paired nonparametric bootstrap of whole mtDNA positions
benign	vus_low	A[A>G]C	-0.026715435277948688	-0.024217694616099593	-0.0675989714819468	0.0009295050672282999	0.021513326845262307	-1.241808645873476	0.1759560109972507	centered_position_bootstrap	0.1866494702291278	False	False	16566	0.9	4000	position_bootstrap	mtDNA_position	False	paired nonparametric bootstrap of whole mtDNA positions
benign	vus_low	T[A>G]A	-0.029122450376271848	-0.026771157659755795	-0.0598753697473141	-0.007459584881810455	0.016461238602477845	-1.7691530436772942	0.05823544113971507	centered_position_bootstrap	0.09476622441028398	True	False	16566	0.9	4000	position_bootstrap	mtDNA_position	False	paired nonparametric bootstrap of whole mtDNA positions
benign	vus_low	G[A>G]A	-0.049627573149904	-0.048023733878198846	-0.13077835049779052	-0.002163942659544623	0.04381958608811083	-1.1325431748742372	0.1279680079980005	centered_position_bootstrap	0.1471248954228509	True	False	16566	0.9	4000	position_bootstrap	mtDNA_position	False	paired nonparametric bootstrap of whole mtDNA positions
benign	vus_low	C[A>G]A	-0.001678829274878932	-0.0016324455961599467	-0.0027880003304004393	-0.0008830401695103673	0.0005914640920392967	-2.8384297499625575	0.012496875781054736	centered_position_bootstrap	0.040907805835426386	True	True	16566	0.9	4000	position_bootstrap	mtDNA_position	False	paired nonparametric bootstrap of whole mtDNA positions
benign	vus_low	A[A>G]A	-0.004697851487148028	-0.0042987405939221525	-0.012708988325556501	0.0012007885307590612	0.004306972396411387	-1.0907549560945236	0.250687328167958	centered_position_bootstrap	0.2615867772187388	False	False	16566	0.9	4000	position_bootstrap	mtDNA_position	False	paired nonparametric bootstrap of whole mtDNA positions
benign	vus_low	A[T>G]A	-4.461768715132016e-05	-4.3842487124879975e-05	-6.779260275868243e-05	-2.938191945044974e-05	1.2066800476099445e-05	-3.6975573798285497	0.0047488127968008	centered_position_bootstrap	0.023378770691942396	True	True	16566	0.9	4000	position_bootstrap	mtDNA_position	False	paired nonparametric bootstrap of whole mtDNA positions
benign	vus_low	A[T>G]C	-0.00017345983912520928	-0.00016302916192257607	-0.0003473769758305351	-3.604162547866267e-05	9.633202389257256e-05	-1.8006456432250197	0.05073731567108223	centered_position_bootstrap	0.09019967230414619	True	False	16566	0.9	4000	position_bootstrap	mtDNA_position	False	paired nonparametric bootstrap of whole mtDNA positions
benign	vus_low	A[T>G]G	-2.922569603521457e-05	-2.8751293412651363e-05	-4.239680265327673e-05	-2.0017289784672405e-05	7.040638144463061e-06	-4.151001008083111	0.0022494376405898524	centered_position_bootstrap	0.01489282851700868	True	True	16566	0.9	4000	position_bootstrap	mtDNA_position	False	paired nonparametric bootstrap of whole mtDNA positions
benign	vus_low	A[T>G]T	-2.7116136467384803e-05	-2.5927925697118742e-05	-5.131893713051799e-05	-1.2606333784221551e-05	1.2538977165196092e-05	-2.1625477190157034	0.03724068982754311	centered_position_bootstrap	0.0760660898605136	True	False	16566	0.9	4000	position_bootstrap	mtDNA_position	False	paired nonparametric bootstrap of whole mtDNA positions
benign	vus_low	C[T>G]A	-7.561334031905406e-05	-7.212003304338778e-05	-0.00018312060543731966	-1.7326531400255837e-05	5.522942557949776e-05	-1.3690770730580115	0.09272681829542614	centered_position_bootstrap	0.11627862265202929	True	False	16566	0.9	4000	position_bootstrap	mtDNA_position	False	paired nonparametric bootstrap of whole mtDNA positions
benign	vus_low	C[T>G]C	-0.00022425276620377383	-0.00021680413768115106	-0.0006357888203011214	-1.72706206434111e-05	0.00020765206617469356	-1.0799447861747469	0.14021494626343414	centered_position_bootstrap	0.15836040989752562	True	False	16566	0.9	4000	position_bootstrap	mtDNA_position	False	paired nonparametric bootstrap of whole mtDNA positions
benign	vus_low	C[T>G]G	-3.314064981230872e-05	-3.27434686894199e-05	-4.972730957386448e-05	-2.0286263700588504e-05	9.14386985298156e-06	-3.624357120689167	0.0022494376405898524	centered_position_bootstrap	0.01489282851700868	True	True	16566	0.9	4000	position_bootstrap	mtDNA_position	False	paired nonparametric bootstrap of whole mtDNA positions
benign	vus_low	C[T>G]T	-1.8599423309463e-05	-1.8604650733423425e-05	-2.5512493290991916e-05	-1.3389764480763217e-05	3.7266682864229204e-06	-4.990898539916961	0.0004998750312421895	centered_position_bootstrap	0.005998500374906274	True	True	16566	0.9	4000	position_bootstrap	mtDNA_position	False	paired nonparametric bootstrap of whole mtDNA positions
benign	vus_low	G[T>G]A	-0.00012814903738156064	-0.00012041214301686845	-0.00028491225672436823	-3.078021518584493e-05	8.318325365150484e-05	-1.5405629349200425	0.08122969257685579	centered_position_bootstrap	0.1145629085686325	True	False	16566	0.9	4000	position_bootstrap	mtDNA_position	False	paired nonparametric bootstrap of whole mtDNA positions
benign	vus_low	G[T>G]C	-3.264819106440981e-05	-3.063104588242828e-05	-7.738835130141935e-05	2.589993324957159e-06	2.4795921571606674e-05	-1.3166758480876393	0.1702074481379655	centered_position_bootstrap	0.18155461134716322	False	False	16566	0.9	4000	position_bootstrap	mtDNA_position	False	paired nonparametric bootstrap of whole mtDNA positions
benign	vus_low	G[T>G]G	-5.955480370025098e-05	-5.833631882995376e-05	-9.383100604581315e-05	-3.243961874034513e-05	1.904299481265495e-05	-3.1273864371729	0.0047488127968008	centered_position_bootstrap	0.023378770691942396	True	True	16566	0.9	4000	position_bootstrap	mtDNA_position	False	paired nonparametric bootstrap of whole mtDNA positions
benign	vus_low	G[T>G]T	-1.86356827827507e-05	-1.843683002854771e-05	-2.6381578036164714e-05	-1.2459363632261586e-05	4.2419244255020745e-06	-4.393214238027114	0.0007498125468632841	centered_position_bootstrap	0.00846847111751474	True	True	16566	0.9	4000	position_bootstrap	mtDNA_position	False	paired nonparametric bootstrap of whole mtDNA positions
benign	vus_low	T[T>G]A	-2.4002643694567556e-05	-2.4179349374339402e-05	-3.0233737607653894e-05	-1.9329492876028006e-05	3.366156053714149e-06	-7.130579602239035	0.00024993751562109475	centered_position_bootstrap	0.003999000249937516	True	True	16566	0.9	4000	position_bootstrap	mtDNA_position	False	paired nonparametric bootstrap of whole mtDNA positions
benign	vus_low	T[T>G]C	-1.7919404868306746e-05	-1.7884315038548322e-05	-2.571188063649622e-05	-1.1065528382090422e-05	4.525100745989425e-06	-3.960001306973912	0.0014996250937265683	centered_position_bootstrap	0.013087637181613687	True	True	16566	0.9	4000	position_bootstrap	mtDNA_position	False	paired nonparametric bootstrap of whole mtDNA positions
benign	vus_low	T[T>G]G	-4.495884654856942e-05	-4.320598040515405e-05	-7.545417486335432e-05	-2.5317616072789082e-05	1.5776456610840426e-05	-2.849742984598772	0.01374656335916021	centered_position_bootstrap	0.04257000266062517	True	True	16566	0.9	4000	position_bootstrap	mtDNA_position	False	paired nonparametric bootstrap of whole mtDNA positions
benign	vus_low	T[T>G]T	-3.0168074094078322e-05	-2.9703825360645257e-05	-4.6754310628950574e-05	-1.791417882221698e-05	8.867073106959265e-06	-3.402258414944285	0.003749062734316421	centered_position_bootstrap	0.021812728636022814	True	True	16566	0.9	4000	position_bootstrap	mtDNA_position	False	paired nonparametric bootstrap of whole mtDNA positions
benign	vus_low	T[A>C]T	-2.320989582942588e-05	-2.27956453370257e-05	-3.2715272188216445e-05	-1.597359973758817e-05	5.363919557381742e-06	-4.32704025128132	0.0014996250937265683	centered_position_bootstrap	0.013087637181613687	True	True	16566	0.9	4000	position_bootstrap	mtDNA_position	False	paired nonparametric bootstrap of whole mtDNA positions
benign	vus_low	G[A>C]T	-4.700130321013367e-05	-4.454014612369019e-05	-9.470196169920985e-05	-1.9094368841502493e-05	2.515694784424529e-05	-1.868322957980983	0.053236690827293175	centered_position_bootstrap	0.09257862525519062	True	False	16566	0.9	4000	position_bootstrap	mtDNA_position	False	paired nonparametric bootstrap of whole mtDNA positions
benign	vus_low	C[A>C]T	-5.286245662642871e-05	-5.1696807142914653e-05	-8.633051296554256e-05	-2.8147591265011588e-05	1.790479463711993e-05	-2.952419041815488	0.0094976255936016	centered_position_bootstrap	0.03743064233941515	True	True	16566	0.9	4000	position_bootstrap	mtDNA_position	False	paired nonparametric bootstrap of whole mtDNA positions
benign	vus_low	A[A>C]T	-1.2171317383078048e-05	-1.2215839605735218e-05	-1.731278835276908e-05	-8.213881355810693e-06	2.7817223293051317e-06	-4.375460934707461	0.0004998750312421895	centered_position_bootstrap	0.005998500374906274	True	True	16566	0.9	4000	position_bootstrap	mtDNA_position	False	paired nonparametric bootstrap of whole mtDNA positions
benign	vus_low	T[A>C]G	-4.159708372307178e-05	-4.1665419684884124e-05	-5.4847119239234106e-05	-3.195254332156912e-05	7.000701300133842e-06	-5.941845243743868	0.00024993751562109475	centered_position_bootstrap	0.003999000249937516	True	True	16566	0.9	4000	position_bootstrap	mtDNA_position	False	paired nonparametric bootstrap of whole mtDNA positions
benign	vus_low	G[A>C]G	-4.0958639698986846e-05	-3.909691347437356e-05	-7.469662459071764e-05	-2.0791172110188248e-05	1.7354543919406917e-05	-2.3601104061965223	0.027243189202699324	centered_position_bootstrap	0.06082200380137523	True	False	16566	0.9	4000	position_bootstrap	mtDNA_position	False	paired nonparametric bootstrap of whole mtDNA positions
benign	vus_low	C[A>C]G	-0.0003523637641104089	-0.00032418321402634084	-0.0007726450611097732	-6.946379775368207e-05	0.00022162294330761265	-1.589924575730086	0.07323169207698076	centered_position_bootstrap	0.1073319456395443	True	False	16566	0.9	4000	position_bootstrap	mtDNA_position	False	paired nonparametric bootstrap of whole mtDNA positions
benign	vus_low	A[A>C]G	-5.613226117163131e-05	-5.231478966619973e-05	-0.00011541427047878396	-1.958247803822199e-05	3.176226237116646e-05	-1.7672626878930309	0.05873531617095726	centered_position_bootstrap	0.09476622441028398	True	False	16566	0.9	4000	position_bootstrap	mtDNA_position	False	paired nonparametric bootstrap of whole mtDNA positions
benign	vus_low	T[A>C]C	-0.0001518320270160245	-0.0001408807850236074	-0.0003165599184740985	-3.7798997621238806e-05	8.624460754353699e-05	-1.7604813951919074	0.06123469132716821	centered_position_bootstrap	0.09482429392651837	True	False	16566	0.9	4000	position_bootstrap	mtDNA_position	False	paired nonparametric bootstrap of whole mtDNA positions
benign	vus_low	G[A>C]C	-0.00023395489665561911	-0.0002245004249242062	-0.0006264369069099005	-2.8058191347599035e-05	0.0001968078401522497	-1.188747849042155	0.11972006998250437	centered_position_bootstrap	0.13931062688873236	True	False	16566	0.9	4000	position_bootstrap	mtDNA_position	False	paired nonparametric bootstrap of whole mtDNA positions
benign	vus_low	C[A>C]C	-0.0005073969874084799	-0.0004925576330823045	-0.0008564427110627846	-0.00023629288356346773	0.00019188764992623914	-2.6442399372941474	0.014496375906023495	centered_position_bootstrap	0.043558341183934784	True	True	16566	0.9	4000	position_bootstrap	mtDNA_position	False	paired nonparametric bootstrap of whole mtDNA positions
benign	vus_low	A[A>C]C	-0.001014864072541563	-0.0009510672535978276	-0.0021420859015366103	-0.000184249205421864	0.0006044766421810026	-1.6789136282914887	0.06698325418645339	centered_position_bootstrap	0.10047488127968007	True	False	16566	0.9	4000	position_bootstrap	mtDNA_position	False	paired nonparametric bootstrap of whole mtDNA positions
benign	vus_low	T[A>C]A	-6.229550984068542e-05	-5.967786643759313e-05	-0.00012982457737358217	-2.482606245083136e-05	3.476834188655746e-05	-1.791730823515942	0.058485378655336165	centered_position_bootstrap	0.09476622441028398	True	False	16566	0.9	4000	position_bootstrap	mtDNA_position	False	paired nonparametric bootstrap of whole mtDNA positions
benign	vus_low	G[A>C]A	-2.4656693550136354e-05	-2.4057427857102812e-05	-3.861762364296309e-05	-1.5788309580393075e-05	7.1647191359089915e-06	-3.4414040637767647	0.005498625343664084	centered_position_bootstrap	0.024552001534500097	True	True	16566	0.9	4000	position_bootstrap	mtDNA_position	False	paired nonparametric bootstrap of whole mtDNA positions
benign	vus_low	C[A>C]A	-9.528035760165256e-05	-9.22772485457033e-05	-0.00015995462367156211	-4.64388348645084e-05	3.481208969674437e-05	-2.736990466003631	0.012996750812296926	centered_position_bootstrap	0.040907805835426386	True	True	16566	0.9	4000	position_bootstrap	mtDNA_position	False	paired nonparametric bootstrap of whole mtDNA positions
benign	vus_low	A[A>C]A	-0.0002093348707880872	-0.00019057904870821115	-0.0004842815330009139	-3.0354975730219834e-05	0.00014239150269101803	-1.4701359760373673	0.09122719320169957	centered_position_bootstrap	0.11586577039950538	True	False	16566	0.9	4000	position_bootstrap	mtDNA_position	False	paired nonparametric bootstrap of whole mtDNA positions
benign	vus_high	A[C>A]A	-8.180484391644705e-05	-7.947870982958498e-05	-0.00018489784297599015	-2.5895269462095305e-05	5.256766973162898e-05	-1.5561816670604025	0.08197950512371907	centered_position_bootstrap	0.10253337286796314	True	False	16566	0.9	4000	position_bootstrap	mtDNA_position	False	paired nonparametric bootstrap of whole mtDNA positions
benign	vus_high	A[C>A]C	-0.0002929019001729873	-0.00026817427127551825	-0.0006687513255648707	-6.162983943791824e-05	0.00019483790468661014	-1.503310665571515	0.08422894276430892	centered_position_bootstrap	0.10253337286796314	True	False	16566	0.9	4000	position_bootstrap	mtDNA_position	False	paired nonparametric bootstrap of whole mtDNA positions
benign	vus_high	A[C>A]G	-2.7597488002308804e-05	-2.7728972615765626e-05	-3.611840807632088e-05	-2.0892708012624944e-05	4.6553970731391694e-06	-5.928063185316995	0.00024993751562109475	centered_position_bootstrap	0.0034277144999464424	True	True	16566	0.9	4000	position_bootstrap	mtDNA_position	False	paired nonparametric bootstrap of whole mtDNA positions
benign	vus_high	A[C>A]T	-9.832866955869306e-05	-9.276986966129127e-05	-0.00020718309534622665	-3.5395138733963305e-05	5.541238790096863e-05	-1.7744889416139789	0.060484878780304924	centered_position_bootstrap	0.08666490093894437	True	False	16566	0.9	4000	position_bootstrap	mtDNA_position	False	paired nonparametric bootstrap of whole mtDNA positions
benign	vus_high	C[C>A]A	-0.0005227205847231287	-0.0004945408762826833	-0.0013075663038656774	-8.361194304190604e-05	0.0004100623703727001	-1.2747343391885364	0.1042239440139965	centered_position_bootstrap	0.1143485557182133	True	False	16566	0.9	4000	position_bootstrap	mtDNA_position	False	paired nonparametric bootstrap of whole mtDNA positions
benign	vus_high	C[C>A]C	-0.00015527146290817505	-0.00014975991534735132	-0.0002764129503851839	-7.488309223827485e-05	6.325822103327156e-05	-2.4545657524341036	0.02549362659335166	centered_position_bootstrap	0.05098725318670332	True	False	16566	0.9	4000	position_bootstrap	mtDNA_position	False	paired nonparametric bootstrap of whole mtDNA positions
benign	vus_high	C[C>A]G	-0.000649508355810576	-0.0006117388738597661	-0.0012890514756087174	-0.00018589023333769224	0.0003434521956509473	-1.8911172036025519	0.048987753061734564	centered_position_bootstrap	0.0783804048987753	True	False	16566	0.9	4000	position_bootstrap	mtDNA_position	False	paired nonparametric bootstrap of whole mtDNA positions
benign	vus_high	C[C>A]T	-0.00288353090005836	-0.0027724162814592637	-0.008315163614959507	-6.405884344111075e-05	0.0028771055237651402	-1.0022332779385899	0.16395901024743814	centered_position_bootstrap	0.1665615342196197	True	False	16566	0.9	4000	position_bootstrap	mtDNA_position	False	paired nonparametric bootstrap of whole mtDNA positions
benign	vus_high	G[C>A]A	-4.9069261421558494e-05	-4.688420582998151e-05	-8.58767902367178e-05	-2.0916862936555906e-05	1.9975834871464924e-05	-2.4564310697047733	0.02324418895276181	centered_position_bootstrap	0.049009024339659764	True	True	16566	0.9	4000	position_bootstrap	mtDNA_position	False	paired nonparametric bootstrap of whole mtDNA positions
benign	vus_high	G[C>A]C	-9.4005766809133e-05	-8.689735469948684e-05	-0.0001998331890662313	-2.4901698542390318e-05	5.573879346863951e-05	-1.6865411136325323	0.06273431642089478	centered_position_bootstrap	0.08922213890971702	True	False	16566	0.9	4000	position_bootstrap	mtDNA_position	False	paired nonparametric bootstrap of whole mtDNA positions
benign	vus_high	G[C>A]G	-0.0017277048059912798	-0.0016690970336225549	-0.0049751480330097785	-3.997874496151489e-05	0.00167827435673085	-1.0294531398052917	0.16220944763809048	centered_position_bootstrap	0.16566071248145411	True	False	16566	0.9	4000	position_bootstrap	mtDNA_position	False	paired nonparametric bootstrap of whole mtDNA positions
benign	vus_high	G[C>A]T	-0.0006239885517185323	-0.0006084490631760581	-0.0017991632939436473	-3.1409315936734975e-05	0.000596348828803118	-1.0463482471674972	0.15921019745063733	centered_position_bootstrap	0.16346715460172387	True	False	16566	0.9	4000	position_bootstrap	mtDNA_position	False	paired nonparametric bootstrap of whole mtDNA positions
benign	vus_high	T[C>A]A	-0.0001619027109421246	-0.00015531789530875872	-0.0002716840694837502	-8.539360562637734e-05	5.831491444516459e-05	-2.7763516843425533	0.012246938265433641	centered_position_bootstrap	0.035285296322978076	True	True	16566	0.9	4000	position_bootstrap	mtDNA_position	False	paired nonparametric bootstrap of whole mtDNA positions
benign	vus_high	T[C>A]C	-0.0004996838013135604	-0.0004719956009309799	-0.0010051984420472527	-0.00013576678638971374	0.0002642665041930111	-1.890832903093192	0.052236940764808795	centered_position_bootstrap	0.08220895595773188	True	False	16566	0.9	4000	position_bootstrap	mtDNA_position	False	paired nonparametric bootstrap of whole mtDNA positions
benign	vus_high	T[C>A]G	-0.0019773921054677536	-0.0017413471813084813	-0.004758214030302053	-8.88533396461814e-05	0.001487893525255087	-1.3289876405159746	0.10372406898275431	centered_position_bootstrap	0.1143485557182133	True	False	16566	0.9	4000	position_bootstrap	mtDNA_position	False	paired nonparametric bootstrap of whole mtDNA positions
benign	vus_high	T[C>A]T	-0.00048505280109544506	-0.00047159676910874903	-0.0008524320725374697	-0.00022033465150988422	0.000196588953221216	-2.4673451541787745	0.019995001249687578	centered_position_bootstrap	0.04516517929341194	True	True	16566	0.9	4000	position_bootstrap	mtDNA_position	False	paired nonparametric bootstrap of whole mtDNA positions
benign	vus_high	T[G>T]T	-2.2283053982578888e-05	-2.1551035857751183e-05	-3.391363543051687e-05	-1.3945860252155414e-05	6.249750209561302e-06	-3.565431134909796	0.003999000249937516	centered_position_bootstrap	0.01897200118575007	True	True	16566	0.9	4000	position_bootstrap	mtDNA_position	False	paired nonparametric bootstrap of whole mtDNA positions
benign	vus_high	G[G>T]T	-7.324434339613906e-05	-6.981506480152364e-05	-0.0001404497325381192	-2.4808707813532636e-05	3.612439722173763e-05	-2.027558908361929	0.040989752561859535	centered_position_bootstrap	0.07264238986125028	True	False	16566	0.9	4000	position_bootstrap	mtDNA_position	False	paired nonparametric bootstrap of whole mtDNA positions
benign	vus_high	C[G>T]T	-6.288857803781938e-05	-5.905859837540367e-05	-0.00013315907762242752	-1.6231205037568234e-05	3.573302991433234e-05	-1.7599564937143792	0.06573356660834791	centered_position_bootstrap	0.09280032932943234	True	False	16566	0.9	4000	position_bootstrap	mtDNA_position	False	paired nonparametric bootstrap of whole mtDNA positions
benign	vus_high	A[G>T]T	-2.0010470951840185e-05	-2.0031674134495238e-05	-2.6967958872273165e-05	-1.4661516759990421e-05	3.7246824329067893e-06	-5.372396523003375	0.00024993751562109475	centered_position_bootstrap	0.0034277144999464424	True	True	16566	0.9	4000	position_bootstrap	mtDNA_position	False	paired nonparametric bootstrap of whole mtDNA positions
benign	vus_high	T[G>T]G	-5.456240851987336e-05	-5.2426856235253004e-05	-0.00012708118836418845	-1.5015992029719545e-05	3.6819592622785515e-05	-1.481885176700946	0.0852286928267933	centered_position_bootstrap	0.10253337286796314	True	False	16566	0.9	4000	position_bootstrap	mtDNA_position	False	paired nonparametric bootstrap of whole mtDNA positions
benign	vus_high	G[G>T]G	-2.405253451073316e-05	-2.3625284461675645e-05	-3.74978918201516e-05	-1.4352926432916263e-05	7.083022030490524e-06	-3.3958011717588064	0.004498875281179705	centered_position_bootstrap	0.019195201199700074	True	True	16566	0.9	4000	position_bootstrap	mtDNA_position	False	paired nonparametric bootstrap of whole mtDNA positions
benign	vus_high	C[G>T]G	-1.4749986320170859e-05	-1.4417470388160499e-05	-2.3793128918370483e-05	-7.39026348204975e-06	5.000154862849532e-06	-2.949905897867533	0.007748062984253936	centered_position_bootstrap	0.02754866838845844	True	True	16566	0.9	4000	position_bootstrap	mtDNA_position	False	paired nonparametric bootstrap of whole mtDNA positions
benign	vus_high	A[G>T]G	-2.5962258319836516e-05	-2.4837290219150056e-05	-5.0808295702428505e-05	-7.73931576720753e-06	1.3254008186698387e-05	-1.9588231691219282	0.041989502624343915	centered_position_bootstrap	0.07306281537723677	True	False	16566	0.9	4000	position_bootstrap	mtDNA_position	False	paired nonparametric bootstrap of whole mtDNA positions
benign	vus_high	T[G>T]C	-1.9652680636818558e-05	-1.9749789672919913e-05	-2.6030622606039678e-05	-1.4418366211612147e-05	3.536271198108084e-06	-5.557458558985182	0.00024993751562109475	centered_position_bootstrap	0.0034277144999464424	True	True	16566	0.9	4000	position_bootstrap	mtDNA_position	False	paired nonparametric bootstrap of whole mtDNA positions
benign	vus_high	G[G>T]C	-0.0005451214737153133	-0.000524213048348593	-0.001597354781097303	-2.3268612106261033e-06	0.0005492667068313816	-0.9924531506014966	0.17395651087228192	centered_position_bootstrap	0.17486727794491166	True	False	16566	0.9	4000	position_bootstrap	mtDNA_position	False	paired nonparametric bootstrap of whole mtDNA positions
benign	vus_high	C[G>T]C	-3.374014069798297e-05	-3.1960705547207097e-05	-6.181241798476121e-05	-1.4407122253849e-05	1.5136174578297631e-05	-2.2291062066871143	0.03124218945263684	centered_position_bootstrap	0.05939109282085419	True	False	16566	0.9	4000	position_bootstrap	mtDNA_position	False	paired nonparametric bootstrap of whole mtDNA positions
benign	vus_high	A[G>T]C	-1.1521157677061583e-05	-1.1263528244601038e-05	-2.0322533355301527e-05	-3.652115638255938e-06	5.057316980492837e-06	-2.2781165826664957	0.02999250187453137	centered_position_bootstrap	0.05758560359910023	True	False	16566	0.9	4000	position_bootstrap	mtDNA_position	False	paired nonparametric bootstrap of whole mtDNA positions
benign	vus_high	T[G>T]A	-0.00027918845282970536	-0.00026911521247196553	-0.0007736912669487211	-1.0796199204681811e-05	0.0002541162485656565	-1.0986643097620377	0.14596350912271933	centered_position_bootstrap	0.15230974864979407	True	False	16566	0.9	4000	position_bootstrap	mtDNA_position	False	paired nonparametric bootstrap of whole mtDNA positions
benign	vus_high	G[G>T]A	-2.0349044277931756e-05	-1.877759985818422e-05	-4.137714254868049e-05	-6.532037885316501e-06	1.1061446069154927e-05	-1.8396368929262774	0.05573606598350413	centered_position_bootstrap	0.08416357449099264	True	False	16566	0.9	4000	position_bootstrap	mtDNA_position	False	paired nonparametric bootstrap of whole mtDNA positions
benign	vus_high	C[G>T]A	-7.295410824433361e-05	-6.83994279804196e-05	-0.0001515682787704142	-2.4941269174354004e-05	4.013975889369577e-05	-1.8175024029800928	0.056485878530367406	centered_position_bootstrap	0.08416357449099264	True	False	16566	0.9	4000	position_bootstrap	mtDNA_position	False	paired nonparametric bootstrap of whole mtDNA positions
benign	vus_high	A[G>T]A	-3.519883099131682e-05	-3.451258420025949e-05	-5.315438291649582e-05	-2.2352616556349377e-05	9.573939628361463e-06	-3.6765252714823045	0.003749062734316421	centered_position_bootstrap	0.01897200118575007	True	True	16566	0.9	4000	position_bootstrap	mtDNA_position	False	paired nonparametric bootstrap of whole mtDNA positions
benign	vus_high	A[C>G]A	-9.055071815805424e-05	-8.586190615176754e-05	-0.00017180456519877622	-3.8087214767694646e-05	4.2371763457056666e-05	-2.1370533291546017	0.03499125218695326	centered_position_bootstrap	0.06459923480668293	True	False	16566	0.9	4000	position_bootstrap	mtDNA_position	False	paired nonparametric bootstrap of whole mtDNA positions
benign	vus_high	A[C>G]C	-9.469701000172733e-05	-8.840163666515356e-05	-0.00018686580808125437	-3.5526630629491375e-05	4.836775859092549e-05	-1.957854007721042	0.04548862784303924	centered_position_bootstrap	0.07661242584090819	True	False	16566	0.9	4000	position_bootstrap	mtDNA_position	False	paired nonparametric bootstrap of whole mtDNA positions
benign	vus_high	A[C>G]G	-2.727658697902614e-05	-2.7447255039064656e-05	-3.537830340162547e-05	-2.0853521507264363e-05	4.453463967074019e-06	-6.1248024415805915	0.00024993751562109475	centered_position_bootstrap	0.0034277144999464424	True	True	16566	0.9	4000	position_bootstrap	mtDNA_position	False	paired nonparametric bootstrap of whole mtDNA positions
benign	vus_high	A[C>G]T	-4.4555178393782795e-05	-4.347438287206641e-05	-6.935821593429845e-05	-2.6806555332365814e-05	1.3086554534703189e-05	-3.404653094565913	0.00424893776555861	centered_position_bootstrap	0.01897200118575007	True	True	16566	0.9	4000	position_bootstrap	mtDNA_position	False	paired nonparametric bootstrap of whole mtDNA positions
benign	vus_high	C[C>G]A	-5.062006000445374e-05	-5.012346875234196e-05	-7.308029873245147e-05	-3.5093452745045465e-05	1.1578833211852395e-05	-4.37177555616206	0.000999750062484379	centered_position_bootstrap	0.00914057199985718	True	True	16566	0.9	4000	position_bootstrap	mtDNA_position	False	paired nonparametric bootstrap of whole mtDNA positions
benign	vus_high	C[C>G]C	-2.769635715560891e-05	-2.7801875037790067e-05	-3.491183273249126e-05	-2.213077318157745e-05	3.871961019314179e-06	-7.153056814738964	0.00024993751562109475	centered_position_bootstrap	0.0034277144999464424	True	True	16566	0.9	4000	position_bootstrap	mtDNA_position	False	paired nonparametric bootstrap of whole mtDNA positions
benign	vus_high	C[C>G]G	-2.713136169841647e-05	-2.7199594188529757e-05	-3.5670281968246185e-05	-2.0597532364392152e-05	4.624797617741763e-06	-5.8664970753173	0.00024993751562109475	centered_position_bootstrap	0.0034277144999464424	True	True	16566	0.9	4000	position_bootstrap	mtDNA_position	False	paired nonparametric bootstrap of whole mtDNA positions
benign	vus_high	C[C>G]T	-4.2167488440102774e-05	-4.047660450005446e-05	-7.437248704962594e-05	-2.2102981990670012e-05	1.716865607059447e-05	-2.4560739213784433	0.02174456385903524	centered_position_bootstrap	0.04638840289927518	True	True	16566	0.9	4000	position_bootstrap	mtDNA_position	False	paired nonparametric bootstrap of whole mtDNA positions
benign	vus_high	G[C>G]A	-2.2861814980498848e-05	-2.238263053073772e-05	-3.324300963125965e-05	-1.563033731336619e-05	5.391395015497397e-06	-4.2404266270201445	0.0012496875781054736	centered_position_bootstrap	0.01043217456505439	True	True	16566	0.9	4000	position_bootstrap	mtDNA_position	False	paired nonparametric bootstrap of whole mtDNA positions
benign	vus_high	G[C>G]C	-3.3278894755426816e-05	-3.279762829967028e-05	-5.5087880477547936e-05	-1.7401467240813157e-05	1.1665859393396156e-05	-2.852674083682633	0.012496875781054736	centered_position_bootstrap	0.035285296322978076	True	True	16566	0.9	4000	position_bootstrap	mtDNA_position	False	paired nonparametric bootstrap of whole mtDNA positions
benign	vus_high	G[C>G]G	-3.50834249880666e-05	-3.440777959573322e-05	-6.054540031774881e-05	-1.8098311979053914e-05	1.308744772244202e-05	-2.6806926554446853	0.015996000999750064	centered_position_bootstrap	0.04094976255936016	True	True	16566	0.9	4000	position_bootstrap	mtDNA_position	False	paired nonparametric bootstrap of whole mtDNA positions
benign	vus_high	G[C>G]T	-2.6730706433985524e-05	-2.6121117150857933e-05	-3.980035818107891e-05	-1.8138728068624234e-05	6.659724698314597e-06	-4.0137855008857	0.0017495626093476631	centered_position_bootstrap	0.011291294823352987	True	True	16566	0.9	4000	position_bootstrap	mtDNA_position	False	paired nonparametric bootstrap of whole mtDNA positions
benign	vus_high	T[C>G]A	-0.00015075343655705775	-0.00014227943436433165	-0.0003055054336169737	-4.0652678400302924e-05	8.110677260491365e-05	-1.8587034314804525	0.05373656585853537	centered_position_bootstrap	0.08388146865722594	True	False	16566	0.9	4000	position_bootstrap	mtDNA_position	False	paired nonparametric bootstrap of whole mtDNA positions
benign	vus_high	T[C>G]C	-3.201464967973217e-05	-3.184046316935147e-05	-4.4155829438818735e-05	-2.3365978689470825e-05	6.329252180477344e-06	-5.058204155379011	0.00024993751562109475	centered_position_bootstrap	0.0034277144999464424	True	True	16566	0.9	4000	position_bootstrap	mtDNA_position	False	paired nonparametric bootstrap of whole mtDNA positions
benign	vus_high	T[C>G]G	-3.879693371487365e-05	-3.6809300138489345e-05	-6.736991203187554e-05	-2.133954016701462e-05	1.4719695906191675e-05	-2.635715707860116	0.01799550112471882	centered_position_bootstrap	0.04318920269932517	True	True	16566	0.9	4000	position_bootstrap	mtDNA_position	False	paired nonparametric bootstrap of whole mtDNA positions
benign	vus_high	T[C>G]T	-2.916149104782235e-05	-2.936470385478912e-05	-3.7096325318763544e-05	-2.3291559911835935e-05	4.161384803889953e-06	-7.00764106711856	0.00024993751562109475	centered_position_bootstrap	0.0034277144999464424	True	True	16566	0.9	4000	position_bootstrap	mtDNA_position	False	paired nonparametric bootstrap of whole mtDNA positions
benign	vus_high	T[G>C]T	-6.562817268841727e-05	-6.293019784903187e-05	-0.00011596365330584936	-3.116344157850922e-05	2.632334162189523e-05	-2.493155072448289	0.019745063734066485	centered_position_bootstrap	0.04513157424929483	True	True	16566	0.9	4000	position_bootstrap	mtDNA_position	False	paired nonparametric bootstrap of whole mtDNA positions
benign	vus_high	G[G>C]T	-5.9703372348113335e-05	-5.7240802017224254e-05	-0.00010647270151336463	-2.6888782527252656e-05	2.4561836851668624e-05	-2.430737273790553	0.020494876280929768	centered_position_bootstrap	0.04523007179239673	True	True	16566	0.9	4000	position_bootstrap	mtDNA_position	False	paired nonparametric bootstrap of whole mtDNA positions
benign	vus_high	C[G>C]T	-0.0001497123611497342	-0.0001371593655075021	-0.00033675274728496243	-3.0813367519134535e-05	9.582890349987252e-05	-1.5622881581853156	0.08322919270182455	centered_position_bootstrap	0.10253337286796314	True	False	16566	0.9	4000	position_bootstrap	mtDNA_position	False	paired nonparametric bootstrap of whole mtDNA positions
benign	vus_high	A[G>C]T	-2.970626615530914e-05	-2.8605350239429972e-05	-5.145678886086422e-05	-1.5190443908125804e-05	1.1372108513075404e-05	-2.6122038952717976	0.016745813546613347	centered_position_bootstrap	0.04175579481752938	True	True	16566	0.9	4000	position_bootstrap	mtDNA_position	False	paired nonparametric bootstrap of whole mtDNA positions
benign	vus_high	T[G>C]G	-0.00027308215353263356	-0.00026536155662795573	-0.0007670212447254964	-1.768805273050996e-05	0.0002529407403173452	-1.079628980250546	0.1519620094976256	centered_position_bootstrap	0.1577119233705087	True	False	16566	0.9	4000	position_bootstrap	mtDNA_position	False	paired nonparametric bootstrap of whole mtDNA positions
benign	vus_high	G[G>C]G	-1.671944472087549e-05	-1.6711874658604377e-05	-2.3493429919959317e-05	-1.1297684272923792e-05	3.758644088977695e-06	-4.448264939451336	0.0007498125468632841	centered_position_bootstrap	0.0071982004498875275	True	True	16566	0.9	4000	position_bootstrap	mtDNA_position	False	paired nonparametric bootstrap of whole mtDNA positions
benign	vus_high	C[G>C]G	-0.001254195806496952	-0.001202090382912841	-0.0036841175077369703	-6.7715113479736255e-06	0.001247889330493719	-1.005053714178915	0.16745813546613347	centered_position_bootstrap	0.16922085268156645	True	False	16566	0.9	4000	position_bootstrap	mtDNA_position	False	paired nonparametric bootstrap of whole mtDNA positions
benign	vus_high	A[G>C]G	-7.588967816567596e-06	-7.61124825913209e-06	-1.1096270051881863e-05	-4.720747098397454e-06	1.9453621859286962e-06	-3.901056508376973	0.0004998750312421895	centered_position_bootstrap	0.005332000333250021	True	True	16566	0.9	4000	position_bootstrap	mtDNA_position	False	paired nonparametric bootstrap of whole mtDNA positions
benign	vus_high	T[G>C]C	-7.655745740611408e-05	-7.585824668278121e-05	-0.00011464152212207289	-4.6299370559814155e-05	2.1044222735890903e-05	-3.637932289870008	0.001999500124968758	centered_position_bootstrap	0.011291294823352987	True	True	16566	0.9	4000	position_bootstrap	mtDNA_position	False	paired nonparametric bootstrap of whole mtDNA positions
benign	vus_high	G[G>C]C	-0.0015655014249505161	-0.001420308039162634	-0.0036855741846866592	-0.00023853716679393157	0.0010940650109599358	-1.4309034739872912	0.09422644338915272	centered_position_bootstrap	0.10642045371010189	True	False	16566	0.9	4000	position_bootstrap	mtDNA_position	False	paired nonparametric bootstrap of whole mtDNA positions
benign	vus_high	C[G>C]C	-4.6931774655089094e-05	-4.4874826493420365e-05	-8.054560858662944e-05	-2.1608235250214285e-05	1.848093606489975e-05	-2.539469564218942	0.016495876030992253	centered_position_bootstrap	0.04167379207829622	True	True	16566	0.9	4000	position_bootstrap	mtDNA_position	False	paired nonparametric bootstrap of whole mtDNA positions
benign	vus_high	A[G>C]C	-0.0005698229044043163	-0.0005434526394681582	-0.0015893987815493137	-1.8897301976784374e-05	0.0005298833203926769	-1.0753742993496034	0.14596350912271933	centered_position_bootstrap	0.15230974864979407	True	False	16566	0.9	4000	position_bootstrap	mtDNA_position	False	paired nonparametric bootstrap of whole mtDNA positions
benign	vus_high	T[G>C]A	-4.555273672683529e-05	-4.28844612148505e-05	-9.386993252419485e-05	-1.4828237787653914e-05	2.5668717816467848e-05	-1.7746401301591617	0.05773556610847288	centered_position_bootstrap	0.08462006635745643	True	False	16566	0.9	4000	position_bootstrap	mtDNA_position	False	paired nonparametric bootstrap of whole mtDNA positions
benign	vus_high	G[G>C]A	-1.0317825267683709e-05	-9.674109099574133e-06	-2.118700507335815e-05	-2.1415780157320316e-06	5.8483815595725895e-06	-1.764218897584677	0.071232191952012	centered_position_bootstrap	0.09631394968159368	True	False	16566	0.9	4000	position_bootstrap	mtDNA_position	False	paired nonparametric bootstrap of whole mtDNA positions
benign	vus_high	C[G>C]A	-1.2515139908023756e-05	-1.2614191871838394e-05	-3.34566928295272e-05	6.803048185176478e-06	1.2314839568587935e-05	-1.016264957275346	0.30017495626093477	centered_position_bootstrap	0.30017495626093477	False	False	16566	0.9	4000	position_bootstrap	mtDNA_position	False	paired nonparametric bootstrap of whole mtDNA positions
benign	vus_high	A[G>C]A	-1.706609987457785e-05	-1.6945159890495878e-05	-2.5304071850547576e-05	-1.1072088276886984e-05	4.419352223344086e-06	-3.8616745197249918	0.0017495626093476631	centered_position_bootstrap	0.011291294823352987	True	True	16566	0.9	4000	position_bootstrap	mtDNA_position	False	paired nonparametric bootstrap of whole mtDNA positions
benign	vus_high	A[C>T]A	-0.0052340965360277054	-0.005114159526224024	-0.008256746023981415	-0.0029844615656954335	0.0016316529543056082	-3.2078491459939222	0.0049987503124218945	centered_position_bootstrap	0.02042042680819157	True	True	16566	0.9	4000	position_bootstrap	mtDNA_position	False	paired nonparametric bootstrap of whole mtDNA positions
benign	vus_high	A[C>T]C	-0.007588143644698345	-0.0072648008126108415	-0.013669862146679332	-0.0030530645454007175	0.0032645247782990476	-2.3244251950974872	0.024493876530867282	centered_position_bootstrap	0.049503413620279144	True	True	16566	0.9	4000	position_bootstrap	mtDNA_position	False	paired nonparametric bootstrap of whole mtDNA positions
benign	vus_high	A[C>T]G	-0.0023547717088481628	-0.002285089277661333	-0.0040078687333692815	-0.0011524477925075054	0.0008682874765158641	-2.711972442925289	0.012496875781054736	centered_position_bootstrap	0.035285296322978076	True	True	16566	0.9	4000	position_bootstrap	mtDNA_position	False	paired nonparametric bootstrap of whole mtDNA positions
benign	vus_high	A[C>T]T	-0.021373138280315878	-0.020705639552835213	-0.05037709221359002	-0.004252700085697365	0.015039156775289128	-1.4211660001732365	0.09347663084228942	centered_position_bootstrap	0.10619830249538208	True	False	16566	0.9	4000	position_bootstrap	mtDNA_position	False	paired nonparametric bootstrap of whole mtDNA positions
benign	vus_high	C[C>T]A	-0.0058771391481959746	-0.005776330176120496	-0.009133063878094838	-0.0034664343559007507	0.001727605723785812	-3.401898400357824	0.003999000249937516	centered_position_bootstrap	0.01897200118575007	True	True	16566	0.9	4000	position_bootstrap	mtDNA_position	False	paired nonparametric bootstrap of whole mtDNA positions
benign	vus_high	C[C>T]C	-0.016172755647234763	-0.015257972609969316	-0.03693350343078745	-0.003549611740396097	0.010963338537892333	-1.4751670388848472	0.08197950512371907	centered_position_bootstrap	0.10253337286796314	True	False	16566	0.9	4000	position_bootstrap	mtDNA_position	False	paired nonparametric bootstrap of whole mtDNA positions
benign	vus_high	C[C>T]G	-0.005242107945124345	-0.004878017228981296	-0.01231570834948394	-0.0011084417256319041	0.003576242327152941	-1.4658145241789602	0.08922769307673081	centered_position_bootstrap	0.1043594523055983	True	False	16566	0.9	4000	position_bootstrap	mtDNA_position	False	paired nonparametric bootstrap of whole mtDNA positions
benign	vus_high	C[C>T]T	-0.0077705508166426825	-0.0072104879763227	-0.01585169800333151	-0.0024360830020936177	0.004337412901030304	-1.7915174307700508	0.05548612846788303	centered_position_bootstrap	0.08416357449099264	True	False	16566	0.9	4000	position_bootstrap	mtDNA_position	False	paired nonparametric bootstrap of whole mtDNA positions
benign	vus_high	G[C>T]A	-0.0016150106533784913	-0.0015911501175440565	-0.002581774353056181	-0.0008795554872346834	0.0005210708562411605	-3.099406988578606	0.005498625343664084	centered_position_bootstrap	0.02154563399966335	True	True	16566	0.9	4000	position_bootstrap	mtDNA_position	False	paired nonparametric bootstrap of whole mtDNA positions
benign	vus_high	G[C>T]C	-0.005412086922725501	-0.005203602980913647	-0.010528676339560655	-0.0015650498883425438	0.0027443446281911928	-1.972087203308947	0.04423894026493377	centered_position_bootstrap	0.07516704894572816	True	False	16566	0.9	4000	position_bootstrap	mtDNA_position	False	paired nonparametric bootstrap of whole mtDNA positions
benign	vus_high	G[C>T]G	-0.0024324507991726175	-0.0023079812837899895	-0.0056245097100167405	-0.0005733740802886161	0.0016371041479093266	-1.4858253228904177	0.0857285678580355	centered_position_bootstrap	0.10253337286796314	True	False	16566	0.9	4000	position_bootstrap	mtDNA_position	False	paired nonparametric bootstrap of whole mtDNA positions
benign	vus_high	G[C>T]T	-0.0023145526952725024	-0.0021929492707324534	-0.004432022576803934	-0.0008479568815857741	0.0011070388927392656	-2.09076005409833	0.040989752561859535	centered_position_bootstrap	0.07264238986125028	True	False	16566	0.9	4000	position_bootstrap	mtDNA_position	False	paired nonparametric bootstrap of whole mtDNA positions
benign	vus_high	T[C>T]A	-0.0075101321671923365	-0.007362283344666466	-0.012363778031631953	-0.0036659082695797867	0.0026919036063925033	-2.7898963950112905	0.011497125718570358	centered_position_bootstrap	0.03503885933278585	True	True	16566	0.9	4000	position_bootstrap	mtDNA_position	False	paired nonparametric bootstrap of whole mtDNA positions
benign	vus_high	T[C>T]C	-0.007535993268299212	-0.007123143430478221	-0.014863457755336623	-0.0019771440578835267	0.003989796095383698	-1.88881664329126	0.04698825293676581	centered_position_bootstrap	0.07710892789623107	True	False	16566	0.9	4000	position_bootstrap	mtDNA_position	False	paired nonparametric bootstrap of whole mtDNA positions
benign	vus_high	T[C>T]G	-0.004786415257823686	-0.0045490288145717366	-0.008855865570111669	-0.0019077415015719705	0.0021251859879718904	-2.2522335856314686	0.03199200199950013	centered_position_bootstrap	0.060220239057882596	True	False	16566	0.9	4000	position_bootstrap	mtDNA_position	False	paired nonparametric bootstrap of whole mtDNA positions
benign	vus_high	T[C>T]T	-0.00979498032432543	-0.009289455389478	-0.02306601037554165	-0.00164766006343276	0.007070717582372355	-1.385288015002154	0.09647588102974257	centered_position_bootstrap	0.10832379624392148	True	False	16566	0.9	4000	position_bootstrap	mtDNA_position	False	paired nonparametric bootstrap of whole mtDNA positions
benign	vus_high	T[G>A]T	-0.011342990219077144	-0.01109128269711344	-0.019469070825281314	-0.004744950593999066	0.004498019929692491	-2.5217741131379583	0.014996250937265684	centered_position_bootstrap	0.03944219424595906	True	True	16566	0.9	4000	position_bootstrap	mtDNA_position	False	paired nonparametric bootstrap of whole mtDNA positions
benign	vus_high	G[G>A]T	-0.017544174488769305	-0.016714071751792976	-0.03325395382906301	-0.005850284610138907	0.008368103666836076	-2.096553196191777	0.03399150212446888	centered_position_bootstrap	0.06336280007667985	True	False	16566	0.9	4000	position_bootstrap	mtDNA_position	False	paired nonparametric bootstrap of whole mtDNA positions
benign	vus_high	C[G>A]T	-0.02806003874853122	-0.02516732893616464	-0.061813568597862266	-0.0023774808469552104	0.018744611186214455	-1.4969656329370922	0.0854786303424144	centered_position_bootstrap	0.10253337286796314	True	False	16566	0.9	4000	position_bootstrap	mtDNA_position	False	paired nonparametric bootstrap of whole mtDNA positions
benign	vus_high	A[G>A]T	-0.005648935320352987	-0.00557343144040958	-0.009114876347516046	-0.0030836546875621066	0.0018374355830308208	-3.074358291807519	0.004498875281179705	centered_position_bootstrap	0.019195201199700074	True	True	16566	0.9	4000	position_bootstrap	mtDNA_position	False	paired nonparametric bootstrap of whole mtDNA positions
benign	vus_high	T[G>A]G	-0.0062517175504577666	-0.006069852222387241	-0.010702228990538125	-0.002904440230368627	0.002414047249653491	-2.589724601022258	0.014996250937265684	centered_position_bootstrap	0.03944219424595906	True	True	16566	0.9	4000	position_bootstrap	mtDNA_position	False	paired nonparametric bootstrap of whole mtDNA positions
benign	vus_high	G[G>A]G	-0.011060645991838121	-0.010527569008533844	-0.02145719263011281	-0.0030100289745084215	0.005600473751787611	-1.9749482779573213	0.04123969007748063	centered_position_bootstrap	0.07264238986125028	True	False	16566	0.9	4000	position_bootstrap	mtDNA_position	False	paired nonparametric bootstrap of whole mtDNA positions
benign	vus_high	C[G>A]G	-0.012541511095687092	-0.011769157495293338	-0.031394088516916815	-0.001626977156924142	0.00972581039225541	-1.2895080810616875	0.10197450637340665	centered_position_bootstrap	0.1131740186340698	True	False	16566	0.9	4000	position_bootstrap	mtDNA_position	False	paired nonparametric bootstrap of whole mtDNA positions
benign	vus_high	A[G>A]G	-0.005202636857615855	-0.004847244369804927	-0.01069625136524471	-0.0013864194686927052	0.0028698457624673633	-1.812862881224273	0.0569857535616096	centered_position_bootstrap	0.08416357449099264	True	False	16566	0.9	4000	position_bootstrap	mtDNA_position	False	paired nonparametric bootstrap of whole mtDNA positions
benign	vus_high	T[G>A]C	-0.028688513875881175	-0.02752638409521381	-0.0510200096786177	-0.011576459455108101	0.011973349910878686	-2.3960306922806547	0.023994001499625092	centered_position_bootstrap	0.049009024339659764	True	True	16566	0.9	4000	position_bootstrap	mtDNA_position	False	paired nonparametric bootstrap of whole mtDNA positions
benign	vus_high	G[G>A]C	-0.05199636662077979	-0.0493022130752615	-0.1162826830632764	-0.00854499930199756	0.035036386142691126	-1.4840676321186925	0.08247938015496126	centered_position_bootstrap	0.10253337286796314	True	False	16566	0.9	4000	position_bootstrap	mtDNA_position	False	paired nonparametric bootstrap of whole mtDNA positions
benign	vus_high	C[G>A]C	-0.01743908640602589	-0.01686392728655958	-0.03024936718933777	-0.00781825959859517	0.006980569598367676	-2.4982325812071	0.015996000999750064	centered_position_bootstrap	0.04094976255936016	True	True	16566	0.9	4000	position_bootstrap	mtDNA_position	False	paired nonparametric bootstrap of whole mtDNA positions
benign	vus_high	A[G>A]C	-0.01463078590561625	-0.014444832364276532	-0.023823423105682487	-0.007604291622673225	0.004966338317524625	-2.945990581026039	0.007498125468632842	centered_position_bootstrap	0.027163020565613316	True	True	16566	0.9	4000	position_bootstrap	mtDNA_position	False	paired nonparametric bootstrap of whole mtDNA positions
benign	vus_high	T[G>A]A	-0.019965978035825314	-0.018981296556021716	-0.03880008925763966	-0.006072895320131521	0.010078867553986782	-1.9809743434844127	0.03974006498375406	centered_position_bootstrap	0.07198200449887528	True	False	16566	0.9	4000	position_bootstrap	mtDNA_position	False	paired nonparametric bootstrap of whole mtDNA positions
benign	vus_high	G[G>A]A	-0.007710568143791521	-0.007050118643766632	-0.019571412579754234	-0.0005543549172755236	0.006165567015678364	-1.2505854083143346	0.11772056985753562	centered_position_bootstrap	0.1269794910822856	True	False	16566	0.9	4000	position_bootstrap	mtDNA_position	False	paired nonparametric bootstrap of whole mtDNA positions
benign	vus_high	C[G>A]A	-0.006337239503182469	-0.005816582838531342	-0.01374049398847449	-0.0015053308690225965	0.003924069459018034	-1.614966189912528	0.07548112971757061	centered_position_bootstrap	0.09994742693636936	True	False	16566	0.9	4000	position_bootstrap	mtDNA_position	False	paired nonparametric bootstrap of whole mtDNA positions
benign	vus_high	A[G>A]A	-0.00941728723704049	-0.009154180363943946	-0.018763119681712057	-0.002529031119250686	0.005003266706451529	-1.8822277103271834	0.048237940514871284	centered_position_bootstrap	0.0783804048987753	True	False	16566	0.9	4000	position_bootstrap	mtDNA_position	False	paired nonparametric bootstrap of whole mtDNA positions
benign	vus_high	A[T>A]A	-5.8762222005817915e-05	-5.479529873223196e-05	-0.00012363357518742956	-1.6995627723785802e-05	3.4072741869735404e-05	-1.7246108995417408	0.06698325418645339	centered_position_bootstrap	0.09289106294854857	True	False	16566	0.9	4000	position_bootstrap	mtDNA_position	False	paired nonparametric bootstrap of whole mtDNA positions
benign	vus_high	A[T>A]C	-2.231270657887664e-05	-2.1520206204800113e-05	-3.6469112642944633e-05	-1.2334637613662765e-05	7.5170549542833176e-06	-2.9682776984572348	0.010497375656085979	centered_position_bootstrap	0.03304092009784439	True	True	16566	0.9	4000	position_bootstrap	mtDNA_position	False	paired nonparametric bootstrap of whole mtDNA positions
benign	vus_high	A[T>A]G	-4.821173214568243e-05	-4.6622324902630904e-05	-8.664951398497961e-05	-2.456625049662234e-05	1.9607804367134288e-05	-2.4588032011627345	0.023994001499625092	centered_position_bootstrap	0.049009024339659764	True	True	16566	0.9	4000	position_bootstrap	mtDNA_position	False	paired nonparametric bootstrap of whole mtDNA positions
benign	vus_high	A[T>A]T	-2.096834844239068e-05	-2.055234932923105e-05	-3.169912979534453e-05	-1.262664536583246e-05	5.884227852865797e-06	-3.5634834283615415	0.001999500124968758	centered_position_bootstrap	0.011291294823352987	True	True	16566	0.9	4000	position_bootstrap	mtDNA_position	False	paired nonparametric bootstrap of whole mtDNA positions
benign	vus_high	C[T>A]A	-0.00021862929298569533	-0.00020959570517564723	-0.0005698599808398296	-2.351433940391322e-05	0.0001779073801588658	-1.228893892937247	0.11497125718570357	centered_position_bootstrap	0.12471458406584794	True	False	16566	0.9	4000	position_bootstrap	mtDNA_position	False	paired nonparametric bootstrap of whole mtDNA positions
benign	vus_high	C[T>A]C	-0.00045786871115355065	-0.0004291294248049421	-0.0011845929162480305	-2.882308845829111e-05	0.0003766771610997439	-1.215546782334136	0.10747313171707074	centered_position_bootstrap	0.11724341641862263	True	False	16566	0.9	4000	position_bootstrap	mtDNA_position	False	paired nonparametric bootstrap of whole mtDNA positions
benign	vus_high	C[T>A]G	-2.6009117574216972e-05	-2.5859359336465542e-05	-3.706352631026354e-05	-1.829252319234052e-05	5.785763607367187e-06	-4.49536471574794	0.0004998750312421895	centered_position_bootstrap	0.005332000333250021	True	True	16566	0.9	4000	position_bootstrap	mtDNA_position	False	paired nonparametric bootstrap of whole mtDNA positions
benign	vus_high	C[T>A]T	-0.00034079688672618535	-0.00031913277461291105	-0.0008698976245704159	-3.157037286716501e-05	0.00028108094093137043	-1.2124510669309143	0.12021994501374657	centered_position_bootstrap	0.12823460801466302	True	False	16566	0.9	4000	position_bootstrap	mtDNA_position	False	paired nonparametric bootstrap of whole mtDNA positions
benign	vus_high	G[T>A]A	-4.6987980373238905e-05	-4.385685894678869e-05	-0.00010472708560476826	-1.219224480568495e-05	2.9580010147691923e-05	-1.5885045386607244	0.08197950512371907	centered_position_bootstrap	0.10253337286796314	True	False	16566	0.9	4000	position_bootstrap	mtDNA_position	False	paired nonparametric bootstrap of whole mtDNA positions
benign	vus_high	G[T>A]C	-6.954064696719289e-05	-6.364749036945723e-05	-0.00013511495869590528	-1.9368741889032268e-05	3.676268351012165e-05	-1.8916096521639036	0.04223944013996501	centered_position_bootstrap	0.07306281537723677	True	False	16566	0.9	4000	position_bootstrap	mtDNA_position	False	paired nonparametric bootstrap of whole mtDNA positions
benign	vus_high	G[T>A]G	-0.0001044366847497155	-9.594949854947153e-05	-0.00022192644080760217	-2.781605409892134e-05	6.05852955424133e-05	-1.7237959114452717	0.06773306673331667	centered_position_bootstrap	0.09289106294854857	True	False	16566	0.9	4000	position_bootstrap	mtDNA_position	False	paired nonparametric bootstrap of whole mtDNA positions
benign	vus_high	G[T>A]T	-2.384271179557811e-05	-2.3505962244150767e-05	-3.440579601040273e-05	-1.5407763815843497e-05	5.944399217753069e-06	-4.010953995884288	0.0014996250937265683	centered_position_bootstrap	0.011291294823352987	True	True	16566	0.9	4000	position_bootstrap	mtDNA_position	False	paired nonparametric bootstrap of whole mtDNA positions
benign	vus_high	T[T>A]A	-0.00017891878900767104	-0.00016907215793469113	-0.00043475489852208365	-3.833450232664418e-05	0.0001325008397743518	-1.3503219248449199	0.08722819295176205	centered_position_bootstrap	0.10338156201690318	True	False	16566	0.9	4000	position_bootstrap	mtDNA_position	False	paired nonparametric bootstrap of whole mtDNA positions
benign	vus_high	T[T>A]C	-3.839872471780016e-05	-3.597703293055571e-05	-8.493526658339865e-05	-8.13456545168692e-06	2.4838883789775143e-05	-1.5459118470374618	0.08397900524868783	centered_position_bootstrap	0.10253337286796314	True	False	16566	0.9	4000	position_bootstrap	mtDNA_position	False	paired nonparametric bootstrap of whole mtDNA positions
benign	vus_high	T[T>A]G	-0.0002458387992123903	-0.00022855137236437936	-0.0005745834179553622	-5.033603108872529e-05	0.00017153414747883038	-1.4331770252493319	0.08472881779555111	centered_position_bootstrap	0.10253337286796314	True	False	16566	0.9	4000	position_bootstrap	mtDNA_position	False	paired nonparametric bootstrap of whole mtDNA positions
benign	vus_high	T[T>A]T	-3.5569345001751733e-05	-3.432727250927142e-05	-5.755760387408023e-05	-2.0050834594935455e-05	1.1888421995994643e-05	-2.991931562804171	0.008247938015496127	centered_position_bootstrap	0.027782528052197476	True	True	16566	0.9	4000	position_bootstrap	mtDNA_position	False	paired nonparametric bootstrap of whole mtDNA positions
benign	vus_high	T[A>T]T	-3.208426776420636e-05	-3.094429758856442e-05	-5.113008013639756e-05	-1.9190734386288907e-05	9.969330285284095e-06	-3.2182972021266583	0.006248437890527368	centered_position_bootstrap	0.02352353088198538	True	True	16566	0.9	4000	position_bootstrap	mtDNA_position	False	paired nonparametric bootstrap of whole mtDNA positions
benign	vus_high	G[A>T]T	-0.0006360472215477853	-0.0006133630912649615	-0.0018464817447598444	-2.2179884571375653e-05	0.0006131287582577183	-1.0373795275158721	0.1564608847788053	centered_position_bootstrap	0.16150801009425064	True	False	16566	0.9	4000	position_bootstrap	mtDNA_position	False	paired nonparametric bootstrap of whole mtDNA positions
benign	vus_high	C[A>T]T	-2.9513315006981393e-05	-2.925670429402499e-05	-4.150267449217563e-05	-2.088971934299342e-05	6.344065918696801e-06	-4.652113547559736	0.0004998750312421895	centered_position_bootstrap	0.005332000333250021	True	True	16566	0.9	4000	position_bootstrap	mtDNA_position	False	paired nonparametric bootstrap of whole mtDNA positions
benign	vus_high	A[A>T]T	-4.002094190368037e-05	-3.893550490849089e-05	-6.251919629207179e-05	-2.4892452387422473e-05	1.1573565266589618e-05	-3.457961395803606	0.00424893776555861	centered_position_bootstrap	0.01897200118575007	True	True	16566	0.9	4000	position_bootstrap	mtDNA_position	False	paired nonparametric bootstrap of whole mtDNA positions
benign	vus_high	T[A>T]G	-6.253068105124101e-05	-6.212346980284135e-05	-9.196447102349509e-05	-4.1013953985714015e-05	1.5769782079455167e-05	-3.96522163313251	0.0024993751562109472	centered_position_bootstrap	0.013710857999785768	True	True	16566	0.9	4000	position_bootstrap	mtDNA_position	False	paired nonparametric bootstrap of whole mtDNA positions
benign	vus_high	G[A>T]G	-2.4155095207094807e-05	-2.423023808743785e-05	-3.1735851957009525e-05	-1.8229455570082087e-05	4.0790892073459045e-06	-5.921688391515108	0.00024993751562109475	centered_position_bootstrap	0.0034277144999464424	True	True	16566	0.9	4000	position_bootstrap	mtDNA_position	False	paired nonparametric bootstrap of whole mtDNA positions
benign	vus_high	C[A>T]G	-0.0018744550797242581	-0.0017585496026916838	-0.004318164421868795	-6.362985057718328e-05	0.0013218986361321974	-1.418002128520845	0.09097725568607848	centered_position_bootstrap	0.10459660533968303	True	False	16566	0.9	4000	position_bootstrap	mtDNA_position	False	paired nonparametric bootstrap of whole mtDNA positions
benign	vus_high	A[A>T]G	-0.0002133769398179892	-0.00019213914595103915	-0.0004802197868159907	-3.7403192211093e-05	0.00014287095257130422	-1.4934942056293548	0.07523119220194951	centered_position_bootstrap	0.09994742693636936	True	False	16566	0.9	4000	position_bootstrap	mtDNA_position	False	paired nonparametric bootstrap of whole mtDNA positions
benign	vus_high	T[A>T]C	-0.00011799989056136686	-0.00011175387852061151	-0.00025092170718193295	-3.7968841446411876e-05	7.075079022727718e-05	-1.6678243477183567	0.06748312921769557	centered_position_bootstrap	0.09289106294854857	True	False	16566	0.9	4000	position_bootstrap	mtDNA_position	False	paired nonparametric bootstrap of whole mtDNA positions
benign	vus_high	G[A>T]C	-0.00021025435045479913	-0.0001951843616841183	-0.0004313925830359165	-6.154280078734438e-05	0.00011491028139286266	-1.8297261820808535	0.05548612846788303	centered_position_bootstrap	0.08416357449099264	True	False	16566	0.9	4000	position_bootstrap	mtDNA_position	False	paired nonparametric bootstrap of whole mtDNA positions
benign	vus_high	C[A>T]C	-0.0002048093748929196	-0.00019747912312939866	-0.00036681694812785726	-8.661092459982545e-05	8.552787617463695e-05	-2.394650540307176	0.023744063984004	centered_position_bootstrap	0.049009024339659764	True	True	16566	0.9	4000	position_bootstrap	mtDNA_position	False	paired nonparametric bootstrap of whole mtDNA positions
benign	vus_high	A[A>T]C	-3.461980260271507e-05	-3.44144973212655e-05	-4.782821880297173e-05	-2.408489258306535e-05	7.338593361941877e-06	-4.717498421734907	0.0004998750312421895	centered_position_bootstrap	0.005332000333250021	True	True	16566	0.9	4000	position_bootstrap	mtDNA_position	False	paired nonparametric bootstrap of whole mtDNA positions
benign	vus_high	T[A>T]A	-6.126814760942974e-05	-6.013565573121437e-05	-8.978743336065789e-05	-4.043981638061175e-05	1.5337299455840786e-05	-3.9947154833765377	0.001999500124968758	centered_position_bootstrap	0.011291294823352987	True	True	16566	0.9	4000	position_bootstrap	mtDNA_position	False	paired nonparametric bootstrap of whole mtDNA positions
benign	vus_high	G[A>T]A	-2.4656693550136357e-05	-2.4464748945482134e-05	-3.418155870205962e-05	-1.722980577552309e-05	5.204265246744549e-06	-4.73778571635256	0.00024993751562109475	centered_position_bootstrap	0.0034277144999464424	True	True	16566	0.9	4000	position_bootstrap	mtDNA_position	False	paired nonparametric bootstrap of whole mtDNA positions
benign	vus_high	C[A>T]A	-9.439485241948107e-05	-9.282077003959608e-05	-0.0001454547171483853	-5.5246254499144584e-05	2.7706688225027632e-05	-3.4069337934879416	0.00424893776555861	centered_position_bootstrap	0.01897200118575007	True	True	16566	0.9	4000	position_bootstrap	mtDNA_position	False	paired nonparametric bootstrap of whole mtDNA positions
benign	vus_high	A[A>T]A	-3.777528964074926e-05	-3.713417230211439e-05	-5.538388340625814e-05	-2.5249071570515768e-05	9.356815355553673e-06	-4.037195157252729	0.0012496875781054736	centered_position_bootstrap	0.01043217456505439	True	True	16566	0.9	4000	position_bootstrap	mtDNA_position	False	paired nonparametric bootstrap of whole mtDNA positions
benign	vus_high	A[T>C]A	-0.00949722312333322	-0.009015180672669917	-0.016447543304858682	-0.004550736027961421	0.003761249028244203	-2.5250184319134643	0.01849537615596101	centered_position_bootstrap	0.04384089162894461	True	True	16566	0.9	4000	position_bootstrap	mtDNA_position	False	paired nonparametric bootstrap of whole mtDNA positions
benign	vus_high	A[T>C]C	-0.006504904876137023	-0.006369790478580035	-0.010991942192154363	-0.0031781153331672902	0.002364570300512209	-2.750988149824914	0.010497375656085979	centered_position_bootstrap	0.03304092009784439	True	True	16566	0.9	4000	position_bootstrap	mtDNA_position	False	paired nonparametric bootstrap of whole mtDNA positions
benign	vus_high	A[T>C]G	-0.003147842121865885	-0.0030206173432791757	-0.005609503521027457	-0.0013619040829266156	0.0013535287059901321	-2.3256559745906373	0.02699325168707823	centered_position_bootstrap	0.05288473799917368	True	False	16566	0.9	4000	position_bootstrap	mtDNA_position	False	paired nonparametric bootstrap of whole mtDNA positions
benign	vus_high	A[T>C]T	-0.014943955305612508	-0.01469860761261878	-0.025788918175292934	-0.006749330666442554	0.005820294709694577	-2.567559900484266	0.017745563609097726	centered_position_bootstrap	0.043128458391731184	True	True	16566	0.9	4000	position_bootstrap	mtDNA_position	False	paired nonparametric bootstrap of whole mtDNA positions
benign	vus_high	C[T>C]A	-0.009813387428515653	-0.009344298417430343	-0.019639404104849722	-0.0038231520162546125	0.005089294890428877	-1.9282410706778037	0.050487378155461136	centered_position_bootstrap	0.08011220335412014	True	False	16566	0.9	4000	position_bootstrap	mtDNA_position	False	paired nonparametric bootstrap of whole mtDNA positions
benign	vus_high	C[T>C]C	-0.01627181408945225	-0.01595758128061916	-0.027143945111772087	-0.008030879699309948	0.0058322389733173555	-2.7899772564012246	0.0094976255936016	centered_position_bootstrap	0.03090752735544927	True	True	16566	0.9	4000	position_bootstrap	mtDNA_position	False	paired nonparametric bootstrap of whole mtDNA positions
benign	vus_high	C[T>C]G	-0.0019792099470186397	-0.0019578710389652754	-0.003129223121901884	-0.0010625936490989854	0.0006370259018863145	-3.1069536437340273	0.005498625343664084	centered_position_bootstrap	0.02154563399966335	True	True	16566	0.9	4000	position_bootstrap	mtDNA_position	False	paired nonparametric bootstrap of whole mtDNA positions
benign	vus_high	C[T>C]T	-0.012779190106021663	-0.012045485095803811	-0.024375089053432802	-0.004915062174729478	0.006273790171849685	-2.0369170399356866	0.03824043989002749	centered_position_bootstrap	0.06992537579890741	True	False	16566	0.9	4000	position_bootstrap	mtDNA_position	False	paired nonparametric bootstrap of whole mtDNA positions
benign	vus_high	G[T>C]A	-0.03440599313109564	-0.03302485437141817	-0.0625497193265611	-0.011441174528973913	0.01565643046673378	-2.1975630527150014	0.026743314171457137	centered_position_bootstrap	0.05288473799917368	True	False	16566	0.9	4000	position_bootstrap	mtDNA_position	False	paired nonparametric bootstrap of whole mtDNA positions
benign	vus_high	G[T>C]C	-0.0687597022369322	-0.062292600504062434	-0.15791715983323615	-0.004631740667417427	0.04947637348043875	-1.3897482252638709	0.09172706823294176	centered_position_bootstrap	0.10483093512336202	True	False	16566	0.9	4000	position_bootstrap	mtDNA_position	False	paired nonparametric bootstrap of whole mtDNA positions
benign	vus_high	G[T>C]G	-0.011000807979152883	-0.009980865529329294	-0.02493911361157582	-0.0019522402062419906	0.0072564689053970875	-1.5160001541481005	0.08372906773306674	centered_position_bootstrap	0.10253337286796314	True	False	16566	0.9	4000	position_bootstrap	mtDNA_position	False	paired nonparametric bootstrap of whole mtDNA positions
benign	vus_high	G[T>C]T	-0.006064818529151075	-0.005973606451828036	-0.010310160951717526	-0.0027902225138085935	0.0022949055822949643	-2.6427311763676573	0.011997000749812546	centered_position_bootstrap	0.035285296322978076	True	True	16566	0.9	4000	position_bootstrap	mtDNA_position	False	paired nonparametric bootstrap of whole mtDNA positions
benign	vus_high	T[T>C]A	-0.01164337416539828	-0.011448903526629518	-0.017986053523585715	-0.006801338931539212	0.0034344850545635877	-3.3901367979246535	0.003749062734316421	centered_position_bootstrap	0.01897200118575007	True	True	16566	0.9	4000	position_bootstrap	mtDNA_position	False	paired nonparametric bootstrap of whole mtDNA positions
benign	vus_high	T[T>C]C	-0.0070446422267989575	-0.006837067717253413	-0.012233441490922184	-0.0032554346273711986	0.0028111307724841667	-2.5059816838665534	0.0189952511872032	centered_position_bootstrap	0.044476685706622124	True	True	16566	0.9	4000	position_bootstrap	mtDNA_position	False	paired nonparametric bootstrap of whole mtDNA positions
benign	vus_high	T[T>C]G	-0.0029868935818703835	-0.002883132264274525	-0.004928887584032232	-0.0015739422515017908	0.001065986678434424	-2.801998976438548	0.01474631342164459	centered_position_bootstrap	0.03944219424595906	True	True	16566	0.9	4000	position_bootstrap	mtDNA_position	False	paired nonparametric bootstrap of whole mtDNA positions
benign	vus_high	T[T>C]T	-0.008435994727896941	-0.00824946477604904	-0.01511647947298874	-0.003292385918687177	0.0036394158982877164	-2.3179529253213227	0.02174456385903524	centered_position_bootstrap	0.04638840289927518	True	True	16566	0.9	4000	position_bootstrap	mtDNA_position	False	paired nonparametric bootstrap of whole mtDNA positions
benign	vus_high	T[A>G]T	-0.02446914645217139	-0.02344920690829331	-0.056551951008219026	-0.0034242678470927566	0.017754414029980847	-1.378200734242863	0.08422894276430892	centered_position_bootstrap	0.10253337286796314	True	False	16566	0.9	4000	position_bootstrap	mtDNA_position	False	paired nonparametric bootstrap of whole mtDNA positions
benign	vus_high	G[A>G]T	-0.0052747142999017465	-0.00508973876030416	-0.008640118020775947	-0.0026499240236880287	0.0018463327015772076	-2.8568601397764795	0.009247688077980504	centered_position_bootstrap	0.030613036396073393	True	True	16566	0.9	4000	position_bootstrap	mtDNA_position	False	paired nonparametric bootstrap of whole mtDNA positions
benign	vus_high	C[A>G]T	-0.0011357956449363946	-0.0011235728102691393	-0.0016638572944435938	-0.0007317782057904475	0.00028751358474082524	-3.950406885852856	0.0017495626093476631	centered_position_bootstrap	0.011291294823352987	True	True	16566	0.9	4000	position_bootstrap	mtDNA_position	False	paired nonparametric bootstrap of whole mtDNA positions
benign	vus_high	A[A>G]T	-0.004232008312799232	-0.004142138247502546	-0.006835229823365296	-0.0022543858070275258	0.0014171569882875357	-2.986266410691102	0.008247938015496127	centered_position_bootstrap	0.027782528052197476	True	True	16566	0.9	4000	position_bootstrap	mtDNA_position	False	paired nonparametric bootstrap of whole mtDNA positions
benign	vus_high	T[A>G]G	-0.0445720855420712	-0.04256853114176485	-0.10544655897858732	-0.007772934623416021	0.03238143160689534	-1.376470505787643	0.0899775056235941	centered_position_bootstrap	0.1043594523055983	True	False	16566	0.9	4000	position_bootstrap	mtDNA_position	False	paired nonparametric bootstrap of whole mtDNA positions
benign	vus_high	G[A>G]G	-0.006773666317911292	-0.006698718451686089	-0.011698881843713904	-0.0029933359813371758	0.0027159225521399843	-2.4940572449586416	0.017745563609097726	centered_position_bootstrap	0.043128458391731184	True	True	16566	0.9	4000	position_bootstrap	mtDNA_position	False	paired nonparametric bootstrap of whole mtDNA positions
benign	vus_high	C[A>G]G	-0.003319766012002382	-0.00321772426140058	-0.005799843290334907	-0.0015236921121233491	0.0013159638640947344	-2.5226878203727003	0.020494876280929768	centered_position_bootstrap	0.04523007179239673	True	True	16566	0.9	4000	position_bootstrap	mtDNA_position	False	paired nonparametric bootstrap of whole mtDNA positions
benign	vus_high	A[A>G]G	-0.005261005471731869	-0.0048881219196553975	-0.012077675020846267	-0.0010909798028546636	0.00349521401299573	-1.5052026720454488	0.08797800549862535	centered_position_bootstrap	0.10363053408427035	True	False	16566	0.9	4000	position_bootstrap	mtDNA_position	False	paired nonparametric bootstrap of whole mtDNA positions
benign	vus_high	T[A>G]C	-0.0066327490932326354	-0.006475406877939349	-0.010700610833138897	-0.0038280547822663966	0.002093381954925433	-3.168437120434095	0.007498125468632842	centered_position_bootstrap	0.027163020565613316	True	True	16566	0.9	4000	position_bootstrap	mtDNA_position	False	paired nonparametric bootstrap of whole mtDNA positions
benign	vus_high	G[A>G]C	-0.008948716132359112	-0.008785576594431622	-0.01511631853551543	-0.00435097614549608	0.003314312650234605	-2.7000217169390077	0.011247188202949263	centered_position_bootstrap	0.03483000217687514	True	True	16566	0.9	4000	position_bootstrap	mtDNA_position	False	paired nonparametric bootstrap of whole mtDNA positions
benign	vus_high	C[A>G]C	-0.0490044241761601	-0.04712468647580624	-0.10373156133054924	-0.004079578169875614	0.03130229473900659	-1.5655217799446002	0.07048237940514872	centered_position_bootstrap	0.09597600599850037	True	False	16566	0.9	4000	position_bootstrap	mtDNA_position	False	paired nonparametric bootstrap of whole mtDNA positions
benign	vus_high	A[A>G]C	-0.03283127533585931	-0.03036525926598833	-0.07307698457837335	-0.008146682930031979	0.02078456437810707	-1.5795989147812675	0.07848037990502374	centered_position_bootstrap	0.10250498599839836	True	False	16566	0.9	4000	position_bootstrap	mtDNA_position	False	paired nonparametric bootstrap of whole mtDNA positions
benign	vus_high	T[A>G]A	-0.029126840014896304	-0.026775316682808754	-0.05987874923630667	-0.007465096121302959	0.016461226302246276	-1.7694210309788219	0.05823544113971507	centered_position_bootstrap	0.08470609620322192	True	False	16566	0.9	4000	position_bootstrap	mtDNA_position	False	paired nonparametric bootstrap of whole mtDNA positions
benign	vus_high	G[A>G]A	-0.049611322147336864	-0.04800682542601092	-0.13077284296163233	-0.0021441918718465435	0.04382023849353632	-1.132155457224514	0.1279680079980005	centered_position_bootstrap	0.1357450692575475	True	False	16566	0.9	4000	position_bootstrap	mtDNA_position	False	paired nonparametric bootstrap of whole mtDNA positions
benign	vus_high	C[A>G]A	-0.001699461545623528	-0.0016547099514416723	-0.002812336264621215	-0.0009020153472702637	0.0005917747396471884	-2.8718048131570026	0.011997000749812546	centered_position_bootstrap	0.035285296322978076	True	True	16566	0.9	4000	position_bootstrap	mtDNA_position	False	paired nonparametric bootstrap of whole mtDNA positions
benign	vus_high	A[A>G]A	-0.0063280123129227555	-0.005933051657698791	-0.014272007692893706	-0.0016303269435572981	0.003963560022438009	-1.5965476180755196	0.07723069232691827	centered_position_bootstrap	0.10156365018334458	True	False	16566	0.9	4000	position_bootstrap	mtDNA_position	False	paired nonparametric bootstrap of whole mtDNA positions
benign	vus_high	A[T>G]A	-4.492969894958114e-05	-4.4185210239619135e-05	-6.825966231980214e-05	-2.9710801809884403e-05	1.2076573205568703e-05	-3.720401324513425	0.00424893776555861	centered_position_bootstrap	0.01897200118575007	True	True	16566	0.9	4000	position_bootstrap	mtDNA_position	False	paired nonparametric bootstrap of whole mtDNA positions
benign	vus_high	A[T>G]C	-0.00017635620007535192	-0.00016500336313746795	-0.00034959846636111597	-3.9932371165729746e-05	9.626311749815564e-05	-1.8320225301110868	0.04698825293676581	centered_position_bootstrap	0.07710892789623107	True	False	16566	0.9	4000	position_bootstrap	mtDNA_position	False	paired nonparametric bootstrap of whole mtDNA positions
benign	vus_high	A[T>G]G	-2.9652348532079018e-05	-2.9195787105223447e-05	-4.266138294301779e-05	-2.038225867231516e-05	7.051901737529038e-06	-4.204872619576389	0.001999500124968758	centered_position_bootstrap	0.011291294823352987	True	True	16566	0.9	4000	position_bootstrap	mtDNA_position	False	paired nonparametric bootstrap of whole mtDNA positions
benign	vus_high	A[T>G]T	-2.557918946113627e-05	-2.441150381472107e-05	-4.975730974398008e-05	-1.1161255806287694e-05	1.2507642157832652e-05	-2.0450848479957378	0.04348912771807048	centered_position_bootstrap	0.07455279037383511	True	False	16566	0.9	4000	position_bootstrap	mtDNA_position	False	paired nonparametric bootstrap of whole mtDNA positions
benign	vus_high	C[T>G]A	-7.135869037020305e-05	-6.811601900465753e-05	-0.00017896392389852192	-1.3166915038938495e-05	5.5165539183688635e-05	-1.2935374406945417	0.0994751312171957	centered_position_bootstrap	0.11104200694012543	True	False	16566	0.9	4000	position_bootstrap	mtDNA_position	False	paired nonparametric bootstrap of whole mtDNA positions
benign	vus_high	C[T>G]C	-0.0002265703847052597	-0.00021877728610339653	-0.0006385916217571802	-1.956702432183501e-05	0.00020765183395512755	-1.09110707278521	0.1367158210447388	centered_position_bootstrap	0.1442276793439003	True	False	16566	0.9	4000	position_bootstrap	mtDNA_position	False	paired nonparametric bootstrap of whole mtDNA positions
benign	vus_high	C[T>G]G	-3.2930898864129556e-05	-3.254644572908816e-05	-4.943634669284972e-05	-1.9834728951039155e-05	9.145450430356118e-06	-3.6007957306097658	0.001999500124968758	centered_position_bootstrap	0.011291294823352987	True	True	16566	0.9	4000	position_bootstrap	mtDNA_position	False	paired nonparametric bootstrap of whole mtDNA positions
benign	vus_high	C[T>G]T	-1.917704515137179e-05	-1.9248890252961278e-05	-2.6172610268986274e-05	-1.394960954772226e-05	3.723693538414125e-06	-5.150006291747375	0.00024993751562109475	centered_position_bootstrap	0.0034277144999464424	True	True	16566	0.9	4000	position_bootstrap	mtDNA_position	False	paired nonparametric bootstrap of whole mtDNA positions
benign	vus_high	G[T>G]A	-0.00012500151716517144	-0.00011730318943781061	-0.0002816456211292833	-2.7670530987865674e-05	8.315301023039083e-05	-1.5032711000940502	0.08597850537365659	centered_position_bootstrap	0.10253337286796314	True	False	16566	0.9	4000	position_bootstrap	mtDNA_position	False	paired nonparametric bootstrap of whole mtDNA positions
benign	vus_high	G[T>G]C	-4.374857602630913e-05	-4.160227283714224e-05	-8.579846649902526e-05	-1.611183455454581e-05	2.2433511178633155e-05	-1.9501439466140083	0.04698825293676581	centered_position_bootstrap	0.07710892789623107	True	False	16566	0.9	4000	position_bootstrap	mtDNA_position	False	paired nonparametric bootstrap of whole mtDNA positions
benign	vus_high	G[T>G]G	-5.653390786038318e-05	-5.5324611217074384e-05	-9.090505083886274e-05	-2.933182121152525e-05	1.9005602852759946e-05	-2.9745916663818672	0.005998500374906273	centered_position_bootstrap	0.02303424143964009	True	True	16566	0.9	4000	position_bootstrap	mtDNA_position	False	paired nonparametric bootstrap of whole mtDNA positions
benign	vus_high	G[T>G]T	-2.000595357560002e-05	-1.9800364585006635e-05	-2.7726057212800285e-05	-1.3888755870886229e-05	4.230994623797764e-06	-4.728428030391248	0.0007498125468632841	centered_position_bootstrap	0.0071982004498875275	True	True	16566	0.9	4000	position_bootstrap	mtDNA_position	False	paired nonparametric bootstrap of whole mtDNA positions
benign	vus_high	T[T>G]A	-2.2681397252664756e-05	-2.2835819352102842e-05	-2.864471202515987e-05	-1.8092661435234528e-05	3.2659386484350513e-06	-6.944832617579348	0.00024993751562109475	centered_position_bootstrap	0.0034277144999464424	True	True	16566	0.9	4000	position_bootstrap	mtDNA_position	False	paired nonparametric bootstrap of whole mtDNA positions
benign	vus_high	T[T>G]C	-1.609089416745912e-05	-1.5936503491936035e-05	-2.312633970204015e-05	-1.0692161324834188e-05	3.875548283106478e-06	-4.151901354861029	0.0017495626093476631	centered_position_bootstrap	0.011291294823352987	True	True	16566	0.9	4000	position_bootstrap	mtDNA_position	False	paired nonparametric bootstrap of whole mtDNA positions
benign	vus_high	T[T>G]G	-4.1849990138296005e-05	-4.0088380385657515e-05	-7.196138980191225e-05	-2.2199323815077212e-05	1.5708045097722722e-05	-2.664239240334446	0.01949512621844539	centered_position_bootstrap	0.045097159445078486	True	True	16566	0.9	4000	position_bootstrap	mtDNA_position	False	paired nonparametric bootstrap of whole mtDNA positions
benign	vus_high	T[T>G]T	-2.819199937175878e-05	-2.78084521695481e-05	-4.488055831032319e-05	-1.6037686426490707e-05	8.825513359936879e-06	-3.1943750150258015	0.0049987503124218945	centered_position_bootstrap	0.02042042680819157	True	True	16566	0.9	4000	position_bootstrap	mtDNA_position	False	paired nonparametric bootstrap of whole mtDNA positions
benign	vus_high	T[A>C]T	-2.3551217826917435e-05	-2.329609669482621e-05	-3.423340218991468e-05	-1.343989692153394e-05	6.407962048281724e-06	-3.675305448045315	0.0014996250937265683	centered_position_bootstrap	0.011291294823352987	True	True	16566	0.9	4000	position_bootstrap	mtDNA_position	False	paired nonparametric bootstrap of whole mtDNA positions
benign	vus_high	G[A>C]T	-4.83918743110252e-05	-4.6015601358649244e-05	-9.595177005076182e-05	-2.050749499027276e-05	2.5177366104353904e-05	-1.9220387911290224	0.04873781554611347	centered_position_bootstrap	0.0783804048987753	True	False	16566	0.9	4000	position_bootstrap	mtDNA_position	False	paired nonparametric bootstrap of whole mtDNA positions
benign	vus_high	C[A>C]T	-5.398321542416218e-05	-5.449708289470941e-05	-9.188854875303834e-05	-2.0201316300580422e-05	2.203991953917688e-05	-2.4493381352052923	0.02174456385903524	centered_position_bootstrap	0.04638840289927518	True	True	16566	0.9	4000	position_bootstrap	mtDNA_position	False	paired nonparametric bootstrap of whole mtDNA positions
benign	vus_high	A[A>C]T	-2.0629351496742457e-05	-2.07435919455522e-05	-2.6472676422029025e-05	-1.6153895060196515e-05	3.14024538633252e-06	-6.569343780116303	0.00024993751562109475	centered_position_bootstrap	0.0034277144999464424	True	True	16566	0.9	4000	position_bootstrap	mtDNA_position	False	paired nonparametric bootstrap of whole mtDNA positions
benign	vus_high	T[A>C]G	-4.200225012297182e-05	-4.205114890857854e-05	-5.5363499751765434e-05	-3.2259523349575215e-05	7.02680163833209e-06	-5.977435010239117	0.00024993751562109475	centered_position_bootstrap	0.0034277144999464424	True	True	16566	0.9	4000	position_bootstrap	mtDNA_position	False	paired nonparametric bootstrap of whole mtDNA positions
benign	vus_high	G[A>C]G	-4.0170973550929404e-05	-3.8334592934604006e-05	-7.403550404022687e-05	-1.9970364186827566e-05	1.734557479625964e-05	-2.3159205747157934	0.02799300174956261	centered_position_bootstrap	0.05428945793854567	True	False	16566	0.9	4000	position_bootstrap	mtDNA_position	False	paired nonparametric bootstrap of whole mtDNA positions
benign	vus_high	C[A>C]G	-0.00035180058281454786	-0.0003236058132141341	-0.0007714532182199639	-6.8883702095895e-05	0.0002216200240398089	-1.5874043166395246	0.07348162959260185	centered_position_bootstrap	0.09866064952293395	True	False	16566	0.9	4000	position_bootstrap	mtDNA_position	False	paired nonparametric bootstrap of whole mtDNA positions
benign	vus_high	A[A>C]G	-5.668986641505811e-05	-5.2882187249367826e-05	-0.00011619886182197105	-2.0110410416504708e-05	3.1768724411684554e-05	-1.784455229628532	0.0569857535616096	centered_position_bootstrap	0.08416357449099264	True	False	16566	0.9	4000	position_bootstrap	mtDNA_position	False	paired nonparametric bootstrap of whole mtDNA positions
benign	vus_high	T[A>C]C	-0.0001534823751357639	-0.00014284225494412547	-0.00031747109188762663	-3.922996620677729e-05	8.625403651477486e-05	-1.779422521396702	0.05973506623344164	centered_position_bootstrap	0.08623408057759996	True	False	16566	0.9	4000	position_bootstrap	mtDNA_position	False	paired nonparametric bootstrap of whole mtDNA positions
benign	vus_high	G[A>C]C	-0.000232312284542691	-0.00022289812009287788	-0.0006250277174492022	-2.651991709290163e-05	0.0001967901673239752	-1.1805075817646713	0.11997000749812547	centered_position_bootstrap	0.12823460801466302	True	False	16566	0.9	4000	position_bootstrap	mtDNA_position	False	paired nonparametric bootstrap of whole mtDNA positions
benign	vus_high	C[A>C]C	-0.000512468288176897	-0.0004977879129512342	-0.0008625103634124305	-0.00024081696359990842	0.00019206664136687106	-2.668179567934544	0.01374656335916021	centered_position_bootstrap	0.03770485949941086	True	True	16566	0.9	4000	position_bootstrap	mtDNA_position	False	paired nonparametric bootstrap of whole mtDNA positions
benign	vus_high	A[A>C]C	-0.0010172208196670997	-0.000953097960561164	-0.0021442063449259737	-0.0001882433895067517	0.0006044835724529073	-1.6827931577021424	0.06623344163959011	centered_position_bootstrap	0.09282350945110439	True	False	16566	0.9	4000	position_bootstrap	mtDNA_position	False	paired nonparametric bootstrap of whole mtDNA positions
benign	vus_high	T[A>C]A	-6.388325147080783e-05	-6.132652618458107e-05	-0.00013143259932669194	-2.6354442067778897e-05	3.48178589588166e-05	-1.834784026966462	0.05623594101474631	centered_position_bootstrap	0.08416357449099264	True	False	16566	0.9	4000	position_bootstrap	mtDNA_position	False	paired nonparametric bootstrap of whole mtDNA positions
benign	vus_high	G[A>C]A	-2.2228382821713834e-05	-2.1537740023394293e-05	-3.59664226083654e-05	-1.3419309224181144e-05	7.109801375399441e-06	-3.1264421673755978	0.007998000499875032	centered_position_bootstrap	0.027782528052197476	True	True	16566	0.9	4000	position_bootstrap	mtDNA_position	False	paired nonparametric bootstrap of whole mtDNA positions
benign	vus_high	C[A>C]A	-9.528035760165256e-05	-9.234436670738072e-05	-0.0001601054942203257	-4.635182486056193e-05	3.482854318949793e-05	-2.7356974732834374	0.01274681329667583	centered_position_bootstrap	0.035469393521184917	True	True	16566	0.9	4000	position_bootstrap	mtDNA_position	False	paired nonparametric bootstrap of whole mtDNA positions
benign	vus_high	A[A>C]A	-0.00021086733689927378	-0.0001918280975548918	-0.00048645239648090845	-3.2032561396660395e-05	0.00014241335479722326	-1.4806710873395226	0.0902274431392152	centered_position_bootstrap	0.1043594523055983	True	False	16566	0.9	4000	position_bootstrap	mtDNA_position	False	paired nonparametric bootstrap of whole mtDNA positions
benign	pathogenic	A[C>A]A	-7.77411043698417e-05	-7.547195342084067e-05	-0.00018135271206998348	-2.2044373331614786e-05	5.252285318477933e-05	-1.480138637867647	0.09097725568607848	centered_position_bootstrap	0.11677080729817545	True	False	16566	0.9	4000	position_bootstrap	mtDNA_position	False	paired nonparametric bootstrap of whole mtDNA positions
benign	pathogenic	A[C>A]C	-0.00028885366252832	-0.0002646571123364824	-0.0006638579433651425	-5.704164192430535e-05	0.0001947747779477622	-1.4830136918743628	0.0857285678580355	centered_position_bootstrap	0.11673677325349513	True	False	16566	0.9	4000	position_bootstrap	mtDNA_position	False	paired nonparametric bootstrap of whole mtDNA positions
benign	pathogenic	A[C>A]G	-2.59929828858955e-05	-2.617902202696381e-05	-3.442726327334481e-05	-1.9414793663240127e-05	4.5775119387634085e-06	-5.678408540189929	0.00024993751562109475	centered_position_bootstrap	0.005332000333250021	True	True	16566	0.9	4000	position_bootstrap	mtDNA_position	False	paired nonparametric bootstrap of whole mtDNA positions
benign	pathogenic	A[C>A]T	-9.496782636088617e-05	-8.929378155595767e-05	-0.00020314581675992405	-3.1931379771201774e-05	5.537591221015977e-05	-1.7149663557770252	0.06498375406148463	centered_position_bootstrap	0.1075593170672849	True	False	16566	0.9	4000	position_bootstrap	mtDNA_position	False	paired nonparametric bootstrap of whole mtDNA positions
benign	pathogenic	C[C>A]A	-0.0005163599489110507	-0.0004889620573153759	-0.001301565441062614	-7.763237294205353e-05	0.0004099805869838451	-1.2594741441535557	0.10672331917020744	centered_position_bootstrap	0.12968909671316348	True	False	16566	0.9	4000	position_bootstrap	mtDNA_position	False	paired nonparametric bootstrap of whole mtDNA positions
benign	pathogenic	C[C>A]C	-0.00015031388107841212	-0.00014469097203213016	-0.0002715524539680424	-6.959771624543944e-05	6.314195862073266e-05	-2.3805704536548307	0.028742814296425893	centered_position_bootstrap	0.06417000401062525	True	False	16566	0.9	4000	position_bootstrap	mtDNA_position	False	paired nonparametric bootstrap of whole mtDNA positions
benign	pathogenic	C[C>A]G	-0.0006363537561992226	-0.0005980660802415125	-0.0012819841184655717	-0.00016840647909478033	0.00034330407171093516	-1.853615522320509	0.0519870032491877	centered_position_bootstrap	0.09461785497021971	True	False	16566	0.9	4000	position_bootstrap	mtDNA_position	False	paired nonparametric bootstrap of whole mtDNA positions
benign	pathogenic	C[C>A]T	-0.002799622575675019	-0.0026890808150152232	-0.008231060370803518	8.66847751024935e-05	0.002877860034180184	-0.9728140154225906	0.3209197700574856	centered_position_bootstrap	0.34042318149744333	False	False	16566	0.9	4000	position_bootstrap	mtDNA_position	False	paired nonparametric bootstrap of whole mtDNA positions
benign	pathogenic	G[C>A]A	-4.089105118463208e-05	-3.881166178962304e-05	-7.725591554668761e-05	-1.3150099228558444e-05	1.977884558854712e-05	-2.067413439352088	0.035741064733816545	centered_position_bootstrap	0.07459004814013888	True	False	16566	0.9	4000	position_bootstrap	mtDNA_position	False	paired nonparametric bootstrap of whole mtDNA positions
benign	pathogenic	G[C>A]C	-8.604158686766334e-05	-7.885158050850125e-05	-0.00019062076450777416	-1.7157573039388315e-05	5.558344643001264e-05	-1.5479714266369173	0.07498125468632842	centered_position_bootstrap	0.11346000709125044	True	False	16566	0.9	4000	position_bootstrap	mtDNA_position	False	paired nonparametric bootstrap of whole mtDNA positions
benign	pathogenic	G[C>A]G	-0.0017203188217832658	-0.0016612795015788933	-0.004966389673666884	-3.245356981643246e-05	0.0016781705285004844	-1.025115619996284	0.16345913521619596	centered_position_bootstrap	0.1809202871695869	True	False	16566	0.9	4000	position_bootstrap	mtDNA_position	False	paired nonparametric bootstrap of whole mtDNA positions
benign	pathogenic	G[C>A]T	-0.0006170508111173452	-0.0006013946216199227	-0.0017925856895404206	-2.4535606276657656e-05	0.0005962864414854254	-1.0348228102926391	0.16395901024743814	centered_position_bootstrap	0.1809202871695869	True	False	16566	0.9	4000	position_bootstrap	mtDNA_position	False	paired nonparametric bootstrap of whole mtDNA positions
benign	pathogenic	T[C>A]A	-0.00015828157909056443	-0.00015164486069688213	-0.00026783660434799746	-8.187155145321186e-05	5.821459255895154e-05	-2.718933039517182	0.013496625843539115	centered_position_bootstrap	0.04651144906081172	True	True	16566	0.9	4000	position_bootstrap	mtDNA_position	False	paired nonparametric bootstrap of whole mtDNA positions
benign	pathogenic	T[C>A]C	-0.000499364718426387	-0.00047056374521715764	-0.0010051386866176482	-0.0001364618360187171	0.0002642747806400342	-1.8895662961747615	0.052236940764808795	centered_position_bootstrap	0.09461785497021971	True	False	16566	0.9	4000	position_bootstrap	mtDNA_position	False	paired nonparametric bootstrap of whole mtDNA positions
benign	pathogenic	T[C>A]G	-0.0019013626305265092	-0.001663775820431423	-0.004679329137821813	-4.400625002278003e-06	0.001491761658169731	-1.2745753452728668	0.15896025993501625	centered_position_bootstrap	0.17953158769131247	True	False	16566	0.9	4000	position_bootstrap	mtDNA_position	False	paired nonparametric bootstrap of whole mtDNA positions
benign	pathogenic	T[C>A]T	-0.00048092158986367026	-0.0004672461207395715	-0.000849824041296923	-0.00021715590915449406	0.0001964447851626029	-2.4481260190521112	0.02074481379655086	centered_position_bootstrap	0.05512135479643602	True	False	16566	0.9	4000	position_bootstrap	mtDNA_position	False	paired nonparametric bootstrap of whole mtDNA positions
benign	pathogenic	T[G>T]T	-1.4346623797002847e-05	-1.362821846007335e-05	-2.5724215313251257e-05	-5.814472921962131e-06	6.161264606413808e-06	-2.3285193403425932	0.027243189202699324	centered_position_bootstrap	0.06359855819177736	True	False	16566	0.9	4000	position_bootstrap	mtDNA_position	False	paired nonparametric bootstrap of whole mtDNA positions
benign	pathogenic	G[G>T]T	-6.154986840011686e-05	-5.8135314806755715e-05	-0.00012810656011110876	-1.303758973326804e-05	3.591894225121588e-05	-1.7135768634176125	0.06323419145213696	centered_position_bootstrap	0.10640818056355478	True	False	16566	0.9	4000	position_bootstrap	mtDNA_position	False	paired nonparametric bootstrap of whole mtDNA positions
benign	pathogenic	C[G>T]T	-5.67874473326578e-05	-5.3153162596858176e-05	-0.00012603779606169628	-9.709711123519533e-06	3.565767166011917e-05	-1.5925730618068068	0.08072981754561359	centered_position_bootstrap	0.1148157405093171	True	False	16566	0.9	4000	position_bootstrap	mtDNA_position	False	paired nonparametric bootstrap of whole mtDNA positions
benign	pathogenic	A[G>T]T	-1.1965023868110625e-05	-1.1962773204987024e-05	-1.828689446087162e-05	-6.711569321059518e-06	3.5227417920566497e-06	-3.3965089053901947	0.001999500124968758	centered_position_bootstrap	0.02742171599957154	True	True	16566	0.9	4000	position_bootstrap	mtDNA_position	False	paired nonparametric bootstrap of whole mtDNA positions
benign	pathogenic	T[G>T]G	-4.1867194656338477e-05	-4.008934456533418e-05	-0.00011391066759584875	-2.228542564950804e-06	3.661980506892322e-05	-1.143293760781604	0.1464633841539615	centered_position_bootstrap	0.1663962707547965	True	False	16566	0.9	4000	position_bootstrap	mtDNA_position	False	paired nonparametric bootstrap of whole mtDNA positions
benign	pathogenic	G[G>T]G	-1.7012768312469797e-05	-1.6493177930698454e-05	-2.9877717925555822e-05	-7.1469267377533215e-06	7.042993343569819e-06	-2.4155593342995676	0.02124468882779305	centered_position_bootstrap	0.05512135479643602	True	False	16566	0.9	4000	position_bootstrap	mtDNA_position	False	paired nonparametric bootstrap of whole mtDNA positions
benign	pathogenic	C[G>T]G	-2.234846412147103e-06	-2.009993328885738e-06	-1.112561081218692e-05	6.134975615183929e-06	5.304873222420636e-06	-0.42128177591534094	0.688577855536116	centered_position_bootstrap	0.7032284482070971	False	False	16566	0.9	4000	position_bootstrap	mtDNA_position	False	paired nonparametric bootstrap of whole mtDNA positions
benign	pathogenic	A[G>T]G	-1.0984032366084678e-05	-9.909700178060806e-06	-3.466639640194118e-05	7.296231946255715e-06	1.3138685905432492e-05	-0.8360069222404561	0.39590102474381406	centered_position_bootstrap	0.41765382830116654	False	False	16566	0.9	4000	position_bootstrap	mtDNA_position	False	paired nonparametric bootstrap of whole mtDNA positions
benign	pathogenic	T[G>T]C	-1.3492885213338114e-05	-1.3515219714536551e-05	-1.956906824619156e-05	-8.215557464151286e-06	3.4647048264622953e-06	-3.894382318021385	0.000999750062484379	centered_position_bootstrap	0.01745018290881825	True	True	16566	0.9	4000	position_bootstrap	mtDNA_position	False	paired nonparametric bootstrap of whole mtDNA positions
benign	pathogenic	G[G>T]C	-0.0005337152702548359	-0.0005128300988573006	-0.001584560786545805	1.0282538666560129e-05	0.0005491666573942125	-0.9718639379661299	0.5381154711322169	centered_position_bootstrap	0.5645801664338014	False	False	16566	0.9	4000	position_bootstrap	mtDNA_position	False	paired nonparametric bootstrap of whole mtDNA positions
benign	pathogenic	C[G>T]C	9.386354931017826e-06	6.603307849012356e-06	-4.173040087137085e-05	7.678513950148194e-05	3.683739187658822e-05	0.25480508941739893	0.815296175956011	centered_position_bootstrap	0.8225796953902886	False	False	16566	0.9	4000	position_bootstrap	mtDNA_position	False	paired nonparametric bootstrap of whole mtDNA positions
benign	pathogenic	A[G>T]C	-2.575317598402003e-06	-2.185517439290322e-06	-1.027424945502026e-05	3.7872165040096452e-06	4.331651510885401e-06	-0.5945348077818017	0.5721069732566858	centered_position_bootstrap	0.5969811894852374	False	False	16566	0.9	4000	position_bootstrap	mtDNA_position	False	paired nonparametric bootstrap of whole mtDNA positions
benign	pathogenic	T[G>T]A	-0.0002681561494036749	-0.0002581316699170575	-0.0007624184524348647	2.0547619634550884e-07	0.0002540074130505887	-1.0557020607515433	0.21544613846538366	centered_position_bootstrap	0.23239134036715542	False	False	16566	0.9	4000	position_bootstrap	mtDNA_position	False	paired nonparametric bootstrap of whole mtDNA positions
benign	pathogenic	G[G>T]A	-1.1177644039990685e-05	-9.518652963918896e-06	-3.1917776803898935e-05	3.1067221831203527e-06	1.1069637482995049e-05	-1.009757009401758	0.3059235191202199	centered_position_bootstrap	0.3263184203949013	False	False	16566	0.9	4000	position_bootstrap	mtDNA_position	False	paired nonparametric bootstrap of whole mtDNA positions
benign	pathogenic	C[G>T]A	-6.440718342909787e-05	-5.972534549871383e-05	-0.0001419534948506342	-1.6406386599132842e-05	3.996845929335015e-05	-1.611450242712102	0.0757310672331917	centered_position_bootstrap	0.11346000709125044	True	False	16566	0.9	4000	position_bootstrap	mtDNA_position	False	paired nonparametric bootstrap of whole mtDNA positions
benign	pathogenic	A[G>T]A	-2.2825908582247876e-05	-2.1776404632525785e-05	-4.012108538135301e-05	-1.0267012456624242e-05	9.333590469595172e-06	-2.445565686281703	0.02124468882779305	centered_position_bootstrap	0.05512135479643602	True	False	16566	0.9	4000	position_bootstrap	mtDNA_position	False	paired nonparametric bootstrap of whole mtDNA positions
benign	pathogenic	A[C>G]A	-8.719371592390198e-05	-8.258524421957651e-05	-0.0001681997217254506	-3.4831741739896594e-05	4.229960708641039e-05	-2.0613363085331056	0.03874031492126968	centered_position_bootstrap	0.07798050487378155	True	False	16566	0.9	4000	position_bootstrap	mtDNA_position	False	paired nonparametric bootstrap of whole mtDNA positions
benign	pathogenic	A[C>G]C	-9.112503560937383e-05	-8.484771964600672e-05	-0.0001831392458377774	-3.210164043946189e-05	4.829980048909164e-05	-1.8866544931164704	0.051487128217945516	centered_position_bootstrap	0.09461785497021971	True	False	16566	0.9	4000	position_bootstrap	mtDNA_position	False	paired nonparametric bootstrap of whole mtDNA positions
benign	pathogenic	A[C>G]G	-2.4709378792764855e-05	-2.492044596709053e-05	-3.26820820983006e-05	-1.855656869718382e-05	4.337940739712955e-06	-5.696107963521856	0.00024993751562109475	centered_position_bootstrap	0.005332000333250021	True	True	16566	0.9	4000	position_bootstrap	mtDNA_position	False	paired nonparametric bootstrap of whole mtDNA positions
benign	pathogenic	A[C>G]T	-4.369096157148959e-05	-4.258039375341311e-05	-6.856640615552228e-05	-2.624577778915121e-05	1.296224449312927e-05	-3.3706324236244964	0.004498875281179705	centered_position_bootstrap	0.03322246361486551	True	True	16566	0.9	4000	position_bootstrap	mtDNA_position	False	paired nonparametric bootstrap of whole mtDNA positions
benign	pathogenic	C[C>G]A	-4.4524450684545696e-05	-4.401348197698083e-05	-6.620127512495423e-05	-2.9328196618232588e-05	1.1303810435658761e-05	-3.93888865511136	0.0024993751562109472	centered_position_bootstrap	0.028228237058382465	True	True	16566	0.9	4000	position_bootstrap	mtDNA_position	False	paired nonparametric bootstrap of whole mtDNA positions
benign	pathogenic	C[C>G]C	-2.3465887327544543e-05	-2.3524493472262558e-05	-3.004738695533814e-05	-1.840471526437284e-05	3.5709953780896e-06	-6.5712455052513254	0.00024993751562109475	centered_position_bootstrap	0.005332000333250021	True	True	16566	0.9	4000	position_bootstrap	mtDNA_position	False	paired nonparametric bootstrap of whole mtDNA positions
benign	pathogenic	C[C>G]G	-2.548703674699729e-05	-2.5539405041941072e-05	-3.3889004203547036e-05	-1.9047046361344586e-05	4.564261966635343e-06	-5.5840433641423255	0.00024993751562109475	centered_position_bootstrap	0.005332000333250021	True	True	16566	0.9	4000	position_bootstrap	mtDNA_position	False	paired nonparametric bootstrap of whole mtDNA positions
benign	pathogenic	C[C>G]T	-3.9678682208393504e-05	-3.805528582824069e-05	-7.163161204592737e-05	-1.9807947223190067e-05	1.7108651761042207e-05	-2.319217362220505	0.02799300174956261	centered_position_bootstrap	0.06398400399900026	True	False	16566	0.9	4000	position_bootstrap	mtDNA_position	False	paired nonparametric bootstrap of whole mtDNA positions
benign	pathogenic	G[C>G]A	-1.5427078401474833e-05	-1.5038145433786086e-05	-2.5274002140767065e-05	-8.502624798830536e-06	5.162686991399051e-06	-2.988187822964298	0.008247938015496127	centered_position_bootstrap	0.042800110783115033	True	True	16566	0.9	4000	position_bootstrap	mtDNA_position	False	paired nonparametric bootstrap of whole mtDNA positions
benign	pathogenic	G[C>G]C	-2.57413673108216e-05	-2.495061691634931e-05	-4.691885832710103e-05	-9.910166063321863e-06	1.145039682230792e-05	-2.248076438772121	0.02649337665583604	centered_position_bootstrap	0.0627991150360558	True	False	16566	0.9	4000	position_bootstrap	mtDNA_position	False	paired nonparametric bootstrap of whole mtDNA positions
benign	pathogenic	G[C>G]G	-2.8312939464053747e-05	-2.764744476328338e-05	-5.269372404793015e-05	-1.1432371179474226e-05	1.2965465828970587e-05	-2.1837194156796214	0.03199200199950013	centered_position_bootstrap	0.069800731635273	True	False	16566	0.9	4000	position_bootstrap	mtDNA_position	False	paired nonparametric bootstrap of whole mtDNA positions
benign	pathogenic	G[C>G]T	-1.9792965832798443e-05	-1.8954727094527634e-05	-3.23017090846755e-05	-1.1453536370971259e-05	6.4795856536672165e-06	-3.054665358362278	0.009247688077980504	centered_position_bootstrap	0.04438890277430642	True	True	16566	0.9	4000	position_bootstrap	mtDNA_position	False	paired nonparametric bootstrap of whole mtDNA positions
benign	pathogenic	T[C>G]A	-0.00014579820349702803	-0.00013753212977952775	-0.00030018842153583646	-3.567592846332603e-05	8.102293111122264e-05	-1.7994683912000962	0.05798550362409398	centered_position_bootstrap	0.10121106087114584	True	False	16566	0.9	4000	position_bootstrap	mtDNA_position	False	paired nonparametric bootstrap of whole mtDNA positions
benign	pathogenic	T[C>G]C	-2.89301817703892e-05	-2.8758524460604236e-05	-4.070590861003177e-05	-2.0532096194701208e-05	6.155946151888943e-06	-4.699550817466461	0.00024993751562109475	centered_position_bootstrap	0.005332000333250021	True	True	16566	0.9	4000	position_bootstrap	mtDNA_position	False	paired nonparametric bootstrap of whole mtDNA positions
benign	pathogenic	T[C>G]G	-3.316512075626296e-05	-3.126275175683818e-05	-6.194614900532177e-05	-1.573381988176144e-05	1.4620097244461538e-05	-2.2684610233236815	0.03124218945263684	centered_position_bootstrap	0.06894828017133647	True	False	16566	0.9	4000	position_bootstrap	mtDNA_position	False	paired nonparametric bootstrap of whole mtDNA positions
benign	pathogenic	T[C>G]T	-2.6123835730340855e-05	-2.629358712002683e-05	-3.3606117008024516e-05	-2.057432694896792e-05	3.945549043255698e-06	-6.621090105316391	0.00024993751562109475	centered_position_bootstrap	0.005332000333250021	True	True	16566	0.9	4000	position_bootstrap	mtDNA_position	False	paired nonparametric bootstrap of whole mtDNA positions
benign	pathogenic	T[G>C]T	-5.708124787318153e-05	-5.419319775535163e-05	-0.0001067013712797544	-2.2591995535192932e-05	2.6111439037928132e-05	-2.1860628895354353	0.03424143964008998	centered_position_bootstrap	0.07224567484502502	True	False	16566	0.9	4000	position_bootstrap	mtDNA_position	False	paired nonparametric bootstrap of whole mtDNA positions
benign	pathogenic	G[G>C]T	-4.246940919608062e-05	-4.0057259181966124e-05	-8.836906473012463e-05	-8.777767670903334e-06	2.4980900877380217e-05	-1.7000751656052546	0.07173206698325418	centered_position_bootstrap	0.11286778305423643	True	False	16566	0.9	4000	position_bootstrap	mtDNA_position	False	paired nonparametric bootstrap of whole mtDNA positions
benign	pathogenic	C[G>C]T	-0.0001436112304445726	-0.00013126703239450317	-0.00032854825085363215	-2.4341354627788594e-05	9.575875018777937e-05	-1.4997191396395242	0.0899775056235941	centered_position_bootstrap	0.11677080729817545	True	False	16566	0.9	4000	position_bootstrap	mtDNA_position	False	paired nonparametric bootstrap of whole mtDNA positions
benign	pathogenic	A[G>C]T	-2.3104873676351552e-05	-2.1932296440881085e-05	-4.410542529870314e-05	-8.928170409089756e-06	1.1184844469450352e-05	-2.0657304390292497	0.03849037740564859	centered_position_bootstrap	0.07798050487378155	True	False	16566	0.9	4000	position_bootstrap	mtDNA_position	False	paired nonparametric bootstrap of whole mtDNA positions
benign	pathogenic	T[G>C]G	-0.00026038693966909865	-0.0002526440818949006	-0.0007543580927453556	-4.81670455934513e-06	0.00025275707426611837	-1.0301865553125809	0.1707073231692077	centered_position_bootstrap	0.18622617073004477	True	False	16566	0.9	4000	position_bootstrap	mtDNA_position	False	paired nonparametric bootstrap of whole mtDNA positions
benign	pathogenic	G[G>C]G	-9.973002114206433e-06	-9.995756454544017e-06	-1.655237334916391e-05	-4.283080532028297e-06	3.703224386014158e-06	-2.6930590951688296	0.011247188202949263	centered_position_bootstrap	0.04510872281929518	True	True	16566	0.9	4000	position_bootstrap	mtDNA_position	False	paired nonparametric bootstrap of whole mtDNA positions
benign	pathogenic	C[G>C]G	-0.0012416806665889284	-0.0011916196245408857	-0.0036709806688000777	6.135112441183443e-06	0.0012477953097128204	-0.9950996424843916	0.2931767058235441	centered_position_bootstrap	0.3144688688163154	False	False	16566	0.9	4000	position_bootstrap	mtDNA_position	False	paired nonparametric bootstrap of whole mtDNA positions
benign	pathogenic	A[G>C]G	7.389258137184242e-06	7.333069768035852e-06	3.4037034895653203e-06	1.1782961348870583e-05	2.616234098104799e-06	2.8243872146368796	0.010997250687328168	centered_position_bootstrap	0.04510872281929518	True	True	16566	0.9	4000	position_bootstrap	mtDNA_position	False	paired nonparametric bootstrap of whole mtDNA positions
benign	pathogenic	T[G>C]C	-7.30375743069824e-05	-7.195886286398194e-05	-0.00011038035408666335	-4.3508298686509564e-05	2.07341372414209e-05	-3.5225760038413427	0.0024993751562109472	centered_position_bootstrap	0.028228237058382465	True	True	16566	0.9	4000	position_bootstrap	mtDNA_position	False	paired nonparametric bootstrap of whole mtDNA positions
benign	pathogenic	G[G>C]C	-0.001544827681178401	-0.0014002432134900596	-0.0036700044358471207	-0.00022185085044103012	0.0010936310309275841	-1.4125675273388372	0.11172206948262935	centered_position_bootstrap	0.13406648337915522	True	False	16566	0.9	4000	position_bootstrap	mtDNA_position	False	paired nonparametric bootstrap of whole mtDNA positions
benign	pathogenic	C[G>C]C	-3.2218029087547646e-05	-3.0134446572526025e-05	-6.579347058402825e-05	-5.2558076719705085e-06	1.871690365051669e-05	-1.7213332765464255	0.0757310672331917	centered_position_bootstrap	0.11346000709125044	True	False	16566	0.9	4000	position_bootstrap	mtDNA_position	False	paired nonparametric bootstrap of whole mtDNA positions
benign	pathogenic	A[G>C]C	-0.0005568107733808115	-0.000530939293811584	-0.0015773222658516277	-5.718306882269439e-06	0.0005296579558693178	-1.0512648157374096	0.16845788552861785	centered_position_bootstrap	0.18482236583711215	True	False	16566	0.9	4000	position_bootstrap	mtDNA_position	False	paired nonparametric bootstrap of whole mtDNA positions
benign	pathogenic	T[G>C]A	-3.434249292296567e-05	-3.182248550348665e-05	-8.212299320665701e-05	-3.868570559212456e-06	2.5513492180915728e-05	-1.3460522252086722	0.11522119470132466	centered_position_bootstrap	0.13740664212828782	True	False	16566	0.9	4000	position_bootstrap	mtDNA_position	False	paired nonparametric bootstrap of whole mtDNA positions
benign	pathogenic	G[G>C]A	-5.732125148713175e-07	0.0	-1.1537789808518339e-05	8.461548660661999e-06	6.093720266556243e-06	-0.09406610244602814	0.9325168707823044	centered_position_bootstrap	0.9325168707823043	False	False	16566	0.9	4000	position_bootstrap	mtDNA_position	False	paired nonparametric bootstrap of whole mtDNA positions
benign	pathogenic	C[G>C]A	-1.2209892593193912e-05	-1.1517262938867136e-05	-2.9648972956534287e-05	1.5995169536779602e-06	9.657966070203995e-06	-1.2642302224339887	0.19195201199700074	centered_position_bootstrap	0.2082191316577635	False	False	16566	0.9	4000	position_bootstrap	mtDNA_position	False	paired nonparametric bootstrap of whole mtDNA positions
benign	pathogenic	A[G>C]A	-1.0666312421611147e-06	-9.034235497790233e-07	-8.89031710154192e-06	5.753268709480007e-06	4.458648101335856e-06	-0.2392275007847202	0.8182954261434642	centered_position_bootstrap	0.8225796953902886	False	False	16566	0.9	4000	position_bootstrap	mtDNA_position	False	paired nonparametric bootstrap of whole mtDNA positions
benign	pathogenic	A[C>T]A	-0.0052805645143214975	-0.005157205628983193	-0.00831196406566552	-0.003023448449977659	0.0016330165622210704	-3.233625816470218	0.0047488127968008	centered_position_bootstrap	0.0337693354439168	True	True	16566	0.9	4000	position_bootstrap	mtDNA_position	False	paired nonparametric bootstrap of whole mtDNA positions
benign	pathogenic	A[C>T]C	-0.007593065031638921	-0.007273209232510238	-0.013680255231911482	-0.003058268293350856	0.0032646342754400165	-2.325854717865911	0.02424393901524619	centered_position_bootstrap	0.05892197836616796	True	False	16566	0.9	4000	position_bootstrap	mtDNA_position	False	paired nonparametric bootstrap of whole mtDNA positions
benign	pathogenic	A[C>T]G	-0.0023534881047550323	-0.0022832666622390604	-0.0040029330099748545	-0.0011517923871583414	0.0008682425933540743	-2.7106342429750696	0.012496875781054736	centered_position_bootstrap	0.04527170094268885	True	True	16566	0.9	4000	position_bootstrap	mtDNA_position	False	paired nonparametric bootstrap of whole mtDNA positions
benign	pathogenic	A[C>T]T	-0.021371793943036756	-0.020705552278662158	-0.050374037381268257	-0.004250512866832818	0.015039161452902412	-1.4210761690381486	0.09347663084228942	centered_position_bootstrap	0.11885770279284484	True	False	16566	0.9	4000	position_bootstrap	mtDNA_position	False	paired nonparametric bootstrap of whole mtDNA positions
benign	pathogenic	C[C>T]A	-0.005871661934024463	-0.005769779461802684	-0.009127761727421666	-0.0034605380563374004	0.0017273855467514697	-3.3991612035117122	0.003999000249937516	centered_position_bootstrap	0.03263184203949012	True	True	16566	0.9	4000	position_bootstrap	mtDNA_position	False	paired nonparametric bootstrap of whole mtDNA positions
benign	pathogenic	C[C>T]C	-0.016128071309675834	-0.015209295071238405	-0.036923796136494325	-0.0034878922835241506	0.01096386573548221	-1.47102050488276	0.08272931767058235	centered_position_bootstrap	0.1159418174653417	True	False	16566	0.9	4000	position_bootstrap	mtDNA_position	False	paired nonparametric bootstrap of whole mtDNA positions
benign	pathogenic	C[C>T]G	-0.0052336122662086796	-0.004870501068180322	-0.012305990208130077	-0.0010990781504410453	0.0035761618544363706	-1.4634718671125515	0.08922769307673081	centered_position_bootstrap	0.11677080729817545	True	False	16566	0.9	4000	position_bootstrap	mtDNA_position	False	paired nonparametric bootstrap of whole mtDNA positions
benign	pathogenic	C[C>T]T	-0.007770053055396341	-0.007208263958021561	-0.01584709163208734	-0.002433595964236203	0.004337426347780364	-1.7913971171804661	0.05573606598350413	centered_position_bootstrap	0.10001238008254947	True	False	16566	0.9	4000	position_bootstrap	mtDNA_position	False	paired nonparametric bootstrap of whole mtDNA positions
benign	pathogenic	G[C>T]A	-0.0016064607063126137	-0.0015831182334496495	-0.0025746193846836146	-0.0008720253063736855	0.0005207374401112391	-3.084972545798597	0.005498625343664084	centered_position_bootstrap	0.03519120219945014	True	True	16566	0.9	4000	position_bootstrap	mtDNA_position	False	paired nonparametric bootstrap of whole mtDNA positions
benign	pathogenic	G[C>T]C	-0.005477506972244716	-0.005270180091303766	-0.010599080895480293	-0.0016423723573332758	0.0027470346537234857	-1.993970831354528	0.0427393151712072	centered_position_bootstrap	0.08288836881688669	True	False	16566	0.9	4000	position_bootstrap	mtDNA_position	False	paired nonparametric bootstrap of whole mtDNA positions
benign	pathogenic	G[C>T]G	-0.0024515312583766537	-0.0023290158829628784	-0.005620631550250925	-0.0005901573723717405	0.0016379893505741854	-1.496671060478682	0.08472881779555111	centered_position_bootstrap	0.11673677325349513	True	False	16566	0.9	4000	position_bootstrap	mtDNA_position	False	paired nonparametric bootstrap of whole mtDNA positions
benign	pathogenic	G[C>T]T	-0.0020837707946859555	-0.0019664386056579023	-0.004213959657919604	-0.0005739051870151465	0.0011294192194207203	-1.844993213197419	0.05873531617095726	centered_position_bootstrap	0.10159622256598012	True	False	16566	0.9	4000	position_bootstrap	mtDNA_position	False	paired nonparametric bootstrap of whole mtDNA positions
benign	pathogenic	T[C>T]A	-0.007497362912768414	-0.007352402745579653	-0.012349618451234494	-0.003651255967364074	0.002691371580429428	-2.7857033816089247	0.011497125718570358	centered_position_bootstrap	0.04510872281929518	True	True	16566	0.9	4000	position_bootstrap	mtDNA_position	False	paired nonparametric bootstrap of whole mtDNA positions
benign	pathogenic	T[C>T]C	-0.007612254078333657	-0.0072098976540582605	-0.014931383971431815	-0.0020277642339481686	0.00399011136009062	-1.9077798565904622	0.04498875281179705	centered_position_bootstrap	0.08637840539865035	True	False	16566	0.9	4000	position_bootstrap	mtDNA_position	False	paired nonparametric bootstrap of whole mtDNA positions
benign	pathogenic	T[C>T]G	-0.004753875894062823	-0.004520956420394805	-0.008837857262996823	-0.001868324558857024	0.0021237784692464574	-2.2384047879294853	0.032491877030742314	centered_position_bootstrap	0.0700948358416014	True	False	16566	0.9	4000	position_bootstrap	mtDNA_position	False	paired nonparametric bootstrap of whole mtDNA positions
benign	pathogenic	T[C>T]T	-0.009790606100668257	-0.009284547761003509	-0.02306035887729901	-0.0016442505456745618	0.007070653262457362	-1.3846819717002488	0.09647588102974257	centered_position_bootstrap	0.12106777227261813	True	False	16566	0.9	4000	position_bootstrap	mtDNA_position	False	paired nonparametric bootstrap of whole mtDNA positions
benign	pathogenic	T[G>A]T	-0.011332917057687759	-0.011076665757455105	-0.01946396388348017	-0.004712699359378141	0.004497310553873372	-2.519932062046977	0.014996250937265684	centered_position_bootstrap	0.04651144906081172	True	True	16566	0.9	4000	position_bootstrap	mtDNA_position	False	paired nonparametric bootstrap of whole mtDNA positions
benign	pathogenic	G[G>A]T	-0.017548790728899314	-0.016708567224288262	-0.03323597888311551	-0.0058542363159503116	0.008369711233110535	-2.096702053408532	0.03399150212446888	centered_position_bootstrap	0.07224567484502502	True	False	16566	0.9	4000	position_bootstrap	mtDNA_position	False	paired nonparametric bootstrap of whole mtDNA positions
benign	pathogenic	C[G>A]T	-0.02893156180387622	-0.026109905128111562	-0.06256939334572131	-0.0032257744212017972	0.01870664484289749	-1.5465927774248043	0.07348162959260185	centered_position_bootstrap	0.11286778305423643	True	False	16566	0.9	4000	position_bootstrap	mtDNA_position	False	paired nonparametric bootstrap of whole mtDNA positions
benign	pathogenic	A[G>A]T	-0.005576938883629356	-0.005495757532985113	-0.009019599683934837	-0.003015496164236081	0.0018332259191758025	-3.042144901669667	0.0049987503124218945	centered_position_bootstrap	0.03427714499946442	True	True	16566	0.9	4000	position_bootstrap	mtDNA_position	False	paired nonparametric bootstrap of whole mtDNA positions
benign	pathogenic	T[G>A]G	-0.006255499103523501	-0.0060774496424717515	-0.01070647683633885	-0.002909524821522275	0.0024134560419440732	-2.591925850236165	0.01474631342164459	centered_position_bootstrap	0.04651144906081172	True	True	16566	0.9	4000	position_bootstrap	mtDNA_position	False	paired nonparametric bootstrap of whole mtDNA positions
benign	pathogenic	G[G>A]G	-0.011050672989723915	-0.010516000965515849	-0.021448834586327077	-0.002999690816954165	0.005600252944414497	-1.9732453336318465	0.04148962759310172	centered_position_bootstrap	0.08128580099872991	True	False	16566	0.9	4000	position_bootstrap	mtDNA_position	False	paired nonparametric bootstrap of whole mtDNA positions
benign	pathogenic	C[G>A]G	-0.012472230856910533	-0.011705554025583967	-0.031324195606421155	-0.001573297410516349	0.00972455750518404	-1.282549961811809	0.10372406898275431	centered_position_bootstrap	0.12766039259415915	True	False	16566	0.9	4000	position_bootstrap	mtDNA_position	False	paired nonparametric bootstrap of whole mtDNA positions
benign	pathogenic	A[G>A]G	-0.00524098111605746	-0.004862495680533811	-0.010703647763524683	-0.001435212339339553	0.002873869844309691	-1.8236668325236398	0.0569857535616096	centered_position_bootstrap	0.1003785750810004	True	False	16566	0.9	4000	position_bootstrap	mtDNA_position	False	paired nonparametric bootstrap of whole mtDNA positions
benign	pathogenic	T[G>A]C	-0.028677074255809	-0.027505377886414748	-0.05103893271397255	-0.01152315743155386	0.011973453540819102	-2.39505453944804	0.02424393901524619	centered_position_bootstrap	0.05892197836616796	True	False	16566	0.9	4000	position_bootstrap	mtDNA_position	False	paired nonparametric bootstrap of whole mtDNA positions
benign	pathogenic	G[G>A]C	-0.05198329701264799	-0.04927228659961414	-0.11625798511434773	-0.008569631491346775	0.035035259274334915	-1.4837423238573937	0.08222944263934016	centered_position_bootstrap	0.1159418174653417	True	False	16566	0.9	4000	position_bootstrap	mtDNA_position	False	paired nonparametric bootstrap of whole mtDNA positions
benign	pathogenic	C[G>A]C	-0.017407375747475154	-0.016843667552747767	-0.030198515070705693	-0.007800261129617161	0.006978189246000364	-2.4945405081199836	0.015996000999750064	centered_position_bootstrap	0.046533821090182004	True	True	16566	0.9	4000	position_bootstrap	mtDNA_position	False	paired nonparametric bootstrap of whole mtDNA positions
benign	pathogenic	A[G>A]C	-0.014795470688882484	-0.014602620811833548	-0.024025088280738485	-0.00775381647905742	0.004969706554906758	-2.977131652627341	0.007248187953011747	centered_position_bootstrap	0.039761488199378726	True	True	16566	0.9	4000	position_bootstrap	mtDNA_position	False	paired nonparametric bootstrap of whole mtDNA positions
benign	pathogenic	T[G>A]A	-0.0199513869248425	-0.01896595130008311	-0.03876978836426641	-0.006062676992900594	0.010078649772264081	-1.979569424046034	0.03974006498375406	centered_position_bootstrap	0.07866074718433794	True	False	16566	0.9	4000	position_bootstrap	mtDNA_position	False	paired nonparametric bootstrap of whole mtDNA positions
benign	pathogenic	G[G>A]A	-0.007667003992661302	-0.006997983968144495	-0.019515708361652166	-0.0005247399039925137	0.006165715259116597	-1.243489793227948	0.11972006998250437	centered_position_bootstrap	0.14101995973399287	True	False	16566	0.9	4000	position_bootstrap	mtDNA_position	False	paired nonparametric bootstrap of whole mtDNA positions
benign	pathogenic	C[G>A]A	0.008984954712016569	0.008152923862201353	-0.01088295183900528	0.039665797562106406	0.01589027360669549	0.5654373822884138	0.6293426643339165	centered_position_bootstrap	0.6496440406027525	False	False	16566	0.9	4000	position_bootstrap	mtDNA_position	False	paired nonparametric bootstrap of whole mtDNA positions
benign	pathogenic	A[G>A]A	-0.008550329363411935	-0.008302317441864073	-0.017886728444564026	-0.0016128199346141657	0.005079935937813163	-1.6831569271900553	0.07773056735816046	centered_position_bootstrap	0.11401660862979746	True	False	16566	0.9	4000	position_bootstrap	mtDNA_position	False	paired nonparametric bootstrap of whole mtDNA positions
benign	pathogenic	A[T>A]A	-5.4914076493932495e-05	-5.07634006974002e-05	-0.0001194440314192603	-1.2946887280970923e-05	3.4000035951272144e-05	-1.6151181890699686	0.07898025493626594	centered_position_bootstrap	0.11401660862979746	True	False	16566	0.9	4000	position_bootstrap	mtDNA_position	False	paired nonparametric bootstrap of whole mtDNA positions
benign	pathogenic	A[T>A]C	-1.9738163512083183e-05	-1.901926168345966e-05	-3.3490841756104184e-05	-9.641920454912573e-06	7.446938846317777e-06	-2.6505069961522434	0.016495876030992253	centered_position_bootstrap	0.04727176414851511	True	True	16566	0.9	4000	position_bootstrap	mtDNA_position	False	paired nonparametric bootstrap of whole mtDNA positions
benign	pathogenic	A[T>A]G	-4.287857593487685e-05	-4.1199008876157096e-05	-8.093647960628199e-05	-1.9361259166573273e-05	1.9464998315110655e-05	-2.2028553632902326	0.0379905023744064	centered_position_bootstrap	0.07798050487378155	True	False	16566	0.9	4000	position_bootstrap	mtDNA_position	False	paired nonparametric bootstrap of whole mtDNA positions
benign	pathogenic	A[T>A]T	-1.910205564908889e-05	-1.8628978150948478e-05	-2.9707714477534802e-05	-1.0879547624366734e-05	5.83580713787303e-06	-3.2732499888697477	0.0034991252186953262	centered_position_bootstrap	0.03263184203949012	True	True	16566	0.9	4000	position_bootstrap	mtDNA_position	False	paired nonparametric bootstrap of whole mtDNA positions
benign	pathogenic	C[T>A]A	-0.0002158675026680201	-0.00020718639611878078	-0.000566886864844055	-2.1005511101132628e-05	0.0001778648016751654	-1.2136606042057667	0.11647088227943014	centered_position_bootstrap	0.13803956418302832	True	False	16566	0.9	4000	position_bootstrap	mtDNA_position	False	paired nonparametric bootstrap of whole mtDNA positions
benign	pathogenic	C[T>A]C	-0.00045582920687224307	-0.00042720132897852437	-0.0011828789472614959	-2.6488372608202005e-05	0.0003766489485707763	-1.2102229638551294	0.10797300674831292	centered_position_bootstrap	0.13038249871494392	True	False	16566	0.9	4000	position_bootstrap	mtDNA_position	False	paired nonparametric bootstrap of whole mtDNA positions
benign	pathogenic	C[T>A]G	-2.0555592921558574e-05	-2.014608901266396e-05	-3.110276045176066e-05	-1.3048094993910395e-05	5.610917625280605e-06	-3.6634993229882924	0.0034991252186953262	centered_position_bootstrap	0.03263184203949012	True	True	16566	0.9	4000	position_bootstrap	mtDNA_position	False	paired nonparametric bootstrap of whole mtDNA positions
benign	pathogenic	C[T>A]T	-0.0003349051439387157	-0.0003131431499764902	-0.0008643764373225961	-2.5799090103590406e-05	0.0002809733661716726	-1.1919462278644988	0.12446888277930518	centered_position_bootstrap	0.14483651814319148	True	False	16566	0.9	4000	position_bootstrap	mtDNA_position	False	paired nonparametric bootstrap of whole mtDNA positions
benign	pathogenic	G[T>A]A	-3.8219888341868966e-05	-3.4963133292791617e-05	-9.611114961519696e-05	-3.612802369797763e-06	2.94603085525958e-05	-1.2973349642158227	0.12071982004498875	centered_position_bootstrap	0.1413305210282795	True	False	16566	0.9	4000	position_bootstrap	mtDNA_position	False	paired nonparametric bootstrap of whole mtDNA positions
benign	pathogenic	G[T>A]C	-6.333749066495502e-05	-5.732848248311391e-05	-0.0001289444650085834	-1.2632549638670944e-05	3.6831156925395327e-05	-1.719671494252829	0.056485878530367406	centered_position_bootstrap	0.1003785750810004	True	False	16566	0.9	4000	position_bootstrap	mtDNA_position	False	paired nonparametric bootstrap of whole mtDNA positions
benign	pathogenic	G[T>A]G	-9.968956271563751e-05	-9.11703457544569e-05	-0.0002164046308044855	-2.307871697972966e-05	6.052699969752648e-05	-1.6470263388870978	0.07298175456135966	centered_position_bootstrap	0.11286778305423643	True	False	16566	0.9	4000	position_bootstrap	mtDNA_position	False	paired nonparametric bootstrap of whole mtDNA positions
benign	pathogenic	G[T>A]T	-1.4524870404202757e-05	-1.4046966052200087e-05	-2.47858498285003e-05	-6.1521437899584934e-06	5.766286833504094e-06	-2.5189295682983204	0.015746063484128967	centered_position_bootstrap	0.04651144906081172	True	True	16566	0.9	4000	position_bootstrap	mtDNA_position	False	paired nonparametric bootstrap of whole mtDNA positions
benign	pathogenic	T[T>A]A	0.000455940126326625	0.0004378443548004297	-0.0003223434249620888	0.0016651454135412705	0.0006448153337375442	0.7070863586383073	0.6058485378655336	centered_position_bootstrap	0.6287725365955809	False	False	16566	0.9	4000	position_bootstrap	mtDNA_position	False	paired nonparametric bootstrap of whole mtDNA positions
benign	pathogenic	T[T>A]C	-4.108054041237668e-05	-3.8558396386537044e-05	-8.779317558918354e-05	-1.2589272892370924e-05	2.4515792107758977e-05	-1.6756766508627368	0.06773306673331667	centered_position_bootstrap	0.1102097357016678	True	False	16566	0.9	4000	position_bootstrap	mtDNA_position	False	paired nonparametric bootstrap of whole mtDNA positions
benign	pathogenic	T[T>A]G	-0.00023890365798947267	-0.00022118954591534507	-0.0005672902130844899	-4.2993151643957414e-05	0.0001714469271946078	-1.3934554669404797	0.08822794301424644	centered_position_bootstrap	0.11677080729817545	True	False	16566	0.9	4000	position_bootstrap	mtDNA_position	False	paired nonparametric bootstrap of whole mtDNA positions
benign	pathogenic	T[T>A]T	-3.135371892747005e-05	-3.0196639515653392e-05	-5.29771033026992e-05	-1.5801755502204664e-05	1.1733696832512414e-05	-2.6721091719868992	0.01374656335916021	centered_position_bootstrap	0.04651144906081172	True	True	16566	0.9	4000	position_bootstrap	mtDNA_position	False	paired nonparametric bootstrap of whole mtDNA positions
benign	pathogenic	T[A>T]T	-2.764708179681612e-05	-2.660299144358826e-05	-4.6596061280059714e-05	-1.4940698486333506e-05	9.85681393952948e-06	-2.8048700083442855	0.011747063234191453	centered_position_bootstrap	0.04510872281929518	True	True	16566	0.9	4000	position_bootstrap	mtDNA_position	False	paired nonparametric bootstrap of whole mtDNA positions
benign	pathogenic	G[A>T]T	-0.0006252007669608313	-0.0006029328004518665	-0.0018341254503460055	-1.1101099352767417e-05	0.0006130378321465038	-1.0198404310085398	0.16345913521619596	centered_position_bootstrap	0.1809202871695869	True	False	16566	0.9	4000	position_bootstrap	mtDNA_position	False	paired nonparametric bootstrap of whole mtDNA positions
benign	pathogenic	C[A>T]T	-2.2134986255236044e-05	-2.192541010811677e-05	-3.4569140201651884e-05	-1.2304663302812256e-05	6.7865317958092066e-06	-3.2616050320289895	0.003749062734316421	centered_position_bootstrap	0.03263184203949012	True	True	16566	0.9	4000	position_bootstrap	mtDNA_position	False	paired nonparametric bootstrap of whole mtDNA positions
benign	pathogenic	A[A>T]T	-3.476045727201104e-05	-3.357842619020359e-05	-5.683133837204345e-05	-1.9879256978051174e-05	1.1365980900421257e-05	-3.058289256030926	0.006748312921769558	centered_position_bootstrap	0.03810812002881633	True	True	16566	0.9	4000	position_bootstrap	mtDNA_position	False	paired nonparametric bootstrap of whole mtDNA positions
benign	pathogenic	T[A>T]G	-5.6183074119473573e-05	-5.56468664610308e-05	-8.545690101003073e-05	-3.483520183689021e-05	1.5477134056088788e-05	-3.6300696185655155	0.00424893776555861	centered_position_bootstrap	0.03263184203949012	True	True	16566	0.9	4000	position_bootstrap	mtDNA_position	False	paired nonparametric bootstrap of whole mtDNA positions
benign	pathogenic	G[A>T]G	5.776218419087887e-06	4.4672405574738665e-06	-1.9521766232026922e-05	4.711251767802775e-05	2.13580159959729e-05	0.2704473308839644	0.654336415896026	centered_position_bootstrap	0.6718320419895026	False	False	16566	0.9	4000	position_bootstrap	mtDNA_position	False	paired nonparametric bootstrap of whole mtDNA positions
benign	pathogenic	C[A>T]G	-0.0018650687247932405	-0.0017489303824372519	-0.004309340801696602	-5.389427116077301e-05	0.001321704019348104	-1.4111092177151259	0.09122719320169957	centered_position_bootstrap	0.11677080729817545	True	False	16566	0.9	4000	position_bootstrap	mtDNA_position	False	paired nonparametric bootstrap of whole mtDNA positions
benign	pathogenic	A[A>T]G	-0.00020073788763364837	-0.00017923989108419437	-0.0004655915589022532	-2.5055255477074774e-05	0.000142660286285663	-1.4071041973916327	0.0852286928267933	centered_position_bootstrap	0.11673677325349513	True	False	16566	0.9	4000	position_bootstrap	mtDNA_position	False	paired nonparametric bootstrap of whole mtDNA positions
benign	pathogenic	T[A>T]C	-0.00011325513971711609	-0.00010702726186376752	-0.0002468904039389057	-3.365856069546491e-05	7.062708470162734e-05	-1.6035652638867386	0.07298175456135966	centered_position_bootstrap	0.11286778305423643	True	False	16566	0.9	4000	position_bootstrap	mtDNA_position	False	paired nonparametric bootstrap of whole mtDNA positions
benign	pathogenic	G[A>T]C	-0.0001987560656643023	-0.00018347277406497136	-0.0004162080748412895	-4.9210403179791844e-05	0.00011456333180053919	-1.7349012335844693	0.06123469132716821	centered_position_bootstrap	0.10497375656085979	True	False	16566	0.9	4000	position_bootstrap	mtDNA_position	False	paired nonparametric bootstrap of whole mtDNA positions
benign	pathogenic	C[A>T]C	-0.0002021402692253316	-0.0001950506591537123	-0.00036360761679531014	-8.447392568674609e-05	8.538936996936423e-05	-2.3672767382855144	0.02474381404648838	centered_position_bootstrap	0.05938515371157212	True	False	16566	0.9	4000	position_bootstrap	mtDNA_position	False	paired nonparametric bootstrap of whole mtDNA positions
benign	pathogenic	A[A>T]C	-2.8849835502262557e-05	-2.8633950265085873e-05	-4.145189488985318e-05	-1.860680480089528e-05	7.076349777672353e-06	-4.076937461922951	0.0007498125468632841	centered_position_bootstrap	0.014396400899775055	True	True	16566	0.9	4000	position_bootstrap	mtDNA_position	False	paired nonparametric bootstrap of whole mtDNA positions
benign	pathogenic	T[A>T]A	-5.388981885768439e-05	-5.2645540925065775e-05	-8.144652407013137e-05	-3.341158210144011e-05	1.5052465213231315e-05	-3.580132429757388	0.003749062734316421	centered_position_bootstrap	0.03263184203949012	True	True	16566	0.9	4000	position_bootstrap	mtDNA_position	False	paired nonparametric bootstrap of whole mtDNA positions
benign	pathogenic	G[A>T]A	-1.1207587977334708e-05	-1.1075023179697865e-05	-1.9986166428153897e-05	-3.84058957254191e-06	4.873177874745595e-06	-2.2998520196474055	0.02424393901524619	centered_position_bootstrap	0.05892197836616796	True	False	16566	0.9	4000	position_bootstrap	mtDNA_position	False	paired nonparametric bootstrap of whole mtDNA positions
benign	pathogenic	C[A>T]A	-8.642530577993764e-05	-8.485632508393022e-05	-0.00013686130439199943	-4.76342367429095e-05	2.744080145596605e-05	-3.1495182791444107	0.006498375406148463	centered_position_bootstrap	0.03780872963577287	True	True	16566	0.9	4000	position_bootstrap	mtDNA_position	False	paired nonparametric bootstrap of whole mtDNA positions
benign	pathogenic	A[A>T]A	-2.8657116279189094e-05	-2.7904963875869706e-05	-4.536553886570335e-05	-1.642755319322755e-05	8.93549265943561e-06	-3.2071109418827675	0.00849787553111722	centered_position_bootstrap	0.042936634262487006	True	True	16566	0.9	4000	position_bootstrap	mtDNA_position	False	paired nonparametric bootstrap of whole mtDNA positions
benign	pathogenic	A[T>C]A	-0.009971585060622663	-0.009465092458512563	-0.016957181725190423	-0.005032388425791091	0.0037516684288902034	-2.6579068085642095	0.015746063484128967	centered_position_bootstrap	0.04651144906081172	True	True	16566	0.9	4000	position_bootstrap	mtDNA_position	False	paired nonparametric bootstrap of whole mtDNA positions
benign	pathogenic	A[T>C]C	-0.00655178301447822	-0.006416969829464199	-0.011043350844378224	-0.0032198524727680305	0.0023661154101268945	-2.7690039912832694	0.010497375656085979	centered_position_bootstrap	0.04510872281929518	True	True	16566	0.9	4000	position_bootstrap	mtDNA_position	False	paired nonparametric bootstrap of whole mtDNA positions
benign	pathogenic	A[T>C]G	-0.0031318426532334683	-0.0030015975792580083	-0.005596754417754436	-0.0013536887230753216	0.00135334852231101	-2.314143475684637	0.02749312671832042	centered_position_bootstrap	0.06359855819177736	True	False	16566	0.9	4000	position_bootstrap	mtDNA_position	False	paired nonparametric bootstrap of whole mtDNA positions
benign	pathogenic	A[T>C]T	-0.014980183342188366	-0.014743236235760841	-0.025840672365033727	-0.006809566930240713	0.005821632119280334	-2.5731930557027716	0.016745813546613347	centered_position_bootstrap	0.04728229707279062	True	True	16566	0.9	4000	position_bootstrap	mtDNA_position	False	paired nonparametric bootstrap of whole mtDNA positions
benign	pathogenic	C[T>C]A	-0.00981174528292136	-0.009345187746903563	-0.019642080369339867	-0.0038188591602929807	0.005089339743787539	-1.927901412928538	0.050487378155461136	centered_position_bootstrap	0.09461785497021971	True	False	16566	0.9	4000	position_bootstrap	mtDNA_position	False	paired nonparametric bootstrap of whole mtDNA positions
benign	pathogenic	C[T>C]C	-0.016251697160859353	-0.015930588756250145	-0.0271195875436391	-0.00801226051154116	0.00583205382966744	-2.786616453741832	0.009747563109222694	centered_position_bootstrap	0.04510872281929518	True	True	16566	0.9	4000	position_bootstrap	mtDNA_position	False	paired nonparametric bootstrap of whole mtDNA positions
benign	pathogenic	C[T>C]G	-0.001967254142972427	-0.0019446848220700471	-0.0031167669347994457	-0.0010490613443849708	0.0006365145697999851	-3.090666319846546	0.005498625343664084	centered_position_bootstrap	0.03519120219945014	True	True	16566	0.9	4000	position_bootstrap	mtDNA_position	False	paired nonparametric bootstrap of whole mtDNA positions
benign	pathogenic	C[T>C]T	-0.012663781262008286	-0.011935240504243903	-0.024286518706685554	-0.004833182154991312	0.006270454689765352	-2.0195953704407006	0.03899025243689078	centered_position_bootstrap	0.07798050487378155	True	False	16566	0.9	4000	position_bootstrap	mtDNA_position	False	paired nonparametric bootstrap of whole mtDNA positions
benign	pathogenic	G[T>C]A	-0.03483383105765197	-0.03340326195269711	-0.06300575034645858	-0.012020926777383168	0.015628361956012606	-2.2288856091057294	0.02424393901524619	centered_position_bootstrap	0.05892197836616796	True	False	16566	0.9	4000	position_bootstrap	mtDNA_position	False	paired nonparametric bootstrap of whole mtDNA positions
benign	pathogenic	G[T>C]C	-0.06783902324891584	-0.06130242383162071	-0.15716044217343203	-0.0035345775957782944	0.04951206231854127	-1.3701514352697746	0.09522619345163709	centered_position_bootstrap	0.12028571804417316	True	False	16566	0.9	4000	position_bootstrap	mtDNA_position	False	paired nonparametric bootstrap of whole mtDNA positions
benign	pathogenic	G[T>C]G	-0.010911475773602507	-0.009877054732821886	-0.024892731982232717	-0.0018498155928627802	0.007256750121086343	-1.5036311835922838	0.08672831792051987	centered_position_bootstrap	0.11677080729817545	True	False	16566	0.9	4000	position_bootstrap	mtDNA_position	False	paired nonparametric bootstrap of whole mtDNA positions
benign	pathogenic	G[T>C]T	-0.006107296923729404	-0.006007492525641341	-0.010368637627768042	-0.0028129234429982407	0.0022959485004368425	-2.6600321926068413	0.011747063234191453	centered_position_bootstrap	0.04510872281929518	True	True	16566	0.9	4000	position_bootstrap	mtDNA_position	False	paired nonparametric bootstrap of whole mtDNA positions
benign	pathogenic	T[T>C]A	-0.01161639871720943	-0.011424581301838183	-0.017948784240417064	-0.006781327576590009	0.003433219323116654	-3.3835294584862523	0.003749062734316421	centered_position_bootstrap	0.03263184203949012	True	True	16566	0.9	4000	position_bootstrap	mtDNA_position	False	paired nonparametric bootstrap of whole mtDNA positions
benign	pathogenic	T[T>C]C	-0.007031111247612685	-0.006822851622582801	-0.012222253576416656	-0.0032432794673152346	0.002810766917094031	-2.5014921034014246	0.0189952511872032	centered_position_bootstrap	0.05210126039918591	True	False	16566	0.9	4000	position_bootstrap	mtDNA_position	False	paired nonparametric bootstrap of whole mtDNA positions
benign	pathogenic	T[T>C]G	-0.0029235207396609638	-0.0028207345072352808	-0.0048664646679429475	-0.0015180481675926543	0.001064881887293061	-2.7453943714758626	0.014996250937265684	centered_position_bootstrap	0.04651144906081172	True	True	16566	0.9	4000	position_bootstrap	mtDNA_position	False	paired nonparametric bootstrap of whole mtDNA positions
benign	pathogenic	T[T>C]T	-0.008421635251581419	-0.008235437225922005	-0.01511000530893912	-0.0032791811713101253	0.0036390620392232377	-2.3142323930753945	0.02174456385903524	centered_position_bootstrap	0.05566608347913021	True	False	16566	0.9	4000	position_bootstrap	mtDNA_position	False	paired nonparametric bootstrap of whole mtDNA positions
benign	pathogenic	T[A>G]T	-0.024649705788844425	-0.023614924352623627	-0.056761636950052256	-0.0035898134874263778	0.017748533437865324	-1.3888305687418603	0.08447888027993002	centered_position_bootstrap	0.11673677325349513	True	False	16566	0.9	4000	position_bootstrap	mtDNA_position	False	paired nonparametric bootstrap of whole mtDNA positions
benign	pathogenic	G[A>G]T	-0.005204073287976457	-0.005021566323630392	-0.008550128768069274	-0.0025776424319654645	0.0018471900018517317	-2.8172918231257142	0.009247688077980504	centered_position_bootstrap	0.04438890277430642	True	True	16566	0.9	4000	position_bootstrap	mtDNA_position	False	paired nonparametric bootstrap of whole mtDNA positions
benign	pathogenic	C[A>G]T	-0.0011477504054455518	-0.0011368360346269788	-0.001672977726949938	-0.0007482108660399993	0.0002866900128124288	-4.0034544426090095	0.0017495626093476631	centered_position_bootstrap	0.025839693922673178	True	True	16566	0.9	4000	position_bootstrap	mtDNA_position	False	paired nonparametric bootstrap of whole mtDNA positions
benign	pathogenic	A[A>G]T	-0.004079454258480821	-0.003967223350161948	-0.006661940962931804	-0.002092505761693801	0.0014185505415854683	-2.875790561484927	0.010247438140464884	centered_position_bootstrap	0.04510872281929518	True	True	16566	0.9	4000	position_bootstrap	mtDNA_position	False	paired nonparametric bootstrap of whole mtDNA positions
benign	pathogenic	T[A>G]G	-0.04441123448131088	-0.042386546978589186	-0.10543056980377617	-0.0075857659307698505	0.032386614285865825	-1.3712836448202874	0.0902274431392152	centered_position_bootstrap	0.11677080729817545	True	False	16566	0.9	4000	position_bootstrap	mtDNA_position	False	paired nonparametric bootstrap of whole mtDNA positions
benign	pathogenic	G[A>G]G	-0.006679408935527085	-0.006598038024184347	-0.011556122784338995	-0.0028926707743815293	0.0027122735403098085	-2.4626605083365347	0.0189952511872032	centered_position_bootstrap	0.05210126039918591	True	False	16566	0.9	4000	position_bootstrap	mtDNA_position	False	paired nonparametric bootstrap of whole mtDNA positions
benign	pathogenic	C[A>G]G	-0.00329742648726656	-0.003197258082567175	-0.005783875390083782	-0.0014969439529114678	0.0013156602349279406	-2.5062903018020926	0.02074481379655086	centered_position_bootstrap	0.05512135479643602	True	False	16566	0.9	4000	position_bootstrap	mtDNA_position	False	paired nonparametric bootstrap of whole mtDNA positions
benign	pathogenic	A[A>G]G	-0.0051491126862175576	-0.004788629606459764	-0.011922605299052957	-0.0009765071537340008	0.0034930443597360125	-1.4741045792520948	0.09122719320169957	centered_position_bootstrap	0.11677080729817545	True	False	16566	0.9	4000	position_bootstrap	mtDNA_position	False	paired nonparametric bootstrap of whole mtDNA positions
benign	pathogenic	T[A>G]C	-0.006558277134329395	-0.006403016739757988	-0.01062089326980884	-0.003778813524931496	0.002091837695099314	-3.1351749467436707	0.007748062984253936	centered_position_bootstrap	0.04132300258268766	True	True	16566	0.9	4000	position_bootstrap	mtDNA_position	False	paired nonparametric bootstrap of whole mtDNA positions
benign	pathogenic	G[A>G]C	-0.008852036676569629	-0.00869413037409018	-0.015005826376730072	-0.004255370796672618	0.0033120822505758735	-2.6726500149658183	0.011247188202949263	centered_position_bootstrap	0.04510872281929518	True	True	16566	0.9	4000	position_bootstrap	mtDNA_position	False	paired nonparametric bootstrap of whole mtDNA positions
benign	pathogenic	C[A>G]C	-0.048985473525920226	-0.04705756941363705	-0.10374943126556642	-0.004065165034981422	0.031303143424716004	-1.5648739444883608	0.07073231692076981	centered_position_bootstrap	0.11223640370899012	True	False	16566	0.9	4000	position_bootstrap	mtDNA_position	False	paired nonparametric bootstrap of whole mtDNA positions
benign	pathogenic	A[A>G]C	-0.03263095183018867	-0.030256825564065802	-0.07314095337413963	-0.0079296579975467	0.020771948308899724	-1.5709143574273179	0.0804798800299925	centered_position_bootstrap	0.1148157405093171	True	False	16566	0.9	4000	position_bootstrap	mtDNA_position	False	paired nonparametric bootstrap of whole mtDNA positions
benign	pathogenic	T[A>G]A	-0.006207415997813305	-0.008740361402869781	-0.048937917163213426	0.04296107315686381	0.028212063731413193	-0.2200270089033421	0.8042989252686829	centered_position_bootstrap	0.8170655748761223	False	False	16566	0.9	4000	position_bootstrap	mtDNA_position	False	paired nonparametric bootstrap of whole mtDNA positions
benign	pathogenic	G[A>G]A	-0.04961113535420391	-0.04800766431445711	-0.13076359428167939	-0.0021490133675484894	0.04382019314130457	-1.1321523662441562	0.1279680079980005	centered_position_bootstrap	0.14769960204559637	True	False	16566	0.9	4000	position_bootstrap	mtDNA_position	False	paired nonparametric bootstrap of whole mtDNA positions
benign	pathogenic	C[A>G]A	-0.0016748445015591605	-0.001630875367258458	-0.00278280698663901	-0.0008753934013880312	0.0005907361142369206	-2.835182175585506	0.012496875781054736	centered_position_bootstrap	0.04527170094268885	True	True	16566	0.9	4000	position_bootstrap	mtDNA_position	False	paired nonparametric bootstrap of whole mtDNA positions
benign	pathogenic	A[A>G]A	-0.006283340925781667	-0.005890394478471521	-0.014199145138834765	-0.001583374355632952	0.00396276658634992	-1.5855945054712932	0.07798050487378155	centered_position_bootstrap	0.11401660862979746	True	False	16566	0.9	4000	position_bootstrap	mtDNA_position	False	paired nonparametric bootstrap of whole mtDNA positions
benign	pathogenic	A[T>G]A	-4.170557703421768e-05	-4.08378527459064e-05	-6.49919859395954e-05	-2.6630361830484415e-05	1.1947649752724485e-05	-3.490692972875886	0.005998500374906273	centered_position_bootstrap	0.03599100224943764	True	True	16566	0.9	4000	position_bootstrap	mtDNA_position	False	paired nonparametric bootstrap of whole mtDNA positions
benign	pathogenic	A[T>G]C	-0.00017227984021959562	-0.00016125080983911457	-0.00034398558214023537	-3.576699336163987e-05	9.612148531051227e-05	-1.79231354637374	0.04998750312421894	centered_position_bootstrap	0.09461785497021971	True	False	16566	0.9	4000	position_bootstrap	mtDNA_position	False	paired nonparametric bootstrap of whole mtDNA positions
benign	pathogenic	A[T>G]G	-1.962601485576453e-05	-1.9021236668980562e-05	-3.225374960608046e-05	-1.065007010670765e-05	6.773507961721621e-06	-2.89746686158411	0.011997000749812546	centered_position_bootstrap	0.04516517929341194	True	True	16566	0.9	4000	position_bootstrap	mtDNA_position	False	paired nonparametric bootstrap of whole mtDNA positions
benign	pathogenic	A[T>G]T	-2.371289666783448e-05	-2.260250165678246e-05	-4.767138977607592e-05	-9.413855751531599e-06	1.2513749930963849e-05	-1.8949473018603016	0.052236940764808795	centered_position_bootstrap	0.09461785497021971	True	False	16566	0.9	4000	position_bootstrap	mtDNA_position	False	paired nonparametric bootstrap of whole mtDNA positions
benign	pathogenic	C[T>G]A	-6.859690005252782e-05	-6.538633377372148e-05	-0.00017610821092002468	-1.0411821182981205e-05	5.511791005383137e-05	-1.2445482781464696	0.10547363159210198	centered_position_bootstrap	0.12898686156486355	True	False	16566	0.9	4000	position_bootstrap	mtDNA_position	False	paired nonparametric bootstrap of whole mtDNA positions
benign	pathogenic	C[T>G]C	-0.00022267678562276343	-0.00021543109557097353	-0.0006326444936970907	-1.5510960783429977e-05	0.00020760784033408195	-1.0725837004249579	0.14396400899775055	centered_position_bootstrap	0.16453029599742922	True	False	16566	0.9	4000	position_bootstrap	mtDNA_position	False	paired nonparametric bootstrap of whole mtDNA positions
benign	pathogenic	C[T>G]G	-2.3072604299708606e-05	-2.2614777740120523e-05	-3.881944764702943e-05	-1.0135707134293361e-05	8.881138285859609e-06	-2.5979332330005938	0.01374656335916021	centered_position_bootstrap	0.04651144906081172	True	True	16566	0.9	4000	position_bootstrap	mtDNA_position	False	paired nonparametric bootstrap of whole mtDNA positions
benign	pathogenic	C[T>G]T	-1.3285302363902142e-05	-1.3260915311036483e-05	-1.971558406766597e-05	-8.408631304442882e-06	3.4802991617763347e-06	-3.817287464771092	0.0017495626093476631	centered_position_bootstrap	0.025839693922673178	True	True	16566	0.9	4000	position_bootstrap	mtDNA_position	False	paired nonparametric bootstrap of whole mtDNA positions
benign	pathogenic	G[T>G]A	-0.00011623342513380149	-0.00010831864291853833	-0.0002728389772312577	-1.907063324540948e-05	8.298586157519277e-05	-1.4006413011508398	0.09722569357660585	centered_position_bootstrap	0.12121644913446963	True	False	16566	0.9	4000	position_bootstrap	mtDNA_position	False	paired nonparametric bootstrap of whole mtDNA positions
benign	pathogenic	G[T>G]C	-3.7545419724071275e-05	-3.524197445261224e-05	-7.903414885725754e-05	-1.0048657059036761e-05	2.2306778250532747e-05	-1.6831395059559795	0.06898275431142215	centered_position_bootstrap	0.11037240689827543	True	False	16566	0.9	4000	position_bootstrap	mtDNA_position	False	paired nonparametric bootstrap of whole mtDNA positions
benign	pathogenic	G[T>G]G	-5.049211618064757e-05	-4.920992497394586e-05	-8.470072135197009e-05	-2.320320900690179e-05	1.8939089783730258e-05	-2.666026549175723	0.009997500624843789	centered_position_bootstrap	0.04510872281929518	True	True	16566	0.9	4000	position_bootstrap	mtDNA_position	False	paired nonparametric bootstrap of whole mtDNA positions
benign	pathogenic	G[T>G]T	-1.0688112184224667e-05	-1.0394986232118825e-05	-1.8035183106545106e-05	-4.482872179811272e-06	4.138552797005709e-06	-2.5825723890625825	0.015496125968507872	centered_position_bootstrap	0.04651144906081172	True	True	16566	0.9	4000	position_bootstrap	mtDNA_position	False	paired nonparametric bootstrap of whole mtDNA positions
benign	pathogenic	T[T>G]A	-1.706609987457785e-05	-1.715339890041318e-05	-2.2504679642552764e-05	-1.2922863646685281e-05	2.951326228853618e-06	-5.78251895969048	0.00024993751562109475	centered_position_bootstrap	0.005332000333250021	True	True	16566	0.9	4000	position_bootstrap	mtDNA_position	False	paired nonparametric bootstrap of whole mtDNA positions
benign	pathogenic	T[T>G]C	-1.3043376332713075e-05	-1.2909266496489648e-05	-1.9614077399808522e-05	-7.683678010555806e-06	3.7683043718047773e-06	-3.4613383224312453	0.00424893776555861	centered_position_bootstrap	0.03263184203949012	True	True	16566	0.9	4000	position_bootstrap	mtDNA_position	False	paired nonparametric bootstrap of whole mtDNA positions
benign	pathogenic	T[T>G]G	-3.634970572011996e-05	-3.456930519067537e-05	-6.603624707771131e-05	-1.686664766475159e-05	1.5544557401840666e-05	-2.338420115828818	0.028742814296425893	centered_position_bootstrap	0.06417000401062525	True	False	16566	0.9	4000	position_bootstrap	mtDNA_position	False	paired nonparametric bootstrap of whole mtDNA positions
benign	pathogenic	T[T>G]T	-2.331768172337058e-05	-2.285356821612539e-05	-3.9381122688729654e-05	-1.1182391155219225e-05	8.682555155974279e-06	-2.6855783009136642	0.01474631342164459	centered_position_bootstrap	0.04651144906081172	True	True	16566	0.9	4000	position_bootstrap	mtDNA_position	False	paired nonparametric bootstrap of whole mtDNA positions
benign	pathogenic	T[A>C]T	-1.900025786036334e-05	-1.895091286001469e-05	-2.998160745371072e-05	-8.813882007081258e-06	6.489030553836044e-06	-2.9280580053874425	0.005998500374906273	centered_position_bootstrap	0.03599100224943764	True	True	16566	0.9	4000	position_bootstrap	mtDNA_position	False	paired nonparametric bootstrap of whole mtDNA positions
benign	pathogenic	G[A>C]T	-3.837976238460619e-05	-3.605945877979562e-05	-8.645757624795295e-05	-1.0591141976888022e-05	2.5013219563342092e-05	-1.5343791424936484	0.07623094226443389	centered_position_bootstrap	0.11346000709125044	True	False	16566	0.9	4000	position_bootstrap	mtDNA_position	False	paired nonparametric bootstrap of whole mtDNA positions
benign	pathogenic	C[A>C]T	-6.2482302973641e-05	-6.179504568529061e-05	-9.51074078239775e-05	-3.9153605637906046e-05	1.7436510185117972e-05	-3.583417915069354	0.0024993751562109472	centered_position_bootstrap	0.028228237058382465	True	True	16566	0.9	4000	position_bootstrap	mtDNA_position	False	paired nonparametric bootstrap of whole mtDNA positions
benign	pathogenic	A[A>C]T	-1.5368866865073128e-05	-1.5402674191894213e-05	-2.0613325811242075e-05	-1.1290578442523452e-05	2.821461596183904e-06	-5.447129560742523	0.00024993751562109475	centered_position_bootstrap	0.005332000333250021	True	True	16566	0.9	4000	position_bootstrap	mtDNA_position	False	paired nonparametric bootstrap of whole mtDNA positions
benign	pathogenic	T[A>C]G	-3.511442132467098e-05	-3.506904962040521e-05	-4.75607693006717e-05	-2.583691229790661e-05	6.620131767376605e-06	-5.3041876745885315	0.00024993751562109475	centered_position_bootstrap	0.005332000333250021	True	True	16566	0.9	4000	position_bootstrap	mtDNA_position	False	paired nonparametric bootstrap of whole mtDNA positions
benign	pathogenic	G[A>C]G	-3.098153515692595e-05	-2.9334002951057503e-05	-6.468369958123945e-05	-1.0929480888152309e-05	1.7207152326603936e-05	-1.8005033354081181	0.06298425393651587	centered_position_bootstrap	0.10640818056355478	True	False	16566	0.9	4000	position_bootstrap	mtDNA_position	False	paired nonparametric bootstrap of whole mtDNA positions
benign	pathogenic	C[A>C]G	-0.00034485468016559465	-0.0003173726672366107	-0.0007655094606194104	-6.191382158343032e-05	0.00022145915056966033	-1.5571931856440497	0.07873031742064483	centered_position_bootstrap	0.11401660862979746	True	False	16566	0.9	4000	position_bootstrap	mtDNA_position	False	paired nonparametric bootstrap of whole mtDNA positions
benign	pathogenic	A[A>C]G	-4.479428788861969e-05	-4.1513986016953714e-05	-0.00010438253185510116	-8.282060275284341e-06	3.1572116873477986e-05	-1.4187926665838781	0.08797800549862535	centered_position_bootstrap	0.11677080729817545	True	False	16566	0.9	4000	position_bootstrap	mtDNA_position	False	paired nonparametric bootstrap of whole mtDNA positions
benign	pathogenic	T[A>C]C	-0.0001476030099591923	-0.00013688656414297706	-0.0003121504164499369	-3.3748097092134696e-05	8.612464036347784e-05	-1.7138302039492184	0.06373406648337916	centered_position_bootstrap	0.10640818056355478	True	False	16566	0.9	4000	position_bootstrap	mtDNA_position	False	paired nonparametric bootstrap of whole mtDNA positions
benign	pathogenic	G[A>C]C	-0.00022175263524529596	-0.0002127893208518431	-0.0006127928167184748	-1.597558654799055e-05	0.00019664422319550334	-1.127684463045883	0.1284678830292427	centered_position_bootstrap	0.14769960204559637	True	False	16566	0.9	4000	position_bootstrap	mtDNA_position	False	paired nonparametric bootstrap of whole mtDNA positions
benign	pathogenic	C[A>C]C	-0.0005063293451414446	-0.0004918818268863812	-0.0008550824924036321	-0.00023476392943852582	0.00019187251666135362	-2.6388841609613807	0.01474631342164459	centered_position_bootstrap	0.04651144906081172	True	True	16566	0.9	4000	position_bootstrap	mtDNA_position	False	paired nonparametric bootstrap of whole mtDNA positions
benign	pathogenic	A[A>C]C	-0.0010121822568469863	-0.0009486790047768357	-0.002137996028735144	-0.00018325356314134432	0.0006044287128529042	-1.6746098180370768	0.06773306673331667	centered_position_bootstrap	0.1102097357016678	True	False	16566	0.9	4000	position_bootstrap	mtDNA_position	False	paired nonparametric bootstrap of whole mtDNA positions
benign	pathogenic	T[A>C]A	-5.753228495031816e-05	-5.5026562367103356e-05	-0.00012480374334520268	-2.033482016500852e-05	3.4682139645176666e-05	-1.6588447408065068	0.06848287928017996	centered_position_bootstrap	0.11037240689827543	True	False	16566	0.9	4000	position_bootstrap	mtDNA_position	False	paired nonparametric bootstrap of whole mtDNA positions
benign	pathogenic	G[A>C]A	-8.966070381867765e-06	-8.23414173526801e-06	-2.1909952610773622e-05	0.0	6.876581990172273e-06	-1.3038556647301962	0.160959760059985	centered_position_bootstrap	0.180726748137527	False	False	16566	0.9	4000	position_bootstrap	mtDNA_position	False	paired nonparametric bootstrap of whole mtDNA positions
benign	pathogenic	C[A>C]A	-8.828486666249777e-05	-8.525513700350762e-05	-0.00015238221558404078	-3.9769706355773126e-05	3.460469202130126e-05	-2.551239774310176	0.015496125968507872	centered_position_bootstrap	0.04651144906081172	True	True	16566	0.9	4000	position_bootstrap	mtDNA_position	False	paired nonparametric bootstrap of whole mtDNA positions
benign	pathogenic	A[A>C]A	-0.00020029332073208636	-0.00018164532453864121	-0.00047557686774147656	-2.0872157996486356e-05	0.0001422440618586675	-1.4080961842266295	0.09797550612346913	centered_position_bootstrap	0.12136320758520047	True	False	16566	0.9	4000	position_bootstrap	mtDNA_position	False	paired nonparametric bootstrap of whole mtDNA positions
vus_low	vus_high	A[C>A]A	-8.834216405663826e-07	-8.610147053799317e-07	-2.2231829892614094e-06	3.708809208485861e-07	7.834406351164244e-07	-1.1276178448863587	0.2616845788552862	centered_position_bootstrap	0.48208131453375186	False	False	16566	0.9	4000	position_bootstrap	mtDNA_position	False	paired nonparametric bootstrap of whole mtDNA positions
vus_low	vus_high	A[C>A]C	3.175088348758668e-07	3.306536357202549e-07	-8.954374287669215e-07	1.5597628193815866e-06	7.387718351732439e-07	0.4297792901125016	0.6830792301924519	centered_position_bootstrap	0.7893595463409597	False	False	16566	0.9	4000	position_bootstrap	mtDNA_position	False	paired nonparametric bootstrap of whole mtDNA positions
vus_low	vus_high	A[C>A]G	-2.8881092095439453e-06	-2.852216008103986e-06	-5.328722146787015e-06	-6.053656730946218e-07	1.4551245776804363e-06	-1.9847848451214947	0.0519870032491877	centered_position_bootstrap	0.25073731567108226	True	False	16566	0.9	4000	position_bootstrap	mtDNA_position	False	paired nonparametric bootstrap of whole mtDNA positions
vus_low	vus_high	A[C>A]T	-6.2415659387842276e-06	-6.139971175545433e-06	-9.380065242915386e-06	-3.902934477401553e-06	1.6827397779776994e-06	-3.709168833154513	0.000999750062484379	centered_position_bootstrap	0.04798800299925019	True	True	16566	0.9	4000	position_bootstrap	mtDNA_position	False	paired nonparametric bootstrap of whole mtDNA positions
vus_low	vus_high	C[C>A]A	-2.6502649216991456e-07	-2.6627805021025083e-07	-1.2925359335168389e-06	6.999106113671872e-07	6.01274106918804e-07	-0.44077482984928157	0.6820794801299676	centered_position_bootstrap	0.7893595463409597	False	False	16566	0.9	4000	position_bootstrap	mtDNA_position	False	paired nonparametric bootstrap of whole mtDNA positions
vus_low	vus_high	C[C>A]C	3.9660654638103435e-07	3.88925734781535e-07	-7.25324182523975e-07	1.5067779874047922e-06	6.864407354924877e-07	0.5777724512466302	0.5796050987253186	centered_position_bootstrap	0.7226245386705271	False	False	16566	0.9	4000	position_bootstrap	mtDNA_position	False	paired nonparametric bootstrap of whole mtDNA positions
vus_low	vus_high	C[C>A]G	0.0	0.0	-1.5826423254641493e-06	1.6267991622485675e-06	9.796056988389146e-07	0.0	1.0	centered_position_bootstrap	1.0	False	False	16566	0.9	4000	position_bootstrap	mtDNA_position	False	paired nonparametric bootstrap of whole mtDNA positions
vus_low	vus_high	C[C>A]T	-3.1998937264833475e-05	-3.081969933270725e-05	-7.885553154615234e-05	-7.350694932773568e-06	2.3934228356182598e-05	-1.3369529524258772	0.09722569357660585	centered_position_bootstrap	0.2963068756620369	True	False	16566	0.9	4000	position_bootstrap	mtDNA_position	False	paired nonparametric bootstrap of whole mtDNA positions
vus_low	vus_high	G[C>A]A	-3.71736828951201e-07	-3.790562463892544e-07	-2.145792580187385e-06	1.4215728991005332e-06	1.0916757970801586e-06	-0.3405194380469584	0.7603099225193701	centered_position_bootstrap	0.8487180530448782	False	False	16566	0.9	4000	position_bootstrap	mtDNA_position	False	paired nonparametric bootstrap of whole mtDNA positions
vus_low	vus_high	G[C>A]C	9.95522492683708e-07	9.819977499075844e-07	-7.175539280363466e-07	2.7688545493506704e-06	1.0567377868587256e-06	0.9420714438943391	0.3506623344163959	centered_position_bootstrap	0.530135182739748	False	False	16566	0.9	4000	position_bootstrap	mtDNA_position	False	paired nonparametric bootstrap of whole mtDNA positions
vus_low	vus_high	G[C>A]G	-1.2309973680023369e-06	-1.1939547027222984e-06	-3.8032305824476955e-06	1.1778086751470354e-06	1.5089833181987352e-06	-0.8157793085955194	0.46838290427393153	centered_position_bootstrap	0.6447530974399258	False	False	16566	0.9	4000	position_bootstrap	mtDNA_position	False	paired nonparametric bootstrap of whole mtDNA positions
vus_low	vus_high	G[C>A]T	-1.8364607473730517e-06	-1.8400262136164226e-06	-3.871016176174092e-06	0.0	1.169137431473266e-06	-1.5707826111245715	0.12571857035741066	centered_position_bootstrap	0.3352495209530951	False	False	16566	0.9	4000	position_bootstrap	mtDNA_position	False	paired nonparametric bootstrap of whole mtDNA positions
vus_low	vus_high	T[C>A]A	-2.8587883038632946e-07	-2.8298433665023306e-07	-8.571407318992888e-07	2.160791505244259e-07	3.2692902175123074e-07	-0.8744369920265522	0.41039740064983754	centered_position_bootstrap	0.5793845656233001	False	False	16566	0.9	4000	position_bootstrap	mtDNA_position	False	paired nonparametric bootstrap of whole mtDNA positions
vus_low	vus_high	T[C>A]C	-4.254438495645472e-06	-3.4669334974416926e-06	-1.994289207321485e-05	7.0736805187171705e-06	8.461694670348037e-06	-0.5027879947682493	0.604348912771807	centered_position_bootstrap	0.7343986788113098	False	False	16566	0.9	4000	position_bootstrap	mtDNA_position	False	paired nonparametric bootstrap of whole mtDNA positions
vus_low	vus_high	T[C>A]G	-1.2515139908023758e-06	-1.189048158474053e-06	-2.4738434525170065e-06	-3.113963114848224e-07	6.650690625165336e-07	-1.8817804967003156	0.06298425393651587	centered_position_bootstrap	0.2536508729960367	True	False	16566	0.9	4000	position_bootstrap	mtDNA_position	False	paired nonparametric bootstrap of whole mtDNA positions
vus_low	vus_high	T[C>A]T	-0.00013195574699139613	-0.00012255472318957044	-0.00035324617154832203	-2.44036890180798e-06	0.00011702882783265428	-1.1275490785918718	0.12996750812296926	centered_position_bootstrap	0.34183235013164515	True	False	16566	0.9	4000	position_bootstrap	mtDNA_position	False	paired nonparametric bootstrap of whole mtDNA positions
vus_low	vus_high	T[G>T]T	-7.3259355559163464e-06	-7.029061055019526e-06	-1.3129705321024868e-05	-3.0193847121466183e-06	3.138921744948212e-06	-2.333901941871193	0.023744063984004	centered_position_bootstrap	0.175340780189568	True	False	16566	0.9	4000	position_bootstrap	mtDNA_position	False	paired nonparametric bootstrap of whole mtDNA positions
vus_low	vus_high	G[G>T]T	-1.8464960520035047e-06	-1.7257321165149745e-06	-5.11937219692475e-06	1.014102094137435e-06	1.8557194732129075e-06	-0.9950297330267092	0.3241689577605599	centered_position_bootstrap	0.5266782477934235	False	False	16566	0.9	4000	position_bootstrap	mtDNA_position	False	paired nonparametric bootstrap of whole mtDNA positions
vus_low	vus_high	C[G>T]T	-5.63181295861069e-06	-5.648078789963092e-06	-9.96547193197853e-06	-2.027709031631523e-06	2.403370800210204e-06	-2.343297571110592	0.022994251437140716	centered_position_bootstrap	0.175340780189568	True	False	16566	0.9	4000	position_bootstrap	mtDNA_position	False	paired nonparametric bootstrap of whole mtDNA positions
vus_low	vus_high	A[G>T]T	-3.5069897544462177e-06	-3.5270990755928322e-06	-5.913183499859453e-06	-1.4947361075362755e-06	1.3476862038517614e-06	-2.6022302108777606	0.011497125718570358	centered_position_bootstrap	0.14716320919770057	True	False	16566	0.9	4000	position_bootstrap	mtDNA_position	False	paired nonparametric bootstrap of whole mtDNA positions
vus_low	vus_high	T[G>T]G	-2.701109332666997e-07	-2.703748403619958e-07	-2.1506336397396062e-06	1.5096105239523182e-06	1.1300691685316112e-06	-0.23902159335757855	0.8577855536115971	centered_position_bootstrap	0.9199458377163952	False	False	16566	0.9	4000	position_bootstrap	mtDNA_position	False	paired nonparametric bootstrap of whole mtDNA positions
vus_low	vus_high	G[G>T]G	-8.799707747829207e-07	-8.951350366857292e-07	-3.5596366987531306e-06	1.672393546559561e-06	1.6008723819407631e-06	-0.5496820263187489	0.6123469132716821	centered_position_bootstrap	0.7348162959260185	False	False	16566	0.9	4000	position_bootstrap	mtDNA_position	False	paired nonparametric bootstrap of whole mtDNA positions
vus_low	vus_high	C[G>T]G	-4.4696928242941974e-07	-4.4826480629377266e-07	-3.666002592910176e-06	2.8442271511806575e-06	1.9993021626445007e-06	-0.22356264639768517	0.8650337415646089	centered_position_bootstrap	0.9199458377163952	False	False	16566	0.9	4000	position_bootstrap	mtDNA_position	False	paired nonparametric bootstrap of whole mtDNA positions
vus_low	vus_high	A[G>T]G	-2.396516152600294e-06	-2.397653895846314e-06	-4.761972249249394e-06	-1.9949380904792642e-07	1.3922750225915816e-06	-1.721295084457823	0.09172706823294176	centered_position_bootstrap	0.2926481494380503	True	False	16566	0.9	4000	position_bootstrap	mtDNA_position	False	paired nonparametric bootstrap of whole mtDNA positions
vus_low	vus_high	T[G>T]C	-1.759941549565841e-06	-1.7662083843635729e-06	-4.266464692661992e-06	5.864008362806038e-07	1.4723694821413572e-06	-1.1953124340815935	0.24093976505873532	centered_position_bootstrap	0.46039975154726176	False	False	16566	0.9	4000	position_bootstrap	mtDNA_position	False	paired nonparametric bootstrap of whole mtDNA positions
vus_low	vus_high	G[G>T]C	3.8020678201591166e-06	3.834703225445807e-06	1.381046179503854e-06	6.545093558145069e-06	1.5758164390087819e-06	2.412760602085538	0.02174456385903524	centered_position_bootstrap	0.17395651087228192	True	False	16566	0.9	4000	position_bootstrap	mtDNA_position	False	paired nonparametric bootstrap of whole mtDNA positions
vus_low	vus_high	C[G>T]C	-1.1923207615076688e-05	-1.1311313110704794e-05	-2.2217791657714546e-05	-4.191369875674024e-06	5.528924031111924e-06	-2.1565150014692476	0.034741314671332166	centered_position_bootstrap	0.21144713821544614	True	False	16566	0.9	4000	position_bootstrap	mtDNA_position	False	paired nonparametric bootstrap of whole mtDNA positions
vus_low	vus_high	A[G>T]C	-3.1174897243813696e-06	-2.4609359109691807e-06	-1.3154048566374053e-05	4.970150240172969e-06	5.524343125803068e-06	-0.5643186263757256	0.5676080979755062	centered_position_bootstrap	0.7226245386705271	False	False	16566	0.9	4000	position_bootstrap	mtDNA_position	False	paired nonparametric bootstrap of whole mtDNA positions
vus_low	vus_high	T[G>T]A	-2.5445474031005652e-05	-2.43740159059468e-05	-8.480265804382659e-05	5.276818096133253e-06	3.0396493321621853e-05	-0.8371187347754221	0.6010997250687328	centered_position_bootstrap	0.7343986788113098	False	False	16566	0.9	4000	position_bootstrap	mtDNA_position	False	paired nonparametric bootstrap of whole mtDNA positions
vus_low	vus_high	G[G>T]A	5.445518891277512e-06	5.457429593314981e-06	2.9745168918722576e-06	8.408898483363347e-06	1.6469658584489816e-06	3.306394521381148	0.0022494376405898524	centered_position_bootstrap	0.06169886099903595	True	False	16566	0.9	4000	position_bootstrap	mtDNA_position	False	paired nonparametric bootstrap of whole mtDNA positions
vus_low	vus_high	C[G>T]A	1.526236574149239e-06	1.521212673137804e-06	-6.285506718340788e-07	3.854786054448692e-06	1.363088190815377e-06	1.1196902624739704	0.2736815796050987	centered_position_bootstrap	0.48208131453375186	False	False	16566	0.9	4000	position_bootstrap	mtDNA_position	False	paired nonparametric bootstrap of whole mtDNA positions
vus_low	vus_high	A[G>T]A	-1.0666312421611157e-06	-1.0331236426059275e-06	-2.6167004195411492e-06	4.115372230184972e-07	9.071160289157954e-07	-1.1758487427853925	0.25668582854286426	centered_position_bootstrap	0.48208131453375186	False	False	16566	0.9	4000	position_bootstrap	mtDNA_position	False	paired nonparametric bootstrap of whole mtDNA positions
vus_low	vus_high	A[C>G]A	-7.950794765097446e-07	-7.711262650884514e-07	-1.512249675846166e-06	-1.6691797914309803e-07	4.1606321153817613e-07	-1.910958369932189	0.06398400399900026	centered_position_bootstrap	0.2536508729960367	True	False	16566	0.9	4000	position_bootstrap	mtDNA_position	False	paired nonparametric bootstrap of whole mtDNA positions
vus_low	vus_high	A[C>G]C	-1.2700353395034684e-06	-1.1202241003946153e-06	-3.880613860258088e-06	8.24783957534835e-07	1.4321367570243292e-06	-0.886811495671913	0.3676580854786303	centered_position_bootstrap	0.5388576519992139	False	False	16566	0.9	4000	position_bootstrap	mtDNA_position	False	paired nonparametric bootstrap of whole mtDNA positions
vus_low	vus_high	A[C>G]G	-3.2090102328266054e-06	-3.1690351052476473e-06	-5.670470160415803e-06	-9.127363831914701e-07	1.4422648325558491e-06	-2.224979879139043	0.028742814296425893	centered_position_bootstrap	0.19360677072111285	True	False	16566	0.9	4000	position_bootstrap	mtDNA_position	False	paired nonparametric bootstrap of whole mtDNA positions
vus_low	vus_high	A[C>G]T	-3.840963654636447e-06	-3.9939175167386885e-06	-6.333247446816552e-06	-1.1555565978663324e-06	1.5782680639392995e-06	-2.433657337682891	0.019745063734066485	centered_position_bootstrap	0.16691479304087023	True	False	16566	0.9	4000	position_bootstrap	mtDNA_position	False	paired nonparametric bootstrap of whole mtDNA positions
vus_low	vus_high	C[C>G]A	-1.766843281132763e-07	-1.8022406929528865e-07	-1.1492567784426275e-06	7.525987695717843e-07	5.810726054145162e-07	-0.3040658369830326	0.7848037990502374	centered_position_bootstrap	0.865990398951986	False	False	16566	0.9	4000	position_bootstrap	mtDNA_position	False	paired nonparametric bootstrap of whole mtDNA positions
vus_low	vus_high	C[C>G]C	2.6440436425402276e-07	2.5484862122264405e-07	-7.152612355911271e-07	1.2344216662993046e-06	5.981142087007945e-07	0.44206333908761986	0.6788302924268933	centered_position_bootstrap	0.7893595463409597	False	False	16566	0.9	4000	position_bootstrap	mtDNA_position	False	paired nonparametric bootstrap of whole mtDNA positions
vus_low	vus_high	C[C>G]G	2.740541585698626e-07	2.7557788502249814e-07	-1.7386657507334088e-06	2.3422769243636377e-06	1.2449297879207243e-06	0.22013623678134212	0.8720319920019995	centered_position_bootstrap	0.9199458377163952	False	False	16566	0.9	4000	position_bootstrap	mtDNA_position	False	paired nonparametric bootstrap of whole mtDNA positions
vus_low	vus_high	C[C>G]T	-7.253092446695586e-06	-7.284740010554538e-06	-9.374065806785551e-06	-5.550781426713183e-06	1.1731005736148952e-06	-6.182839399988757	0.00024993751562109475	centered_position_bootstrap	0.04798800299925019	True	True	16566	0.9	4000	position_bootstrap	mtDNA_position	False	paired nonparametric bootstrap of whole mtDNA positions
vus_low	vus_high	G[C>G]A	-3.71736828951201e-07	-3.790562463892544e-07	-2.145792580187385e-06	1.4215728991005332e-06	1.0916757970801586e-06	-0.3405194380469584	0.7603099225193701	centered_position_bootstrap	0.8487180530448782	False	False	16566	0.9	4000	position_bootstrap	mtDNA_position	False	paired nonparametric bootstrap of whole mtDNA positions
vus_low	vus_high	G[C>G]C	1.1377399916385231e-06	1.097047223821739e-06	-9.368511571892962e-07	3.373317541707604e-06	1.3114254144006222e-06	0.8675598163228515	0.38765308672831794	centered_position_bootstrap	0.5554432287450526	False	False	16566	0.9	4000	position_bootstrap	mtDNA_position	False	paired nonparametric bootstrap of whole mtDNA positions
vus_low	vus_high	G[C>G]G	-3.692992104007011e-06	-3.5206238996966602e-06	-9.76229890232857e-06	1.8174012696965853e-06	3.5278636932307377e-06	-1.0468069135134448	0.3026743314171457	centered_position_bootstrap	0.5097672950183507	False	False	16566	0.9	4000	position_bootstrap	mtDNA_position	False	paired nonparametric bootstrap of whole mtDNA positions
vus_low	vus_high	G[C>G]T	-1.63240955322049e-06	-1.646092220260629e-06	-3.5537937262531346e-06	0.0	1.107335466858098e-06	-1.474177972328668	0.15096225943514122	centered_position_bootstrap	0.34619916449459065	False	False	16566	0.9	4000	position_bootstrap	mtDNA_position	False	paired nonparametric bootstrap of whole mtDNA positions
vus_low	vus_high	T[C>G]A	-5.717576607726591e-07	-5.606778885189269e-07	-1.5939958931667185e-06	3.8301947622715084e-07	6.08807766315953e-07	-0.939143178531553	0.3664083979005249	centered_position_bootstrap	0.5388576519992139	False	False	16566	0.9	4000	position_bootstrap	mtDNA_position	False	paired nonparametric bootstrap of whole mtDNA positions
vus_low	vus_high	T[C>G]C	5.318048119556839e-07	5.441591496090399e-07	-1.0248271140073792e-06	2.0075990395374217e-06	9.322227190980142e-07	0.570469696844805	0.5701074731317171	centered_position_bootstrap	0.7226245386705271	False	False	16566	0.9	4000	position_bootstrap	mtDNA_position	False	paired nonparametric bootstrap of whole mtDNA positions
vus_low	vus_high	T[C>G]G	-2.5030279816047512e-06	-2.4569099584364287e-06	-4.630270155745238e-06	-6.33867528397794e-07	1.2294524315158411e-06	-2.0358884308510152	0.04998750312421894	centered_position_bootstrap	0.25073731567108226	True	False	16566	0.9	4000	position_bootstrap	mtDNA_position	False	paired nonparametric bootstrap of whole mtDNA positions
vus_low	vus_high	T[C>G]T	-1.9440994031881567e-06	-1.9321153401469855e-06	-3.3545725416407625e-06	-7.256275999755287e-07	8.021617936770789e-07	-2.4235751671448718	0.017745563609097726	centered_position_bootstrap	0.16691479304087023	True	False	16566	0.9	4000	position_bootstrap	mtDNA_position	False	paired nonparametric bootstrap of whole mtDNA positions
vus_low	vus_high	T[G>C]T	-1.648335500081178e-05	-1.5427059682900627e-05	-3.105712721388553e-05	-5.551376111729805e-06	7.800974935164697e-06	-2.1129865353763986	0.03124218945263684	centered_position_bootstrap	0.19995001249687577	True	False	16566	0.9	4000	position_bootstrap	mtDNA_position	False	paired nonparametric bootstrap of whole mtDNA positions
vus_low	vus_high	G[G>C]T	-1.8464960520035047e-06	-1.7050466998533076e-06	-5.064530823798081e-06	9.885858215394737e-07	1.860314590784308e-06	-0.9925719344194481	0.3319170207448138	centered_position_bootstrap	0.5266782477934235	False	False	16566	0.9	4000	position_bootstrap	mtDNA_position	False	paired nonparametric bootstrap of whole mtDNA positions
vus_low	vus_high	C[G>C]T	-2.0649980848239203e-05	-1.93247696852109e-05	-4.759057488683058e-05	-4.648490972429515e-06	1.3603091874466175e-05	-1.518035828825097	0.08372906773306674	centered_position_bootstrap	0.2870710893705145	True	False	16566	0.9	4000	position_bootstrap	mtDNA_position	False	paired nonparametric bootstrap of whole mtDNA positions
vus_low	vus_high	A[G>C]T	-1.753494877223109e-05	-1.6888224400922945e-05	-4.810172690524541e-05	-3.3019686124001015e-07	1.5654639736196996e-05	-1.1201119328020308	0.18520369907523118	centered_position_bootstrap	0.40872540485568265	True	False	16566	0.9	4000	position_bootstrap	mtDNA_position	False	paired nonparametric bootstrap of whole mtDNA positions
vus_low	vus_high	T[G>C]G	-2.701109332666997e-07	-2.703748403619958e-07	-2.1506336397396062e-06	1.5096105239523182e-06	1.1300691685316112e-06	-0.23902159335757855	0.8577855536115971	centered_position_bootstrap	0.9199458377163952	False	False	16566	0.9	4000	position_bootstrap	mtDNA_position	False	paired nonparametric bootstrap of whole mtDNA positions
vus_low	vus_high	G[G>C]G	-8.799707747829207e-07	-8.951350366857292e-07	-3.5596366987531306e-06	1.672393546559561e-06	1.6008723819407631e-06	-0.5496820263187489	0.6123469132716821	centered_position_bootstrap	0.7348162959260185	False	False	16566	0.9	4000	position_bootstrap	mtDNA_position	False	paired nonparametric bootstrap of whole mtDNA positions
vus_low	vus_high	C[G>C]G	-4.4696928242941974e-07	-4.4826480629377266e-07	-3.666002592910176e-06	2.8442271511806575e-06	1.9993021626445007e-06	-0.22356264639768517	0.8650337415646089	centered_position_bootstrap	0.9199458377163952	False	False	16566	0.9	4000	position_bootstrap	mtDNA_position	False	paired nonparametric bootstrap of whole mtDNA positions
vus_low	vus_high	A[G>C]G	-2.396516152600294e-06	-2.397653895846314e-06	-4.761972249249394e-06	-1.9949380904792642e-07	1.3922750225915816e-06	-1.721295084457823	0.09172706823294176	centered_position_bootstrap	0.2926481494380503	True	False	16566	0.9	4000	position_bootstrap	mtDNA_position	False	paired nonparametric bootstrap of whole mtDNA positions
vus_low	vus_high	T[G>C]C	-5.866471831886141e-07	-9.311787467993567e-07	-5.905565846824523e-06	5.671359378683004e-06	3.620119263411525e-06	-0.16205189401295306	0.8830292426893277	centered_position_bootstrap	0.9264569103625733	False	False	16566	0.9	4000	position_bootstrap	mtDNA_position	False	paired nonparametric bootstrap of whole mtDNA positions
vus_low	vus_high	G[G>C]C	-4.7525847751988973e-07	-2.2583973010835154e-07	-6.917828939463286e-06	5.130425013879126e-06	3.6857279091837e-06	-0.12894562193147568	0.9127718070482379	centered_position_bootstrap	0.9371774703382978	False	False	16566	0.9	4000	position_bootstrap	mtDNA_position	False	paired nonparametric bootstrap of whole mtDNA positions
vus_low	vus_high	C[G>C]C	-4.566334831305966e-06	-4.533533599963279e-06	-7.88909648837673e-06	-1.591040242620109e-06	1.9125831638917653e-06	-2.387522235641921	0.0189952511872032	centered_position_bootstrap	0.16691479304087023	True	False	16566	0.9	4000	position_bootstrap	mtDNA_position	False	paired nonparametric bootstrap of whole mtDNA positions
vus_low	vus_high	A[G>C]C	-1.2605501929020318e-05	-1.1246457801258149e-05	-2.8234110214326063e-05	-9.717921239893068e-07	8.654405571680419e-06	-1.4565416220230039	0.10447388152961759	centered_position_bootstrap	0.3085997731336397	True	False	16566	0.9	4000	position_bootstrap	mtDNA_position	False	paired nonparametric bootstrap of whole mtDNA positions
vus_low	vus_high	T[G>C]A	3.5588075567840065e-06	3.5836011515193806e-06	1.5316251540923538e-06	5.974289135017063e-06	1.3497074854438452e-06	2.636725064626658	0.010247438140464884	centered_position_bootstrap	0.14716320919770057	True	False	16566	0.9	4000	position_bootstrap	mtDNA_position	False	paired nonparametric bootstrap of whole mtDNA positions
vus_low	vus_high	G[G>C]A	4.872306376406194e-06	4.811829744831374e-06	1.6436682373021374e-06	8.84185266160039e-06	2.1597825835970046e-06	2.2559244682358828	0.028742814296425893	centered_position_bootstrap	0.19360677072111285	True	False	16566	0.9	4000	position_bootstrap	mtDNA_position	False	paired nonparametric bootstrap of whole mtDNA positions
vus_low	vus_high	C[G>C]A	1.1599397963534218e-05	1.0452536037324021e-05	1.247211756793461e-06	2.6593734692982644e-05	8.113861995475004e-06	1.429577921093932	0.11222194451387153	centered_position_bootstrap	0.3215912439800498	True	False	16566	0.9	4000	position_bootstrap	mtDNA_position	False	paired nonparametric bootstrap of whole mtDNA positions
vus_low	vus_high	A[G>C]A	-2.3465887327544543e-06	-2.3004764045072162e-06	-5.149158385273209e-06	0.0	1.5611099478083387e-06	-1.5031540450106404	0.14746313421644588	centered_position_bootstrap	0.34527953377509285	False	False	16566	0.9	4000	position_bootstrap	mtDNA_position	False	paired nonparametric bootstrap of whole mtDNA positions
vus_low	vus_high	A[C>T]A	-0.0007588591892465228	-0.0007082568928089212	-0.0017383105704065923	-1.943800697848054e-05	0.0005267356100713823	-1.4406832853842626	0.12096975756060985	centered_position_bootstrap	0.3318027635948156	True	False	16566	0.9	4000	position_bootstrap	mtDNA_position	False	paired nonparametric bootstrap of whole mtDNA positions
vus_low	vus_high	A[C>T]C	-0.0002497206986298694	-0.0002329640647776257	-0.000495702524650777	-5.961885465583186e-05	0.00013584979353165258	-1.838211837780123	0.0519870032491877	centered_position_bootstrap	0.25073731567108226	True	False	16566	0.9	4000	position_bootstrap	mtDNA_position	False	paired nonparametric bootstrap of whole mtDNA positions
vus_low	vus_high	A[C>T]G	-0.00023489954904290747	-0.00021773397444667608	-0.0006353696280295962	-3.986313111589265e-06	0.0002069578756894188	-1.1350114039410641	0.13621594601349662	centered_position_bootstrap	0.34361779925389024	True	False	16566	0.9	4000	position_bootstrap	mtDNA_position	False	paired nonparametric bootstrap of whole mtDNA positions
vus_low	vus_high	A[C>T]T	-3.236011879031207e-05	-2.9854179007746257e-05	-6.97919581606232e-05	-7.996728393084705e-06	1.9498975049653423e-05	-1.659580501431907	0.06948262934266433	centered_position_bootstrap	0.26681329667583104	True	False	16566	0.9	4000	position_bootstrap	mtDNA_position	False	paired nonparametric bootstrap of whole mtDNA positions
vus_low	vus_high	C[C>T]A	-1.2367902967929356e-06	-1.1516916813364878e-06	-3.629839590030067e-06	7.687445067921714e-07	1.3424912973725648e-06	-0.9212650385246443	0.34866283429142714	centered_position_bootstrap	0.530135182739748	False	False	16566	0.9	4000	position_bootstrap	mtDNA_position	False	paired nonparametric bootstrap of whole mtDNA positions
vus_low	vus_high	C[C>T]C	-6.920784234349054e-05	-6.281463086478246e-05	-0.00017028786504065226	-3.005741313818966e-06	5.3323981360378185e-05	-1.2978746255979057	0.1379655086228443	centered_position_bootstrap	0.34361779925389024	True	False	16566	0.9	4000	position_bootstrap	mtDNA_position	False	paired nonparametric bootstrap of whole mtDNA positions
vus_low	vus_high	C[C>T]G	2.740541585698626e-07	2.7557788502249814e-07	-1.7386657507334088e-06	2.3422769243636377e-06	1.2449297879207243e-06	0.22013623678134212	0.8720319920019995	centered_position_bootstrap	0.9199458377163952	False	False	16566	0.9	4000	position_bootstrap	mtDNA_position	False	paired nonparametric bootstrap of whole mtDNA positions
vus_low	vus_high	C[C>T]T	-8.589936936870852e-05	-7.809848649971265e-05	-0.00017889356538388	-2.0401335932301673e-05	5.0251890330040796e-05	-1.709375882271189	0.06098475381154711	centered_position_bootstrap	0.2536508729960367	True	False	16566	0.9	4000	position_bootstrap	mtDNA_position	False	paired nonparametric bootstrap of whole mtDNA positions
vus_low	vus_high	G[C>T]A	-6.877131335597214e-06	-5.952918316786658e-06	-2.1033303087030056e-05	2.899249040522859e-06	7.483804865660326e-06	-0.918935148503557	0.3556610847288178	centered_position_bootstrap	0.5334916270932267	False	False	16566	0.9	4000	position_bootstrap	mtDNA_position	False	paired nonparametric bootstrap of whole mtDNA positions
vus_low	vus_high	G[C>T]C	-0.0007435130845357751	-0.0006757106077500932	-0.00208677178612599	4.557203097364474e-05	0.0006669358083063017	-1.1148195602571453	0.23144213946513373	centered_position_bootstrap	0.4534376609929151	False	False	16566	0.9	4000	position_bootstrap	mtDNA_position	False	paired nonparametric bootstrap of whole mtDNA positions
vus_low	vus_high	G[C>T]G	-0.00011448275522421733	-9.817804472611228e-05	-0.00042852755309083496	0.00016288940510682018	0.00018104018911776893	-0.632361001068911	0.5141214696325919	centered_position_bootstrap	0.6807677390997079	False	False	16566	0.9	4000	position_bootstrap	mtDNA_position	False	paired nonparametric bootstrap of whole mtDNA positions
vus_low	vus_high	G[C>T]T	-8.100832407856683e-05	-7.807439180625579e-05	-0.00024462357333036996	3.926737359056e-06	8.22107726212581e-05	-0.9853735890765691	0.3121719570107473	centered_position_bootstrap	0.5211914412701172	False	False	16566	0.9	4000	position_bootstrap	mtDNA_position	False	paired nonparametric bootstrap of whole mtDNA positions
vus_low	vus_high	T[C>T]A	-1.038693083736997e-05	-8.809952270297718e-06	-2.623697260736683e-05	9.475098054662867e-07	8.504978814792914e-06	-1.2212765091552882	0.23494126468382903	centered_position_bootstrap	0.45564366484136537	False	False	16566	0.9	4000	position_bootstrap	mtDNA_position	False	paired nonparametric bootstrap of whole mtDNA positions
vus_low	vus_high	T[C>T]C	6.796465496793639e-05	6.240923655568423e-05	-7.404689565190985e-06	0.00016761628913652184	5.4239919037496394e-05	1.2530375445610824	0.19570107473131718	centered_position_bootstrap	0.4174956260934767	False	False	16566	0.9	4000	position_bootstrap	mtDNA_position	False	paired nonparametric bootstrap of whole mtDNA positions
vus_low	vus_high	T[C>T]G	-2.5030279816047512e-06	-2.4569099584364287e-06	-4.630270155745238e-06	-6.33867528397794e-07	1.2294524315158411e-06	-2.0358884308510152	0.04998750312421894	centered_position_bootstrap	0.25073731567108226	True	False	16566	0.9	4000	position_bootstrap	mtDNA_position	False	paired nonparametric bootstrap of whole mtDNA positions
vus_low	vus_high	T[C>T]T	-0.00010437383670866416	-9.696797127466574e-05	-0.0002708959741878338	-4.0323987724322645e-06	8.799438950430515e-05	-1.1861419494655128	0.13846538365408648	centered_position_bootstrap	0.34361779925389024	True	False	16566	0.9	4000	position_bootstrap	mtDNA_position	False	paired nonparametric bootstrap of whole mtDNA positions
vus_low	vus_high	T[G>A]T	-0.0011437616886674396	-0.001080761417248739	-0.002224376004139898	-0.0003897685036397037	0.0005686270761465135	-2.0114442956506977	0.04173956510872282	centered_position_bootstrap	0.24284837881438734	True	False	16566	0.9	4000	position_bootstrap	mtDNA_position	False	paired nonparametric bootstrap of whole mtDNA positions
vus_low	vus_high	G[G>A]T	-0.0005662587892810749	-0.0005065694725503755	-0.001383806677780573	-6.487134146544248e-06	0.00043153475414001597	-1.3121974159637355	0.14471382154461385	centered_position_bootstrap	0.34361779925389024	True	False	16566	0.9	4000	position_bootstrap	mtDNA_position	False	paired nonparametric bootstrap of whole mtDNA positions
vus_low	vus_high	C[G>A]T	-0.00028065201243743275	-0.0004080284135480753	-0.00182140224848333	0.0014450686807846314	0.0010004045093439866	-0.2805385319798986	0.7818045488627843	centered_position_bootstrap	0.865990398951986	False	False	16566	0.9	4000	position_bootstrap	mtDNA_position	False	paired nonparametric bootstrap of whole mtDNA positions
vus_low	vus_high	A[G>A]T	-0.0056509982555026615	-0.005023374925693198	-0.013220035333612191	-0.0004598558456168029	0.00401604761145869	-1.407104397711593	0.09297675581104724	centered_position_bootstrap	0.2926481494380503	True	False	16566	0.9	4000	position_bootstrap	mtDNA_position	False	paired nonparametric bootstrap of whole mtDNA positions
vus_low	vus_high	T[G>A]G	2.6470871460136583e-05	2.4113435898392262e-05	-2.0399049858331686e-06	7.196447097404002e-05	2.4473863452750286e-05	1.0815975790353558	0.27318170457385654	centered_position_bootstrap	0.48208131453375186	False	False	16566	0.9	4000	position_bootstrap	mtDNA_position	False	paired nonparametric bootstrap of whole mtDNA positions
vus_low	vus_high	G[G>A]G	-2.8159064793053453e-05	-2.665429656357411e-05	-8.870525468815032e-05	5.827298974510817e-06	3.1524571759484645e-05	-0.8932417863719709	0.5116220944763809	centered_position_bootstrap	0.6807677390997079	False	False	16566	0.9	4000	position_bootstrap	mtDNA_position	False	paired nonparametric bootstrap of whole mtDNA positions
vus_low	vus_high	C[G>A]G	-0.0001126362591722138	-0.00010140595602323868	-0.0002583349323872867	0.0	7.77746270007424e-05	-1.4482391432251887	0.142464383904024	centered_position_bootstrap	0.34361779925389024	False	False	16566	0.9	4000	position_bootstrap	mtDNA_position	False	paired nonparametric bootstrap of whole mtDNA positions
vus_low	vus_high	A[G>A]G	-0.00013959706588896712	-0.00012266161793921058	-0.0005046438115675863	0.00018200996019130351	0.00020778238892041638	-0.6718426263856019	0.48112971757060735	centered_position_bootstrap	0.6505415899546241	False	False	16566	0.9	4000	position_bootstrap	mtDNA_position	False	paired nonparametric bootstrap of whole mtDNA positions
vus_low	vus_high	T[G>A]C	-0.0012128930512424587	-0.0011389154557970567	-0.0032162005729217593	-8.049278559605272e-05	0.0010124377424933848	-1.1979927262049732	0.12371907023244189	centered_position_bootstrap	0.3345642462623781	True	False	16566	0.9	4000	position_bootstrap	mtDNA_position	False	paired nonparametric bootstrap of whole mtDNA positions
vus_low	vus_high	G[G>A]C	-0.006384147128524676	-0.006110002931526732	-0.017610359819186464	-0.00019675036423231758	0.0058191474213657645	-1.09709321078281	0.142464383904024	centered_position_bootstrap	0.34361779925389024	True	False	16566	0.9	4000	position_bootstrap	mtDNA_position	False	paired nonparametric bootstrap of whole mtDNA positions
vus_low	vus_high	C[G>A]C	-0.00025292421260066935	-0.0002341152244098274	-0.0006054824709937262	6.226430811248244e-06	0.0001908112633340786	-1.325520350220843	0.16020994751312173	centered_position_bootstrap	0.3618859990884632	False	False	16566	0.9	4000	position_bootstrap	mtDNA_position	False	paired nonparametric bootstrap of whole mtDNA positions
vus_low	vus_high	A[G>A]C	-0.0017321043994725873	-0.0016345823789506208	-0.004664966595811767	4.352747250784418e-05	0.0015219051772201485	-1.1381158467680492	0.1997000749812547	centered_position_bootstrap	0.4211713029189511	False	False	16566	0.9	4000	position_bootstrap	mtDNA_position	False	paired nonparametric bootstrap of whole mtDNA positions
vus_low	vus_high	T[G>A]A	-0.00018808297937603476	-0.00018042439438310592	-0.0005612333339582767	1.7952871076708392e-06	0.00019249811882834434	-0.9770639864992827	0.49537615596100976	centered_position_bootstrap	0.6651204331784187	False	False	16566	0.9	4000	position_bootstrap	mtDNA_position	False	paired nonparametric bootstrap of whole mtDNA positions
vus_low	vus_high	G[G>A]A	2.00624380204961e-05	1.868466789121375e-05	3.5160673308400517e-06	4.396640177854539e-05	1.2470774934568486e-05	1.6087563223423935	0.07748062984253937	centered_position_bootstrap	0.2713503442321238	True	False	16566	0.9	4000	position_bootstrap	mtDNA_position	False	paired nonparametric bootstrap of whole mtDNA positions
vus_low	vus_high	C[G>A]A	-0.0003940742834453335	-0.00037384866805999147	-0.0013609365062147863	0.0001381235991107937	0.00048601499843020846	-0.8108274121542823	0.5768557860534866	centered_position_bootstrap	0.7226245386705271	False	False	16566	0.9	4000	position_bootstrap	mtDNA_position	False	paired nonparametric bootstrap of whole mtDNA positions
vus_low	vus_high	A[G>A]A	-1.5359489887120073e-05	-2.352361213910205e-05	-0.00015191486694084174	0.00014418160954024226	8.887304339933485e-05	-0.17282506933069683	0.860284928767808	centered_position_bootstrap	0.9199458377163952	False	False	16566	0.9	4000	position_bootstrap	mtDNA_position	False	paired nonparametric bootstrap of whole mtDNA positions
vus_low	vus_high	A[T>A]A	1.2480471930439205e-06	1.2207160596721388e-06	-3.1271527059912663e-07	2.8812388859020473e-06	9.83680237764579e-07	1.2687529393495975	0.208447888027993	centered_position_bootstrap	0.421284152646049	False	False	16566	0.9	4000	position_bootstrap	mtDNA_position	False	paired nonparametric bootstrap of whole mtDNA positions
vus_low	vus_high	A[T>A]C	1.0727262778306084e-06	1.0732866645397547e-06	-9.947211604812637e-07	3.0632930596330473e-06	1.2351650783952012e-06	0.8684881855827378	0.382654336415896	centered_position_bootstrap	0.5524032525703161	False	False	16566	0.9	4000	position_bootstrap	mtDNA_position	False	paired nonparametric bootstrap of whole mtDNA positions
vus_low	vus_high	A[T>A]G	2.133262484322231e-06	2.1447770310584576e-06	8.605883698699798e-07	3.691430632675173e-06	8.610828306975303e-07	2.477418441375909	0.016245938515371157	centered_position_bootstrap	0.16691479304087023	True	False	16566	0.9	4000	position_bootstrap	mtDNA_position	False	paired nonparametric bootstrap of whole mtDNA positions
vus_low	vus_high	A[T>A]T	1.2076012191952745e-06	1.2209071266378821e-06	-8.143750522113471e-07	3.2688229325595666e-06	1.247031149376769e-06	0.968380958084968	0.34016495876030994	centered_position_bootstrap	0.5267070329191896	False	False	16566	0.9	4000	position_bootstrap	mtDNA_position	False	paired nonparametric bootstrap of whole mtDNA positions
vus_low	vus_high	C[T>A]A	1.7914315574109553e-06	2.1437763422941628e-06	-3.803524775185029e-06	5.80342180743867e-06	2.9427364915533214e-06	0.6087638368413169	0.5741064733816545	centered_position_bootstrap	0.7226245386705271	False	False	16566	0.9	4000	position_bootstrap	mtDNA_position	False	paired nonparametric bootstrap of whole mtDNA positions
vus_low	vus_high	C[T>A]C	-8.250721865289736e-06	-7.371701485573123e-06	-2.2588292199596145e-05	1.9930268163520113e-06	7.711357558045163e-06	-1.069944144488782	0.2976755811047238	centered_position_bootstrap	0.5057850581602387	False	False	16566	0.9	4000	position_bootstrap	mtDNA_position	False	paired nonparametric bootstrap of whole mtDNA positions
vus_low	vus_high	C[T>A]G	2.097509481791691e-06	2.0777005712137433e-06	4.1257840912570234e-07	3.986534721385623e-06	1.07922868115122e-06	1.9435264447885727	0.058485378655336165	centered_position_bootstrap	0.2536508729960367	True	False	16566	0.9	4000	position_bootstrap	mtDNA_position	False	paired nonparametric bootstrap of whole mtDNA positions
vus_low	vus_high	C[T>A]T	-2.194962999253398e-06	-2.0197723454747332e-06	-5.892664440580862e-06	5.816608483329885e-07	2.01162826895362e-06	-1.0911374795876885	0.2651837040739815	centered_position_bootstrap	0.48208131453375186	False	False	16566	0.9	4000	position_bootstrap	mtDNA_position	False	paired nonparametric bootstrap of whole mtDNA positions
vus_low	vus_high	G[T>A]A	3.147520216389209e-06	3.141210642217581e-06	1.1384891940687583e-06	5.41706197168102e-06	1.3062970069056256e-06	2.4094981460955025	0.01949512621844539	centered_position_bootstrap	0.16691479304087023	True	False	16566	0.9	4000	position_bootstrap	mtDNA_position	False	paired nonparametric bootstrap of whole mtDNA positions
vus_low	vus_high	G[T>A]C	-2.481262520895145e-05	-2.3775689555659766e-05	-8.142547257985777e-05	5.451839622652911e-06	2.9137579513853513e-05	-0.8515678248824424	0.5881029742564359	centered_position_bootstrap	0.7284888455305528	False	False	16566	0.9	4000	position_bootstrap	mtDNA_position	False	paired nonparametric bootstrap of whole mtDNA positions
vus_low	vus_high	G[T>A]G	3.88400893697289e-06	3.840210217940073e-06	1.8704444801926656e-06	6.4090447818341696e-06	1.384058994609225e-06	2.806245219387849	0.010747313171707074	centered_position_bootstrap	0.14716320919770057	True	False	16566	0.9	4000	position_bootstrap	mtDNA_position	False	paired nonparametric bootstrap of whole mtDNA positions
vus_low	vus_high	G[T>A]T	-1.3702707928493163e-06	-1.3607851640482116e-06	-3.7123615231585507e-06	8.127000019564558e-07	1.3677683474937477e-06	-1.0018295827361072	0.32666833291677083	centered_position_bootstrap	0.5266782477934235	False	False	16566	0.9	4000	position_bootstrap	mtDNA_position	False	paired nonparametric bootstrap of whole mtDNA positions
vus_low	vus_high	T[T>A]A	-1.1010387015856687e-07	-1.1268971627341441e-07	-8.31268212908675e-07	5.95967676260453e-07	4.305116512792481e-07	-0.25575119704983046	0.8417895526118471	centered_position_bootstrap	0.9199458377163952	False	False	16566	0.9	4000	position_bootstrap	mtDNA_position	False	paired nonparametric bootstrap of whole mtDNA positions
vus_low	vus_high	T[T>A]C	9.50825564440766e-06	8.89007008952837e-06	2.9591143455969694e-06	1.9926453552981947e-05	5.410283083382673e-06	1.757441431042978	0.06223444138965259	centered_position_bootstrap	0.2536508729960367	True	False	16566	0.9	4000	position_bootstrap	mtDNA_position	False	paired nonparametric bootstrap of whole mtDNA positions
vus_low	vus_high	T[T>A]G	2.391428007902629e-07	2.3100666188785232e-07	0.0	7.262778380700775e-07	2.4597080996579993e-07	0.9722405712430413	0.5588602849287678	centered_position_bootstrap	0.7226245386705271	False	False	16566	0.9	4000	position_bootstrap	mtDNA_position	False	paired nonparametric bootstrap of whole mtDNA positions
vus_low	vus_high	T[T>A]T	2.634766296426054e-06	2.5721904602767285e-06	6.583482064581375e-07	4.802876531152609e-06	1.2569968613349208e-06	2.0960802508511858	0.03524118970257436	centered_position_bootstrap	0.21144713821544614	True	False	16566	0.9	4000	position_bootstrap	mtDNA_position	False	paired nonparametric bootstrap of whole mtDNA positions
vus_low	vus_high	T[A>T]T	-3.1856719765878665e-06	-3.237861462555219e-06	-6.01313853368589e-06	-2.0582880620196116e-07	1.7693304055676576e-06	-1.8004958070936454	0.07298175456135966	centered_position_bootstrap	0.2713503442321238	True	False	16566	0.9	4000	position_bootstrap	mtDNA_position	False	paired nonparametric bootstrap of whole mtDNA positions
vus_low	vus_high	G[A>T]T	-1.3905711008915287e-06	-1.4011690900242854e-06	-3.2252654074662762e-06	2.624752254121792e-07	1.0545754392200875e-06	-1.3186075165186164	0.20619845038740314	centered_position_bootstrap	0.4211713029189511	False	False	16566	0.9	4000	position_bootstrap	mtDNA_position	False	paired nonparametric bootstrap of whole mtDNA positions
vus_low	vus_high	C[A>T]T	-5.4170008557117756e-06	-5.444799474332595e-06	-8.049732429837461e-06	-3.1484442822816373e-06	1.5150750731589686e-06	-3.5754009498797945	0.0017495626093476631	centered_position_bootstrap	0.05598600349912522	True	False	16566	0.9	4000	position_bootstrap	mtDNA_position	False	paired nonparametric bootstrap of whole mtDNA positions
vus_low	vus_high	A[A>T]T	-1.609089416745912e-05	-1.5263661635072918e-05	-2.744325655671023e-05	-7.5583598779135025e-06	6.387610041368931e-06	-2.519078976839149	0.019995001249687578	centered_position_bootstrap	0.16691479304087023	True	False	16566	0.9	4000	position_bootstrap	mtDNA_position	False	paired nonparametric bootstrap of whole mtDNA positions
vus_low	vus_high	T[A>T]G	-1.2154991997001492e-06	-1.0376510987996172e-06	-4.294073620368782e-06	1.1360506831058966e-06	1.6840446638918022e-06	-0.7217737306866604	0.48037990502374406	centered_position_bootstrap	0.6505415899546241	False	False	16566	0.9	4000	position_bootstrap	mtDNA_position	False	paired nonparametric bootstrap of whole mtDNA positions
vus_low	vus_high	G[A>T]G	-7.876661480574393e-07	-5.401344334424677e-07	-4.55283097670334e-06	1.968404254220962e-06	2.0754383669577276e-06	-0.3795179662270754	0.7285678580354912	centered_position_bootstrap	0.8228531102518489	False	False	16566	0.9	4000	position_bootstrap	mtDNA_position	False	paired nonparametric bootstrap of whole mtDNA positions
vus_low	vus_high	C[A>T]G	-1.877270986203565e-07	0.0	-2.2348913570351153e-06	1.4005504242587488e-06	1.120025082979497e-06	-0.16760972720446923	0.9017745563609098	centered_position_bootstrap	0.935895755790782	False	False	16566	0.9	4000	position_bootstrap	mtDNA_position	False	paired nonparametric bootstrap of whole mtDNA positions
vus_low	vus_high	A[A>T]G	-9.293420723780019e-07	-8.813235721276341e-07	-2.484717436703214e-06	4.331794893994218e-07	8.956772487650859e-07	-1.037585886723517	0.32141964508872783	centered_position_bootstrap	0.5266782477934235	False	False	16566	0.9	4000	position_bootstrap	mtDNA_position	False	paired nonparametric bootstrap of whole mtDNA positions
vus_low	vus_high	T[A>T]C	-1.939159040693791e-05	-1.8372725604416957e-05	-5.7090035036803906e-05	1.9605693337431604e-06	1.956996964186732e-05	-0.990885053058652	0.33116720819795054	centered_position_bootstrap	0.5266782477934235	False	False	16566	0.9	4000	position_bootstrap	mtDNA_position	False	paired nonparametric bootstrap of whole mtDNA positions
vus_low	vus_high	G[A>T]C	-1.4079532396526726e-06	-1.0585932619499349e-06	-8.074326565527229e-06	3.058755163620286e-06	3.5370975211692433e-06	-0.3980532714255646	0.6933266683329168	centered_position_bootstrap	0.7923733352376191	False	False	16566	0.9	4000	position_bootstrap	mtDNA_position	False	paired nonparametric bootstrap of whole mtDNA positions
vus_low	vus_high	C[A>T]C	-0.0001042730614137714	-9.627042178586906e-05	-0.00024711608828728544	-1.569498875430293e-05	7.362955529660462e-05	-1.4161848593777924	0.09297675581104724	centered_position_bootstrap	0.2926481494380503	True	False	16566	0.9	4000	position_bootstrap	mtDNA_position	False	paired nonparametric bootstrap of whole mtDNA positions
vus_low	vus_high	A[A>T]C	-1.3815414184182068e-05	-1.3047911879250653e-05	-2.8020870414388483e-05	-3.013423756668566e-06	7.69174401422355e-06	-1.7961354614291174	0.05473631592101975	centered_position_bootstrap	0.2536508729960367	True	False	16566	0.9	4000	position_bootstrap	mtDNA_position	False	paired nonparametric bootstrap of whole mtDNA positions
vus_low	vus_high	T[A>T]A	-1.5877416301224169e-06	-1.5785431649381242e-06	-2.4025799933817665e-06	-9.3205006057725e-07	4.5311212448306526e-07	-3.5040810967788563	0.0014996250937265683	centered_position_bootstrap	0.05598600349912522	True	False	16566	0.9	4000	position_bootstrap	mtDNA_position	False	paired nonparametric bootstrap of whole mtDNA positions
vus_low	vus_high	G[A>T]A	2.6151038613780982e-06	2.5985365594498308e-06	1.4016896207691691e-06	4.123838897949895e-06	8.241951302035333e-07	3.172918360646348	0.003749062734316421	centered_position_bootstrap	0.07998000499875031	True	False	16566	0.9	4000	position_bootstrap	mtDNA_position	False	paired nonparametric bootstrap of whole mtDNA positions
vus_low	vus_high	C[A>T]A	-8.855051821714935e-08	-8.826532149032e-08	-1.6196064279747268e-06	1.2621683067668869e-06	8.884392085850761e-07	-0.09966975496069615	0.9487628092976755	centered_position_bootstrap	0.9587497862376511	False	False	16566	0.9	4000	position_bootstrap	mtDNA_position	False	paired nonparametric bootstrap of whole mtDNA positions
vus_low	vus_high	A[A>T]A	-6.819474194780293e-06	-6.43323362810241e-06	-1.9302062647270024e-05	5.980218058373783e-07	6.473963655833332e-06	-1.053369242911279	0.2864283929017746	centered_position_bootstrap	0.49544370664090737	False	False	16566	0.9	4000	position_bootstrap	mtDNA_position	False	paired nonparametric bootstrap of whole mtDNA positions
vus_low	vus_high	A[T>C]A	-0.004235248149594544	-0.003998533406199349	-0.01219598878940082	0.0005123978761025594	0.00418507057523897	-1.0119896602586465	0.3359160209947513	centered_position_bootstrap	0.5267070329191896	False	False	16566	0.9	4000	position_bootstrap	mtDNA_position	False	paired nonparametric bootstrap of whole mtDNA positions
vus_low	vus_high	A[T>C]C	-7.863083616498356e-05	-7.109113554358429e-05	-0.00027913103338486676	7.285970044271449e-05	0.0001071681685064478	-0.7337144719446496	0.4596350912271932	centered_position_bootstrap	0.639492300837834	False	False	16566	0.9	4000	position_bootstrap	mtDNA_position	False	paired nonparametric bootstrap of whole mtDNA positions
vus_low	vus_high	A[T>C]G	6.3997874529666915e-06	5.154862445830574e-06	-3.180603909931521e-05	4.723923046534039e-05	2.450029602380875e-05	0.2612126582775794	0.7158210447388152	centered_position_bootstrap	0.8132404768630327	False	False	16566	0.9	4000	position_bootstrap	mtDNA_position	False	paired nonparametric bootstrap of whole mtDNA positions
vus_low	vus_high	A[T>C]T	2.5359625603100776e-05	2.6216439935756906e-05	-7.01585275810806e-05	0.000125027237577831	6.003757057345532e-05	0.42239593242823753	0.654336415896026	centered_position_bootstrap	0.7755098262471419	False	False	16566	0.9	4000	position_bootstrap	mtDNA_position	False	paired nonparametric bootstrap of whole mtDNA positions
vus_low	vus_high	C[T>C]A	-6.337189134341255e-05	-5.737009330169158e-05	-0.0001451515607323878	8.222989676231929e-08	4.506121105499217e-05	-1.4063512688568054	0.14371407148212947	centered_position_bootstrap	0.34361779925389024	False	False	16566	0.9	4000	position_bootstrap	mtDNA_position	False	paired nonparametric bootstrap of whole mtDNA positions
vus_low	vus_high	C[T>C]C	-2.8831174158484362e-05	-2.6876165417378883e-05	-6.669351390719725e-05	-5.215612403458367e-07	2.0372598481803237e-05	-1.4151937556829732	0.14496375906023495	centered_position_bootstrap	0.34361779925389024	True	False	16566	0.9	4000	position_bootstrap	mtDNA_position	False	paired nonparametric bootstrap of whole mtDNA positions
vus_low	vus_high	C[T>C]G	6.292528445375077e-07	6.060783026311476e-07	-1.6004330064748465e-06	2.8983543010915336e-06	1.3972605764966687e-06	0.4503475265259572	0.6765808547863035	centered_position_bootstrap	0.7893595463409597	False	False	16566	0.9	4000	position_bootstrap	mtDNA_position	False	paired nonparametric bootstrap of whole mtDNA positions
vus_low	vus_high	C[T>C]T	-0.00016450670057562304	-0.00015127604506015276	-0.00038442675943365604	-1.2991412421432053e-05	0.00011794476841336177	-1.394777426660209	0.12071982004498875	centered_position_bootstrap	0.3318027635948156	True	False	16566	0.9	4000	position_bootstrap	mtDNA_position	False	paired nonparametric bootstrap of whole mtDNA positions
vus_low	vus_high	G[T>C]A	0.000705269351343782	0.0006788549627145268	-4.1087255589367895e-06	0.0020827387174070524	0.0007083369685362225	0.9956692685420898	0.2421894526368408	centered_position_bootstrap	0.46039975154726176	False	False	16566	0.9	4000	position_bootstrap	mtDNA_position	False	paired nonparametric bootstrap of whole mtDNA positions
vus_low	vus_high	G[T>C]C	3.5586528260206684e-05	3.3846349176830964e-05	7.476383920329317e-06	7.194275920273128e-05	1.9453967292900497e-05	1.8292684327270141	0.06473381654586353	centered_position_bootstrap	0.2536508729960367	True	False	16566	0.9	4000	position_bootstrap	mtDNA_position	False	paired nonparametric bootstrap of whole mtDNA positions
vus_low	vus_high	G[T>C]G	3.020895839867804e-06	3.001998574550986e-06	4.335234695642449e-07	5.795323395089402e-06	1.6319442007156791e-06	1.8511024081233958	0.0757310672331917	centered_position_bootstrap	0.2713503442321238	True	False	16566	0.9	4000	position_bootstrap	mtDNA_position	False	paired nonparametric bootstrap of whole mtDNA positions
vus_low	vus_high	G[T>C]T	8.687516826664667e-05	7.928580964767829e-05	-5.757320332545965e-05	0.00027911342926067214	0.00010280267214933044	0.8450672190743487	0.3759060234941265	centered_position_bootstrap	0.5467723978096385	False	False	16566	0.9	4000	position_bootstrap	mtDNA_position	False	paired nonparametric bootstrap of whole mtDNA positions
vus_low	vus_high	T[T>C]A	6.165816728879739e-06	5.1479155582036e-06	-1.2493624995259323e-05	2.8649573389030798e-05	1.2369188224816665e-05	0.4984819227270776	0.604348912771807	centered_position_bootstrap	0.7343986788113098	False	False	16566	0.9	4000	position_bootstrap	mtDNA_position	False	paired nonparametric bootstrap of whole mtDNA positions
vus_low	vus_high	T[T>C]C	7.314042803390509e-07	1.3079130155981807e-06	-9.746787954790697e-06	8.12644133108622e-06	5.654995010756876e-06	0.1293377410497765	0.8902774306423394	centered_position_bootstrap	0.9289851450180934	False	False	16566	0.9	4000	position_bootstrap	mtDNA_position	False	paired nonparametric bootstrap of whole mtDNA positions
vus_low	vus_high	T[T>C]G	1.7696567258479452e-05	1.698123243165959e-05	1.7715105684248064e-06	4.725429297639608e-05	1.5162181957513394e-05	1.1671517534921931	0.11897025743564109	centered_position_bootstrap	0.3318027635948156	True	False	16566	0.9	4000	position_bootstrap	mtDNA_position	False	paired nonparametric bootstrap of whole mtDNA positions
vus_low	vus_high	T[T>C]T	-2.4503326556762302e-05	-2.2723256257543938e-05	-6.097709876360937e-05	2.348771015219327e-06	1.9939386958670015e-05	-1.228890667880228	0.21944513871532118	centered_position_bootstrap	0.4388902774306424	False	False	16566	0.9	4000	position_bootstrap	mtDNA_position	False	paired nonparametric bootstrap of whole mtDNA positions
vus_low	vus_high	T[A>G]T	-0.0006022057775742705	-0.0005489115546766076	-0.0017638987881786218	0.0001874565720545368	0.0006362579617748613	-0.9464805373820372	0.34916270932266935	centered_position_bootstrap	0.530135182739748	False	False	16566	0.9	4000	position_bootstrap	mtDNA_position	False	paired nonparametric bootstrap of whole mtDNA positions
vus_low	vus_high	G[A>G]T	-9.7339977062407e-06	-8.758042821300474e-06	-2.258510156311095e-05	-9.693332788265477e-07	6.795957955114083e-06	-1.4323216492114534	0.09922519370157461	centered_position_bootstrap	0.2976755811047238	True	False	16566	0.9	4000	position_bootstrap	mtDNA_position	False	paired nonparametric bootstrap of whole mtDNA positions
vus_low	vus_high	C[A>G]T	-0.0007552046365394037	-0.0006992685898087887	-0.0016632057910278735	-0.00013855374923603321	0.0004878400295178931	-1.5480579510577128	0.07773056735816046	centered_position_bootstrap	0.2713503442321238	True	False	16566	0.9	4000	position_bootstrap	mtDNA_position	False	paired nonparametric bootstrap of whole mtDNA positions
vus_low	vus_high	A[A>G]T	-0.002756390800237244	-0.002611676250712714	-0.005468574285526876	-0.0007597076155248493	0.0014833245745132454	-1.858251961572036	0.048237940514871284	centered_position_bootstrap	0.25073731567108226	True	False	16566	0.9	4000	position_bootstrap	mtDNA_position	False	paired nonparametric bootstrap of whole mtDNA positions
vus_low	vus_high	T[A>G]G	-5.402218665333996e-07	-5.121272555761556e-07	-1.2286628851060273e-06	0.0	3.8769038272968893e-07	-1.393436336309794	0.19195201199700074	centered_position_bootstrap	0.4174956260934767	False	False	16566	0.9	4000	position_bootstrap	mtDNA_position	False	paired nonparametric bootstrap of whole mtDNA positions
vus_low	vus_high	G[A>G]G	1.2340102986233216e-05	1.1778350288611905e-05	-2.9729607911382017e-07	3.5719121201430634e-05	1.2200098667394191e-05	1.0114756710298745	0.26718320419895025	centered_position_bootstrap	0.48208131453375186	False	False	16566	0.9	4000	position_bootstrap	mtDNA_position	False	paired nonparametric bootstrap of whole mtDNA positions
vus_low	vus_high	C[A>G]G	-5.068631662749624e-06	-4.698803497249406e-06	-2.6500162636568015e-05	1.0389209760334646e-05	1.1456684953764995e-05	-0.4424169542240861	0.6865783554111472	centered_position_bootstrap	0.7893595463409597	False	False	16566	0.9	4000	position_bootstrap	mtDNA_position	False	paired nonparametric bootstrap of whole mtDNA positions
vus_low	vus_high	A[A>G]G	-8.549947065877616e-06	-7.877742680666133e-06	-2.0335130953819285e-05	-1.7400923883123065e-06	5.996107471558499e-06	-1.4259162475710807	0.09697575606098476	centered_position_bootstrap	0.2963068756620369	True	False	16566	0.9	4000	position_bootstrap	mtDNA_position	False	paired nonparametric bootstrap of whole mtDNA positions
vus_low	vus_high	T[A>G]C	-0.0023512303368412217	-0.0022404679133650376	-0.004670046263045404	-0.0006343337754203228	0.001226360215537921	-1.9172428353849498	0.047988002999250184	centered_position_bootstrap	0.25073731567108226	True	False	16566	0.9	4000	position_bootstrap	mtDNA_position	False	paired nonparametric bootstrap of whole mtDNA positions
vus_low	vus_high	G[A>G]C	-7.086697972918454e-05	-6.493555288268259e-05	-0.0001975686157966811	2.3139344434097454e-05	6.903748296847778e-05	-1.0265000501472816	0.29192701824543865	centered_position_bootstrap	0.5004463169921806	False	False	16566	0.9	4000	position_bootstrap	mtDNA_position	False	paired nonparametric bootstrap of whole mtDNA positions
vus_low	vus_high	C[A>G]C	-0.0010522504243521114	-0.000995706315607966	-0.0021206032622534364	-0.0002973637875282043	0.0005627620131831967	-1.8697964676048078	0.052236940764808795	centered_position_bootstrap	0.25073731567108226	True	False	16566	0.9	4000	position_bootstrap	mtDNA_position	False	paired nonparametric bootstrap of whole mtDNA positions
vus_low	vus_high	A[A>G]C	-0.0061158400579106225	-0.00580152800479084	-0.017560540824477656	0.0001924798805670218	0.005979247695452956	-1.0228444060883346	0.2661834541364659	centered_position_bootstrap	0.48208131453375186	False	False	16566	0.9	4000	position_bootstrap	mtDNA_position	False	paired nonparametric bootstrap of whole mtDNA positions
vus_low	vus_high	T[A>G]A	-4.389638624456094e-06	-4.310603526668223e-06	-7.6051805963820245e-06	-1.9770294659815273e-06	1.7193122945720362e-06	-2.553136296596276	0.016495876030992253	centered_position_bootstrap	0.16691479304087023	True	False	16566	0.9	4000	position_bootstrap	mtDNA_position	False	paired nonparametric bootstrap of whole mtDNA positions
vus_low	vus_high	G[A>G]A	1.6251002567135324e-05	1.5584455775450318e-05	2.2133126758834685e-06	4.1647453231801254e-05	1.2930681033908902e-05	1.2567785505279532	0.11022244438890277	centered_position_bootstrap	0.32064711094953535	True	False	16566	0.9	4000	position_bootstrap	mtDNA_position	False	paired nonparametric bootstrap of whole mtDNA positions
vus_low	vus_high	C[A>G]A	-2.063227074459577e-05	-1.9033702427033387e-05	-5.9452897595842216e-05	1.6385815396221136e-06	1.9781290177256995e-05	-1.0430194673711004	0.27293176705823546	centered_position_bootstrap	0.48208131453375186	False	False	16566	0.9	4000	position_bootstrap	mtDNA_position	False	paired nonparametric bootstrap of whole mtDNA positions
vus_low	vus_high	A[A>G]A	-0.0016301608257747273	-0.0015626171601705822	-0.004807884564035931	-1.799214006570116e-06	0.0016480075772051827	-0.9891707103308826	0.1947013246688328	centered_position_bootstrap	0.4174956260934767	True	False	16566	0.9	4000	position_bootstrap	mtDNA_position	False	paired nonparametric bootstrap of whole mtDNA positions
vus_low	vus_high	A[T>G]A	-3.120117982609801e-07	-3.1200743910173954e-07	-1.1454914560933176e-06	4.65944994000608e-07	4.953631517284147e-07	-0.6298647712739888	0.5603599100224944	centered_position_bootstrap	0.7226245386705271	False	False	16566	0.9	4000	position_bootstrap	mtDNA_position	False	paired nonparametric bootstrap of whole mtDNA positions
vus_low	vus_high	A[T>G]C	-2.896360950142641e-06	-2.4872614363517505e-06	-1.1446975829864627e-05	3.350566967582604e-06	4.5409159476223595e-06	-0.6378362831532229	0.5211197200699825	centered_position_bootstrap	0.6853081250235387	False	False	16566	0.9	4000	position_bootstrap	mtDNA_position	False	paired nonparametric bootstrap of whole mtDNA positions
vus_low	vus_high	A[T>G]G	-4.2665249686444617e-07	-4.4094411359168e-07	-1.7153995023796709e-06	8.321345374184085e-07	7.754993030086993e-07	-0.5501649004830378	0.620094976255936	centered_position_bootstrap	0.739492145597141	False	False	16566	0.9	4000	position_bootstrap	mtDNA_position	False	paired nonparametric bootstrap of whole mtDNA positions
vus_low	vus_high	A[T>G]T	1.5369470062485314e-06	1.5532099062797072e-06	-3.5846206885683643e-07	3.540179367170246e-06	1.1882358979366842e-06	1.2934695954880404	0.20319920019995003	centered_position_bootstrap	0.4211713029189511	False	False	16566	0.9	4000	position_bootstrap	mtDNA_position	False	paired nonparametric bootstrap of whole mtDNA positions
vus_low	vus_high	C[T>G]A	4.2546499488510185e-06	4.2694283354538844e-06	2.676636042090983e-06	6.165068431273741e-06	1.0586134030177273e-06	4.019078104171491	0.000999750062484379	centered_position_bootstrap	0.04798800299925019	True	True	16566	0.9	4000	position_bootstrap	mtDNA_position	False	paired nonparametric bootstrap of whole mtDNA positions
vus_low	vus_high	C[T>G]C	-2.3176185014858807e-06	-2.176922970091147e-06	-6.5874064542836e-06	1.4225364264511869e-06	2.4195746850519723e-06	-0.9578619398706837	0.33866533366658336	centered_position_bootstrap	0.5267070329191896	False	False	16566	0.9	4000	position_bootstrap	mtDNA_position	False	paired nonparametric bootstrap of whole mtDNA positions
vus_low	vus_high	C[T>G]G	2.0975094817916868e-07	2.0944498122819625e-07	-1.9038484481505276e-06	2.2509570451082e-06	1.291411562639298e-06	0.16241990876285337	0.9077730567358161	centered_position_bootstrap	0.9370560585660037	False	False	16566	0.9	4000	position_bootstrap	mtDNA_position	False	paired nonparametric bootstrap of whole mtDNA positions
vus_low	vus_high	C[T>G]T	-5.776218419087894e-07	-5.925831799483818e-07	-2.3521576643419636e-06	1.0643871059540791e-06	1.0210634251077172e-06	-0.5657061331404101	0.5738565358660335	centered_position_bootstrap	0.7226245386705271	False	False	16566	0.9	4000	position_bootstrap	mtDNA_position	False	paired nonparametric bootstrap of whole mtDNA positions
vus_low	vus_high	G[T>G]A	3.147520216389209e-06	3.141210642217581e-06	1.1384891940687583e-06	5.41706197168102e-06	1.3062970069056256e-06	2.4094981460955025	0.01949512621844539	centered_position_bootstrap	0.16691479304087023	True	False	16566	0.9	4000	position_bootstrap	mtDNA_position	False	paired nonparametric bootstrap of whole mtDNA positions
vus_low	vus_high	G[T>G]C	-1.1100384961899332e-05	-1.029975233298493e-05	-3.138983491667217e-05	4.271308529084012e-06	1.0879198757121152e-05	-1.0203311116669689	0.28242939265183703	centered_position_bootstrap	0.4929676671741155	False	False	16566	0.9	4000	position_bootstrap	mtDNA_position	False	paired nonparametric bootstrap of whole mtDNA positions
vus_low	vus_high	G[T>G]G	3.020895839867804e-06	3.001998574550986e-06	4.335234695642449e-07	5.795323395089402e-06	1.6319442007156791e-06	1.8511024081233958	0.0757310672331917	centered_position_bootstrap	0.2713503442321238	True	False	16566	0.9	4000	position_bootstrap	mtDNA_position	False	paired nonparametric bootstrap of whole mtDNA positions
vus_low	vus_high	G[T>G]T	-1.3702707928493163e-06	-1.3607851640482116e-06	-3.7123615231585507e-06	8.127000019564558e-07	1.3677683474937477e-06	-1.0018295827361072	0.32666833291677083	centered_position_bootstrap	0.5266782477934235	False	False	16566	0.9	4000	position_bootstrap	mtDNA_position	False	paired nonparametric bootstrap of whole mtDNA positions
vus_low	vus_high	T[T>G]A	1.3212464419028011e-06	1.317323287058809e-06	1.0892254509737142e-07	2.6171962747193922e-06	7.65402068781877e-07	1.7262122690699542	0.08722819295176205	centered_position_bootstrap	0.2926481494380503	True	False	16566	0.9	4000	position_bootstrap	mtDNA_position	False	paired nonparametric bootstrap of whole mtDNA positions
vus_low	vus_high	T[T>G]C	1.8285107008476265e-06	2.018459641986589e-06	-2.6707737016739423e-06	5.328377345085223e-06	2.4912505088523733e-06	0.7339730365734892	0.4558860284928768	centered_position_bootstrap	0.6389059669389222	False	False	16566	0.9	4000	position_bootstrap	mtDNA_position	False	paired nonparametric bootstrap of whole mtDNA positions
vus_low	vus_high	T[T>G]G	3.1088564102734176e-06	3.1054414857356104e-06	1.5365151567661853e-06	4.961407116361102e-06	1.0559074739373377e-06	2.9442507861800693	0.005748562859285179	centered_position_bootstrap	0.10033855172570494	True	False	16566	0.9	4000	position_bootstrap	mtDNA_position	False	paired nonparametric bootstrap of whole mtDNA positions
vus_low	vus_high	T[T>G]T	1.9760747223195402e-06	1.958969504484038e-06	3.7831433373954166e-07	3.7246165597488986e-06	1.0319544369357848e-06	1.9148856302097619	0.05573606598350413	centered_position_bootstrap	0.2536508729960367	True	False	16566	0.9	4000	position_bootstrap	mtDNA_position	False	paired nonparametric bootstrap of whole mtDNA positions
vus_low	vus_high	T[A>C]T	-3.413219974915566e-07	-5.850353569060426e-07	-5.542109490202223e-06	7.136366022325884e-06	3.911655984733054e-06	-0.0872576726643945	0.9227693076730817	centered_position_bootstrap	0.9424026971980409	False	False	16566	0.9	4000	position_bootstrap	mtDNA_position	False	paired nonparametric bootstrap of whole mtDNA positions
vus_low	vus_high	G[A>C]T	-1.3905711008915287e-06	-1.4011690900242854e-06	-3.2252654074662762e-06	2.624752254121792e-07	1.0545754392200875e-06	-1.3186075165186164	0.20619845038740314	centered_position_bootstrap	0.4211713029189511	False	False	16566	0.9	4000	position_bootstrap	mtDNA_position	False	paired nonparametric bootstrap of whole mtDNA positions
vus_low	vus_high	C[A>C]T	-1.1207587977334677e-06	-2.5018985796575023e-06	-2.075485949864432e-05	2.635455333164413e-05	1.4607069742366622e-05	-0.07672714771004328	0.9332666833291677	centered_position_bootstrap	0.9480804402074086	False	False	16566	0.9	4000	position_bootstrap	mtDNA_position	False	paired nonparametric bootstrap of whole mtDNA positions
vus_low	vus_high	A[A>C]T	-8.458034113664407e-06	-8.42720281168406e-06	-1.1464920549165957e-05	-6.131186511642012e-06	1.6389734146763584e-06	-5.160568217840545	0.0004998750312421895	centered_position_bootstrap	0.04798800299925019	True	True	16566	0.9	4000	position_bootstrap	mtDNA_position	False	paired nonparametric bootstrap of whole mtDNA positions
vus_low	vus_high	T[A>C]G	-4.0516639990004973e-07	-3.945290447572121e-07	-9.29802642555061e-07	0.0	3.060892877288587e-07	-1.323686963716796	0.22619345163709073	centered_position_bootstrap	0.44772312076620024	False	False	16566	0.9	4000	position_bootstrap	mtDNA_position	False	paired nonparametric bootstrap of whole mtDNA positions
vus_low	vus_high	G[A>C]G	7.876661480574393e-07	7.925942289701184e-07	-5.64755028475055e-07	2.3219698721639343e-06	8.854624492547024e-07	0.8895534177879835	0.4061484628842789	centered_position_bootstrap	0.5776333694354189	False	False	16566	0.9	4000	position_bootstrap	mtDNA_position	False	paired nonparametric bootstrap of whole mtDNA positions
vus_low	vus_high	C[A>C]G	5.631812958610691e-07	5.641901897075974e-07	-3.7219030702309107e-07	1.5673273216463396e-06	5.860428623246798e-07	0.9609899412938419	0.3616595851037241	centered_position_bootstrap	0.5382840336427521	False	False	16566	0.9	4000	position_bootstrap	mtDNA_position	False	paired nonparametric bootstrap of whole mtDNA positions
vus_low	vus_high	A[A>C]G	-5.576052434268009e-07	-5.513328675812035e-07	-1.7890343790015044e-06	5.775775188282591e-07	7.233745613949934e-07	-0.7708388892629646	0.4701324668832792	centered_position_bootstrap	0.6447530974399258	False	False	16566	0.9	4000	position_bootstrap	mtDNA_position	False	paired nonparametric bootstrap of whole mtDNA positions
vus_low	vus_high	T[A>C]C	-1.6503481197393965e-06	-1.6276513925109336e-06	-3.1264592581859918e-06	-2.826058677715755e-07	8.710584443123744e-07	-1.8946468294009873	0.06073481629592602	centered_position_bootstrap	0.2536508729960367	True	False	16566	0.9	4000	position_bootstrap	mtDNA_position	False	paired nonparametric bootstrap of whole mtDNA positions
vus_low	vus_high	G[A>C]C	1.6426121129281184e-06	1.6406009684948402e-06	0.0	3.568364861440899e-06	1.1140908913352327e-06	1.4743968608875848	0.1514621344663834	centered_position_bootstrap	0.34619916449459065	False	False	16566	0.9	4000	position_bootstrap	mtDNA_position	False	paired nonparametric bootstrap of whole mtDNA positions
vus_low	vus_high	C[A>C]C	-5.071300768417209e-06	-5.00873041115352e-06	-7.829251527628308e-06	-2.9050568305663837e-06	1.4974088603275049e-06	-3.386717484300208	0.002749312671832042	centered_position_bootstrap	0.06598350412396901	True	False	16566	0.9	4000	position_bootstrap	mtDNA_position	False	paired nonparametric bootstrap of whole mtDNA positions
vus_low	vus_high	A[A>C]C	-2.3567471255369414e-06	-2.3567739056592006e-06	-5.34729660566374e-06	5.150109090574169e-07	1.7878195102402644e-06	-1.3182243017474504	0.17920519870032492	centered_position_bootstrap	0.40008602500537654	False	False	16566	0.9	4000	position_bootstrap	mtDNA_position	False	paired nonparametric bootstrap of whole mtDNA positions
vus_low	vus_high	T[A>C]A	-1.587741630122417e-06	-1.5749655033068403e-06	-2.5328101568107275e-06	-8.132239923140244e-07	5.145043258821423e-07	-3.0859636163411417	0.0047488127968008	centered_position_bootstrap	0.09117720569857535	True	False	16566	0.9	4000	position_bootstrap	mtDNA_position	False	paired nonparametric bootstrap of whole mtDNA positions
vus_low	vus_high	G[A>C]A	2.42831072842252e-06	2.4098998111350648e-06	1.183065496092318e-06	3.947008674188079e-06	8.392297799044235e-07	2.8934992377166004	0.007248187953011747	centered_position_bootstrap	0.11597100724818794	True	False	16566	0.9	4000	position_bootstrap	mtDNA_position	False	paired nonparametric bootstrap of whole mtDNA positions
vus_low	vus_high	C[A>C]A	0.0	0.0	-1.4287120549322253e-06	1.3757402170910466e-06	8.580372879922024e-07	0.0	1.0	centered_position_bootstrap	1.0	False	False	16566	0.9	4000	position_bootstrap	mtDNA_position	False	paired nonparametric bootstrap of whole mtDNA positions
vus_low	vus_high	A[A>C]A	-1.5324661111865833e-06	-1.5281550378627802e-06	-2.7280161294293165e-06	-4.5815883458769367e-07	6.908477160847411e-07	-2.2182401063313457	0.029242689327668082	centered_position_bootstrap	0.19360677072111285	True	False	16566	0.9	4000	position_bootstrap	mtDNA_position	False	paired nonparametric bootstrap of whole mtDNA positions
vus_low	pathogenic	A[C>A]A	3.180317906038978e-06	3.1607825075151613e-06	1.532960683950384e-06	5.043971640094754e-06	1.0608479407674285e-06	2.9979017574736515	0.00424893776555861	centered_position_bootstrap	0.011997000749812544	True	True	16566	0.9	4000	position_bootstrap	mtDNA_position	False	paired nonparametric bootstrap of whole mtDNA positions
vus_low	pathogenic	A[C>A]C	4.365746479543172e-06	4.3360440233712035e-06	2.6349276662362465e-06	6.4986583400090525e-06	1.1964986322211226e-06	3.648768466570505	0.002749312671832042	centered_position_bootstrap	0.008653574311340199	True	True	16566	0.9	4000	position_bootstrap	mtDNA_position	False	paired nonparametric bootstrap of whole mtDNA positions
vus_low	pathogenic	A[C>A]G	-1.2836040931306428e-06	-1.2580266147724606e-06	-3.8946907749651914e-06	1.1873026373654392e-06	1.5695300253556998e-06	-0.8178270389186991	0.43514121469632594	centered_position_bootstrap	0.5254535422748087	False	False	16566	0.9	4000	position_bootstrap	mtDNA_position	False	paired nonparametric bootstrap of whole mtDNA positions
vus_low	pathogenic	A[C>A]T	-2.8807227409773355e-06	-2.9349307381320604e-06	-6.489659482299629e-06	6.494110762341878e-07	2.2032861455140026e-06	-1.307466461786013	0.18970257435641089	centered_position_bootstrap	0.2738563479430894	False	False	16566	0.9	4000	position_bootstrap	mtDNA_position	False	paired nonparametric bootstrap of whole mtDNA positions
vus_low	pathogenic	C[C>A]A	6.0956093199080415e-06	6.102311246681279e-06	4.244975898931526e-06	8.184021779010839e-06	1.210482621735373e-06	5.035685114726594	0.00024993751562109475	centered_position_bootstrap	0.0015996000999750064	True	True	16566	0.9	4000	position_bootstrap	mtDNA_position	False	paired nonparametric bootstrap of whole mtDNA positions
vus_low	pathogenic	C[C>A]C	5.3541883761439665e-06	5.244258010138269e-06	3.298131963688625e-06	7.955332187333697e-06	1.467666835200899e-06	3.6480952268782905	0.0032491877030742314	centered_position_bootstrap	0.009597600599850037	True	True	16566	0.9	4000	position_bootstrap	mtDNA_position	False	paired nonparametric bootstrap of whole mtDNA positions
vus_low	pathogenic	C[C>A]G	1.3154599611353438e-05	1.259477958761432e-05	1.0789284322952894e-06	3.4903794734411236e-05	1.1087235106042638e-05	1.1864634857597696	0.13821544613846537	centered_position_bootstrap	0.21931707155855662	True	False	16566	0.9	4000	position_bootstrap	mtDNA_position	False	paired nonparametric bootstrap of whole mtDNA positions
vus_low	pathogenic	C[C>A]T	5.1909387118507633e-05	4.8290154561886713e-05	-5.710086494989657e-05	0.00022409991113122218	8.918060311849611e-05	0.582070375208548	0.6208447888027993	centered_position_bootstrap	0.6948662834291427	False	False	16566	0.9	4000	position_bootstrap	mtDNA_position	False	paired nonparametric bootstrap of whole mtDNA positions
vus_low	pathogenic	G[C>A]A	7.806473407975215e-06	7.803742699831228e-06	4.787622029881378e-06	1.1592620795474363e-05	2.069338652092306e-06	3.772448458391331	0.0007498125468632841	centered_position_bootstrap	0.002879280179955011	True	True	16566	0.9	4000	position_bootstrap	mtDNA_position	False	paired nonparametric bootstrap of whole mtDNA positions
vus_low	pathogenic	G[C>A]C	8.959702434153372e-06	8.999241896811714e-06	6.242956964735666e-06	1.2232655804666556e-05	1.8182239881960149e-06	4.927722047624567	0.00024993751562109475	centered_position_bootstrap	0.0015996000999750064	True	True	16566	0.9	4000	position_bootstrap	mtDNA_position	False	paired nonparametric bootstrap of whole mtDNA positions
vus_low	pathogenic	G[C>A]G	6.154986840011683e-06	6.105627544404935e-06	2.001394215396392e-06	1.0824815155592676e-05	2.6884465832669688e-06	2.2894212882341205	0.02474381404648838	centered_position_bootstrap	0.05723870237259963	True	False	16566	0.9	4000	position_bootstrap	mtDNA_position	False	paired nonparametric bootstrap of whole mtDNA positions
vus_low	pathogenic	G[C>A]T	5.101279853814031e-06	5.1438981906422056e-06	2.409471224045503e-06	8.253117013518575e-06	1.8013735279665555e-06	2.8318834348434714	0.008247938015496127	centered_position_bootstrap	0.02230428308415854	True	True	16566	0.9	4000	position_bootstrap	mtDNA_position	False	paired nonparametric bootstrap of whole mtDNA positions
vus_low	pathogenic	T[C>A]A	3.335253021173844e-06	3.309542302874778e-06	2.148880953830017e-06	4.720517774184482e-06	7.87559277225728e-07	4.234923157686203	0.0004998750312421895	centered_position_bootstrap	0.002232000139500009	True	True	16566	0.9	4000	position_bootstrap	mtDNA_position	False	paired nonparametric bootstrap of whole mtDNA positions
vus_low	pathogenic	T[C>A]C	-3.935355608472061e-06	-3.4688832751639906e-06	-1.948488288509954e-05	4.944095825470324e-06	7.95989810105747e-06	-0.4943977370701831	0.6295926018495376	centered_position_bootstrap	0.6948662834291427	False	False	16566	0.9	4000	position_bootstrap	mtDNA_position	False	paired nonparametric bootstrap of whole mtDNA positions
vus_low	pathogenic	T[C>A]G	7.477796095044195e-05	7.153512185119497e-05	2.8937679294116417e-06	0.00021416177126890428	7.126192145685099e-05	1.0493396672684432	0.1552111972006998	centered_position_bootstrap	0.23281679580104972	True	False	16566	0.9	4000	position_bootstrap	mtDNA_position	False	paired nonparametric bootstrap of whole mtDNA positions
vus_low	pathogenic	T[C>A]T	-0.00012782453575962128	-0.00011864259893511795	-0.00034854449171973904	1.6880256846839865e-06	0.00011697194871799064	-1.0927793984846341	0.24093976505873532	centered_position_bootstrap	0.3234995446942461	False	False	16566	0.9	4000	position_bootstrap	mtDNA_position	False	paired nonparametric bootstrap of whole mtDNA positions
vus_low	pathogenic	T[G>T]T	6.104946296596957e-07	8.778014146867884e-07	-5.282135065364436e-06	5.61948490636459e-06	3.3833425946892663e-06	0.1804412685307043	0.8710322419395151	centered_position_bootstrap	0.8802010023809836	False	False	16566	0.9	4000	position_bootstrap	mtDNA_position	False	paired nonparametric bootstrap of whole mtDNA positions
vus_low	pathogenic	G[G>T]T	9.847978944018695e-06	9.871139013923161e-06	5.436839380461094e-06	1.5026090164448554e-05	2.9229168360109353e-06	3.369229949579671	0.001999500124968758	centered_position_bootstrap	0.006506847864305111	True	True	16566	0.9	4000	position_bootstrap	mtDNA_position	False	paired nonparametric bootstrap of whole mtDNA positions
vus_low	pathogenic	C[G>T]T	4.693177465508913e-07	4.677652406543822e-07	-4.325521349483795e-06	5.364149534209859e-06	2.928822159464599e-06	0.16024112117366815	0.9072731817045738	centered_position_bootstrap	0.9120233030747548	False	False	16566	0.9	4000	position_bootstrap	mtDNA_position	False	paired nonparametric bootstrap of whole mtDNA positions
vus_low	pathogenic	A[G>T]T	4.538457329283341e-06	4.514833172359294e-06	1.5422946957530853e-06	7.775714161319641e-06	1.893578846330924e-06	2.3967617393261667	0.020494876280929768	centered_position_bootstrap	0.04917289196219463	True	True	16566	0.9	4000	position_bootstrap	mtDNA_position	False	paired nonparametric bootstrap of whole mtDNA positions
vus_low	pathogenic	T[G>T]G	1.2425102930268191e-05	1.2525232220256523e-05	8.594889371797394e-06	1.7175253088661073e-05	2.629076732544482e-06	4.726032822268708	0.0004998750312421895	centered_position_bootstrap	0.002232000139500009	True	True	16566	0.9	4000	position_bootstrap	mtDNA_position	False	paired nonparametric bootstrap of whole mtDNA positions
vus_low	pathogenic	G[G>T]G	6.159795423480442e-06	6.1439400061349715e-06	2.5877715096197693e-06	1.0073142615819323e-05	2.297737305604579e-06	2.6808092502374556	0.0094976255936016	centered_position_bootstrap	0.024642488026641984	True	True	16566	0.9	4000	position_bootstrap	mtDNA_position	False	paired nonparametric bootstrap of whole mtDNA positions
vus_low	pathogenic	C[G>T]G	1.2068170625594335e-05	1.213471812376739e-05	6.967272741443683e-06	1.827407845695794e-05	3.43241413849707e-06	3.515942464588073	0.0014996250937265683	centered_position_bootstrap	0.005141571749919663	True	True	16566	0.9	4000	position_bootstrap	mtDNA_position	False	paired nonparametric bootstrap of whole mtDNA positions
vus_low	pathogenic	A[G>T]G	1.2581709801151544e-05	1.2617417681749747e-05	8.663786388455008e-06	1.7328631998993586e-05	2.643017813743449e-06	4.760357548756506	0.00024993751562109475	centered_position_bootstrap	0.0015996000999750064	True	True	16566	0.9	4000	position_bootstrap	mtDNA_position	False	paired nonparametric bootstrap of whole mtDNA positions
vus_low	pathogenic	T[G>T]C	4.399853873914602e-06	4.390628135113251e-06	1.3041657699855471e-06	8.028708719223872e-06	2.0549354613194917e-06	2.1411153570192507	0.03949012746813297	centered_position_bootstrap	0.08715062613656932	True	False	16566	0.9	4000	position_bootstrap	mtDNA_position	False	paired nonparametric bootstrap of whole mtDNA positions
vus_low	pathogenic	G[G>T]C	1.5208271280636466e-05	1.5299101449571695e-05	1.1100229203977035e-05	2.0546805065340055e-05	2.8923732590804005e-06	5.258059703356467	0.00024993751562109475	centered_position_bootstrap	0.0015996000999750064	True	True	16566	0.9	4000	position_bootstrap	mtDNA_position	False	paired nonparametric bootstrap of whole mtDNA positions
vus_low	pathogenic	C[G>T]C	3.1203288013924104e-05	2.9354745818607662e-05	-8.142682370418638e-06	9.747125904054896e-05	3.442760982783213e-05	0.9063448833644733	0.41639590102474383	centered_position_bootstrap	0.5157936322371021	False	False	16566	0.9	4000	position_bootstrap	mtDNA_position	False	paired nonparametric bootstrap of whole mtDNA positions
vus_low	pathogenic	A[G>T]C	5.8283503542782114e-06	6.505251297355417e-06	-3.3332993175904365e-06	1.3064389981557075e-05	5.0860870571184544e-06	1.1459399512481585	0.23644088977755562	centered_position_bootstrap	0.3219620626758204	False	False	16566	0.9	4000	position_bootstrap	mtDNA_position	False	paired nonparametric bootstrap of whole mtDNA positions
vus_low	pathogenic	T[G>T]A	-1.4413170604975231e-05	-1.3309224294234331e-05	-7.374975273091116e-05	1.8002939241657768e-05	3.0343210455334567e-05	-0.4750047997126582	0.6413396650837291	centered_position_bootstrap	0.6956904841586213	False	False	16566	0.9	4000	position_bootstrap	mtDNA_position	False	paired nonparametric bootstrap of whole mtDNA positions
vus_low	pathogenic	G[G>T]A	1.4616919129218584e-05	1.4726007624539218e-05	1.0629568575333214e-05	1.951873043111369e-05	2.7898868026165633e-06	5.239251684157848	0.00024993751562109475	centered_position_bootstrap	0.0015996000999750064	True	True	16566	0.9	4000	position_bootstrap	mtDNA_position	False	paired nonparametric bootstrap of whole mtDNA positions
vus_low	pathogenic	C[G>T]A	1.0073161389384976e-05	1.007894665804079e-05	6.615459097367992e-06	1.439418285985675e-05	2.398286349059512e-06	4.200149574855883	0.00024993751562109475	centered_position_bootstrap	0.0015996000999750064	True	True	16566	0.9	4000	position_bootstrap	mtDNA_position	False	paired nonparametric bootstrap of whole mtDNA positions
vus_low	pathogenic	A[G>T]A	1.1306291166907828e-05	1.1406068565369063e-05	7.955316776403292e-06	1.5465480866033134e-05	2.3245202858457024e-06	4.863924499069018	0.00024993751562109475	centered_position_bootstrap	0.0015996000999750064	True	True	16566	0.9	4000	position_bootstrap	mtDNA_position	False	paired nonparametric bootstrap of whole mtDNA positions
vus_low	pathogenic	A[C>G]A	2.56192275764251e-06	2.5647300417559466e-06	1.466337983463529e-06	3.885163887846945e-06	7.459803914592792e-07	3.4343030821908105	0.0032491877030742314	centered_position_bootstrap	0.009597600599850037	True	True	16566	0.9	4000	position_bootstrap	mtDNA_position	False	paired nonparametric bootstrap of whole mtDNA positions
vus_low	pathogenic	A[C>G]C	2.3019390528500354e-06	2.44155194982677e-06	-2.7453006804222834e-07	4.706073207214683e-06	1.5400934628416216e-06	1.4946749066791927	0.13196700824793803	centered_position_bootstrap	0.21292155952608488	False	False	16566	0.9	4000	position_bootstrap	mtDNA_position	False	paired nonparametric bootstrap of whole mtDNA positions
vus_low	pathogenic	A[C>G]G	-6.418020465653212e-07	-6.658768493189295e-07	-3.3595617371379736e-06	2.0578516761514625e-06	1.6479424234800315e-06	-0.3894565959470841	0.7340664833791553	centered_position_bootstrap	0.7701681137092776	False	False	16566	0.9	4000	position_bootstrap	mtDNA_position	False	paired nonparametric bootstrap of whole mtDNA positions
vus_low	pathogenic	A[C>G]T	-2.976746832343246e-06	-2.9851290190574372e-06	-4.806589911312277e-06	-1.4180358127203692e-06	1.0314107174287732e-06	-2.8860925934181143	0.005248687828042989	centered_position_bootstrap	0.014605044391076143	True	True	16566	0.9	4000	position_bootstrap	mtDNA_position	False	paired nonparametric bootstrap of whole mtDNA positions
vus_low	pathogenic	C[C>G]A	5.918924991794765e-06	5.937265179391161e-06	4.166333994811131e-06	7.914336066233036e-06	1.1417467599632962e-06	5.184096158052633	0.00024993751562109475	centered_position_bootstrap	0.0015996000999750064	True	True	16566	0.9	4000	position_bootstrap	mtDNA_position	False	paired nonparametric bootstrap of whole mtDNA positions
vus_low	pathogenic	C[C>G]C	4.4948741923183916e-06	4.489950273271823e-06	3.06972688978657e-06	6.267695049643565e-06	9.700668662360735e-07	4.633571508074298	0.0004998750312421895	centered_position_bootstrap	0.002232000139500009	True	True	16566	0.9	4000	position_bootstrap	mtDNA_position	False	paired nonparametric bootstrap of whole mtDNA positions
vus_low	pathogenic	C[C>G]G	1.9183791099890423e-06	1.900388655040276e-06	-3.047087416774423e-07	4.378785422744791e-06	1.434257941392779e-06	1.3375412153033943	0.19770057485628592	centered_position_bootstrap	0.2832724654657231	False	False	16566	0.9	4000	position_bootstrap	mtDNA_position	False	paired nonparametric bootstrap of whole mtDNA positions
vus_low	pathogenic	C[C>G]T	-4.764286214986316e-06	-4.795007745019784e-06	-6.6833681618124675e-06	-3.207962208011188e-06	1.0744213340132905e-06	-4.4342811001250855	0.0004998750312421895	centered_position_bootstrap	0.002232000139500009	True	True	16566	0.9	4000	position_bootstrap	mtDNA_position	False	paired nonparametric bootstrap of whole mtDNA positions
vus_low	pathogenic	G[C>G]A	7.062999750072814e-06	7.048663014451618e-06	4.363747150576002e-06	1.0216214575217498e-05	1.8059933627770356e-06	3.9108669476017326	0.0004998750312421895	centered_position_bootstrap	0.002232000139500009	True	True	16566	0.9	4000	position_bootstrap	mtDNA_position	False	paired nonparametric bootstrap of whole mtDNA positions
vus_low	pathogenic	G[C>G]C	8.675267436243741e-06	8.708902289376409e-06	5.864459503009444e-06	1.1971954851859965e-05	1.8481319796427155e-06	4.694073546587761	0.00024993751562109475	centered_position_bootstrap	0.0015996000999750064	True	True	16566	0.9	4000	position_bootstrap	mtDNA_position	False	paired nonparametric bootstrap of whole mtDNA positions
vus_low	pathogenic	G[C>G]G	3.077493420005841e-06	3.2741925529958245e-06	-3.2726866130932935e-06	9.136975980499696e-06	3.7583109027195596e-06	0.8188501429668656	0.4271432141964509	centered_position_bootstrap	0.5196675514665637	False	False	16566	0.9	4000	position_bootstrap	mtDNA_position	False	paired nonparametric bootstrap of whole mtDNA positions
vus_low	pathogenic	G[C>G]T	5.305331047966593e-06	5.344987966293132e-06	2.6740630306401315e-06	8.446559869219658e-06	1.7719020032647034e-06	2.9941447315887664	0.006498375406148463	centered_position_bootstrap	0.017824115399721497	True	True	16566	0.9	4000	position_bootstrap	mtDNA_position	False	paired nonparametric bootstrap of whole mtDNA positions
vus_low	pathogenic	T[C>G]A	4.3834753992570515e-06	4.364283733199286e-06	2.753014997853685e-06	6.276596754188873e-06	1.0653018403203293e-06	4.1147731406706	0.00024993751562109475	centered_position_bootstrap	0.0015996000999750064	True	True	16566	0.9	4000	position_bootstrap	mtDNA_position	False	paired nonparametric bootstrap of whole mtDNA positions
vus_low	pathogenic	T[C>G]C	3.61627272129865e-06	3.6520666130316007e-06	1.7462754589497e-06	5.64778164711275e-06	1.175153640429138e-06	3.077276533796954	0.00424893776555861	centered_position_bootstrap	0.011997000749812544	True	True	16566	0.9	4000	position_bootstrap	mtDNA_position	False	paired nonparametric bootstrap of whole mtDNA positions
vus_low	pathogenic	T[C>G]G	3.128784977005939e-06	3.0909595038319933e-06	3.0277204746587216e-07	6.302907938040698e-06	1.8492396146628113e-06	1.6919305384751013	0.09347663084228942	centered_position_bootstrap	0.16818225350204505	True	False	16566	0.9	4000	position_bootstrap	mtDNA_position	False	paired nonparametric bootstrap of whole mtDNA positions
vus_low	pathogenic	T[C>G]T	1.093555914293338e-06	1.0798977557518159e-06	-5.810094277485015e-07	2.8286997435064564e-06	1.0225457442741669e-06	1.0694444922555286	0.28367908022994254	centered_position_bootstrap	0.37182541099419025	False	False	16566	0.9	4000	position_bootstrap	mtDNA_position	False	paired nonparametric bootstrap of whole mtDNA positions
vus_low	pathogenic	T[G>C]T	-7.936430185576043e-06	-7.046202761263828e-06	-2.2349435256356116e-05	3.220327360771654e-06	7.77969199415441e-06	-1.0201470947100997	0.3081729567608098	centered_position_bootstrap	0.39979194390591544	False	False	16566	0.9	4000	position_bootstrap	mtDNA_position	False	paired nonparametric bootstrap of whole mtDNA positions
vus_low	pathogenic	G[G>C]T	1.5387467100029212e-05	1.4639338283699545e-05	6.313412430041545e-06	2.84436797490335e-05	6.835093685856665e-06	2.251244504792863	0.02899275181204699	centered_position_bootstrap	0.06548950997544731	True	False	16566	0.9	4000	position_bootstrap	mtDNA_position	False	paired nonparametric bootstrap of whole mtDNA positions
vus_low	pathogenic	C[G>C]T	-1.454885014307762e-05	-1.311219655495871e-05	-4.154241503640595e-05	2.041846431687005e-06	1.3686674369757936e-05	-1.062993810623912	0.2706823294176456	centered_position_bootstrap	0.3584207396426755	False	False	16566	0.9	4000	position_bootstrap	mtDNA_position	False	paired nonparametric bootstrap of whole mtDNA positions
vus_low	pathogenic	A[G>C]T	-1.0933556293273502e-05	-1.0306917410216084e-05	-4.109045625461194e-05	6.234452644175904e-06	1.55632933263603e-05	-0.702522021785377	0.6233441639590103	centered_position_bootstrap	0.6948662834291427	False	False	16566	0.9	4000	position_bootstrap	mtDNA_position	False	paired nonparametric bootstrap of whole mtDNA positions
vus_low	pathogenic	T[G>C]G	1.2425102930268191e-05	1.2525232220256523e-05	8.594889371797394e-06	1.7175253088661073e-05	2.629076732544482e-06	4.726032822268708	0.0004998750312421895	centered_position_bootstrap	0.002232000139500009	True	True	16566	0.9	4000	position_bootstrap	mtDNA_position	False	paired nonparametric bootstrap of whole mtDNA positions
vus_low	pathogenic	G[G>C]G	5.866471831886136e-06	5.884559229740382e-06	2.3979987250325376e-06	9.688258704818018e-06	2.2317702436972696e-06	2.6286181780824474	0.0094976255936016	centered_position_bootstrap	0.024642488026641984	True	True	16566	0.9	4000	position_bootstrap	mtDNA_position	False	paired nonparametric bootstrap of whole mtDNA positions
vus_low	pathogenic	C[G>C]G	1.2068170625594335e-05	1.213471812376739e-05	6.967272741443683e-06	1.827407845695794e-05	3.43241413849707e-06	3.515942464588073	0.0014996250937265683	centered_position_bootstrap	0.005141571749919663	True	True	16566	0.9	4000	position_bootstrap	mtDNA_position	False	paired nonparametric bootstrap of whole mtDNA positions
vus_low	pathogenic	A[G>C]G	1.2581709801151544e-05	1.2617417681749747e-05	8.663786388455008e-06	1.7328631998993586e-05	2.643017813743449e-06	4.760357548756506	0.00024993751562109475	centered_position_bootstrap	0.0015996000999750064	True	True	16566	0.9	4000	position_bootstrap	mtDNA_position	False	paired nonparametric bootstrap of whole mtDNA positions
vus_low	pathogenic	T[G>C]C	2.933235915943068e-06	3.025828651798657e-06	-1.0225504064145632e-06	7.001983915503152e-06	2.4531562607575666e-06	1.195698766876451	0.23994001499625095	centered_position_bootstrap	0.3234995446942461	False	False	16566	0.9	4000	position_bootstrap	mtDNA_position	False	paired nonparametric bootstrap of whole mtDNA positions
vus_low	pathogenic	G[G>C]C	2.0198485294595303e-05	1.989675651410233e-05	9.400739011151024e-06	3.3323872038210576e-05	7.378125929571973e-06	2.7376173146677476	0.010747313171707074	centered_position_bootstrap	0.02715110696010208	True	True	16566	0.9	4000	position_bootstrap	mtDNA_position	False	paired nonparametric bootstrap of whole mtDNA positions
vus_low	pathogenic	C[G>C]C	1.014741073623548e-05	9.372449421103242e-06	2.5841462318251753e-06	2.1415406518130984e-05	5.801776426520316e-06	1.7490178852551046	0.06998250437390652	centered_position_bootstrap	0.13572364484636415	True	False	16566	0.9	4000	position_bootstrap	mtDNA_position	False	paired nonparametric bootstrap of whole mtDNA positions
vus_low	pathogenic	A[G>C]C	4.0662909448452606e-07	1.603982536359454e-06	-1.5282530914695613e-05	1.3182762342073508e-05	8.83471462500576e-06	0.04602628514265802	0.9660084978755311	centered_position_bootstrap	0.9660084978755311	False	False	16566	0.9	4000	position_bootstrap	mtDNA_position	False	paired nonparametric bootstrap of whole mtDNA positions
vus_low	pathogenic	T[G>C]A	1.4769051360653632e-05	1.4842905995131827e-05	1.0909595411334238e-05	1.96793098834257e-05	2.690396500831817e-06	5.4895445173554664	0.00024993751562109475	centered_position_bootstrap	0.0015996000999750064	True	True	16566	0.9	4000	position_bootstrap	mtDNA_position	False	paired nonparametric bootstrap of whole mtDNA positions
vus_low	pathogenic	G[G>C]A	1.4616919129218585e-05	1.4668627125297744e-05	9.95049820867786e-06	2.0440865339733897e-05	3.3052069316752563e-06	4.422391526877848	0.0004998750312421895	centered_position_bootstrap	0.002232000139500009	True	True	16566	0.9	4000	position_bootstrap	mtDNA_position	False	paired nonparametric bootstrap of whole mtDNA positions
vus_low	pathogenic	C[G>C]A	1.1904645278364062e-05	1.1944791350126044e-05	7.851849616598726e-06	1.695520169297272e-05	2.768555467633985e-06	4.299948264550323	0.0004998750312421895	centered_position_bootstrap	0.002232000139500009	True	True	16566	0.9	4000	position_bootstrap	mtDNA_position	False	paired nonparametric bootstrap of whole mtDNA positions
vus_low	pathogenic	A[G>C]A	1.3652879899662281e-05	1.3724334264110307e-05	9.462702774941596e-06	1.8783437691068854e-05	2.9063168686546174e-06	4.69765704039781	0.0004998750312421895	centered_position_bootstrap	0.002232000139500009	True	True	16566	0.9	4000	position_bootstrap	mtDNA_position	False	paired nonparametric bootstrap of whole mtDNA positions
vus_low	pathogenic	A[C>T]A	-0.0008053271675403145	-0.0007547615124105862	-0.0017822797411175617	-7.199259689241357e-05	0.0005261181894470535	-1.5306963030240555	0.07973006748312922	centered_position_bootstrap	0.15008012702706677	True	False	16566	0.9	4000	position_bootstrap	mtDNA_position	False	paired nonparametric bootstrap of whole mtDNA positions
vus_low	pathogenic	A[C>T]C	-0.00025464208557044533	-0.00023809834504887766	-0.0004995696306200839	-6.661543774402982e-05	0.00013590587177849493	-1.8736650759686944	0.04698825293676581	centered_position_bootstrap	0.10136791644785434	True	False	16566	0.9	4000	position_bootstrap	mtDNA_position	False	paired nonparametric bootstrap of whole mtDNA positions
vus_low	pathogenic	A[C>T]G	-0.00023361594494977682	-0.0002167975680963367	-0.0006328341752416971	-2.712088429705401e-06	0.00020693978944445992	-1.1289078121560399	0.14346413396650837	centered_position_bootstrap	0.22394401399650088	True	False	16566	0.9	4000	position_bootstrap	mtDNA_position	False	paired nonparametric bootstrap of whole mtDNA positions
vus_low	pathogenic	A[C>T]T	-3.1015781511189314e-05	-2.8333414007839013e-05	-6.811744412030936e-05	-6.4868008308835334e-06	1.9451972147484065e-05	-1.5944800494278377	0.0757310672331917	centered_position_bootstrap	0.14396400899775055	True	False	16566	0.9	4000	position_bootstrap	mtDNA_position	False	paired nonparametric bootstrap of whole mtDNA positions
vus_low	pathogenic	C[C>T]A	4.240423874718638e-06	4.284611105008941e-06	1.3458723663367644e-06	7.223477946443111e-06	1.793935688794405e-06	2.363754677052202	0.023494126468382906	centered_position_bootstrap	0.05501063758450632	True	False	16566	0.9	4000	position_bootstrap	mtDNA_position	False	paired nonparametric bootstrap of whole mtDNA positions
vus_low	pathogenic	C[C>T]C	-2.4523504784560636e-05	-2.173782092556453e-05	-0.00013620442281100893	7.25657864400624e-05	6.385857439978613e-05	-0.3840283785702984	0.6853286678330417	centered_position_bootstrap	0.7320836457552278	False	False	16566	0.9	4000	position_bootstrap	mtDNA_position	False	paired nonparametric bootstrap of whole mtDNA positions
vus_low	pathogenic	C[C>T]G	8.769733074235625e-06	7.910625032908775e-06	7.014828057249479e-07	2.061792966992042e-05	6.3077123690968456e-06	1.3903191142958373	0.12671832041989503	centered_position_bootstrap	0.2079480129967508	True	False	16566	0.9	4000	position_bootstrap	mtDNA_position	False	paired nonparametric bootstrap of whole mtDNA positions
vus_low	pathogenic	C[C>T]T	-8.540160812236668e-05	-7.73179269452433e-05	-0.0001779627698109057	-2.03908855502442e-05	5.01047978476482e-05	-1.704459688312568	0.05998500374906274	centered_position_bootstrap	0.11873320329711387	True	False	16566	0.9	4000	position_bootstrap	mtDNA_position	False	paired nonparametric bootstrap of whole mtDNA positions
vus_low	pathogenic	G[C>T]A	1.6728157302804022e-06	2.3425141159293087e-06	-1.2477941893009579e-05	1.265751949700831e-05	7.765327803063263e-06	0.21542113516708344	0.8307923019245189	centered_position_bootstrap	0.8484687338803597	False	False	16566	0.9	4000	position_bootstrap	mtDNA_position	False	paired nonparametric bootstrap of whole mtDNA positions
vus_low	pathogenic	G[C>T]C	-0.0008089331340549902	-0.0007486641755053288	-0.0021459447632354205	-2.6792481620820906e-05	0.0006660441659237799	-1.2145337733467394	0.14121469632591852	centered_position_bootstrap	0.22223952208669143	True	False	16566	0.9	4000	position_bootstrap	mtDNA_position	False	paired nonparametric bootstrap of whole mtDNA positions
vus_low	pathogenic	G[C>T]G	-0.00013356321442825356	-0.00011711116010345351	-0.0004345974581310366	0.00012099352878356225	0.00016920523387630736	-0.7893562827134007	0.4256435891027243	centered_position_bootstrap	0.5196675514665637	False	False	16566	0.9	4000	position_bootstrap	mtDNA_position	False	paired nonparametric bootstrap of whole mtDNA positions
vus_low	pathogenic	G[C>T]T	0.00014977357650797994	0.00013621247438312336	-0.00016433410875357828	0.0005751725119016883	0.00023703480959927817	0.6318632135135819	0.5036240939765059	centered_position_bootstrap	0.5896086953871288	False	False	16566	0.9	4000	position_bootstrap	mtDNA_position	False	paired nonparametric bootstrap of whole mtDNA positions
vus_low	pathogenic	T[C>T]A	2.3823235865527456e-06	3.398927290418725e-06	-1.438972269484681e-05	1.6244822676835508e-05	9.443225350824728e-06	0.2522785910583702	0.804798800299925	centered_position_bootstrap	0.8304234101902331	False	False	16566	0.9	4000	position_bootstrap	mtDNA_position	False	paired nonparametric bootstrap of whole mtDNA positions
vus_low	pathogenic	T[C>T]C	-8.296155066508665e-06	-6.743596659753628e-06	-2.894410621392281e-05	5.2332099695958625e-06	1.080012523493797e-05	-0.7681535987815158	0.4976255936015996	centered_position_bootstrap	0.5861602084141541	False	False	16566	0.9	4000	position_bootstrap	mtDNA_position	False	paired nonparametric bootstrap of whole mtDNA positions
vus_low	pathogenic	T[C>T]G	3.0036335779257015e-05	2.8673934824775953e-05	-2.8633809938795374e-07	8.765382605296186e-05	2.9521068570783407e-05	1.017454219424278	0.23519120219945014	centered_position_bootstrap	0.3219620626758204	False	False	16566	0.9	4000	position_bootstrap	mtDNA_position	False	paired nonparametric bootstrap of whole mtDNA positions
vus_low	pathogenic	T[C>T]T	-9.999961305149081e-05	-9.278126477215947e-05	-0.00026676455906813663	1.2462474679684498e-06	8.796451143022243e-05	-1.1368176941540247	0.20019995001249688	centered_position_bootstrap	0.2847288177955511	False	False	16566	0.9	4000	position_bootstrap	mtDNA_position	False	paired nonparametric bootstrap of whole mtDNA positions
vus_low	pathogenic	T[G>A]T	-0.0011336885272780547	-0.0010662595453747436	-0.002215103090597782	-0.00038003924585514325	0.0005687163042192423	-1.993416610122388	0.04348912771807048	centered_position_bootstrap	0.09488536956669923	True	False	16566	0.9	4000	position_bootstrap	mtDNA_position	False	paired nonparametric bootstrap of whole mtDNA positions
vus_low	pathogenic	G[G>A]T	-0.0005708750294110837	-0.0005093519115321974	-0.0013850328171665237	-1.55798662677747e-05	0.0004305198259625761	-1.3260133331483515	0.13471632091977007	centered_position_bootstrap	0.21554611347163213	True	False	16566	0.9	4000	position_bootstrap	mtDNA_position	False	paired nonparametric bootstrap of whole mtDNA positions
vus_low	pathogenic	C[G>A]T	-0.0011521750677824373	-0.001103563164140466	-0.002158151151846503	-0.0003957731256724861	0.0005476568493457259	-2.1038266373531465	0.03349162709322669	centered_position_bootstrap	0.07477200467325029	True	False	16566	0.9	4000	position_bootstrap	mtDNA_position	False	paired nonparametric bootstrap of whole mtDNA positions
vus_low	pathogenic	A[G>A]T	-0.005579001818779031	-0.0049939471079382385	-0.013207026448261291	-0.00037936389945229	0.004018999945663112	-1.388156729088616	0.10072481879530118	centered_position_bootstrap	0.17422671359187233	True	False	16566	0.9	4000	position_bootstrap	mtDNA_position	False	paired nonparametric bootstrap of whole mtDNA positions
vus_low	pathogenic	T[G>A]G	2.2689318394402785e-05	2.216092125800127e-05	1.1928962586632552e-05	3.767674877555759e-05	7.940698010870861e-06	2.857345583894637	0.0094976255936016	centered_position_bootstrap	0.024642488026641984	True	True	16566	0.9	4000	position_bootstrap	mtDNA_position	False	paired nonparametric bootstrap of whole mtDNA positions
vus_low	pathogenic	G[G>A]G	-1.818606267884702e-05	-1.6635524352955057e-05	-7.95239869783859e-05	1.8931018146949986e-05	3.1841180107713265e-05	-0.5711491413737394	0.6298425393651587	centered_position_bootstrap	0.6948662834291427	False	False	16566	0.9	4000	position_bootstrap	mtDNA_position	False	paired nonparametric bootstrap of whole mtDNA positions
vus_low	pathogenic	C[G>A]G	-4.335602039565372e-05	-3.88642707810033e-05	-0.00020769441761650612	0.00010678242573298743	9.521929911209636e-05	-0.4553280773954564	0.638590352411897	centered_position_bootstrap	0.6956904841586213	False	False	16566	0.9	4000	position_bootstrap	mtDNA_position	False	paired nonparametric bootstrap of whole mtDNA positions
vus_low	pathogenic	A[G>A]G	-0.00017794132433057185	-0.000156615227514704	-0.0005155638337134958	6.119820826602122e-05	0.00018107390141476503	-0.9827000077884347	0.32741814546363407	centered_position_bootstrap	0.4219079458323339	False	False	16566	0.9	4000	position_bootstrap	mtDNA_position	False	paired nonparametric bootstrap of whole mtDNA positions
vus_low	pathogenic	T[G>A]C	-0.0012014534311702808	-0.0011245951307645684	-0.0031910813994441766	-7.18240669120569e-05	0.0010115562700511223	-1.1877277287891868	0.13146713321669581	centered_position_bootstrap	0.21292155952608488	True	False	16566	0.9	4000	position_bootstrap	mtDNA_position	False	paired nonparametric bootstrap of whole mtDNA positions
vus_low	pathogenic	G[G>A]C	-0.006371077520392879	-0.006095596962178398	-0.017561442768836186	-0.0001928220282972874	0.0058190100070553055	-1.0948730991471427	0.14496375906023495	centered_position_bootstrap	0.22419995001249687	True	False	16566	0.9	4000	position_bootstrap	mtDNA_position	False	paired nonparametric bootstrap of whole mtDNA positions
vus_low	pathogenic	C[G>A]C	-0.00022121355404993348	-0.00020439536706948674	-0.0005762179170272708	3.465013248258953e-05	0.00019050995987453397	-1.1611652965315844	0.22044488877780555	centered_position_bootstrap	0.30894466164480777	False	False	16566	0.9	4000	position_bootstrap	mtDNA_position	False	paired nonparametric bootstrap of whole mtDNA positions
vus_low	pathogenic	A[G>A]C	-0.0018967891827388207	-0.001802995815224509	-0.004808337238663474	-0.00019436922062472257	0.0015156434791530672	-1.2514745115379875	0.11222194451387153	centered_position_bootstrap	0.1911026668111733	True	False	16566	0.9	4000	position_bootstrap	mtDNA_position	False	paired nonparametric bootstrap of whole mtDNA positions
vus_low	pathogenic	T[G>A]A	-0.00017349186839322033	-0.0001656163325018895	-0.0005444462535081347	2.4173139883481264e-05	0.000192487583558079	-0.9013145948755332	0.5773556610847288	centered_position_bootstrap	0.6677848610136622	False	False	16566	0.9	4000	position_bootstrap	mtDNA_position	False	paired nonparametric bootstrap of whole mtDNA positions
vus_low	pathogenic	G[G>A]A	6.36265891507162e-05	5.9381818812651e-05	2.2673890047627317e-05	0.0001287164580272759	3.409429292182904e-05	1.8661947117248752	0.052236940764808795	centered_position_bootstrap	0.1102142046905856	True	False	16566	0.9	4000	position_bootstrap	mtDNA_position	False	paired nonparametric bootstrap of whole mtDNA positions
vus_low	pathogenic	C[G>A]A	0.014928119931753704	0.014415032383204289	-0.000994256591364787	0.04514684858649902	0.015402123600592387	0.969224784767962	0.41014746313421646	centered_position_bootstrap	0.5146948556978402	False	False	16566	0.9	4000	position_bootstrap	mtDNA_position	False	paired nonparametric bootstrap of whole mtDNA positions
vus_low	pathogenic	A[G>A]A	0.0008515983837414347	0.0008261629173251891	-0.00011545491040609251	0.0026997048956398395	0.0009330501051888279	0.9127038076578865	0.519870032491877	centered_position_bootstrap	0.6049396741723659	False	False	16566	0.9	4000	position_bootstrap	mtDNA_position	False	paired nonparametric bootstrap of whole mtDNA positions
vus_low	pathogenic	A[T>A]A	5.096192704929342e-06	5.0715049745121035e-06	3.1848873625974148e-06	7.396153720796666e-06	1.2945362044677666e-06	3.93669384242875	0.0007498125468632841	centered_position_bootstrap	0.002879280179955011	True	True	16566	0.9	4000	position_bootstrap	mtDNA_position	False	paired nonparametric bootstrap of whole mtDNA positions
vus_low	pathogenic	A[T>A]C	3.647269344624067e-06	3.6455207256752307e-06	1.2809193859970363e-06	6.270343713971268e-06	1.540145910516166e-06	2.3681323436438033	0.019995001249687578	centered_position_bootstrap	0.04859544607519006	True	True	16566	0.9	4000	position_bootstrap	mtDNA_position	False	paired nonparametric bootstrap of whole mtDNA positions
vus_low	pathogenic	A[T>A]G	7.4664186951278104e-06	7.459273108145205e-06	5.139174280302043e-06	1.0349813867215976e-05	1.57224012188558e-06	4.748904821340757	0.00024993751562109475	centered_position_bootstrap	0.0015996000999750064	True	True	16566	0.9	4000	position_bootstrap	mtDNA_position	False	paired nonparametric bootstrap of whole mtDNA positions
vus_low	pathogenic	A[T>A]T	3.0738940124970637e-06	3.095545252104741e-06	9.41617978612263e-07	5.439032353165923e-06	1.359247582261965e-06	2.2614673387034494	0.025243689077730568	centered_position_bootstrap	0.05769986074909844	True	False	16566	0.9	4000	position_bootstrap	mtDNA_position	False	paired nonparametric bootstrap of whole mtDNA positions
vus_low	pathogenic	C[T>A]A	4.553221875086177e-06	4.962904418608465e-06	-9.536441358428845e-07	8.915449532298787e-06	3.03296514551807e-06	1.5012443785628888	0.11622094476380905	centered_position_bootstrap	0.19403844691001162	False	False	16566	0.9	4000	position_bootstrap	mtDNA_position	False	paired nonparametric bootstrap of whole mtDNA positions
vus_low	pathogenic	C[T>A]C	-6.211217583982162e-06	-5.286129066777081e-06	-2.020682130765359e-05	4.193718056111979e-06	7.661362322383662e-06	-0.8107197287661602	0.42764308922769306	centered_position_bootstrap	0.5196675514665637	False	False	16566	0.9	4000	position_bootstrap	mtDNA_position	False	paired nonparametric bootstrap of whole mtDNA positions
vus_low	pathogenic	C[T>A]G	7.5510341344500885e-06	7.591069051657447e-06	4.9630126792172755e-06	1.0767177461619058e-05	1.773161468135286e-06	4.258514675705761	0.0007498125468632841	centered_position_bootstrap	0.002879280179955011	True	True	16566	0.9	4000	position_bootstrap	mtDNA_position	False	paired nonparametric bootstrap of whole mtDNA positions
vus_low	pathogenic	C[T>A]T	3.696779788216249e-06	3.8151642108123214e-06	-1.0302709991700498e-07	7.160276875088854e-06	2.21755410937266e-06	1.667052800466753	0.09622594351412148	centered_position_bootstrap	0.1683942650700961	False	False	16566	0.9	4000	position_bootstrap	mtDNA_position	False	paired nonparametric bootstrap of whole mtDNA positions
vus_low	pathogenic	G[T>A]A	1.1915612247759149e-05	1.20086699978251e-05	8.564893095997528e-06	1.639577424909643e-05	2.355848925838311e-06	5.057884704350925	0.00024993751562109475	centered_position_bootstrap	0.0015996000999750064	True	True	16566	0.9	4000	position_bootstrap	mtDNA_position	False	paired nonparametric bootstrap of whole mtDNA positions
vus_low	pathogenic	G[T>A]C	-1.8609468906713585e-05	-1.7609760770615453e-05	-7.536812616012568e-05	1.2713527522271911e-05	2.911416617830577e-05	-0.6391894857212264	0.633341664583854	centered_position_bootstrap	0.6948662834291427	False	False	16566	0.9	4000	position_bootstrap	mtDNA_position	False	paired nonparametric bootstrap of whole mtDNA positions
vus_low	pathogenic	G[T>A]G	8.631130971050868e-06	8.629701386915075e-06	5.4483954421920245e-06	1.2669422258057772e-05	2.1761236714322394e-06	3.9662869736489723	0.000999750062484379	centered_position_bootstrap	0.0036913848460961686	True	True	16566	0.9	4000	position_bootstrap	mtDNA_position	False	paired nonparametric bootstrap of whole mtDNA positions
vus_low	pathogenic	G[T>A]T	7.947570598526036e-06	7.91847845802046e-06	4.428315823599755e-06	1.1962451573729626e-05	2.2932454225624533e-06	3.465643284548885	0.0032491877030742314	centered_position_bootstrap	0.009597600599850037	True	True	16566	0.9	4000	position_bootstrap	mtDNA_position	False	paired nonparametric bootstrap of whole mtDNA positions
vus_low	pathogenic	T[T>A]A	0.0006347488114641375	0.0006193459635379461	3.9828876528940764e-06	0.0018266284529408722	0.0006332082661211592	1.0024329204550901	0.17645588602849288	centered_position_bootstrap	0.2586223673089362	True	False	16566	0.9	4000	position_bootstrap	mtDNA_position	False	paired nonparametric bootstrap of whole mtDNA positions
vus_low	pathogenic	T[T>A]C	6.8264399498311404e-06	6.834008933271589e-06	4.64935331951676e-06	9.450786750384602e-06	1.482208076017824e-06	4.605588149385478	0.00024993751562109475	centered_position_bootstrap	0.0015996000999750064	True	True	16566	0.9	4000	position_bootstrap	mtDNA_position	False	paired nonparametric bootstrap of whole mtDNA positions
vus_low	pathogenic	T[T>A]G	7.174284023707887e-06	7.179608917981738e-06	4.95512207340646e-06	1.0028462546766395e-05	1.5412665991674493e-06	4.654797572063939	0.0004998750312421895	centered_position_bootstrap	0.002232000139500009	True	True	16566	0.9	4000	position_bootstrap	mtDNA_position	False	paired nonparametric bootstrap of whole mtDNA positions
vus_low	pathogenic	T[T>A]T	6.8503923707077415e-06	6.8543732859070515e-06	4.643982029723184e-06	9.652665977026273e-06	1.5254398560176354e-06	4.49076529873266	0.00024993751562109475	centered_position_bootstrap	0.0015996000999750064	True	True	16566	0.9	4000	position_bootstrap	mtDNA_position	False	paired nonparametric bootstrap of whole mtDNA positions
vus_low	pathogenic	T[A>T]T	1.2515139908023748e-06	1.1612191055033071e-06	-1.516833589909653e-06	4.30662365357898e-06	1.7873649752376763e-06	0.7002005791435818	0.48587853036740813	centered_position_bootstrap	0.5794327815561637	False	False	16566	0.9	4000	position_bootstrap	mtDNA_position	False	paired nonparametric bootstrap of whole mtDNA positions
vus_low	pathogenic	G[A>T]T	9.455883486062395e-06	9.442529845705036e-06	5.7591521386241156e-06	1.3837939896129344e-05	2.5183937798892193e-06	3.754727938725431	0.001999500124968758	centered_position_bootstrap	0.006506847864305111	True	True	16566	0.9	4000	position_bootstrap	mtDNA_position	False	paired nonparametric bootstrap of whole mtDNA positions
vus_low	pathogenic	C[A>T]T	1.9613278960335744e-06	1.598500427754337e-06	-2.6905282499747365e-06	8.594464289329293e-06	3.5009470673754003e-06	0.5602278064443711	0.5998500374906274	centered_position_bootstrap	0.6855428999892884	False	False	16566	0.9	4000	position_bootstrap	mtDNA_position	False	paired nonparametric bootstrap of whole mtDNA positions
vus_low	pathogenic	A[A>T]T	-1.0830409535789791e-05	-1.0010221626159693e-05	-2.2067675384144994e-05	-2.351876086148579e-06	6.296599171176339e-06	-1.720041127179839	0.056735816045988506	centered_position_bootstrap	0.11497125718570357	True	False	16566	0.9	4000	position_bootstrap	mtDNA_position	False	paired nonparametric bootstrap of whole mtDNA positions
vus_low	pathogenic	T[A>T]G	5.132107732067296e-06	5.285290229290143e-06	1.8889268276161144e-06	8.186393729451733e-06	1.9135499867108396e-06	2.6819825809143176	0.010747313171707074	centered_position_bootstrap	0.02715110696010208	True	True	16566	0.9	4000	position_bootstrap	mtDNA_position	False	paired nonparametric bootstrap of whole mtDNA positions
vus_low	pathogenic	G[A>T]G	2.9143647478125252e-05	2.7874396562248132e-05	5.141131666610002e-06	7.004290361262264e-05	2.1501036818397858e-05	1.3554531218321444	0.09572606848287928	centered_position_bootstrap	0.1683942650700961	True	False	16566	0.9	4000	position_bootstrap	mtDNA_position	False	paired nonparametric bootstrap of whole mtDNA positions
vus_low	pathogenic	C[A>T]G	9.198627832397462e-06	8.868711481871137e-06	4.457924151890051e-06	1.5372348036773857e-05	3.3916031817558836e-06	2.7121769085129808	0.012996750812296926	centered_position_bootstrap	0.03199200199950013	True	True	16566	0.9	4000	position_bootstrap	mtDNA_position	False	paired nonparametric bootstrap of whole mtDNA positions
vus_low	pathogenic	A[A>T]G	1.1709710111962822e-05	1.1759223417931964e-05	8.362228138779636e-06	1.5926017075055267e-05	2.3033822520372117e-06	5.083702499490149	0.00024993751562109475	centered_position_bootstrap	0.0015996000999750064	True	True	16566	0.9	4000	position_bootstrap	mtDNA_position	False	paired nonparametric bootstrap of whole mtDNA positions
vus_low	pathogenic	T[A>T]C	-1.4646839562687145e-05	-1.3905903328628827e-05	-5.205717709088118e-05	6.555197007644346e-06	1.9504704761939324e-05	-0.750938798687606	0.6078480379905024	centered_position_bootstrap	0.6905729189004524	False	False	16566	0.9	4000	position_bootstrap	mtDNA_position	False	paired nonparametric bootstrap of whole mtDNA positions
vus_low	pathogenic	G[A>T]C	1.0090331550844156e-05	1.0391734013896501e-05	2.869354294695553e-06	1.675123037594945e-05	4.194354416368791e-06	2.4056935941001694	0.02074481379655086	centered_position_bootstrap	0.04917289196219463	True	True	16566	0.9	4000	position_bootstrap	mtDNA_position	False	paired nonparametric bootstrap of whole mtDNA positions
vus_low	pathogenic	C[A>T]C	-0.0001016039557461834	-9.323946901963137e-05	-0.00024350772531652444	-1.306145956977696e-05	7.348141064108247e-05	-1.3827164565806254	0.09372656835791052	centered_position_bootstrap	0.16818225350204505	True	False	16566	0.9	4000	position_bootstrap	mtDNA_position	False	paired nonparametric bootstrap of whole mtDNA positions
vus_low	pathogenic	A[A>T]C	-8.045447083729557e-06	-7.3365305998588776e-06	-2.218459023389619e-05	2.8144318860137024e-06	7.626378907761681e-06	-1.0549498236366637	0.2846788302924269	centered_position_bootstrap	0.37182541099419025	False	False	16566	0.9	4000	position_bootstrap	mtDNA_position	False	paired nonparametric bootstrap of whole mtDNA positions
vus_low	pathogenic	T[A>T]A	5.790587121622931e-06	5.795615023432897e-06	3.7454244458525114e-06	8.392315667381324e-06	1.4201977170053169e-06	4.077310540840176	0.000999750062484379	centered_position_bootstrap	0.0036913848460961686	True	True	16566	0.9	4000	position_bootstrap	mtDNA_position	False	paired nonparametric bootstrap of whole mtDNA positions
vus_low	pathogenic	G[A>T]A	1.606420943417975e-05	1.6199927934611608e-05	1.2329747627569062e-05	2.0876534246983402e-05	2.628852703510512e-06	6.110730134376856	0.00024993751562109475	centered_position_bootstrap	0.0015996000999750064	True	True	16566	0.9	4000	position_bootstrap	mtDNA_position	False	paired nonparametric bootstrap of whole mtDNA positions
vus_low	pathogenic	C[A>T]A	7.880996121326279e-06	7.83745762844521e-06	5.180988853642565e-06	1.1202574443139248e-05	1.8322374983872979e-06	4.301296162895361	0.0007498125468632841	centered_position_bootstrap	0.002879280179955011	True	True	16566	0.9	4000	position_bootstrap	mtDNA_position	False	paired nonparametric bootstrap of whole mtDNA positions
vus_low	pathogenic	A[A>T]A	2.2986991667798737e-06	2.659084815449252e-06	-1.0106661816019384e-05	1.0534187927379261e-05	6.459155782788318e-06	0.35588229237406016	0.6500874781304674	centered_position_bootstrap	0.7012179539384817	False	False	16566	0.9	4000	position_bootstrap	mtDNA_position	False	paired nonparametric bootstrap of whole mtDNA positions
vus_low	pathogenic	A[T>C]A	-0.004709610086883987	-0.004452471235669491	-0.012667985419510574	-8.7720871539382e-06	0.0041878011559466875	-1.1246021268694504	0.1804548862784304	centered_position_bootstrap	0.26247983458680785	True	False	16566	0.9	4000	position_bootstrap	mtDNA_position	False	paired nonparametric bootstrap of whole mtDNA positions
vus_low	pathogenic	A[T>C]C	-0.00012550897450618113	-0.00011579457265498594	-0.00032389601389446593	1.4671495003101509e-05	0.00010409633535612884	-1.2057002206350158	0.21094726318420395	centered_position_bootstrap	0.29780790096593496	False	False	16566	0.9	4000	position_bootstrap	mtDNA_position	False	paired nonparametric bootstrap of whole mtDNA positions
vus_low	pathogenic	A[T>C]G	2.2399256085383425e-05	2.3887159398420045e-05	-1.1563515227701216e-05	5.186184928674977e-05	1.9291056224982327e-05	1.1611212897910645	0.2316920769807548	centered_position_bootstrap	0.3219620626758204	False	False	16566	0.9	4000	position_bootstrap	mtDNA_position	False	paired nonparametric bootstrap of whole mtDNA positions
vus_low	pathogenic	A[T>C]T	-1.0868410972757471e-05	-6.6125281959631405e-06	-8.694280503688346e-05	5.051386235234386e-05	4.3296868642990674e-05	-0.2510207161255519	0.7980504873781554	centered_position_bootstrap	0.8304234101902331	False	False	16566	0.9	4000	position_bootstrap	mtDNA_position	False	paired nonparametric bootstrap of whole mtDNA positions
vus_low	pathogenic	C[T>C]A	-6.172974574911917e-05	-5.568680644987218e-05	-0.00014299195351821992	1.8264331098105433e-06	4.4928775566943696e-05	-1.3739467628522861	0.15896025993501625	centered_position_bootstrap	0.23659201478700093	False	False	16566	0.9	4000	position_bootstrap	mtDNA_position	False	paired nonparametric bootstrap of whole mtDNA positions
vus_low	pathogenic	C[T>C]C	-8.714245565586913e-06	-6.985453933939301e-06	-4.941864220630169e-05	2.6657514824317162e-05	2.3333706952764034e-05	-0.37346168713045624	0.7035741064733817	centered_position_bootstrap	0.7463327538281176	False	False	16566	0.9	4000	position_bootstrap	mtDNA_position	False	paired nonparametric bootstrap of whole mtDNA positions
vus_low	pathogenic	C[T>C]G	1.2585056890750148e-05	1.264012113830429e-05	8.336275851272542e-06	1.7910269450369538e-05	2.9733538664237303e-06	4.232613222686177	0.0007498125468632841	centered_position_bootstrap	0.002879280179955011	True	True	16566	0.9	4000	position_bootstrap	mtDNA_position	False	paired nonparametric bootstrap of whole mtDNA positions
vus_low	pathogenic	C[T>C]T	-4.909785656224703e-05	-3.8247474594547826e-05	-0.00028324244144476454	0.0001384030460109947	0.00013007828608391873	-0.3774485199672144	0.7133216695826043	centered_position_bootstrap	0.7525151679113189	False	False	16566	0.9	4000	position_bootstrap	mtDNA_position	False	paired nonparametric bootstrap of whole mtDNA positions
vus_low	pathogenic	G[T>C]A	0.00027743142478744884	0.0002691609135604996	-1.8105357177593233e-06	0.0008353089423510391	0.0002832823729276369	0.979345879944028	0.2361909522619345	centered_position_bootstrap	0.3219620626758204	False	False	16566	0.9	4000	position_bootstrap	mtDNA_position	False	paired nonparametric bootstrap of whole mtDNA positions
vus_low	pathogenic	G[T>C]C	0.000956265516276563	0.0009315148882968268	5.164657305745257e-05	0.0027279504236068877	0.0008919928828908867	1.0720550966476023	0.14596350912271933	centered_position_bootstrap	0.22419995001249687	True	False	16566	0.9	4000	position_bootstrap	mtDNA_position	False	paired nonparametric bootstrap of whole mtDNA positions
vus_low	pathogenic	G[T>C]G	9.235310139024429e-05	8.72435949777833e-05	7.739539680571713e-06	0.00020884513562549777	6.24758867997354e-05	1.4782199360575612	0.08697825543614096	centered_position_bootstrap	0.1590459527975149	True	False	16566	0.9	4000	position_bootstrap	mtDNA_position	False	paired nonparametric bootstrap of whole mtDNA positions
vus_low	pathogenic	G[T>C]T	4.4396773688317846e-05	4.3618309321265e-05	-4.8164303128616414e-05	0.0001366669039421787	5.649320511339395e-05	0.7858781175400479	0.4128967758060485	centered_position_bootstrap	0.5147803958101385	False	False	16566	0.9	4000	position_bootstrap	mtDNA_position	False	paired nonparametric bootstrap of whole mtDNA positions
vus_low	pathogenic	T[T>C]A	3.31412649177286e-05	3.0830790503751394e-05	-3.6007862856451276e-07	7.635816036467585e-05	2.4224590326633073e-05	1.3680836072299778	0.15021244688827792	centered_position_bootstrap	0.22889515716309014	False	False	16566	0.9	4000	position_bootstrap	mtDNA_position	False	paired nonparametric bootstrap of whole mtDNA positions
vus_low	pathogenic	T[T>C]C	1.4262383466611493e-05	1.4150400707411944e-05	4.373896393354183e-07	3.0234535183602352e-05	9.063432287478017e-06	1.5736183615909303	0.11922019495126218	centered_position_bootstrap	0.197329977850365	True	False	16566	0.9	4000	position_bootstrap	mtDNA_position	False	paired nonparametric bootstrap of whole mtDNA positions
vus_low	pathogenic	T[T>C]G	8.106940946789911e-05	7.584643781151436e-05	1.7286312445725647e-05	0.00019259092841267136	5.601089677853072e-05	1.4473863860536056	0.0854786303424144	centered_position_bootstrap	0.15780670217061118	True	False	16566	0.9	4000	position_bootstrap	mtDNA_position	False	paired nonparametric bootstrap of whole mtDNA positions
vus_low	pathogenic	T[T>C]T	-1.0143850241240306e-05	-8.36843202609783e-06	-4.6713026368614105e-05	1.866425417744297e-05	2.0680005930531052e-05	-0.4905148613262422	0.6178455386153462	centered_position_bootstrap	0.6948662834291427	False	False	16566	0.9	4000	position_bootstrap	mtDNA_position	False	paired nonparametric bootstrap of whole mtDNA positions
vus_low	pathogenic	T[A>G]T	-0.000782765114247304	-0.0007403489987084892	-0.0019512644083581974	-8.661330365723895e-05	0.0006215178169935975	-1.259441150108441	0.11347163209197701	centered_position_bootstrap	0.19111011720754023	True	False	16566	0.9	4000	position_bootstrap	mtDNA_position	False	paired nonparametric bootstrap of whole mtDNA positions
vus_low	pathogenic	G[A>G]T	6.090701421904896e-05	5.7697059705512724e-05	-4.681037138019109e-06	0.00017235666646324833	5.9039264065076176e-05	1.0316357289263303	0.2654336415896026	centered_position_bootstrap	0.35391152211947013	False	False	16566	0.9	4000	position_bootstrap	mtDNA_position	False	paired nonparametric bootstrap of whole mtDNA positions
vus_low	pathogenic	C[A>G]T	-0.0007671593970485608	-0.0007115894226828417	-0.001680159265031537	-0.00015130668539490934	0.0004871451202221396	-1.5748066955874132	0.07448137965508622	centered_position_bootstrap	0.14300424893776553	True	False	16566	0.9	4000	position_bootstrap	mtDNA_position	False	paired nonparametric bootstrap of whole mtDNA positions
vus_low	pathogenic	A[A>G]T	-0.0026038367459188336	-0.002467369452950865	-0.005319326572835924	-0.0006073054895315001	0.0014849684536043237	-1.7534626675730294	0.057485628592851785	centered_position_bootstrap	0.11497125718570357	True	False	16566	0.9	4000	position_bootstrap	mtDNA_position	False	paired nonparametric bootstrap of whole mtDNA positions
vus_low	pathogenic	T[A>G]G	0.00016031083889378635	0.00015342993791983035	8.25939114242052e-06	0.0004641567900314428	0.00015551351602101883	1.0308482696264107	0.15246188452886777	centered_position_bootstrap	0.23049355771293395	True	False	16566	0.9	4000	position_bootstrap	mtDNA_position	False	paired nonparametric bootstrap of whole mtDNA positions
vus_low	pathogenic	G[A>G]G	0.00010659748537044011	9.895868836572211e-05	1.660081755896212e-05	0.0002547462094530655	7.574584480650883e-05	1.407304725991784	0.09647588102974257	centered_position_bootstrap	0.1683942650700961	True	False	16566	0.9	4000	position_bootstrap	mtDNA_position	False	paired nonparametric bootstrap of whole mtDNA positions
vus_low	pathogenic	C[A>G]G	1.7270893073072782e-05	1.5396863863656904e-05	-1.1483129452989904e-05	5.147611401925811e-05	1.9500480138986966e-05	0.8856650169624998	0.3461634591352162	centered_position_bootstrap	0.4401548619467649	False	False	16566	0.9	4000	position_bootstrap	mtDNA_position	False	paired nonparametric bootstrap of whole mtDNA positions
vus_low	pathogenic	A[A>G]G	0.0001033428384484338	9.563450867611258e-05	1.945399451435258e-05	0.00023002846008529244	6.629027541934932e-05	1.5589441708409209	0.08147963009247688	centered_position_bootstrap	0.15188435900733555	True	False	16566	0.9	4000	position_bootstrap	mtDNA_position	False	paired nonparametric bootstrap of whole mtDNA positions
vus_low	pathogenic	T[A>G]C	-0.0022767583779379815	-0.0021622351262622994	-0.004604625174424653	-0.0005659642635171463	0.0012254799425127133	-1.8578503808636282	0.05573606598350413	centered_position_bootstrap	0.11497125718570357	True	False	16566	0.9	4000	position_bootstrap	mtDNA_position	False	paired nonparametric bootstrap of whole mtDNA positions
vus_low	pathogenic	G[A>G]C	2.5812476060299e-05	1.7488507931816747e-05	-0.00014065961788122523	0.000217960743037092	0.00011026822284651419	0.23408807536717263	0.8052986753311672	centered_position_bootstrap	0.8304234101902331	False	False	16566	0.9	4000	position_bootstrap	mtDNA_position	False	paired nonparametric bootstrap of whole mtDNA positions
vus_low	pathogenic	C[A>G]C	-0.0010332997741122364	-0.000976130426393746	-0.0020899683266997005	-0.00026599425492839174	0.0005633290806327908	-1.8342738012948396	0.055236190952261933	centered_position_bootstrap	0.11497125718570357	True	False	16566	0.9	4000	position_bootstrap	mtDNA_position	False	paired nonparametric bootstrap of whole mtDNA positions
vus_low	pathogenic	A[A>G]C	-0.005915516552239982	-0.005621212844081881	-0.017351499437235518	0.0005293433385827693	0.00598245911190218	-0.988810193532453	0.35291177205698576	centered_position_bootstrap	0.4457832910193505	False	False	16566	0.9	4000	position_bootstrap	mtDNA_position	False	paired nonparametric bootstrap of whole mtDNA positions
vus_low	pathogenic	T[A>G]A	0.022915034378458543	0.02211479959016667	2.8241959151679883e-05	0.06600150859784731	0.022419673266016116	1.0220949300449127	0.16070982254436392	centered_position_bootstrap	0.23735604560398363	True	False	16566	0.9	4000	position_bootstrap	mtDNA_position	False	paired nonparametric bootstrap of whole mtDNA positions
vus_low	pathogenic	G[A>G]A	1.6437795700090905e-05	1.6569745520825124e-05	1.2353972088058752e-05	2.151015159185038e-05	2.806112902258029e-06	5.85785257851304	0.00024993751562109475	centered_position_bootstrap	0.0015996000999750064	True	True	16566	0.9	4000	position_bootstrap	mtDNA_position	False	paired nonparametric bootstrap of whole mtDNA positions
vus_low	pathogenic	C[A>G]A	3.984773319771715e-06	6.1620177641281215e-06	-3.480344316904538e-05	3.1660816688083377e-05	2.081298586889592e-05	0.19145611037610807	0.8375406148462884	centered_position_bootstrap	0.850834910320039	False	False	16566	0.9	4000	position_bootstrap	mtDNA_position	False	paired nonparametric bootstrap of whole mtDNA positions
vus_low	pathogenic	A[A>G]A	-0.0015854894386336386	-0.0015188473474037755	-0.004756647688497894	5.0457252460278175e-05	0.0016477323826173634	-0.9622250890737158	0.4468882779305174	centered_position_bootstrap	0.5362659335166209	False	False	16566	0.9	4000	position_bootstrap	mtDNA_position	False	paired nonparametric bootstrap of whole mtDNA positions
vus_low	pathogenic	A[T>G]A	2.9121101171024806e-06	2.892928961664136e-06	1.6361232854522813e-06	4.420118637908272e-06	8.531045320793053e-07	3.4135443050626866	0.003749062734316421	centered_position_bootstrap	0.010906364318011407	True	True	16566	0.9	4000	position_bootstrap	mtDNA_position	False	paired nonparametric bootstrap of whole mtDNA positions
vus_low	pathogenic	A[T>G]C	1.179998905613668e-06	1.5717978956027042e-06	-7.217138846266891e-06	8.757127525913192e-06	4.988134319656441e-06	0.23656117297477683	0.8087978005498625	centered_position_bootstrap	0.8304234101902331	False	False	16566	0.9	4000	position_bootstrap	mtDNA_position	False	paired nonparametric bootstrap of whole mtDNA positions
vus_low	pathogenic	A[T>G]G	9.599681179450042e-06	9.601501529545126e-06	6.788481211368838e-06	1.320452625696371e-05	1.9693812849623396e-06	4.874465525162953	0.00024993751562109475	centered_position_bootstrap	0.0015996000999750064	True	True	16566	0.9	4000	position_bootstrap	mtDNA_position	False	paired nonparametric bootstrap of whole mtDNA positions
vus_low	pathogenic	A[T>G]T	3.4032397995503206e-06	3.4402343813765652e-06	1.4160103526128562e-06	5.697560400699381e-06	1.3140289887077375e-06	2.589927489268853	0.011247188202949263	centered_position_bootstrap	0.02804493681774362	True	True	16566	0.9	4000	position_bootstrap	mtDNA_position	False	paired nonparametric bootstrap of whole mtDNA positions
vus_low	pathogenic	C[T>G]A	7.01644026652624e-06	7.045434470673242e-06	5.11250629085212e-06	9.4197735336109e-06	1.3388248221704671e-06	5.240745578014735	0.00024993751562109475	centered_position_bootstrap	0.0015996000999750064	True	True	16566	0.9	4000	position_bootstrap	mtDNA_position	False	paired nonparametric bootstrap of whole mtDNA positions
vus_low	pathogenic	C[T>G]C	1.5759805810103986e-06	1.5667126223704516e-06	-3.3058629773154425e-06	6.7807472650282324e-06	3.0732882347573438e-06	0.512799470998799	0.588602849287678	centered_position_bootstrap	0.6767170482828394	False	False	16566	0.9	4000	position_bootstrap	mtDNA_position	False	paired nonparametric bootstrap of whole mtDNA positions
vus_low	pathogenic	C[T>G]G	1.0068045512600119e-05	1.0131311318033762e-05	6.718238132041936e-06	1.4308814601216772e-05	2.3254627930592534e-06	4.3294803695204	0.0007498125468632841	centered_position_bootstrap	0.002879280179955011	True	True	16566	0.9	4000	position_bootstrap	mtDNA_position	False	paired nonparametric bootstrap of whole mtDNA positions
vus_low	pathogenic	C[T>G]T	5.3141209455608575e-06	5.288644498683839e-06	3.0662569042181094e-06	7.87286638107376e-06	1.4451694894223481e-06	3.677161041979219	0.0012496875781054736	centered_position_bootstrap	0.004443333611041684	True	True	16566	0.9	4000	position_bootstrap	mtDNA_position	False	paired nonparametric bootstrap of whole mtDNA positions
vus_low	pathogenic	G[T>G]A	1.1915612247759149e-05	1.20086699978251e-05	8.564893095997528e-06	1.639577424909643e-05	2.355848925838311e-06	5.057884704350925	0.00024993751562109475	centered_position_bootstrap	0.0015996000999750064	True	True	16566	0.9	4000	position_bootstrap	mtDNA_position	False	paired nonparametric bootstrap of whole mtDNA positions
vus_low	pathogenic	G[T>G]C	-4.897228659661468e-06	-3.815685565107062e-06	-2.51522750254406e-05	1.0799599947982022e-05	1.0917306515481618e-05	-0.44857480668119043	0.6863284178955261	centered_position_bootstrap	0.7320836457552278	False	False	16566	0.9	4000	position_bootstrap	mtDNA_position	False	paired nonparametric bootstrap of whole mtDNA positions
vus_low	pathogenic	G[T>G]G	9.06268751960341e-06	9.040518626273424e-06	5.32903596378016e-06	1.3472720924919982e-05	2.4701275440252008e-06	3.6689148062513772	0.0012496875781054736	centered_position_bootstrap	0.004443333611041684	True	True	16566	0.9	4000	position_bootstrap	mtDNA_position	False	paired nonparametric bootstrap of whole mtDNA positions
vus_low	pathogenic	G[T>G]T	7.947570598526036e-06	7.91847845802046e-06	4.428315823599755e-06	1.1962451573729626e-05	2.2932454225624533e-06	3.465643284548885	0.0032491877030742314	centered_position_bootstrap	0.009597600599850037	True	True	16566	0.9	4000	position_bootstrap	mtDNA_position	False	paired nonparametric bootstrap of whole mtDNA positions
vus_low	pathogenic	T[T>G]A	6.936543819989707e-06	6.903758173489761e-06	4.989060051218878e-06	9.339891423554396e-06	1.3362977736412991e-06	5.190866853791284	0.00024993751562109475	centered_position_bootstrap	0.0015996000999750064	True	True	16566	0.9	4000	position_bootstrap	mtDNA_position	False	paired nonparametric bootstrap of whole mtDNA positions
vus_low	pathogenic	T[T>G]C	4.876028535593672e-06	5.0705377503463364e-06	3.7063213217217886e-07	8.821180463935032e-06	2.6079824520307974e-06	1.8696554234085359	0.057485628592851785	centered_position_bootstrap	0.11497125718570357	True	False	16566	0.9	4000	position_bootstrap	mtDNA_position	False	paired nonparametric bootstrap of whole mtDNA positions
vus_low	pathogenic	T[T>G]G	8.609140828449463e-06	8.640706158565864e-06	5.980176571684638e-06	1.192215388384333e-05	1.7894881413637954e-06	4.8109515952915505	0.0004998750312421895	centered_position_bootstrap	0.002232000139500009	True	True	16566	0.9	4000	position_bootstrap	mtDNA_position	False	paired nonparametric bootstrap of whole mtDNA positions
vus_low	pathogenic	T[T>G]T	6.8503923707077415e-06	6.8543732859070515e-06	4.643982029723184e-06	9.652665977026273e-06	1.5254398560176354e-06	4.49076529873266	0.00024993751562109475	centered_position_bootstrap	0.0015996000999750064	True	True	16566	0.9	4000	position_bootstrap	mtDNA_position	False	paired nonparametric bootstrap of whole mtDNA positions
vus_low	pathogenic	T[A>C]T	4.209637969062537e-06	3.788843479010825e-06	-1.3822551089857654e-06	1.2542564254555592e-05	4.348165867375025e-06	0.9681410731472125	0.3319170207448138	centered_position_bootstrap	0.42485378655336165	False	False	16566	0.9	4000	position_bootstrap	mtDNA_position	False	paired nonparametric bootstrap of whole mtDNA positions
vus_low	pathogenic	G[A>C]T	8.621540825527477e-06	8.609365447554591e-06	5.262145078796165e-06	1.2590199185890173e-05	2.2453290602828085e-06	3.8397671762381047	0.0017495626093476631	centered_position_bootstrap	0.005893263526223707	True	True	16566	0.9	4000	position_bootstrap	mtDNA_position	False	paired nonparametric bootstrap of whole mtDNA positions
vus_low	pathogenic	C[A>C]T	-9.619846347212291e-06	-8.99519215970367e-06	-2.0352747271657745e-05	-2.457933015531087e-06	5.498162465863558e-06	-1.7496475244118435	0.0667333166708323	centered_position_bootstrap	0.13074282449795716	True	False	16566	0.9	4000	position_bootstrap	mtDNA_position	False	paired nonparametric bootstrap of whole mtDNA positions
vus_low	pathogenic	A[A>C]T	-3.1975494819950804e-06	-3.10016969813721e-06	-6.028054153869754e-06	-7.680362224790752e-07	1.594191905969603e-06	-2.005749414497435	0.052236940764808795	centered_position_bootstrap	0.1102142046905856	True	False	16566	0.9	4000	position_bootstrap	mtDNA_position	False	paired nonparametric bootstrap of whole mtDNA positions
vus_low	pathogenic	T[A>C]G	6.482662398400796e-06	6.495918307679391e-06	4.655472904198903e-06	8.817275524977852e-06	1.271266307983388e-06	5.099374031774865	0.00024993751562109475	centered_position_bootstrap	0.0015996000999750064	True	True	16566	0.9	4000	position_bootstrap	mtDNA_position	False	paired nonparametric bootstrap of whole mtDNA positions
vus_low	pathogenic	G[A>C]G	9.977104542060897e-06	9.95674866004688e-06	6.876530239479724e-06	1.378632084232367e-05	2.1277676483564515e-06	4.689000958242549	0.0004998750312421895	centered_position_bootstrap	0.002232000139500009	True	True	16566	0.9	4000	position_bootstrap	mtDNA_position	False	paired nonparametric bootstrap of whole mtDNA positions
vus_low	pathogenic	C[A>C]G	7.509083944814254e-06	7.510460878259756e-06	5.126205069455872e-06	1.0389119661712598e-05	1.5964032167161893e-06	4.703751449624665	0.0004998750312421895	centered_position_bootstrap	0.002232000139500009	True	True	16566	0.9	4000	position_bootstrap	mtDNA_position	False	paired nonparametric bootstrap of whole mtDNA positions
vus_low	pathogenic	A[A>C]G	1.1337973283011622e-05	1.1360562224682452e-05	8.261727828871066e-06	1.5206846670420692e-05	2.0972135378756393e-06	5.40620832273301	0.00024993751562109475	centered_position_bootstrap	0.0015996000999750064	True	True	16566	0.9	4000	position_bootstrap	mtDNA_position	False	paired nonparametric bootstrap of whole mtDNA positions
vus_low	pathogenic	T[A>C]C	4.229017056832204e-06	4.251087323400575e-06	2.2586528637973717e-06	6.438737655933174e-06	1.2731530250537401e-06	3.321687946076785	0.002749312671832042	centered_position_bootstrap	0.008653574311340199	True	True	16566	0.9	4000	position_bootstrap	mtDNA_position	False	paired nonparametric bootstrap of whole mtDNA positions
vus_low	pathogenic	G[A>C]C	1.2202261410323165e-05	1.2235509796643584e-05	8.741188704089333e-06	1.6563659093203335e-05	2.412872958715248e-06	5.057150384254109	0.0007498125468632841	centered_position_bootstrap	0.002879280179955011	True	True	16566	0.9	4000	position_bootstrap	mtDNA_position	False	paired nonparametric bootstrap of whole mtDNA positions
vus_low	pathogenic	C[A>C]C	1.0676422670352017e-06	1.1512834722606647e-06	-1.6844824981740491e-06	3.522684402049899e-06	1.5718630019542718e-06	0.6792209408248806	0.4943764058985254	centered_position_bootstrap	0.5859275921760301	False	False	16566	0.9	4000	position_bootstrap	mtDNA_position	False	paired nonparametric bootstrap of whole mtDNA positions
vus_low	pathogenic	A[A>C]C	2.6818156945765184e-06	2.7427240996192343e-06	-8.495501253058551e-08	5.442808611119859e-06	1.6539358248553179e-06	1.6214750622570964	0.11247188202949263	centered_position_bootstrap	0.1911026668111733	False	False	16566	0.9	4000	position_bootstrap	mtDNA_position	False	paired nonparametric bootstrap of whole mtDNA positions
vus_low	pathogenic	T[A>C]A	4.7632248903672505e-06	4.776374698256971e-06	3.2648847875005353e-06	6.648228048909017e-06	1.0343954066875329e-06	4.6048395609379495	0.00024993751562109475	centered_position_bootstrap	0.0015996000999750064	True	True	16566	0.9	4000	position_bootstrap	mtDNA_position	False	paired nonparametric bootstrap of whole mtDNA positions
vus_low	pathogenic	G[A>C]A	1.569062316826859e-05	1.5871938777556374e-05	1.2064524612243405e-05	2.039706310685511e-05	2.5543579298215853e-06	6.142687751424302	0.00024993751562109475	centered_position_bootstrap	0.0015996000999750064	True	True	16566	0.9	4000	position_bootstrap	mtDNA_position	False	paired nonparametric bootstrap of whole mtDNA positions
vus_low	pathogenic	C[A>C]A	6.995490939154789e-06	6.999375979573543e-06	4.952882280130069e-06	9.48449667894585e-06	1.3902838039617784e-06	5.03169994444322	0.00024993751562109475	centered_position_bootstrap	0.0015996000999750064	True	True	16566	0.9	4000	position_bootstrap	mtDNA_position	False	paired nonparametric bootstrap of whole mtDNA positions
vus_low	pathogenic	A[A>C]A	9.041550056000836e-06	9.031911831620686e-06	6.846798157357702e-06	1.1828940721812359e-05	1.5312203064939238e-06	5.9048002548395635	0.00024993751562109475	centered_position_bootstrap	0.0015996000999750064	True	True	16566	0.9	4000	position_bootstrap	mtDNA_position	False	paired nonparametric bootstrap of whole mtDNA positions
vus_high	pathogenic	A[C>A]A	4.063739546605361e-06	4.039559770474792e-06	2.4559547090809486e-06	5.9227562925012035e-06	1.058456273780779e-06	3.8393079121632354	0.0007498125468632841	centered_position_bootstrap	0.002768538634572126	True	True	16566	0.9	4000	position_bootstrap	mtDNA_position	False	paired nonparametric bootstrap of whole mtDNA positions
vus_high	pathogenic	A[C>A]C	4.048237644667305e-06	3.984346375191239e-06	2.23172743590148e-06	6.218431406797633e-06	1.2283486971842221e-06	3.2956746353435245	0.003749062734316421	centered_position_bootstrap	0.009597600599850037	True	True	16566	0.9	4000	position_bootstrap	mtDNA_position	False	paired nonparametric bootstrap of whole mtDNA positions
vus_high	pathogenic	A[C>A]G	1.6045051164133023e-06	1.5361889041050022e-06	-3.7267013344535343e-07	3.8065782582896313e-06	1.2749242264880338e-06	1.2585101789407105	0.22144463884028992	centered_position_bootstrap	0.28344913771557106	False	False	16566	0.9	4000	position_bootstrap	mtDNA_position	False	paired nonparametric bootstrap of whole mtDNA positions
vus_high	pathogenic	A[C>A]T	3.360843197806892e-06	3.1690192626206103e-06	1.0248467991299922e-06	6.606193145389456e-06	1.7345935836576393e-06	1.937539276906624	0.048237940514871284	centered_position_bootstrap	0.08124284718294111	True	False	16566	0.9	4000	position_bootstrap	mtDNA_position	False	paired nonparametric bootstrap of whole mtDNA positions
vus_high	pathogenic	C[C>A]A	6.3606358120779554e-06	6.367018514932685e-06	4.510753309465988e-06	8.478816481176266e-06	1.2047581928070753e-06	5.2795953993537355	0.00024993751562109475	centered_position_bootstrap	0.0017773334444166737	True	True	16566	0.9	4000	position_bootstrap	mtDNA_position	False	paired nonparametric bootstrap of whole mtDNA positions
vus_high	pathogenic	C[C>A]C	4.9575818297629326e-06	4.852584171272138e-06	2.8903083249458328e-06	7.5284197477482625e-06	1.4462949354438855e-06	3.427780674791197	0.0034991252186953262	centered_position_bootstrap	0.009078811378236523	True	True	16566	0.9	4000	position_bootstrap	mtDNA_position	False	paired nonparametric bootstrap of whole mtDNA positions
vus_high	pathogenic	C[C>A]G	1.3154599611353438e-05	1.2639289445402327e-05	1.0689858178213528e-06	3.518433131680504e-05	1.1099122322515725e-05	1.1851927773305069	0.1367158210447388	centered_position_bootstrap	0.2003773865693882	True	False	16566	0.9	4000	position_bootstrap	mtDNA_position	False	paired nonparametric bootstrap of whole mtDNA positions
vus_high	pathogenic	C[C>A]T	8.390832438334111e-05	8.120327361162233e-05	1.7358547168451284e-06	0.00025374351126415424	8.620857402280055e-05	0.9733176233856847	0.17195701074731318	centered_position_bootstrap	0.2292760143297509	True	False	16566	0.9	4000	position_bootstrap	mtDNA_position	False	paired nonparametric bootstrap of whole mtDNA positions
vus_high	pathogenic	G[C>A]A	8.178210236926416e-06	8.169200037895525e-06	5.085064182891758e-06	1.1893371487961813e-05	2.0698512412341694e-06	3.9511101445387338	0.0007498125468632841	centered_position_bootstrap	0.002768538634572126	True	True	16566	0.9	4000	position_bootstrap	mtDNA_position	False	paired nonparametric bootstrap of whole mtDNA positions
vus_high	pathogenic	G[C>A]C	7.964179941469664e-06	7.981767466856764e-06	5.307477389933445e-06	1.1117323457813895e-05	1.787046406760721e-06	4.456616185981363	0.00024993751562109475	centered_position_bootstrap	0.0017773334444166737	True	True	16566	0.9	4000	position_bootstrap	mtDNA_position	False	paired nonparametric bootstrap of whole mtDNA positions
vus_high	pathogenic	G[C>A]G	7.3859842080140205e-06	7.319389981230677e-06	3.4821319257625454e-06	1.1915509276592428e-05	2.5988515320966847e-06	2.8420185288750233	0.006248437890527368	centered_position_bootstrap	0.01411411852919123	True	True	16566	0.9	4000	position_bootstrap	mtDNA_position	False	paired nonparametric bootstrap of whole mtDNA positions
vus_high	pathogenic	G[C>A]T	6.937740601187083e-06	6.9987997803539025e-06	4.424793219908279e-06	1.0186219383543816e-05	1.7321876541231893e-06	4.005189960032868	0.000999750062484379	centered_position_bootstrap	0.0033675791578421186	True	True	16566	0.9	4000	position_bootstrap	mtDNA_position	False	paired nonparametric bootstrap of whole mtDNA positions
vus_high	pathogenic	T[C>A]A	3.6211318515601733e-06	3.6006242774726865e-06	2.449048222260888e-06	5.009199223990483e-06	7.909521030700635e-07	4.578193594156748	0.00024993751562109475	centered_position_bootstrap	0.0017773334444166737	True	True	16566	0.9	4000	position_bootstrap	mtDNA_position	False	paired nonparametric bootstrap of whole mtDNA positions
vus_high	pathogenic	T[C>A]C	3.1908288717341084e-07	6.804615134465191e-07	-5.620942612656434e-06	4.581479976190491e-06	3.2053503645076398e-06	0.09954696082729908	0.9117720569857536	centered_position_bootstrap	0.9213696575856036	False	False	16566	0.9	4000	position_bootstrap	mtDNA_position	False	paired nonparametric bootstrap of whole mtDNA positions
vus_high	pathogenic	T[C>A]G	7.602947494124432e-05	7.276484495771885e-05	4.261198988458853e-06	0.00021532498358341087	7.126404522648577e-05	1.0668700422437913	0.14896275931017244	centered_position_bootstrap	0.21030036608494934	True	False	16566	0.9	4000	position_bootstrap	mtDNA_position	False	paired nonparametric bootstrap of whole mtDNA positions
vus_high	pathogenic	T[C>A]T	4.131211231774833e-06	4.026163214621255e-06	1.9281844992942734e-06	7.109977916765526e-06	1.5860590440477066e-06	2.604702042637557	0.016495876030992253	centered_position_bootstrap	0.034056002128500136	True	True	16566	0.9	4000	position_bootstrap	mtDNA_position	False	paired nonparametric bootstrap of whole mtDNA positions
vus_high	pathogenic	T[G>T]T	7.936430185576041e-06	7.902093357689477e-06	4.74568882083436e-06	1.172094076956612e-05	2.118080703418879e-06	3.746991402530381	0.0012496875781054736	centered_position_bootstrap	0.0038700002418750154	True	True	16566	0.9	4000	position_bootstrap	mtDNA_position	False	paired nonparametric bootstrap of whole mtDNA positions
vus_high	pathogenic	G[G>T]T	1.16944749960222e-05	1.1679261404060945e-05	7.792111412419417e-06	1.6542993490009226e-05	2.639133370101362e-06	4.4311799958685105	0.00024993751562109475	centered_position_bootstrap	0.0017773334444166737	True	True	16566	0.9	4000	position_bootstrap	mtDNA_position	False	paired nonparametric bootstrap of whole mtDNA positions
vus_high	pathogenic	C[G>T]T	6.1011307051615815e-06	6.113106731338854e-06	2.301069960713484e-06	1.06083325460975e-05	2.5148835387685397e-06	2.4260092410279626	0.020994751312171957	centered_position_bootstrap	0.040717093453909246	True	True	16566	0.9	4000	position_bootstrap	mtDNA_position	False	paired nonparametric bootstrap of whole mtDNA positions
vus_high	pathogenic	A[G>T]T	8.045447083729559e-06	8.034730105950081e-06	5.308251651598531e-06	1.1395466773753454e-05	1.8644659252555995e-06	4.315148362192036	0.0004998750312421895	centered_position_bootstrap	0.002285142999964295	True	True	16566	0.9	4000	position_bootstrap	mtDNA_position	False	paired nonparametric bootstrap of whole mtDNA positions
vus_high	pathogenic	T[G>T]G	1.2695213863534891e-05	1.2762765774537108e-05	8.850634718386482e-06	1.7501403020251778e-05	2.666436468879788e-06	4.761116198230049	0.0004998750312421895	centered_position_bootstrap	0.002285142999964295	True	True	16566	0.9	4000	position_bootstrap	mtDNA_position	False	paired nonparametric bootstrap of whole mtDNA positions
vus_high	pathogenic	G[G>T]G	7.039766198263362e-06	7.072975309828508e-06	3.552820728935341e-06	1.1042734315593368e-05	2.2948570658600627e-06	3.067627305853583	0.0047488127968008	centered_position_bootstrap	0.011541418442857639	True	True	16566	0.9	4000	position_bootstrap	mtDNA_position	False	paired nonparametric bootstrap of whole mtDNA positions
vus_high	pathogenic	C[G>T]G	1.2515139908023756e-05	1.246927433618808e-05	7.4347175782936e-06	1.8897103285271637e-05	3.4551111613704294e-06	3.6222104943968785	0.0012496875781054736	centered_position_bootstrap	0.0038700002418750154	True	True	16566	0.9	4000	position_bootstrap	mtDNA_position	False	paired nonparametric bootstrap of whole mtDNA positions
vus_high	pathogenic	A[G>T]G	1.4978225953751838e-05	1.4992663637914636e-05	1.1030969442106523e-05	1.9905866695628968e-05	2.716342806654323e-06	5.514114756450893	0.00024993751562109475	centered_position_bootstrap	0.0017773334444166737	True	True	16566	0.9	4000	position_bootstrap	mtDNA_position	False	paired nonparametric bootstrap of whole mtDNA positions
vus_high	pathogenic	T[G>T]C	6.159795423480444e-06	6.1864521641940244e-06	3.275396715006443e-06	9.796976414092496e-06	1.9987299636563506e-06	3.0818547455065426	0.00424893776555861	centered_position_bootstrap	0.010594753908925364	True	True	16566	0.9	4000	position_bootstrap	mtDNA_position	False	paired nonparametric bootstrap of whole mtDNA positions
vus_high	pathogenic	G[G>T]C	1.140620346047735e-05	1.1504596236281925e-05	7.171055372619404e-06	1.64598704816881e-05	2.821839912483374e-06	4.042115716776883	0.0007498125468632841	centered_position_bootstrap	0.002768538634572126	True	True	16566	0.9	4000	position_bootstrap	mtDNA_position	False	paired nonparametric bootstrap of whole mtDNA positions
vus_high	pathogenic	C[G>T]C	4.312649562900079e-05	4.143094543453516e-05	7.652317966050086e-06	0.00010863167976537596	3.421515549970753e-05	1.2604500841555268	0.10772306923269183	centered_position_bootstrap	0.16529201033075064	True	False	16566	0.9	4000	position_bootstrap	mtDNA_position	False	paired nonparametric bootstrap of whole mtDNA positions
vus_high	pathogenic	A[G>T]C	8.94584007865958e-06	9.191384755013356e-06	3.214153076259685e-06	1.4269456263994881e-05	3.426118121361345e-06	2.6110717032444315	0.015996000999750064	centered_position_bootstrap	0.03338295860817404	True	True	16566	0.9	4000	position_bootstrap	mtDNA_position	False	paired nonparametric bootstrap of whole mtDNA positions
vus_high	pathogenic	T[G>T]A	1.1032303426030421e-05	1.1047983662035866e-05	7.543366766613056e-06	1.515706707197397e-05	2.337118017947449e-06	4.720473395570941	0.00024993751562109475	centered_position_bootstrap	0.0017773334444166737	True	True	16566	0.9	4000	position_bootstrap	mtDNA_position	False	paired nonparametric bootstrap of whole mtDNA positions
vus_high	pathogenic	G[G>T]A	9.171400237941072e-06	9.201337250568874e-06	4.97005209537075e-06	1.3926360485952538e-05	2.728715687453667e-06	3.3610684616613433	0.0024993751562109472	centered_position_bootstrap	0.006573699040993176	True	True	16566	0.9	4000	position_bootstrap	mtDNA_position	False	paired nonparametric bootstrap of whole mtDNA positions
vus_high	pathogenic	C[G>T]A	8.546924815235739e-06	8.602680832457704e-06	4.876685097641433e-06	1.2804742488773677e-05	2.4172044598226732e-06	3.535871688679055	0.0012496875781054736	centered_position_bootstrap	0.0038700002418750154	True	True	16566	0.9	4000	position_bootstrap	mtDNA_position	False	paired nonparametric bootstrap of whole mtDNA positions
vus_high	pathogenic	A[G>T]A	1.2372922409068943e-05	1.2417898524578376e-05	9.124326288901794e-06	1.669386509594723e-05	2.313940008588858e-06	5.347123245694902	0.00024993751562109475	centered_position_bootstrap	0.0017773334444166737	True	True	16566	0.9	4000	position_bootstrap	mtDNA_position	False	paired nonparametric bootstrap of whole mtDNA positions
vus_high	pathogenic	A[C>G]A	3.3570022341522547e-06	3.367296468225395e-06	2.2769099339381785e-06	4.687754895332402e-06	7.45938450970488e-07	4.500374300030646	0.0004998750312421895	centered_position_bootstrap	0.002285142999964295	True	True	16566	0.9	4000	position_bootstrap	mtDNA_position	False	paired nonparametric bootstrap of whole mtDNA positions
vus_high	pathogenic	A[C>G]C	3.571974392353504e-06	3.5533930820573817e-06	2.0615685745707135e-06	5.31753705275216e-06	9.898663500624085e-07	3.6085420947265257	0.001999500124968758	centered_position_bootstrap	0.0057299108058806196	True	True	16566	0.9	4000	position_bootstrap	mtDNA_position	False	paired nonparametric bootstrap of whole mtDNA positions
vus_high	pathogenic	A[C>G]G	2.5672081862612843e-06	2.525966782998844e-06	5.349111511164029e-07	4.845936651651565e-06	1.3207357274693785e-06	1.943771288129105	0.06473381654586353	centered_position_bootstrap	0.10622985279321197	True	False	16566	0.9	4000	position_bootstrap	mtDNA_position	False	paired nonparametric bootstrap of whole mtDNA positions
vus_high	pathogenic	A[C>G]T	8.642168222932008e-07	1.0354895952689064e-06	-1.614301581605962e-06	2.913667325393244e-06	1.4209379889532218e-06	0.6082016449780845	0.5588602849287678	centered_position_bootstrap	0.6238440389902524	False	False	16566	0.9	4000	position_bootstrap	mtDNA_position	False	paired nonparametric bootstrap of whole mtDNA positions
vus_high	pathogenic	C[C>G]A	6.095609319908041e-06	6.090072702200159e-06	4.369564129679127e-06	8.144302702893025e-06	1.141092389690596e-06	5.341906908660436	0.00024993751562109475	centered_position_bootstrap	0.0017773334444166737	True	True	16566	0.9	4000	position_bootstrap	mtDNA_position	False	paired nonparametric bootstrap of whole mtDNA positions
vus_high	pathogenic	C[C>G]C	4.230469828064369e-06	4.245664960837122e-06	2.8157984511918485e-06	5.921349130509638e-06	9.525947481689342e-07	4.440996379831115	0.0004998750312421895	centered_position_bootstrap	0.002285142999964295	True	True	16566	0.9	4000	position_bootstrap	mtDNA_position	False	paired nonparametric bootstrap of whole mtDNA positions
vus_high	pathogenic	C[C>G]G	1.6443249514191797e-06	1.6351667144440227e-06	-7.0292188451706e-07	4.0868100720954645e-06	1.4568724697867127e-06	1.1286677355224581	0.2781804548862784	centered_position_bootstrap	0.3401952059755761	False	False	16566	0.9	4000	position_bootstrap	mtDNA_position	False	paired nonparametric bootstrap of whole mtDNA positions
vus_high	pathogenic	C[C>G]T	2.48880623170927e-06	2.4787904536955846e-06	1.5096336941802424e-06	3.6783124654720042e-06	6.665041714701405e-07	3.734119512289907	0.0014996250937265683	centered_position_bootstrap	0.004429661815315402	True	True	16566	0.9	4000	position_bootstrap	mtDNA_position	False	paired nonparametric bootstrap of whole mtDNA positions
vus_high	pathogenic	G[C>G]A	7.434736579024015e-06	7.451325484681184e-06	4.677836025365628e-06	1.0589759217965195e-05	1.812481472781429e-06	4.101965559744282	0.00024993751562109475	centered_position_bootstrap	0.0017773334444166737	True	True	16566	0.9	4000	position_bootstrap	mtDNA_position	False	paired nonparametric bootstrap of whole mtDNA positions
vus_high	pathogenic	G[C>G]C	7.537527444605217e-06	7.606468364743636e-06	4.635165678057814e-06	1.074529085213242e-05	1.870226647665979e-06	4.030274862146769	0.0004998750312421895	centered_position_bootstrap	0.002285142999964295	True	True	16566	0.9	4000	position_bootstrap	mtDNA_position	False	paired nonparametric bootstrap of whole mtDNA positions
vus_high	pathogenic	G[C>G]G	6.770485524012852e-06	6.825841952664388e-06	1.7637825217111769e-06	1.2053808197916763e-05	3.185961294692321e-06	2.1250997415731945	0.03349162709322669	centered_position_bootstrap	0.060664079263203066	True	False	16566	0.9	4000	position_bootstrap	mtDNA_position	False	paired nonparametric bootstrap of whole mtDNA positions
vus_high	pathogenic	G[C>G]T	6.937740601187083e-06	6.9987997803539025e-06	4.424793219908279e-06	1.0186219383543816e-05	1.7321876541231893e-06	4.005189960032868	0.000999750062484379	centered_position_bootstrap	0.0033675791578421186	True	True	16566	0.9	4000	position_bootstrap	mtDNA_position	False	paired nonparametric bootstrap of whole mtDNA positions
vus_high	pathogenic	T[C>G]A	4.955233060029711e-06	4.942737051442373e-06	3.3788788864196576e-06	6.864350698546703e-06	1.0679360771143413e-06	4.640009047563216	0.00024993751562109475	centered_position_bootstrap	0.0017773334444166737	True	True	16566	0.9	4000	position_bootstrap	mtDNA_position	False	paired nonparametric bootstrap of whole mtDNA positions
vus_high	pathogenic	T[C>G]C	3.084467909342966e-06	3.0955033473440222e-06	1.4456529917104083e-06	4.990099770445003e-06	1.089497668873566e-06	2.8310917934611135	0.007248187953011747	centered_position_bootstrap	0.015814228261116538	True	True	16566	0.9	4000	position_bootstrap	mtDNA_position	False	paired nonparametric bootstrap of whole mtDNA positions
vus_high	pathogenic	T[C>G]G	5.63181295861069e-06	5.5707013658202104e-06	3.085922399427084e-06	8.65135059501169e-06	1.6926870444131985e-06	3.3271436543446007	0.0022494376405898524	centered_position_bootstrap	0.006169886099903595	True	True	16566	0.9	4000	position_bootstrap	mtDNA_position	False	paired nonparametric bootstrap of whole mtDNA positions
vus_high	pathogenic	T[C>G]T	3.0376553174814944e-06	3.0415975781505314e-06	1.6299963164748022e-06	4.701312719209745e-06	9.393411435325022e-07	3.2338148269094615	0.0024993751562109472	centered_position_bootstrap	0.006573699040993176	True	True	16566	0.9	4000	position_bootstrap	mtDNA_position	False	paired nonparametric bootstrap of whole mtDNA positions
vus_high	pathogenic	T[G>C]T	8.546924815235735e-06	8.478507184893482e-06	5.067402786012675e-06	1.2707620065087392e-05	2.3300524471811112e-06	3.668125507464767	0.000999750062484379	centered_position_bootstrap	0.0033675791578421186	True	True	16566	0.9	4000	position_bootstrap	mtDNA_position	False	paired nonparametric bootstrap of whole mtDNA positions
vus_high	pathogenic	G[G>C]T	1.7233963152032717e-05	1.643213726822356e-05	8.544976672064722e-06	3.0043010879516828e-05	6.710008186630456e-06	2.568396740017547	0.019245188702824295	centered_position_bootstrap	0.03849037740564859	True	True	16566	0.9	4000	position_bootstrap	mtDNA_position	False	paired nonparametric bootstrap of whole mtDNA positions
vus_high	pathogenic	C[G>C]T	6.1011307051615815e-06	6.113106731338854e-06	2.301069960713484e-06	1.06083325460975e-05	2.5148835387685397e-06	2.4260092410279626	0.020994751312171957	centered_position_bootstrap	0.040717093453909246	True	True	16566	0.9	4000	position_bootstrap	mtDNA_position	False	paired nonparametric bootstrap of whole mtDNA positions
vus_high	pathogenic	A[G>C]T	6.601392478957588e-06	6.654220466378315e-06	3.015387042560522e-06	1.0455903970430975e-05	2.2570296638113444e-06	2.924814230314596	0.00424893776555861	centered_position_bootstrap	0.010594753908925364	True	True	16566	0.9	4000	position_bootstrap	mtDNA_position	False	paired nonparametric bootstrap of whole mtDNA positions
vus_high	pathogenic	T[G>C]G	1.2695213863534891e-05	1.2762765774537108e-05	8.850634718386482e-06	1.7501403020251778e-05	2.666436468879788e-06	4.761116198230049	0.0004998750312421895	centered_position_bootstrap	0.002285142999964295	True	True	16566	0.9	4000	position_bootstrap	mtDNA_position	False	paired nonparametric bootstrap of whole mtDNA positions
vus_high	pathogenic	G[G>C]G	6.746442606669056e-06	6.736152249117549e-06	3.3428903511811414e-06	1.0576339084314448e-05	2.2262996432168293e-06	3.0303389874873146	0.005498625343664084	centered_position_bootstrap	0.012719711638355473	True	True	16566	0.9	4000	position_bootstrap	mtDNA_position	False	paired nonparametric bootstrap of whole mtDNA positions
vus_high	pathogenic	C[G>C]G	1.2515139908023756e-05	1.246927433618808e-05	7.4347175782936e-06	1.8897103285271637e-05	3.4551111613704294e-06	3.6222104943968785	0.0012496875781054736	centered_position_bootstrap	0.0038700002418750154	True	True	16566	0.9	4000	position_bootstrap	mtDNA_position	False	paired nonparametric bootstrap of whole mtDNA positions
vus_high	pathogenic	A[G>C]G	1.4978225953751838e-05	1.4992663637914636e-05	1.1030969442106523e-05	1.9905866695628968e-05	2.716342806654323e-06	5.514114756450893	0.00024993751562109475	centered_position_bootstrap	0.0017773334444166737	True	True	16566	0.9	4000	position_bootstrap	mtDNA_position	False	paired nonparametric bootstrap of whole mtDNA positions
vus_high	pathogenic	T[G>C]C	3.519883099131682e-06	3.9037620715135035e-06	-2.5359007728690532e-06	8.860376179845535e-06	3.5489918504288504e-06	0.9917980225021787	0.31842039490127466	centered_position_bootstrap	0.3845076466732373	False	False	16566	0.9	4000	position_bootstrap	mtDNA_position	False	paired nonparametric bootstrap of whole mtDNA positions
vus_high	pathogenic	G[G>C]C	2.0673743772115193e-05	2.0359255923900408e-05	1.1127107829397765e-05	3.29119146901093e-05	6.695298310107104e-06	3.0878002464664607	0.007248187953011747	centered_position_bootstrap	0.015814228261116538	True	True	16566	0.9	4000	position_bootstrap	mtDNA_position	False	paired nonparametric bootstrap of whole mtDNA positions
vus_high	pathogenic	C[G>C]C	1.4713745567541447e-05	1.3961590334605324e-05	7.507644174750979e-06	2.597587513412182e-05	5.751073854601541e-06	2.558434466246457	0.02124468882779305	centered_position_bootstrap	0.04078980254936265	True	True	16566	0.9	4000	position_bootstrap	mtDNA_position	False	paired nonparametric bootstrap of whole mtDNA positions
vus_high	pathogenic	A[G>C]C	1.3012131023504844e-05	1.2961068639822238e-05	8.626766908421893e-06	1.861454066595694e-05	3.0392208863705915e-06	4.281403527416464	0.0007498125468632841	centered_position_bootstrap	0.002768538634572126	True	True	16566	0.9	4000	position_bootstrap	mtDNA_position	False	paired nonparametric bootstrap of whole mtDNA positions
vus_high	pathogenic	T[G>C]A	1.1210243803869625e-05	1.1174225833885546e-05	7.472120916981209e-06	1.5748901470425043e-05	2.530616833381558e-06	4.429846374209817	0.00024993751562109475	centered_position_bootstrap	0.0017773334444166737	True	True	16566	0.9	4000	position_bootstrap	mtDNA_position	False	paired nonparametric bootstrap of whole mtDNA positions
vus_high	pathogenic	G[G>C]A	9.744612752812391e-06	9.744558961105798e-06	4.413705945170023e-06	1.5764684245451843e-05	3.4203814994324554e-06	2.8489841716280235	0.006748312921769558	centered_position_bootstrap	0.01506600094162506	True	True	16566	0.9	4000	position_bootstrap	mtDNA_position	False	paired nonparametric bootstrap of whole mtDNA positions
vus_high	pathogenic	C[G>C]A	3.052473148298445e-07	1.4664221820057914e-06	-1.4674682018196383e-05	1.1622256156597022e-05	8.228591831422228e-06	0.03709593586404511	0.9785053736565859	centered_position_bootstrap	0.9830042489377656	False	False	16566	0.9	4000	position_bootstrap	mtDNA_position	False	paired nonparametric bootstrap of whole mtDNA positions
vus_high	pathogenic	A[G>C]A	1.5999468632416734e-05	1.6041922169799477e-05	1.2007249431824805e-05	2.1203904683430187e-05	2.8126048143181162e-06	5.6884879635305685	0.00024993751562109475	centered_position_bootstrap	0.0017773334444166737	True	True	16566	0.9	4000	position_bootstrap	mtDNA_position	False	paired nonparametric bootstrap of whole mtDNA positions
vus_high	pathogenic	A[C>T]A	-4.6467978293791734e-05	-4.2483731664602595e-05	-0.00010815002838696219	3.5879732444552096e-09	3.422629240525393e-05	-1.357669061655613	0.15496125968507873	centered_position_bootstrap	0.21101107701797955	False	False	16566	0.9	4000	position_bootstrap	mtDNA_position	False	paired nonparametric bootstrap of whole mtDNA positions
vus_high	pathogenic	A[C>T]C	-4.921386940575939e-06	-4.957807088526155e-06	-1.8500665374369618e-05	7.039887245457248e-06	7.745050716687065e-06	-0.6354234621049784	0.5061234691327168	centered_position_bootstrap	0.5750041779495954	False	False	16566	0.9	4000	position_bootstrap	mtDNA_position	False	paired nonparametric bootstrap of whole mtDNA positions
vus_high	pathogenic	A[C>T]G	1.2836040931306415e-06	1.2656912972506558e-06	-8.232394855893453e-07	3.474981644022945e-06	1.3112427776816245e-06	0.978921764129866	0.34266433391652085	centered_position_bootstrap	0.41119720069982507	False	False	16566	0.9	4000	position_bootstrap	mtDNA_position	False	paired nonparametric bootstrap of whole mtDNA positions
vus_high	pathogenic	A[C>T]T	1.344337279122756e-06	1.3545899808411069e-06	-1.234905135694648e-06	3.921775223467294e-06	1.5720298602109307e-06	0.8551601424049137	0.3871532116970757	centered_position_bootstrap	0.4560332309560647	False	False	16566	0.9	4000	position_bootstrap	mtDNA_position	False	paired nonparametric bootstrap of whole mtDNA positions
vus_high	pathogenic	C[C>T]A	5.477214171511574e-06	5.411147026600555e-06	3.3580086805780932e-06	7.99887378013962e-06	1.4207532432677921e-06	3.855148103631107	0.0022494376405898524	centered_position_bootstrap	0.006169886099903595	True	True	16566	0.9	4000	position_bootstrap	mtDNA_position	False	paired nonparametric bootstrap of whole mtDNA positions
vus_high	pathogenic	C[C>T]C	4.46843375589299e-05	4.178903101913228e-05	3.041191234830351e-06	0.00011740494814600433	3.742968818711693e-05	1.193820726893204	0.1229692576855786	centered_position_bootstrap	0.1830240114390007	True	False	16566	0.9	4000	position_bootstrap	mtDNA_position	False	paired nonparametric bootstrap of whole mtDNA positions
vus_high	pathogenic	C[C>T]G	8.49567891566576e-06	7.66956033163019e-06	2.785495094731496e-07	2.003103018123157e-05	6.323575761383913e-06	1.343492864835462	0.14571357160709822	centered_position_bootstrap	0.20723707961898416	True	False	16566	0.9	4000	position_bootstrap	mtDNA_position	False	paired nonparametric bootstrap of whole mtDNA positions
vus_high	pathogenic	C[C>T]T	4.97761246341854e-07	8.884288343306025e-07	-6.909560688288281e-06	5.889618973581598e-06	4.036622574079288e-06	0.1233113171239172	0.9045238690327418	centered_position_bootstrap	0.9188813907634202	False	False	16566	0.9	4000	position_bootstrap	mtDNA_position	False	paired nonparametric bootstrap of whole mtDNA positions
vus_high	pathogenic	G[C>T]A	8.549947065877616e-06	8.34860777971902e-06	2.684635714442526e-06	1.5325379774688287e-05	3.902768266386842e-06	2.190739106781019	0.03199200199950013	centered_position_bootstrap	0.0590621575375387	True	False	16566	0.9	4000	position_bootstrap	mtDNA_position	False	paired nonparametric bootstrap of whole mtDNA positions
vus_high	pathogenic	G[C>T]C	-6.54200495192151e-05	-5.8091507768700604e-05	-0.00017573901675735633	5.7611242110621075e-06	5.784964564642894e-05	-1.1308634441610184	0.2324418895276181	centered_position_bootstrap	0.2936108078243597	False	False	16566	0.9	4000	position_bootstrap	mtDNA_position	False	paired nonparametric bootstrap of whole mtDNA positions
vus_high	pathogenic	G[C>T]G	-1.9080459204036233e-05	-6.865975836711617e-06	-0.00022570072664394086	0.00016460421769913243	0.0001187191768913205	-0.16071926797052444	0.860034991252187	centered_position_bootstrap	0.8877780554861285	False	False	16566	0.9	4000	position_bootstrap	mtDNA_position	False	paired nonparametric bootstrap of whole mtDNA positions
vus_high	pathogenic	G[C>T]T	0.00023078190058654677	0.00022235500777194873	2.8674386263800116e-06	0.0006599032334123452	0.00022443193585494	1.028293498906105	0.18170457385653588	centered_position_bootstrap	0.23732842299629173	True	False	16566	0.9	4000	position_bootstrap	mtDNA_position	False	paired nonparametric bootstrap of whole mtDNA positions
vus_high	pathogenic	T[C>T]A	1.2769254423922716e-05	1.2427652932288203e-05	5.983627335392022e-06	2.112666189023064e-05	4.588062880622571e-06	2.7831472140133373	0.009997500624843789	centered_position_bootstrap	0.021567641797415816	True	True	16566	0.9	4000	position_bootstrap	mtDNA_position	False	paired nonparametric bootstrap of whole mtDNA positions
vus_high	pathogenic	T[C>T]C	-7.626081003444506e-05	-7.020918924067465e-05	-0.00017434193358000115	4.660690167069797e-07	5.309143863198354e-05	-1.4364050400492205	0.14446388402899274	centered_position_bootstrap	0.20699302786243737	False	False	16566	0.9	4000	position_bootstrap	mtDNA_position	False	paired nonparametric bootstrap of whole mtDNA positions
vus_high	pathogenic	T[C>T]G	3.2539363760861766e-05	3.118668877581525e-05	2.428140403190249e-06	9.00528466747249e-05	2.953676483077907e-05	1.101656323814916	0.14071482129467633	centered_position_bootstrap	0.2046761037013474	True	False	16566	0.9	4000	position_bootstrap	mtDNA_position	False	paired nonparametric bootstrap of whole mtDNA positions
vus_high	pathogenic	T[C>T]T	4.374223657173352e-06	4.156420116585665e-06	1.8388267865110328e-06	8.059109020956075e-06	1.9038239666634754e-06	2.2975987978759123	0.027243189202699324	centered_position_bootstrap	0.051789032939784846	True	False	16566	0.9	4000	position_bootstrap	mtDNA_position	False	paired nonparametric bootstrap of whole mtDNA positions
vus_high	pathogenic	T[G>A]T	1.0073161389384976e-05	1.2271177119346172e-05	-2.6700499389654943e-05	4.437701029248039e-05	2.23702254140936e-05	0.4502932448342127	0.651587103224194	centered_position_bootstrap	0.7108222944263934	False	False	16566	0.9	4000	position_bootstrap	mtDNA_position	False	paired nonparametric bootstrap of whole mtDNA positions
vus_high	pathogenic	G[G>A]T	-4.6162401300087605e-06	-2.502736917893861e-06	-7.117006008887467e-05	3.993934681721613e-05	3.452146752627302e-05	-0.13372085432044595	0.8820294926268433	centered_position_bootstrap	0.9007960775763505	False	False	16566	0.9	4000	position_bootstrap	mtDNA_position	False	paired nonparametric bootstrap of whole mtDNA positions
vus_high	pathogenic	C[G>A]T	-0.0008715230553450044	-0.0008336899952378184	-0.002547415117501188	1.4488523114186235e-05	0.0008615106414076613	-1.0116219271778042	0.2889277680579855	centered_position_bootstrap	0.3511020978932482	False	False	16566	0.9	4000	position_bootstrap	mtDNA_position	False	paired nonparametric bootstrap of whole mtDNA positions
vus_high	pathogenic	A[G>A]T	7.199643672363118e-05	5.338319074187618e-05	-0.00014628809628653908	0.00036119152490018285	0.0001621517698233164	0.4440064811015005	0.6708322919270182	centered_position_bootstrap	0.7160876447554778	False	False	16566	0.9	4000	position_bootstrap	mtDNA_position	False	paired nonparametric bootstrap of whole mtDNA positions
vus_high	pathogenic	T[G>A]G	-3.781553065733798e-06	-5.044169066903267e-07	-5.07584418556959e-05	3.0135189103717272e-05	2.5473289777730055e-05	-0.14845169582453419	0.8687828042989253	centered_position_bootstrap	0.8920122910448859	False	False	16566	0.9	4000	position_bootstrap	mtDNA_position	False	paired nonparametric bootstrap of whole mtDNA positions
vus_high	pathogenic	G[G>A]G	9.973002114206431e-06	9.47098417839326e-06	1.7149744318403412e-06	2.0060199489112893e-05	5.6942058756916234e-06	1.7514298449904748	0.07023244188952762	centered_position_bootstrap	0.11331620876293533	True	False	16566	0.9	4000	position_bootstrap	mtDNA_position	False	paired nonparametric bootstrap of whole mtDNA positions
vus_high	pathogenic	C[G>A]G	6.928023877656008e-05	6.533459078906858e-05	1.0471443531202861e-05	0.00017591468200724066	5.5372862337012586e-05	1.2511587057736666	0.11222194451387153	centered_position_bootstrap	0.16965837280837273	True	False	16566	0.9	4000	position_bootstrap	mtDNA_position	False	paired nonparametric bootstrap of whole mtDNA positions
vus_high	pathogenic	A[G>A]G	-3.8344258441604716e-05	-3.0393537904386484e-05	-0.000260636697150028	0.00010793432941130933	0.00011363000734318393	-0.3374483495877798	0.7093226693326669	centered_position_bootstrap	0.7401627853906089	False	False	16566	0.9	4000	position_bootstrap	mtDNA_position	False	paired nonparametric bootstrap of whole mtDNA positions
vus_high	pathogenic	T[G>A]C	1.1439620072177967e-05	1.1009690504784653e-05	-2.5245002404034955e-05	5.313386266285176e-05	2.425926033646027e-05	0.471556836998236	0.6713321669582605	centered_position_bootstrap	0.7160876447554778	False	False	16566	0.9	4000	position_bootstrap	mtDNA_position	False	paired nonparametric bootstrap of whole mtDNA positions
vus_high	pathogenic	G[G>A]C	1.306960813179696e-05	1.1595583659249617e-05	-3.6495631344886366e-05	6.973789188835924e-05	3.290259601183335e-05	0.3972211836140985	0.670082479380155	centered_position_bootstrap	0.7160876447554778	False	False	16566	0.9	4000	position_bootstrap	mtDNA_position	False	paired nonparametric bootstrap of whole mtDNA positions
vus_high	pathogenic	C[G>A]C	3.171065855073588e-05	3.189833456310335e-05	-0.00011564525859191614	0.00016862819580919109	8.832003573240103e-05	0.3590426372427579	0.6968257935516121	centered_position_bootstrap	0.7310959145459537	False	False	16566	0.9	4000	position_bootstrap	mtDNA_position	False	paired nonparametric bootstrap of whole mtDNA positions
vus_high	pathogenic	A[G>A]C	-0.0001646847832662332	-0.0001476953803858819	-0.0005001108821514228	6.921343396870802e-05	0.00017936295705740793	-0.9181649654310908	0.3541614596350912	centered_position_bootstrap	0.41974691512307105	False	False	16566	0.9	4000	position_bootstrap	mtDNA_position	False	paired nonparametric bootstrap of whole mtDNA positions
vus_high	pathogenic	T[G>A]A	1.459111098281443e-05	1.3656511708740626e-05	5.210784952909269e-06	2.8865848681189316e-05	7.680337406018594e-06	1.8998007784632354	0.047988002999250184	centered_position_bootstrap	0.08124284718294111	True	False	16566	0.9	4000	position_bootstrap	mtDNA_position	False	paired nonparametric bootstrap of whole mtDNA positions
vus_high	pathogenic	G[G>A]A	4.356415113022009e-05	3.930006239211664e-05	-4.795659062335521e-06	0.00010878964753822794	3.573955586851603e-05	1.218933757612723	0.18695326168457885	centered_position_bootstrap	0.2409062163989204	False	False	16566	0.9	4000	position_bootstrap	mtDNA_position	False	paired nonparametric bootstrap of whole mtDNA positions
vus_high	pathogenic	C[G>A]A	0.015322194215199038	0.014781383167666334	-0.0001006767168187013	0.045550221668368016	0.015396846535393745	0.995151453901739	0.43214196450887277	centered_position_bootstrap	0.49982685051628656	False	False	16566	0.9	4000	position_bootstrap	mtDNA_position	False	paired nonparametric bootstrap of whole mtDNA positions
vus_high	pathogenic	A[G>A]A	0.0008669578736285548	0.0008395498362663827	-0.00011725526798852932	0.0027214202807633115	0.0009323174107418845	0.9298956167070608	0.422144463884029	centered_position_bootstrap	0.4912226488832337	False	False	16566	0.9	4000	position_bootstrap	mtDNA_position	False	paired nonparametric bootstrap of whole mtDNA positions
vus_high	pathogenic	A[T>A]A	3.848145511885421e-06	3.848882726266253e-06	1.78145636714878e-06	6.114235908332205e-06	1.3188604437798757e-06	2.917780671969032	0.005498625343664084	centered_position_bootstrap	0.012719711638355473	True	True	16566	0.9	4000	position_bootstrap	mtDNA_position	False	paired nonparametric bootstrap of whole mtDNA positions
vus_high	pathogenic	A[T>A]C	2.5745430667934588e-06	2.577092460276233e-06	2.9463164493428017e-07	5.12525860504201e-06	1.4702217641550194e-06	1.751125666591615	0.08297925518620344	centered_position_bootstrap	0.1327668082979255	True	False	16566	0.9	4000	position_bootstrap	mtDNA_position	False	paired nonparametric bootstrap of whole mtDNA positions
vus_high	pathogenic	A[T>A]G	5.333156210805579e-06	5.300353285035385e-06	2.864812928543688e-06	8.139487021274664e-06	1.6223475308546454e-06	3.287308119485408	0.0022494376405898524	centered_position_bootstrap	0.006169886099903595	True	True	16566	0.9	4000	position_bootstrap	mtDNA_position	False	paired nonparametric bootstrap of whole mtDNA positions
vus_high	pathogenic	A[T>A]T	1.8662927933017892e-06	1.8848171485548808e-06	-1.301270215309258e-07	4.1191744621713355e-06	1.2949360274361114e-06	1.4412239321172697	0.15396150962259436	centered_position_bootstrap	0.21101107701797955	False	False	16566	0.9	4000	position_bootstrap	mtDNA_position	False	paired nonparametric bootstrap of whole mtDNA positions
vus_high	pathogenic	C[T>A]A	2.7617903176752215e-06	2.7485625956704695e-06	8.505122500097077e-07	4.84621201832211e-06	1.2266378636444257e-06	2.2515123652467013	0.028242939265183703	centered_position_bootstrap	0.05264703241665312	True	False	16566	0.9	4000	position_bootstrap	mtDNA_position	False	paired nonparametric bootstrap of whole mtDNA positions
vus_high	pathogenic	C[T>A]C	2.039504281307574e-06	2.1000872626865776e-06	-2.2386128768185652e-07	4.32090936022488e-06	1.3787586695338372e-06	1.479232244463157	0.14346413396650837	centered_position_bootstrap	0.20699302786243737	False	False	16566	0.9	4000	position_bootstrap	mtDNA_position	False	paired nonparametric bootstrap of whole mtDNA positions
vus_high	pathogenic	C[T>A]G	5.4535246526583975e-06	5.489090030881572e-06	2.8136502210163062e-06	8.625195998533102e-06	1.7825346479017052e-06	3.0594214025954365	0.005498625343664084	centered_position_bootstrap	0.012719711638355473	True	True	16566	0.9	4000	position_bootstrap	mtDNA_position	False	paired nonparametric bootstrap of whole mtDNA positions
vus_high	pathogenic	C[T>A]T	5.891742787469647e-06	5.912561619605748e-06	3.737876065321591e-06	8.412547377507441e-06	1.4322299188696112e-06	4.1136850374692004	0.0007498125468632841	centered_position_bootstrap	0.002768538634572126	True	True	16566	0.9	4000	position_bootstrap	mtDNA_position	False	paired nonparametric bootstrap of whole mtDNA positions
vus_high	pathogenic	G[T>A]A	8.76809203136994e-06	8.80839366192974e-06	5.434980348338292e-06	1.2933721186664164e-05	2.3088366519129926e-06	3.797623371971817	0.0014996250937265683	centered_position_bootstrap	0.004429661815315402	True	True	16566	0.9	4000	position_bootstrap	mtDNA_position	False	paired nonparametric bootstrap of whole mtDNA positions
vus_high	pathogenic	G[T>A]C	6.203156302237863e-06	6.2209060689830355e-06	2.316705333097434e-06	1.0623551137557123e-05	2.5351034723994285e-06	2.4469045819130573	0.01699575106223444	centered_position_bootstrap	0.0343493074099896	True	True	16566	0.9	4000	position_bootstrap	mtDNA_position	False	paired nonparametric bootstrap of whole mtDNA positions
vus_high	pathogenic	G[T>A]G	4.747122034077978e-06	4.792736301537377e-06	1.007058913493915e-06	8.83679005736477e-06	2.3996108824119013e-06	1.978288258680733	0.04948762809297676	centered_position_bootstrap	0.08262282255523076	True	False	16566	0.9	4000	position_bootstrap	mtDNA_position	False	paired nonparametric bootstrap of whole mtDNA positions
vus_high	pathogenic	G[T>A]T	9.317841391375352e-06	9.258636088167898e-06	5.987494685144963e-06	1.3311561083273826e-05	2.2397343603874062e-06	4.160243980792279	0.0004998750312421895	centered_position_bootstrap	0.002285142999964295	True	True	16566	0.9	4000	position_bootstrap	mtDNA_position	False	paired nonparametric bootstrap of whole mtDNA positions
vus_high	pathogenic	T[T>A]A	0.0006348589153342961	0.0006193967072967909	4.084985879871481e-06	0.0018271326179024596	0.0006332142484002625	1.0025973309005423	0.17620594851287177	centered_position_bootstrap	0.23332098009980265	True	False	16566	0.9	4000	position_bootstrap	mtDNA_position	False	paired nonparametric bootstrap of whole mtDNA positions
vus_high	pathogenic	T[T>A]C	-2.68181569457652e-06	-2.058876762261944e-06	-1.27362504405587e-05	4.269717572857534e-06	5.364856243342531e-06	-0.4998858446401979	0.6235941014746313	centered_position_bootstrap	0.6881038361099381	False	False	16566	0.9	4000	position_bootstrap	mtDNA_position	False	paired nonparametric bootstrap of whole mtDNA positions
vus_high	pathogenic	T[T>A]G	6.935141222917624e-06	6.954103516408107e-06	4.691267425508323e-06	9.740785966151515e-06	1.5439870188249939e-06	4.491709540534487	0.0004998750312421895	centered_position_bootstrap	0.002285142999964295	True	True	16566	0.9	4000	position_bootstrap	mtDNA_position	False	paired nonparametric bootstrap of whole mtDNA positions
vus_high	pathogenic	T[T>A]T	4.215626074281688e-06	4.286695018550803e-06	1.6494080793980216e-06	7.06419229699669e-06	1.6510981597628522e-06	2.5532255907105967	0.01274681329667583	centered_position_bootstrap	0.02689437530727208	True	True	16566	0.9	4000	position_bootstrap	mtDNA_position	False	paired nonparametric bootstrap of whole mtDNA positions
vus_high	pathogenic	T[A>T]T	4.437185967390242e-06	4.428307508195025e-06	1.1390217031551183e-06	7.957869319597975e-06	2.072793879541311e-06	2.140678825418062	0.035741064733816545	centered_position_bootstrap	0.06353967063789608	True	False	16566	0.9	4000	position_bootstrap	mtDNA_position	False	paired nonparametric bootstrap of whole mtDNA positions
vus_high	pathogenic	G[A>T]T	1.0846454586953923e-05	1.085344360585883e-05	7.200479657009392e-06	1.526007911613308e-05	2.4836979239072432e-06	4.367058683968605	0.0007498125468632841	centered_position_bootstrap	0.002768538634572126	True	True	16566	0.9	4000	position_bootstrap	mtDNA_position	False	paired nonparametric bootstrap of whole mtDNA positions
vus_high	pathogenic	C[A>T]T	7.37832875174535e-06	7.063863463841079e-06	2.816473831235999e-06	1.415764459222598e-05	3.5518579869982886e-06	2.0773152470492917	0.037740564858785304	centered_position_bootstrap	0.06647879314575027	True	False	16566	0.9	4000	position_bootstrap	mtDNA_position	False	paired nonparametric bootstrap of whole mtDNA positions
vus_high	pathogenic	A[A>T]T	5.260484631669328e-06	5.280152456241119e-06	3.647039012338699e-06	7.3473863850030495e-06	1.1185347050193108e-06	4.703014227509828	0.0004998750312421895	centered_position_bootstrap	0.002285142999964295	True	True	16566	0.9	4000	position_bootstrap	mtDNA_position	False	paired nonparametric bootstrap of whole mtDNA positions
vus_high	pathogenic	T[A>T]G	6.347606931767446e-06	6.3680257647537345e-06	4.2385008786884355e-06	8.867420826850767e-06	1.4038939743180047e-06	4.521429002393887	0.00024993751562109475	centered_position_bootstrap	0.0017773334444166737	True	True	16566	0.9	4000	position_bootstrap	mtDNA_position	False	paired nonparametric bootstrap of whole mtDNA positions
vus_high	pathogenic	G[A>T]G	2.9931313626182694e-05	2.8694851227150585e-05	6.787589848006613e-06	7.05771238114476e-05	2.1453429547646658e-05	1.395176167973853	0.08822794301424644	centered_position_bootstrap	0.13999805833665552	True	False	16566	0.9	4000	position_bootstrap	mtDNA_position	False	paired nonparametric bootstrap of whole mtDNA positions
vus_high	pathogenic	C[A>T]G	9.386354931017819e-06	8.96469947930558e-06	4.919920272961972e-06	1.5442015379451197e-05	3.2985700852045554e-06	2.845582991587623	0.010247438140464884	centered_position_bootstrap	0.021861201366325085	True	True	16566	0.9	4000	position_bootstrap	mtDNA_position	False	paired nonparametric bootstrap of whole mtDNA positions
vus_high	pathogenic	A[A>T]G	1.2639052184340823e-05	1.2691271505117621e-05	9.363496958679993e-06	1.6809501552361022e-05	2.274136447793026e-06	5.557736958398695	0.00024993751562109475	centered_position_bootstrap	0.0017773334444166737	True	True	16566	0.9	4000	position_bootstrap	mtDNA_position	False	paired nonparametric bootstrap of whole mtDNA positions
vus_high	pathogenic	T[A>T]C	4.744750844250766e-06	4.820085580587771e-06	9.989747903868085e-07	8.551843113831724e-06	2.2996283809846716e-06	2.0632685191592235	0.03924018995251187	centered_position_bootstrap	0.06849196791711162	True	False	16566	0.9	4000	position_bootstrap	mtDNA_position	False	paired nonparametric bootstrap of whole mtDNA positions
vus_high	pathogenic	G[A>T]C	1.1498284790496828e-05	1.1466836719948476e-05	7.516648071330864e-06	1.6398206060383974e-05	2.7364797958592095e-06	4.2018526165973595	0.000999750062484379	centered_position_bootstrap	0.0033675791578421186	True	True	16566	0.9	4000	position_bootstrap	mtDNA_position	False	paired nonparametric bootstrap of whole mtDNA positions
vus_high	pathogenic	C[A>T]C	2.6691056675880068e-06	3.168233255532636e-06	-4.610290662631449e-06	7.544671916301467e-06	3.737337019282748e-06	0.7141731275014231	0.5113721569607598	centered_position_bootstrap	0.5775497302145052	False	False	16566	0.9	4000	position_bootstrap	mtDNA_position	False	paired nonparametric bootstrap of whole mtDNA positions
vus_high	pathogenic	A[A>T]C	5.769967100452512e-06	5.755240093844769e-06	4.043679469413552e-06	7.848358693321176e-06	1.1760732425751654e-06	4.906129050107813	0.00024993751562109475	centered_position_bootstrap	0.0017773334444166737	True	True	16566	0.9	4000	position_bootstrap	mtDNA_position	False	paired nonparametric bootstrap of whole mtDNA positions
vus_high	pathogenic	T[A>T]A	7.378328751745348e-06	7.384794373595496e-06	5.312023147936361e-06	1.0148563783721258e-05	1.464896549935618e-06	5.036757545827809	0.0004998750312421895	centered_position_bootstrap	0.002285142999964295	True	True	16566	0.9	4000	position_bootstrap	mtDNA_position	False	paired nonparametric bootstrap of whole mtDNA positions
vus_high	pathogenic	G[A>T]A	1.344910557280165e-05	1.3551968828449428e-05	9.765983675976156e-06	1.8025875784709518e-05	2.5401637384288937e-06	5.294582144188863	0.00024993751562109475	centered_position_bootstrap	0.0017773334444166737	True	True	16566	0.9	4000	position_bootstrap	mtDNA_position	False	paired nonparametric bootstrap of whole mtDNA positions
vus_high	pathogenic	C[A>T]A	7.96954663954343e-06	7.941736926805217e-06	5.412447836297042e-06	1.1317789260126747e-05	1.8005855338020622e-06	4.42608612028287	0.0004998750312421895	centered_position_bootstrap	0.002285142999964295	True	True	16566	0.9	4000	position_bootstrap	mtDNA_position	False	paired nonparametric bootstrap of whole mtDNA positions
vus_high	pathogenic	A[A>T]A	9.118173361560167e-06	9.161066329487065e-06	6.8377568270150045e-06	1.2008284298915768e-05	1.586581409235005e-06	5.74705672743048	0.00024993751562109475	centered_position_bootstrap	0.0017773334444166737	True	True	16566	0.9	4000	position_bootstrap	mtDNA_position	False	paired nonparametric bootstrap of whole mtDNA positions
vus_high	pathogenic	A[T>C]A	-0.00047436193728944345	-0.0004335594093491258	-0.0010692128906362604	7.203511329023484e-07	0.0003265943351951948	-1.452449985104404	0.13396650837290677	centered_position_bootstrap	0.1978582277507546	False	False	16566	0.9	4000	position_bootstrap	mtDNA_position	False	paired nonparametric bootstrap of whole mtDNA positions
vus_high	pathogenic	A[T>C]C	-4.687813834119756e-05	-4.549472353657934e-05	-0.00012105323926699698	1.9509216978738425e-05	4.309223794645074e-05	-1.0878557386472114	0.2606848287928018	centered_position_bootstrap	0.32291282018205125	False	False	16566	0.9	4000	position_bootstrap	mtDNA_position	False	paired nonparametric bootstrap of whole mtDNA positions
vus_high	pathogenic	A[T>C]G	1.5999468632416734e-05	1.837844038107213e-05	-2.2086797958699105e-05	4.9031936504006124e-05	2.2225561743551033e-05	0.7198679078183091	0.4528867783054236	centered_position_bootstrap	0.5206842002074331	False	False	16566	0.9	4000	position_bootstrap	mtDNA_position	False	paired nonparametric bootstrap of whole mtDNA positions
vus_high	pathogenic	A[T>C]T	-3.622803657585825e-05	-3.314924142259695e-05	-0.00012775292026840832	3.2417508183732974e-05	4.9454650984456083e-05	-0.732550647000723	0.45563609097725566	centered_position_bootstrap	0.5207269611168636	False	False	16566	0.9	4000	position_bootstrap	mtDNA_position	False	paired nonparametric bootstrap of whole mtDNA positions
vus_high	pathogenic	C[T>C]A	1.6421455942933749e-06	1.8488312166906882e-06	-5.869534205183522e-06	8.376404084201542e-06	4.351281052223126e-06	0.37739359388297417	0.696575856035991	centered_position_bootstrap	0.7310959145459537	False	False	16566	0.9	4000	position_bootstrap	mtDNA_position	False	paired nonparametric bootstrap of whole mtDNA positions
vus_high	pathogenic	C[T>C]C	2.011692859289745e-05	1.92354103654422e-05	3.1801376826840506e-06	4.4181156527559675e-05	1.2640724613668973e-05	1.5914379284193982	0.09122719320169957	centered_position_bootstrap	0.14357066471087146	True	False	16566	0.9	4000	position_bootstrap	mtDNA_position	False	paired nonparametric bootstrap of whole mtDNA positions
vus_high	pathogenic	C[T>C]G	1.195580404621264e-05	1.206637002571912e-05	7.719069972503498e-06	1.7260687991752026e-05	2.94763818304711e-06	4.056062278937292	0.0004998750312421895	centered_position_bootstrap	0.002285142999964295	True	True	16566	0.9	4000	position_bootstrap	mtDNA_position	False	paired nonparametric bootstrap of whole mtDNA positions
vus_high	pathogenic	C[T>C]T	0.000115408844013376	0.00011054075044605417	3.4287992046407376e-05	0.00022446560129373393	5.925365412593093e-05	1.9477084698962068	0.0427393151712072	centered_position_bootstrap	0.07392746407992597	True	False	16566	0.9	4000	position_bootstrap	mtDNA_position	False	paired nonparametric bootstrap of whole mtDNA positions
vus_high	pathogenic	G[T>C]A	-0.0004278379265563332	-0.0003918721372709096	-0.001789927961730552	0.0005797936759609829	0.0007547839613375509	-0.5668349467815434	0.5533616595851037	centered_position_bootstrap	0.6213183546218709	False	False	16566	0.9	4000	position_bootstrap	mtDNA_position	False	paired nonparametric bootstrap of whole mtDNA positions
vus_high	pathogenic	G[T>C]C	0.0009206789880163564	0.0008949323772549614	1.2940578344387095e-05	0.002681609310342439	0.0008916607010359836	1.0325440909828791	0.18645338665333666	centered_position_bootstrap	0.2409062163989204	True	False	16566	0.9	4000	position_bootstrap	mtDNA_position	False	paired nonparametric bootstrap of whole mtDNA positions
vus_high	pathogenic	G[T>C]G	8.933220555037649e-05	8.455667655125852e-05	4.662649338021835e-06	0.00020534452907866642	6.246048462715755e-05	1.430219539339521	0.09297675581104724	centered_position_bootstrap	0.14513444809529324	True	False	16566	0.9	4000	position_bootstrap	mtDNA_position	False	paired nonparametric bootstrap of whole mtDNA positions
vus_high	pathogenic	G[T>C]T	-4.247839457832883e-05	-3.506081151354617e-05	-0.00023243231913356276	0.00010078232736265841	0.00010241649906540368	-0.41476124419369104	0.6688327918020495	centered_position_bootstrap	0.7160876447554778	False	False	16566	0.9	4000	position_bootstrap	mtDNA_position	False	paired nonparametric bootstrap of whole mtDNA positions
vus_high	pathogenic	T[T>C]A	2.6975448188848863e-05	2.545666269463824e-05	-8.758335846006419e-06	7.186196983961868e-05	2.4951949691515528e-05	1.0810958070351269	0.2539365158710322	centered_position_bootstrap	0.3165961756314168	False	False	16566	0.9	4000	position_bootstrap	mtDNA_position	False	paired nonparametric bootstrap of whole mtDNA positions
vus_high	pathogenic	T[T>C]C	1.3530979186272442e-05	1.2627264141468881e-05	3.504721759117569e-06	2.7911549804100394e-05	7.509424188520665e-06	1.801866407674329	0.06273431642089478	centered_position_bootstrap	0.10383610993803273	True	False	16566	0.9	4000	position_bootstrap	mtDNA_position	False	paired nonparametric bootstrap of whole mtDNA positions
vus_high	pathogenic	T[T>C]G	6.337284220941967e-05	5.647590750430718e-05	-8.38392681725063e-06	0.0001731351715851934	5.727829812156772e-05	1.106402324924474	0.22994251437140714	centered_position_bootstrap	0.29237723681662364	False	False	16566	0.9	4000	position_bootstrap	mtDNA_position	False	paired nonparametric bootstrap of whole mtDNA positions
vus_high	pathogenic	T[T>C]T	1.4359476315521997e-05	1.3882985005843362e-05	4.970241493850134e-06	2.676581321239454e-05	6.8256042959172074e-06	2.1037663030233436	0.03299175206198451	centered_position_bootstrap	0.06032777519905738	True	False	16566	0.9	4000	position_bootstrap	mtDNA_position	False	paired nonparametric bootstrap of whole mtDNA positions
vus_high	pathogenic	T[A>G]T	-0.00018055933667303367	-0.00016296964373863255	-0.00047903613861461584	1.7930242289621115e-05	0.00015453242573037413	-1.1684236225481304	0.24293926518370407	centered_position_bootstrap	0.30486496023053056	False	False	16566	0.9	4000	position_bootstrap	mtDNA_position	False	paired nonparametric bootstrap of whole mtDNA positions
vus_high	pathogenic	G[A>G]T	7.064101192528966e-05	6.80696536796998e-05	8.971665906475646e-06	0.00018482780653446807	5.8803313266922845e-05	1.2013100623196615	0.11897025743564109	centered_position_bootstrap	0.17845538615346163	True	False	16566	0.9	4000	position_bootstrap	mtDNA_position	False	paired nonparametric bootstrap of whole mtDNA positions
vus_high	pathogenic	C[A>G]T	-1.195476050915702e-05	-1.00165520248923e-05	-5.620198904169837e-05	2.0265291963623352e-05	2.3173237316679346e-05	-0.5158865093291204	0.604348912771807	centered_position_bootstrap	0.6707224927872079	False	False	16566	0.9	4000	position_bootstrap	mtDNA_position	False	paired nonparametric bootstrap of whole mtDNA positions
vus_high	pathogenic	A[A>G]T	0.00015255405431841048	0.00014456791579531414	-7.339748266996217e-05	0.00044941557009680136	0.00016400332599185118	0.9301887836469268	0.3514121469632592	centered_position_bootstrap	0.41907535538475627	False	False	16566	0.9	4000	position_bootstrap	mtDNA_position	False	paired nonparametric bootstrap of whole mtDNA positions
vus_high	pathogenic	T[A>G]G	0.00016085106076031973	0.00015394041100538265	8.7558381140093e-06	0.0004642774433642286	0.00015551926240081352	1.0342838454683818	0.15246188452886777	centered_position_bootstrap	0.21101107701797955	True	False	16566	0.9	4000	position_bootstrap	mtDNA_position	False	paired nonparametric bootstrap of whole mtDNA positions
vus_high	pathogenic	G[A>G]G	9.425738238420689e-05	8.55705330287204e-05	1.0670077987589714e-06	0.00024325672359989985	7.665078619075775e-05	1.229698833742322	0.1617095726068483	centered_position_bootstrap	0.21712054503856554	True	False	16566	0.9	4000	position_bootstrap	mtDNA_position	False	paired nonparametric bootstrap of whole mtDNA positions
vus_high	pathogenic	C[A>G]G	2.2339524735822404e-05	2.04536187071569e-05	6.882945317523685e-07	5.489826196139715e-05	1.7080896262511137e-05	1.3078660740334112	0.1519620094976256	centered_position_bootstrap	0.21101107701797955	True	False	16566	0.9	4000	position_bootstrap	mtDNA_position	False	paired nonparametric bootstrap of whole mtDNA positions
vus_high	pathogenic	A[A>G]G	0.00011189278551431141	0.0001033263163409186	2.8569119896054077e-05	0.00023871378046838297	6.627602141695935e-05	1.688284588031701	0.06598350412396901	centered_position_bootstrap	0.10736298976103432	True	False	16566	0.9	4000	position_bootstrap	mtDNA_position	False	paired nonparametric bootstrap of whole mtDNA positions
vus_high	pathogenic	T[A>G]C	7.447195890324027e-05	7.204744758520688e-05	5.090492989417754e-06	0.00016148213353083836	4.819312840249517e-05	1.5452816899801949	0.10847288177955511	centered_position_bootstrap	0.16529201033075064	True	False	16566	0.9	4000	position_bootstrap	mtDNA_position	False	paired nonparametric bootstrap of whole mtDNA positions
vus_high	pathogenic	G[A>G]C	9.667945578948354e-05	8.83540097381051e-05	-1.7801303220920714e-05	0.00027508489077810046	9.230403869078815e-05	1.0474022281230047	0.26643339165208696	centered_position_bootstrap	0.3279180204948763	False	False	16566	0.9	4000	position_bootstrap	mtDNA_position	False	paired nonparametric bootstrap of whole mtDNA positions
vus_high	pathogenic	C[A>G]C	1.895065023987483e-05	1.1534167684699136e-05	-6.900821245233998e-05	0.00013357285141707057	6.305330497798138e-05	0.3005496737481488	0.767808047988003	centered_position_bootstrap	0.7968602443983598	False	False	16566	0.9	4000	position_bootstrap	mtDNA_position	False	paired nonparametric bootstrap of whole mtDNA positions
vus_high	pathogenic	A[A>G]C	0.0002003235056706401	0.00016405743877549348	-0.0006218192585235666	0.0011127106267800155	0.0005330559312697586	0.3758020386218426	0.6768307923019246	centered_position_bootstrap	0.7179641553699974	False	False	16566	0.9	4000	position_bootstrap	mtDNA_position	False	paired nonparametric bootstrap of whole mtDNA positions
vus_high	pathogenic	T[A>G]A	0.022919424017083	0.02211839059199107	3.3108615481677616e-05	0.06600385978894031	0.022419634294319375	1.02229250112658	0.16070982254436392	centered_position_bootstrap	0.21712054503856554	True	False	16566	0.9	4000	position_bootstrap	mtDNA_position	False	paired nonparametric bootstrap of whole mtDNA positions
vus_high	pathogenic	G[A>G]A	1.8679313295558077e-07	1.1530984416457574e-06	-2.470785071839998e-05	1.607756706448925e-05	1.2995928351732014e-05	0.014373204275990502	0.9830042489377656	centered_position_bootstrap	0.9830042489377656	False	False	16566	0.9	4000	position_bootstrap	mtDNA_position	False	paired nonparametric bootstrap of whole mtDNA positions
vus_high	pathogenic	C[A>G]A	2.4617044064367486e-05	2.4315222499350297e-05	1.3314948829057827e-05	3.8446610871082265e-05	7.594777430418121e-06	3.241312110842493	0.0047488127968008	centered_position_bootstrap	0.011541418442857639	True	True	16566	0.9	4000	position_bootstrap	mtDNA_position	False	paired nonparametric bootstrap of whole mtDNA positions
vus_high	pathogenic	A[A>G]A	4.467138714108888e-05	4.24563349289304e-05	1.6336414239038014e-05	8.421942875236572e-05	2.0734968517549714e-05	2.1543985997991655	0.03524118970257436	centered_position_bootstrap	0.06323652731676895	True	False	16566	0.9	4000	position_bootstrap	mtDNA_position	False	paired nonparametric bootstrap of whole mtDNA positions
vus_high	pathogenic	A[T>G]A	3.2241219153634607e-06	3.2129576306325966e-06	1.9840681870331686e-06	4.735830898566651e-06	8.473961221124184e-07	3.8047399925860623	0.0017495626093476631	centered_position_bootstrap	0.005089636681738657	True	True	16566	0.9	4000	position_bootstrap	mtDNA_position	False	paired nonparametric bootstrap of whole mtDNA positions
vus_high	pathogenic	A[T>G]C	4.076359855756309e-06	4.061429103215345e-06	-5.734893451996993e-07	9.550538310720449e-06	3.060877826143525e-06	1.3317616995161858	0.1789552611847038	centered_position_bootstrap	0.2353384256675557	False	False	16566	0.9	4000	position_bootstrap	mtDNA_position	False	paired nonparametric bootstrap of whole mtDNA positions
vus_high	pathogenic	A[T>G]G	1.0026333676314488e-05	1.007609273073461e-05	7.20309661704216e-06	1.353447778368223e-05	1.9686483136517316e-06	5.0930039696710505	0.00024993751562109475	centered_position_bootstrap	0.0017773334444166737	True	True	16566	0.9	4000	position_bootstrap	mtDNA_position	False	paired nonparametric bootstrap of whole mtDNA positions
vus_high	pathogenic	A[T>G]T	1.8662927933017892e-06	1.8848171485548808e-06	-1.301270215309258e-07	4.1191744621713355e-06	1.2949360274361114e-06	1.4412239321172697	0.15396150962259436	centered_position_bootstrap	0.21101107701797955	False	False	16566	0.9	4000	position_bootstrap	mtDNA_position	False	paired nonparametric bootstrap of whole mtDNA positions
vus_high	pathogenic	C[T>G]A	2.7617903176752215e-06	2.7485625956704695e-06	8.505122500097077e-07	4.84621201832211e-06	1.2266378636444257e-06	2.2515123652467013	0.028242939265183703	centered_position_bootstrap	0.05264703241665312	True	False	16566	0.9	4000	position_bootstrap	mtDNA_position	False	paired nonparametric bootstrap of whole mtDNA positions
vus_high	pathogenic	C[T>G]C	3.893599082496279e-06	3.7175000432019668e-06	5.531648097175418e-07	8.289424057693028e-06	2.400945925651704e-06	1.6216937836446337	0.0994751312171957	centered_position_bootstrap	0.1540260096266256	True	False	16566	0.9	4000	position_bootstrap	mtDNA_position	False	paired nonparametric bootstrap of whole mtDNA positions
vus_high	pathogenic	C[T>G]G	9.85829456442095e-06	9.929675570923143e-06	6.550753066971876e-06	1.3957014183909083e-05	2.283496456773656e-06	4.31719284484886	0.0007498125468632841	centered_position_bootstrap	0.002768538634572126	True	True	16566	0.9	4000	position_bootstrap	mtDNA_position	False	paired nonparametric bootstrap of whole mtDNA positions
vus_high	pathogenic	C[T>G]T	5.891742787469647e-06	5.912561619605748e-06	3.737876065321591e-06	8.412547377507441e-06	1.4322299188696112e-06	4.1136850374692004	0.0007498125468632841	centered_position_bootstrap	0.002768538634572126	True	True	16566	0.9	4000	position_bootstrap	mtDNA_position	False	paired nonparametric bootstrap of whole mtDNA positions
vus_high	pathogenic	G[T>G]A	8.76809203136994e-06	8.80839366192974e-06	5.434980348338292e-06	1.2933721186664164e-05	2.3088366519129926e-06	3.797623371971817	0.0014996250937265683	centered_position_bootstrap	0.004429661815315402	True	True	16566	0.9	4000	position_bootstrap	mtDNA_position	False	paired nonparametric bootstrap of whole mtDNA positions
vus_high	pathogenic	G[T>G]C	6.203156302237863e-06	6.2209060689830355e-06	2.316705333097434e-06	1.0623551137557123e-05	2.5351034723994285e-06	2.4469045819130573	0.01699575106223444	centered_position_bootstrap	0.0343493074099896	True	True	16566	0.9	4000	position_bootstrap	mtDNA_position	False	paired nonparametric bootstrap of whole mtDNA positions
vus_high	pathogenic	G[T>G]G	6.041791679735606e-06	6.075588308896033e-06	2.000958522074748e-06	1.0468188733703727e-05	2.601163026556488e-06	2.3227270332740138	0.020494876280929768	centered_position_bootstrap	0.04056717779318057	True	True	16566	0.9	4000	position_bootstrap	mtDNA_position	False	paired nonparametric bootstrap of whole mtDNA positions
vus_high	pathogenic	G[T>G]T	9.317841391375352e-06	9.258636088167898e-06	5.987494685144963e-06	1.3311561083273826e-05	2.2397343603874062e-06	4.160243980792279	0.0004998750312421895	centered_position_bootstrap	0.002285142999964295	True	True	16566	0.9	4000	position_bootstrap	mtDNA_position	False	paired nonparametric bootstrap of whole mtDNA positions
vus_high	pathogenic	T[T>G]A	5.6152973780869054e-06	5.601404796055685e-06	3.6708267623114015e-06	7.878000016841156e-06	1.2974491248745094e-06	4.327951879138245	0.000999750062484379	centered_position_bootstrap	0.0033675791578421186	True	True	16566	0.9	4000	position_bootstrap	mtDNA_position	False	paired nonparametric bootstrap of whole mtDNA positions
vus_high	pathogenic	T[T>G]C	3.0475178347460456e-06	3.0680218994663014e-06	6.341244015322859e-07	5.58533064948614e-06	1.5095184128370744e-06	2.0188676128954057	0.04648837790552362	centered_position_bootstrap	0.07969436212375478	True	False	16566	0.9	4000	position_bootstrap	mtDNA_position	False	paired nonparametric bootstrap of whole mtDNA positions
vus_high	pathogenic	T[T>G]G	5.500284418176046e-06	5.50298586871034e-06	2.6743736237267546e-06	8.874346978016931e-06	1.8475272922806932e-06	2.97710590861485	0.005748562859285179	centered_position_bootstrap	0.013139572249794694	True	True	16566	0.9	4000	position_bootstrap	mtDNA_position	False	paired nonparametric bootstrap of whole mtDNA positions
vus_high	pathogenic	T[T>G]T	4.874317648388202e-06	4.896259736168565e-06	2.6012602885362383e-06	7.566080192737325e-06	1.5172139536622897e-06	3.21267652239979	0.0024993751562109472	centered_position_bootstrap	0.006573699040993176	True	True	16566	0.9	4000	position_bootstrap	mtDNA_position	False	paired nonparametric bootstrap of whole mtDNA positions
vus_high	pathogenic	T[A>C]T	4.550959966554093e-06	4.351624243203466e-06	-4.483332574913539e-06	1.4082014481662422e-05	5.6631097378234965e-06	0.8036150061084927	0.3971507123219195	centered_position_bootstrap	0.46495693149883255	False	False	16566	0.9	4000	position_bootstrap	mtDNA_position	False	paired nonparametric bootstrap of whole mtDNA positions
vus_high	pathogenic	G[A>C]T	1.0012111926419005e-05	1.0026078664788681e-05	6.78912771384726e-06	1.3919385425168686e-05	2.2013232368972523e-06	4.548224340070565	0.0004998750312421895	centered_position_bootstrap	0.002285142999964295	True	True	16566	0.9	4000	position_bootstrap	mtDNA_position	False	paired nonparametric bootstrap of whole mtDNA positions
vus_high	pathogenic	C[A>C]T	-8.499087549478824e-06	-7.952021460593825e-06	-3.529895917303229e-05	5.949151921957085e-06	1.3626637452540155e-05	-0.6237112845395693	0.6343414146463384	centered_position_bootstrap	0.6959631520691256	False	False	16566	0.9	4000	position_bootstrap	mtDNA_position	False	paired nonparametric bootstrap of whole mtDNA positions
vus_high	pathogenic	A[A>C]T	5.260484631669328e-06	5.280152456241119e-06	3.647039012338699e-06	7.3473863850030495e-06	1.1185347050193108e-06	4.703014227509828	0.0004998750312421895	centered_position_bootstrap	0.002285142999964295	True	True	16566	0.9	4000	position_bootstrap	mtDNA_position	False	paired nonparametric bootstrap of whole mtDNA positions
vus_high	pathogenic	T[A>C]G	6.887828798300845e-06	6.90053265115025e-06	5.083137079053602e-06	9.24583542594659e-06	1.2754748453245517e-06	5.400207478453406	0.00024993751562109475	centered_position_bootstrap	0.0017773334444166737	True	True	16566	0.9	4000	position_bootstrap	mtDNA_position	False	paired nonparametric bootstrap of whole mtDNA positions
vus_high	pathogenic	G[A>C]G	9.189438394003458e-06	9.176944189454742e-06	6.0939122741709216e-06	1.2908862619153641e-05	2.1267149319847452e-06	4.320954471047732	0.0012496875781054736	centered_position_bootstrap	0.0038700002418750154	True	True	16566	0.9	4000	position_bootstrap	mtDNA_position	False	paired nonparametric bootstrap of whole mtDNA positions
vus_high	pathogenic	C[A>C]G	6.945902648953185e-06	6.941005662367279e-06	4.594236661261482e-06	9.87964531051545e-06	1.6044317568074854e-06	4.329197935332702	0.0007498125468632841	centered_position_bootstrap	0.002768538634572126	True	True	16566	0.9	4000	position_bootstrap	mtDNA_position	False	paired nonparametric bootstrap of whole mtDNA positions
vus_high	pathogenic	A[A>C]G	1.1895578526438424e-05	1.193479068869142e-05	8.896578470972479e-06	1.575533842517855e-05	2.1002780730551054e-06	5.663811225308315	0.00024993751562109475	centered_position_bootstrap	0.0017773334444166737	True	True	16566	0.9	4000	position_bootstrap	mtDNA_position	False	paired nonparametric bootstrap of whole mtDNA positions
vus_high	pathogenic	T[A>C]C	5.8793651765716e-06	5.876692713787669e-06	3.97724097682889e-06	8.17166155932894e-06	1.2765046373961081e-06	4.6058314277374555	0.00024993751562109475	centered_position_bootstrap	0.0017773334444166737	True	True	16566	0.9	4000	position_bootstrap	mtDNA_position	False	paired nonparametric bootstrap of whole mtDNA positions
vus_high	pathogenic	G[A>C]C	1.0559649297395045e-05	1.0543264930331193e-05	7.0155491738751066e-06	1.4910176905173349e-05	2.4183697436602093e-06	4.366432934863379	0.0007498125468632841	centered_position_bootstrap	0.002768538634572126	True	True	16566	0.9	4000	position_bootstrap	mtDNA_position	False	paired nonparametric bootstrap of whole mtDNA positions
vus_high	pathogenic	C[A>C]C	6.138943035452411e-06	6.161468454357427e-06	4.230448975846615e-06	8.411892526793266e-06	1.2762294691593909e-06	4.810218839011705	0.00024993751562109475	centered_position_bootstrap	0.0017773334444166737	True	True	16566	0.9	4000	position_bootstrap	mtDNA_position	False	paired nonparametric bootstrap of whole mtDNA positions
vus_high	pathogenic	A[A>C]C	5.03856282011346e-06	5.070463790255594e-06	2.2633031337351698e-06	7.997090101148564e-06	1.7288620966009729e-06	2.9143809850534175	0.005248687828042989	centered_position_bootstrap	0.012596850787303174	True	True	16566	0.9	4000	position_bootstrap	mtDNA_position	False	paired nonparametric bootstrap of whole mtDNA positions
vus_high	pathogenic	T[A>C]A	6.3509665204896676e-06	6.3886776896682135e-06	4.868690662053309e-06	8.349161508479326e-06	1.07365174292779e-06	5.915294752068233	0.00024993751562109475	centered_position_bootstrap	0.0017773334444166737	True	True	16566	0.9	4000	position_bootstrap	mtDNA_position	False	paired nonparametric bootstrap of whole mtDNA positions
vus_high	pathogenic	G[A>C]A	1.3262312439846069e-05	1.335558999832889e-05	9.643321157232409e-06	1.7730130248587582e-05	2.47205793293354e-06	5.364887393277211	0.00024993751562109475	centered_position_bootstrap	0.0017773334444166737	True	True	16566	0.9	4000	position_bootstrap	mtDNA_position	False	paired nonparametric bootstrap of whole mtDNA positions
vus_high	pathogenic	C[A>C]A	6.995490939154789e-06	7.030744663362071e-06	4.832311507809499e-06	9.610390727775722e-06	1.4407930662416406e-06	4.855305805574685	0.00024993751562109475	centered_position_bootstrap	0.0017773334444166737	True	True	16566	0.9	4000	position_bootstrap	mtDNA_position	False	paired nonparametric bootstrap of whole mtDNA positions
vus_high	pathogenic	A[A>C]A	1.0574016167187419e-05	1.0606598806893454e-05	8.308159084532855e-06	1.3581135602323755e-05	1.6335217906966532e-06	6.473140565010697	0.00024993751562109475	centered_position_bootstrap	0.0017773334444166737	True	True	16566	0.9	4000	position_bootstrap	mtDNA_position	False	paired nonparametric bootstrap of whole mtDNA positions
