functional_class	group_name	substitution_type_192	n_variants	n_observed_variants	raw_carrier_count_sum	weighted_sum	opportunity_scope	count_mode	weight_col	total_weight	weighted_frequency	trinucleotide_context	functional_class_ref_context_count	genome_ref_context_count
protein_coding	expanded_neutral_like_T95	A[A>C]A	76	1	7.0	1.2076552441184503e-06	class_specific	pseudocount	combined_db_spectrum_weight_by_functional_class	0.08381264545345836	1.440898610925088e-05	AAA	269	490
protein_coding	expanded_neutral_like_T95	A[A>C]C	73	9	457.0	6.723273012153678e-06	class_specific	pseudocount	combined_db_spectrum_weight_by_functional_class	0.08381264545345836	8.021788330123942e-05	AAC	307	462
protein_coding	expanded_neutral_like_T95	A[A>C]G	44	0	0.0	2.0507614733695806e-06	class_specific	pseudocount	combined_db_spectrum_weight_by_functional_class	0.08381264545345836	2.4468401662710674e-05	AAG	85	202
protein_coding	expanded_neutral_like_T95	A[A>C]T	62	8	17.0	1.103061095524547e-06	class_specific	pseudocount	combined_db_spectrum_weight_by_functional_class	0.08381264545345836	1.3161034227670133e-05	AAT	255	364
protein_coding	expanded_neutral_like_T95	A[A>G]A	104	100	34909.0	0.0005141813114378957	class_specific	pseudocount	combined_db_spectrum_weight_by_functional_class	0.08381264545345836	0.0061348894150277545	AAA	269	490
protein_coding	expanded_neutral_like_T95	A[A>G]C	184	184	178066.0	0.0022978624418083624	class_specific	pseudocount	combined_db_spectrum_weight_by_functional_class	0.08381264545345836	0.027416655677386756	AAC	307	462
protein_coding	expanded_neutral_like_T95	A[A>G]G	58	55	21648.0	0.0010091144695437452	class_specific	pseudocount	combined_db_spectrum_weight_by_functional_class	0.08381264545345836	0.012040121918167017	AAG	85	202
protein_coding	expanded_neutral_like_T95	A[A>G]T	153	148	49388.0	0.000767373192834422	class_specific	pseudocount	combined_db_spectrum_weight_by_functional_class	0.08381264545345836	0.009155816388835366	AAT	255	364
protein_coding	expanded_neutral_like_T95	A[A>T]A	78	9	112.0	2.6656780388468228e-06	class_specific	pseudocount	combined_db_spectrum_weight_by_functional_class	0.08381264545345836	3.180520104602937e-05	AAA	269	490
protein_coding	expanded_neutral_like_T95	A[A>T]C	82	20	204.0	3.432611557068864e-06	class_specific	pseudocount	combined_db_spectrum_weight_by_functional_class	0.08381264545345836	4.0955771512724926e-05	AAC	307	462
protein_coding	expanded_neutral_like_T95	A[A>T]G	47	7	213.0	1.1791878471875088e-05	class_specific	pseudocount	combined_db_spectrum_weight_by_functional_class	0.08381264545345836	0.00014069330956058637	AAG	85	202
protein_coding	expanded_neutral_like_T95	A[A>T]T	71	21	157.0	3.215966855965933e-06	class_specific	pseudocount	combined_db_spectrum_weight_by_functional_class	0.08381264545345836	3.8370902607432644e-05	AAT	255	364
protein_coding	expanded_neutral_like_T95	A[C>A]A	111	8	34.0	1.8651294405958112e-06	class_specific	pseudocount	combined_db_spectrum_weight_by_functional_class	0.08381264545345836	2.225355649502232e-05	ACA	291	425
protein_coding	expanded_neutral_like_T95	A[C>A]C	108	7	13.0	1.3939308836245257e-06	class_specific	pseudocount	combined_db_spectrum_weight_by_functional_class	0.08381264545345836	1.663151038942666e-05	ACC	324	473
protein_coding	expanded_neutral_like_T95	A[C>A]G	48	0	0.0	2.2911026318039125e-06	class_specific	pseudocount	combined_db_spectrum_weight_by_functional_class	0.08381264545345836	2.7336001857573805e-05	ACG	83	117
protein_coding	expanded_neutral_like_T95	A[C>A]T	123	32	665.0	9.983479718085548e-06	class_specific	pseudocount	combined_db_spectrum_weight_by_functional_class	0.08381264545345836	0.00011911662809437785	ACT	300	391
protein_coding	expanded_neutral_like_T95	A[C>G]A	108	10	21.0	1.620075937451836e-06	class_specific	pseudocount	combined_db_spectrum_weight_by_functional_class	0.08381264545345836	1.9329731554070482e-05	ACA	291	425
protein_coding	expanded_neutral_like_T95	A[C>G]C	112	15	65.0	1.9808491504137997e-06	class_specific	pseudocount	combined_db_spectrum_weight_by_functional_class	0.08381264545345836	2.363425160602736e-05	ACC	324	473
protein_coding	expanded_neutral_like_T95	A[C>G]G	49	0	0.0	2.3388339366331608e-06	class_specific	pseudocount	combined_db_spectrum_weight_by_functional_class	0.08381264545345836	2.790550189627326e-05	ACG	83	117
protein_coding	expanded_neutral_like_T95	A[C>G]T	109	7	127.0	3.024096369631734e-06	class_specific	pseudocount	combined_db_spectrum_weight_by_functional_class	0.08381264545345836	3.6081624118535094e-05	ACT	300	391
protein_coding	expanded_neutral_like_T95	A[C>T]A	151	151	41724.0	0.0005680340202877345	class_specific	pseudocount	combined_db_spectrum_weight_by_functional_class	0.08381264545345836	0.00677742621312636	ACA	291	425
protein_coding	expanded_neutral_like_T95	A[C>T]C	181	178	15387.0	0.00018818066928931093	class_specific	pseudocount	combined_db_spectrum_weight_by_functional_class	0.08381264545345836	0.0022452539025725987	ACC	324	473
protein_coding	expanded_neutral_like_T95	A[C>T]G	56	56	7635.0	0.00036442851237130985	class_specific	pseudocount	combined_db_spectrum_weight_by_functional_class	0.08381264545345836	0.004348132795470334	ACG	83	117
protein_coding	expanded_neutral_like_T95	A[C>T]T	220	213	26126.0	0.0003451035389850921	class_specific	pseudocount	combined_db_spectrum_weight_by_functional_class	0.08381264545345836	0.004117559314802085	ACT	300	391
protein_coding	expanded_neutral_like_T95	A[G>A]A	23	22	29949.0	0.001464850174194896	class_specific	pseudocount	combined_db_spectrum_weight_by_functional_class	0.08381264545345836	0.01747767495309924	AGA	81	176
protein_coding	expanded_neutral_like_T95	A[G>A]C	70	70	40284.0	0.0009067787179007897	class_specific	pseudocount	combined_db_spectrum_weight_by_functional_class	0.08381264545345836	0.010819115814740977	AGC	176	277
protein_coding	expanded_neutral_like_T95	A[G>A]G	26	25	15845.0	0.0005275384140749086	class_specific	pseudocount	combined_db_spectrum_weight_by_functional_class	0.08381264545345836	0.006294257999144696	AGG	119	188
protein_coding	expanded_neutral_like_T95	A[G>A]T	58	58	44002.0	0.0018948113981849565	class_specific	pseudocount	combined_db_spectrum_weight_by_functional_class	0.08381264545345836	0.022607703025400338	AGT	92	182
protein_coding	expanded_neutral_like_T95	A[G>C]A	9	5	23.0	1.3205661002758663e-06	class_specific	pseudocount	combined_db_spectrum_weight_by_functional_class	0.08381264545345836	1.575616773735157e-05	AGA	81	176
protein_coding	expanded_neutral_like_T95	A[G>C]C	25	10	4190.0	9.465307588056847e-05	class_specific	pseudocount	combined_db_spectrum_weight_by_functional_class	0.08381264545345836	0.0011293412273107389	AGC	176	277
protein_coding	expanded_neutral_like_T95	A[G>C]G	12	0	0.0	3.9949898831874944e-07	class_specific	pseudocount	combined_db_spectrum_weight_by_functional_class	0.08381264545345836	4.766571752476105e-06	AGG	119	188
protein_coding	expanded_neutral_like_T95	A[G>C]T	21	6	82.0	4.177007991089968e-06	class_specific	pseudocount	combined_db_spectrum_weight_by_functional_class	0.08381264545345836	4.98374436040142e-05	AGT	92	182
protein_coding	expanded_neutral_like_T95	A[G>T]A	4	0	0.0	1.956394222630913e-07	class_specific	pseudocount	combined_db_spectrum_weight_by_functional_class	0.08381264545345836	2.3342470722002328e-06	AGA	81	176
protein_coding	expanded_neutral_like_T95	A[G>T]C	19	4	86.0	2.2734745930885653e-06	class_specific	pseudocount	combined_db_spectrum_weight_by_functional_class	0.08381264545345836	2.712567513873594e-05	AGC	176	277
protein_coding	expanded_neutral_like_T95	A[G>T]G	13	3	4.0	4.66082153038541e-07	class_specific	pseudocount	combined_db_spectrum_weight_by_functional_class	0.08381264545345836	5.561000377888788e-06	AGG	119	188
protein_coding	expanded_neutral_like_T95	A[G>T]T	17	1	1.0	7.320529468920563e-07	class_specific	pseudocount	combined_db_spectrum_weight_by_functional_class	0.08381264545345836	8.734397332662282e-06	AGT	92	182
protein_coding	expanded_neutral_like_T95	A[T>A]A	34	1	2.0	5.591106472942175e-07	class_specific	pseudocount	combined_db_spectrum_weight_by_functional_class	0.08381264545345836	6.670958114604494e-06	ATA	248	361
protein_coding	expanded_neutral_like_T95	A[T>A]C	30	10	88.0	1.5172461577637612e-06	class_specific	pseudocount	combined_db_spectrum_weight_by_functional_class	0.08381264545345836	1.8102831017382655e-05	ATC	282	350
protein_coding	expanded_neutral_like_T95	A[T>A]G	28	1	78.0	3.4378373684867593e-06	class_specific	pseudocount	combined_db_spectrum_weight_by_functional_class	0.08381264545345836	4.1018122622030943e-05	ATG	121	176
protein_coding	expanded_neutral_like_T95	A[T>A]T	29	5	11.0	5.636562623128698e-07	class_specific	pseudocount	combined_db_spectrum_weight_by_functional_class	0.08381264545345836	6.725193546430548e-06	ATT	246	342
protein_coding	expanded_neutral_like_T95	A[T>C]A	97	97	94151.0	0.001504023615811368	class_specific	pseudocount	combined_db_spectrum_weight_by_functional_class	0.08381264545345836	0.017945067927089366	ATA	248	361
protein_coding	expanded_neutral_like_T95	A[T>C]C	102	100	23523.0	0.0003304927394573378	class_specific	pseudocount	combined_db_spectrum_weight_by_functional_class	0.08381264545345836	0.003943232404480805	ATC	282	350
protein_coding	expanded_neutral_like_T95	A[T>C]G	47	46	7635.0	0.0002500126299596657	class_specific	pseudocount	combined_db_spectrum_weight_by_functional_class	0.08381264545345836	0.002982994136588841	ATG	121	176
protein_coding	expanded_neutral_like_T95	A[T>C]T	104	104	97145.0	0.0015644682172109637	class_specific	pseudocount	combined_db_spectrum_weight_by_functional_class	0.08381264545345836	0.018666255059085587	ATT	246	342
protein_coding	expanded_neutral_like_T95	A[T>G]A	36	3	105.0	2.2044934093314863e-06	class_specific	pseudocount	combined_db_spectrum_weight_by_functional_class	0.08381264545345836	2.630263485186915e-05	ATA	248	361
protein_coding	expanded_neutral_like_T95	A[T>G]C	38	21	1625.0	2.306776102822311e-05	class_specific	pseudocount	combined_db_spectrum_weight_by_functional_class	0.08381264545345836	0.00027523007898650295	ATC	282	350
protein_coding	expanded_neutral_like_T95	A[T>G]G	27	2	9.0	1.113204481224284e-06	class_specific	pseudocount	combined_db_spectrum_weight_by_functional_class	0.08381264545345836	1.3282058753800496e-05	ATG	121	176
protein_coding	expanded_neutral_like_T95	A[T>G]T	30	9	24.0	7.247009086879754e-07	class_specific	pseudocount	combined_db_spectrum_weight_by_functional_class	0.08381264545345836	8.646677416839276e-06	ATT	246	342
protein_coding	expanded_neutral_like_T95	C[A>C]A	105	25	614.0	9.784407903111578e-06	class_specific	pseudocount	combined_db_spectrum_weight_by_functional_class	0.08381264545345836	0.0001167414278618006	CAA	281	424
protein_coding	expanded_neutral_like_T95	C[A>C]C	96	55	460.0	6.465181917637221e-06	class_specific	pseudocount	combined_db_spectrum_weight_by_functional_class	0.08381264545345836	7.713850198449318e-05	CAC	307	422
protein_coding	expanded_neutral_like_T95	C[A>C]G	95	38	1285.0	4.505592474331049e-05	class_specific	pseudocount	combined_db_spectrum_weight_by_functional_class	0.08381264545345836	0.0005375790789031985	CAG	118	200
protein_coding	expanded_neutral_like_T95	C[A>C]T	123	65	694.0	9.518201668442026e-06	class_specific	pseudocount	combined_db_spectrum_weight_by_functional_class	0.08381264545345836	0.00011356522177464901	CAT	313	402
protein_coding	expanded_neutral_like_T95	C[A>G]A	120	112	12439.0	0.00017548490658505738	class_specific	pseudocount	combined_db_spectrum_weight_by_functional_class	0.08381264545345836	0.002093776012385925	CAA	281	424
protein_coding	expanded_neutral_like_T95	C[A>G]C	147	146	40652.0	0.0005246088632688742	class_specific	pseudocount	combined_db_spectrum_weight_by_functional_class	0.08381264545345836	0.006259304433484235	CAC	307	422
protein_coding	expanded_neutral_like_T95	C[A>G]G	100	97	13993.0	0.0004698977069354498	class_specific	pseudocount	combined_db_spectrum_weight_by_functional_class	0.08381264545345836	0.0056065251775925225	CAG	118	200
protein_coding	expanded_neutral_like_T95	C[A>G]T	187	177	18599.0	0.00023553751974473094	class_specific	pseudocount	combined_db_spectrum_weight_by_functional_class	0.08381264545345836	0.0028102861861761213	CAT	313	402
protein_coding	expanded_neutral_like_T95	C[A>T]A	109	46	532.0	8.388649427019292e-06	class_specific	pseudocount	combined_db_spectrum_weight_by_functional_class	0.08381264545345836	0.0001000881117835322	CAA	281	424
protein_coding	expanded_neutral_like_T95	C[A>T]C	110	68	1375.0	1.8285754046490905e-05	class_specific	pseudocount	combined_db_spectrum_weight_by_functional_class	0.08381264545345836	0.00021817416629147076	CAC	307	422
protein_coding	expanded_neutral_like_T95	C[A>T]G	97	43	9875.0	0.00033335341041455276	class_specific	pseudocount	combined_db_spectrum_weight_by_functional_class	0.08381264545345836	0.0039773641389194165	CAG	118	200
protein_coding	expanded_neutral_like_T95	C[A>T]T	111	27	182.0	3.366810696549972e-06	class_specific	pseudocount	combined_db_spectrum_weight_by_functional_class	0.08381264545345836	4.0170676851139145e-05	CAT	313	402
protein_coding	expanded_neutral_like_T95	C[C>A]A	163	73	5254.0	7.05710523987423e-05	class_specific	pseudocount	combined_db_spectrum_weight_by_functional_class	0.08381264545345836	0.000842009603884068	CCA	300	425
protein_coding	expanded_neutral_like_T95	C[C>A]C	187	78	1657.0	1.7403878605128206e-05	class_specific	pseudocount	combined_db_spectrum_weight_by_functional_class	0.08381264545345836	0.00020765218077733484	CCC	402	568
protein_coding	expanded_neutral_like_T95	C[C>A]G	67	40	2214.0	9.756226255114998e-05	class_specific	pseudocount	combined_db_spectrum_weight_by_functional_class	0.08381264545345836	0.001164051820859501	CCG	91	137
protein_coding	expanded_neutral_like_T95	C[C>A]T	193	104	41618.0	0.0003924716176546714	class_specific	pseudocount	combined_db_spectrum_weight_by_functional_class	0.08381264545345836	0.004682725566425572	CCT	421	528
protein_coding	expanded_neutral_like_T95	C[C>G]A	160	37	285.0	5.387909689125534e-06	class_specific	pseudocount	combined_db_spectrum_weight_by_functional_class	0.08381264545345836	6.42851643683944e-05	CCA	300	425
protein_coding	expanded_neutral_like_T95	C[C>G]C	181	18	49.0	2.0892538302871913e-06	class_specific	pseudocount	combined_db_spectrum_weight_by_functional_class	0.08381264545345836	2.4927668360586064e-05	CCC	402	568
protein_coding	expanded_neutral_like_T95	C[C>G]G	67	5	8.0	3.047460231405845e-06	class_specific	pseudocount	combined_db_spectrum_weight_by_functional_class	0.08381264545345836	3.6360387086195925e-05	CCG	91	137
protein_coding	expanded_neutral_like_T95	C[C>G]T	159	1	1.0	1.4962233487686182e-06	class_specific	pseudocount	combined_db_spectrum_weight_by_functional_class	0.08381264545345836	1.7852000025455344e-05	CCT	421	528
protein_coding	expanded_neutral_like_T95	C[C>T]A	172	172	36962.0	0.0004881076419839657	class_specific	pseudocount	combined_db_spectrum_weight_by_functional_class	0.08381264545345836	0.005823794719079887	CCA	300	425
protein_coding	expanded_neutral_like_T95	C[C>T]C	208	202	181974.0	0.001793407603941807	class_specific	pseudocount	combined_db_spectrum_weight_by_functional_class	0.08381264545345836	0.02139781645405402	CCC	402	568
protein_coding	expanded_neutral_like_T95	C[C>T]G	67	66	15436.0	0.0006720520513173148	class_specific	pseudocount	combined_db_spectrum_weight_by_functional_class	0.08381264545345836	0.008018504220708666	CCG	91	137
protein_coding	expanded_neutral_like_T95	C[C>T]T	319	310	29043.0	0.0002733854133863264	class_specific	pseudocount	combined_db_spectrum_weight_by_functional_class	0.08381264545345836	0.0032618635518209343	CCT	421	528
protein_coding	expanded_neutral_like_T95	C[G>A]A	21	21	19929.0	0.0009747245115702866	class_specific	pseudocount	combined_db_spectrum_weight_by_functional_class	0.08381264545345836	0.011629802475469608	CGA	81	123
protein_coding	expanded_neutral_like_T95	C[G>A]C	49	49	57236.0	0.0019547565857428316	class_specific	pseudocount	combined_db_spectrum_weight_by_functional_class	0.08381264545345836	0.023322931464182444	CGC	116	148
protein_coding	expanded_neutral_like_T95	C[G>A]G	11	11	4922.0	0.00033619791442540415	class_specific	pseudocount	combined_db_spectrum_weight_by_functional_class	0.08381264545345836	0.00401130297947816	CGG	58	84
protein_coding	expanded_neutral_like_T95	C[G>A]T	24	24	28180.0	0.002146935733025418	class_specific	pseudocount	combined_db_spectrum_weight_by_functional_class	0.08381264545345836	0.025615892702225033	CGT	52	80
protein_coding	expanded_neutral_like_T95	C[G>C]A	11	5	67.0	3.5704194563014163e-06	class_specific	pseudocount	combined_db_spectrum_weight_by_functional_class	0.08381264545345836	4.2600009067654246e-05	CGA	81	123
protein_coding	expanded_neutral_like_T95	C[G>C]C	19	12	144.0	5.15703830538765e-06	class_specific	pseudocount	combined_db_spectrum_weight_by_functional_class	0.08381264545345836	6.153055159500225e-05	CGC	116	148
protein_coding	expanded_neutral_like_T95	C[G>C]G	6	2	60.0	4.371529159533902e-06	class_specific	pseudocount	combined_db_spectrum_weight_by_functional_class	0.08381264545345836	5.215834837192243e-05	CGG	58	84
protein_coding	expanded_neutral_like_T95	C[G>C]T	10	9	238.0	1.8208574882649926e-05	class_specific	pseudocount	combined_db_spectrum_weight_by_functional_class	0.08381264545345836	0.0002172533128400207	CGT	52	80
protein_coding	expanded_neutral_like_T95	C[G>T]A	9	9	49.0	2.3965829227228682e-06	class_specific	pseudocount	combined_db_spectrum_weight_by_functional_class	0.08381264545345836	2.8594526634452844e-05	CGA	81	123
protein_coding	expanded_neutral_like_T95	C[G>T]C	23	15	260.0	9.152889177774108e-06	class_specific	pseudocount	combined_db_spectrum_weight_by_functional_class	0.08381264545345836	0.0001092065419037126	CGC	116	148
protein_coding	expanded_neutral_like_T95	C[G>T]G	6	5	19.0	1.3661028623543443e-06	class_specific	pseudocount	combined_db_spectrum_weight_by_functional_class	0.08381264545345836	1.629948386622576e-05	CGG	58	84
protein_coding	expanded_neutral_like_T95	C[G>T]T	8	3	76.0	6.171106968596837e-06	class_specific	pseudocount	combined_db_spectrum_weight_by_functional_class	0.08381264545345836	7.362978384954676e-05	CGT	52	80
protein_coding	expanded_neutral_like_T95	C[T>A]A	83	33	2633.0	2.6309991438416948e-05	class_specific	pseudocount	combined_db_spectrum_weight_by_functional_class	0.08381264545345836	0.00031391434187609594	CTA	404	503
protein_coding	expanded_neutral_like_T95	C[T>A]C	59	29	4815.0	5.869855739299608e-05	class_specific	pseudocount	combined_db_spectrum_weight_by_functional_class	0.08381264545345836	0.0007003544283253978	CTC	327	405
protein_coding	expanded_neutral_like_T95	C[T>A]G	27	14	41.0	1.7252557116507284e-06	class_specific	pseudocount	combined_db_spectrum_weight_by_functional_class	0.08381264545345836	2.0584670753636727e-05	CTG	124	179
protein_coding	expanded_neutral_like_T95	C[T>A]T	43	16	2469.0	4.375397769409596e-05	class_specific	pseudocount	combined_db_spectrum_weight_by_functional_class	0.08381264545345836	0.0005220450620234007	CTT	226	325
protein_coding	expanded_neutral_like_T95	C[T>C]A	101	98	38492.0	0.00037748904972860996	class_specific	pseudocount	combined_db_spectrum_weight_by_functional_class	0.08381264545345836	0.004503962948386253	CTA	404	503
protein_coding	expanded_neutral_like_T95	C[T>C]C	69	66	77163.0	0.0009348881072833715	class_specific	pseudocount	combined_db_spectrum_weight_by_functional_class	0.08381264545345836	0.011154499446059368	CTC	327	405
protein_coding	expanded_neutral_like_T95	C[T>C]G	29	29	4539.0	0.00014501732731819734	class_specific	pseudocount	combined_db_spectrum_weight_by_functional_class	0.08381264545345836	0.0017302559361251314	CTG	124	179
protein_coding	expanded_neutral_like_T95	C[T>C]T	108	108	40212.0	0.0007049018233313247	class_specific	pseudocount	combined_db_spectrum_weight_by_functional_class	0.08381264545345836	0.008410447129040459	CTT	226	325
protein_coding	expanded_neutral_like_T95	C[T>G]A	76	28	836.0	8.668666579038607e-06	class_specific	pseudocount	combined_db_spectrum_weight_by_functional_class	0.08381264545345836	0.00010342910108776326	CTA	404	503
protein_coding	expanded_neutral_like_T95	C[T>G]C	60	30	155.0	2.2413277848718832e-06	class_specific	pseudocount	combined_db_spectrum_weight_by_functional_class	0.08381264545345836	2.6742119554220554e-05	CTC	327	405
protein_coding	expanded_neutral_like_T95	C[T>G]G	27	15	79.0	2.9073753659299314e-06	class_specific	pseudocount	combined_db_spectrum_weight_by_functional_class	0.08381264545345836	3.4688982195943376e-05	CTG	124	179
protein_coding	expanded_neutral_like_T95	C[T>G]T	42	9	44.0	1.3497821644412615e-06	class_specific	pseudocount	combined_db_spectrum_weight_by_functional_class	0.08381264545345836	1.610475551915138e-05	CTT	226	325
protein_coding	expanded_neutral_like_T95	G[A>C]A	48	2	35.0	2.6520459699755e-06	class_specific	pseudocount	combined_db_spectrum_weight_by_functional_class	0.08381264545345836	3.16425517369953e-05	GAA	121	201
protein_coding	expanded_neutral_like_T95	G[A>C]C	43	11	32.0	2.2842224437204175e-06	class_specific	pseudocount	combined_db_spectrum_weight_by_functional_class	0.08381264545345836	2.7253911761905418e-05	GAC	111	160
protein_coding	expanded_neutral_like_T95	G[A>C]G	54	6	71.0	5.749293875591271e-06	class_specific	pseudocount	combined_db_spectrum_weight_by_functional_class	0.08381264545345836	6.859697417359159e-05	GAG	82	143
protein_coding	expanded_neutral_like_T95	G[A>C]T	45	11	103.0	7.141482463333961e-06	class_specific	pseudocount	combined_db_spectrum_weight_by_functional_class	0.08381264545345836	8.520769657962494e-05	GAT	76	135
protein_coding	expanded_neutral_like_T95	G[A>G]A	53	53	11392.0	0.0003729889838266777	class_specific	pseudocount	combined_db_spectrum_weight_by_functional_class	0.08381264545345836	0.004450270980096919	GAA	121	201
protein_coding	expanded_neutral_like_T95	G[A>G]C	59	58	27453.0	0.0009798600464046927	class_specific	pseudocount	combined_db_spectrum_weight_by_functional_class	0.08381264545345836	0.011691076461114863	GAC	111	160
protein_coding	expanded_neutral_like_T95	G[A>G]G	58	57	19197.0	0.0009275205363327835	class_specific	pseudocount	combined_db_spectrum_weight_by_functional_class	0.08381264545345836	0.011066594203232027	GAG	82	143
protein_coding	expanded_neutral_like_T95	G[A>G]T	52	52	16432.0	0.000856560874726304	class_specific	pseudocount	combined_db_spectrum_weight_by_functional_class	0.08381264545345836	0.010219947957637934	GAT	76	135
protein_coding	expanded_neutral_like_T95	G[A>T]A	48	11	51.0	2.8812351278746175e-06	class_specific	pseudocount	combined_db_spectrum_weight_by_functional_class	0.08381264545345836	3.43770932451307e-05	GAA	121	201
protein_coding	expanded_neutral_like_T95	G[A>T]C	46	19	779.0	2.8766926400604004e-05	class_specific	pseudocount	combined_db_spectrum_weight_by_functional_class	0.08381264545345836	0.0003432289512514963	GAC	111	160
protein_coding	expanded_neutral_like_T95	G[A>T]G	55	9	20.0	3.1886839982270915e-06	class_specific	pseudocount	combined_db_spectrum_weight_by_functional_class	0.08381264545345836	3.8045380634092813e-05	GAG	82	143
protein_coding	expanded_neutral_like_T95	G[A>T]T	42	7	2211.0	0.00011707861031129982	class_specific	pseudocount	combined_db_spectrum_weight_by_functional_class	0.08381264545345836	0.001396908660714143	GAT	76	135
protein_coding	expanded_neutral_like_T95	G[C>A]A	38	10	100.0	3.8127622744806966e-06	class_specific	pseudocount	combined_db_spectrum_weight_by_functional_class	0.08381264545345836	4.5491491813105285e-05	GCA	133	202
protein_coding	expanded_neutral_like_T95	G[C>A]C	46	13	62.0	1.8449085224442248e-06	class_specific	pseudocount	combined_db_spectrum_weight_by_functional_class	0.08381264545345836	2.2012293162476457e-05	GCC	204	264
protein_coding	expanded_neutral_like_T95	G[C>A]G	24	13	130.0	1.5097282713964633e-05	class_specific	pseudocount	combined_db_spectrum_weight_by_functional_class	0.08381264545345836	0.0001801313230513436	GCG	37	61
protein_coding	expanded_neutral_like_T95	G[C>A]T	47	22	2963.0	0.00010117567968267407	class_specific	pseudocount	combined_db_spectrum_weight_by_functional_class	0.08381264545345836	0.001207164851261705	GCT	117	184
protein_coding	expanded_neutral_like_T95	G[C>G]A	38	4	24.0	1.7276579056240656e-06	class_specific	pseudocount	combined_db_spectrum_weight_by_functional_class	0.08381264545345836	2.0613332227813332e-05	GCA	133	202
protein_coding	expanded_neutral_like_T95	G[C>G]C	46	9	74.0	2.1556299578032522e-06	class_specific	pseudocount	combined_db_spectrum_weight_by_functional_class	0.08381264545345836	2.571962674773565e-05	GCC	204	264
protein_coding	expanded_neutral_like_T95	G[C>G]G	26	7	36.0	5.889010987716701e-06	class_specific	pseudocount	combined_db_spectrum_weight_by_functional_class	0.08381264545345836	7.02639912611624e-05	GCG	37	61
protein_coding	expanded_neutral_like_T95	G[C>G]T	46	2	28.0	2.4379681851246764e-06	class_specific	pseudocount	combined_db_spectrum_weight_by_functional_class	0.08381264545345836	2.9088309668956744e-05	GCT	117	184
protein_coding	expanded_neutral_like_T95	G[C>T]A	60	60	6022.0	0.00017937855013220902	class_specific	pseudocount	combined_db_spectrum_weight_by_functional_class	0.08381264545345836	0.0021402325288946878	GCA	133	202
protein_coding	expanded_neutral_like_T95	G[C>T]C	88	87	12146.0	0.00023589582970663157	class_specific	pseudocount	combined_db_spectrum_weight_by_functional_class	0.08381264545345836	0.002814561316258963	GCC	204	264
protein_coding	expanded_neutral_like_T95	G[C>T]G	27	27	4457.0	0.00047722403585915153	class_specific	pseudocount	combined_db_spectrum_weight_by_functional_class	0.08381264545345836	0.005693938346381833	GCG	37	61
protein_coding	expanded_neutral_like_T95	G[C>T]T	73	71	10594.0	0.0003587876512441815	class_specific	pseudocount	combined_db_spectrum_weight_by_functional_class	0.08381264545345836	0.004280829572948134	GCT	117	184
protein_coding	expanded_neutral_like_T95	G[G>A]A	5	5	3375.0	0.00016713414706616433	class_specific	pseudocount	combined_db_spectrum_weight_by_functional_class	0.08381264545345836	0.001994139979258558	GGA	80	131
protein_coding	expanded_neutral_like_T95	G[G>A]C	25	25	231436.0	0.007770166169070645	class_specific	pseudocount	combined_db_spectrum_weight_by_functional_class	0.08381264545345836	0.0927087568591957	GGC	118	158
protein_coding	expanded_neutral_like_T95	G[G>A]G	23	23	23468.0	0.001273604598956467	class_specific	pseudocount	combined_db_spectrum_weight_by_functional_class	0.08381264545345836	0.01519585251206164	GGG	73	128
protein_coding	expanded_neutral_like_T95	G[G>A]T	29	28	39849.0	0.002675825038779319	class_specific	pseudocount	combined_db_spectrum_weight_by_functional_class	0.08381264545345836	0.0319262686949217	GGT	59	122
protein_coding	expanded_neutral_like_T95	G[G>C]A	5	4	22.0	1.1389882614879347e-06	class_specific	pseudocount	combined_db_spectrum_weight_by_functional_class	0.08381264545345836	1.3589694673465729e-05	GGA	80	131
protein_coding	expanded_neutral_like_T95	G[G>C]C	15	11	5425.0	0.00018227169555248336	class_specific	pseudocount	combined_db_spectrum_weight_by_functional_class	0.08381264545345836	0.002174751728290212	GGC	118	158
protein_coding	expanded_neutral_like_T95	G[G>C]G	18	3	9.0	1.3024761536967448e-06	class_specific	pseudocount	combined_db_spectrum_weight_by_functional_class	0.08381264545345836	1.5540329823141272e-05	GGG	73	128
protein_coding	expanded_neutral_like_T95	G[G>C]T	23	10	81.0	6.3118583097931235e-06	class_specific	pseudocount	combined_db_spectrum_weight_by_functional_class	0.08381264545345836	7.530914071073123e-05	GGT	59	122
protein_coding	expanded_neutral_like_T95	G[G>T]A	4	4	13.0	6.437759738844848e-07	class_specific	pseudocount	combined_db_spectrum_weight_by_functional_class	0.08381264545345836	7.681131771958889e-06	GGA	80	131
protein_coding	expanded_neutral_like_T95	G[G>T]C	11	3	6.0	4.70032001793105e-07	class_specific	pseudocount	combined_db_spectrum_weight_by_functional_class	0.08381264545345836	5.608127499735305e-06	GGC	118	158
protein_coding	expanded_neutral_like_T95	G[G>T]G	18	7	30.0	2.225063429231939e-06	class_specific	pseudocount	combined_db_spectrum_weight_by_functional_class	0.08381264545345836	2.6548063447866343e-05	GGG	73	128
protein_coding	expanded_neutral_like_T95	G[G>T]T	21	4	37.0	3.6259611566896667e-06	class_specific	pseudocount	combined_db_spectrum_weight_by_functional_class	0.08381264545345836	4.3262697855100916e-05	GGT	59	122
protein_coding	expanded_neutral_like_T95	G[T>A]A	7	3	9.0	5.852508853495316e-07	class_specific	pseudocount	combined_db_spectrum_weight_by_functional_class	0.08381264545345836	6.9828470654171724e-06	GTA	88	167
protein_coding	expanded_neutral_like_T95	G[T>A]C	12	8	209.0	1.2054881972518265e-05	class_specific	pseudocount	combined_db_spectrum_weight_by_functional_class	0.08381264545345836	0.00014383130263096646	GTC	70	115
protein_coding	expanded_neutral_like_T95	G[T>A]G	14	5	65.0	6.6628562332100525e-06	class_specific	pseudocount	combined_db_spectrum_weight_by_functional_class	0.08381264545345836	7.949702812936474e-05	GTG	44	87
protein_coding	expanded_neutral_like_T95	G[T>A]T	20	5	30.0	2.621712110841793e-06	class_specific	pseudocount	combined_db_spectrum_weight_by_functional_class	0.08381264545345836	3.128062712562443e-05	GTT	68	137
protein_coding	expanded_neutral_like_T95	G[T>C]A	25	25	14093.0	0.0006344569790177653	class_specific	pseudocount	combined_db_spectrum_weight_by_functional_class	0.08381264545345836	0.00756994336099417	GTA	88	167
protein_coding	expanded_neutral_like_T95	G[T>C]C	25	25	12571.0	0.0007114644191386249	class_specific	pseudocount	combined_db_spectrum_weight_by_functional_class	0.08381264545345836	0.008488747912553425	GTC	70	115
protein_coding	expanded_neutral_like_T95	G[T>C]G	21	20	8652.0	0.0007791039862968457	class_specific	pseudocount	combined_db_spectrum_weight_by_functional_class	0.08381264545345836	0.009295780870316121	GTG	44	87
protein_coding	expanded_neutral_like_T95	G[T>C]T	32	32	13815.0	0.0008048656180284305	class_specific	pseudocount	combined_db_spectrum_weight_by_functional_class	0.08381264545345836	0.009603152527566702	GTT	68	137
protein_coding	expanded_neutral_like_T95	G[T>G]A	6	2	3.0	3.1513509211128624e-07	class_specific	pseudocount	combined_db_spectrum_weight_by_functional_class	0.08381264545345836	3.7599945736861696e-06	GTA	88	167
protein_coding	expanded_neutral_like_T95	G[T>G]C	12	7	137.0	8.036587981678842e-06	class_specific	pseudocount	combined_db_spectrum_weight_by_functional_class	0.08381264545345836	9.588753508731097e-05	GTC	70	115
protein_coding	expanded_neutral_like_T95	G[T>G]G	13	6	57.0	5.762470255749234e-06	class_specific	pseudocount	combined_db_spectrum_weight_by_functional_class	0.08381264545345836	6.875418649026138e-05	GTG	44	87
protein_coding	expanded_neutral_like_T95	G[T>G]T	20	9	19.0	1.7478080738945288e-06	class_specific	pseudocount	combined_db_spectrum_weight_by_functional_class	0.08381264545345836	2.085375141708296e-05	GTT	68	137
protein_coding	expanded_neutral_like_T95	T[A>C]A	190	8	24.0	3.429032983069266e-06	class_specific	pseudocount	combined_db_spectrum_weight_by_functional_class	0.08381264545345836	4.091307420875323e-05	TAA	238	402
protein_coding	expanded_neutral_like_T95	T[A>C]C	131	28	973.0	1.550104498796544e-05	class_specific	pseudocount	combined_db_spectrum_weight_by_functional_class	0.08381264545345836	0.00018494876165880313	TAC	275	364
protein_coding	expanded_neutral_like_T95	T[A>C]G	166	31	122.0	5.5636965208343874e-06	class_specific	pseudocount	combined_db_spectrum_weight_by_functional_class	0.08381264545345836	6.638254276228447e-05	TAG	183	278
protein_coding	expanded_neutral_like_T95	T[A>C]T	111	22	69.0	2.4741040771966823e-06	class_specific	pseudocount	combined_db_spectrum_weight_by_functional_class	0.08381264545345836	2.9519460503970924e-05	TAT	253	330
protein_coding	expanded_neutral_like_T95	T[A>G]A	206	197	109946.0	0.0018302879691911708	class_specific	pseudocount	combined_db_spectrum_weight_by_functional_class	0.08381264545345836	0.021837849876812924	TAA	238	402
protein_coding	expanded_neutral_like_T95	T[A>G]C	165	162	69877.0	0.0010067035536793912	class_specific	pseudocount	combined_db_spectrum_weight_by_functional_class	0.08381264545345836	0.012011356379848665	TAC	275	364
protein_coding	expanded_neutral_like_T95	T[A>G]G	172	169	309345.0	0.0066969587211170275	class_specific	pseudocount	combined_db_spectrum_weight_by_functional_class	0.08381264545345836	0.07990391765924973	TAG	183	278
protein_coding	expanded_neutral_like_T95	T[A>G]T	162	161	51339.0	0.0008039272362232764	class_specific	pseudocount	combined_db_spectrum_weight_by_functional_class	0.08381264545345836	0.009591956343505488	TAT	253	330
protein_coding	expanded_neutral_like_T95	T[A>T]A	188	47	337.0	7.956688184015094e-06	class_specific	pseudocount	combined_db_spectrum_weight_by_functional_class	0.08381264545345836	9.493422073681576e-05	TAA	238	402
protein_coding	expanded_neutral_like_T95	T[A>T]C	134	54	1058.0	1.6394227877606575e-05	class_specific	pseudocount	combined_db_spectrum_weight_by_functional_class	0.08381264545345836	0.00019560566056479368	TAC	275	364
protein_coding	expanded_neutral_like_T95	T[A>T]G	169	35	269.0	8.724395711658592e-06	class_specific	pseudocount	combined_db_spectrum_weight_by_functional_class	0.08381264545345836	0.0001040940261992243	TAG	183	278
protein_coding	expanded_neutral_like_T95	T[A>T]T	112	17	135.0	3.601543909843272e-06	class_specific	pseudocount	combined_db_spectrum_weight_by_functional_class	0.08381264545345836	4.2971366556413375e-05	TAT	253	330
protein_coding	expanded_neutral_like_T95	T[C>A]A	183	79	1033.0	1.5321261796057754e-05	class_specific	pseudocount	combined_db_spectrum_weight_by_functional_class	0.08381264545345836	0.00018280370119764014	TCA	294	394
protein_coding	expanded_neutral_like_T95	T[C>A]C	167	95	4377.0	6.206195683233094e-05	class_specific	pseudocount	combined_db_spectrum_weight_by_functional_class	0.08381264545345836	0.0007404844041916598	TCC	284	353
protein_coding	expanded_neutral_like_T95	T[C>A]G	69	26	6233.0	0.00025899602641660425	class_specific	pseudocount	combined_db_spectrum_weight_by_functional_class	0.08381264545345836	0.003090178397488076	TCG	96	120
protein_coding	expanded_neutral_like_T95	T[C>A]T	155	91	4878.0	8.057083540201643e-05	class_specific	pseudocount	combined_db_spectrum_weight_by_functional_class	0.08381264545345836	0.0009613207525677956	TCT	243	309
protein_coding	expanded_neutral_like_T95	T[C>G]A	183	22	766.0	1.2491477295466613e-05	class_specific	pseudocount	combined_db_spectrum_weight_by_functional_class	0.08381264545345836	0.00014904048461760106	TCA	294	394
protein_coding	expanded_neutral_like_T95	T[C>G]C	168	22	105.0	3.5013601179849554e-06	class_specific	pseudocount	combined_db_spectrum_weight_by_functional_class	0.08381264545345836	4.1776036289527225e-05	TCC	284	353
protein_coding	expanded_neutral_like_T95	T[C>G]G	71	3	45.0	4.663249041599153e-06	class_specific	pseudocount	combined_db_spectrum_weight_by_functional_class	0.08381264545345836	5.563896732252273e-05	TCG	96	120
protein_coding	expanded_neutral_like_T95	T[C>G]T	153	6	19.0	2.7063453413060964e-06	class_specific	pseudocount	combined_db_spectrum_weight_by_functional_class	0.08381264545345836	3.229041783210322e-05	TCT	243	309
protein_coding	expanded_neutral_like_T95	T[C>T]A	195	194	48715.0	0.0006564561034799908	class_specific	pseudocount	combined_db_spectrum_weight_by_functional_class	0.08381264545345836	0.007832423137681826	TCA	294	394
protein_coding	expanded_neutral_like_T95	T[C>T]C	181	177	12770.0	0.00017819272568581602	class_specific	pseudocount	combined_db_spectrum_weight_by_functional_class	0.08381264545345836	0.0021260840141929115	TCC	284	353
protein_coding	expanded_neutral_like_T95	T[C>T]G	74	73	12136.0	0.0005008659612202559	class_specific	pseudocount	combined_db_spectrum_weight_by_functional_class	0.08381264545345836	0.005976018994632375	TCG	96	120
protein_coding	expanded_neutral_like_T95	T[C>T]T	191	186	14579.0	0.0002377671111904103	class_specific	pseudocount	combined_db_spectrum_weight_by_functional_class	0.08381264545345836	0.0028368882750806823	TCT	243	309
protein_coding	expanded_neutral_like_T95	T[G>A]A	31	28	96840.0	0.002609950670388076	class_specific	pseudocount	combined_db_spectrum_weight_by_functional_class	0.08381264545345836	0.03114029698343547	TGA	147	211
protein_coding	expanded_neutral_like_T95	T[G>A]C	47	45	93782.0	0.004531023334692872	class_specific	pseudocount	combined_db_spectrum_weight_by_functional_class	0.08381264545345836	0.05406133299072364	TGC	82	128
protein_coding	expanded_neutral_like_T95	T[G>A]G	38	37	20620.0	0.001021177258267074	class_specific	pseudocount	combined_db_spectrum_weight_by_functional_class	0.08381264545345836	0.012184047559197253	TGG	80	139
protein_coding	expanded_neutral_like_T95	T[G>A]T	42	41	25792.0	0.0015027071216653861	class_specific	pseudocount	combined_db_spectrum_weight_by_functional_class	0.08381264545345836	0.017929360343360692	TGT	68	123
protein_coding	expanded_neutral_like_T95	T[G>C]A	30	14	216.0	6.252476229877571e-06	class_specific	pseudocount	combined_db_spectrum_weight_by_functional_class	0.08381264545345836	7.46006309197054e-05	TGA	147	211
protein_coding	expanded_neutral_like_T95	T[G>C]C	38	19	184.0	9.807618964243933e-06	class_specific	pseudocount	combined_db_spectrum_weight_by_functional_class	0.08381264545345836	0.00011701836770789153	TGC	82	128
protein_coding	expanded_neutral_like_T95	T[G>C]G	33	7	45.0	3.516007241984494e-06	class_specific	pseudocount	combined_db_spectrum_weight_by_functional_class	0.08381264545345836	4.1950796600698555e-05	TGG	80	139
protein_coding	expanded_neutral_like_T95	T[G>C]T	32	19	123.0	7.923396601655197e-06	class_specific	pseudocount	combined_db_spectrum_weight_by_functional_class	0.08381264545345836	9.45370064241094e-05	TGT	68	123
protein_coding	expanded_neutral_like_T95	T[G>T]A	30	12	1682.0	4.581555858099944e-05	class_specific	pseudocount	combined_db_spectrum_weight_by_functional_class	0.08381264545345836	0.0005466425541530136	TGA	147	211
protein_coding	expanded_neutral_like_T95	T[G>T]C	37	2	4.0	1.8842223625887359e-06	class_specific	pseudocount	combined_db_spectrum_weight_by_functional_class	0.08381264545345836	2.2481361283782114e-05	TGC	82	128
protein_coding	expanded_neutral_like_T95	T[G>T]G	32	9	20.0	2.1294128366948345e-06	class_specific	pseudocount	combined_db_spectrum_weight_by_functional_class	0.08381264545345836	2.5406820476479408e-05	TGG	80	139
protein_coding	expanded_neutral_like_T95	T[G>T]T	25	5	13.0	1.9225888812839816e-06	class_specific	pseudocount	combined_db_spectrum_weight_by_functional_class	0.08381264545345836	2.2939126558791254e-05	TGT	68	123
protein_coding	expanded_neutral_like_T95	T[T>A]A	109	18	97.0	3.5298544102160598e-06	class_specific	pseudocount	combined_db_spectrum_weight_by_functional_class	0.08381264545345836	4.211601234059851e-05	TTA	211	341
protein_coding	expanded_neutral_like_T95	T[T>A]C	85	21	303.0	6.1090053630408765e-06	class_specific	pseudocount	combined_db_spectrum_weight_by_functional_class	0.08381264545345836	7.288882638161376e-05	TTC	238	308
protein_coding	expanded_neutral_like_T95	T[T>A]G	57	11	127.0	7.615264511590829e-06	class_specific	pseudocount	combined_db_spectrum_weight_by_functional_class	0.08381264545345836	9.086056728539404e-05	TTG	90	157
protein_coding	expanded_neutral_like_T95	T[T>A]T	55	13	49.0	2.0253626144680423e-06	class_specific	pseudocount	combined_db_spectrum_weight_by_functional_class	0.08381264545345836	2.416535838369089e-05	TTT	178	285
protein_coding	expanded_neutral_like_T95	T[T>C]A	131	130	69901.0	0.0013124674626751223	class_specific	pseudocount	combined_db_spectrum_weight_by_functional_class	0.08381264545345836	0.015659539865066577	TTA	211	341
protein_coding	expanded_neutral_like_T95	T[T>C]C	97	94	50105.0	0.0008340873044448291	class_specific	pseudocount	combined_db_spectrum_weight_by_functional_class	0.08381264545345836	0.009951807390544696	TTC	238	308
protein_coding	expanded_neutral_like_T95	T[T>C]G	61	61	6859.0	0.00030192542939307224	class_specific	pseudocount	combined_db_spectrum_weight_by_functional_class	0.08381264545345836	0.003602385150349814	TTG	90	157
protein_coding	expanded_neutral_like_T95	T[T>C]T	75	74	22058.0	0.0004909612517862697	class_specific	pseudocount	combined_db_spectrum_weight_by_functional_class	0.08381264545345836	0.0058578422042399715	TTT	178	285
protein_coding	expanded_neutral_like_T95	T[T>G]A	110	5	8.0	2.121667810395823e-06	class_specific	pseudocount	combined_db_spectrum_weight_by_functional_class	0.08381264545345836	2.531441167280655e-05	TTA	211	341
protein_coding	expanded_neutral_like_T95	T[T>G]C	82	9	60.0	2.21389022693307e-06	class_specific	pseudocount	combined_db_spectrum_weight_by_functional_class	0.08381264545345836	2.6414751794971747e-05	TTC	238	308
protein_coding	expanded_neutral_like_T95	T[T>G]G	57	5	6.0	2.553094460533341e-06	class_specific	pseudocount	combined_db_spectrum_weight_by_functional_class	0.08381264545345836	3.0461924292213027e-05	TTG	90	157
protein_coding	expanded_neutral_like_T95	T[T>G]T	54	4	49.0	2.2034164706850127e-06	class_specific	pseudocount	combined_db_spectrum_weight_by_functional_class	0.08381264545345836	2.6289785494345032e-05	TTT	178	285
protein_coding	unlabeled_out_of_neutral_domain_T95	A[A>C]A	193	0	0.0	2.8424080745714744e-06	class_specific	pseudocount	combined_db_spectrum_weight_by_functional_class	0.08381264545345836	3.391383315957829e-05	AAA	269	490
protein_coding	unlabeled_out_of_neutral_domain_T95	A[A>C]C	234	17	36.0	3.264852345633168e-06	class_specific	pseudocount	combined_db_spectrum_weight_by_functional_class	0.08381264545345836	3.895417365683987e-05	AAC	307	462
protein_coding	unlabeled_out_of_neutral_domain_T95	A[A>C]G	41	1	1.0	1.9109368274580183e-06	class_specific	pseudocount	combined_db_spectrum_weight_by_functional_class	0.08381264545345836	2.2800101549344036e-05	AAG	85	202
protein_coding	unlabeled_out_of_neutral_domain_T95	A[A>C]T	193	10	12.0	3.0295339947505168e-06	class_specific	pseudocount	combined_db_spectrum_weight_by_functional_class	0.08381264545345836	3.614650245627713e-05	AAT	255	364
protein_coding	unlabeled_out_of_neutral_domain_T95	A[A>G]A	165	10	20.0	2.5773130209844976e-06	class_specific	pseudocount	combined_db_spectrum_weight_by_functional_class	0.08381264545345836	3.075088498925492e-05	AAA	269	490
protein_coding	unlabeled_out_of_neutral_domain_T95	A[A>G]C	120	64	250263.0	0.003230255234413237	class_specific	pseudocount	combined_db_spectrum_weight_by_functional_class	0.08381264545345836	0.038541382591330046	AAC	307	462
protein_coding	unlabeled_out_of_neutral_domain_T95	A[A>G]G	27	8	22.0	1.9109368274580183e-06	class_specific	pseudocount	combined_db_spectrum_weight_by_functional_class	0.08381264545345836	2.2800101549344036e-05	AAG	85	202
protein_coding	unlabeled_out_of_neutral_domain_T95	A[A>G]T	99	47	1230.0	1.9917244006513653e-05	class_specific	pseudocount	combined_db_spectrum_weight_by_functional_class	0.08381264545345836	0.00023764008281511426	AAT	255	364
protein_coding	unlabeled_out_of_neutral_domain_T95	A[A>T]A	191	9	15.0	2.9013180864796915e-06	class_specific	pseudocount	combined_db_spectrum_weight_by_functional_class	0.08381264545345836	3.461671053076126e-05	AAA	269	490
protein_coding	unlabeled_out_of_neutral_domain_T95	A[A>T]C	225	15	24.0	3.019665805842535e-06	class_specific	pseudocount	combined_db_spectrum_weight_by_functional_class	0.08381264545345836	3.6028761405930955e-05	AAC	307	462
protein_coding	unlabeled_out_of_neutral_domain_T95	A[A>T]G	38	1	1.0	1.771112181546456e-06	class_specific	pseudocount	combined_db_spectrum_weight_by_functional_class	0.08381264545345836	2.1131801435977398e-05	AAG	85	202
protein_coding	unlabeled_out_of_neutral_domain_T95	A[A>T]T	183	11	21.0	2.998461851214614e-06	class_specific	pseudocount	combined_db_spectrum_weight_by_functional_class	0.08381264545345836	3.5775769097751206e-05	AAT	255	364
protein_coding	unlabeled_out_of_neutral_domain_T95	A[C>A]A	180	0	0.0	2.4505350314397518e-06	class_specific	pseudocount	combined_db_spectrum_weight_by_functional_class	0.08381264545345836	2.9238249409518375e-05	ACA	291	425
protein_coding	unlabeled_out_of_neutral_domain_T95	A[C>A]C	216	11	13.0	2.665587128334619e-06	class_specific	pseudocount	combined_db_spectrum_weight_by_functional_class	0.08381264545345836	3.180411635872817e-05	ACC	324	473
protein_coding	unlabeled_out_of_neutral_domain_T95	A[C>A]G	35	2	2.0	1.6705956690236862e-06	class_specific	pseudocount	combined_db_spectrum_weight_by_functional_class	0.08381264545345836	1.9932501354480902e-05	ACG	83	117
protein_coding	unlabeled_out_of_neutral_domain_T95	A[C>A]T	177	5	6.0	2.350607658491042e-06	class_specific	pseudocount	combined_db_spectrum_weight_by_functional_class	0.08381264545345836	2.8045978572485793e-05	ACT	300	391
protein_coding	unlabeled_out_of_neutral_domain_T95	A[C>G]A	183	1	1.0	2.4913772819637478e-06	class_specific	pseudocount	combined_db_spectrum_weight_by_functional_class	0.08381264545345836	2.9725553566343684e-05	ACA	291	425
protein_coding	unlabeled_out_of_neutral_domain_T95	A[C>G]C	212	18	33.0	2.7756343033576078e-06	class_specific	pseudocount	combined_db_spectrum_weight_by_functional_class	0.08381264545345836	3.3117130336840795e-05	ACC	324	473
protein_coding	unlabeled_out_of_neutral_domain_T95	A[C>G]G	34	0	0.0	1.622864364194438e-06	class_specific	pseudocount	combined_db_spectrum_weight_by_functional_class	0.08381264545345836	1.9363001315781445e-05	ACG	83	117
protein_coding	unlabeled_out_of_neutral_domain_T95	A[C>G]T	190	5	7.0	2.5354869125296633e-06	class_specific	pseudocount	combined_db_spectrum_weight_by_functional_class	0.08381264545345836	3.0251842055715014e-05	ACT	300	391
protein_coding	unlabeled_out_of_neutral_domain_T95	A[C>T]A	139	25	64.0	2.4233068644237546e-06	class_specific	pseudocount	combined_db_spectrum_weight_by_functional_class	0.08381264545345836	2.8913379971634837e-05	ACA	291	425
protein_coding	unlabeled_out_of_neutral_domain_T95	A[C>T]C	143	34	77.0	2.2743082838084363e-06	class_specific	pseudocount	combined_db_spectrum_weight_by_functional_class	0.08381264545345836	2.7135622214327703e-05	ACC	324	473
protein_coding	unlabeled_out_of_neutral_domain_T95	A[C>T]G	27	3	7.0	1.4796704497066934e-06	class_specific	pseudocount	combined_db_spectrum_weight_by_functional_class	0.08381264545345836	1.7654501199683082e-05	ACG	83	117
protein_coding	unlabeled_out_of_neutral_domain_T95	A[C>T]T	80	18	154413.0	0.0020399444834011443	class_specific	pseudocount	combined_db_spectrum_weight_by_functional_class	0.08381264545345836	0.024339340112273834	ACT	300	391
protein_coding	unlabeled_out_of_neutral_domain_T95	A[G>A]A	57	11	22.0	3.3258701784725523e-06	class_specific	pseudocount	combined_db_spectrum_weight_by_functional_class	0.08381264545345836	3.9682200227403956e-05	AGA	81	176
protein_coding	unlabeled_out_of_neutral_domain_T95	A[G>A]C	100	55	307.0	7.923396601655197e-06	class_specific	pseudocount	combined_db_spectrum_weight_by_functional_class	0.08381264545345836	9.45370064241094e-05	AGC	176	277
protein_coding	unlabeled_out_of_neutral_domain_T95	A[G>A]G	91	28	71.0	4.461072036226035e-06	class_specific	pseudocount	combined_db_spectrum_weight_by_functional_class	0.08381264545345836	5.322671790264983e-05	AGG	119	188
protein_coding	unlabeled_out_of_neutral_domain_T95	A[G>A]T	32	20	82.0	4.0478221769325464e-06	class_specific	pseudocount	combined_db_spectrum_weight_by_functional_class	0.08381264545345836	4.82960793688385e-05	AGT	92	182
protein_coding	unlabeled_out_of_neutral_domain_T95	A[G>C]A	72	2	3.0	3.5704194563014163e-06	class_specific	pseudocount	combined_db_spectrum_weight_by_functional_class	0.08381264545345836	4.2600009067654246e-05	AGA	81	176
protein_coding	unlabeled_out_of_neutral_domain_T95	A[G>C]C	151	14	36.0	3.8941693525180374e-06	class_specific	pseudocount	combined_db_spectrum_weight_by_functional_class	0.08381264545345836	4.646279008912196e-05	AGC	176	277
protein_coding	unlabeled_out_of_neutral_domain_T95	A[G>C]G	107	2	3.0	3.595490894868745e-06	class_specific	pseudocount	combined_db_spectrum_weight_by_functional_class	0.08381264545345836	4.289914577228494e-05	AGG	119	188
protein_coding	unlabeled_out_of_neutral_domain_T95	A[G>C]T	71	12	18.0	3.3157692300404904e-06	class_specific	pseudocount	combined_db_spectrum_weight_by_functional_class	0.08381264545345836	3.956168203617622e-05	AGT	92	182
protein_coding	unlabeled_out_of_neutral_domain_T95	A[G>T]A	77	3	4.0	3.814968734130281e-06	class_specific	pseudocount	combined_db_spectrum_weight_by_functional_class	0.08381264545345836	4.5517817907904536e-05	AGA	81	176
protein_coding	unlabeled_out_of_neutral_domain_T95	A[G>T]C	157	17	28.0	3.781621105335435e-06	class_specific	pseudocount	combined_db_spectrum_weight_by_functional_class	0.08381264545345836	4.511993488423403e-05	AGC	176	277
protein_coding	unlabeled_out_of_neutral_domain_T95	A[G>T]G	106	2	2.0	3.5289077301489534e-06	class_specific	pseudocount	combined_db_spectrum_weight_by_functional_class	0.08381264545345836	4.210471714687226e-05	AGG	119	188
protein_coding	unlabeled_out_of_neutral_domain_T95	A[G>T]T	75	2	2.0	3.2296453539355424e-06	class_specific	pseudocount	combined_db_spectrum_weight_by_functional_class	0.08381264545345836	3.8534105879392426e-05	AGT	92	182
protein_coding	unlabeled_out_of_neutral_domain_T95	A[T>A]A	214	5	6.0	3.4345368333787648e-06	class_specific	pseudocount	combined_db_spectrum_weight_by_functional_class	0.08381264545345836	4.0978742703999036e-05	ATA	248	361
protein_coding	unlabeled_out_of_neutral_domain_T95	A[T>A]C	252	10	11.0	3.554289610316959e-06	class_specific	pseudocount	combined_db_spectrum_weight_by_functional_class	0.08381264545345836	4.240755784627603e-05	ATC	282	350
protein_coding	unlabeled_out_of_neutral_domain_T95	A[T>A]G	93	1	1.0	3.0449416692311296e-06	class_specific	pseudocount	combined_db_spectrum_weight_by_functional_class	0.08381264545345836	3.6330337179513124e-05	ATG	121	176
protein_coding	unlabeled_out_of_neutral_domain_T95	A[T>A]T	217	8	11.0	3.5429822202523244e-06	class_specific	pseudocount	combined_db_spectrum_weight_by_functional_class	0.08381264545345836	4.227264514899202e-05	ATT	246	342
protein_coding	unlabeled_out_of_neutral_domain_T95	A[T>C]A	147	73	272.0	5.527208113251407e-06	class_specific	pseudocount	combined_db_spectrum_weight_by_functional_class	0.08381264545345836	6.594718593294729e-05	ATA	248	361
protein_coding	unlabeled_out_of_neutral_domain_T95	A[T>C]C	177	95	310.0	5.50704160966106e-06	class_specific	pseudocount	combined_db_spectrum_weight_by_functional_class	0.08381264545345836	6.570657184087038e-05	ATC	282	350
protein_coding	unlabeled_out_of_neutral_domain_T95	A[T>C]G	73	12	35.0	3.143165594045037e-06	class_specific	pseudocount	combined_db_spectrum_weight_by_functional_class	0.08381264545345836	3.750228354014258e-05	ATG	121	176
protein_coding	unlabeled_out_of_neutral_domain_T95	A[T>C]T	141	66	34623.0	0.0005587927139923416	class_specific	pseudocount	combined_db_spectrum_weight_by_functional_class	0.08381264545345836	0.006667164733544205	ATT	246	342
protein_coding	unlabeled_out_of_neutral_domain_T95	A[T>G]A	212	2	2.0	3.386613063610689e-06	class_specific	pseudocount	combined_db_spectrum_weight_by_functional_class	0.08381264545345836	4.0406946294175796e-05	ATA	248	361
protein_coding	unlabeled_out_of_neutral_domain_T95	A[T>G]C	244	18	54.0	3.933601149757899e-06	class_specific	pseudocount	combined_db_spectrum_weight_by_functional_class	0.08381264545345836	4.6933265600621696e-05	ATC	282	350
protein_coding	unlabeled_out_of_neutral_domain_T95	A[T>G]G	94	5	5.0	3.077682977502432e-06	class_specific	pseudocount	combined_db_spectrum_weight_by_functional_class	0.08381264545345836	3.672098596638961e-05	ATG	121	176
protein_coding	unlabeled_out_of_neutral_domain_T95	A[T>G]T	216	7	8.0	3.4946688263397927e-06	class_specific	pseudocount	combined_db_spectrum_weight_by_functional_class	0.08381264545345836	4.16961999878694e-05	ATT	246	342
protein_coding	unlabeled_out_of_neutral_domain_T95	C[A>C]A	176	5	5.0	2.4813484019418413e-06	class_specific	pseudocount	combined_db_spectrum_weight_by_functional_class	0.08381264545345836	2.9605895250254905e-05	CAA	281	424
protein_coding	unlabeled_out_of_neutral_domain_T95	C[A>C]C	211	12	17.0	2.7873838207777244e-06	class_specific	pseudocount	combined_db_spectrum_weight_by_functional_class	0.08381264545345836	3.325731822085934e-05	CAC	307	422
protein_coding	unlabeled_out_of_neutral_domain_T95	C[A>C]G	23	0	0.0	7.721954315172439e-07	class_specific	pseudocount	combined_db_spectrum_weight_by_functional_class	0.08381264545345836	9.213352320993714e-06	CAG	118	200
protein_coding	unlabeled_out_of_neutral_domain_T95	C[A>C]T	189	22	57.0	2.8352090076210295e-06	class_specific	pseudocount	combined_db_spectrum_weight_by_functional_class	0.08381264545345836	3.382793840095928e-05	CAT	313	402
protein_coding	unlabeled_out_of_neutral_domain_T95	C[A>G]A	160	19	25.0	2.340362697286055e-06	class_specific	pseudocount	combined_db_spectrum_weight_by_functional_class	0.08381264545345836	2.792374211103588e-05	CAA	281	424
protein_coding	unlabeled_out_of_neutral_domain_T95	C[A>G]C	157	45	254886.0	0.003290635645975362	class_specific	pseudocount	combined_db_spectrum_weight_by_functional_class	0.08381264545345836	0.039261803850382825	CAC	307	422
protein_coding	unlabeled_out_of_neutral_domain_T95	C[A>G]G	18	4	5.0	6.37900573862071e-07	class_specific	pseudocount	combined_db_spectrum_weight_by_functional_class	0.08381264545345836	7.611030178212198e-06	CAG	118	200
protein_coding	unlabeled_out_of_neutral_domain_T95	C[A>G]T	126	51	119.0	2.455493515528927e-06	class_specific	pseudocount	combined_db_spectrum_weight_by_functional_class	0.08381264545345836	2.929741093654509e-05	CAT	313	402
protein_coding	unlabeled_out_of_neutral_domain_T95	C[A>T]A	172	8	13.0	2.49544697240742e-06	class_specific	pseudocount	combined_db_spectrum_weight_by_functional_class	0.08381264545345836	2.977411056417681e-05	CAA	281	424
protein_coding	unlabeled_out_of_neutral_domain_T95	C[A>T]C	195	20	54.0	2.9551430322134207e-06	class_specific	pseudocount	combined_db_spectrum_weight_by_functional_class	0.08381264545345836	3.525891607674439e-05	CAC	307	422
protein_coding	unlabeled_out_of_neutral_domain_T95	C[A>T]G	21	0	0.0	7.050480026896575e-07	class_specific	pseudocount	combined_db_spectrum_weight_by_functional_class	0.08381264545345836	8.412191249602957e-06	CAG	118	200
protein_coding	unlabeled_out_of_neutral_domain_T95	C[A>T]T	202	9	9.0	2.556750980086821e-06	class_specific	pseudocount	combined_db_spectrum_weight_by_functional_class	0.08381264545345836	3.050555159372221e-05	CAT	313	402
protein_coding	unlabeled_out_of_neutral_domain_T95	C[C>A]A	136	2	5.0	1.8355868793834541e-06	class_specific	pseudocount	combined_db_spectrum_weight_by_functional_class	0.08381264545345836	2.1901073154918683e-05	CCA	300	425
protein_coding	unlabeled_out_of_neutral_domain_T95	C[C>A]C	215	3	6.0	2.1483836556726777e-06	class_specific	pseudocount	combined_db_spectrum_weight_by_functional_class	0.08381264545345836	2.5633168408527178e-05	CCC	402	568
protein_coding	unlabeled_out_of_neutral_domain_T95	C[C>A]G	24	0	0.0	1.0448435079105753e-06	class_specific	pseudocount	combined_db_spectrum_weight_by_functional_class	0.08381264545345836	1.2466418429552888e-05	CCG	91	137
protein_coding	unlabeled_out_of_neutral_domain_T95	C[C>A]T	227	31	45.0	2.267860547504635e-06	class_specific	pseudocount	combined_db_spectrum_weight_by_functional_class	0.08381264545345836	2.7058691862482626e-05	CCT	421	528
protein_coding	unlabeled_out_of_neutral_domain_T95	C[C>G]A	140	2	2.0	1.8487925403862127e-06	class_specific	pseudocount	combined_db_spectrum_weight_by_functional_class	0.08381264545345836	2.2058634832292198e-05	CCA	300	425
protein_coding	unlabeled_out_of_neutral_domain_T95	C[C>G]C	221	1	1.0	2.177948568365421e-06	class_specific	pseudocount	combined_db_spectrum_weight_by_functional_class	0.08381264545345836	2.5985918432497734e-05	CCC	402	568
protein_coding	unlabeled_out_of_neutral_domain_T95	C[C>G]G	24	0	0.0	1.0448435079105753e-06	class_specific	pseudocount	combined_db_spectrum_weight_by_functional_class	0.08381264545345836	1.2466418429552888e-05	CCG	91	137
protein_coding	unlabeled_out_of_neutral_domain_T95	C[C>G]T	262	1	1.0	2.4654749520589807e-06	class_specific	pseudocount	combined_db_spectrum_weight_by_functional_class	0.08381264545345836	2.9416503186599366e-05	CCT	421	528
protein_coding	unlabeled_out_of_neutral_domain_T95	C[C>T]A	128	9	14.0	1.756352913366902e-06	class_specific	pseudocount	combined_db_spectrum_weight_by_functional_class	0.08381264545345836	2.0955703090677586e-05	CCA	300	425
protein_coding	unlabeled_out_of_neutral_domain_T95	C[C>T]C	193	23	59.0	2.2567883355460697e-06	class_specific	pseudocount	combined_db_spectrum_weight_by_functional_class	0.08381264545345836	2.6926585163085887e-05	CCC	402	568
protein_coding	unlabeled_out_of_neutral_domain_T95	C[C>T]G	24	2	2.0	1.0448435079105753e-06	class_specific	pseudocount	combined_db_spectrum_weight_by_functional_class	0.08381264545345836	1.2466418429552888e-05	CCG	91	137
protein_coding	unlabeled_out_of_neutral_domain_T95	C[C>T]T	101	16	25.0	1.0351230714751446e-06	class_specific	pseudocount	combined_db_spectrum_weight_by_functional_class	0.08381264545345836	1.2350440269182941e-05	CCT	421	528
protein_coding	unlabeled_out_of_neutral_domain_T95	C[G>A]A	56	22	46.0	3.912788445261826e-06	class_specific	pseudocount	combined_db_spectrum_weight_by_functional_class	0.08381264545345836	4.6684941444004645e-05	CGA	81	123
protein_coding	unlabeled_out_of_neutral_domain_T95	C[G>A]C	64	36	145.0	5.908394879682539e-06	class_specific	pseudocount	combined_db_spectrum_weight_by_functional_class	0.08381264545345836	7.04952677214264e-05	CGC	116	148
protein_coding	unlabeled_out_of_neutral_domain_T95	C[G>A]G	45	10	16.0	3.483562299003578e-06	class_specific	pseudocount	combined_db_spectrum_weight_by_functional_class	0.08381264545345836	4.156368385887569e-05	CGG	58	84
protein_coding	unlabeled_out_of_neutral_domain_T95	C[G>A]T	26	16	116.0	9.599499728928413e-06	class_specific	pseudocount	combined_db_spectrum_weight_by_functional_class	0.08381264545345836	0.00011453521932151718	CGT	52	80
protein_coding	unlabeled_out_of_neutral_domain_T95	C[G>C]A	70	5	12.0	3.7660588785645076e-06	class_specific	pseudocount	combined_db_spectrum_weight_by_functional_class	0.08381264545345836	4.493425613985448e-05	CGA	81	123
protein_coding	unlabeled_out_of_neutral_domain_T95	C[G>C]C	96	5	6.0	3.3127994412092847e-06	class_specific	pseudocount	combined_db_spectrum_weight_by_functional_class	0.08381264545345836	3.952624837559747e-05	CGC	116	148
protein_coding	unlabeled_out_of_neutral_domain_T95	C[G>C]G	52	1	1.0	3.551867442121295e-06	class_specific	pseudocount	combined_db_spectrum_weight_by_functional_class	0.08381264545345836	4.2378658052186974e-05	CGG	58	84
protein_coding	unlabeled_out_of_neutral_domain_T95	C[G>C]T	42	6	11.0	3.5807657719018683e-06	class_specific	pseudocount	combined_db_spectrum_weight_by_functional_class	0.08381264545345836	4.272345482628022e-05	CGT	52	80
protein_coding	unlabeled_out_of_neutral_domain_T95	C[G>T]A	72	1	1.0	3.5215096007356436e-06	class_specific	pseudocount	combined_db_spectrum_weight_by_functional_class	0.08381264545345836	4.201644729960419e-05	CGA	81	123
protein_coding	unlabeled_out_of_neutral_domain_T95	C[G>T]C	93	9	12.0	3.2786468696504263e-06	class_specific	pseudocount	combined_db_spectrum_weight_by_functional_class	0.08381264545345836	3.911876127894182e-05	CGC	116	148
protein_coding	unlabeled_out_of_neutral_domain_T95	C[G>T]G	52	1	1.0	3.551867442121295e-06	class_specific	pseudocount	combined_db_spectrum_weight_by_functional_class	0.08381264545345836	4.2378658052186974e-05	CGG	58	84
protein_coding	unlabeled_out_of_neutral_domain_T95	C[G>T]T	44	1	1.0	3.35220625454643e-06	class_specific	pseudocount	combined_db_spectrum_weight_by_functional_class	0.08381264545345836	3.9996425794815525e-05	CGT	52	80
protein_coding	unlabeled_out_of_neutral_domain_T95	C[T>A]A	321	2	2.0	3.1477850360536118e-06	class_specific	pseudocount	combined_db_spectrum_weight_by_functional_class	0.08381264545345836	3.75573998293801e-05	CTA	404	503
protein_coding	unlabeled_out_of_neutral_domain_T95	C[T>A]C	268	10	11.0	3.2590117520569544e-06	class_specific	pseudocount	combined_db_spectrum_weight_by_functional_class	0.08381264545345836	3.888448735181259e-05	CTC	327	405
protein_coding	unlabeled_out_of_neutral_domain_T95	C[T>A]G	97	3	3.0	3.0990704450022344e-06	class_specific	pseudocount	combined_db_spectrum_weight_by_functional_class	0.08381264545345836	3.697616783523634e-05	CTG	124	179
protein_coding	unlabeled_out_of_neutral_domain_T95	C[T>A]T	183	14	30.0	3.4883980613481953e-06	class_specific	pseudocount	combined_db_spectrum_weight_by_functional_class	0.08381264545345836	4.162138114689773e-05	CTT	226	325
protein_coding	unlabeled_out_of_neutral_domain_T95	C[T>C]A	299	56	138.0	3.7361560708299877e-06	class_specific	pseudocount	combined_db_spectrum_weight_by_functional_class	0.08381264545345836	4.457747456384367e-05	CTA	404	503
protein_coding	unlabeled_out_of_neutral_domain_T95	C[T>C]C	252	48	84.0	3.4892021732059583e-06	class_specific	pseudocount	combined_db_spectrum_weight_by_functional_class	0.08381264545345836	4.163097530602983e-05	CTC	327	405
protein_coding	unlabeled_out_of_neutral_domain_T95	C[T>C]G	94	8	12.0	3.131019624847618e-06	class_specific	pseudocount	combined_db_spectrum_weight_by_functional_class	0.08381264545345836	3.7357365441785165e-05	CTG	124	179
protein_coding	unlabeled_out_of_neutral_domain_T95	C[T>C]T	117	38	123.0	3.5409869768459066e-06	class_specific	pseudocount	combined_db_spectrum_weight_by_functional_class	0.08381264545345836	4.224883915413739e-05	CTT	226	325
protein_coding	unlabeled_out_of_neutral_domain_T95	C[T>G]A	327	3	3.0	3.206622139531249e-06	class_specific	pseudocount	combined_db_spectrum_weight_by_functional_class	0.08381264545345836	3.8259407302826456e-05	CTA	404	503
protein_coding	unlabeled_out_of_neutral_domain_T95	C[T>G]C	267	15	19.0	3.283242322704218e-06	class_specific	pseudocount	combined_db_spectrum_weight_by_functional_class	0.08381264545345836	3.917359134699335e-05	CTC	327	405
protein_coding	unlabeled_out_of_neutral_domain_T95	C[T>G]G	96	2	2.0	3.0671212651568504e-06	class_specific	pseudocount	combined_db_spectrum_weight_by_functional_class	0.08381264545345836	3.6594970228687514e-05	CTG	124	179
protein_coding	unlabeled_out_of_neutral_domain_T95	C[T>G]T	184	5	6.0	3.242983122358875e-06	class_specific	pseudocount	combined_db_spectrum_weight_by_functional_class	0.08381264545345836	3.869324377977929e-05	CTT	226	325
protein_coding	unlabeled_out_of_neutral_domain_T95	G[A>C]A	73	1	1.0	2.3901155038050805e-06	class_specific	pseudocount	combined_db_spectrum_weight_by_functional_class	0.08381264545345836	2.851736144198342e-05	GAA	121	201
protein_coding	unlabeled_out_of_neutral_domain_T95	G[A>C]C	68	4	4.0	2.4269863464529437e-06	class_specific	pseudocount	combined_db_spectrum_weight_by_functional_class	0.08381264545345836	2.8957281247024507e-05	GAC	111	160
protein_coding	unlabeled_out_of_neutral_domain_T95	G[A>C]G	28	0	0.0	1.3527750295508873e-06	class_specific	pseudocount	combined_db_spectrum_weight_by_functional_class	0.08381264545345836	1.6140464511433314e-05	GAG	82	143
protein_coding	unlabeled_out_of_neutral_domain_T95	G[A>C]T	31	2	4.0	1.7202111043067205e-06	class_specific	pseudocount	combined_db_spectrum_weight_by_functional_class	0.08381264545345836	2.052448165786586e-05	GAT	76	135
protein_coding	unlabeled_out_of_neutral_domain_T95	G[A>G]A	68	16	33.0	2.7830112030607098e-06	class_specific	pseudocount	combined_db_spectrum_weight_by_functional_class	0.08381264545345836	3.320514688450124e-05	GAA	121	201
protein_coding	unlabeled_out_of_neutral_domain_T95	G[A>G]C	51	13	45.0	2.962350981699916e-06	class_specific	pseudocount	combined_db_spectrum_weight_by_functional_class	0.08381264545345836	3.5344916816221085e-05	GAC	111	160
protein_coding	unlabeled_out_of_neutral_domain_T95	G[A>G]G	24	6	21.0	1.8842223625887359e-06	class_specific	pseudocount	combined_db_spectrum_weight_by_functional_class	0.08381264545345836	2.2481361283782114e-05	GAG	82	143
protein_coding	unlabeled_out_of_neutral_domain_T95	G[A>G]T	24	10	20.0	1.7723387135281364e-06	class_specific	pseudocount	combined_db_spectrum_weight_by_functional_class	0.08381264545345836	2.114643564749816e-05	GAT	76	135
protein_coding	unlabeled_out_of_neutral_domain_T95	G[A>T]A	73	2	4.0	2.4555981203476852e-06	class_specific	pseudocount	combined_db_spectrum_weight_by_functional_class	0.08381264545345836	2.9298659015736387e-05	GAA	121	201
protein_coding	unlabeled_out_of_neutral_domain_T95	G[A>T]C	65	0	0.0	2.319913419403549e-06	class_specific	pseudocount	combined_db_spectrum_weight_by_functional_class	0.08381264545345836	2.767975413318519e-05	GAC	111	160
protein_coding	unlabeled_out_of_neutral_domain_T95	G[A>T]G	27	0	0.0	1.3044616356383556e-06	class_specific	pseudocount	combined_db_spectrum_weight_by_functional_class	0.08381264545345836	1.5564019350310696e-05	GAG	82	143
protein_coding	unlabeled_out_of_neutral_domain_T95	G[A>T]T	34	0	0.0	1.7723387135281364e-06	class_specific	pseudocount	combined_db_spectrum_weight_by_functional_class	0.08381264545345836	2.114643564749816e-05	GAT	76	135
protein_coding	unlabeled_out_of_neutral_domain_T95	G[C>A]A	95	1	1.0	2.829784500591142e-06	class_specific	pseudocount	combined_db_spectrum_weight_by_functional_class	0.08381264545345836	3.3763216580039075e-05	GCA	133	202
protein_coding	unlabeled_out_of_neutral_domain_T95	G[C>A]C	158	4	5.0	3.087794263880334e-06	class_specific	pseudocount	combined_db_spectrum_weight_by_functional_class	0.08381264545345836	3.684162750351322e-05	GCC	204	264
protein_coding	unlabeled_out_of_neutral_domain_T95	G[C>A]G	13	0	0.0	1.3919480516421294e-06	class_specific	pseudocount	combined_db_spectrum_weight_by_functional_class	0.08381264545345836	1.6607852479911113e-05	GCG	37	61
protein_coding	unlabeled_out_of_neutral_domain_T95	G[C>A]T	70	1	1.0	2.370246846648991e-06	class_specific	pseudocount	combined_db_spectrum_weight_by_functional_class	0.08381264545345836	2.828030106704128e-05	GCT	117	184
protein_coding	unlabeled_out_of_neutral_domain_T95	G[C>G]A	95	2	3.0	2.8595717058605227e-06	class_specific	pseudocount	combined_db_spectrum_weight_by_functional_class	0.08381264545345836	3.4118618859828964e-05	GCA	133	202
protein_coding	unlabeled_out_of_neutral_domain_T95	G[C>G]C	158	8	15.0	3.2043148021399693e-06	class_specific	pseudocount	combined_db_spectrum_weight_by_functional_class	0.08381264545345836	3.823187759798542e-05	GCC	204	264
protein_coding	unlabeled_out_of_neutral_domain_T95	G[C>G]G	11	0	0.0	1.17780219754334e-06	class_specific	pseudocount	combined_db_spectrum_weight_by_functional_class	0.08381264545345836	1.405279825223248e-05	GCG	37	61
protein_coding	unlabeled_out_of_neutral_domain_T95	G[C>G]T	71	2	2.0	2.4041075158868336e-06	class_specific	pseudocount	combined_db_spectrum_weight_by_functional_class	0.08381264545345836	2.8684305367999013e-05	GCT	117	184
protein_coding	unlabeled_out_of_neutral_domain_T95	G[C>T]A	72	16	44.0	2.978720526938044e-06	class_specific	pseudocount	combined_db_spectrum_weight_by_functional_class	0.08381264545345836	3.55402279789885e-05	GCA	133	202
protein_coding	unlabeled_out_of_neutral_domain_T95	G[C>T]C	115	34	80.0	3.1266344433002126e-06	class_specific	pseudocount	combined_db_spectrum_weight_by_functional_class	0.08381264545345836	3.7305044201670626e-05	GCC	204	264
protein_coding	unlabeled_out_of_neutral_domain_T95	G[C>T]G	9	2	22.0	3.1051148844324424e-06	class_specific	pseudocount	combined_db_spectrum_weight_by_functional_class	0.08381264545345836	3.7048286301340174e-05	GCG	37	61
protein_coding	unlabeled_out_of_neutral_domain_T95	G[C>T]T	43	7	13.0	1.6591727926542937e-06	class_specific	pseudocount	combined_db_spectrum_weight_by_functional_class	0.08381264545345836	1.9796210746928895e-05	GCT	117	184
protein_coding	unlabeled_out_of_neutral_domain_T95	G[G>A]A	74	18	58.0	5.6454200786793284e-06	class_specific	pseudocount	combined_db_spectrum_weight_by_functional_class	0.08381264545345836	6.735761707717796e-05	GGA	80	131
protein_coding	unlabeled_out_of_neutral_domain_T95	G[G>A]C	93	25	196.0	8.863460605241407e-06	class_specific	pseudocount	combined_db_spectrum_weight_by_functional_class	0.08381264545345836	0.00010575326142358001	GGC	118	158
protein_coding	unlabeled_out_of_neutral_domain_T95	G[G>A]G	50	11	19.0	3.1476507047671335e-06	class_specific	pseudocount	combined_db_spectrum_weight_by_functional_class	0.08381264545345836	3.755579707259141e-05	GGG	73	128
protein_coding	unlabeled_out_of_neutral_domain_T95	G[G>A]T	30	9	16.0	2.4844548666206978e-06	class_specific	pseudocount	combined_db_spectrum_weight_by_functional_class	0.08381264545345836	2.964295964145804e-05	GGT	59	122
protein_coding	unlabeled_out_of_neutral_domain_T95	G[G>C]A	75	5	14.0	4.159783215868979e-06	class_specific	pseudocount	combined_db_spectrum_weight_by_functional_class	0.08381264545345836	4.963192837265744e-05	GGA	80	131
protein_coding	unlabeled_out_of_neutral_domain_T95	G[G>C]C	102	21	56.0	4.59959887468967e-06	class_specific	pseudocount	combined_db_spectrum_weight_by_functional_class	0.08381264545345836	5.487953339026691e-05	GGC	118	158
protein_coding	unlabeled_out_of_neutral_domain_T95	G[G>C]G	55	1	1.0	2.9848411855550404e-06	class_specific	pseudocount	combined_db_spectrum_weight_by_functional_class	0.08381264545345836	3.561325584469875e-05	GGG	73	128
protein_coding	unlabeled_out_of_neutral_domain_T95	G[G>C]T	36	1	2.0	2.4844548666206978e-06	class_specific	pseudocount	combined_db_spectrum_weight_by_functional_class	0.08381264545345836	2.964295964145804e-05	GGT	59	122
protein_coding	unlabeled_out_of_neutral_domain_T95	G[G>T]A	76	2	4.0	3.862655843306909e-06	class_specific	pseudocount	combined_db_spectrum_weight_by_functional_class	0.08381264545345836	4.6086790631753344e-05	GGA	80	131
protein_coding	unlabeled_out_of_neutral_domain_T95	G[G>T]C	107	4	8.0	3.7266822999310464e-06	class_specific	pseudocount	combined_db_spectrum_weight_by_functional_class	0.08381264545345836	4.446443946218706e-05	GGC	118	158
protein_coding	unlabeled_out_of_neutral_domain_T95	G[G>T]G	55	2	2.0	2.9848411855550404e-06	class_specific	pseudocount	combined_db_spectrum_weight_by_functional_class	0.08381264545345836	3.561325584469875e-05	GGG	73	128
protein_coding	unlabeled_out_of_neutral_domain_T95	G[G>T]T	38	2	2.0	2.551602295448284e-06	class_specific	pseudocount	combined_db_spectrum_weight_by_functional_class	0.08381264545345836	3.0444120712848793e-05	GGT	59	122
protein_coding	unlabeled_out_of_neutral_domain_T95	G[T>A]A	81	1	1.0	3.6465632087163124e-06	class_specific	pseudocount	combined_db_spectrum_weight_by_functional_class	0.08381264545345836	4.3508508638368536e-05	GTA	88	167
protein_coding	unlabeled_out_of_neutral_domain_T95	G[T>A]C	58	1	1.0	3.2825500206857245e-06	class_specific	pseudocount	combined_db_spectrum_weight_by_functional_class	0.08381264545345836	3.9165331232845326e-05	GTC	70	115
protein_coding	unlabeled_out_of_neutral_domain_T95	G[T>A]G	30	0	0.0	2.7011579323824535e-06	class_specific	pseudocount	combined_db_spectrum_weight_by_functional_class	0.08381264545345836	3.222852491731003e-05	GTG	44	87
protein_coding	unlabeled_out_of_neutral_domain_T95	G[T>A]T	48	0	0.0	2.796492918231246e-06	class_specific	pseudocount	combined_db_spectrum_weight_by_functional_class	0.08381264545345836	3.336600226733273e-05	GTT	68	137
protein_coding	unlabeled_out_of_neutral_domain_T95	G[T>C]A	62	32	107.0	6.167643945606602e-06	class_specific	pseudocount	combined_db_spectrum_weight_by_functional_class	0.08381264545345836	7.358846522785789e-05	GTA	88	167
protein_coding	unlabeled_out_of_neutral_domain_T95	G[T>C]C	44	32	273.0	1.612977165336951e-05	class_specific	pseudocount	combined_db_spectrum_weight_by_functional_class	0.08381264545345836	0.00019245033450622273	GTC	70	115
protein_coding	unlabeled_out_of_neutral_domain_T95	G[T>C]G	23	7	12.0	2.52108073689029e-06	class_specific	pseudocount	combined_db_spectrum_weight_by_functional_class	0.08381264545345836	3.0079956589489357e-05	GTG	44	87
protein_coding	unlabeled_out_of_neutral_domain_T95	G[T>C]T	35	22	142.0	9.030341715121733e-06	class_specific	pseudocount	combined_db_spectrum_weight_by_functional_class	0.08381264545345836	0.00010774438232159528	GTT	68	137
protein_coding	unlabeled_out_of_neutral_domain_T95	G[T>G]A	82	5	7.0	3.781621105335435e-06	class_specific	pseudocount	combined_db_spectrum_weight_by_functional_class	0.08381264545345836	4.511993488423403e-05	GTA	88	167
protein_coding	unlabeled_out_of_neutral_domain_T95	G[T>G]C	58	4	4.0	3.2825500206857245e-06	class_specific	pseudocount	combined_db_spectrum_weight_by_functional_class	0.08381264545345836	3.9165331232845326e-05	GTC	70	115
protein_coding	unlabeled_out_of_neutral_domain_T95	G[T>G]G	31	3	3.0	2.791196530128535e-06	class_specific	pseudocount	combined_db_spectrum_weight_by_functional_class	0.08381264545345836	3.3302809081220357e-05	GTG	44	87
protein_coding	unlabeled_out_of_neutral_domain_T95	G[T>G]T	48	1	1.0	2.796492918231246e-06	class_specific	pseudocount	combined_db_spectrum_weight_by_functional_class	0.08381264545345836	3.336600226733273e-05	GTT	68	137
protein_coding	unlabeled_out_of_neutral_domain_T95	T[A>C]A	48	0	0.0	7.989979766374989e-07	class_specific	pseudocount	combined_db_spectrum_weight_by_functional_class	0.08381264545345836	9.53314350495221e-06	TAA	238	402
protein_coding	unlabeled_out_of_neutral_domain_T95	T[A>C]C	144	3	3.0	2.0744892920697247e-06	class_specific	pseudocount	combined_db_spectrum_weight_by_functional_class	0.08381264545345836	2.4751507136494105e-05	TAC	275	364
protein_coding	unlabeled_out_of_neutral_domain_T95	T[A>C]G	17	0	0.0	3.6802661810966764e-07	class_specific	pseudocount	combined_db_spectrum_weight_by_functional_class	0.08381264545345836	4.3910631399176505e-06	TAG	183	278
protein_coding	unlabeled_out_of_neutral_domain_T95	T[A>C]T	142	11	51.0	2.8499173547455454e-06	class_specific	pseudocount	combined_db_spectrum_weight_by_functional_class	0.08381264545345836	3.400342918811841e-05	TAT	253	330
protein_coding	unlabeled_out_of_neutral_domain_T95	T[A>G]A	32	7	12200.0	0.00020349479717486299	class_specific	pseudocount	combined_db_spectrum_weight_by_functional_class	0.08381264545345836	0.0024279724864175157	TAA	238	402
protein_coding	unlabeled_out_of_neutral_domain_T95	T[A>G]C	108	36	81.0	2.2041448728240825e-06	class_specific	pseudocount	combined_db_spectrum_weight_by_functional_class	0.08381264545345836	2.6298476332524986e-05	TAC	275	364
protein_coding	unlabeled_out_of_neutral_domain_T95	T[A>G]G	11	2	3.0	2.5978349513623597e-07	class_specific	pseudocount	combined_db_spectrum_weight_by_functional_class	0.08381264545345836	3.0995739811183414e-06	TAG	183	278
protein_coding	unlabeled_out_of_neutral_domain_T95	T[A>G]T	89	32	103.0	2.505421850325754e-06	class_specific	pseudocount	combined_db_spectrum_weight_by_functional_class	0.08381264545345836	2.989312456098321e-05	TAT	253	330
protein_coding	unlabeled_out_of_neutral_domain_T95	T[A>T]A	50	5	6.0	8.489353501773426e-07	class_specific	pseudocount	combined_db_spectrum_weight_by_functional_class	0.08381264545345836	1.0128964974011723e-05	TAA	238	402
protein_coding	unlabeled_out_of_neutral_domain_T95	T[A>T]C	141	22	72.0	2.7515795471202597e-06	class_specific	pseudocount	combined_db_spectrum_weight_by_functional_class	0.08381264545345836	3.283012404909982e-05	TAC	275	364
protein_coding	unlabeled_out_of_neutral_domain_T95	T[A>T]G	14	1	1.0	3.030807443256086e-07	class_specific	pseudocount	combined_db_spectrum_weight_by_functional_class	0.08381264545345836	3.6161696446380646e-06	TAG	183	278
protein_coding	unlabeled_out_of_neutral_domain_T95	T[A>T]T	140	8	18.0	2.3488329846803945e-06	class_specific	pseudocount	combined_db_spectrum_weight_by_functional_class	0.08381264545345836	2.8024804275921763e-05	TAT	253	330
protein_coding	unlabeled_out_of_neutral_domain_T95	T[C>A]A	111	4	4.0	1.4957432360267464e-06	class_specific	pseudocount	combined_db_spectrum_weight_by_functional_class	0.08381264545345836	1.7846271620877796e-05	TCA	294	394
protein_coding	unlabeled_out_of_neutral_domain_T95	T[C>A]C	117	10	19.0	1.757654879944639e-06	class_specific	pseudocount	combined_db_spectrum_weight_by_functional_class	0.08381264545345836	2.0971237340559484e-05	TCC	284	353
protein_coding	unlabeled_out_of_neutral_domain_T95	T[C>A]G	26	3	3.0	1.0729599564741415e-06	class_specific	pseudocount	combined_db_spectrum_weight_by_functional_class	0.08381264545345836	1.2801886286598152e-05	TCG	96	120
protein_coding	unlabeled_out_of_neutral_domain_T95	T[C>A]T	88	28	42.0	1.662935089236276e-06	class_specific	pseudocount	combined_db_spectrum_weight_by_functional_class	0.08381264545345836	1.9841100113701975e-05	TCT	243	309
protein_coding	unlabeled_out_of_neutral_domain_T95	T[C>G]A	111	2	32.0	1.899998164682624e-06	class_specific	pseudocount	combined_db_spectrum_weight_by_functional_class	0.08381264545345836	2.2669588275169096e-05	TCA	294	394
protein_coding	unlabeled_out_of_neutral_domain_T95	T[C>G]C	115	5	8.0	1.6460577447100586e-06	class_specific	pseudocount	combined_db_spectrum_weight_by_functional_class	0.08381264545345836	1.9639730207825547e-05	TCC	284	353
protein_coding	unlabeled_out_of_neutral_domain_T95	T[C>G]G	25	1	1.0	1.0316922658405205e-06	class_specific	pseudocount	combined_db_spectrum_weight_by_functional_class	0.08381264545345836	1.2309506044805913e-05	TCG	96	120
protein_coding	unlabeled_out_of_neutral_domain_T95	T[C>G]T	90	1	1.0	1.4672956669731848e-06	class_specific	pseudocount	combined_db_spectrum_weight_by_functional_class	0.08381264545345836	1.7506853041501743e-05	TCT	243	309
protein_coding	unlabeled_out_of_neutral_domain_T95	T[C>T]A	99	14	20.0	1.414892250295571e-06	class_specific	pseudocount	combined_db_spectrum_weight_by_functional_class	0.08381264545345836	1.6881608290019537e-05	TCA	294	394
protein_coding	unlabeled_out_of_neutral_domain_T95	T[C>T]C	103	15	27.0	1.604208818997091e-06	class_specific	pseudocount	combined_db_spectrum_weight_by_functional_class	0.08381264545345836	1.9140415033050323e-05	TCC	284	353
protein_coding	unlabeled_out_of_neutral_domain_T95	T[C>T]G	22	2	2.0	9.078891939396581e-07	class_specific	pseudocount	combined_db_spectrum_weight_by_functional_class	0.08381264545345836	1.0832365319429205e-05	TCG	96	120
protein_coding	unlabeled_out_of_neutral_domain_T95	T[C>T]T	52	9	57801.0	0.0009430472284488545	class_specific	pseudocount	combined_db_spectrum_weight_by_functional_class	0.08381264545345836	0.011251848970362521	TCT	243	309
protein_coding	unlabeled_out_of_neutral_domain_T95	T[G>A]A	114	17	66.0	4.392903558060534e-06	class_specific	pseudocount	combined_db_spectrum_weight_by_functional_class	0.08381264545345836	5.2413374309965416e-05	TGA	147	211
protein_coding	unlabeled_out_of_neutral_domain_T95	T[G>A]C	33	14	82.0	4.8796527851657e-06	class_specific	pseudocount	combined_db_spectrum_weight_by_functional_class	0.08381264545345836	5.822096127338445e-05	TGC	82	128
protein_coding	unlabeled_out_of_neutral_domain_T95	T[G>A]G	41	9	11.0	2.1294128366948345e-06	class_specific	pseudocount	combined_db_spectrum_weight_by_functional_class	0.08381264545345836	2.5406820476479408e-05	TGG	80	139
protein_coding	unlabeled_out_of_neutral_domain_T95	T[G>A]T	26	13	97.0	6.408629604279939e-06	class_specific	pseudocount	combined_db_spectrum_weight_by_functional_class	0.08381264545345836	7.646375519597084e-05	TGT	68	123
protein_coding	unlabeled_out_of_neutral_domain_T95	T[G>C]A	117	8	10.0	3.2070891006699607e-06	class_specific	pseudocount	combined_db_spectrum_weight_by_functional_class	0.08381264545345836	3.826497879071095e-05	TGA	147	211
protein_coding	unlabeled_out_of_neutral_domain_T95	T[G>C]C	43	5	10.0	2.319042907801521e-06	class_specific	pseudocount	combined_db_spectrum_weight_by_functional_class	0.08381264545345836	2.766936773388568e-05	TGC	82	128
protein_coding	unlabeled_out_of_neutral_domain_T95	T[G>C]G	46	0	0.0	2.2779765229758694e-06	class_specific	pseudocount	combined_db_spectrum_weight_by_functional_class	0.08381264545345836	2.7179389346931457e-05	TGG	80	139
protein_coding	unlabeled_out_of_neutral_domain_T95	T[G>C]T	36	3	4.0	2.1556299578032522e-06	class_specific	pseudocount	combined_db_spectrum_weight_by_functional_class	0.08381264545345836	2.571962674773565e-05	TGT	68	123
protein_coding	unlabeled_out_of_neutral_domain_T95	T[G>T]A	117	4	7.0	3.2340394292470194e-06	class_specific	pseudocount	combined_db_spectrum_weight_by_functional_class	0.08381264545345836	3.8586533234330375e-05	TGA	147	211
protein_coding	unlabeled_out_of_neutral_domain_T95	T[G>T]C	45	1	1.0	2.174102726063926e-06	class_specific	pseudocount	combined_db_spectrum_weight_by_functional_class	0.08381264545345836	2.5940032250517824e-05	TGC	82	128
protein_coding	unlabeled_out_of_neutral_domain_T95	T[G>T]G	47	2	2.0	2.3274977517362145e-06	class_specific	pseudocount	combined_db_spectrum_weight_by_functional_class	0.08381264545345836	2.7770245637082144e-05	TGG	80	139
protein_coding	unlabeled_out_of_neutral_domain_T95	T[G>T]T	43	0	0.0	2.5051915725821582e-06	class_specific	pseudocount	combined_db_spectrum_weight_by_functional_class	0.08381264545345836	2.9890377031152244e-05	TGT	68	123
protein_coding	unlabeled_out_of_neutral_domain_T95	T[T>A]A	102	2	2.0	1.915133775755522e-06	class_specific	pseudocount	combined_db_spectrum_weight_by_functional_class	0.08381264545345836	2.2850176908197065e-05	TTA	211	341
protein_coding	unlabeled_out_of_neutral_domain_T95	T[T>A]C	153	11	14.0	2.596743424071871e-06	class_specific	pseudocount	combined_db_spectrum_weight_by_functional_class	0.08381264545345836	3.0982716391094676e-05	TTC	238	308
protein_coding	unlabeled_out_of_neutral_domain_T95	T[T>A]G	33	1	1.0	1.4526227103034528e-06	class_specific	pseudocount	combined_db_spectrum_weight_by_functional_class	0.08381264545345836	1.7331784511086726e-05	TTG	90	157
protein_coding	unlabeled_out_of_neutral_domain_T95	T[T>A]T	123	13	14.0	2.7598347713630466e-06	class_specific	pseudocount	combined_db_spectrum_weight_by_functional_class	0.08381264545345836	3.2928620215139236e-05	TTT	178	285
protein_coding	unlabeled_out_of_neutral_domain_T95	T[T>C]A	79	23	41.0	1.8212546691008393e-06	class_specific	pseudocount	combined_db_spectrum_weight_by_functional_class	0.08381264545345836	2.173007019701093e-05	TTA	211	341
protein_coding	unlabeled_out_of_neutral_domain_T95	T[T>C]C	140	34	75.0	3.0128882035705687e-06	class_specific	pseudocount	combined_db_spectrum_weight_by_functional_class	0.08381264545345836	3.594789529992395e-05	TTC	238	308
protein_coding	unlabeled_out_of_neutral_domain_T95	T[T>C]G	29	6	20.0	1.8928114103954081e-06	class_specific	pseudocount	combined_db_spectrum_weight_by_functional_class	0.08381264545345836	2.2583840423537248e-05	TTG	90	157
protein_coding	unlabeled_out_of_neutral_domain_T95	T[T>C]T	102	33	67.0	3.0269155556885027e-06	class_specific	pseudocount	combined_db_spectrum_weight_by_functional_class	0.08381264545345836	3.6115260881120454e-05	TTT	178	285
protein_coding	unlabeled_out_of_neutral_domain_T95	T[T>G]A	101	0	0.0	1.8963579544245853e-06	class_specific	pseudocount	combined_db_spectrum_weight_by_functional_class	0.08381264545345836	2.2626155565959837e-05	TTA	211	341
protein_coding	unlabeled_out_of_neutral_domain_T95	T[T>G]C	156	2	4.0	2.630035006431767e-06	class_specific	pseudocount	combined_db_spectrum_weight_by_functional_class	0.08381264545345836	3.137993070380102e-05	TTC	238	308
protein_coding	unlabeled_out_of_neutral_domain_T95	T[T>G]G	33	1	2.0	1.4966415803126484e-06	class_specific	pseudocount	combined_db_spectrum_weight_by_functional_class	0.08381264545345836	1.7856990102331776e-05	TTG	90	157
protein_coding	unlabeled_out_of_neutral_domain_T95	T[T>G]T	124	3	8.0	2.8711184314986533e-06	class_specific	pseudocount	combined_db_spectrum_weight_by_functional_class	0.08381264545345836	3.4256387159298075e-05	TTT	178	285
rna_coding	expanded_neutral_like_T95	A[A>C]A	60	3	193.0	5.441893270367581e-06	class_specific	pseudocount	combined_db_spectrum_weight_by_functional_class	0.06647978375269023	8.185786660515972e-05	AAA	182	490
rna_coding	expanded_neutral_like_T95	A[A>C]C	48	10	63.0	3.3068721354015494e-06	class_specific	pseudocount	combined_db_spectrum_weight_by_functional_class	0.06647978375269023	4.9742522444166805e-05	AAC	121	462
rna_coding	expanded_neutral_like_T95	A[A>C]G	34	0	0.0	1.3077450701761005e-06	class_specific	pseudocount	combined_db_spectrum_weight_by_functional_class	0.06647978375269023	1.9671319555445756e-05	AAG	103	202
rna_coding	expanded_neutral_like_T95	A[A>C]T	28	0	0.0	1.275029338197388e-06	class_specific	pseudocount	combined_db_spectrum_weight_by_functional_class	0.06647978375269023	1.9179204056087075e-05	AAT	87	364
rna_coding	expanded_neutral_like_T95	A[A>G]A	83	62	61941.0	0.0013487623632740641	class_specific	pseudocount	combined_db_spectrum_weight_by_functional_class	0.06647978375269023	0.020288308522355625	AAA	182	490
rna_coding	expanded_neutral_like_T95	A[A>G]C	72	63	53472.0	0.0017510379076575275	class_specific	pseudocount	combined_db_spectrum_weight_by_functional_class	0.06647978375269023	0.026339404384519653	AAC	121	462
rna_coding	expanded_neutral_like_T95	A[A>G]G	39	24	1120.0	4.365560748970218e-05	class_specific	pseudocount	combined_db_spectrum_weight_by_functional_class	0.06647978375269023	0.0006566749322185569	AAG	103	202
rna_coding	expanded_neutral_like_T95	A[A>G]T	42	34	6820.0	0.0003109250114718488	class_specific	pseudocount	combined_db_spectrum_weight_by_functional_class	0.06647978375269023	0.004676985903391519	AAT	87	364
rna_coding	expanded_neutral_like_T95	A[A>T]A	57	7	104.0	3.3522062545464297e-06	class_specific	pseudocount	combined_db_spectrum_weight_by_functional_class	0.06647978375269023	5.0424445828778385e-05	AAA	182	490
rna_coding	expanded_neutral_like_T95	A[A>T]C	47	12	118.0	5.009420165509278e-06	class_specific	pseudocount	combined_db_spectrum_weight_by_functional_class	0.06647978375269023	7.535253399957941e-05	AAC	121	462
rna_coding	expanded_neutral_like_T95	A[A>T]G	35	3	34.0	2.538563959753607e-06	class_specific	pseudocount	combined_db_spectrum_weight_by_functional_class	0.06647978375269023	3.8185502666453533e-05	AAG	103	202
rna_coding	expanded_neutral_like_T95	A[A>T]T	27	4	16.0	1.7759337210606478e-06	class_specific	pseudocount	combined_db_spectrum_weight_by_functional_class	0.06647978375269023	2.671389136383557e-05	AAT	87	364
rna_coding	expanded_neutral_like_T95	A[C>A]A	34	12	76.0	4.462602683690859e-06	class_specific	pseudocount	combined_db_spectrum_weight_by_functional_class	0.06647978375269023	6.712721419630477e-05	ACA	87	425
rna_coding	expanded_neutral_like_T95	A[C>A]C	46	5	9.0	1.9046626446286534e-06	class_specific	pseudocount	combined_db_spectrum_weight_by_functional_class	0.06647978375269023	2.86502533118059e-05	ACC	104	473
rna_coding	expanded_neutral_like_T95	A[C>A]G	11	0	0.0	1.6140252336705033e-06	class_specific	pseudocount	combined_db_spectrum_weight_by_functional_class	0.06647978375269023	2.4278436880522925e-05	ACG	27	117
rna_coding	expanded_neutral_like_T95	A[C>A]T	30	6	11.0	2.039109419543617e-06	class_specific	pseudocount	combined_db_spectrum_weight_by_functional_class	0.06647978375269023	3.067262413381572e-05	ACT	68	391
rna_coding	expanded_neutral_like_T95	A[C>G]A	33	6	29.0	2.550058676394776e-06	class_specific	pseudocount	combined_db_spectrum_weight_by_functional_class	0.06647978375269023	3.835840811217415e-05	ACA	87	425
rna_coding	expanded_neutral_like_T95	A[C>G]C	49	3	4.0	1.9046626446286534e-06	class_specific	pseudocount	combined_db_spectrum_weight_by_functional_class	0.06647978375269023	2.86502533118059e-05	ACC	104	473
rna_coding	expanded_neutral_like_T95	A[C>G]G	11	1	2.0	1.7607548003678216e-06	class_specific	pseudocount	combined_db_spectrum_weight_by_functional_class	0.06647978375269023	2.6485567506025007e-05	ACG	27	117
rna_coding	expanded_neutral_like_T95	A[C>G]T	32	2	5.0	2.039109419543617e-06	class_specific	pseudocount	combined_db_spectrum_weight_by_functional_class	0.06647978375269023	3.067262413381572e-05	ACT	68	391
rna_coding	expanded_neutral_like_T95	A[C>T]A	51	43	4726.0	0.00021557103167951555	class_specific	pseudocount	combined_db_spectrum_weight_by_functional_class	0.06647978375269023	0.003242655428625579	ACA	87	425
rna_coding	expanded_neutral_like_T95	A[C>T]C	58	50	7250.0	0.0002764808294942953	class_specific	pseudocount	combined_db_spectrum_weight_by_functional_class	0.06647978375269023	0.004158870770741744	ACC	104	473
rna_coding	expanded_neutral_like_T95	A[C>T]G	12	4	345.0	5.179553704415342e-05	class_specific	pseudocount	combined_db_spectrum_weight_by_functional_class	0.06647978375269023	0.0007791171108022356	ACG	27	117
rna_coding	expanded_neutral_like_T95	A[C>T]T	43	30	9539.0	0.0005565020907280179	class_specific	pseudocount	combined_db_spectrum_weight_by_functional_class	0.06647978375269023	0.00837099730646308	ACT	68	391
rna_coding	expanded_neutral_like_T95	A[G>A]A	31	17	18695.0	0.0008823739703593279	class_specific	pseudocount	combined_db_spectrum_weight_by_functional_class	0.06647978375269023	0.013272816494738087	AGA	84	176
rna_coding	expanded_neutral_like_T95	A[G>A]C	24	16	62583.0	0.0030613167697172866	class_specific	pseudocount	combined_db_spectrum_weight_by_functional_class	0.06647978375269023	0.046048837660266975	AGC	81	277
rna_coding	expanded_neutral_like_T95	A[G>A]G	18	7	881.0	5.699733684416481e-05	class_specific	pseudocount	combined_db_spectrum_weight_by_functional_class	0.06647978375269023	0.0008573634513643902	AGG	62	188
rna_coding	expanded_neutral_like_T95	A[G>A]T	29	18	10646.0	0.0005344280859736673	class_specific	pseudocount	combined_db_spectrum_weight_by_functional_class	0.06647978375269023	0.0080389564436879	AGT	79	182
rna_coding	expanded_neutral_like_T95	A[G>C]A	28	2	13.0	1.8393599253842424e-06	class_specific	pseudocount	combined_db_spectrum_weight_by_functional_class	0.06647978375269023	2.7667958912543985e-05	AGA	84	176
rna_coding	expanded_neutral_like_T95	A[G>C]C	24	2	37.0	2.885681478380597e-06	class_specific	pseudocount	combined_db_spectrum_weight_by_functional_class	0.06647978375269023	4.340690230154099e-05	AGC	81	277
rna_coding	expanded_neutral_like_T95	A[G>C]G	16	0	0.0	1.0223737550522835e-06	class_specific	pseudocount	combined_db_spectrum_weight_by_functional_class	0.06647978375269023	1.5378716616401616e-05	AGG	62	188
rna_coding	expanded_neutral_like_T95	A[G>C]T	25	2	6.0	1.4542943129620299e-06	class_specific	pseudocount	combined_db_spectrum_weight_by_functional_class	0.06647978375269023	2.1875737718583947e-05	AGT	79	182
rna_coding	expanded_neutral_like_T95	A[G>T]A	30	6	63.0	4.103187525857156e-06	class_specific	pseudocount	combined_db_spectrum_weight_by_functional_class	0.06647978375269023	6.172083142029043e-05	AGA	84	176
rna_coding	expanded_neutral_like_T95	A[G>T]C	25	1	1.0	1.2227463891443206e-06	class_specific	pseudocount	combined_db_spectrum_weight_by_functional_class	0.06647978375269023	1.8392755212517366e-05	AGC	81	277
rna_coding	expanded_neutral_like_T95	A[G>T]G	17	1	50.0	4.21729173959067e-06	class_specific	pseudocount	combined_db_spectrum_weight_by_functional_class	0.06647978375269023	6.343720604265667e-05	AGG	62	188
rna_coding	expanded_neutral_like_T95	A[G>T]T	25	2	4.0	1.353998153447407e-06	class_specific	pseudocount	combined_db_spectrum_weight_by_functional_class	0.06647978375269023	2.0367066151785052e-05	AGT	79	182
rna_coding	expanded_neutral_like_T95	A[T>A]A	35	4	423.0	2.0209112680626178e-05	class_specific	pseudocount	combined_db_spectrum_weight_by_functional_class	0.06647978375269023	0.00030398884502701737	ATA	89	361
rna_coding	expanded_neutral_like_T95	A[T>A]C	17	4	32.0	4.0517368985736805e-06	class_specific	pseudocount	combined_db_spectrum_weight_by_functional_class	0.06647978375269023	6.094690249965982e-05	ATC	44	350
rna_coding	expanded_neutral_like_T95	A[T>A]G	10	1	9.0	1.6978707003546852e-06	class_specific	pseudocount	combined_db_spectrum_weight_by_functional_class	0.06647978375269023	2.553965438080983e-05	ATG	42	176
rna_coding	expanded_neutral_like_T95	A[T>A]T	27	1	1.0	1.465285672908838e-06	class_specific	pseudocount	combined_db_spectrum_weight_by_functional_class	0.06647978375269023	2.2041071588918073e-05	ATT	73	342
rna_coding	expanded_neutral_like_T95	A[T>C]A	50	37	11316.0	0.0005042930342705154	class_specific	pseudocount	combined_db_spectrum_weight_by_functional_class	0.06647978375269023	0.007585659967645551	ATA	89	361
rna_coding	expanded_neutral_like_T95	A[T>C]C	22	18	16401.0	0.0014770831960244717	class_specific	pseudocount	combined_db_spectrum_weight_by_functional_class	0.06647978375269023	0.022218531900153764	ATC	44	350
rna_coding	expanded_neutral_like_T95	A[T>C]G	12	8	537.0	5.103044716066026e-05	class_specific	pseudocount	combined_db_spectrum_weight_by_functional_class	0.06647978375269023	0.0007676085011121178	ATG	42	176
rna_coding	expanded_neutral_like_T95	A[T>C]T	40	35	1871.0	0.00010181021934729555	class_specific	pseudocount	combined_db_spectrum_weight_by_functional_class	0.06647978375269023	0.0015314463074374187	ATT	73	342
rna_coding	expanded_neutral_like_T95	A[T>G]A	34	3	5.0	1.6024847059527367e-06	class_specific	pseudocount	combined_db_spectrum_weight_by_functional_class	0.06647978375269023	2.410484233694411e-05	ATA	89	361
rna_coding	expanded_neutral_like_T95	A[T>G]C	17	2	7.0	1.9808491504137993e-06	class_specific	pseudocount	combined_db_spectrum_weight_by_functional_class	0.06647978375269023	2.9796263444278132e-05	ATC	44	350
rna_coding	expanded_neutral_like_T95	A[T>G]G	10	0	0.0	9.432615001970473e-07	class_specific	pseudocount	combined_db_spectrum_weight_by_functional_class	0.06647978375269023	1.4188696878227683e-05	ATG	42	176
rna_coding	expanded_neutral_like_T95	A[T>G]T	27	3	3.0	1.465285672908838e-06	class_specific	pseudocount	combined_db_spectrum_weight_by_functional_class	0.06647978375269023	2.2041071588918073e-05	ATT	73	342
rna_coding	expanded_neutral_like_T95	C[A>C]A	40	3	11.0	1.7446010866029792e-06	class_specific	pseudocount	combined_db_spectrum_weight_by_functional_class	0.06647978375269023	2.6242580648171567e-05	CAA	109	424
rna_coding	expanded_neutral_like_T95	C[A>C]C	28	18	689.0	4.195798654967411e-05	class_specific	pseudocount	combined_db_spectrum_weight_by_functional_class	0.06647978375269023	0.000631139034774255	CAC	66	422
rna_coding	expanded_neutral_like_T95	C[A>C]G	22	4	14.0	2.0122912004203677e-06	class_specific	pseudocount	combined_db_spectrum_weight_by_functional_class	0.06647978375269023	3.0269220006885723e-05	CAG	63	200
rna_coding	expanded_neutral_like_T95	C[A>C]T	25	2	12.0	2.5210807368902904e-06	class_specific	pseudocount	combined_db_spectrum_weight_by_functional_class	0.06647978375269023	3.792251711089945e-05	CAT	55	402
rna_coding	expanded_neutral_like_T95	C[A>G]A	57	37	626.0	2.347942295719843e-05	class_specific	pseudocount	combined_db_spectrum_weight_by_functional_class	0.06647978375269023	0.0003531813978899757	CAA	109	424
rna_coding	expanded_neutral_like_T95	C[A>G]C	37	32	4597.0	0.00027623841788497895	class_specific	pseudocount	combined_db_spectrum_weight_by_functional_class	0.06647978375269023	0.0041552243748656965	CAC	66	422
rna_coding	expanded_neutral_like_T95	C[A>G]G	21	14	1441.0	9.105617681902164e-05	class_specific	pseudocount	combined_db_spectrum_weight_by_functional_class	0.06647978375269023	0.001369682205311579	CAG	63	200
rna_coding	expanded_neutral_like_T95	C[A>G]T	26	18	2133.0	0.00015421811021948888	class_specific	pseudocount	combined_db_spectrum_weight_by_functional_class	0.06647978375269023	0.002319774546698163	CAT	55	402
rna_coding	expanded_neutral_like_T95	C[A>T]A	46	12	92.0	4.57957785233282e-06	class_specific	pseudocount	combined_db_spectrum_weight_by_functional_class	0.06647978375269023	6.888677420145036e-05	CAA	109	424
rna_coding	expanded_neutral_like_T95	C[A>T]C	24	13	295.0	1.8367873940200683e-05	class_specific	pseudocount	combined_db_spectrum_weight_by_functional_class	0.06647978375269023	0.0002762926246651245	CAC	66	422
rna_coding	expanded_neutral_like_T95	C[A>T]G	21	4	30.0	2.955552700617415e-06	class_specific	pseudocount	combined_db_spectrum_weight_by_functional_class	0.06647978375269023	4.445791688511341e-05	CAG	63	200
rna_coding	expanded_neutral_like_T95	C[A>T]T	25	0	0.0	1.800771954921636e-06	class_specific	pseudocount	combined_db_spectrum_weight_by_functional_class	0.06647978375269023	2.7087512222071033e-05	CAT	55	402
rna_coding	expanded_neutral_like_T95	C[C>A]A	36	9	90.0	5.793983764960363e-06	class_specific	pseudocount	combined_db_spectrum_weight_by_functional_class	0.06647978375269023	8.715407057451354e-05	CCA	80	425
rna_coding	expanded_neutral_like_T95	C[C>A]C	38	19	286.0	1.3133891106004539e-05	class_specific	pseudocount	combined_db_spectrum_weight_by_functional_class	0.06647978375269023	0.0001975621815327137	CCC	92	568
rna_coding	expanded_neutral_like_T95	C[C>A]G	10	3	41.0	5.942547451241398e-06	class_specific	pseudocount	combined_db_spectrum_weight_by_functional_class	0.06647978375269023	8.93887903328344e-05	CCG	32	137
rna_coding	expanded_neutral_like_T95	C[C>A]T	32	8	89.0	5.595898849918983e-06	class_specific	pseudocount	combined_db_spectrum_weight_by_functional_class	0.06647978375269023	8.417444423008572e-05	CCT	80	528
rna_coding	expanded_neutral_like_T95	C[C>G]A	35	3	8.0	1.9808491504137993e-06	class_specific	pseudocount	combined_db_spectrum_weight_by_functional_class	0.06647978375269023	2.9796263444278132e-05	CCA	80	425
rna_coding	expanded_neutral_like_T95	C[C>G]C	35	1	7.0	1.7655394601514299e-06	class_specific	pseudocount	combined_db_spectrum_weight_by_functional_class	0.06647978375269023	2.6557539156856598e-05	CCC	92	568
rna_coding	expanded_neutral_like_T95	C[C>G]G	9	0	0.0	1.1142276471077622e-06	class_specific	pseudocount	combined_db_spectrum_weight_by_functional_class	0.06647978375269023	1.676039818740645e-05	CCG	32	137
rna_coding	expanded_neutral_like_T95	C[C>G]T	31	1	2.0	1.5846793203310395e-06	class_specific	pseudocount	combined_db_spectrum_weight_by_functional_class	0.06647978375269023	2.383701075542251e-05	CCT	80	528
rna_coding	expanded_neutral_like_T95	C[C>T]A	41	30	12287.0	0.0006090120712947227	class_specific	pseudocount	combined_db_spectrum_weight_by_functional_class	0.06647978375269023	0.009160861195943313	CCA	80	425
rna_coding	expanded_neutral_like_T95	C[C>T]C	50	39	2291.0	9.912858139679491e-05	class_specific	pseudocount	combined_db_spectrum_weight_by_functional_class	0.06647978375269023	0.0014911086619288753	CCC	92	568
rna_coding	expanded_neutral_like_T95	C[C>T]G	12	6	3202.0	0.0003971602546579668	class_specific	pseudocount	combined_db_spectrum_weight_by_functional_class	0.06647978375269023	0.0059741508205777664	CCG	32	137
rna_coding	expanded_neutral_like_T95	C[C>T]T	37	23	586.0	2.971273725620699e-05	class_specific	pseudocount	combined_db_spectrum_weight_by_functional_class	0.06647978375269023	0.00044694395166417205	CCT	80	528
rna_coding	expanded_neutral_like_T95	C[G>A]A	12	10	53156.0	0.005849887729872042	class_specific	pseudocount	combined_db_spectrum_weight_by_functional_class	0.06647978375269023	0.08799498734282984	CGA	36	123
rna_coding	expanded_neutral_like_T95	C[G>A]C	6	5	888.0	0.00017609748947178676	class_specific	pseudocount	combined_db_spectrum_weight_by_functional_class	0.06647978375269023	0.002648887820196326	CGC	20	148
rna_coding	expanded_neutral_like_T95	C[G>A]G	4	2	2256.0	0.00047081656648782723	class_specific	pseudocount	combined_db_spectrum_weight_by_functional_class	0.06647978375269023	0.007082101353387371	CGG	19	84
rna_coding	expanded_neutral_like_T95	C[G>A]T	8	6	37481.0	0.007071254162377185	class_specific	pseudocount	combined_db_spectrum_weight_by_functional_class	0.06647978375269023	0.10636698501732166	CGT	21	80
rna_coding	expanded_neutral_like_T95	C[G>C]A	9	1	1.0	9.904245752068996e-07	class_specific	pseudocount	combined_db_spectrum_weight_by_functional_class	0.06647978375269023	1.4898131722139066e-05	CGA	36	123
rna_coding	expanded_neutral_like_T95	C[G>C]C	6	0	0.0	1.1885094902482796e-06	class_specific	pseudocount	combined_db_spectrum_weight_by_functional_class	0.06647978375269023	1.787775806656688e-05	CGC	20	148
rna_coding	expanded_neutral_like_T95	C[G>C]G	4	0	0.0	8.340417475426524e-07	class_specific	pseudocount	combined_db_spectrum_weight_by_functional_class	0.06647978375269023	1.25457951344329e-05	CGG	19	84
rna_coding	expanded_neutral_like_T95	C[G>C]T	9	2	41.0	9.055310401891655e-06	class_specific	pseudocount	combined_db_spectrum_weight_by_functional_class	0.06647978375269023	0.00013621149003098577	CGT	21	80
rna_coding	expanded_neutral_like_T95	C[G>T]A	9	2	123.0	1.430613275298855e-05	class_specific	pseudocount	combined_db_spectrum_weight_by_functional_class	0.06647978375269023	0.0002151952359864532	CGA	36	123
rna_coding	expanded_neutral_like_T95	C[G>T]C	6	0	0.0	1.1885094902482796e-06	class_specific	pseudocount	combined_db_spectrum_weight_by_functional_class	0.06647978375269023	1.787775806656688e-05	CGC	20	148
rna_coding	expanded_neutral_like_T95	C[G>T]G	4	0	0.0	8.340417475426524e-07	class_specific	pseudocount	combined_db_spectrum_weight_by_functional_class	0.06647978375269023	1.25457951344329e-05	CGG	19	84
rna_coding	expanded_neutral_like_T95	C[G>T]T	8	1	1.0	1.5092184003152758e-06	class_specific	pseudocount	combined_db_spectrum_weight_by_functional_class	0.06647978375269023	2.2701915005164293e-05	CGT	21	80
rna_coding	expanded_neutral_like_T95	C[T>A]A	38	5	216.0	1.2979774696132528e-05	class_specific	pseudocount	combined_db_spectrum_weight_by_functional_class	0.06647978375269023	0.000195243936779612	CTA	76	503
rna_coding	expanded_neutral_like_T95	C[T>A]C	21	5	49.0	4.858686595354602e-06	class_specific	pseudocount	combined_db_spectrum_weight_by_functional_class	0.06647978375269023	7.308517448596524e-05	CTC	53	405
rna_coding	expanded_neutral_like_T95	C[T>A]G	10	1	1.0	9.662678782506338e-07	class_specific	pseudocount	combined_db_spectrum_weight_by_functional_class	0.06647978375269023	1.4534762655745431e-05	CTG	41	179
rna_coding	expanded_neutral_like_T95	C[T>A]T	28	1	2.0	1.418385811407412e-06	class_specific	pseudocount	combined_db_spectrum_weight_by_functional_class	0.06647978375269023	2.1335596046520146e-05	CTT	81	325
rna_coding	expanded_neutral_like_T95	C[T>C]A	43	32	9865.0	0.0005148122686707021	class_specific	pseudocount	combined_db_spectrum_weight_by_functional_class	0.06647978375269023	0.0077438920467287065	CTA	76	503
rna_coding	expanded_neutral_like_T95	C[T>C]C	27	24	18517.0	0.001384351934553342	class_specific	pseudocount	combined_db_spectrum_weight_by_functional_class	0.06647978375269023	0.02082365279200117	CTC	53	405
rna_coding	expanded_neutral_like_T95	C[T>C]G	14	9	2432.0	0.00023547948192967946	class_specific	pseudocount	combined_db_spectrum_weight_by_functional_class	0.06647978375269023	0.0035421216592051614	CTG	41	179
rna_coding	expanded_neutral_like_T95	C[T>C]T	31	22	6711.0	0.0003286742294019934	class_specific	pseudocount	combined_db_spectrum_weight_by_functional_class	0.06647978375269023	0.004943972601124668	CTT	81	325
rna_coding	expanded_neutral_like_T95	C[T>G]A	36	6	27.0	2.971273725620699e-06	class_specific	pseudocount	combined_db_spectrum_weight_by_functional_class	0.06647978375269023	4.46943951664172e-05	CTA	76	503
rna_coding	expanded_neutral_like_T95	C[T>G]C	22	6	2233.0	0.00016811055619926925	class_specific	pseudocount	combined_db_spectrum_weight_by_functional_class	0.06647978375269023	0.0025287470372143974	CTC	53	405
rna_coding	expanded_neutral_like_T95	C[T>G]G	11	1	22.0	3.092057210402028e-06	class_specific	pseudocount	combined_db_spectrum_weight_by_functional_class	0.06647978375269023	4.6511240498385376e-05	CTG	41	179
rna_coding	expanded_neutral_like_T95	C[T>G]T	29	0	0.0	1.418385811407412e-06	class_specific	pseudocount	combined_db_spectrum_weight_by_functional_class	0.06647978375269023	2.1335596046520146e-05	CTT	81	325
rna_coding	expanded_neutral_like_T95	G[A>C]A	22	0	0.0	1.2275684875803828e-06	class_specific	pseudocount	combined_db_spectrum_weight_by_functional_class	0.06647978375269023	1.846529002180617e-05	GAA	71	201
rna_coding	expanded_neutral_like_T95	G[A>C]C	13	5	79.0	8.837634671076951e-06	class_specific	pseudocount	combined_db_spectrum_weight_by_functional_class	0.06647978375269023	0.00013293717536677938	GAC	39	160
rna_coding	expanded_neutral_like_T95	G[A>C]G	18	2	7.0	1.6873900170191625e-06	class_specific	pseudocount	combined_db_spectrum_weight_by_functional_class	0.06647978375269023	2.5382002193273966e-05	GAG	54	143
rna_coding	expanded_neutral_like_T95	G[A>C]T	7	0	0.0	5.546377621158639e-07	class_specific	pseudocount	combined_db_spectrum_weight_by_functional_class	0.06647978375269023	8.342953764397878e-06	GAT	50	135
rna_coding	expanded_neutral_like_T95	G[A>G]A	23	13	947.0	5.339922920974665e-05	class_specific	pseudocount	combined_db_spectrum_weight_by_functional_class	0.06647978375269023	0.0008032401159485683	GAA	71	201
rna_coding	expanded_neutral_like_T95	G[A>G]C	15	14	1067.0	0.00010848958423804809	class_specific	pseudocount	combined_db_spectrum_weight_by_functional_class	0.06647978375269023	0.001631918428640464	GAC	39	160
rna_coding	expanded_neutral_like_T95	G[A>G]G	17	12	791.0	5.839836754553275e-05	class_specific	pseudocount	combined_db_spectrum_weight_by_functional_class	0.06647978375269023	0.0008784379889498294	GAG	54	143
rna_coding	expanded_neutral_like_T95	G[A>G]T	9	8	2593.0	0.00020553290784693583	class_specific	pseudocount	combined_db_spectrum_weight_by_functional_class	0.06647978375269023	0.0030916602949782996	GAT	50	135
rna_coding	expanded_neutral_like_T95	G[A>T]A	23	1	4.0	1.4507627580495431e-06	class_specific	pseudocount	combined_db_spectrum_weight_by_functional_class	0.06647978375269023	2.182261548031638e-05	GAA	71	201
rna_coding	expanded_neutral_like_T95	G[A>T]C	11	4	29.0	3.6569522776870143e-06	class_specific	pseudocount	combined_db_spectrum_weight_by_functional_class	0.06647978375269023	5.500848635866733e-05	GAC	39	160
rna_coding	expanded_neutral_like_T95	G[A>T]G	19	3	86.0	7.4832079015632426e-06	class_specific	pseudocount	combined_db_spectrum_weight_by_functional_class	0.06647978375269023	0.00011256366190060629	GAG	54	143
rna_coding	expanded_neutral_like_T95	G[A>T]T	7	0	0.0	5.546377621158639e-07	class_specific	pseudocount	combined_db_spectrum_weight_by_functional_class	0.06647978375269023	8.342953764397878e-06	GAT	50	135
rna_coding	expanded_neutral_like_T95	G[C>A]A	21	4	10.0	2.0570356561989457e-06	class_specific	pseudocount	combined_db_spectrum_weight_by_functional_class	0.06647978375269023	3.0942273576750375e-05	GCA	52	202
rna_coding	expanded_neutral_like_T95	G[C>A]C	20	4	42.0	5.343686080186063e-06	class_specific	pseudocount	combined_db_spectrum_weight_by_functional_class	0.06647978375269023	8.038061766363404e-05	GCC	43	264
rna_coding	expanded_neutral_like_T95	G[C>A]G	4	0	0.0	8.340417475426524e-07	class_specific	pseudocount	combined_db_spectrum_weight_by_functional_class	0.06647978375269023	1.25457951344329e-05	GCG	19	61
rna_coding	expanded_neutral_like_T95	G[C>A]T	17	5	14.0	1.8728028331185013e-06	class_specific	pseudocount	combined_db_spectrum_weight_by_functional_class	0.06647978375269023	2.8171012710953873e-05	GCT	55	184
rna_coding	expanded_neutral_like_T95	G[C>G]A	19	0	0.0	1.4475436099177765e-06	class_specific	pseudocount	combined_db_spectrum_weight_by_functional_class	0.06647978375269023	2.1774192516972486e-05	GCA	52	202
rna_coding	expanded_neutral_like_T95	G[C>G]C	20	1	1.0	1.8426503724779529e-06	class_specific	pseudocount	combined_db_spectrum_weight_by_functional_class	0.06647978375269023	2.7717454366770356e-05	GCC	43	264
rna_coding	expanded_neutral_like_T95	G[C>G]G	4	0	0.0	8.340417475426524e-07	class_specific	pseudocount	combined_db_spectrum_weight_by_functional_class	0.06647978375269023	1.25457951344329e-05	GCG	19	61
rna_coding	expanded_neutral_like_T95	G[C>G]T	15	2	5.0	1.2965558075435778e-06	class_specific	pseudocount	combined_db_spectrum_weight_by_functional_class	0.06647978375269023	1.9503008799891144e-05	GCT	55	184
rna_coding	expanded_neutral_like_T95	G[C>T]A	22	11	273.0	2.16369676429815e-05	class_specific	pseudocount	combined_db_spectrum_weight_by_functional_class	0.06647978375269023	0.000325466877622115	GCA	52	202
rna_coding	expanded_neutral_like_T95	G[C>T]C	21	12	583.0	5.454245102534741e-05	class_specific	pseudocount	combined_db_spectrum_weight_by_functional_class	0.06647978375269023	0.0008204366492564026	GCC	43	264
rna_coding	expanded_neutral_like_T95	G[C>T]G	6	2	111.0	2.3978700241851255e-05	class_specific	pseudocount	combined_db_spectrum_weight_by_functional_class	0.06647978375269023	0.0003606916101149458	GCG	19	61
rna_coding	expanded_neutral_like_T95	G[C>T]T	21	13	590.0	4.3074465161725525e-05	class_specific	pseudocount	combined_db_spectrum_weight_by_functional_class	0.06647978375269023	0.000647933292351939	GCT	55	184
rna_coding	expanded_neutral_like_T95	G[G>A]A	10	7	20460.0	0.001977273959264272	class_specific	pseudocount	combined_db_spectrum_weight_by_functional_class	0.06647978375269023	0.029742484822451877	GGA	41	131
rna_coding	expanded_neutral_like_T95	G[G>A]C	13	8	794.0	9.04399126388929e-05	class_specific	pseudocount	combined_db_spectrum_weight_by_functional_class	0.06647978375269023	0.0013604122566844704	GGC	35	158
rna_coding	expanded_neutral_like_T95	G[G>A]G	18	11	1493.0	0.00015638282766424733	class_specific	pseudocount	combined_db_spectrum_weight_by_functional_class	0.06647978375269023	0.0023523365877061685	GGG	38	128
rna_coding	expanded_neutral_like_T95	G[G>A]T	15	5	13304.0	0.0009952085127777103	class_specific	pseudocount	combined_db_spectrum_weight_by_functional_class	0.06647978375269023	0.014970092509325248	GGT	53	122
rna_coding	expanded_neutral_like_T95	G[G>C]A	10	0	0.0	9.662678782506338e-07	class_specific	pseudocount	combined_db_spectrum_weight_by_functional_class	0.06647978375269023	1.4534762655745431e-05	GGA	41	131
rna_coding	expanded_neutral_like_T95	G[G>C]C	12	0	0.0	1.3582965602837482e-06	class_specific	pseudocount	combined_db_spectrum_weight_by_functional_class	0.06647978375269023	2.0431723504647863e-05	GGC	35	158
rna_coding	expanded_neutral_like_T95	G[G>C]G	11	0	0.0	1.146807402871147e-06	class_specific	pseudocount	combined_db_spectrum_weight_by_functional_class	0.06647978375269023	1.7250468309845238e-05	GGG	38	128
rna_coding	expanded_neutral_like_T95	G[G>C]T	20	1	1.0	1.4949804908783393e-06	class_specific	pseudocount	combined_db_spectrum_weight_by_functional_class	0.06647978375269023	2.2487745995681613e-05	GGT	53	122
rna_coding	expanded_neutral_like_T95	G[G>T]A	11	1	35.0	4.348205452127853e-06	class_specific	pseudocount	combined_db_spectrum_weight_by_functional_class	0.06647978375269023	6.540643195085446e-05	GGA	41	131
rna_coding	expanded_neutral_like_T95	G[G>T]C	14	0	0.0	1.5846793203310395e-06	class_specific	pseudocount	combined_db_spectrum_weight_by_functional_class	0.06647978375269023	2.383701075542251e-05	GGC	35	158
rna_coding	expanded_neutral_like_T95	G[G>T]G	11	1	1.0	1.146807402871147e-06	class_specific	pseudocount	combined_db_spectrum_weight_by_functional_class	0.06647978375269023	1.7250468309845238e-05	GGG	38	128
rna_coding	expanded_neutral_like_T95	G[G>T]T	21	2	2.0	1.5697295154222563e-06	class_specific	pseudocount	combined_db_spectrum_weight_by_functional_class	0.06647978375269023	2.3612133295465696e-05	GGT	53	122
rna_coding	expanded_neutral_like_T95	G[T>A]A	16	1	1.0	1.0743588612413828e-06	class_specific	pseudocount	combined_db_spectrum_weight_by_functional_class	0.06647978375269023	1.6160685257913565e-05	GTA	59	167
rna_coding	expanded_neutral_like_T95	G[T>A]C	10	0	0.0	1.1319138002364569e-06	class_specific	pseudocount	combined_db_spectrum_weight_by_functional_class	0.06647978375269023	1.7026436253873222e-05	GTC	35	115
rna_coding	expanded_neutral_like_T95	G[T>A]G	14	1	127.0	1.4595730581996418e-05	class_specific	pseudocount	combined_db_spectrum_weight_by_functional_class	0.06647978375269023	0.00021955141485257575	GTG	38	87
rna_coding	expanded_neutral_like_T95	G[T>A]T	15	0	0.0	9.285230392564684e-07	class_specific	pseudocount	combined_db_spectrum_weight_by_functional_class	0.06647978375269023	1.3966998489505375e-05	GTT	64	137
rna_coding	expanded_neutral_like_T95	G[T>C]A	20	17	21108.0	0.0014175493699791768	class_specific	pseudocount	combined_db_spectrum_weight_by_functional_class	0.06647978375269023	0.021323014154988326	GTA	59	167
rna_coding	expanded_neutral_like_T95	G[T>C]C	16	14	5162.0	0.0005845202864421063	class_specific	pseudocount	combined_db_spectrum_weight_by_functional_class	0.06647978375269023	0.00879245168150013	GTC	35	115
rna_coding	expanded_neutral_like_T95	G[T>C]G	17	12	1336.0	0.0001398062479318371	class_specific	pseudocount	combined_db_spectrum_weight_by_functional_class	0.06647978375269023	0.002102988909409315	GTG	38	87
rna_coding	expanded_neutral_like_T95	G[T>C]T	20	17	9530.0	0.0005901073422154609	class_specific	pseudocount	combined_db_spectrum_weight_by_functional_class	0.06647978375269023	0.008876493106696984	GTT	64	137
rna_coding	expanded_neutral_like_T95	G[T>G]A	15	0	0.0	1.0072114324137964e-06	class_specific	pseudocount	combined_db_spectrum_weight_by_functional_class	0.06647978375269023	1.5150642429293969e-05	GTA	59	167
rna_coding	expanded_neutral_like_T95	G[T>G]C	10	1	1.0	1.1319138002364569e-06	class_specific	pseudocount	combined_db_spectrum_weight_by_functional_class	0.06647978375269023	1.7026436253873222e-05	GTC	35	115
rna_coding	expanded_neutral_like_T95	G[T>G]G	16	3	18.0	3.2319117717277783e-06	class_specific	pseudocount	combined_db_spectrum_weight_by_functional_class	0.06647978375269023	4.861495614592749e-05	GTG	38	87
rna_coding	expanded_neutral_like_T95	G[T>G]T	14	1	1.0	8.666215033060372e-07	class_specific	pseudocount	combined_db_spectrum_weight_by_functional_class	0.06647978375269023	1.3035865256871683e-05	GTT	64	137
rna_coding	expanded_neutral_like_T95	T[A>C]A	35	1	357.0	1.1306744785573658e-05	class_specific	pseudocount	combined_db_spectrum_weight_by_functional_class	0.06647978375269023	0.0001700779417038358	TAA	137	402
rna_coding	expanded_neutral_like_T95	T[A>C]C	18	0	0.0	1.1885094902482798e-06	class_specific	pseudocount	combined_db_spectrum_weight_by_functional_class	0.06647978375269023	1.7877758066566885e-05	TAC	60	364
rna_coding	expanded_neutral_like_T95	T[A>C]G	30	1	1.0	1.3982464591156233e-06	class_specific	pseudocount	combined_db_spectrum_weight_by_functional_class	0.06647978375269023	2.1032656548902214e-05	TAG	85	278
rna_coding	expanded_neutral_like_T95	T[A>C]T	22	1	33.0	3.753187863941936e-06	class_specific	pseudocount	combined_db_spectrum_weight_by_functional_class	0.06647978375269023	5.645607810494805e-05	TAT	57	330
rna_coding	expanded_neutral_like_T95	T[A>G]A	63	51	7037.0	0.00020383949870462587	class_specific	pseudocount	combined_db_spectrum_weight_by_functional_class	0.06647978375269023	0.003066187752098052	TAA	137	402
rna_coding	expanded_neutral_like_T95	T[A>G]C	29	23	1775.0	0.00011759641122956589	class_specific	pseudocount	combined_db_spectrum_weight_by_functional_class	0.06647978375269023	0.0017689048398086453	TAC	60	364
rna_coding	expanded_neutral_like_T95	T[A>G]G	35	20	15030.0	0.000701220599246485	class_specific	pseudocount	combined_db_spectrum_weight_by_functional_class	0.06647978375269023	0.01054787725927446	TAG	85	278
rna_coding	expanded_neutral_like_T95	T[A>G]T	31	19	1006.0	7.075454158320167e-05	class_specific	pseudocount	combined_db_spectrum_weight_by_functional_class	0.06647978375269023	0.0010643016205710576	TAT	57	330
rna_coding	expanded_neutral_like_T95	T[A>T]A	37	7	34.0	1.8507203741092432e-06	class_specific	pseudocount	combined_db_spectrum_weight_by_functional_class	0.06647978375269023	2.7838844677865704e-05	TAA	137	402
rna_coding	expanded_neutral_like_T95	T[A>T]C	21	6	26.0	2.707160505565526e-06	class_specific	pseudocount	combined_db_spectrum_weight_by_functional_class	0.06647978375269023	4.0721560040513454e-05	TAC	60	364
rna_coding	expanded_neutral_like_T95	T[A>T]G	32	3	6.0	1.6312875356348937e-06	class_specific	pseudocount	combined_db_spectrum_weight_by_functional_class	0.06647978375269023	2.4538099307052583e-05	TAG	85	278
rna_coding	expanded_neutral_like_T95	T[A>T]T	23	2	3.0	1.6680834950853048e-06	class_specific	pseudocount	combined_db_spectrum_weight_by_functional_class	0.06647978375269023	2.50915902688658e-05	TAT	57	330
rna_coding	expanded_neutral_like_T95	T[C>A]A	32	8	94.0	6.3173026959142795e-06	class_specific	pseudocount	combined_db_spectrum_weight_by_functional_class	0.06647978375269023	9.502592125472487e-05	TCA	74	394
rna_coding	expanded_neutral_like_T95	T[C>A]C	15	4	44.0	4.952122876034498e-06	class_specific	pseudocount	combined_db_spectrum_weight_by_functional_class	0.06647978375269023	7.449065861069533e-05	TCC	44	353
rna_coding	expanded_neutral_like_T95	T[C>A]G	4	1	220.0	4.908104006025303e-05	class_specific	pseudocount	combined_db_spectrum_weight_by_functional_class	0.06647978375269023	0.0007382851942304471	TCG	18	120
rna_coding	expanded_neutral_like_T95	T[C>A]T	19	5	38.0	4.291839825896565e-06	class_specific	pseudocount	combined_db_spectrum_weight_by_functional_class	0.06647978375269023	6.455857079593595e-05	TCT	48	309
rna_coding	expanded_neutral_like_T95	T[C>G]A	31	3	4.0	1.713166832790313e-06	class_specific	pseudocount	combined_db_spectrum_weight_by_functional_class	0.06647978375269023	2.5769741357213523e-05	TCA	74	394
rna_coding	expanded_neutral_like_T95	T[C>G]C	16	2	2.0	1.4406175639373085e-06	class_specific	pseudocount	combined_db_spectrum_weight_by_functional_class	0.06647978375269023	2.1670009777656824e-05	TCC	44	353
rna_coding	expanded_neutral_like_T95	T[C>G]G	3	0	0.0	6.602830501379332e-07	class_specific	pseudocount	combined_db_spectrum_weight_by_functional_class	0.06647978375269023	9.932087814759378e-06	TCG	18	120
rna_coding	expanded_neutral_like_T95	T[C>G]T	20	1	4.0	1.8983137691465578e-06	class_specific	pseudocount	combined_db_spectrum_weight_by_functional_class	0.06647978375269023	2.8554752467433213e-05	TCT	48	309
rna_coding	expanded_neutral_like_T95	T[C>T]A	39	31	1136.0	6.124571427225369e-05	class_specific	pseudocount	combined_db_spectrum_weight_by_functional_class	0.06647978375269023	0.0009212682535203834	TCA	74	394
rna_coding	expanded_neutral_like_T95	T[C>T]C	20	13	1914.0	0.00017296414627022313	class_specific	pseudocount	combined_db_spectrum_weight_by_functional_class	0.06647978375269023	0.0026017555489299227	TCC	44	353
rna_coding	expanded_neutral_like_T95	T[C>T]G	4	2	97.0	2.1789340654551792e-05	class_specific	pseudocount	combined_db_spectrum_weight_by_functional_class	0.06647978375269023	0.00032775889788705945	TCG	18	120
rna_coding	expanded_neutral_like_T95	T[C>T]T	24	11	185.0	1.6342005490913846e-05	class_specific	pseudocount	combined_db_spectrum_weight_by_functional_class	0.06647978375269023	0.00024581917341529464	TCT	48	309
rna_coding	expanded_neutral_like_T95	T[G>A]A	21	12	993.0	7.351151291535656e-05	class_specific	pseudocount	combined_db_spectrum_weight_by_functional_class	0.06647978375269023	0.0011057724433765441	TGA	54	211
rna_coding	expanded_neutral_like_T95	T[G>A]C	8	6	3207.0	0.00038524514688956864	class_specific	pseudocount	combined_db_spectrum_weight_by_functional_class	0.06647978375269023	0.005794921781375063	TGC	33	128
rna_coding	expanded_neutral_like_T95	T[G>A]G	13	10	2457.0	0.00020303703791741445	class_specific	pseudocount	combined_db_spectrum_weight_by_functional_class	0.06647978375269023	0.003054117003038509	TGG	48	139
rna_coding	expanded_neutral_like_T95	T[G>A]T	9	6	466.0	4.128970006862542e-05	class_specific	pseudocount	combined_db_spectrum_weight_by_functional_class	0.06647978375269023	0.0006210865580162865	TGT	45	123
rna_coding	expanded_neutral_like_T95	T[G>C]A	18	2	18.0	2.494402633854414e-06	class_specific	pseudocount	combined_db_spectrum_weight_by_functional_class	0.06647978375269023	3.7521220633535424e-05	TGA	54	211
rna_coding	expanded_neutral_like_T95	T[G>C]C	9	2	8.0	1.800771954921636e-06	class_specific	pseudocount	combined_db_spectrum_weight_by_functional_class	0.06647978375269023	2.7087512222071033e-05	TGC	33	128
rna_coding	expanded_neutral_like_T95	T[G>C]G	8	0	0.0	6.602830501379332e-07	class_specific	pseudocount	combined_db_spectrum_weight_by_functional_class	0.06647978375269023	9.932087814759378e-06	TGG	48	139
rna_coding	expanded_neutral_like_T95	T[G>C]T	8	2	15.0	1.8487925403862127e-06	class_specific	pseudocount	combined_db_spectrum_weight_by_functional_class	0.06647978375269023	2.7809845881326258e-05	TGT	45	123
rna_coding	expanded_neutral_like_T95	T[G>T]A	19	2	2.0	1.3939308836245255e-06	class_specific	pseudocount	combined_db_spectrum_weight_by_functional_class	0.06647978375269023	2.0967740942269797e-05	TGA	54	211
rna_coding	expanded_neutral_like_T95	T[G>T]C	8	1	1.0	9.604117092915392e-07	class_specific	pseudocount	combined_db_spectrum_weight_by_functional_class	0.06647978375269023	1.444667318510455e-05	TGC	33	128
rna_coding	expanded_neutral_like_T95	T[G>T]G	8	2	3.0	7.428184314051748e-07	class_specific	pseudocount	combined_db_spectrum_weight_by_functional_class	0.06647978375269023	1.11735987916043e-05	TGG	48	139
rna_coding	expanded_neutral_like_T95	T[G>T]T	9	0	0.0	7.923396601655197e-07	class_specific	pseudocount	combined_db_spectrum_weight_by_functional_class	0.06647978375269023	1.1918505377711253e-05	TGT	45	123
rna_coding	expanded_neutral_like_T95	T[T>A]A	40	7	1274.0	4.623160427840779e-05	class_specific	pseudocount	combined_db_spectrum_weight_by_functional_class	0.06647978375269023	0.0006954235057441344	TTA	112	341
rna_coding	expanded_neutral_like_T95	T[T>A]C	14	1	13.0	1.9074843670651403e-06	class_specific	pseudocount	combined_db_spectrum_weight_by_functional_class	0.06647978375269023	2.8692698131527095e-05	TTC	54	308
rna_coding	expanded_neutral_like_T95	T[T>A]G	14	4	87.0	6.986995185095947e-06	class_specific	pseudocount	combined_db_spectrum_weight_by_functional_class	0.06647978375269023	0.0001050995474216356	TTG	55	157
rna_coding	expanded_neutral_like_T95	T[T>A]T	36	3	33.0	3.0054262971795575e-06	class_specific	pseudocount	combined_db_spectrum_weight_by_functional_class	0.06647978375269023	4.520812384649096e-05	TTT	87	285
rna_coding	expanded_neutral_like_T95	T[T>C]A	52	32	11023.0	0.00039061637800034976	class_specific	pseudocount	combined_db_spectrum_weight_by_functional_class	0.06647978375269023	0.0058757167359850615	TTA	112	341
rna_coding	expanded_neutral_like_T95	T[T>C]C	18	11	1290.0	9.515412400321104e-05	class_specific	pseudocount	combined_db_spectrum_weight_by_functional_class	0.06647978375269023	0.0014313242106381017	TTC	54	308
rna_coding	expanded_neutral_like_T95	T[T>C]G	18	14	608.0	4.4082897456481644e-05	class_specific	pseudocount	combined_db_spectrum_weight_by_functional_class	0.06647978375269023	0.0006631022991962989	TTG	55	157
rna_coding	expanded_neutral_like_T95	T[T>C]T	39	22	25110.0	0.0011442022207459204	class_specific	pseudocount	combined_db_spectrum_weight_by_functional_class	0.06647978375269023	0.017211280725617856	TTT	87	285
rna_coding	expanded_neutral_like_T95	T[T>G]A	39	2	12.0	1.7332430066120746e-06	class_specific	pseudocount	combined_db_spectrum_weight_by_functional_class	0.06647978375269023	2.607173051374337e-05	TTA	112	341
rna_coding	expanded_neutral_like_T95	T[T>G]C	13	1	1.0	9.537421835325702e-07	class_specific	pseudocount	combined_db_spectrum_weight_by_functional_class	0.06647978375269023	1.4346349065763547e-05	TTC	54	308
rna_coding	expanded_neutral_like_T95	T[T>G]G	12	1	56.0	4.826068839189984e-06	class_specific	pseudocount	combined_db_spectrum_weight_by_functional_class	0.06647978375269023	7.259453275515037e-05	TTG	55	157
rna_coding	expanded_neutral_like_T95	T[T>G]T	32	0	0.0	1.4571763865113007e-06	class_specific	pseudocount	combined_db_spectrum_weight_by_functional_class	0.06647978375269023	2.19190903498138e-05	TTT	87	285
rna_coding	unlabeled_out_of_neutral_domain_T95	A[A>C]A	122	2	2.0	2.6556439159393792e-06	class_specific	pseudocount	combined_db_spectrum_weight_by_functional_class	0.06647978375269023	3.994663890331794e-05	AAA	182	490
rna_coding	unlabeled_out_of_neutral_domain_T95	A[A>C]C	73	7	8.0	2.4228568120763826e-06	class_specific	pseudocount	combined_db_spectrum_weight_by_functional_class	0.06647978375269023	3.644501644424102e-05	AAC	121	462
rna_coding	unlabeled_out_of_neutral_domain_T95	A[A>C]G	69	1	1.0	2.6539532306514982e-06	class_specific	pseudocount	combined_db_spectrum_weight_by_functional_class	0.06647978375269023	3.992120733311051e-05	AAG	103	202
rna_coding	unlabeled_out_of_neutral_domain_T95	A[A>C]T	59	4	13.0	3.096499821336514e-06	class_specific	pseudocount	combined_db_spectrum_weight_by_functional_class	0.06647978375269023	4.6578066993354325e-05	AAT	87	364
rna_coding	unlabeled_out_of_neutral_domain_T95	A[A>G]A	96	30	68.0	2.916854792917023e-06	class_specific	pseudocount	combined_db_spectrum_weight_by_functional_class	0.06647978375269023	4.3875816500365606e-05	AAA	182	490
rna_coding	unlabeled_out_of_neutral_domain_T95	A[A>G]C	46	25	70.0	2.979459052688525e-06	class_specific	pseudocount	combined_db_spectrum_weight_by_functional_class	0.06647978375269023	4.4817520221972076e-05	AAC	121	462
rna_coding	unlabeled_out_of_neutral_domain_T95	A[A>G]G	64	30	136.0	6.538725350880503e-06	class_specific	pseudocount	combined_db_spectrum_weight_by_functional_class	0.06647978375269023	9.83565977772288e-05	AAG	103	202
rna_coding	unlabeled_out_of_neutral_domain_T95	A[A>G]T	45	24	39.0	2.732205724708689e-06	class_specific	pseudocount	combined_db_spectrum_weight_by_functional_class	0.06647978375269023	4.109829440590088e-05	AAT	87	364
rna_coding	unlabeled_out_of_neutral_domain_T95	A[A>T]A	125	13	15.0	2.764481781346731e-06	class_specific	pseudocount	combined_db_spectrum_weight_by_functional_class	0.06647978375269023	4.1583796235421134e-05	AAA	182	490
rna_coding	unlabeled_out_of_neutral_domain_T95	A[A>T]C	74	10	13.0	2.5210807368902904e-06	class_specific	pseudocount	combined_db_spectrum_weight_by_functional_class	0.06647978375269023	3.792251711089945e-05	AAC	121	462
rna_coding	unlabeled_out_of_neutral_domain_T95	A[A>T]G	68	2	4.0	2.692416320950795e-06	class_specific	pseudocount	combined_db_spectrum_weight_by_functional_class	0.06647978375269023	4.04997755553295e-05	AAG	103	202
rna_coding	unlabeled_out_of_neutral_domain_T95	A[A>T]T	60	3	4.0	2.777742486787167e-06	class_specific	pseudocount	combined_db_spectrum_weight_by_functional_class	0.06647978375269023	4.1783265979332556e-05	AAT	87	364
rna_coding	unlabeled_out_of_neutral_domain_T95	A[C>A]A	53	2	5.0	2.550058676394776e-06	class_specific	pseudocount	combined_db_spectrum_weight_by_functional_class	0.06647978375269023	3.835840811217415e-05	ACA	87	425
rna_coding	unlabeled_out_of_neutral_domain_T95	A[C>A]C	58	5	12.0	2.4760614380172494e-06	class_specific	pseudocount	combined_db_spectrum_weight_by_functional_class	0.06647978375269023	3.724532930534767e-05	ACC	104	473
rna_coding	unlabeled_out_of_neutral_domain_T95	A[C>A]G	16	1	4.0	2.787861767249051e-06	class_specific	pseudocount	combined_db_spectrum_weight_by_functional_class	0.06647978375269023	4.193548188453959e-05	ACG	27	117
rna_coding	unlabeled_out_of_neutral_domain_T95	A[C>A]T	38	3	5.0	2.3304107651927052e-06	class_specific	pseudocount	combined_db_spectrum_weight_by_functional_class	0.06647978375269023	3.505442758150369e-05	ACT	68	391
rna_coding	unlabeled_out_of_neutral_domain_T95	A[C>G]A	54	1	1.0	2.45898515223782e-06	class_specific	pseudocount	combined_db_spectrum_weight_by_functional_class	0.06647978375269023	3.698846496531079e-05	ACA	87	425
rna_coding	unlabeled_out_of_neutral_domain_T95	A[C>G]C	55	0	0.0	2.0951289090915187e-06	class_specific	pseudocount	combined_db_spectrum_weight_by_functional_class	0.06647978375269023	3.151527864298649e-05	ACC	104	473
rna_coding	unlabeled_out_of_neutral_domain_T95	A[C>G]G	16	0	0.0	2.3476730671570956e-06	class_specific	pseudocount	combined_db_spectrum_weight_by_functional_class	0.06647978375269023	3.531409000803334e-05	ACG	27	117
rna_coding	unlabeled_out_of_neutral_domain_T95	A[C>G]T	36	2	2.0	2.0973696886734346e-06	class_specific	pseudocount	combined_db_spectrum_weight_by_functional_class	0.06647978375269023	3.1548984823353316e-05	ACT	68	391
rna_coding	unlabeled_out_of_neutral_domain_T95	A[C>T]A	35	11	103.0	5.7831687839667245e-06	class_specific	pseudocount	combined_db_spectrum_weight_by_functional_class	0.06647978375269023	8.699138982582351e-05	ACA	87	425
rna_coding	unlabeled_out_of_neutral_domain_T95	A[C>T]C	46	20	40.0	2.5141546909098224e-06	class_specific	pseudocount	combined_db_spectrum_weight_by_functional_class	0.06647978375269023	3.781833437158379e-05	ACC	104	473
rna_coding	unlabeled_out_of_neutral_domain_T95	A[C>T]G	15	3	17.0	4.255157434222236e-06	class_specific	pseudocount	combined_db_spectrum_weight_by_functional_class	0.06647978375269023	6.400678813956045e-05	ACG	27	117
rna_coding	unlabeled_out_of_neutral_domain_T95	A[C>T]T	25	7	19.0	2.1556299578032522e-06	class_specific	pseudocount	combined_db_spectrum_weight_by_functional_class	0.06647978375269023	3.242534551289091e-05	ACT	68	391
rna_coding	unlabeled_out_of_neutral_domain_T95	A[G>A]A	52	25	71.0	4.621981350965532e-06	class_specific	pseudocount	combined_db_spectrum_weight_by_functional_class	0.06647978375269023	6.952461470331565e-05	AGA	84	176
rna_coding	unlabeled_out_of_neutral_domain_T95	A[G>A]C	56	38	232.0	1.2227463891443206e-05	class_specific	pseudocount	combined_db_spectrum_weight_by_functional_class	0.06647978375269023	0.00018392755212517367	AGC	81	277
rna_coding	unlabeled_out_of_neutral_domain_T95	A[G>A]G	42	27	59.0	4.728478617116811e-06	class_specific	pseudocount	combined_db_spectrum_weight_by_functional_class	0.06647978375269023	7.112656435085748e-05	AGG	62	188
rna_coding	unlabeled_out_of_neutral_domain_T95	A[G>A]T	47	21	43.0	3.460217503254485e-06	class_specific	pseudocount	combined_db_spectrum_weight_by_functional_class	0.06647978375269023	5.204916905456181e-05	AGT	79	182
rna_coding	unlabeled_out_of_neutral_domain_T95	A[G>C]A	56	1	1.0	2.6411322005517326e-06	class_specific	pseudocount	combined_db_spectrum_weight_by_functional_class	0.06647978375269023	3.972835125903751e-05	AGA	84	176
rna_coding	unlabeled_out_of_neutral_domain_T95	A[G>C]C	57	4	4.0	2.7878617672490513e-06	class_specific	pseudocount	combined_db_spectrum_weight_by_functional_class	0.06647978375269023	4.19354818845396e-05	AGC	81	277
rna_coding	unlabeled_out_of_neutral_domain_T95	A[G>C]G	46	1	1.0	2.939324545775315e-06	class_specific	pseudocount	combined_db_spectrum_weight_by_functional_class	0.06647978375269023	4.421381027215465e-05	AGG	62	188
rna_coding	unlabeled_out_of_neutral_domain_T95	A[G>C]T	54	3	3.0	2.707996306894814e-06	class_specific	pseudocount	combined_db_spectrum_weight_by_functional_class	0.06647978375269023	4.0734132303570104e-05	AGT	79	182
rna_coding	unlabeled_out_of_neutral_domain_T95	A[G>T]A	54	0	0.0	2.546806050532028e-06	class_specific	pseudocount	combined_db_spectrum_weight_by_functional_class	0.06647978375269023	3.8309481571214745e-05	AGA	84	176
rna_coding	unlabeled_out_of_neutral_domain_T95	A[G>T]C	56	0	0.0	2.7389519116832783e-06	class_specific	pseudocount	combined_db_spectrum_weight_by_functional_class	0.06647978375269023	4.11997716760389e-05	AGC	81	277
rna_coding	unlabeled_out_of_neutral_domain_T95	A[G>T]G	45	1	1.0	2.8754261860845474e-06	class_specific	pseudocount	combined_db_spectrum_weight_by_functional_class	0.06647978375269023	4.325264048362955e-05	AGG	62	188
rna_coding	unlabeled_out_of_neutral_domain_T95	A[G>T]T	54	2	3.0	2.7581443866521258e-06	class_specific	pseudocount	combined_db_spectrum_weight_by_functional_class	0.06647978375269023	4.1488468086969555e-05	AGT	79	182
rna_coding	unlabeled_out_of_neutral_domain_T95	A[T>A]A	54	2	2.0	2.403727058929105e-06	class_specific	pseudocount	combined_db_spectrum_weight_by_functional_class	0.06647978375269023	3.615726350541616e-05	ATA	89	361
rna_coding	unlabeled_out_of_neutral_domain_T95	A[T>A]C	27	3	3.0	2.431042139144208e-06	class_specific	pseudocount	combined_db_spectrum_weight_by_functional_class	0.06647978375269023	3.656814149979589e-05	ATC	44	350
rna_coding	unlabeled_out_of_neutral_domain_T95	A[T>A]G	32	1	1.0	3.0184368006305515e-06	class_specific	pseudocount	combined_db_spectrum_weight_by_functional_class	0.06647978375269023	4.540383001032859e-05	ATG	42	176
rna_coding	unlabeled_out_of_neutral_domain_T95	A[T>A]T	46	3	5.0	2.6049523073934895e-06	class_specific	pseudocount	combined_db_spectrum_weight_by_functional_class	0.06647978375269023	3.9184127269187684e-05	ATT	73	342
rna_coding	unlabeled_out_of_neutral_domain_T95	A[T>C]A	38	21	53.0	3.115942483796988e-06	class_specific	pseudocount	combined_db_spectrum_weight_by_functional_class	0.06647978375269023	4.687052676628021e-05	ATA	89	361
rna_coding	unlabeled_out_of_neutral_domain_T95	A[T>C]C	22	18	65.0	6.212663244479643e-06	class_specific	pseudocount	combined_db_spectrum_weight_by_functional_class	0.06647978375269023	9.345191716614506e-05	ATC	44	350
rna_coding	unlabeled_out_of_neutral_domain_T95	A[T>C]G	29	9	23.0	4.056024450847303e-06	class_specific	pseudocount	combined_db_spectrum_weight_by_functional_class	0.06647978375269023	6.101139657637904e-05	ATG	42	176
rna_coding	unlabeled_out_of_neutral_domain_T95	A[T>C]T	32	15	28.0	2.4421427881813964e-06	class_specific	pseudocount	combined_db_spectrum_weight_by_functional_class	0.06647978375269023	3.673511931486345e-05	ATT	73	342
rna_coding	unlabeled_out_of_neutral_domain_T95	A[T>G]A	55	6	7.0	2.49275398703759e-06	class_specific	pseudocount	combined_db_spectrum_weight_by_functional_class	0.06647978375269023	3.749642141302417e-05	ATA	89	361
rna_coding	unlabeled_out_of_neutral_domain_T95	A[T>G]C	27	3	3.0	2.431042139144208e-06	class_specific	pseudocount	combined_db_spectrum_weight_by_functional_class	0.06647978375269023	3.656814149979589e-05	ATC	44	350
rna_coding	unlabeled_out_of_neutral_domain_T95	A[T>G]G	32	4	5.0	3.1127629506502563e-06	class_specific	pseudocount	combined_db_spectrum_weight_by_functional_class	0.06647978375269023	4.6822699698151354e-05	ATG	42	176
rna_coding	unlabeled_out_of_neutral_domain_T95	A[T>G]T	46	1	1.0	2.496412627918761e-06	class_specific	pseudocount	combined_db_spectrum_weight_by_functional_class	0.06647978375269023	3.75514552996382e-05	ATT	73	342
rna_coding	unlabeled_out_of_neutral_domain_T95	C[A>C]A	69	8	10.0	2.5805557739335733e-06	class_specific	pseudocount	combined_db_spectrum_weight_by_functional_class	0.06647978375269023	3.881715054208711e-05	CAA	109	424
rna_coding	unlabeled_out_of_neutral_domain_T95	C[A>C]C	38	8	10.0	2.4010292732288477e-06	class_specific	pseudocount	combined_db_spectrum_weight_by_functional_class	0.06647978375269023	3.6116682962761375e-05	CAC	66	422
rna_coding	unlabeled_out_of_neutral_domain_T95	C[A>C]G	41	1	1.0	2.578248100538596e-06	class_specific	pseudocount	combined_db_spectrum_weight_by_functional_class	0.06647978375269023	3.8782438133822336e-05	CAG	63	200
rna_coding	unlabeled_out_of_neutral_domain_T95	C[A>C]T	30	3	32.0	4.249821813615061e-06	class_specific	pseudocount	combined_db_spectrum_weight_by_functional_class	0.06647978375269023	6.392652884408765e-05	CAT	55	402
rna_coding	unlabeled_out_of_neutral_domain_T95	C[A>G]A	52	18	120.0	5.5972618195178915e-06	class_specific	pseudocount	combined_db_spectrum_weight_by_functional_class	0.06647978375269023	8.419494624621711e-05	CAA	109	424
rna_coding	unlabeled_out_of_neutral_domain_T95	C[A>G]C	29	13	31.0	2.821209396043896e-06	class_specific	pseudocount	combined_db_spectrum_weight_by_functional_class	0.06647978375269023	4.2437102481244614e-05	CAC	66	422
rna_coding	unlabeled_out_of_neutral_domain_T95	C[A>G]G	41	14	25.0	3.2699732006830976e-06	class_specific	pseudocount	combined_db_spectrum_weight_by_functional_class	0.06647978375269023	4.9187482511189304e-05	CAG	63	200
rna_coding	unlabeled_out_of_neutral_domain_T95	C[A>G]T	28	12	26.0	3.0252968842683483e-06	class_specific	pseudocount	combined_db_spectrum_weight_by_functional_class	0.06647978375269023	4.5507020533079336e-05	CAT	55	402
rna_coding	unlabeled_out_of_neutral_domain_T95	C[A>T]A	63	5	10.0	2.471518206020887e-06	class_specific	pseudocount	combined_db_spectrum_weight_by_functional_class	0.06647978375269023	3.7176989251576385e-05	CAA	109	424
rna_coding	unlabeled_out_of_neutral_domain_T95	C[A>T]C	42	5	6.0	2.5811064687210117e-06	class_specific	pseudocount	combined_db_spectrum_weight_by_functional_class	0.06647978375269023	3.8825434184968484e-05	CAC	66	422
rna_coding	unlabeled_out_of_neutral_domain_T95	C[A>T]G	42	3	3.0	2.6411322005517326e-06	class_specific	pseudocount	combined_db_spectrum_weight_by_functional_class	0.06647978375269023	3.972835125903751e-05	CAG	63	200
rna_coding	unlabeled_out_of_neutral_domain_T95	C[A>T]T	30	0	0.0	2.1609263459059632e-06	class_specific	pseudocount	combined_db_spectrum_weight_by_functional_class	0.06647978375269023	3.2505014666485245e-05	CAT	55	402
rna_coding	unlabeled_out_of_neutral_domain_T95	C[C>A]A	44	3	6.0	2.3274977517362145e-06	class_specific	pseudocount	combined_db_spectrum_weight_by_functional_class	0.06647978375269023	3.501060954702681e-05	CCA	80	425
rna_coding	unlabeled_out_of_neutral_domain_T95	C[C>A]C	54	2	3.0	2.3684065928860645e-06	class_specific	pseudocount	combined_db_spectrum_weight_by_functional_class	0.06647978375269023	3.56259671616369e-05	CCC	92	568
rna_coding	unlabeled_out_of_neutral_domain_T95	C[C>A]G	22	2	15.0	4.333107516530186e-06	class_specific	pseudocount	combined_db_spectrum_weight_by_functional_class	0.06647978375269023	6.517932628435841e-05	CCG	32	137
rna_coding	unlabeled_out_of_neutral_domain_T95	C[C>A]T	48	2	10.0	2.773188810579319e-06	class_specific	pseudocount	combined_db_spectrum_weight_by_functional_class	0.06647978375269023	4.171476882198939e-05	CCT	80	528
rna_coding	unlabeled_out_of_neutral_domain_T95	C[C>G]A	45	0	0.0	2.2284552942155243e-06	class_specific	pseudocount	combined_db_spectrum_weight_by_functional_class	0.06647978375269023	3.35207963748129e-05	CCA	80	425
rna_coding	unlabeled_out_of_neutral_domain_T95	C[C>G]C	57	0	0.0	2.4545304689910124e-06	class_specific	pseudocount	combined_db_spectrum_weight_by_functional_class	0.06647978375269023	3.692145687660552e-05	CCC	92	568
rna_coding	unlabeled_out_of_neutral_domain_T95	C[C>G]G	23	0	0.0	2.8474706537198366e-06	class_specific	pseudocount	combined_db_spectrum_weight_by_functional_class	0.06647978375269023	4.283212870114982e-05	CCG	32	137
rna_coding	unlabeled_out_of_neutral_domain_T95	C[C>G]T	49	0	0.0	2.4265402092569043e-06	class_specific	pseudocount	combined_db_spectrum_weight_by_functional_class	0.06647978375269023	3.6500422719240714e-05	CCT	80	528
rna_coding	unlabeled_out_of_neutral_domain_T95	C[C>T]A	38	11	23.0	2.4760614380172494e-06	class_specific	pseudocount	combined_db_spectrum_weight_by_functional_class	0.06647978375269023	3.724532930534767e-05	CCA	80	425
rna_coding	unlabeled_out_of_neutral_domain_T95	C[C>T]C	41	5	5.0	1.7655394601514299e-06	class_specific	pseudocount	combined_db_spectrum_weight_by_functional_class	0.06647978375269023	2.6557539156856598e-05	CCC	92	568
rna_coding	unlabeled_out_of_neutral_domain_T95	C[C>T]G	20	3	78.0	1.1761291830581933e-05	class_specific	pseudocount	combined_db_spectrum_weight_by_functional_class	0.06647978375269023	0.0001769153142004014	CCG	32	137
rna_coding	unlabeled_out_of_neutral_domain_T95	C[C>T]T	42	8	17.0	2.525582666777594e-06	class_specific	pseudocount	combined_db_spectrum_weight_by_functional_class	0.06647978375269023	3.799023589145462e-05	CCT	80	528
rna_coding	unlabeled_out_of_neutral_domain_T95	C[G>A]A	24	20	53.0	6.272688976310365e-06	class_specific	pseudocount	combined_db_spectrum_weight_by_functional_class	0.06647978375269023	9.43548342402141e-05	CGA	36	123
rna_coding	unlabeled_out_of_neutral_domain_T95	C[G>A]C	14	14	34.0	6.734887111406918e-06	class_specific	pseudocount	combined_db_spectrum_weight_by_functional_class	0.06647978375269023	0.00010130729571054566	CGC	20	148
rna_coding	unlabeled_out_of_neutral_domain_T95	C[G>A]G	15	9	24.0	6.255313106569893e-06	class_specific	pseudocount	combined_db_spectrum_weight_by_functional_class	0.06647978375269023	9.409346350824674e-05	CGG	19	84
rna_coding	unlabeled_out_of_neutral_domain_T95	C[G>A]T	13	8	29.0	6.414178201339922e-06	class_specific	pseudocount	combined_db_spectrum_weight_by_functional_class	0.06647978375269023	9.648313877194826e-05	CGT	21	80
rna_coding	unlabeled_out_of_neutral_domain_T95	C[G>C]A	27	1	1.0	2.971273725620699e-06	class_specific	pseudocount	combined_db_spectrum_weight_by_functional_class	0.06647978375269023	4.46943951664172e-05	CGA	36	123
rna_coding	unlabeled_out_of_neutral_domain_T95	C[G>C]C	14	1	1.0	2.773188810579319e-06	class_specific	pseudocount	combined_db_spectrum_weight_by_functional_class	0.06647978375269023	4.171476882198939e-05	CGC	20	148
rna_coding	unlabeled_out_of_neutral_domain_T95	C[G>C]G	15	1	1.0	3.1276565532849465e-06	class_specific	pseudocount	combined_db_spectrum_weight_by_functional_class	0.06647978375269023	4.704673175412337e-05	CGG	19	84
rna_coding	unlabeled_out_of_neutral_domain_T95	C[G>C]T	12	1	1.0	2.2638276004729137e-06	class_specific	pseudocount	combined_db_spectrum_weight_by_functional_class	0.06647978375269023	3.4052872507746444e-05	CGT	21	80
rna_coding	unlabeled_out_of_neutral_domain_T95	C[G>T]A	27	3	3.0	2.971273725620699e-06	class_specific	pseudocount	combined_db_spectrum_weight_by_functional_class	0.06647978375269023	4.46943951664172e-05	CGA	36	123
rna_coding	unlabeled_out_of_neutral_domain_T95	C[G>T]C	14	1	1.0	2.773188810579319e-06	class_specific	pseudocount	combined_db_spectrum_weight_by_functional_class	0.06647978375269023	4.171476882198939e-05	CGC	20	148
rna_coding	unlabeled_out_of_neutral_domain_T95	C[G>T]G	15	1	1.0	3.1276565532849465e-06	class_specific	pseudocount	combined_db_spectrum_weight_by_functional_class	0.06647978375269023	4.704673175412337e-05	CGG	19	84
rna_coding	unlabeled_out_of_neutral_domain_T95	C[G>T]T	13	1	1.0	2.452479900512323e-06	class_specific	pseudocount	combined_db_spectrum_weight_by_functional_class	0.06647978375269023	3.689061188339198e-05	CGT	21	80
rna_coding	unlabeled_out_of_neutral_domain_T95	C[T>A]A	38	1	1.0	1.9808491504137997e-06	class_specific	pseudocount	combined_db_spectrum_weight_by_functional_class	0.06647978375269023	2.979626344427814e-05	CTA	76	503
rna_coding	unlabeled_out_of_neutral_domain_T95	C[T>A]C	32	2	2.0	2.391968785405343e-06	class_specific	pseudocount	combined_db_spectrum_weight_by_functional_class	0.06647978375269023	3.598039359309058e-05	CTC	53	405
rna_coding	unlabeled_out_of_neutral_domain_T95	C[T>A]G	31	2	3.0	3.092057210402028e-06	class_specific	pseudocount	combined_db_spectrum_weight_by_functional_class	0.06647978375269023	4.6511240498385376e-05	CTG	41	179
rna_coding	unlabeled_out_of_neutral_domain_T95	C[T>A]T	53	3	4.0	2.6411322005517326e-06	class_specific	pseudocount	combined_db_spectrum_weight_by_functional_class	0.06647978375269023	3.972835125903751e-05	CTT	81	325
rna_coding	unlabeled_out_of_neutral_domain_T95	C[T>C]A	31	16	21.0	1.876593931970968e-06	class_specific	pseudocount	combined_db_spectrum_weight_by_functional_class	0.06647978375269023	2.8228039052474025e-05	CTA	76	503
rna_coding	unlabeled_out_of_neutral_domain_T95	C[T>C]C	26	18	60.0	5.082933668986354e-06	class_specific	pseudocount	combined_db_spectrum_weight_by_functional_class	0.06647978375269023	7.645833638531749e-05	CTC	53	405
rna_coding	unlabeled_out_of_neutral_domain_T95	C[T>C]G	27	13	22.0	3.4785643617022816e-06	class_specific	pseudocount	combined_db_spectrum_weight_by_functional_class	0.06647978375269023	5.232514556068355e-05	CTG	41	179
rna_coding	unlabeled_out_of_neutral_domain_T95	C[T>C]T	49	24	80.0	5.1355348344061465e-06	class_specific	pseudocount	combined_db_spectrum_weight_by_functional_class	0.06647978375269023	7.724957189257294e-05	CTT	81	325
rna_coding	unlabeled_out_of_neutral_domain_T95	C[T>G]A	40	1	1.0	2.085104368856631e-06	class_specific	pseudocount	combined_db_spectrum_weight_by_functional_class	0.06647978375269023	3.1364487836082247e-05	CTA	76	503
rna_coding	unlabeled_out_of_neutral_domain_T95	C[T>G]C	31	0	0.0	2.317219760861426e-06	class_specific	pseudocount	combined_db_spectrum_weight_by_functional_class	0.06647978375269023	3.48560062933065e-05	CTC	53	405
rna_coding	unlabeled_out_of_neutral_domain_T95	C[T>G]G	30	1	2.0	2.9954304225769647e-06	class_specific	pseudocount	combined_db_spectrum_weight_by_functional_class	0.06647978375269023	4.5057764232810837e-05	CTG	41	179
rna_coding	unlabeled_out_of_neutral_domain_T95	C[T>G]T	52	0	0.0	2.543312489420187e-06	class_specific	pseudocount	combined_db_spectrum_weight_by_functional_class	0.06647978375269023	3.825693084203612e-05	CTT	81	325
rna_coding	unlabeled_out_of_neutral_domain_T95	G[A>C]A	49	0	0.0	2.734129813247216e-06	class_specific	pseudocount	combined_db_spectrum_weight_by_functional_class	0.06647978375269023	4.1127236866750106e-05	GAA	71	201
rna_coding	unlabeled_out_of_neutral_domain_T95	G[A>C]C	26	1	1.0	2.641132200551732e-06	class_specific	pseudocount	combined_db_spectrum_weight_by_functional_class	0.06647978375269023	3.9728351259037505e-05	GAC	39	160
rna_coding	unlabeled_out_of_neutral_domain_T95	G[A>C]G	36	3	3.0	2.6411322005517326e-06	class_specific	pseudocount	combined_db_spectrum_weight_by_functional_class	0.06647978375269023	3.972835125903751e-05	GAG	54	143
rna_coding	unlabeled_out_of_neutral_domain_T95	G[A>C]T	43	4	6.0	3.565528470744839e-06	class_specific	pseudocount	combined_db_spectrum_weight_by_functional_class	0.06647978375269023	5.3633274199700644e-05	GAT	50	135
rna_coding	unlabeled_out_of_neutral_domain_T95	G[A>G]A	48	17	248456.0	0.013865218671517571	class_specific	pseudocount	combined_db_spectrum_weight_by_functional_class	0.06647978375269023	0.20856293280220678	GAA	71	201
rna_coding	unlabeled_out_of_neutral_domain_T95	G[A>G]C	23	14	43.0	5.282264401103465e-06	class_specific	pseudocount	combined_db_spectrum_weight_by_functional_class	0.06647978375269023	7.945670251807502e-05	GAC	39	160
rna_coding	unlabeled_out_of_neutral_domain_T95	G[A>G]G	36	16	63.0	6.089277017938717e-06	class_specific	pseudocount	combined_db_spectrum_weight_by_functional_class	0.06647978375269023	9.15959209583365e-05	GAG	54	143
rna_coding	unlabeled_out_of_neutral_domain_T95	G[A>G]T	41	16	24.0	3.882464334811047e-06	class_specific	pseudocount	combined_db_spectrum_weight_by_functional_class	0.06647978375269023	5.840067635078515e-05	GAT	50	135
rna_coding	unlabeled_out_of_neutral_domain_T95	G[A>T]A	48	3	4.0	2.734129813247216e-06	class_specific	pseudocount	combined_db_spectrum_weight_by_functional_class	0.06647978375269023	4.1127236866750106e-05	GAA	71	201
rna_coding	unlabeled_out_of_neutral_domain_T95	G[A>T]C	28	2	2.0	2.844296215978789e-06	class_specific	pseudocount	combined_db_spectrum_weight_by_functional_class	0.06647978375269023	4.2784378278963474e-05	GAC	39	160
rna_coding	unlabeled_out_of_neutral_domain_T95	G[A>T]G	34	2	2.0	2.494402633854414e-06	class_specific	pseudocount	combined_db_spectrum_weight_by_functional_class	0.06647978375269023	3.7521220633535424e-05	GAG	54	143
rna_coding	unlabeled_out_of_neutral_domain_T95	G[A>T]T	43	0	0.0	3.4070605387117353e-06	class_specific	pseudocount	combined_db_spectrum_weight_by_functional_class	0.06647978375269023	5.12495731241584e-05	GAT	50	135
rna_coding	unlabeled_out_of_neutral_domain_T95	G[C>A]A	31	1	5.0	2.666527702480115e-06	class_specific	pseudocount	combined_db_spectrum_weight_by_functional_class	0.06647978375269023	4.011035463652826e-05	GCA	52	202
rna_coding	unlabeled_out_of_neutral_domain_T95	G[C>A]C	23	2	2.0	2.119047928349646e-06	class_specific	pseudocount	combined_db_spectrum_weight_by_functional_class	0.06647978375269023	3.1875072521785915e-05	GCC	43	264
rna_coding	unlabeled_out_of_neutral_domain_T95	G[C>A]G	15	1	1.0	3.1276565532849465e-06	class_specific	pseudocount	combined_db_spectrum_weight_by_functional_class	0.06647978375269023	4.704673175412337e-05	GCG	19	61
rna_coding	unlabeled_out_of_neutral_domain_T95	G[C>A]T	37	1	1.0	2.665142493284021e-06	class_specific	pseudocount	combined_db_spectrum_weight_by_functional_class	0.06647978375269023	4.008951808866513e-05	GCT	55	184
rna_coding	unlabeled_out_of_neutral_domain_T95	G[C>G]A	33	0	0.0	2.5141546909098224e-06	class_specific	pseudocount	combined_db_spectrum_weight_by_functional_class	0.06647978375269023	3.781833437158379e-05	GCA	52	202
rna_coding	unlabeled_out_of_neutral_domain_T95	G[C>G]C	23	0	0.0	2.119047928349646e-06	class_specific	pseudocount	combined_db_spectrum_weight_by_functional_class	0.06647978375269023	3.1875072521785915e-05	GCC	43	264
rna_coding	unlabeled_out_of_neutral_domain_T95	G[C>G]G	15	0	0.0	3.1276565532849465e-06	class_specific	pseudocount	combined_db_spectrum_weight_by_functional_class	0.06647978375269023	4.704673175412337e-05	GCG	19	61
rna_coding	unlabeled_out_of_neutral_domain_T95	G[C>G]T	40	0	0.0	2.8812351278746175e-06	class_specific	pseudocount	combined_db_spectrum_weight_by_functional_class	0.06647978375269023	4.3340019555313655e-05	GCT	55	184
rna_coding	unlabeled_out_of_neutral_domain_T95	G[C>T]A	29	9	17.0	2.818900714050407e-06	class_specific	pseudocount	combined_db_spectrum_weight_by_functional_class	0.06647978375269023	4.240237490147273e-05	GCA	52	202
rna_coding	unlabeled_out_of_neutral_domain_T95	G[C>T]C	22	6	31.0	4.330228375323189e-06	class_specific	pseudocount	combined_db_spectrum_weight_by_functional_class	0.06647978375269023	6.513601776191035e-05	GCC	43	264
rna_coding	unlabeled_out_of_neutral_domain_T95	G[C>T]G	13	2	31.0	8.75743834919785e-06	class_specific	pseudocount	combined_db_spectrum_weight_by_functional_class	0.06647978375269023	0.00013173084891154543	GCG	19	61
rna_coding	unlabeled_out_of_neutral_domain_T95	G[C>T]T	32	10	1113.0	8.175504675344226e-05	class_specific	pseudocount	combined_db_spectrum_weight_by_functional_class	0.06647978375269023	0.0012297730548820247	GCT	55	184
rna_coding	unlabeled_out_of_neutral_domain_T95	G[G>A]A	30	23	70.0	7.44026266252988e-06	class_specific	pseudocount	combined_db_spectrum_weight_by_functional_class	0.06647978375269023	0.00011191767244923981	GGA	41	131
rna_coding	unlabeled_out_of_neutral_domain_T95	G[G>A]C	22	14	32.0	4.5276552009458275e-06	class_specific	pseudocount	combined_db_spectrum_weight_by_functional_class	0.06647978375269023	6.810574501549289e-05	GGC	35	158
rna_coding	unlabeled_out_of_neutral_domain_T95	G[G>A]G	19	8	13.0	2.5021252426279572e-06	class_specific	pseudocount	combined_db_spectrum_weight_by_functional_class	0.06647978375269023	3.76373854032987e-05	GGG	38	128
rna_coding	unlabeled_out_of_neutral_domain_T95	G[G>A]T	35	21	42.0	4.18594537445935e-06	class_specific	pseudocount	combined_db_spectrum_weight_by_functional_class	0.06647978375269023	6.296568878790851e-05	GGT	53	122
rna_coding	unlabeled_out_of_neutral_domain_T95	G[G>C]A	31	2	2.0	2.9954304225769647e-06	class_specific	pseudocount	combined_db_spectrum_weight_by_functional_class	0.06647978375269023	4.5057764232810837e-05	GGA	41	131
rna_coding	unlabeled_out_of_neutral_domain_T95	G[G>C]C	23	2	2.0	2.6034017405438505e-06	class_specific	pseudocount	combined_db_spectrum_weight_by_functional_class	0.06647978375269023	3.91608033839084e-05	GGC	35	158
rna_coding	unlabeled_out_of_neutral_domain_T95	G[G>C]G	27	0	0.0	2.814890897956452e-06	class_specific	pseudocount	combined_db_spectrum_weight_by_functional_class	0.06647978375269023	4.234205857871104e-05	GGG	38	128
rna_coding	unlabeled_out_of_neutral_domain_T95	G[G>C]T	33	1	1.0	2.46671780994926e-06	class_specific	pseudocount	combined_db_spectrum_weight_by_functional_class	0.06647978375269023	3.7104780892874665e-05	GGT	53	122
rna_coding	unlabeled_out_of_neutral_domain_T95	G[G>T]A	30	0	0.0	2.8988036347519013e-06	class_specific	pseudocount	combined_db_spectrum_weight_by_functional_class	0.06647978375269023	4.360428796723629e-05	GGA	41	131
rna_coding	unlabeled_out_of_neutral_domain_T95	G[G>T]C	21	1	2.0	2.490210360520205e-06	class_specific	pseudocount	combined_db_spectrum_weight_by_functional_class	0.06647978375269023	3.745815975852109e-05	GGC	35	158
rna_coding	unlabeled_out_of_neutral_domain_T95	G[G>T]G	27	2	3.0	2.9191461163992834e-06	class_specific	pseudocount	combined_db_spectrum_weight_by_functional_class	0.06647978375269023	4.391028297051515e-05	GGG	38	128
rna_coding	unlabeled_out_of_neutral_domain_T95	G[G>T]T	32	1	1.0	2.391968785405343e-06	class_specific	pseudocount	combined_db_spectrum_weight_by_functional_class	0.06647978375269023	3.598039359309058e-05	GGT	53	122
rna_coding	unlabeled_out_of_neutral_domain_T95	G[T>A]A	43	0	0.0	2.887339439586216e-06	class_specific	pseudocount	combined_db_spectrum_weight_by_functional_class	0.06647978375269023	4.3431841630642706e-05	GTA	59	167
rna_coding	unlabeled_out_of_neutral_domain_T95	G[T>A]C	25	1	1.0	2.829784500591142e-06	class_specific	pseudocount	combined_db_spectrum_weight_by_functional_class	0.06647978375269023	4.2566090634683046e-05	GTC	35	115
rna_coding	unlabeled_out_of_neutral_domain_T95	G[T>A]G	24	1	1.0	2.5021252426279572e-06	class_specific	pseudocount	combined_db_spectrum_weight_by_functional_class	0.06647978375269023	3.76373854032987e-05	GTG	38	87
rna_coding	unlabeled_out_of_neutral_domain_T95	G[T>A]T	49	2	2.0	3.03317526157113e-06	class_specific	pseudocount	combined_db_spectrum_weight_by_functional_class	0.06647978375269023	4.562552839905089e-05	GTT	64	137
rna_coding	unlabeled_out_of_neutral_domain_T95	G[T>C]A	38	15	33.0	3.7602560143448395e-06	class_specific	pseudocount	combined_db_spectrum_weight_by_functional_class	0.06647978375269023	5.6562398402697475e-05	GTA	59	167
rna_coding	unlabeled_out_of_neutral_domain_T95	G[T>C]C	19	11	23.0	3.5089327807330163e-06	class_specific	pseudocount	combined_db_spectrum_weight_by_functional_class	0.06647978375269023	5.278195238700699e-05	GTC	35	115
rna_coding	unlabeled_out_of_neutral_domain_T95	G[T>C]G	21	12	16.0	2.6063804610707886e-06	class_specific	pseudocount	combined_db_spectrum_weight_by_functional_class	0.06647978375269023	3.920560979510281e-05	GTG	38	87
rna_coding	unlabeled_out_of_neutral_domain_T95	G[T>C]T	44	19	46.0	4.395009052480617e-06	class_specific	pseudocount	combined_db_spectrum_weight_by_functional_class	0.06647978375269023	6.611045951699211e-05	GTT	64	137
rna_coding	unlabeled_out_of_neutral_domain_T95	G[T>G]A	44	2	2.0	2.9544868684138028e-06	class_specific	pseudocount	combined_db_spectrum_weight_by_functional_class	0.06647978375269023	4.444188445926231e-05	GTA	59	167
rna_coding	unlabeled_out_of_neutral_domain_T95	G[T>G]C	25	0	0.0	2.829784500591142e-06	class_specific	pseudocount	combined_db_spectrum_weight_by_functional_class	0.06647978375269023	4.2566090634683046e-05	GTC	35	115
rna_coding	unlabeled_out_of_neutral_domain_T95	G[T>G]G	22	2	2.0	2.293614805742294e-06	class_specific	pseudocount	combined_db_spectrum_weight_by_functional_class	0.06647978375269023	3.4500936619690475e-05	GTG	38	87
rna_coding	unlabeled_out_of_neutral_domain_T95	G[T>G]T	50	2	3.0	3.1569783334719927e-06	class_specific	pseudocount	combined_db_spectrum_weight_by_functional_class	0.06647978375269023	4.7487794864318274e-05	GTT	64	137
rna_coding	unlabeled_out_of_neutral_domain_T95	T[A>C]A	102	2	2.0	2.9495855962366063e-06	class_specific	pseudocount	combined_db_spectrum_weight_by_functional_class	0.06647978375269023	4.4368158705348464e-05	TAA	137	402
rna_coding	unlabeled_out_of_neutral_domain_T95	T[A>C]C	42	2	2.0	2.7731888105793195e-06	class_specific	pseudocount	combined_db_spectrum_weight_by_functional_class	0.06647978375269023	4.1714768821989397e-05	TAC	60	364
rna_coding	unlabeled_out_of_neutral_domain_T95	T[A>C]G	55	3	3.0	2.563451841711976e-06	class_specific	pseudocount	combined_db_spectrum_weight_by_functional_class	0.06647978375269023	3.855987033965406e-05	TAG	85	278
rna_coding	unlabeled_out_of_neutral_domain_T95	T[A>C]T	35	2	4.0	2.571628721589845e-06	class_specific	pseudocount	combined_db_spectrum_weight_by_functional_class	0.06647978375269023	3.8682868331168105e-05	TAT	57	330
rna_coding	unlabeled_out_of_neutral_domain_T95	T[A>G]A	73	28	409297.0	0.011837149677791028	class_specific	pseudocount	combined_db_spectrum_weight_by_functional_class	0.06647978375269023	0.17805638059573284	TAA	137	402
rna_coding	unlabeled_out_of_neutral_domain_T95	T[A>G]C	31	12	36.0	3.6315567757586325e-06	class_specific	pseudocount	combined_db_spectrum_weight_by_functional_class	0.06647978375269023	5.4626482981176586e-05	TAC	60	364
rna_coding	unlabeled_out_of_neutral_domain_T95	T[A>G]G	49	17	28.0	2.7964929182312465e-06	class_specific	pseudocount	combined_db_spectrum_weight_by_functional_class	0.06647978375269023	4.206531309780443e-05	TAG	85	278
rna_coding	unlabeled_out_of_neutral_domain_T95	T[A>G]T	26	5	8.0	2.0156008898947433e-06	class_specific	pseudocount	combined_db_spectrum_weight_by_functional_class	0.06647978375269023	3.031900490821284e-05	TAT	57	330
rna_coding	unlabeled_out_of_neutral_domain_T95	T[A>T]A	100	6	14.0	3.123090631309348e-06	class_specific	pseudocount	combined_db_spectrum_weight_by_functional_class	0.06647978375269023	4.6978050393898374e-05	TAA	137	402
rna_coding	unlabeled_out_of_neutral_domain_T95	T[A>T]C	39	2	2.0	2.5751038955379396e-06	class_specific	pseudocount	combined_db_spectrum_weight_by_functional_class	0.06647978375269023	3.873514247756158e-05	TAC	60	364
rna_coding	unlabeled_out_of_neutral_domain_T95	T[A>T]G	53	0	0.0	2.4702354111042675e-06	class_specific	pseudocount	combined_db_spectrum_weight_by_functional_class	0.06647978375269023	3.715769323639391e-05	TAG	85	278
rna_coding	unlabeled_out_of_neutral_domain_T95	T[A>T]T	34	3	5.0	2.5021252426279572e-06	class_specific	pseudocount	combined_db_spectrum_weight_by_functional_class	0.06647978375269023	3.76373854032987e-05	TAT	57	330
rna_coding	unlabeled_out_of_neutral_domain_T95	T[C>A]A	42	6	8.0	2.35560439508668e-06	class_specific	pseudocount	combined_db_spectrum_weight_by_functional_class	0.06647978375269023	3.543339436616859e-05	TCA	74	394
rna_coding	unlabeled_out_of_neutral_domain_T95	T[C>A]C	29	3	15.0	3.6915825075893534e-06	class_specific	pseudocount	combined_db_spectrum_weight_by_functional_class	0.06647978375269023	5.5529400055245614e-05	TCC	44	353
rna_coding	unlabeled_out_of_neutral_domain_T95	T[C>A]G	14	2	3.0	3.3014152506896656e-06	class_specific	pseudocount	combined_db_spectrum_weight_by_functional_class	0.06647978375269023	4.966043907379689e-05	TCG	18	120
rna_coding	unlabeled_out_of_neutral_domain_T95	T[C>A]T	29	4	9.0	2.806202963086216e-06	class_specific	pseudocount	combined_db_spectrum_weight_by_functional_class	0.06647978375269023	4.221137321272736e-05	TCT	48	309
rna_coding	unlabeled_out_of_neutral_domain_T95	T[C>G]A	43	1	1.0	2.3020679315619833e-06	class_specific	pseudocount	combined_db_spectrum_weight_by_functional_class	0.06647978375269023	3.462808994875567e-05	TCA	74	394
rna_coding	unlabeled_out_of_neutral_domain_T95	T[C>G]C	28	0	0.0	2.52108073689029e-06	class_specific	pseudocount	combined_db_spectrum_weight_by_functional_class	0.06647978375269023	3.7922517110899443e-05	TCC	44	353
rna_coding	unlabeled_out_of_neutral_domain_T95	T[C>G]G	15	0	0.0	3.3014152506896656e-06	class_specific	pseudocount	combined_db_spectrum_weight_by_functional_class	0.06647978375269023	4.966043907379689e-05	TCG	18	120
rna_coding	unlabeled_out_of_neutral_domain_T95	T[C>G]T	28	0	0.0	2.310990675482766e-06	class_specific	pseudocount	combined_db_spectrum_weight_by_functional_class	0.06647978375269023	3.476230735165783e-05	TCT	48	309
rna_coding	unlabeled_out_of_neutral_domain_T95	T[C>T]A	34	12	54.0	4.068771227876993e-06	class_specific	pseudocount	combined_db_spectrum_weight_by_functional_class	0.06647978375269023	6.120313572338211e-05	TCA	74	394
rna_coding	unlabeled_out_of_neutral_domain_T95	T[C>T]C	24	3	6.0	2.431042139144208e-06	class_specific	pseudocount	combined_db_spectrum_weight_by_functional_class	0.06647978375269023	3.656814149979589e-05	TCC	44	353
rna_coding	unlabeled_out_of_neutral_domain_T95	T[C>T]G	14	3	7.0	3.9616983008275985e-06	class_specific	pseudocount	combined_db_spectrum_weight_by_functional_class	0.06647978375269023	5.9592526888556264e-05	TCG	18	120
rna_coding	unlabeled_out_of_neutral_domain_T95	T[C>T]T	24	4	6.0	2.145919912948283e-06	class_specific	pseudocount	combined_db_spectrum_weight_by_functional_class	0.06647978375269023	3.227928539796798e-05	TCT	48	309
rna_coding	unlabeled_out_of_neutral_domain_T95	T[G>A]A	32	13	22.0	3.0079561172950286e-06	class_specific	pseudocount	combined_db_spectrum_weight_by_functional_class	0.06647978375269023	4.524617782279272e-05	TGA	54	211
rna_coding	unlabeled_out_of_neutral_domain_T95	T[G>A]C	25	9	15.0	3.721595373504714e-06	class_specific	pseudocount	combined_db_spectrum_weight_by_functional_class	0.06647978375269023	5.5980858592280134e-05	TGC	33	128
rna_coding	unlabeled_out_of_neutral_domain_T95	T[G>A]G	34	16	38.0	4.621981350965532e-06	class_specific	pseudocount	combined_db_spectrum_weight_by_functional_class	0.06647978375269023	6.952461470331565e-05	TGG	48	139
rna_coding	unlabeled_out_of_neutral_domain_T95	T[G>A]T	35	13	43.0	5.7224531011954205e-06	class_specific	pseudocount	combined_db_spectrum_weight_by_functional_class	0.06647978375269023	8.607809439458127e-05	TGT	45	123
rna_coding	unlabeled_out_of_neutral_domain_T95	T[G>C]A	36	1	5.0	2.9345913339463696e-06	class_specific	pseudocount	combined_db_spectrum_weight_by_functional_class	0.06647978375269023	4.414261251004168e-05	TGA	54	211
rna_coding	unlabeled_out_of_neutral_domain_T95	T[G>C]C	24	0	0.0	2.8812351278746175e-06	class_specific	pseudocount	combined_db_spectrum_weight_by_functional_class	0.06647978375269023	4.3340019555313655e-05	TGC	33	128
rna_coding	unlabeled_out_of_neutral_domain_T95	T[G>C]G	40	1	1.0	3.3014152506896656e-06	class_specific	pseudocount	combined_db_spectrum_weight_by_functional_class	0.06647978375269023	4.966043907379689e-05	TGG	48	139
rna_coding	unlabeled_out_of_neutral_domain_T95	T[G>C]T	37	3	7.0	3.6095473407540344e-06	class_specific	pseudocount	combined_db_spectrum_weight_by_functional_class	0.06647978375269023	5.429541338735127e-05	TGT	45	123
rna_coding	unlabeled_out_of_neutral_domain_T95	T[G>T]A	35	1	1.0	2.5677674172030733e-06	class_specific	pseudocount	combined_db_spectrum_weight_by_functional_class	0.06647978375269023	3.862478594628647e-05	TGA	54	211
rna_coding	unlabeled_out_of_neutral_domain_T95	T[G>T]C	25	0	0.0	3.0012865915360598e-06	class_specific	pseudocount	combined_db_spectrum_weight_by_functional_class	0.06647978375269023	4.5145853703451724e-05	TGC	33	128
rna_coding	unlabeled_out_of_neutral_domain_T95	T[G>T]G	40	1	1.0	3.3014152506896656e-06	class_specific	pseudocount	combined_db_spectrum_weight_by_functional_class	0.06647978375269023	4.966043907379689e-05	TGG	48	139
rna_coding	unlabeled_out_of_neutral_domain_T95	T[G>T]T	36	1	1.0	3.1693586406620786e-06	class_specific	pseudocount	combined_db_spectrum_weight_by_functional_class	0.06647978375269023	4.767402151084501e-05	TGT	45	123
rna_coding	unlabeled_out_of_neutral_domain_T95	T[T>A]A	72	4	5724.0	0.00020487639784279868	class_specific	pseudocount	combined_db_spectrum_weight_by_functional_class	0.06647978375269023	0.003081784961951053	TTA	112	341
rna_coding	unlabeled_out_of_neutral_domain_T95	T[T>A]C	40	1	1.0	2.9345913339463696e-06	class_specific	pseudocount	combined_db_spectrum_weight_by_functional_class	0.06647978375269023	4.414261251004168e-05	TTC	54	308
rna_coding	unlabeled_out_of_neutral_domain_T95	T[T>A]G	41	2	2.0	2.953266006071483e-06	class_specific	pseudocount	combined_db_spectrum_weight_by_functional_class	0.06647978375269023	4.44235200441965e-05	TTG	55	157
rna_coding	unlabeled_out_of_neutral_domain_T95	T[T>A]T	51	1	1.0	2.3223748660023858e-06	class_specific	pseudocount	combined_db_spectrum_weight_by_functional_class	0.06647978375269023	3.493355024501575e-05	TTT	87	285
rna_coding	unlabeled_out_of_neutral_domain_T95	T[T>C]A	60	21	44.0	2.93590141936331e-06	class_specific	pseudocount	combined_db_spectrum_weight_by_functional_class	0.06647978375269023	4.416231903348367e-05	TTA	112	341
rna_coding	unlabeled_out_of_neutral_domain_T95	T[T>C]C	35	13	22.0	3.2280504673410066e-06	class_specific	pseudocount	combined_db_spectrum_weight_by_functional_class	0.06647978375269023	4.855687376104585e-05	TTC	54	308
rna_coding	unlabeled_out_of_neutral_domain_T95	T[T>C]G	37	18	43.0	4.465914448205657e-06	class_specific	pseudocount	combined_db_spectrum_weight_by_functional_class	0.06647978375269023	6.717703031073616e-05	TTG	55	157
rna_coding	unlabeled_out_of_neutral_domain_T95	T[T>C]T	47	17	37.0	3.050963059258036e-06	class_specific	pseudocount	combined_db_spectrum_weight_by_functional_class	0.06647978375269023	4.5893095419922644e-05	TTT	87	285
rna_coding	unlabeled_out_of_neutral_domain_T95	T[T>G]A	73	1	2.0	2.6175506630468066e-06	class_specific	pseudocount	combined_db_spectrum_weight_by_functional_class	0.06647978375269023	3.9373633837081823e-05	TTA	112	341
rna_coding	unlabeled_out_of_neutral_domain_T95	T[T>G]C	41	2	3.0	3.081320900643688e-06	class_specific	pseudocount	combined_db_spectrum_weight_by_functional_class	0.06647978375269023	4.634974313554376e-05	TTC	54	308
rna_coding	unlabeled_out_of_neutral_domain_T95	T[T>G]G	43	1	1.0	3.097327762465214e-06	class_specific	pseudocount	combined_db_spectrum_weight_by_functional_class	0.06647978375269023	4.659052102196218e-05	TTG	55	157
rna_coding	unlabeled_out_of_neutral_domain_T95	T[T>G]T	55	1	1.0	2.504521914316298e-06	class_specific	pseudocount	combined_db_spectrum_weight_by_functional_class	0.06647978375269023	3.767343653874247e-05	TTT	87	285
control_region	expanded_neutral_like_T95	A[A>C]A	27	7	1782.0	0.0002379660112697111	class_specific	pseudocount	combined_db_spectrum_weight_by_functional_class	0.4231408108442592	0.0005623801939475335	AAA	30	490
control_region	expanded_neutral_like_T95	A[A>C]C	29	11	8502.0	0.001054802172595348	class_specific	pseudocount	combined_db_spectrum_weight_by_functional_class	0.4231408108442592	0.0024927923413739866	AAC	32	462
control_region	expanded_neutral_like_T95	A[A>C]G	12	4	198.0	6.277768076696041e-05	class_specific	pseudocount	combined_db_spectrum_weight_by_functional_class	0.4231408108442592	0.00014836120543822067	AAG	13	202
control_region	expanded_neutral_like_T95	A[A>C]T	17	3	12.0	4.904959801024646e-06	class_specific	pseudocount	combined_db_spectrum_weight_by_functional_class	0.4231408108442592	1.159179090109075e-05	AAT	21	364
control_region	expanded_neutral_like_T95	A[A>G]A	26	20	7100.0	0.0009383942708560305	class_specific	pseudocount	combined_db_spectrum_weight_by_functional_class	0.4231408108442592	0.0022176879346232927	AAA	30	490
control_region	expanded_neutral_like_T95	A[A>G]C	30	24	19116.0	0.002367362340888292	class_specific	pseudocount	combined_db_spectrum_weight_by_functional_class	0.4231408108442592	0.005594738867576688	AAC	32	462
control_region	expanded_neutral_like_T95	A[A>G]G	12	8	5949.0	0.0018141530757558996	class_specific	pseudocount	combined_db_spectrum_weight_by_functional_class	0.4231408108442592	0.004287350757154018	AAG	13	202
control_region	expanded_neutral_like_T95	A[A>G]T	19	14	14325.0	0.0027033874595647376	class_specific	pseudocount	combined_db_spectrum_weight_by_functional_class	0.4231408108442592	0.0063888601389473255	AAT	21	364
control_region	expanded_neutral_like_T95	A[A>T]A	25	9	128.0	1.9016151843972473e-05	class_specific	pseudocount	combined_db_spectrum_weight_by_functional_class	0.4231408108442592	4.494048164730568e-05	AAA	30	490
control_region	expanded_neutral_like_T95	A[A>T]C	28	9	66.0	1.0523261111573309e-05	class_specific	pseudocount	combined_db_spectrum_weight_by_functional_class	0.4231408108442592	2.486940716159494e-05	AAC	32	462
control_region	expanded_neutral_like_T95	A[A>T]G	12	4	808.0	0.00024867275488271696	class_specific	pseudocount	combined_db_spectrum_weight_by_functional_class	0.4231408108442592	0.0005876832215416896	AAG	13	202
control_region	expanded_neutral_like_T95	A[A>T]T	18	6	132.0	2.7165931205674963e-05	class_specific	pseudocount	combined_db_spectrum_weight_by_functional_class	0.4231408108442592	6.420068806757955e-05	AAT	21	364
control_region	expanded_neutral_like_T95	A[C>A]A	43	6	598.0	5.590396491167833e-05	class_specific	pseudocount	combined_db_spectrum_weight_by_functional_class	0.4231408108442592	0.00013211669373166252	ACA	45	425
control_region	expanded_neutral_like_T95	A[C>A]C	37	16	3429.0	0.0003333624179964687	class_specific	pseudocount	combined_db_spectrum_weight_by_functional_class	0.4231408108442592	0.000787828565463438	ACC	41	473
control_region	expanded_neutral_like_T95	A[C>A]G	5	0	0.0	2.8297845005911423e-06	class_specific	pseudocount	combined_db_spectrum_weight_by_functional_class	0.4231408108442592	6.687571673706203e-06	ACG	7	117
control_region	expanded_neutral_like_T95	A[C>A]T	21	8	160.0	3.2636847906817835e-05	class_specific	pseudocount	combined_db_spectrum_weight_by_functional_class	0.4231408108442592	7.712999330341153e-05	ACT	21	391
control_region	expanded_neutral_like_T95	A[C>G]A	41	10	647.0	5.9689587732469156e-05	class_specific	pseudocount	combined_db_spectrum_weight_by_functional_class	0.4231408108442592	0.00014106317850404282	ACA	45	425
control_region	expanded_neutral_like_T95	A[C>G]C	39	12	887.0	8.831688407210793e-05	class_specific	pseudocount	combined_db_spectrum_weight_by_functional_class	0.4231408108442592	0.0002087174808213282	ACC	41	473
control_region	expanded_neutral_like_T95	A[C>G]G	6	2	3.0	3.961698300827599e-06	class_specific	pseudocount	combined_db_spectrum_weight_by_functional_class	0.4231408108442592	9.362600343188684e-06	ACG	7	117
control_region	expanded_neutral_like_T95	A[C>G]T	21	5	102.0	2.226097140465032e-05	class_specific	pseudocount	combined_db_spectrum_weight_by_functional_class	0.4231408108442592	5.2608897166488794e-05	ACT	21	391
control_region	expanded_neutral_like_T95	A[C>T]A	41	31	22695.0	0.0019988968871175695	class_specific	pseudocount	combined_db_spectrum_weight_by_functional_class	0.4231408108442592	0.004723952017602201	ACA	45	425
control_region	expanded_neutral_like_T95	A[C>T]C	37	30	76554.0	0.007397843502674677	class_specific	pseudocount	combined_db_spectrum_weight_by_functional_class	0.4231408108442592	0.01748317182621631	ACC	41	473
control_region	expanded_neutral_like_T95	A[C>T]G	5	4	47.0	2.7165931205674963e-05	class_specific	pseudocount	combined_db_spectrum_weight_by_functional_class	0.4231408108442592	6.420068806757955e-05	ACG	7	117
control_region	expanded_neutral_like_T95	A[C>T]T	21	17	32841.0	0.006196284794794404	class_specific	pseudocount	combined_db_spectrum_weight_by_functional_class	0.4231408108442592	0.01464355277485868	ACT	21	391
control_region	expanded_neutral_like_T95	A[G>A]A	7	6	788.0	0.00034730888437255284	class_specific	pseudocount	combined_db_spectrum_weight_by_functional_class	0.4231408108442592	0.0008207879634195412	AGA	9	176
control_region	expanded_neutral_like_T95	A[G>A]C	18	15	22332.0	0.004915807308276912	class_specific	pseudocount	combined_db_spectrum_weight_by_functional_class	0.4231408108442592	0.011617426592506624	AGC	18	277
control_region	expanded_neutral_like_T95	A[G>A]G	5	4	11909.0	0.007863971127142783	class_specific	pseudocount	combined_db_spectrum_weight_by_functional_class	0.4231408108442592	0.018584761681229536	AGG	6	188
control_region	expanded_neutral_like_T95	A[G>A]T	10	6	2345.0	0.0008460026644221845	class_specific	pseudocount	combined_db_spectrum_weight_by_functional_class	0.4231408108442592	0.001999340746013656	AGT	11	182
control_region	expanded_neutral_like_T95	A[G>C]A	7	0	0.0	3.081320900643688e-06	class_specific	pseudocount	combined_db_spectrum_weight_by_functional_class	0.4231408108442592	7.282022489146753e-06	AGA	9	176
control_region	expanded_neutral_like_T95	A[G>C]C	18	5	7.0	4.401887000919554e-06	class_specific	pseudocount	combined_db_spectrum_weight_by_functional_class	0.4231408108442592	1.0402889270209648e-05	AGC	18	277
control_region	expanded_neutral_like_T95	A[G>C]G	4	0	0.0	2.6411322005517326e-06	class_specific	pseudocount	combined_db_spectrum_weight_by_functional_class	0.4231408108442592	6.241733562125789e-06	AGG	6	188
control_region	expanded_neutral_like_T95	A[G>C]T	11	3	64.0	2.5931116150871554e-05	class_specific	pseudocount	combined_db_spectrum_weight_by_functional_class	0.4231408108442592	6.128247497359865e-05	AGT	11	182
control_region	expanded_neutral_like_T95	A[G>T]A	8	2	14.0	8.803774001839108e-06	class_specific	pseudocount	combined_db_spectrum_weight_by_functional_class	0.4231408108442592	2.0805778540419295e-05	AGA	9	176
control_region	expanded_neutral_like_T95	A[G>T]C	17	3	11.0	5.502358751149443e-06	class_specific	pseudocount	combined_db_spectrum_weight_by_functional_class	0.4231408108442592	1.300361158776206e-05	AGC	18	277
control_region	expanded_neutral_like_T95	A[G>T]G	5	3	46.0	3.1693586406620795e-05	class_specific	pseudocount	combined_db_spectrum_weight_by_functional_class	0.4231408108442592	7.490080274550947e-05	AGG	6	188
control_region	expanded_neutral_like_T95	A[G>T]T	11	1	9.0	6.8429334287022164e-06	class_specific	pseudocount	combined_db_spectrum_weight_by_functional_class	0.4231408108442592	1.617176422914409e-05	AGT	11	182
control_region	expanded_neutral_like_T95	A[T>A]A	22	1	1.0	3.6315567757586325e-06	class_specific	pseudocount	combined_db_spectrum_weight_by_functional_class	0.4231408108442592	8.58238364792296e-06	ATA	24	361
control_region	expanded_neutral_like_T95	A[T>A]C	19	4	9.0	3.961698300827599e-06	class_specific	pseudocount	combined_db_spectrum_weight_by_functional_class	0.4231408108442592	9.362600343188684e-06	ATC	24	350
control_region	expanded_neutral_like_T95	A[T>A]G	11	2	30.0	1.1885094902482796e-05	class_specific	pseudocount	combined_db_spectrum_weight_by_functional_class	0.4231408108442592	2.808780102956605e-05	ATG	13	176
control_region	expanded_neutral_like_T95	A[T>A]T	22	6	78.0	1.6191288707730186e-05	class_specific	pseudocount	combined_db_spectrum_weight_by_functional_class	0.4231408108442592	3.826454053303201e-05	ATT	23	342
control_region	expanded_neutral_like_T95	A[T>C]A	22	17	42333.0	0.006988765944184953	class_specific	pseudocount	combined_db_spectrum_weight_by_functional_class	0.4231408108442592	0.016516407222080105	ATA	24	361
control_region	expanded_neutral_like_T95	A[T>C]C	22	19	24514.0	0.004047039885057927	class_specific	pseudocount	combined_db_spectrum_weight_by_functional_class	0.4231408108442592	0.009564286358914873	ATC	24	350
control_region	expanded_neutral_like_T95	A[T>C]G	11	7	6905.0	0.0021054902738782987	class_specific	pseudocount	combined_db_spectrum_weight_by_functional_class	0.4231408108442592	0.004975861982391586	ATG	13	176
control_region	expanded_neutral_like_T95	A[T>C]T	22	17	5074.0	0.0008748463334740597	class_specific	pseudocount	combined_db_spectrum_weight_by_functional_class	0.4231408108442592	0.002067506397524144	ATT	23	342
control_region	expanded_neutral_like_T95	A[T>G]A	20	3	39.0	9.243962701931063e-06	class_specific	pseudocount	combined_db_spectrum_weight_by_functional_class	0.4231408108442592	2.184606746744026e-05	ATA	24	361
control_region	expanded_neutral_like_T95	A[T>G]C	19	6	20.0	5.447335163637948e-06	class_specific	pseudocount	combined_db_spectrum_weight_by_functional_class	0.4231408108442592	1.2873575471884438e-05	ATC	24	350
control_region	expanded_neutral_like_T95	A[T>G]G	11	2	26.0	1.0666110809920458e-05	class_specific	pseudocount	combined_db_spectrum_weight_by_functional_class	0.4231408108442592	2.520700092396953e-05	ATG	13	176
control_region	expanded_neutral_like_T95	A[T>G]T	22	1	107.0	2.2047712282866638e-05	class_specific	pseudocount	combined_db_spectrum_weight_by_functional_class	0.4231408108442592	5.2104906257745715e-05	ATT	23	342
control_region	expanded_neutral_like_T95	C[A>C]A	28	12	259.0	3.404584477273718e-05	class_specific	pseudocount	combined_db_spectrum_weight_by_functional_class	0.4231408108442592	8.045984669927774e-05	CAA	32	424
control_region	expanded_neutral_like_T95	C[A>C]C	38	18	3041.0	0.0002694835221962951	class_specific	pseudocount	combined_db_spectrum_weight_by_functional_class	0.4231408108442592	0.0006368648811222346	CAC	45	422
control_region	expanded_neutral_like_T95	C[A>C]G	18	6	481.0	0.00010850651457266701	class_specific	pseudocount	combined_db_spectrum_weight_by_functional_class	0.4231408108442592	0.00025643122051066783	CAG	18	200
control_region	expanded_neutral_like_T95	C[A>C]T	29	8	64.0	9.904245752068998e-06	class_specific	pseudocount	combined_db_spectrum_weight_by_functional_class	0.4231408108442592	2.340650085797171e-05	CAT	34	402
control_region	expanded_neutral_like_T95	C[A>G]A	31	22	6428.0	0.0007969203738258517	class_specific	pseudocount	combined_db_spectrum_weight_by_functional_class	0.4231408108442592	0.0018833455752845485	CAA	32	424
control_region	expanded_neutral_like_T95	C[A>G]C	39	32	264431.0	0.0232805238949833	class_specific	pseudocount	combined_db_spectrum_weight_by_functional_class	0.4231408108442592	0.05501838465671397	CAC	45	422
control_region	expanded_neutral_like_T95	C[A>G]G	16	11	2208.0	0.0004870687966517487	class_specific	pseudocount	combined_db_spectrum_weight_by_functional_class	0.4231408108442592	0.0011510796977486975	CAG	18	200
control_region	expanded_neutral_like_T95	C[A>G]T	30	15	593.0	7.084448726185824e-05	class_specific	pseudocount	combined_db_spectrum_weight_by_functional_class	0.4231408108442592	0.00016742532378407997	CAT	34	402
control_region	expanded_neutral_like_T95	C[A>T]A	27	11	292.0	3.8131346145465635e-05	class_specific	pseudocount	combined_db_spectrum_weight_by_functional_class	0.4231408108442592	9.011502830319106e-05	CAA	32	424
control_region	expanded_neutral_like_T95	C[A>T]C	42	17	1433.0	0.0001283590249468142	class_specific	pseudocount	combined_db_spectrum_weight_by_functional_class	0.4231408108442592	0.00030334825111931333	CAC	45	422
control_region	expanded_neutral_like_T95	C[A>T]G	15	1	3.0	3.741603950781621e-06	class_specific	pseudocount	combined_db_spectrum_weight_by_functional_class	0.4231408108442592	8.8424558796782e-06	CAG	18	200
control_region	expanded_neutral_like_T95	C[A>T]T	30	4	8.0	3.9616983008275985e-06	class_specific	pseudocount	combined_db_spectrum_weight_by_functional_class	0.4231408108442592	9.362600343188683e-06	CAT	34	402
control_region	expanded_neutral_like_T95	C[C>A]A	39	14	363.0	3.574741722607228e-05	class_specific	pseudocount	combined_db_spectrum_weight_by_functional_class	0.4231408108442592	8.44811379804002e-05	CCA	43	425
control_region	expanded_neutral_like_T95	C[C>A]C	56	17	197.0	1.4840647603100211e-05	class_specific	pseudocount	combined_db_spectrum_weight_by_functional_class	0.4231408108442592	3.507259811099253e-05	CCC	63	568
control_region	expanded_neutral_like_T95	C[C>A]G	8	2	78.0	3.025296884268348e-05	class_specific	pseudocount	combined_db_spectrum_weight_by_functional_class	0.4231408108442592	7.149622080253176e-05	CCG	11	137
control_region	expanded_neutral_like_T95	C[C>A]T	20	8	98.0	1.7431472523641434e-05	class_specific	pseudocount	combined_db_spectrum_weight_by_functional_class	0.4231408108442592	4.1195441510030204e-05	CCT	25	528
control_region	expanded_neutral_like_T95	C[C>G]A	39	8	54.0	7.8312640830313e-06	class_specific	pseudocount	combined_db_spectrum_weight_by_functional_class	0.4231408108442592	1.8507465794675303e-05	CCA	43	425
control_region	expanded_neutral_like_T95	C[C>G]C	58	7	52.0	6.477062301353058e-06	class_specific	pseudocount	combined_db_spectrum_weight_by_functional_class	0.4231408108442592	1.5307108497594197e-05	CCC	63	568
control_region	expanded_neutral_like_T95	C[C>G]G	8	1	1.0	2.881235127874617e-06	class_specific	pseudocount	combined_db_spectrum_weight_by_functional_class	0.4231408108442592	6.809163885955405e-06	CCG	11	137
control_region	expanded_neutral_like_T95	C[C>G]T	23	4	273.0	4.627263615366635e-05	class_specific	pseudocount	combined_db_spectrum_weight_by_functional_class	0.4231408108442592	0.00010935517200844381	CCT	25	528
control_region	expanded_neutral_like_T95	C[C>T]A	41	33	17143.0	0.0015801648269184686	class_specific	pseudocount	combined_db_spectrum_weight_by_functional_class	0.4231408108442592	0.0037343711275820723	CCA	43	425
control_region	expanded_neutral_like_T95	C[C>T]C	61	43	61900.0	0.003893657704613385	class_specific	pseudocount	combined_db_spectrum_weight_by_functional_class	0.4231408108442592	0.009201801397612014	CCC	63	568
control_region	expanded_neutral_like_T95	C[C>T]G	9	7	407.0	0.0001473031459125898	class_specific	pseudocount	combined_db_spectrum_weight_by_functional_class	0.4231408108442592	0.00034811850366947013	CCG	11	137
control_region	expanded_neutral_like_T95	C[C>T]T	23	20	80885.0	0.012818154086293714	class_specific	pseudocount	combined_db_spectrum_weight_by_functional_class	0.4231408108442592	0.03029288066239385	CCT	25	528
control_region	expanded_neutral_like_T95	C[G>A]A	6	5	176.0	0.00011687009987441417	class_specific	pseudocount	combined_db_spectrum_weight_by_functional_class	0.4231408108442592	0.00027619671012406614	CGA	6	123
control_region	expanded_neutral_like_T95	C[G>A]C	10	9	12819.0	0.005078897221660982	class_specific	pseudocount	combined_db_spectrum_weight_by_functional_class	0.4231408108442592	0.012002853639967892	CGC	10	148
control_region	expanded_neutral_like_T95	C[G>A]G	5	4	21049.0	0.01667874984648419	class_specific	pseudocount	combined_db_spectrum_weight_by_functional_class	0.4231408108442592	0.039416547444824354	CGG	5	84
control_region	expanded_neutral_like_T95	C[G>A]T	6	4	136.0	7.810205221631552e-05	class_specific	pseudocount	combined_db_spectrum_weight_by_functional_class	0.4231408108442592	0.00018457697819429118	CGT	7	80
control_region	expanded_neutral_like_T95	C[G>C]A	4	0	0.0	2.6411322005517326e-06	class_specific	pseudocount	combined_db_spectrum_weight_by_functional_class	0.4231408108442592	6.241733562125789e-06	CGA	6	123
control_region	expanded_neutral_like_T95	C[G>C]C	9	4	36.0	1.6242963033393155e-05	class_specific	pseudocount	combined_db_spectrum_weight_by_functional_class	0.4231408108442592	3.83866614070736e-05	CGC	10	148
control_region	expanded_neutral_like_T95	C[G>C]G	5	1	2730.0	0.002166256630892531	class_specific	pseudocount	combined_db_spectrum_weight_by_functional_class	0.4231408108442592	0.005119469867655572	CGG	5	84
control_region	expanded_neutral_like_T95	C[G>C]T	6	1	48.0	2.9995715706266106e-05	class_specific	pseudocount	combined_db_spectrum_weight_by_functional_class	0.4231408108442592	7.088825974128575e-05	CGT	7	80
control_region	expanded_neutral_like_T95	C[G>T]A	5	1	27.0	2.0468774554275926e-05	class_specific	pseudocount	combined_db_spectrum_weight_by_functional_class	0.4231408108442592	4.837343510647486e-05	CGA	6	123
control_region	expanded_neutral_like_T95	C[G>T]C	9	4	10.0	5.942547451241398e-06	class_specific	pseudocount	combined_db_spectrum_weight_by_functional_class	0.4231408108442592	1.4043900514783025e-05	CGC	10	148
control_region	expanded_neutral_like_T95	C[G>T]G	4	0	0.0	3.169358640662079e-06	class_specific	pseudocount	combined_db_spectrum_weight_by_functional_class	0.4231408108442592	7.4900802745509465e-06	CGG	5	84
control_region	expanded_neutral_like_T95	C[G>T]T	6	1	31.0	2.0374448404256222e-05	class_specific	pseudocount	combined_db_spectrum_weight_by_functional_class	0.4231408108442592	4.815051605068466e-05	CGT	7	80
control_region	expanded_neutral_like_T95	C[T>A]A	18	5	29.0	7.923396601655197e-06	class_specific	pseudocount	combined_db_spectrum_weight_by_functional_class	0.4231408108442592	1.8725200686377365e-05	CTA	21	503
control_region	expanded_neutral_like_T95	C[T>A]C	21	8	130.0	2.6977278905635555e-05	class_specific	pseudocount	combined_db_spectrum_weight_by_functional_class	0.4231408108442592	6.375484995599914e-05	CTC	21	405
control_region	expanded_neutral_like_T95	C[T>A]G	12	1	2.0	3.961698300827599e-06	class_specific	pseudocount	combined_db_spectrum_weight_by_functional_class	0.4231408108442592	9.362600343188684e-06	CTG	13	179
control_region	expanded_neutral_like_T95	C[T>A]T	15	3	367.0	8.832256800080354e-05	class_specific	pseudocount	combined_db_spectrum_weight_by_functional_class	0.4231408108442592	0.00020873091353344183	CTT	17	325
control_region	expanded_neutral_like_T95	C[T>C]A	19	17	84033.0	0.015853396033811775	class_specific	pseudocount	combined_db_spectrum_weight_by_functional_class	0.4231408108442592	0.03746600570666005	CTA	21	503
control_region	expanded_neutral_like_T95	C[T>C]C	20	20	79056.0	0.014914096231915554	class_specific	pseudocount	combined_db_spectrum_weight_by_functional_class	0.4231408108442592	0.03524617774910117	CTC	21	405
control_region	expanded_neutral_like_T95	C[T>C]G	12	11	2366.0	0.0007213338367737636	class_specific	pseudocount	combined_db_spectrum_weight_by_functional_class	0.4231408108442592	0.0017047134624867395	CTG	13	179
control_region	expanded_neutral_like_T95	C[T>C]T	15	11	66181.0	0.015423823649427919	class_specific	pseudocount	combined_db_spectrum_weight_by_functional_class	0.4231408108442592	0.036450806100820174	CTT	17	325
control_region	expanded_neutral_like_T95	C[T>G]A	18	0	0.0	3.3957414007093704e-06	class_specific	pseudocount	combined_db_spectrum_weight_by_functional_class	0.4231408108442592	8.025086008447443e-06	CTA	21	503
control_region	expanded_neutral_like_T95	C[T>G]C	21	4	59.0	1.4337574802995118e-05	class_specific	pseudocount	combined_db_spectrum_weight_by_functional_class	0.4231408108442592	3.3883696480111425e-05	CTC	21	405
control_region	expanded_neutral_like_T95	C[T>G]G	12	1	15.0	7.923396601655197e-06	class_specific	pseudocount	combined_db_spectrum_weight_by_functional_class	0.4231408108442592	1.8725200686377365e-05	CTG	13	179
control_region	expanded_neutral_like_T95	C[T>G]T	15	1	2.0	3.7286572243083283e-06	class_specific	pseudocount	combined_db_spectrum_weight_by_functional_class	0.4231408108442592	8.811859146530526e-06	CTT	17	325
control_region	expanded_neutral_like_T95	G[A>C]A	7	1	4.0	4.952122876034498e-06	class_specific	pseudocount	combined_db_spectrum_weight_by_functional_class	0.4231408108442592	1.1703250428985852e-05	GAA	8	201
control_region	expanded_neutral_like_T95	G[A>C]C	8	3	831.0	0.0003311979779491872	class_specific	pseudocount	combined_db_spectrum_weight_by_functional_class	0.4231408108442592	0.0007827133886905739	GAC	10	160
control_region	expanded_neutral_like_T95	G[A>C]G	5	0	0.0	3.9616983008275985e-06	class_specific	pseudocount	combined_db_spectrum_weight_by_functional_class	0.4231408108442592	9.362600343188683e-06	GAG	5	143
control_region	expanded_neutral_like_T95	G[A>C]T	7	0	0.0	3.081320900643688e-06	class_specific	pseudocount	combined_db_spectrum_weight_by_functional_class	0.4231408108442592	7.282022489146753e-06	GAT	9	135
control_region	expanded_neutral_like_T95	G[A>G]A	7	6	4723.0	0.002339382846638697	class_specific	pseudocount	combined_db_spectrum_weight_by_functional_class	0.4231408108442592	0.005528615502652917	GAA	8	201
control_region	expanded_neutral_like_T95	G[A>G]C	8	5	10247.0	0.004060740758348289	class_specific	pseudocount	combined_db_spectrum_weight_by_functional_class	0.4231408108442592	0.0095966653517684	GAC	10	160
control_region	expanded_neutral_like_T95	G[A>G]G	5	3	6038.0	0.004785731547399739	class_specific	pseudocount	combined_db_spectrum_weight_by_functional_class	0.4231408108442592	0.011310021214571928	GAG	5	143
control_region	expanded_neutral_like_T95	G[A>G]T	7	5	150.0	6.690868241397723e-05	class_specific	pseudocount	combined_db_spectrum_weight_by_functional_class	0.4231408108442592	0.00015812391690718666	GAT	9	135
control_region	expanded_neutral_like_T95	G[A>T]A	7	1	4.0	4.952122876034498e-06	class_specific	pseudocount	combined_db_spectrum_weight_by_functional_class	0.4231408108442592	1.1703250428985852e-05	GAA	8	201
control_region	expanded_neutral_like_T95	G[A>T]C	9	4	66.0	2.812805793587595e-05	class_specific	pseudocount	combined_db_spectrum_weight_by_functional_class	0.4231408108442592	6.647446243663965e-05	GAC	10	160
control_region	expanded_neutral_like_T95	G[A>T]G	5	0	0.0	3.9616983008275985e-06	class_specific	pseudocount	combined_db_spectrum_weight_by_functional_class	0.4231408108442592	9.362600343188683e-06	GAG	5	143
control_region	expanded_neutral_like_T95	G[A>T]T	7	1	9.0	6.602830501379331e-06	class_specific	pseudocount	combined_db_spectrum_weight_by_functional_class	0.4231408108442592	1.560433390531447e-05	GAT	9	135
control_region	expanded_neutral_like_T95	G[C>A]A	15	2	70.0	2.055130993554317e-05	class_specific	pseudocount	combined_db_spectrum_weight_by_functional_class	0.4231408108442592	4.85684892802913e-05	GCA	16	202
control_region	expanded_neutral_like_T95	G[C>A]C	14	4	474.0	0.00013696156982861128	class_specific	pseudocount	combined_db_spectrum_weight_by_functional_class	0.4231408108442592	0.0003236784690073802	GCC	14	264
control_region	expanded_neutral_like_T95	G[C>A]G	4	2	2653.0	0.0026295772471743185	class_specific	pseudocount	combined_db_spectrum_weight_by_functional_class	0.4231408108442592	0.0062144259777914875	GCG	4	61
control_region	expanded_neutral_like_T95	G[C>A]T	11	1	8.0	6.4827790377178885e-06	class_specific	pseudocount	combined_db_spectrum_weight_by_functional_class	0.4231408108442592	1.5320618743399662e-05	GCT	11	184
control_region	expanded_neutral_like_T95	G[C>G]A	15	2	4.0	4.2093044446293236e-06	class_specific	pseudocount	combined_db_spectrum_weight_by_functional_class	0.4231408108442592	9.947762864637976e-06	GCA	16	202
control_region	expanded_neutral_like_T95	G[C>G]C	14	3	70.0	2.292125445478825e-05	class_specific	pseudocount	combined_db_spectrum_weight_by_functional_class	0.4231408108442592	5.4169330557020235e-05	GCC	14	264
control_region	expanded_neutral_like_T95	G[C>G]G	4	0	0.0	3.9616983008275985e-06	class_specific	pseudocount	combined_db_spectrum_weight_by_functional_class	0.4231408108442592	9.362600343188683e-06	GCG	4	61
control_region	expanded_neutral_like_T95	G[C>G]T	11	0	0.0	3.9616983008275985e-06	class_specific	pseudocount	combined_db_spectrum_weight_by_functional_class	0.4231408108442592	9.362600343188683e-06	GCT	11	184
control_region	expanded_neutral_like_T95	G[C>T]A	16	10	2417.0	0.0005999496864315794	class_specific	pseudocount	combined_db_spectrum_weight_by_functional_class	0.4231408108442592	0.001417848789471636	GCA	16	202
control_region	expanded_neutral_like_T95	G[C>T]C	13	10	32178.0	0.009106529501352354	class_specific	pseudocount	combined_db_spectrum_weight_by_functional_class	0.4231408108442592	0.02152127440315393	GCC	14	264
control_region	expanded_neutral_like_T95	G[C>T]G	4	2	175.0	0.00017530514981162125	class_specific	pseudocount	combined_db_spectrum_weight_by_functional_class	0.4231408108442592	0.00041429506518609927	GCG	4	61
control_region	expanded_neutral_like_T95	G[C>T]T	10	8	372.0	0.00013469774222813835	class_specific	pseudocount	combined_db_spectrum_weight_by_functional_class	0.4231408108442592	0.0003183284116684152	GCT	11	184
control_region	expanded_neutral_like_T95	G[G>A]A	7	4	3007.0	0.001490588985686384	class_specific	pseudocount	combined_db_spectrum_weight_by_functional_class	0.4231408108442592	0.003522678379124742	GGA	8	131
control_region	expanded_neutral_like_T95	G[G>A]C	4	3	13781.0	0.013650031495501492	class_specific	pseudocount	combined_db_spectrum_weight_by_functional_class	0.4231408108442592	0.03225883948245661	GGC	4	158
control_region	expanded_neutral_like_T95	G[G>A]G	13	12	12865.0	0.0033980806892298593	class_specific	pseudocount	combined_db_spectrum_weight_by_functional_class	0.4231408108442592	0.00803061440103104	GGG	15	128
control_region	expanded_neutral_like_T95	G[G>A]T	10	7	6010.0	0.0023821691882876354	class_specific	pseudocount	combined_db_spectrum_weight_by_functional_class	0.4231408108442592	0.005629731586359356	GGT	10	122
control_region	expanded_neutral_like_T95	G[G>C]A	7	1	4.0	4.952122876034498e-06	class_specific	pseudocount	combined_db_spectrum_weight_by_functional_class	0.4231408108442592	1.1703250428985852e-05	GGA	8	131
control_region	expanded_neutral_like_T95	G[G>C]C	2	1	109.0	0.00010894670327275897	class_specific	pseudocount	combined_db_spectrum_weight_by_functional_class	0.4231408108442592	0.0002574715094376888	GGC	4	158
control_region	expanded_neutral_like_T95	G[G>C]G	14	3	4.0	3.961698300827599e-06	class_specific	pseudocount	combined_db_spectrum_weight_by_functional_class	0.4231408108442592	9.362600343188684e-06	GGG	15	128
control_region	expanded_neutral_like_T95	G[G>C]T	8	3	97.0	4.0409322668441505e-05	class_specific	pseudocount	combined_db_spectrum_weight_by_functional_class	0.4231408108442592	9.549852350052456e-05	GGT	10	122
control_region	expanded_neutral_like_T95	G[G>T]A	7	0	0.0	3.466486013224149e-06	class_specific	pseudocount	combined_db_spectrum_weight_by_functional_class	0.4231408108442592	8.192275300290098e-06	GGA	8	131
control_region	expanded_neutral_like_T95	G[G>T]C	3	1	2273.0	0.002253215908595697	class_specific	pseudocount	combined_db_spectrum_weight_by_functional_class	0.4231408108442592	0.005324978945188565	GGC	4	158
control_region	expanded_neutral_like_T95	G[G>T]G	13	2	11.0	5.810490841213812e-06	class_specific	pseudocount	combined_db_spectrum_weight_by_functional_class	0.4231408108442592	1.3731813836676736e-05	GGG	15	128
control_region	expanded_neutral_like_T95	G[G>T]T	8	4	163.0	6.61603616238209e-05	class_specific	pseudocount	combined_db_spectrum_weight_by_functional_class	0.4231408108442592	0.000156355425731251	GGT	10	122
control_region	expanded_neutral_like_T95	G[T>A]A	19	8	157.0	3.50297533967914e-05	class_specific	pseudocount	combined_db_spectrum_weight_by_functional_class	0.4231408108442592	8.278509777135257e-05	GTA	19	167
control_region	expanded_neutral_like_T95	G[T>A]C	8	3	63.0	2.6939548445627672e-05	class_specific	pseudocount	combined_db_spectrum_weight_by_functional_class	0.4231408108442592	6.366568233368305e-05	GTC	10	115
control_region	expanded_neutral_like_T95	G[T>A]G	4	2	9.0	8.715736261820717e-06	class_specific	pseudocount	combined_db_spectrum_weight_by_functional_class	0.4231408108442592	2.0597720755015102e-05	GTG	5	87
control_region	expanded_neutral_like_T95	G[T>A]T	2	1	1.0	1.5846793203310395e-06	class_specific	pseudocount	combined_db_spectrum_weight_by_functional_class	0.4231408108442592	3.7450401372754733e-06	GTT	5	137
control_region	expanded_neutral_like_T95	G[T>C]A	19	16	124524.0	0.02596517917406097	class_specific	pseudocount	combined_db_spectrum_weight_by_functional_class	0.4231408108442592	0.061362975417697745	GTA	19	167
control_region	expanded_neutral_like_T95	G[T>C]C	9	9	33765.0	0.013376674312744388	class_specific	pseudocount	combined_db_spectrum_weight_by_functional_class	0.4231408108442592	0.03161282005877659	GTC	10	115
control_region	expanded_neutral_like_T95	G[T>C]G	5	5	15684.0	0.01242705523003601	class_specific	pseudocount	combined_db_spectrum_weight_by_functional_class	0.4231408108442592	0.029368604756514257	GTG	5	87
control_region	expanded_neutral_like_T95	G[T>C]T	4	3	41.0	3.327826572695183e-05	class_specific	pseudocount	combined_db_spectrum_weight_by_functional_class	0.4231408108442592	7.864584288278495e-05	GTT	5	137
control_region	expanded_neutral_like_T95	G[T>G]A	19	9	508.0	0.00010800840630677349	class_specific	pseudocount	combined_db_spectrum_weight_by_functional_class	0.4231408108442592	0.00025525405146167043	GTA	19	167
control_region	expanded_neutral_like_T95	G[T>G]C	8	2	12.0	7.131056941489678e-06	class_specific	pseudocount	combined_db_spectrum_weight_by_functional_class	0.4231408108442592	1.685268061773963e-05	GTC	10	115
control_region	expanded_neutral_like_T95	G[T>G]G	5	4	29.0	2.3770189804965593e-05	class_specific	pseudocount	combined_db_spectrum_weight_by_functional_class	0.4231408108442592	5.61756020591321e-05	GTG	5	87
control_region	expanded_neutral_like_T95	G[T>G]T	2	0	0.0	1.5846793203310395e-06	class_specific	pseudocount	combined_db_spectrum_weight_by_functional_class	0.4231408108442592	3.7450401372754733e-06	GTT	5	137
control_region	expanded_neutral_like_T95	T[A>C]A	23	4	15.0	5.180682393389937e-06	class_specific	pseudocount	combined_db_spectrum_weight_by_functional_class	0.4231408108442592	1.2243400448785202e-05	TAA	26	402
control_region	expanded_neutral_like_T95	T[A>C]C	27	11	349.0	5.355629184452125e-05	class_specific	pseudocount	combined_db_spectrum_weight_by_functional_class	0.4231408108442592	0.00012656848612088405	TAC	27	364
control_region	expanded_neutral_like_T95	T[A>C]G	9	2	2.0	3.9616983008275985e-06	class_specific	pseudocount	combined_db_spectrum_weight_by_functional_class	0.4231408108442592	9.362600343188683e-06	TAG	9	278
control_region	expanded_neutral_like_T95	T[A>C]T	16	3	30.0	8.517651346779336e-06	class_specific	pseudocount	combined_db_spectrum_weight_by_functional_class	0.4231408108442592	2.0129590737855666e-05	TAT	20	330
control_region	expanded_neutral_like_T95	T[A>G]A	23	19	17433.0	0.0026569282027511863	class_specific	pseudocount	combined_db_spectrum_weight_by_functional_class	0.4231408108442592	0.006279063930160811	TAA	26	402
control_region	expanded_neutral_like_T95	T[A>G]C	26	21	12905.0	0.0018942787060623814	class_specific	pseudocount	combined_db_spectrum_weight_by_functional_class	0.4231408108442592	0.004476710015946885	TAC	27	364
control_region	expanded_neutral_like_T95	T[A>G]G	9	7	6736.0	0.0029659914612195954	class_specific	pseudocount	combined_db_spectrum_weight_by_functional_class	0.4231408108442592	0.00700946679026726	TAG	9	278
control_region	expanded_neutral_like_T95	T[A>G]T	16	10	173468.0	0.03436258255188834	class_specific	pseudocount	combined_db_spectrum_weight_by_functional_class	0.4231408108442592	0.08120838659671568	TAT	20	330
control_region	expanded_neutral_like_T95	T[A>T]A	23	6	34.0	7.771023590084905e-06	class_specific	pseudocount	combined_db_spectrum_weight_by_functional_class	0.4231408108442592	1.83651006731778e-05	TAA	26	402
control_region	expanded_neutral_like_T95	T[A>T]C	27	8	136.0	2.2743082838084363e-05	class_specific	pseudocount	combined_db_spectrum_weight_by_functional_class	0.4231408108442592	5.374826122941651e-05	TAC	27	364
control_region	expanded_neutral_like_T95	T[A>T]G	9	3	27.0	1.452622710303453e-05	class_specific	pseudocount	combined_db_spectrum_weight_by_functional_class	0.4231408108442592	3.432953459169184e-05	TAG	9	278
control_region	expanded_neutral_like_T95	T[A>T]T	16	2	14.0	5.546377621158638e-06	class_specific	pseudocount	combined_db_spectrum_weight_by_functional_class	0.4231408108442592	1.3107640480464156e-05	TAT	20	330
control_region	expanded_neutral_like_T95	T[C>A]A	20	13	333.0	5.3879096891255344e-05	class_specific	pseudocount	combined_db_spectrum_weight_by_functional_class	0.4231408108442592	0.0001273313646673661	TCA	25	394
control_region	expanded_neutral_like_T95	T[C>A]C	22	8	273.0	4.73753088473967e-05	class_specific	pseudocount	combined_db_spectrum_weight_by_functional_class	0.4231408108442592	0.00011196109577063133	TCC	24	353
control_region	expanded_neutral_like_T95	T[C>A]G	6	2	22.0	1.716735930358626e-05	class_specific	pseudocount	combined_db_spectrum_weight_by_functional_class	0.4231408108442592	4.057126815381762e-05	TCG	6	120
control_region	expanded_neutral_like_T95	T[C>A]T	12	1	6.0	4.489924740937945e-06	class_specific	pseudocount	combined_db_spectrum_weight_by_functional_class	0.4231408108442592	1.0610947055613841e-05	TCT	15	309
control_region	expanded_neutral_like_T95	T[C>G]A	19	9	540.0	8.715736261820717e-05	class_specific	pseudocount	combined_db_spectrum_weight_by_functional_class	0.4231408108442592	0.000205977207550151	TCA	25	394
control_region	expanded_neutral_like_T95	T[C>G]C	22	2	4.0	3.9616983008275985e-06	class_specific	pseudocount	combined_db_spectrum_weight_by_functional_class	0.4231408108442592	9.362600343188683e-06	TCC	24	353
control_region	expanded_neutral_like_T95	T[C>G]G	6	0	0.0	3.961698300827599e-06	class_specific	pseudocount	combined_db_spectrum_weight_by_functional_class	0.4231408108442592	9.362600343188684e-06	TCG	6	120
control_region	expanded_neutral_like_T95	T[C>G]T	12	0	0.0	3.1693586406620795e-06	class_specific	pseudocount	combined_db_spectrum_weight_by_functional_class	0.4231408108442592	7.490080274550947e-06	TCT	15	309
control_region	expanded_neutral_like_T95	T[C>T]A	19	17	28992.0	0.004594619221367816	class_specific	pseudocount	combined_db_spectrum_weight_by_functional_class	0.4231408108442592	0.010858369374016507	TCA	25	394
control_region	expanded_neutral_like_T95	T[C>T]C	20	15	57774.0	0.00953762358847991	class_specific	pseudocount	combined_db_spectrum_weight_by_functional_class	0.4231408108442592	0.02254007021787912	TCC	24	353
control_region	expanded_neutral_like_T95	T[C>T]G	6	4	3144.0	0.0020772504757339376	class_specific	pseudocount	combined_db_spectrum_weight_by_functional_class	0.4231408108442592	0.004909123446611933	TCG	6	120
control_region	expanded_neutral_like_T95	T[C>T]T	12	7	8881.0	0.0023469100734102694	class_specific	pseudocount	combined_db_spectrum_weight_by_functional_class	0.4231408108442592	0.005546404443304976	TCT	15	309
control_region	expanded_neutral_like_T95	T[G>A]A	8	6	15325.0	0.006746772206309401	class_specific	pseudocount	combined_db_spectrum_weight_by_functional_class	0.4231408108442592	0.01594450838445033	TGA	9	211
control_region	expanded_neutral_like_T95	T[G>A]C	13	11	5031.0	0.0015337867344665619	class_specific	pseudocount	combined_db_spectrum_weight_by_functional_class	0.4231408108442592	0.0036247667328668186	TGC	13	128
control_region	expanded_neutral_like_T95	T[G>A]G	9	5	253.0	9.255967848297208e-05	class_specific	pseudocount	combined_db_spectrum_weight_by_functional_class	0.4231408108442592	0.0002187443898363174	TGG	11	139
control_region	expanded_neutral_like_T95	T[G>A]T	10	7	14763.0	0.005849843711002033	class_specific	pseudocount	combined_db_spectrum_weight_by_functional_class	0.4231408108442592	0.013824815666752411	TGT	10	123
control_region	expanded_neutral_like_T95	T[G>C]A	8	0	0.0	3.521509600735643e-06	class_specific	pseudocount	combined_db_spectrum_weight_by_functional_class	0.4231408108442592	8.322311416167717e-06	TGA	9	211
control_region	expanded_neutral_like_T95	T[G>C]C	12	3	37.0	1.4018317064466887e-05	class_specific	pseudocount	combined_db_spectrum_weight_by_functional_class	0.4231408108442592	3.312920121435995e-05	TGC	13	128
control_region	expanded_neutral_like_T95	T[G>C]G	7	1	2.0	2.881235127874617e-06	class_specific	pseudocount	combined_db_spectrum_weight_by_functional_class	0.4231408108442592	6.809163885955405e-06	TGG	11	139
control_region	expanded_neutral_like_T95	T[G>C]T	9	2	75.0	3.248592606678631e-05	class_specific	pseudocount	combined_db_spectrum_weight_by_functional_class	0.4231408108442592	7.67733228141472e-05	TGT	10	123
control_region	expanded_neutral_like_T95	T[G>T]A	8	2	8.0	6.162641801287376e-06	class_specific	pseudocount	combined_db_spectrum_weight_by_functional_class	0.4231408108442592	1.4564044978293506e-05	TGA	9	211
control_region	expanded_neutral_like_T95	T[G>T]C	13	1	1.0	3.961698300827599e-06	class_specific	pseudocount	combined_db_spectrum_weight_by_functional_class	0.4231408108442592	9.362600343188684e-06	TGC	13	128
control_region	expanded_neutral_like_T95	T[G>T]G	7	2	133.0	4.9701305955837147e-05	class_specific	pseudocount	combined_db_spectrum_weight_by_functional_class	0.4231408108442592	0.00011745807703273075	TGG	11	139
control_region	expanded_neutral_like_T95	T[G>T]T	9	1	17.0	9.904245752068998e-06	class_specific	pseudocount	combined_db_spectrum_weight_by_functional_class	0.4231408108442592	2.340650085797171e-05	TGT	10	123
control_region	expanded_neutral_like_T95	T[T>A]A	16	3	16.0	6.3827361513333535e-06	class_specific	pseudocount	combined_db_spectrum_weight_by_functional_class	0.4231408108442592	1.508418944180399e-05	TTA	18	341
control_region	expanded_neutral_like_T95	T[T>A]C	10	4	18.0	6.338717281324158e-06	class_specific	pseudocount	combined_db_spectrum_weight_by_functional_class	0.4231408108442592	1.4980160549101893e-05	TTC	15	308
control_region	expanded_neutral_like_T95	T[T>A]G	12	2	706.0	0.00023638133194938006	class_specific	pseudocount	combined_db_spectrum_weight_by_functional_class	0.4231408108442592	0.0005586351538102581	TTG	12	157
control_region	expanded_neutral_like_T95	T[T>A]T	19	5	99.0	2.238359539967593e-05	class_specific	pseudocount	combined_db_spectrum_weight_by_functional_class	0.4231408108442592	5.2898691939016054e-05	TTT	20	285
control_region	expanded_neutral_like_T95	T[T>C]A	17	14	25467.0	0.005605803095671052	class_specific	pseudocount	combined_db_spectrum_weight_by_functional_class	0.4231408108442592	0.013248079485611986	TTA	18	341
control_region	expanded_neutral_like_T95	T[T>C]C	12	11	6543.0	0.0017283569120410537	class_specific	pseudocount	combined_db_spectrum_weight_by_functional_class	0.4231408108442592	0.004084590443055116	TTC	15	308
control_region	expanded_neutral_like_T95	T[T>C]G	12	9	5406.0	0.0017857355090980403	class_specific	pseudocount	combined_db_spectrum_weight_by_functional_class	0.4231408108442592	0.004220192104692299	TTG	12	157
control_region	expanded_neutral_like_T95	T[T>C]T	18	13	17111.0	0.003390421405848259	class_specific	pseudocount	combined_db_spectrum_weight_by_functional_class	0.4231408108442592	0.008012513373700875	TTT	20	285
control_region	expanded_neutral_like_T95	T[T>G]A	16	2	3.0	3.741603950781621e-06	class_specific	pseudocount	combined_db_spectrum_weight_by_functional_class	0.4231408108442592	8.8424558796782e-06	TTA	18	341
control_region	expanded_neutral_like_T95	T[T>G]C	10	0	0.0	2.6411322005517326e-06	class_specific	pseudocount	combined_db_spectrum_weight_by_functional_class	0.4231408108442592	6.241733562125789e-06	TTC	15	308
control_region	expanded_neutral_like_T95	T[T>G]G	12	3	34.0	1.4196085577965563e-05	class_specific	pseudocount	combined_db_spectrum_weight_by_functional_class	0.4231408108442592	3.3549317896426116e-05	TTG	12	157
control_region	expanded_neutral_like_T95	T[T>G]T	19	3	48.0	1.2677434562648316e-05	class_specific	pseudocount	combined_db_spectrum_weight_by_functional_class	0.4231408108442592	2.9960321098203786e-05	TTT	20	285
control_region	unlabeled_out_of_neutral_domain_T95	A[A>C]A	3	0	0.0	3.9616983008275994e-07	class_specific	pseudocount	combined_db_spectrum_weight_by_functional_class	0.4231408108442592	9.362600343188684e-07	AAA	30	490
control_region	unlabeled_out_of_neutral_domain_T95	A[A>C]C	3	2	3356.0	0.0004156069123711953	class_specific	pseudocount	combined_db_spectrum_weight_by_functional_class	0.4231408108442592	0.0009821952922526378	AAC	32	462
control_region	unlabeled_out_of_neutral_domain_T95	A[A>C]G	1	0	0.0	3.0474602314058455e-07	class_specific	pseudocount	combined_db_spectrum_weight_by_functional_class	0.4231408108442592	7.202000263991295e-07	AAG	13	202
control_region	unlabeled_out_of_neutral_domain_T95	A[A>C]T	4	2	2.0	7.546092001576379e-07	class_specific	pseudocount	combined_db_spectrum_weight_by_functional_class	0.4231408108442592	1.783352446321654e-06	AAT	21	364
control_region	unlabeled_out_of_neutral_domain_T95	A[A>G]A	4	2	3.0	6.602830501379332e-07	class_specific	pseudocount	combined_db_spectrum_weight_by_functional_class	0.4231408108442592	1.5604333905314472e-06	AAA	30	490
control_region	unlabeled_out_of_neutral_domain_T95	A[A>G]C	2	1	3.0	4.952122876034498e-07	class_specific	pseudocount	combined_db_spectrum_weight_by_functional_class	0.4231408108442592	1.1703250428985853e-06	AAC	32	462
control_region	unlabeled_out_of_neutral_domain_T95	A[A>G]G	1	1	2.0	6.094920462811691e-07	class_specific	pseudocount	combined_db_spectrum_weight_by_functional_class	0.4231408108442592	1.440400052798259e-06	AAG	13	202
control_region	unlabeled_out_of_neutral_domain_T95	A[A>G]T	2	1	1.0	3.7730460007881894e-07	class_specific	pseudocount	combined_db_spectrum_weight_by_functional_class	0.4231408108442592	8.91676223160827e-07	AAT	21	364
control_region	unlabeled_out_of_neutral_domain_T95	A[A>T]A	5	2	2.0	6.602830501379332e-07	class_specific	pseudocount	combined_db_spectrum_weight_by_functional_class	0.4231408108442592	1.5604333905314472e-06	AAA	30	490
control_region	unlabeled_out_of_neutral_domain_T95	A[A>T]C	4	3	4.0	6.190153595043122e-07	class_specific	pseudocount	combined_db_spectrum_weight_by_functional_class	0.4231408108442592	1.4629063036232315e-06	AAC	32	462
control_region	unlabeled_out_of_neutral_domain_T95	A[A>T]G	1	0	0.0	3.0474602314058455e-07	class_specific	pseudocount	combined_db_spectrum_weight_by_functional_class	0.4231408108442592	7.202000263991295e-07	AAG	13	202
control_region	unlabeled_out_of_neutral_domain_T95	A[A>T]T	3	1	2.0	7.546092001576379e-07	class_specific	pseudocount	combined_db_spectrum_weight_by_functional_class	0.4231408108442592	1.783352446321654e-06	AAT	21	364
control_region	unlabeled_out_of_neutral_domain_T95	A[C>A]A	2	0	0.0	1.7607548003678216e-07	class_specific	pseudocount	combined_db_spectrum_weight_by_functional_class	0.4231408108442592	4.1611557080838587e-07	ACA	45	425
control_region	unlabeled_out_of_neutral_domain_T95	A[C>A]C	4	2	2.0	3.865071513002535e-07	class_specific	pseudocount	combined_db_spectrum_weight_by_functional_class	0.4231408108442592	9.134244237257251e-07	ACC	41	473
control_region	unlabeled_out_of_neutral_domain_T95	A[C>A]G	2	0	0.0	1.1319138002364569e-06	class_specific	pseudocount	combined_db_spectrum_weight_by_functional_class	0.4231408108442592	2.675028669482481e-06	ACG	7	117
control_region	unlabeled_out_of_neutral_domain_T95	A[C>A]T	0	0	0.0	0.0	class_specific	pseudocount	combined_db_spectrum_weight_by_functional_class	0.4231408108442592	0.0	ACT	21	391
control_region	unlabeled_out_of_neutral_domain_T95	A[C>G]A	4	2	2.0	3.521509600735643e-07	class_specific	pseudocount	combined_db_spectrum_weight_by_functional_class	0.4231408108442592	8.322311416167717e-07	ACA	45	425
control_region	unlabeled_out_of_neutral_domain_T95	A[C>G]C	2	0	0.0	1.9325357565012676e-07	class_specific	pseudocount	combined_db_spectrum_weight_by_functional_class	0.4231408108442592	4.5671221186286256e-07	ACC	41	473
control_region	unlabeled_out_of_neutral_domain_T95	A[C>G]G	1	0	0.0	5.659569001182284e-07	class_specific	pseudocount	combined_db_spectrum_weight_by_functional_class	0.4231408108442592	1.3375143347412405e-06	ACG	7	117
control_region	unlabeled_out_of_neutral_domain_T95	A[C>G]T	0	0	0.0	0.0	class_specific	pseudocount	combined_db_spectrum_weight_by_functional_class	0.4231408108442592	0.0	ACT	21	391
control_region	unlabeled_out_of_neutral_domain_T95	A[C>T]A	4	3	3.0	3.521509600735643e-07	class_specific	pseudocount	combined_db_spectrum_weight_by_functional_class	0.4231408108442592	8.322311416167717e-07	ACA	45	425
control_region	unlabeled_out_of_neutral_domain_T95	A[C>T]C	4	3	3.0	3.865071513002535e-07	class_specific	pseudocount	combined_db_spectrum_weight_by_functional_class	0.4231408108442592	9.134244237257251e-07	ACC	41	473
control_region	unlabeled_out_of_neutral_domain_T95	A[C>T]G	2	0	0.0	1.1319138002364569e-06	class_specific	pseudocount	combined_db_spectrum_weight_by_functional_class	0.4231408108442592	2.675028669482481e-06	ACG	7	117
control_region	unlabeled_out_of_neutral_domain_T95	A[C>T]T	0	0	0.0	0.0	class_specific	pseudocount	combined_db_spectrum_weight_by_functional_class	0.4231408108442592	0.0	ACT	21	391
control_region	unlabeled_out_of_neutral_domain_T95	A[G>A]A	2	2	55.0	2.4210378505057548e-05	class_specific	pseudocount	combined_db_spectrum_weight_by_functional_class	0.4231408108442592	5.721589098615306e-05	AGA	9	176
control_region	unlabeled_out_of_neutral_domain_T95	A[G>A]C	0	0	0.0	0.0	class_specific	pseudocount	combined_db_spectrum_weight_by_functional_class	0.4231408108442592	0.0	AGC	18	277
control_region	unlabeled_out_of_neutral_domain_T95	A[G>A]G	1	0	0.0	6.602830501379332e-07	class_specific	pseudocount	combined_db_spectrum_weight_by_functional_class	0.4231408108442592	1.5604333905314472e-06	AGG	6	188
control_region	unlabeled_out_of_neutral_domain_T95	A[G>A]T	1	1	1.0	3.6015439098432714e-07	class_specific	pseudocount	combined_db_spectrum_weight_by_functional_class	0.4231408108442592	8.511454857444256e-07	AGT	11	182
control_region	unlabeled_out_of_neutral_domain_T95	A[G>C]A	2	1	1.0	8.803774001839108e-07	class_specific	pseudocount	combined_db_spectrum_weight_by_functional_class	0.4231408108442592	2.0805778540419294e-06	AGA	9	176
control_region	unlabeled_out_of_neutral_domain_T95	A[G>C]C	0	0	0.0	0.0	class_specific	pseudocount	combined_db_spectrum_weight_by_functional_class	0.4231408108442592	0.0	AGC	18	277
control_region	unlabeled_out_of_neutral_domain_T95	A[G>C]G	2	0	0.0	1.3205661002758663e-06	class_specific	pseudocount	combined_db_spectrum_weight_by_functional_class	0.4231408108442592	3.1208667810628945e-06	AGG	6	188
control_region	unlabeled_out_of_neutral_domain_T95	A[G>C]T	0	0	0.0	0.0	class_specific	pseudocount	combined_db_spectrum_weight_by_functional_class	0.4231408108442592	0.0	AGT	11	182
control_region	unlabeled_out_of_neutral_domain_T95	A[G>T]A	1	0	0.0	4.401887000919554e-07	class_specific	pseudocount	combined_db_spectrum_weight_by_functional_class	0.4231408108442592	1.0402889270209647e-06	AGA	9	176
control_region	unlabeled_out_of_neutral_domain_T95	A[G>T]C	1	1	1.0	2.200943500459777e-07	class_specific	pseudocount	combined_db_spectrum_weight_by_functional_class	0.4231408108442592	5.201444635104823e-07	AGC	18	277
control_region	unlabeled_out_of_neutral_domain_T95	A[G>T]G	1	0	0.0	6.602830501379332e-07	class_specific	pseudocount	combined_db_spectrum_weight_by_functional_class	0.4231408108442592	1.5604333905314472e-06	AGG	6	188
control_region	unlabeled_out_of_neutral_domain_T95	A[G>T]T	0	0	0.0	0.0	class_specific	pseudocount	combined_db_spectrum_weight_by_functional_class	0.4231408108442592	0.0	AGT	11	182
control_region	unlabeled_out_of_neutral_domain_T95	A[T>A]A	2	0	0.0	3.301415250689666e-07	class_specific	pseudocount	combined_db_spectrum_weight_by_functional_class	0.4231408108442592	7.802166952657236e-07	ATA	24	361
control_region	unlabeled_out_of_neutral_domain_T95	A[T>A]C	5	0	0.0	8.253538126724164e-07	class_specific	pseudocount	combined_db_spectrum_weight_by_functional_class	0.4231408108442592	1.950541738164309e-06	ATC	24	350
control_region	unlabeled_out_of_neutral_domain_T95	A[T>A]G	2	0	0.0	6.094920462811691e-07	class_specific	pseudocount	combined_db_spectrum_weight_by_functional_class	0.4231408108442592	1.440400052798259e-06	ATG	13	176
control_region	unlabeled_out_of_neutral_domain_T95	A[T>A]T	1	0	0.0	1.722477522098956e-07	class_specific	pseudocount	combined_db_spectrum_weight_by_functional_class	0.4231408108442592	4.070695801386384e-07	ATT	23	342
control_region	unlabeled_out_of_neutral_domain_T95	A[T>C]A	2	2	2.0	3.301415250689666e-07	class_specific	pseudocount	combined_db_spectrum_weight_by_functional_class	0.4231408108442592	7.802166952657236e-07	ATA	24	361
control_region	unlabeled_out_of_neutral_domain_T95	A[T>C]C	2	1	1.0	3.301415250689666e-07	class_specific	pseudocount	combined_db_spectrum_weight_by_functional_class	0.4231408108442592	7.802166952657236e-07	ATC	24	350
control_region	unlabeled_out_of_neutral_domain_T95	A[T>C]G	2	0	0.0	6.094920462811691e-07	class_specific	pseudocount	combined_db_spectrum_weight_by_functional_class	0.4231408108442592	1.440400052798259e-06	ATG	13	176
control_region	unlabeled_out_of_neutral_domain_T95	A[T>C]T	1	1	2.0	3.444955044197912e-07	class_specific	pseudocount	combined_db_spectrum_weight_by_functional_class	0.4231408108442592	8.141391602772768e-07	ATT	23	342
control_region	unlabeled_out_of_neutral_domain_T95	A[T>G]A	4	2	2.0	6.602830501379332e-07	class_specific	pseudocount	combined_db_spectrum_weight_by_functional_class	0.4231408108442592	1.5604333905314472e-06	ATA	24	361
control_region	unlabeled_out_of_neutral_domain_T95	A[T>G]C	5	0	0.0	8.253538126724164e-07	class_specific	pseudocount	combined_db_spectrum_weight_by_functional_class	0.4231408108442592	1.950541738164309e-06	ATC	24	350
control_region	unlabeled_out_of_neutral_domain_T95	A[T>G]G	2	0	0.0	6.094920462811691e-07	class_specific	pseudocount	combined_db_spectrum_weight_by_functional_class	0.4231408108442592	1.440400052798259e-06	ATG	13	176
control_region	unlabeled_out_of_neutral_domain_T95	A[T>G]T	1	0	0.0	1.722477522098956e-07	class_specific	pseudocount	combined_db_spectrum_weight_by_functional_class	0.4231408108442592	4.070695801386384e-07	ATT	23	342
control_region	unlabeled_out_of_neutral_domain_T95	C[A>C]A	4	4	41.0	5.075925947935361e-06	class_specific	pseudocount	combined_db_spectrum_weight_by_functional_class	0.4231408108442592	1.19958316897105e-05	CAA	32	424
control_region	unlabeled_out_of_neutral_domain_T95	C[A>C]C	7	4	972.0	8.58367965179313e-05	class_specific	pseudocount	combined_db_spectrum_weight_by_functional_class	0.4231408108442592	0.00020285634076908814	CAC	45	422
control_region	unlabeled_out_of_neutral_domain_T95	C[A>C]G	0	0	0.0	0.0	class_specific	pseudocount	combined_db_spectrum_weight_by_functional_class	0.4231408108442592	0.0	CAG	18	200
control_region	unlabeled_out_of_neutral_domain_T95	C[A>C]T	5	1	1.0	5.826026912981763e-07	class_specific	pseudocount	combined_db_spectrum_weight_by_functional_class	0.4231408108442592	1.3768529916453946e-06	CAT	34	402
control_region	unlabeled_out_of_neutral_domain_T95	C[A>G]A	1	0	0.0	1.2380307190086245e-07	class_specific	pseudocount	combined_db_spectrum_weight_by_functional_class	0.4231408108442592	2.9258126072464633e-07	CAA	32	424
control_region	unlabeled_out_of_neutral_domain_T95	C[A>G]C	6	3	3.0	5.282264401103464e-07	class_specific	pseudocount	combined_db_spectrum_weight_by_functional_class	0.4231408108442592	1.2483467124251576e-06	CAC	45	422
control_region	unlabeled_out_of_neutral_domain_T95	C[A>G]G	2	1	7.0	1.7607548003678216e-06	class_specific	pseudocount	combined_db_spectrum_weight_by_functional_class	0.4231408108442592	4.161155708083859e-06	CAG	18	200
control_region	unlabeled_out_of_neutral_domain_T95	C[A>G]T	4	0	0.0	4.6608215303854103e-07	class_specific	pseudocount	combined_db_spectrum_weight_by_functional_class	0.4231408108442592	1.1014823933163157e-06	CAT	34	402
control_region	unlabeled_out_of_neutral_domain_T95	C[A>T]A	5	4	4.0	6.190153595043122e-07	class_specific	pseudocount	combined_db_spectrum_weight_by_functional_class	0.4231408108442592	1.4629063036232315e-06	CAA	32	424
control_region	unlabeled_out_of_neutral_domain_T95	C[A>T]C	3	0	0.0	2.641132200551732e-07	class_specific	pseudocount	combined_db_spectrum_weight_by_functional_class	0.4231408108442592	6.241733562125788e-07	CAC	45	422
control_region	unlabeled_out_of_neutral_domain_T95	C[A>T]G	3	2	2.0	6.602830501379332e-07	class_specific	pseudocount	combined_db_spectrum_weight_by_functional_class	0.4231408108442592	1.5604333905314472e-06	CAG	18	200
control_region	unlabeled_out_of_neutral_domain_T95	C[A>T]T	4	0	0.0	4.6608215303854103e-07	class_specific	pseudocount	combined_db_spectrum_weight_by_functional_class	0.4231408108442592	1.1014823933163157e-06	CAT	34	402
control_region	unlabeled_out_of_neutral_domain_T95	C[C>A]A	4	1	26.0	2.6718430400930316e-06	class_specific	pseudocount	combined_db_spectrum_weight_by_functional_class	0.4231408108442592	6.314311859359809e-06	CCA	43	425
control_region	unlabeled_out_of_neutral_domain_T95	C[C>A]C	7	3	3.0	4.401887000919554e-07	class_specific	pseudocount	combined_db_spectrum_weight_by_functional_class	0.4231408108442592	1.0402889270209647e-06	CCC	63	568
control_region	unlabeled_out_of_neutral_domain_T95	C[C>A]G	3	1	2.0	1.4406175639373085e-06	class_specific	pseudocount	combined_db_spectrum_weight_by_functional_class	0.4231408108442592	3.4045819429777025e-06	CCG	11	137
control_region	unlabeled_out_of_neutral_domain_T95	C[C>A]T	5	3	3.0	7.923396601655198e-07	class_specific	pseudocount	combined_db_spectrum_weight_by_functional_class	0.4231408108442592	1.8725200686377366e-06	CCT	25	528
control_region	unlabeled_out_of_neutral_domain_T95	C[C>G]A	4	1	1.0	3.685300744955906e-07	class_specific	pseudocount	combined_db_spectrum_weight_by_functional_class	0.4231408108442592	8.709395668082496e-07	CCA	43	425
control_region	unlabeled_out_of_neutral_domain_T95	C[C>G]C	5	1	2.0	3.7730460007881894e-07	class_specific	pseudocount	combined_db_spectrum_weight_by_functional_class	0.4231408108442592	8.91676223160827e-07	CCC	63	568
control_region	unlabeled_out_of_neutral_domain_T95	C[C>G]G	3	1	1.0	1.0804631729529814e-06	class_specific	pseudocount	combined_db_spectrum_weight_by_functional_class	0.4231408108442592	2.553436457233277e-06	CCG	11	137
control_region	unlabeled_out_of_neutral_domain_T95	C[C>G]T	2	0	0.0	3.169358640662079e-07	class_specific	pseudocount	combined_db_spectrum_weight_by_functional_class	0.4231408108442592	7.490080274550947e-07	CCT	25	528
control_region	unlabeled_out_of_neutral_domain_T95	C[C>T]A	2	1	5.0	5.527951117433858e-07	class_specific	pseudocount	combined_db_spectrum_weight_by_functional_class	0.4231408108442592	1.3064093502123744e-06	CCA	43	425
control_region	unlabeled_out_of_neutral_domain_T95	C[C>T]C	2	0	0.0	1.2576820002627298e-07	class_specific	pseudocount	combined_db_spectrum_weight_by_functional_class	0.4231408108442592	2.9722540772027567e-07	CCC	63	568
control_region	unlabeled_out_of_neutral_domain_T95	C[C>T]G	2	0	0.0	7.203087819686543e-07	class_specific	pseudocount	combined_db_spectrum_weight_by_functional_class	0.4231408108442592	1.7022909714888513e-06	CCG	11	137
control_region	unlabeled_out_of_neutral_domain_T95	C[C>T]T	2	1	1.0	3.169358640662079e-07	class_specific	pseudocount	combined_db_spectrum_weight_by_functional_class	0.4231408108442592	7.490080274550947e-07	CCT	25	528
control_region	unlabeled_out_of_neutral_domain_T95	C[G>A]A	0	0	0.0	0.0	class_specific	pseudocount	combined_db_spectrum_weight_by_functional_class	0.4231408108442592	0.0	CGA	6	123
control_region	unlabeled_out_of_neutral_domain_T95	C[G>A]C	0	0	0.0	0.0	class_specific	pseudocount	combined_db_spectrum_weight_by_functional_class	0.4231408108442592	0.0	CGC	10	148
control_region	unlabeled_out_of_neutral_domain_T95	C[G>A]G	0	0	0.0	0.0	class_specific	pseudocount	combined_db_spectrum_weight_by_functional_class	0.4231408108442592	0.0	CGG	5	84
control_region	unlabeled_out_of_neutral_domain_T95	C[G>A]T	1	0	0.0	5.659569001182284e-07	class_specific	pseudocount	combined_db_spectrum_weight_by_functional_class	0.4231408108442592	1.3375143347412405e-06	CGT	7	80
control_region	unlabeled_out_of_neutral_domain_T95	C[G>C]A	2	1	13.0	9.243962701931063e-06	class_specific	pseudocount	combined_db_spectrum_weight_by_functional_class	0.4231408108442592	2.184606746744026e-05	CGA	6	123
control_region	unlabeled_out_of_neutral_domain_T95	C[G>C]C	1	0	0.0	3.961698300827599e-07	class_specific	pseudocount	combined_db_spectrum_weight_by_functional_class	0.4231408108442592	9.362600343188683e-07	CGC	10	148
control_region	unlabeled_out_of_neutral_domain_T95	C[G>C]G	0	0	0.0	0.0	class_specific	pseudocount	combined_db_spectrum_weight_by_functional_class	0.4231408108442592	0.0	CGG	5	84
control_region	unlabeled_out_of_neutral_domain_T95	C[G>C]T	1	0	0.0	5.659569001182284e-07	class_specific	pseudocount	combined_db_spectrum_weight_by_functional_class	0.4231408108442592	1.3375143347412405e-06	CGT	7	80
control_region	unlabeled_out_of_neutral_domain_T95	C[G>T]A	1	0	0.0	6.602830501379332e-07	class_specific	pseudocount	combined_db_spectrum_weight_by_functional_class	0.4231408108442592	1.5604333905314472e-06	CGA	6	123
control_region	unlabeled_out_of_neutral_domain_T95	C[G>T]C	1	0	0.0	3.961698300827599e-07	class_specific	pseudocount	combined_db_spectrum_weight_by_functional_class	0.4231408108442592	9.362600343188683e-07	CGC	10	148
control_region	unlabeled_out_of_neutral_domain_T95	C[G>T]G	1	1	1.0	7.923396601655198e-07	class_specific	pseudocount	combined_db_spectrum_weight_by_functional_class	0.4231408108442592	1.8725200686377366e-06	CGG	5	84
control_region	unlabeled_out_of_neutral_domain_T95	C[G>T]T	1	0	0.0	5.659569001182284e-07	class_specific	pseudocount	combined_db_spectrum_weight_by_functional_class	0.4231408108442592	1.3375143347412405e-06	CGT	7	80
control_region	unlabeled_out_of_neutral_domain_T95	C[T>A]A	3	1	1.0	5.659569001182284e-07	class_specific	pseudocount	combined_db_spectrum_weight_by_functional_class	0.4231408108442592	1.3375143347412405e-06	CTA	21	503
control_region	unlabeled_out_of_neutral_domain_T95	C[T>A]C	0	0	0.0	0.0	class_specific	pseudocount	combined_db_spectrum_weight_by_functional_class	0.4231408108442592	0.0	CTC	21	405
control_region	unlabeled_out_of_neutral_domain_T95	C[T>A]G	1	0	0.0	3.0474602314058455e-07	class_specific	pseudocount	combined_db_spectrum_weight_by_functional_class	0.4231408108442592	7.202000263991295e-07	CTG	13	179
control_region	unlabeled_out_of_neutral_domain_T95	C[T>A]T	2	0	0.0	4.6608215303854103e-07	class_specific	pseudocount	combined_db_spectrum_weight_by_functional_class	0.4231408108442592	1.1014823933163157e-06	CTT	17	325
control_region	unlabeled_out_of_neutral_domain_T95	C[T>C]A	2	2	4.0	7.546092001576379e-07	class_specific	pseudocount	combined_db_spectrum_weight_by_functional_class	0.4231408108442592	1.783352446321654e-06	CTA	21	503
control_region	unlabeled_out_of_neutral_domain_T95	C[T>C]C	1	1	401.0	7.56495723158032e-05	class_specific	pseudocount	combined_db_spectrum_weight_by_functional_class	0.4231408108442592	0.0001787810827437458	CTC	21	405
control_region	unlabeled_out_of_neutral_domain_T95	C[T>C]G	1	1	1.0	3.0474602314058455e-07	class_specific	pseudocount	combined_db_spectrum_weight_by_functional_class	0.4231408108442592	7.202000263991295e-07	CTG	13	179
control_region	unlabeled_out_of_neutral_domain_T95	C[T>C]T	2	2	3.0	6.991232295578115e-07	class_specific	pseudocount	combined_db_spectrum_weight_by_functional_class	0.4231408108442592	1.6522235899744735e-06	CTT	17	325
control_region	unlabeled_out_of_neutral_domain_T95	C[T>G]A	3	0	0.0	5.659569001182284e-07	class_specific	pseudocount	combined_db_spectrum_weight_by_functional_class	0.4231408108442592	1.3375143347412405e-06	CTA	21	503
control_region	unlabeled_out_of_neutral_domain_T95	C[T>G]C	0	0	0.0	0.0	class_specific	pseudocount	combined_db_spectrum_weight_by_functional_class	0.4231408108442592	0.0	CTC	21	405
control_region	unlabeled_out_of_neutral_domain_T95	C[T>G]G	1	0	0.0	3.0474602314058455e-07	class_specific	pseudocount	combined_db_spectrum_weight_by_functional_class	0.4231408108442592	7.202000263991295e-07	CTG	13	179
control_region	unlabeled_out_of_neutral_domain_T95	C[T>G]T	2	0	0.0	4.6608215303854103e-07	class_specific	pseudocount	combined_db_spectrum_weight_by_functional_class	0.4231408108442592	1.1014823933163157e-06	CTT	17	325
control_region	unlabeled_out_of_neutral_domain_T95	G[A>C]A	1	0	0.0	4.952122876034498e-07	class_specific	pseudocount	combined_db_spectrum_weight_by_functional_class	0.4231408108442592	1.1703250428985853e-06	GAA	8	201
control_region	unlabeled_out_of_neutral_domain_T95	G[A>C]C	2	1	2.0	1.1885094902482796e-06	class_specific	pseudocount	combined_db_spectrum_weight_by_functional_class	0.4231408108442592	2.808780102956605e-06	GAC	10	160
control_region	unlabeled_out_of_neutral_domain_T95	G[A>C]G	0	0	0.0	0.0	class_specific	pseudocount	combined_db_spectrum_weight_by_functional_class	0.4231408108442592	0.0	GAG	5	143
control_region	unlabeled_out_of_neutral_domain_T95	G[A>C]T	2	0	0.0	8.803774001839108e-07	class_specific	pseudocount	combined_db_spectrum_weight_by_functional_class	0.4231408108442592	2.0805778540419294e-06	GAT	9	135
control_region	unlabeled_out_of_neutral_domain_T95	G[A>G]A	1	0	0.0	4.952122876034498e-07	class_specific	pseudocount	combined_db_spectrum_weight_by_functional_class	0.4231408108442592	1.1703250428985853e-06	GAA	8	201
control_region	unlabeled_out_of_neutral_domain_T95	G[A>G]C	2	2	6.0	2.377018980496559e-06	class_specific	pseudocount	combined_db_spectrum_weight_by_functional_class	0.4231408108442592	5.61756020591321e-06	GAC	10	160
control_region	unlabeled_out_of_neutral_domain_T95	G[A>G]G	0	0	0.0	0.0	class_specific	pseudocount	combined_db_spectrum_weight_by_functional_class	0.4231408108442592	0.0	GAG	5	143
control_region	unlabeled_out_of_neutral_domain_T95	G[A>G]T	2	0	0.0	8.803774001839108e-07	class_specific	pseudocount	combined_db_spectrum_weight_by_functional_class	0.4231408108442592	2.0805778540419294e-06	GAT	9	135
control_region	unlabeled_out_of_neutral_domain_T95	G[A>T]A	1	0	0.0	4.952122876034498e-07	class_specific	pseudocount	combined_db_spectrum_weight_by_functional_class	0.4231408108442592	1.1703250428985853e-06	GAA	8	201
control_region	unlabeled_out_of_neutral_domain_T95	G[A>T]C	1	0	0.0	3.961698300827599e-07	class_specific	pseudocount	combined_db_spectrum_weight_by_functional_class	0.4231408108442592	9.362600343188683e-07	GAC	10	160
control_region	unlabeled_out_of_neutral_domain_T95	G[A>T]G	0	0	0.0	0.0	class_specific	pseudocount	combined_db_spectrum_weight_by_functional_class	0.4231408108442592	0.0	GAG	5	143
control_region	unlabeled_out_of_neutral_domain_T95	G[A>T]T	2	0	0.0	8.803774001839108e-07	class_specific	pseudocount	combined_db_spectrum_weight_by_functional_class	0.4231408108442592	2.0805778540419294e-06	GAT	9	135
control_region	unlabeled_out_of_neutral_domain_T95	G[C>A]A	1	0	0.0	2.476061438017249e-07	class_specific	pseudocount	combined_db_spectrum_weight_by_functional_class	0.4231408108442592	5.851625214492927e-07	GCA	16	202
control_region	unlabeled_out_of_neutral_domain_T95	G[C>A]C	0	0	0.0	0.0	class_specific	pseudocount	combined_db_spectrum_weight_by_functional_class	0.4231408108442592	0.0	GCC	14	264
control_region	unlabeled_out_of_neutral_domain_T95	G[C>A]G	0	0	0.0	0.0	class_specific	pseudocount	combined_db_spectrum_weight_by_functional_class	0.4231408108442592	0.0	GCG	4	61
control_region	unlabeled_out_of_neutral_domain_T95	G[C>A]T	0	0	0.0	0.0	class_specific	pseudocount	combined_db_spectrum_weight_by_functional_class	0.4231408108442592	0.0	GCT	11	184
control_region	unlabeled_out_of_neutral_domain_T95	G[C>G]A	1	0	0.0	2.476061438017249e-07	class_specific	pseudocount	combined_db_spectrum_weight_by_functional_class	0.4231408108442592	5.851625214492927e-07	GCA	16	202
control_region	unlabeled_out_of_neutral_domain_T95	G[C>G]C	0	0	0.0	0.0	class_specific	pseudocount	combined_db_spectrum_weight_by_functional_class	0.4231408108442592	0.0	GCC	14	264
control_region	unlabeled_out_of_neutral_domain_T95	G[C>G]G	0	0	0.0	0.0	class_specific	pseudocount	combined_db_spectrum_weight_by_functional_class	0.4231408108442592	0.0	GCG	4	61
control_region	unlabeled_out_of_neutral_domain_T95	G[C>G]T	0	0	0.0	0.0	class_specific	pseudocount	combined_db_spectrum_weight_by_functional_class	0.4231408108442592	0.0	GCT	11	184
control_region	unlabeled_out_of_neutral_domain_T95	G[C>T]A	0	0	0.0	0.0	class_specific	pseudocount	combined_db_spectrum_weight_by_functional_class	0.4231408108442592	0.0	GCA	16	202
control_region	unlabeled_out_of_neutral_domain_T95	G[C>T]C	1	1	1.0	2.829784500591142e-07	class_specific	pseudocount	combined_db_spectrum_weight_by_functional_class	0.4231408108442592	6.687571673706202e-07	GCC	14	264
control_region	unlabeled_out_of_neutral_domain_T95	G[C>T]G	0	0	0.0	0.0	class_specific	pseudocount	combined_db_spectrum_weight_by_functional_class	0.4231408108442592	0.0	GCG	4	61
control_region	unlabeled_out_of_neutral_domain_T95	G[C>T]T	1	1	1.0	3.6015439098432714e-07	class_specific	pseudocount	combined_db_spectrum_weight_by_functional_class	0.4231408108442592	8.511454857444256e-07	GCT	11	184
control_region	unlabeled_out_of_neutral_domain_T95	G[G>A]A	1	0	0.0	4.952122876034498e-07	class_specific	pseudocount	combined_db_spectrum_weight_by_functional_class	0.4231408108442592	1.1703250428985853e-06	GGA	8	131
control_region	unlabeled_out_of_neutral_domain_T95	G[G>A]C	0	0	0.0	0.0	class_specific	pseudocount	combined_db_spectrum_weight_by_functional_class	0.4231408108442592	0.0	GGC	4	158
control_region	unlabeled_out_of_neutral_domain_T95	G[G>A]G	2	1	1.0	5.282264401103465e-07	class_specific	pseudocount	combined_db_spectrum_weight_by_functional_class	0.4231408108442592	1.2483467124251578e-06	GGG	15	128
control_region	unlabeled_out_of_neutral_domain_T95	G[G>A]T	0	0	0.0	0.0	class_specific	pseudocount	combined_db_spectrum_weight_by_functional_class	0.4231408108442592	0.0	GGT	10	122
control_region	unlabeled_out_of_neutral_domain_T95	G[G>C]A	1	0	0.0	4.952122876034498e-07	class_specific	pseudocount	combined_db_spectrum_weight_by_functional_class	0.4231408108442592	1.1703250428985853e-06	GGA	8	131
control_region	unlabeled_out_of_neutral_domain_T95	G[G>C]C	2	1	1083.0	0.0010736202395242793	class_specific	pseudocount	combined_db_spectrum_weight_by_functional_class	0.4231408108442592	0.0025372646930041333	GGC	4	158
control_region	unlabeled_out_of_neutral_domain_T95	G[G>C]G	1	0	0.0	2.6411322005517327e-07	class_specific	pseudocount	combined_db_spectrum_weight_by_functional_class	0.4231408108442592	6.241733562125789e-07	GGG	15	128
control_region	unlabeled_out_of_neutral_domain_T95	G[G>C]T	2	0	0.0	7.923396601655198e-07	class_specific	pseudocount	combined_db_spectrum_weight_by_functional_class	0.4231408108442592	1.8725200686377366e-06	GGT	10	122
control_region	unlabeled_out_of_neutral_domain_T95	G[G>T]A	1	0	0.0	4.952122876034498e-07	class_specific	pseudocount	combined_db_spectrum_weight_by_functional_class	0.4231408108442592	1.1703250428985853e-06	GGA	8	131
control_region	unlabeled_out_of_neutral_domain_T95	G[G>T]C	1	0	0.0	9.904245752068996e-07	class_specific	pseudocount	combined_db_spectrum_weight_by_functional_class	0.4231408108442592	2.3406500857971706e-06	GGC	4	158
control_region	unlabeled_out_of_neutral_domain_T95	G[G>T]G	2	1	1.0	5.282264401103465e-07	class_specific	pseudocount	combined_db_spectrum_weight_by_functional_class	0.4231408108442592	1.2483467124251578e-06	GGG	15	128
control_region	unlabeled_out_of_neutral_domain_T95	G[G>T]T	2	0	0.0	7.923396601655198e-07	class_specific	pseudocount	combined_db_spectrum_weight_by_functional_class	0.4231408108442592	1.8725200686377366e-06	GGT	10	122
control_region	unlabeled_out_of_neutral_domain_T95	G[T>A]A	0	0	0.0	0.0	class_specific	pseudocount	combined_db_spectrum_weight_by_functional_class	0.4231408108442592	0.0	GTA	19	167
control_region	unlabeled_out_of_neutral_domain_T95	G[T>A]C	2	0	0.0	7.923396601655198e-07	class_specific	pseudocount	combined_db_spectrum_weight_by_functional_class	0.4231408108442592	1.8725200686377366e-06	GTC	10	115
control_region	unlabeled_out_of_neutral_domain_T95	G[T>A]G	1	0	0.0	7.923396601655198e-07	class_specific	pseudocount	combined_db_spectrum_weight_by_functional_class	0.4231408108442592	1.8725200686377366e-06	GTG	5	87
control_region	unlabeled_out_of_neutral_domain_T95	G[T>A]T	3	0	0.0	2.377018980496559e-06	class_specific	pseudocount	combined_db_spectrum_weight_by_functional_class	0.4231408108442592	5.61756020591321e-06	GTT	5	137
control_region	unlabeled_out_of_neutral_domain_T95	G[T>C]A	0	0	0.0	0.0	class_specific	pseudocount	combined_db_spectrum_weight_by_functional_class	0.4231408108442592	0.0	GTA	19	167
control_region	unlabeled_out_of_neutral_domain_T95	G[T>C]C	1	1	162033.0	0.06419258607779983	class_specific	pseudocount	combined_db_spectrum_weight_by_functional_class	0.4231408108442592	0.15170502214078918	GTC	10	115
control_region	unlabeled_out_of_neutral_domain_T95	G[T>C]G	0	0	0.0	0.0	class_specific	pseudocount	combined_db_spectrum_weight_by_functional_class	0.4231408108442592	0.0	GTG	5	87
control_region	unlabeled_out_of_neutral_domain_T95	G[T>C]T	1	1	1.0	7.923396601655198e-07	class_specific	pseudocount	combined_db_spectrum_weight_by_functional_class	0.4231408108442592	1.8725200686377366e-06	GTT	5	137
control_region	unlabeled_out_of_neutral_domain_T95	G[T>G]A	0	0	0.0	0.0	class_specific	pseudocount	combined_db_spectrum_weight_by_functional_class	0.4231408108442592	0.0	GTA	19	167
control_region	unlabeled_out_of_neutral_domain_T95	G[T>G]C	2	0	0.0	7.923396601655198e-07	class_specific	pseudocount	combined_db_spectrum_weight_by_functional_class	0.4231408108442592	1.8725200686377366e-06	GTC	10	115
control_region	unlabeled_out_of_neutral_domain_T95	G[T>G]G	0	0	0.0	0.0	class_specific	pseudocount	combined_db_spectrum_weight_by_functional_class	0.4231408108442592	0.0	GTG	5	87
control_region	unlabeled_out_of_neutral_domain_T95	G[T>G]T	3	0	0.0	2.377018980496559e-06	class_specific	pseudocount	combined_db_spectrum_weight_by_functional_class	0.4231408108442592	5.61756020591321e-06	GTT	5	137
control_region	unlabeled_out_of_neutral_domain_T95	T[A>C]A	3	0	0.0	4.571190347108768e-07	class_specific	pseudocount	combined_db_spectrum_weight_by_functional_class	0.4231408108442592	1.0803000395986942e-06	TAA	26	402
control_region	unlabeled_out_of_neutral_domain_T95	T[A>C]C	0	0	0.0	0.0	class_specific	pseudocount	combined_db_spectrum_weight_by_functional_class	0.4231408108442592	0.0	TAC	27	364
control_region	unlabeled_out_of_neutral_domain_T95	T[A>C]G	0	0	0.0	0.0	class_specific	pseudocount	combined_db_spectrum_weight_by_functional_class	0.4231408108442592	0.0	TAG	9	278
control_region	unlabeled_out_of_neutral_domain_T95	T[A>C]T	4	1	1.0	7.923396601655198e-07	class_specific	pseudocount	combined_db_spectrum_weight_by_functional_class	0.4231408108442592	1.8725200686377366e-06	TAT	20	330
control_region	unlabeled_out_of_neutral_domain_T95	T[A>G]A	3	0	0.0	4.571190347108768e-07	class_specific	pseudocount	combined_db_spectrum_weight_by_functional_class	0.4231408108442592	1.0803000395986942e-06	TAA	26	402
control_region	unlabeled_out_of_neutral_domain_T95	T[A>G]C	1	1	28.0	4.108427867524917e-06	class_specific	pseudocount	combined_db_spectrum_weight_by_functional_class	0.4231408108442592	9.709363318862339e-06	TAC	27	364
control_region	unlabeled_out_of_neutral_domain_T95	T[A>G]G	0	0	0.0	0.0	class_specific	pseudocount	combined_db_spectrum_weight_by_functional_class	0.4231408108442592	0.0	TAG	9	278
control_region	unlabeled_out_of_neutral_domain_T95	T[A>G]T	4	2	3.0	9.904245752068996e-07	class_specific	pseudocount	combined_db_spectrum_weight_by_functional_class	0.4231408108442592	2.3406500857971706e-06	TAT	20	330
control_region	unlabeled_out_of_neutral_domain_T95	T[A>T]A	3	0	0.0	4.571190347108768e-07	class_specific	pseudocount	combined_db_spectrum_weight_by_functional_class	0.4231408108442592	1.0803000395986942e-06	TAA	26	402
control_region	unlabeled_out_of_neutral_domain_T95	T[A>T]C	0	0	0.0	0.0	class_specific	pseudocount	combined_db_spectrum_weight_by_functional_class	0.4231408108442592	0.0	TAC	27	364
control_region	unlabeled_out_of_neutral_domain_T95	T[A>T]G	0	0	0.0	0.0	class_specific	pseudocount	combined_db_spectrum_weight_by_functional_class	0.4231408108442592	0.0	TAG	9	278
control_region	unlabeled_out_of_neutral_domain_T95	T[A>T]T	4	1	1.0	7.923396601655198e-07	class_specific	pseudocount	combined_db_spectrum_weight_by_functional_class	0.4231408108442592	1.8725200686377366e-06	TAT	20	330
control_region	unlabeled_out_of_neutral_domain_T95	T[C>A]A	5	0	0.0	7.923396601655198e-07	class_specific	pseudocount	combined_db_spectrum_weight_by_functional_class	0.4231408108442592	1.8725200686377366e-06	TCA	25	394
control_region	unlabeled_out_of_neutral_domain_T95	T[C>A]C	2	1	1.0	3.301415250689666e-07	class_specific	pseudocount	combined_db_spectrum_weight_by_functional_class	0.4231408108442592	7.802166952657236e-07	TCC	24	353
control_region	unlabeled_out_of_neutral_domain_T95	T[C>A]G	0	0	0.0	0.0	class_specific	pseudocount	combined_db_spectrum_weight_by_functional_class	0.4231408108442592	0.0	TCG	6	120
control_region	unlabeled_out_of_neutral_domain_T95	T[C>A]T	3	1	1.0	7.923396601655199e-07	class_specific	pseudocount	combined_db_spectrum_weight_by_functional_class	0.4231408108442592	1.8725200686377368e-06	TCT	15	309
control_region	unlabeled_out_of_neutral_domain_T95	T[C>G]A	6	0	0.0	9.508075921986238e-07	class_specific	pseudocount	combined_db_spectrum_weight_by_functional_class	0.4231408108442592	2.247024082365284e-06	TCA	25	394
control_region	unlabeled_out_of_neutral_domain_T95	T[C>G]C	2	0	0.0	3.301415250689666e-07	class_specific	pseudocount	combined_db_spectrum_weight_by_functional_class	0.4231408108442592	7.802166952657236e-07	TCC	24	353
control_region	unlabeled_out_of_neutral_domain_T95	T[C>G]G	0	0	0.0	0.0	class_specific	pseudocount	combined_db_spectrum_weight_by_functional_class	0.4231408108442592	0.0	TCG	6	120
control_region	unlabeled_out_of_neutral_domain_T95	T[C>G]T	3	1	1.0	7.923396601655199e-07	class_specific	pseudocount	combined_db_spectrum_weight_by_functional_class	0.4231408108442592	1.8725200686377368e-06	TCT	15	309
control_region	unlabeled_out_of_neutral_domain_T95	T[C>T]A	6	1	1.0	9.508075921986238e-07	class_specific	pseudocount	combined_db_spectrum_weight_by_functional_class	0.4231408108442592	2.247024082365284e-06	TCA	25	394
control_region	unlabeled_out_of_neutral_domain_T95	T[C>T]C	4	2	2.0	6.602830501379332e-07	class_specific	pseudocount	combined_db_spectrum_weight_by_functional_class	0.4231408108442592	1.5604333905314472e-06	TCC	24	353
control_region	unlabeled_out_of_neutral_domain_T95	T[C>T]G	0	0	0.0	0.0	class_specific	pseudocount	combined_db_spectrum_weight_by_functional_class	0.4231408108442592	0.0	TCG	6	120
control_region	unlabeled_out_of_neutral_domain_T95	T[C>T]T	3	2	2.0	7.923396601655199e-07	class_specific	pseudocount	combined_db_spectrum_weight_by_functional_class	0.4231408108442592	1.8725200686377368e-06	TCT	15	309
control_region	unlabeled_out_of_neutral_domain_T95	T[G>A]A	1	0	0.0	4.401887000919554e-07	class_specific	pseudocount	combined_db_spectrum_weight_by_functional_class	0.4231408108442592	1.0402889270209647e-06	TGA	9	211
control_region	unlabeled_out_of_neutral_domain_T95	T[G>A]C	0	0	0.0	0.0	class_specific	pseudocount	combined_db_spectrum_weight_by_functional_class	0.4231408108442592	0.0	TGC	13	128
control_region	unlabeled_out_of_neutral_domain_T95	T[G>A]G	2	0	0.0	7.203087819686543e-07	class_specific	pseudocount	combined_db_spectrum_weight_by_functional_class	0.4231408108442592	1.7022909714888513e-06	TGG	11	139
control_region	unlabeled_out_of_neutral_domain_T95	T[G>A]T	0	0	0.0	0.0	class_specific	pseudocount	combined_db_spectrum_weight_by_functional_class	0.4231408108442592	0.0	TGT	10	123
control_region	unlabeled_out_of_neutral_domain_T95	T[G>C]A	1	0	0.0	4.401887000919554e-07	class_specific	pseudocount	combined_db_spectrum_weight_by_functional_class	0.4231408108442592	1.0402889270209647e-06	TGA	9	211
control_region	unlabeled_out_of_neutral_domain_T95	T[G>C]C	1	1	1.0	3.0474602314058455e-07	class_specific	pseudocount	combined_db_spectrum_weight_by_functional_class	0.4231408108442592	7.202000263991295e-07	TGC	13	128
control_region	unlabeled_out_of_neutral_domain_T95	T[G>C]G	4	1	914.0	0.000330261576532628	class_specific	pseudocount	combined_db_spectrum_weight_by_functional_class	0.4231408108442592	0.0007805004104276383	TGG	11	139
control_region	unlabeled_out_of_neutral_domain_T95	T[G>C]T	1	1	4.0	1.5846793203310395e-06	class_specific	pseudocount	combined_db_spectrum_weight_by_functional_class	0.4231408108442592	3.7450401372754733e-06	TGT	10	123
control_region	unlabeled_out_of_neutral_domain_T95	T[G>T]A	1	0	0.0	4.401887000919554e-07	class_specific	pseudocount	combined_db_spectrum_weight_by_functional_class	0.4231408108442592	1.0402889270209647e-06	TGA	9	211
control_region	unlabeled_out_of_neutral_domain_T95	T[G>T]C	0	0	0.0	0.0	class_specific	pseudocount	combined_db_spectrum_weight_by_functional_class	0.4231408108442592	0.0	TGC	13	128
control_region	unlabeled_out_of_neutral_domain_T95	T[G>T]G	4	1	1.0	1.4406175639373085e-06	class_specific	pseudocount	combined_db_spectrum_weight_by_functional_class	0.4231408108442592	3.4045819429777025e-06	TGG	11	139
control_region	unlabeled_out_of_neutral_domain_T95	T[G>T]T	1	1	1.0	3.961698300827599e-07	class_specific	pseudocount	combined_db_spectrum_weight_by_functional_class	0.4231408108442592	9.362600343188683e-07	TGT	10	123
control_region	unlabeled_out_of_neutral_domain_T95	T[T>A]A	2	1	1.0	4.401887000919554e-07	class_specific	pseudocount	combined_db_spectrum_weight_by_functional_class	0.4231408108442592	1.0402889270209647e-06	TTA	18	341
control_region	unlabeled_out_of_neutral_domain_T95	T[T>A]C	5	0	0.0	1.3205661002758663e-06	class_specific	pseudocount	combined_db_spectrum_weight_by_functional_class	0.4231408108442592	3.1208667810628945e-06	TTC	15	308
control_region	unlabeled_out_of_neutral_domain_T95	T[T>A]G	0	0	0.0	0.0	class_specific	pseudocount	combined_db_spectrum_weight_by_functional_class	0.4231408108442592	0.0	TTG	12	157
control_region	unlabeled_out_of_neutral_domain_T95	T[T>A]T	1	0	0.0	1.9808491504137994e-07	class_specific	pseudocount	combined_db_spectrum_weight_by_functional_class	0.4231408108442592	4.6813001715943416e-07	TTT	20	285
control_region	unlabeled_out_of_neutral_domain_T95	T[T>C]A	1	1	2.0	4.401887000919554e-07	class_specific	pseudocount	combined_db_spectrum_weight_by_functional_class	0.4231408108442592	1.0402889270209647e-06	TTA	18	341
control_region	unlabeled_out_of_neutral_domain_T95	T[T>C]C	3	1	1.0	7.923396601655199e-07	class_specific	pseudocount	combined_db_spectrum_weight_by_functional_class	0.4231408108442592	1.8725200686377368e-06	TTC	15	308
control_region	unlabeled_out_of_neutral_domain_T95	T[T>C]G	0	0	0.0	0.0	class_specific	pseudocount	combined_db_spectrum_weight_by_functional_class	0.4231408108442592	0.0	TTG	12	157
control_region	unlabeled_out_of_neutral_domain_T95	T[T>C]T	2	1	1.0	3.961698300827599e-07	class_specific	pseudocount	combined_db_spectrum_weight_by_functional_class	0.4231408108442592	9.362600343188683e-07	TTT	20	285
control_region	unlabeled_out_of_neutral_domain_T95	T[T>G]A	2	1	2.0	6.602830501379332e-07	class_specific	pseudocount	combined_db_spectrum_weight_by_functional_class	0.4231408108442592	1.5604333905314472e-06	TTA	18	341
control_region	unlabeled_out_of_neutral_domain_T95	T[T>G]C	5	0	0.0	1.3205661002758663e-06	class_specific	pseudocount	combined_db_spectrum_weight_by_functional_class	0.4231408108442592	3.1208667810628945e-06	TTC	15	308
control_region	unlabeled_out_of_neutral_domain_T95	T[T>G]G	0	0	0.0	0.0	class_specific	pseudocount	combined_db_spectrum_weight_by_functional_class	0.4231408108442592	0.0	TTG	12	157
control_region	unlabeled_out_of_neutral_domain_T95	T[T>G]T	1	0	0.0	1.9808491504137994e-07	class_specific	pseudocount	combined_db_spectrum_weight_by_functional_class	0.4231408108442592	4.6813001715943416e-07	TTT	20	285
protein_coding	expanded_neutral_like_T95	A[A>C]A	76	1	7.0	1.030925208393799e-07	class_specific	raw	combined_db_spectrum_weight_raw_by_functional_class	0.08328165206053731	1.2378779513696738e-06	AAA	269	490
protein_coding	expanded_neutral_like_T95	A[A>C]C	73	9	457.0	5.897381509701018e-06	class_specific	raw	combined_db_spectrum_weight_raw_by_functional_class	0.08328165206053731	7.081249427441977e-05	AAC	307	462
protein_coding	expanded_neutral_like_T95	A[A>C]G	44	0	0.0	0.0	class_specific	raw	combined_db_spectrum_weight_raw_by_functional_class	0.08328165206053731	0.0	AAG	85	202
protein_coding	expanded_neutral_like_T95	A[A>C]T	62	8	17.0	2.6411322005517327e-07	class_specific	raw	combined_db_spectrum_weight_raw_by_functional_class	0.08328165206053731	3.1713254182708787e-06	AAT	255	364
protein_coding	expanded_neutral_like_T95	A[A>G]A	104	100	34909.0	0.0005141224014259875	class_specific	raw	combined_db_spectrum_weight_raw_by_functional_class	0.08328165206053731	0.006173297343480563	AAA	269	490
protein_coding	expanded_neutral_like_T95	A[A>G]C	184	184	178066.0	0.0022978624418083624	class_specific	raw	combined_db_spectrum_weight_raw_by_functional_class	0.08328165206053731	0.027591460843476658	AAC	307	462
protein_coding	expanded_neutral_like_T95	A[A>G]G	58	55	21648.0	0.0010089746448978336	class_specific	raw	combined_db_spectrum_weight_raw_by_functional_class	0.08328165206053731	0.01211520929201082	AAG	85	202
protein_coding	expanded_neutral_like_T95	A[A>G]T	153	148	49388.0	0.0007672955124755821	class_specific	raw	combined_db_spectrum_weight_raw_by_functional_class	0.08328165206053731	0.00921325998573895	AAT	255	364
protein_coding	expanded_neutral_like_T95	A[A>T]A	78	9	112.0	1.6494803334300782e-06	class_specific	raw	combined_db_spectrum_weight_raw_by_functional_class	0.08328165206053731	1.980604722191478e-05	AAA	269	490
protein_coding	expanded_neutral_like_T95	A[A>T]C	82	20	204.0	2.6325291640678504e-06	class_specific	raw	combined_db_spectrum_weight_raw_by_functional_class	0.08328165206053731	3.1609953680484974e-05	AAC	307	462
protein_coding	expanded_neutral_like_T95	A[A>T]G	47	7	213.0	9.927549859720923e-06	class_specific	raw	combined_db_spectrum_weight_raw_by_functional_class	0.08328165206053731	0.00011920452601618183	AAG	85	202
protein_coding	expanded_neutral_like_T95	A[A>T]T	71	21	157.0	2.4391632675683647e-06	class_specific	raw	combined_db_spectrum_weight_raw_by_functional_class	0.08328165206053731	2.928812298050164e-05	AAT	255	364
protein_coding	expanded_neutral_like_T95	A[C>A]A	111	8	34.0	4.628788392719531e-07	class_specific	raw	combined_db_spectrum_weight_raw_by_functional_class	0.08328165206053731	5.557993001093292e-06	ACA	291	425
protein_coding	expanded_neutral_like_T95	A[C>A]C	108	7	13.0	1.5895703058876168e-07	class_specific	raw	combined_db_spectrum_weight_raw_by_functional_class	0.08328165206053731	1.9086680758111767e-06	ACC	324	473
protein_coding	expanded_neutral_like_T95	A[C>A]G	48	0	0.0	0.0	class_specific	raw	combined_db_spectrum_weight_raw_by_functional_class	0.08328165206053731	0.0	ACG	83	117
protein_coding	expanded_neutral_like_T95	A[C>A]T	123	32	665.0	8.78176456683451e-06	class_specific	raw	combined_db_spectrum_weight_raw_by_functional_class	0.08328165206053731	0.0001054465701575067	ACT	300	391
protein_coding	expanded_neutral_like_T95	A[C>G]A	108	10	21.0	2.8589575366797107e-07	class_specific	raw	combined_db_spectrum_weight_raw_by_functional_class	0.08328165206053731	3.432878030087034e-06	ACA	291	425
protein_coding	expanded_neutral_like_T95	A[C>G]C	112	15	65.0	7.947851529438084e-07	class_specific	raw	combined_db_spectrum_weight_raw_by_functional_class	0.08328165206053731	9.543340379055884e-06	ACC	324	473
protein_coding	expanded_neutral_like_T95	A[C>G]G	49	0	0.0	0.0	class_specific	raw	combined_db_spectrum_weight_raw_by_functional_class	0.08328165206053731	0.0	ACG	83	117
protein_coding	expanded_neutral_like_T95	A[C>G]T	109	7	127.0	1.6771189473503502e-06	class_specific	raw	combined_db_spectrum_weight_raw_by_functional_class	0.08328165206053731	2.013791640602008e-05	ACT	300	391
protein_coding	expanded_neutral_like_T95	A[C>T]A	151	151	41724.0	0.0005680340202877345	class_specific	raw	combined_db_spectrum_weight_raw_by_functional_class	0.08328165206053731	0.006820638234635781	ACA	291	425
protein_coding	expanded_neutral_like_T95	A[C>T]C	181	178	15387.0	0.0001881439868976366	class_specific	raw	combined_db_spectrum_weight_raw_by_functional_class	0.08328165206053731	0.002259128898654352	ACC	324	473
protein_coding	expanded_neutral_like_T95	A[C>T]G	56	56	7635.0	0.00036442851237130985	class_specific	raw	combined_db_spectrum_weight_raw_by_functional_class	0.08328165206053731	0.004375855946114125	ACG	83	117
protein_coding	expanded_neutral_like_T95	A[C>T]T	220	213	26126.0	0.0003450110993580728	class_specific	raw	combined_db_spectrum_weight_raw_by_functional_class	0.08328165206053731	0.004142702393887248	ACT	300	391
protein_coding	expanded_neutral_like_T95	A[G>A]A	23	22	29949.0	0.0014648012643393303	class_specific	raw	combined_db_spectrum_weight_raw_by_functional_class	0.08328165206053731	0.017588523139221213	AGA	81	176
protein_coding	expanded_neutral_like_T95	A[G>A]C	70	70	40284.0	0.0009067787179007897	class_specific	raw	combined_db_spectrum_weight_raw_by_functional_class	0.08328165206053731	0.01088809714343387	AGC	176	277
protein_coding	expanded_neutral_like_T95	A[G>A]G	26	25	15845.0	0.0005275051224925488	class_specific	raw	combined_db_spectrum_weight_raw_by_functional_class	0.08328165206053731	0.0063339896536767325	AGG	119	188
protein_coding	expanded_neutral_like_T95	A[G>A]T	58	58	44002.0	0.0018948113981849565	class_specific	raw	combined_db_spectrum_weight_raw_by_functional_class	0.08328165206053731	0.02275184691110139	AGT	92	182
protein_coding	expanded_neutral_like_T95	A[G>C]A	9	5	23.0	1.124926678012775e-06	class_specific	raw	combined_db_spectrum_weight_raw_by_functional_class	0.08328165206053731	1.3507497151894482e-05	AGA	81	176
protein_coding	expanded_neutral_like_T95	A[G>C]C	25	10	4190.0	9.431543113902068e-05	class_specific	raw	combined_db_spectrum_weight_raw_by_functional_class	0.08328165206053731	0.0011324875144222996	AGC	176	277
protein_coding	expanded_neutral_like_T95	A[G>C]G	12	0	0.0	0.0	class_specific	raw	combined_db_spectrum_weight_raw_by_functional_class	0.08328165206053731	0.0	AGG	119	188
protein_coding	expanded_neutral_like_T95	A[G>C]T	21	6	82.0	3.5310789203028597e-06	class_specific	raw	combined_db_spectrum_weight_raw_by_functional_class	0.08328165206053731	4.2399242005143266e-05	AGT	92	182
protein_coding	expanded_neutral_like_T95	A[G>T]A	4	0	0.0	0.0	class_specific	raw	combined_db_spectrum_weight_raw_by_functional_class	0.08328165206053731	0.0	AGA	81	176
protein_coding	expanded_neutral_like_T95	A[G>T]C	19	4	86.0	1.9358298515407587e-06	class_specific	raw	combined_db_spectrum_weight_raw_by_functional_class	0.08328165206053731	2.324437380437178e-05	AGC	176	277
protein_coding	expanded_neutral_like_T95	A[G>T]G	13	3	4.0	1.3316632943958315e-07	class_specific	raw	combined_db_spectrum_weight_raw_by_functional_class	0.08328165206053731	1.5989876058508631e-06	AGG	119	188
protein_coding	expanded_neutral_like_T95	A[G>T]T	17	1	1.0	4.30619380524739e-08	class_specific	raw	combined_db_spectrum_weight_raw_by_functional_class	0.08328165206053731	5.170639268919911e-07	AGT	92	182
protein_coding	expanded_neutral_like_T95	A[T>A]A	34	1	2.0	3.194917984538386e-08	class_specific	raw	combined_db_spectrum_weight_raw_by_functional_class	0.08328165206053731	3.8362807479083205e-07	ATA	248	361
protein_coding	expanded_neutral_like_T95	A[T>A]C	30	10	88.0	1.2362746470667684e-06	class_specific	raw	combined_db_spectrum_weight_raw_by_functional_class	0.08328165206053731	1.4844501957863686e-05	ATC	282	350
protein_coding	expanded_neutral_like_T95	A[T>A]G	28	1	78.0	2.5538220451615925e-06	class_specific	raw	combined_db_spectrum_weight_raw_by_functional_class	0.08328165206053731	3.0664882143610976e-05	ATG	121	176
protein_coding	expanded_neutral_like_T95	A[T>A]T	29	5	11.0	1.771491110126162e-07	class_specific	raw	combined_db_spectrum_weight_raw_by_functional_class	0.08328165206053731	2.1271085122548577e-06	ATT	246	342
protein_coding	expanded_neutral_like_T95	A[T>C]A	97	97	94151.0	0.001504023615811368	class_specific	raw	combined_db_spectrum_weight_raw_by_functional_class	0.08328165206053731	0.018059483434815816	ATA	248	361
protein_coding	expanded_neutral_like_T95	A[T>C]C	102	100	23523.0	0.0003304646423062681	class_specific	raw	combined_db_spectrum_weight_raw_by_functional_class	0.08328165206053731	0.003968036585850312	ATC	282	350
protein_coding	expanded_neutral_like_T95	A[T>C]G	47	46	7635.0	0.00024997988865139433	class_specific	raw	combined_db_spectrum_weight_raw_by_functional_class	0.08328165206053731	0.00300162019444192	ATG	121	176
protein_coding	expanded_neutral_like_T95	A[T>C]T	104	104	97145.0	0.0015644682172109637	class_specific	raw	combined_db_spectrum_weight_raw_by_functional_class	0.08328165206053731	0.018785268765727104	ATT	246	342
protein_coding	expanded_neutral_like_T95	A[T>G]A	36	3	105.0	1.6773319418826527e-06	class_specific	raw	combined_db_spectrum_weight_raw_by_functional_class	0.08328165206053731	2.0140473926518686e-05	ATA	248	361
protein_coding	expanded_neutral_like_T95	A[T>G]C	38	21	1625.0	2.2828935244130667e-05	class_specific	raw	combined_db_spectrum_weight_raw_by_functional_class	0.08328165206053731	0.00027411722365373284	ATC	282	350
protein_coding	expanded_neutral_like_T95	A[T>G]G	27	2	9.0	2.9467177444172224e-07	class_specific	raw	combined_db_spectrum_weight_raw_by_functional_class	0.08328165206053731	3.5382556319551124e-06	ATG	121	176
protein_coding	expanded_neutral_like_T95	A[T>G]T	30	9	24.0	3.8650715130025357e-07	class_specific	raw	combined_db_spectrum_weight_raw_by_functional_class	0.08328165206053731	4.6409640267378714e-06	ATT	246	342
protein_coding	expanded_neutral_like_T95	C[A>C]A	105	25	614.0	8.656522265865288e-06	class_specific	raw	combined_db_spectrum_weight_raw_by_functional_class	0.08328165206053731	0.00010394272990133379	CAA	281	424
protein_coding	expanded_neutral_like_T95	C[A>C]C	96	55	460.0	5.936095173878487e-06	class_specific	raw	combined_db_spectrum_weight_raw_by_functional_class	0.08328165206053731	7.127734653442692e-05	CAC	307	422
protein_coding	expanded_neutral_like_T95	C[A>C]G	95	38	1285.0	4.314222302172428e-05	class_specific	raw	combined_db_spectrum_weight_raw_by_functional_class	0.08328165206053731	0.0005180279443828067	CAG	118	200
protein_coding	expanded_neutral_like_T95	C[A>C]T	123	65	694.0	8.784085050397295e-06	class_specific	raw	combined_db_spectrum_weight_raw_by_functional_class	0.08328165206053731	0.00010547443324025509	CAT	313	402
protein_coding	expanded_neutral_like_T95	C[A>G]A	120	112	12439.0	0.00017537211802133275	class_specific	raw	combined_db_spectrum_weight_raw_by_functional_class	0.08328165206053731	0.0021057713635874446	CAA	281	424
protein_coding	expanded_neutral_like_T95	C[A>G]C	147	146	40652.0	0.0005245959587141483	class_specific	raw	combined_db_spectrum_weight_raw_by_functional_class	0.08328165206053731	0.00629905802460331	CAC	307	422
protein_coding	expanded_neutral_like_T95	C[A>G]G	100	97	13993.0	0.00046979698579220836	class_specific	raw	combined_db_spectrum_weight_raw_by_functional_class	0.08328165206053731	0.00564106227684717	CAG	118	200
protein_coding	expanded_neutral_like_T95	C[A>G]T	187	177	18599.0	0.0002354109479140336	class_specific	raw	combined_db_spectrum_weight_raw_by_functional_class	0.08328165206053731	0.0028266844147485657	CAT	313	402
protein_coding	expanded_neutral_like_T95	C[A>T]A	109	46	532.0	7.500439487687838e-06	class_specific	raw	combined_db_spectrum_weight_raw_by_functional_class	0.08328165206053731	9.006112753666053e-05	CAA	281	424
protein_coding	expanded_neutral_like_T95	C[A>T]C	110	68	1375.0	1.7743762748006346e-05	class_specific	raw	combined_db_spectrum_weight_raw_by_functional_class	0.08328165206053731	0.00021305728583660217	CAC	307	422
protein_coding	expanded_neutral_like_T95	C[A>T]G	97	43	9875.0	0.00033154042983620793	class_specific	raw	combined_db_spectrum_weight_raw_by_functional_class	0.08328165206053731	0.003980954047299779	CAG	118	200
protein_coding	expanded_neutral_like_T95	C[A>T]T	111	27	182.0	2.3036073186920864e-06	class_specific	raw	combined_db_spectrum_weight_raw_by_functional_class	0.08328165206053731	2.766044214657987e-05	CAT	313	402
protein_coding	expanded_neutral_like_T95	C[C>A]A	163	73	5254.0	6.938254290849402e-05	class_specific	raw	combined_db_spectrum_weight_raw_by_functional_class	0.08328165206053731	0.0008331071873797599	CCA	300	425
protein_coding	expanded_neutral_like_T95	C[C>A]C	187	78	1657.0	1.632968677729187e-05	class_specific	raw	combined_db_spectrum_weight_raw_by_functional_class	0.08328165206053731	0.00019607784395801663	CCC	402	568
protein_coding	expanded_neutral_like_T95	C[C>A]G	67	40	2214.0	9.63868136047506e-05	class_specific	raw	combined_db_spectrum_weight_raw_by_functional_class	0.08328165206053731	0.0011573595290195152	CCG	91	137
protein_coding	expanded_neutral_like_T95	C[C>A]T	193	104	41618.0	0.0003916341089877506	class_specific	raw	combined_db_spectrum_weight_raw_by_functional_class	0.08328165206053731	0.004702525698014159	CCT	421	528
protein_coding	expanded_neutral_like_T95	C[C>G]A	160	37	285.0	3.763613385786219e-06	class_specific	raw	combined_db_spectrum_weight_raw_by_functional_class	0.08328165206053731	4.519138721036002e-05	CCA	300	425
protein_coding	expanded_neutral_like_T95	C[C>G]C	181	18	49.0	4.828935739814734e-07	class_specific	raw	combined_db_spectrum_weight_raw_by_functional_class	0.08328165206053731	5.798318861763919e-06	CCC	402	568
protein_coding	expanded_neutral_like_T95	C[C>G]G	67	5	8.0	3.4828116930352515e-07	class_specific	raw	combined_db_spectrum_weight_raw_by_functional_class	0.08328165206053731	4.181967584533026e-06	CCG	91	137
protein_coding	expanded_neutral_like_T95	C[C>G]T	159	1	1.0	9.410209740683133e-09	class_specific	raw	combined_db_spectrum_weight_raw_by_functional_class	0.08328165206053731	1.1299259209991254e-07	CCT	421	528
protein_coding	expanded_neutral_like_T95	C[C>T]A	172	172	36962.0	0.0004881076419839657	class_specific	raw	combined_db_spectrum_weight_raw_by_functional_class	0.08328165206053731	0.005860926505506411	CCA	300	425
protein_coding	expanded_neutral_like_T95	C[C>T]C	208	202	181974.0	0.0017933484741164216	class_specific	raw	combined_db_spectrum_weight_raw_by_functional_class	0.08328165206053731	0.021533536256135258	CCC	402	568
protein_coding	expanded_neutral_like_T95	C[C>T]G	67	66	15436.0	0.0006720085161711518	class_specific	raw	combined_db_spectrum_weight_raw_by_functional_class	0.08328165206053731	0.008069106454356476	CCG	91	137
protein_coding	expanded_neutral_like_T95	C[C>T]T	319	310	29043.0	0.0002733007214986602	class_specific	raw	combined_db_spectrum_weight_raw_by_functional_class	0.08328165206053731	0.0032816438523577598	CCT	421	528
protein_coding	expanded_neutral_like_T95	C[G>A]A	21	21	19929.0	0.0009747245115702866	class_specific	raw	combined_db_spectrum_weight_raw_by_functional_class	0.08328165206053731	0.011703952640874137	CGA	81	123
protein_coding	expanded_neutral_like_T95	C[G>A]C	49	49	57236.0	0.0019547565857428316	class_specific	raw	combined_db_spectrum_weight_raw_by_functional_class	0.08328165206053731	0.02347163555691621	CGC	116	148
protein_coding	expanded_neutral_like_T95	C[G>A]G	11	11	4922.0	0.00033619791442540415	class_specific	raw	combined_db_spectrum_weight_raw_by_functional_class	0.08328165206053731	0.004036878545361017	CGG	58	84
protein_coding	expanded_neutral_like_T95	C[G>A]T	24	24	28180.0	0.002146935733025418	class_specific	raw	combined_db_spectrum_weight_raw_by_functional_class	0.08328165206053731	0.02577921642890578	CGT	52	80
protein_coding	expanded_neutral_like_T95	C[G>C]A	11	5	67.0	3.2769603229067792e-06	class_specific	raw	combined_db_spectrum_weight_raw_by_functional_class	0.08328165206053731	3.9347926485953496e-05	CGA	81	123
protein_coding	expanded_neutral_like_T95	C[G>C]C	19	12	144.0	4.9179703044756395e-06	class_specific	raw	combined_db_spectrum_weight_raw_by_functional_class	0.08328165206053731	5.905226640918187e-05	CGC	116	148
protein_coding	expanded_neutral_like_T95	C[G>C]G	6	2	60.0	4.098308587063033e-06	class_specific	raw	combined_db_spectrum_weight_raw_by_functional_class	0.08328165206053731	4.921022200765156e-05	CGG	58	84
protein_coding	expanded_neutral_like_T95	C[G>C]T	10	9	238.0	1.813238837686478e-05	class_specific	raw	combined_db_spectrum_weight_raw_by_functional_class	0.08328165206053731	0.0002177236873697507	CGT	52	80
protein_coding	expanded_neutral_like_T95	C[G>T]A	9	9	49.0	2.3965829227228682e-06	class_specific	raw	combined_db_spectrum_weight_raw_by_functional_class	0.08328165206053731	2.8776841758383896e-05	CGA	81	123
protein_coding	expanded_neutral_like_T95	C[G>T]C	23	15	260.0	8.879668605303239e-06	class_specific	raw	combined_db_spectrum_weight_raw_by_functional_class	0.08328165206053731	0.00010662214768324505	CGC	116	148
protein_coding	expanded_neutral_like_T95	C[G>T]G	6	5	19.0	1.297797719236627e-06	class_specific	raw	combined_db_spectrum_weight_raw_by_functional_class	0.08328165206053731	1.5583236969089662e-05	CGG	58	84
protein_coding	expanded_neutral_like_T95	C[G>T]T	8	3	76.0	5.790174439671106e-06	class_specific	raw	combined_db_spectrum_weight_raw_by_functional_class	0.08328165206053731	6.952521109286157e-05	CGT	52	80
protein_coding	expanded_neutral_like_T95	C[T>A]A	83	33	2633.0	2.581968224276997e-05	class_specific	raw	combined_db_spectrum_weight_raw_by_functional_class	0.08328165206053731	0.0003100284588975454	CTA	404	503
protein_coding	expanded_neutral_like_T95	C[T>A]C	59	29	4815.0	5.833509883328712e-05	class_specific	raw	combined_db_spectrum_weight_raw_by_functional_class	0.08328165206053731	0.0007004555912373523	CTC	327	405
protein_coding	expanded_neutral_like_T95	C[T>A]G	27	14	41.0	1.3099163736607382e-06	class_specific	raw	combined_db_spectrum_weight_raw_by_functional_class	0.08328165206053731	1.5728751066424114e-05	CTG	124	179
protein_coding	expanded_neutral_like_T95	C[T>A]T	43	16	2469.0	4.328067745461656e-05	class_specific	raw	combined_db_spectrum_weight_raw_by_functional_class	0.08328165206053731	0.0005196904286091238	CTT	226	325
protein_coding	expanded_neutral_like_T95	C[T>C]A	101	98	38492.0	0.00037745963117687115	class_specific	raw	combined_db_spectrum_weight_raw_by_functional_class	0.08328165206053731	0.004532326410894159	CTA	404	503
protein_coding	expanded_neutral_like_T95	C[T>C]C	69	66	77163.0	0.0009348517614274006	class_specific	raw	combined_db_spectrum_weight_raw_by_functional_class	0.08328165206053731	0.01122518271789155	CTC	327	405
protein_coding	expanded_neutral_like_T95	C[T>C]G	29	29	4539.0	0.00014501732731819734	class_specific	raw	combined_db_spectrum_weight_raw_by_functional_class	0.08328165206053731	0.0017412878314755867	CTG	124	179
protein_coding	expanded_neutral_like_T95	C[T>C]T	108	108	40212.0	0.0007049018233313247	class_specific	raw	combined_db_spectrum_weight_raw_by_functional_class	0.08328165206053731	0.008464071087578002	CTT	226	325
protein_coding	expanded_neutral_like_T95	C[T>G]A	76	28	836.0	8.197969751217506e-06	class_specific	raw	combined_db_spectrum_weight_raw_by_functional_class	0.08328165206053731	9.843668501266538e-05	CTA	404	503
protein_coding	expanded_neutral_like_T95	C[T>G]C	60	30	155.0	1.877869225162929e-06	class_specific	raw	combined_db_spectrum_weight_raw_by_functional_class	0.08328165206053731	2.2548414671192025e-05	CTC	327	405
protein_coding	expanded_neutral_like_T95	C[T>G]G	27	15	79.0	2.523985207785325e-06	class_specific	raw	combined_db_spectrum_weight_raw_by_functional_class	0.08328165206053731	3.0306617908475733e-05	CTG	124	179
protein_coding	expanded_neutral_like_T95	C[T>G]T	42	9	44.0	7.713040939664352e-07	class_specific	raw	combined_db_spectrum_weight_raw_by_functional_class	0.08328165206053731	9.26139281441938e-06	CTT	226	325
protein_coding	expanded_neutral_like_T95	G[A>C]A	48	2	35.0	1.1459457894955864e-06	class_specific	raw	combined_db_spectrum_weight_raw_by_functional_class	0.08328165206053731	1.3759883013158769e-05	GAA	121	201
protein_coding	expanded_neutral_like_T95	G[A>C]C	43	11	32.0	1.1421112218602087e-06	class_specific	raw	combined_db_spectrum_weight_raw_by_functional_class	0.08328165206053731	1.3713839646576773e-05	GAC	111	160
protein_coding	expanded_neutral_like_T95	G[A>C]G	54	6	71.0	3.43025096778975e-06	class_specific	raw	combined_db_spectrum_weight_raw_by_functional_class	0.08328165206053731	4.11885557372986e-05	GAG	82	143
protein_coding	expanded_neutral_like_T95	G[A>C]T	45	11	103.0	5.369143749805824e-06	class_specific	raw	combined_db_spectrum_weight_raw_by_functional_class	0.08328165206053731	6.446970751616456e-05	GAT	76	135
protein_coding	expanded_neutral_like_T95	G[A>G]A	53	53	11392.0	0.0003729889838266777	class_specific	raw	combined_db_spectrum_weight_raw_by_functional_class	0.08328165206053731	0.004478645351025849	GAA	121	201
protein_coding	expanded_neutral_like_T95	G[A>G]C	59	58	27453.0	0.0009798243554290096	class_specific	raw	combined_db_spectrum_weight_raw_by_functional_class	0.08328165206053731	0.011765188744296003	GAC	111	160
protein_coding	expanded_neutral_like_T95	G[A>G]G	58	57	19197.0	0.0009274722229388709	class_specific	raw	combined_db_spectrum_weight_raw_by_functional_class	0.08328165206053731	0.011136573302660864	GAG	82	143
protein_coding	expanded_neutral_like_T95	G[A>G]T	52	52	16432.0	0.000856560874726304	class_specific	raw	combined_db_spectrum_weight_raw_by_functional_class	0.08328165206053731	0.010285109067044818	GAT	76	135
protein_coding	expanded_neutral_like_T95	G[A>T]A	48	11	51.0	1.669806721836426e-06	class_specific	raw	combined_db_spectrum_weight_raw_by_functional_class	0.08328165206053731	2.005011524774564e-05	GAA	121	201
protein_coding	expanded_neutral_like_T95	G[A>T]C	46	19	779.0	2.7803270057159453e-05	class_specific	raw	combined_db_spectrum_weight_raw_by_functional_class	0.08328165206053731	0.00033384628389635326	GAC	111	160
protein_coding	expanded_neutral_like_T95	G[A>T]G	55	9	20.0	9.662678782506338e-07	class_specific	raw	combined_db_spectrum_weight_raw_by_functional_class	0.08328165206053731	1.1602410066844677e-05	GAG	82	143
protein_coding	expanded_neutral_like_T95	G[A>T]T	42	7	2211.0	0.00011525414398855027	class_specific	raw	combined_db_spectrum_weight_raw_by_functional_class	0.08328165206053731	0.0013839079933809695	GAT	76	135
protein_coding	expanded_neutral_like_T95	G[C>A]A	38	10	100.0	2.978720526938044e-06	class_specific	raw	combined_db_spectrum_weight_raw_by_functional_class	0.08328165206053731	3.576682802561141e-05	GCA	133	202
protein_coding	expanded_neutral_like_T95	G[C>A]C	46	13	62.0	1.204045562016231e-06	class_specific	raw	combined_db_spectrum_weight_raw_by_functional_class	0.08328165206053731	1.4457512936234888e-05	GCC	204	264
protein_coding	expanded_neutral_like_T95	G[C>A]G	24	13	130.0	1.3919480516421293e-05	class_specific	raw	combined_db_spectrum_weight_raw_by_functional_class	0.08328165206053731	0.00016713742069265441	GCG	37	61
protein_coding	expanded_neutral_like_T95	G[C>A]T	47	22	2963.0	0.00010032916295172799	class_specific	raw	combined_db_spectrum_weight_raw_by_functional_class	0.08328165206053731	0.0012046970787611042	GCT	117	184
protein_coding	expanded_neutral_like_T95	G[C>G]A	38	4	24.0	7.148929264651307e-07	class_specific	raw	combined_db_spectrum_weight_raw_by_functional_class	0.08328165206053731	8.58403872614674e-06	GCA	133	202
protein_coding	expanded_neutral_like_T95	G[C>G]C	46	9	74.0	1.4370866385355016e-06	class_specific	raw	combined_db_spectrum_weight_raw_by_functional_class	0.08328165206053731	1.72557412464739e-05	GCC	204	264
protein_coding	expanded_neutral_like_T95	G[C>G]G	26	7	36.0	3.854625373778204e-06	class_specific	raw	combined_db_spectrum_weight_raw_by_functional_class	0.08328165206053731	4.62842088071966e-05	GCG	37	61
protein_coding	expanded_neutral_like_T95	G[C>G]T	46	2	28.0	9.480987386595964e-07	class_specific	raw	combined_db_spectrum_weight_raw_by_functional_class	0.08328165206053731	1.1384245091228796e-05	GCT	117	184
protein_coding	expanded_neutral_like_T95	G[C>T]A	60	60	6022.0	0.00017937855013220902	class_specific	raw	combined_db_spectrum_weight_raw_by_functional_class	0.08328165206053731	0.002153878383702319	GCA	133	202
protein_coding	expanded_neutral_like_T95	G[C>T]C	88	87	12146.0	0.00023587640961692164	class_specific	raw	combined_db_spectrum_weight_raw_by_functional_class	0.08328165206053731	0.0028322734213469185	GCC	204	264
protein_coding	expanded_neutral_like_T95	G[C>T]G	27	27	4457.0	0.00047722403585915153	class_specific	raw	combined_db_spectrum_weight_raw_by_functional_class	0.08328165206053731	0.005730242184824313	GCG	37	61
protein_coding	expanded_neutral_like_T95	G[C>T]T	73	71	10594.0	0.00035871992990570584	class_specific	raw	combined_db_spectrum_weight_raw_by_functional_class	0.08328165206053731	0.00430731044630278	GCT	117	184
protein_coding	expanded_neutral_like_T95	G[G>A]A	5	5	3375.0	0.00016713414706616433	class_specific	raw	combined_db_spectrum_weight_raw_by_functional_class	0.08328165206053731	0.0020068543662495404	GGA	80	131
protein_coding	expanded_neutral_like_T95	G[G>A]C	25	25	231436.0	0.007770166169070645	class_specific	raw	combined_db_spectrum_weight_raw_by_functional_class	0.08328165206053731	0.09329985629274648	GGC	118	158
protein_coding	expanded_neutral_like_T95	G[G>A]G	23	23	23468.0	0.001273604598956467	class_specific	raw	combined_db_spectrum_weight_raw_by_functional_class	0.08328165206053731	0.01529273936629746	GGG	73	128
protein_coding	expanded_neutral_like_T95	G[G>A]T	29	28	39849.0	0.002675757891350491	class_specific	raw	combined_db_spectrum_weight_raw_by_functional_class	0.08328165206053731	0.032129020320171925	GGT	59	122
protein_coding	expanded_neutral_like_T95	G[G>C]A	5	4	22.0	1.0894670327275896e-06	class_specific	raw	combined_db_spectrum_weight_raw_by_functional_class	0.08328165206053731	1.3081717350367373e-05	GGA	80	131
protein_coding	expanded_neutral_like_T95	G[G>C]C	15	11	5425.0	0.00018213740069482817	class_specific	raw	combined_db_spectrum_weight_raw_by_functional_class	0.08328165206053731	0.002187005134845701	GGC	118	158
protein_coding	expanded_neutral_like_T95	G[G>C]G	18	3	9.0	4.884285576362793e-07	class_specific	raw	combined_db_spectrum_weight_raw_by_functional_class	0.08328165206053731	5.8647798831036795e-06	GGG	73	128
protein_coding	expanded_neutral_like_T95	G[G>C]T	23	10	81.0	5.4389417350345e-06	class_specific	raw	combined_db_spectrum_weight_raw_by_functional_class	0.08328165206053731	6.530780310506978e-05	GGT	59	122
protein_coding	expanded_neutral_like_T95	G[G>T]A	4	4	13.0	6.437759738844848e-07	class_specific	raw	combined_db_spectrum_weight_raw_by_functional_class	0.08328165206053731	7.730105707035267e-06	GGA	80	131
protein_coding	expanded_neutral_like_T95	G[G>T]C	11	3	6.0	2.0144228648275927e-07	class_specific	raw	combined_db_spectrum_weight_raw_by_functional_class	0.08328165206053731	2.4188075224099923e-06	GGC	118	158
protein_coding	expanded_neutral_like_T95	G[G>T]G	18	7	30.0	1.628095192120931e-06	class_specific	raw	combined_db_spectrum_weight_raw_by_functional_class	0.08328165206053731	1.9549266277012266e-05	GGG	73	128
protein_coding	expanded_neutral_like_T95	G[G>T]T	21	4	37.0	2.4844548666206973e-06	class_specific	raw	combined_db_spectrum_weight_raw_by_functional_class	0.08328165206053731	2.9831959443056568e-05	GGT	59	122
protein_coding	expanded_neutral_like_T95	G[T>A]A	7	3	9.0	4.0517368985736803e-07	class_specific	raw	combined_db_spectrum_weight_raw_by_functional_class	0.08328165206053731	4.865101493938279e-06	GTA	88	167
protein_coding	expanded_neutral_like_T95	G[T>A]C	12	8	209.0	1.1828499212470974e-05	class_specific	raw	combined_db_spectrum_weight_raw_by_functional_class	0.08328165206053731	0.00014203007408970293	GTC	70	115
protein_coding	expanded_neutral_like_T95	G[T>A]G	14	5	65.0	5.852508853495316e-06	class_specific	raw	combined_db_spectrum_weight_raw_by_functional_class	0.08328165206053731	7.027368824577515e-05	GTG	44	87
protein_coding	expanded_neutral_like_T95	G[T>A]T	20	5	30.0	1.7478080738945288e-06	class_specific	raw	combined_db_spectrum_weight_raw_by_functional_class	0.08328165206053731	2.0986712326792578e-05	GTT	68	137
protein_coding	expanded_neutral_like_T95	G[T>C]A	25	25	14093.0	0.0006344569790177653	class_specific	raw	combined_db_spectrum_weight_raw_by_functional_class	0.08328165206053731	0.007618208372674686	GTA	88	167
protein_coding	expanded_neutral_like_T95	G[T>C]C	25	25	12571.0	0.0007114644191386249	class_specific	raw	combined_db_spectrum_weight_raw_by_functional_class	0.08328165206053731	0.00854287110708926	GTC	70	115
protein_coding	expanded_neutral_like_T95	G[T>C]G	21	20	8652.0	0.0007790139476990996	class_specific	raw	combined_db_spectrum_weight_raw_by_functional_class	0.08328165206053731	0.009353968472345332	GTG	44	87
protein_coding	expanded_neutral_like_T95	G[T>C]T	32	32	13815.0	0.0008048656180284305	class_specific	raw	combined_db_spectrum_weight_raw_by_functional_class	0.08328165206053731	0.009664381026487982	GTT	68	137
protein_coding	expanded_neutral_like_T95	G[T>G]A	6	2	3.0	1.3505789661912268e-07	class_specific	raw	combined_db_spectrum_weight_raw_by_functional_class	0.08328165206053731	1.6217004979794264e-06	GTA	88	167
protein_coding	expanded_neutral_like_T95	G[T>G]C	12	7	137.0	7.753609531619729e-06	class_specific	raw	combined_db_spectrum_weight_raw_by_functional_class	0.08328165206053731	9.31010533506665e-05	GTC	70	115
protein_coding	expanded_neutral_like_T95	G[T>G]G	13	6	57.0	5.132200071526662e-06	class_specific	raw	combined_db_spectrum_weight_raw_by_functional_class	0.08328165206053731	6.162461892321821e-05	GTG	44	87
protein_coding	expanded_neutral_like_T95	G[T>G]T	20	9	19.0	1.106945113466535e-06	class_specific	raw	combined_db_spectrum_weight_raw_by_functional_class	0.08328165206053731	1.3291584473635299e-05	GTT	68	137
protein_coding	expanded_neutral_like_T95	T[A>C]A	190	8	24.0	3.9949898831874944e-07	class_specific	raw	combined_db_spectrum_weight_raw_by_functional_class	0.08328165206053731	4.796962817552589e-06	TAA	238	402
protein_coding	expanded_neutral_like_T95	T[A>C]C	131	28	973.0	1.4017208897110013e-05	class_specific	raw	combined_db_spectrum_weight_raw_by_functional_class	0.08328165206053731	0.00016831088901695808	TAC	275	364
protein_coding	expanded_neutral_like_T95	T[A>C]G	166	31	122.0	2.6411322005517326e-06	class_specific	raw	combined_db_spectrum_weight_raw_by_functional_class	0.08328165206053731	3.171325418270879e-05	TAG	183	278
protein_coding	expanded_neutral_like_T95	T[A>C]T	111	22	69.0	1.0804631729529814e-06	class_specific	raw	combined_db_spectrum_weight_raw_by_functional_class	0.08328165206053731	1.2973603983835411e-05	TAT	253	330
protein_coding	expanded_neutral_like_T95	T[A>G]A	206	197	109946.0	0.0018301381570705513	class_specific	raw	combined_db_spectrum_weight_raw_by_functional_class	0.08328165206053731	0.021975286414109875	TAA	238	402
protein_coding	expanded_neutral_like_T95	T[A>G]C	165	162	69877.0	0.0010066603351524732	class_specific	raw	combined_db_spectrum_weight_raw_by_functional_class	0.08328165206053731	0.012087420341046227	TAC	275	364
protein_coding	expanded_neutral_like_T95	T[A>G]G	172	169	309345.0	0.0066968937752432435	class_specific	raw	combined_db_spectrum_weight_raw_by_functional_class	0.08328165206053731	0.08041259520614795	TAG	183	278
protein_coding	expanded_neutral_like_T95	T[A>G]T	162	161	51339.0	0.0008039115773367119	class_specific	raw	combined_db_spectrum_weight_raw_by_functional_class	0.08328165206053731	0.009652925433711976	TAT	253	330
protein_coding	expanded_neutral_like_T95	T[A>T]A	188	47	337.0	5.609631627642441e-06	class_specific	raw	combined_db_spectrum_weight_raw_by_functional_class	0.08328165206053731	6.735735289646761e-05	TAA	238	402
protein_coding	expanded_neutral_like_T95	T[A>T]C	134	54	1058.0	1.5241733826456727e-05	class_specific	raw	combined_db_spectrum_weight_raw_by_functional_class	0.08328165206053731	0.0001830143068653049	TAC	275	364
protein_coding	expanded_neutral_like_T95	T[A>T]G	169	35	269.0	5.823480015970623e-06	class_specific	raw	combined_db_spectrum_weight_raw_by_functional_class	0.08328165206053731	6.99251260258087e-05	TAG	183	278
protein_coding	expanded_neutral_like_T95	T[A>T]T	112	17	135.0	2.113949686212355e-06	class_specific	raw	combined_db_spectrum_weight_raw_by_functional_class	0.08328165206053731	2.53831382292432e-05	TAT	253	330
protein_coding	expanded_neutral_like_T95	T[C>A]A	183	79	1033.0	1.3919844710050713e-05	class_specific	raw	combined_db_spectrum_weight_raw_by_functional_class	0.08328165206053731	0.000167141793728256	TCA	294	394
protein_coding	expanded_neutral_like_T95	T[C>A]C	167	95	4377.0	6.105758261521971e-05	class_specific	raw	combined_db_spectrum_weight_raw_by_functional_class	0.08328165206053731	0.000733145670199206	TCC	284	353
protein_coding	expanded_neutral_like_T95	T[C>A]G	69	26	6233.0	0.00025722151571935857	class_specific	raw	combined_db_spectrum_weight_raw_by_functional_class	0.08328165206053731	0.003088573645637873	TCG	96	120
protein_coding	expanded_neutral_like_T95	T[C>A]T	155	91	4878.0	7.95274251499466e-05	class_specific	raw	combined_db_spectrum_weight_raw_by_functional_class	0.08328165206053731	0.0009549213203904534	TCT	243	309
protein_coding	expanded_neutral_like_T95	T[C>G]A	183	22	766.0	1.0321975845013403e-05	class_specific	raw	combined_db_spectrum_weight_raw_by_functional_class	0.08328165206053731	0.0001239405750201782	TCA	294	394
protein_coding	expanded_neutral_like_T95	T[C>G]C	168	22	105.0	1.4647123999538657e-06	class_specific	raw	combined_db_spectrum_weight_raw_by_functional_class	0.08328165206053731	1.75874561048473e-05	TCC	284	353
protein_coding	expanded_neutral_like_T95	T[C>G]G	71	3	45.0	1.857046078512937e-06	class_specific	raw	combined_db_spectrum_weight_raw_by_functional_class	0.08328165206053731	2.2298381847217114e-05	TCG	96	120
protein_coding	expanded_neutral_like_T95	T[C>G]T	153	6	19.0	3.097624185832279e-07	class_specific	raw	combined_db_spectrum_weight_raw_by_functional_class	0.08328165206053731	3.7194557374781907e-06	TCT	243	309
protein_coding	expanded_neutral_like_T95	T[C>T]A	195	194	48715.0	0.0006564426283157023	class_specific	raw	combined_db_spectrum_weight_raw_by_functional_class	0.08328165206053731	0.007882199885258461	TCA	294	394
protein_coding	expanded_neutral_like_T95	T[C>T]C	181	177	12770.0	0.00017813692711819872	class_specific	raw	combined_db_spectrum_weight_raw_by_functional_class	0.08328165206053731	0.002138969661513334	TCC	284	353
protein_coding	expanded_neutral_like_T95	T[C>T]G	74	73	12136.0	0.0005008246935296223	class_specific	raw	combined_db_spectrum_weight_raw_by_functional_class	0.08328165206053731	0.006013625824396154	TCG	96	120
protein_coding	expanded_neutral_like_T95	T[C>T]T	191	186	14579.0	0.00023768559476446734	class_specific	raw	combined_db_spectrum_weight_raw_by_functional_class	0.08328165206053731	0.0028539971156155025	TCT	243	309
protein_coding	expanded_neutral_like_T95	T[G>A]A	31	28	96840.0	0.0026098698194023445	class_specific	raw	combined_db_spectrum_weight_raw_by_functional_class	0.08328165206053731	0.031337872806668554	TGA	147	211
protein_coding	expanded_neutral_like_T95	T[G>A]C	47	45	93782.0	0.004530926707905047	class_specific	raw	combined_db_spectrum_weight_raw_by_functional_class	0.08328165206053731	0.05440486104444138	TGC	82	128
protein_coding	expanded_neutral_like_T95	T[G>A]G	38	37	20620.0	0.0010211277370383136	class_specific	raw	combined_db_spectrum_weight_raw_by_functional_class	0.08328165206053731	0.012261136898389783	TGG	80	139
protein_coding	expanded_neutral_like_T95	T[G>A]T	42	41	25792.0	0.0015026488613962563	class_specific	raw	combined_db_spectrum_weight_raw_by_functional_class	0.08328165206053731	0.01804297614442114	TGT	68	123
protein_coding	expanded_neutral_like_T95	T[G>C]A	30	14	216.0	5.821270972644635e-06	class_specific	raw	combined_db_spectrum_weight_raw_by_functional_class	0.08328165206053731	6.98986010557663e-05	TGA	147	211
protein_coding	expanded_neutral_like_T95	T[G>C]C	38	19	184.0	8.88966447990583e-06	class_specific	raw	combined_db_spectrum_weight_raw_by_functional_class	0.08328165206053731	0.00010674217261497103	TGC	82	128
protein_coding	expanded_neutral_like_T95	T[G>C]G	33	7	45.0	2.2284552942155243e-06	class_specific	raw	combined_db_spectrum_weight_raw_by_functional_class	0.08328165206053731	2.6758058216660537e-05	TGG	80	139
protein_coding	expanded_neutral_like_T95	T[G>C]T	32	19	123.0	7.166013102967568e-06	class_specific	raw	combined_db_spectrum_weight_raw_by_functional_class	0.08328165206053731	8.604552053984957e-05	TGT	68	123
protein_coding	expanded_neutral_like_T95	T[G>T]A	30	12	1682.0	4.5330452666612386e-05	class_specific	raw	combined_db_spectrum_weight_raw_by_functional_class	0.08328165206053731	0.0005443029952583283	TGA	147	211
protein_coding	expanded_neutral_like_T95	T[G>T]C	37	2	4.0	1.9325357565012676e-07	class_specific	raw	combined_db_spectrum_weight_raw_by_functional_class	0.08328165206053731	2.3204820133689353e-06	TGC	82	128
protein_coding	expanded_neutral_like_T95	T[G>T]G	32	9	20.0	9.904245752068996e-07	class_specific	raw	combined_db_spectrum_weight_raw_by_functional_class	0.08328165206053731	1.1892470318515794e-05	TGG	80	139
protein_coding	expanded_neutral_like_T95	T[G>T]T	25	5	13.0	7.573834986876292e-07	class_specific	raw	combined_db_spectrum_weight_raw_by_functional_class	0.08328165206053731	9.094242008276784e-06	TGT	68	123
protein_coding	expanded_neutral_like_T95	T[T>A]A	109	18	97.0	1.8212546691008393e-06	class_specific	raw	combined_db_spectrum_weight_raw_by_functional_class	0.08328165206053731	2.186861840561198e-05	TTA	211	341
protein_coding	expanded_neutral_like_T95	T[T>A]C	85	21	303.0	5.043674727524212e-06	class_specific	raw	combined_db_spectrum_weight_raw_by_functional_class	0.08328165206053731	6.056165557160144e-05	TTC	238	308
protein_coding	expanded_neutral_like_T95	T[T>A]G	57	11	127.0	5.590396491167834e-06	class_specific	raw	combined_db_spectrum_weight_raw_by_functional_class	0.08328165206053731	6.712638802006693e-05	TTG	90	157
protein_coding	expanded_neutral_like_T95	T[T>A]T	55	13	49.0	1.0905798693289458e-06	class_specific	raw	combined_db_spectrum_weight_raw_by_functional_class	0.08328165206053731	1.3095079676567955e-05	TTT	178	285
protein_coding	expanded_neutral_like_T95	T[T>C]A	131	130	69901.0	0.0013124486868537914	class_specific	raw	combined_db_spectrum_weight_raw_by_functional_class	0.08328165206053731	0.015759157682171992	TTA	211	341
protein_coding	expanded_neutral_like_T95	T[T>C]C	97	94	50105.0	0.0008340373670712892	class_specific	raw	combined_db_spectrum_weight_raw_by_functional_class	0.08328165206053731	0.010014659248894687	TTC	238	308
protein_coding	expanded_neutral_like_T95	T[T>C]G	61	61	6859.0	0.00030192542939307224	class_specific	raw	combined_db_spectrum_weight_raw_by_functional_class	0.08328165206053731	0.003625353507319993	TTG	90	157
protein_coding	expanded_neutral_like_T95	T[T>C]T	75	74	22058.0	0.0004909389950542426	class_specific	raw	combined_db_spectrum_weight_raw_by_functional_class	0.08328165206053731	0.005894923826647672	TTT	178	285
protein_coding	expanded_neutral_like_T95	T[T>G]A	110	5	8.0	1.502065706474919e-07	class_specific	raw	combined_db_spectrum_weight_raw_by_functional_class	0.08328165206053731	1.803597394277277e-06	TTA	211	341
protein_coding	expanded_neutral_like_T95	T[T>G]C	82	9	60.0	9.987474707968737e-07	class_specific	raw	combined_db_spectrum_weight_raw_by_functional_class	0.08328165206053731	1.1992407043881473e-05	TTC	238	308
protein_coding	expanded_neutral_like_T95	T[T>G]G	57	5	6.0	2.641132200551732e-07	class_specific	raw	combined_db_spectrum_weight_raw_by_functional_class	0.08328165206053731	3.1713254182708783e-06	TTG	90	157
protein_coding	expanded_neutral_like_T95	T[T>G]T	54	4	49.0	1.0905798693289458e-06	class_specific	raw	combined_db_spectrum_weight_raw_by_functional_class	0.08328165206053731	1.3095079676567955e-05	TTT	178	285
protein_coding	unlabeled_out_of_neutral_domain_T95	A[A>C]A	193	0	0.0	0.0	class_specific	raw	combined_db_spectrum_weight_raw_by_functional_class	0.08328165206053731	0.0	AAA	269	490
protein_coding	unlabeled_out_of_neutral_domain_T95	A[A>C]C	234	17	36.0	4.6456397012962074e-07	class_specific	raw	combined_db_spectrum_weight_raw_by_functional_class	0.08328165206053731	5.5782271200855846e-06	AAC	307	462
protein_coding	unlabeled_out_of_neutral_domain_T95	A[A>C]G	41	1	1.0	4.6608215303854106e-08	class_specific	raw	combined_db_spectrum_weight_raw_by_functional_class	0.08328165206053731	5.596456620478021e-07	AAG	85	202
protein_coding	unlabeled_out_of_neutral_domain_T95	A[A>C]T	193	10	12.0	1.8643286121541642e-07	class_specific	raw	combined_db_spectrum_weight_raw_by_functional_class	0.08328165206053731	2.2385826481912086e-06	AAT	255	364
protein_coding	unlabeled_out_of_neutral_domain_T95	A[A>G]A	165	10	20.0	2.9455005954108544e-07	class_specific	raw	combined_db_spectrum_weight_raw_by_functional_class	0.08328165206053731	3.536794146770497e-06	AAA	269	490
protein_coding	unlabeled_out_of_neutral_domain_T95	A[A>G]C	120	64	250263.0	0.003229532579348591	class_specific	raw	combined_db_spectrum_weight_raw_by_functional_class	0.08328165206053731	0.03877844038205496	AAC	307	462
protein_coding	unlabeled_out_of_neutral_domain_T95	A[A>G]G	27	8	22.0	1.0253807366847903e-06	class_specific	raw	combined_db_spectrum_weight_raw_by_functional_class	0.08328165206053731	1.2312204565051647e-05	AAG	85	202
protein_coding	unlabeled_out_of_neutral_domain_T95	A[A>G]T	99	47	1230.0	1.9109368274580183e-05	class_specific	raw	combined_db_spectrum_weight_raw_by_functional_class	0.08328165206053731	0.00022945472143959887	AAT	255	364
protein_coding	unlabeled_out_of_neutral_domain_T95	A[A>T]A	191	9	15.0	2.2091254465581407e-07	class_specific	raw	combined_db_spectrum_weight_raw_by_functional_class	0.08328165206053731	2.6525956100778726e-06	AAA	269	490
protein_coding	unlabeled_out_of_neutral_domain_T95	A[A>T]C	225	15	24.0	3.0970931341974716e-07	class_specific	raw	combined_db_spectrum_weight_raw_by_functional_class	0.08328165206053731	3.7188180800570564e-06	AAC	307	462
protein_coding	unlabeled_out_of_neutral_domain_T95	A[A>T]G	38	1	1.0	4.6608215303854106e-08	class_specific	raw	combined_db_spectrum_weight_raw_by_functional_class	0.08328165206053731	5.596456620478021e-07	AAG	85	202
protein_coding	unlabeled_out_of_neutral_domain_T95	A[A>T]T	183	11	21.0	3.2625750712697873e-07	class_specific	raw	combined_db_spectrum_weight_raw_by_functional_class	0.08328165206053731	3.9175196343346145e-06	AAT	255	364
protein_coding	unlabeled_out_of_neutral_domain_T95	A[C>A]A	180	0	0.0	0.0	class_specific	raw	combined_db_spectrum_weight_raw_by_functional_class	0.08328165206053731	0.0	ACA	291	425
protein_coding	unlabeled_out_of_neutral_domain_T95	A[C>A]C	216	11	13.0	1.5895703058876168e-07	class_specific	raw	combined_db_spectrum_weight_raw_by_functional_class	0.08328165206053731	1.9086680758111767e-06	ACC	324	473
protein_coding	unlabeled_out_of_neutral_domain_T95	A[C>A]G	35	2	2.0	9.546260965849635e-08	class_specific	raw	combined_db_spectrum_weight_raw_by_functional_class	0.08328165206053731	1.1462621993750164e-06	ACG	83	117
protein_coding	unlabeled_out_of_neutral_domain_T95	A[C>A]T	177	5	6.0	7.923396601655198e-08	class_specific	raw	combined_db_spectrum_weight_raw_by_functional_class	0.08328165206053731	9.513976254812636e-07	ACT	300	391
protein_coding	unlabeled_out_of_neutral_domain_T95	A[C>G]A	183	1	1.0	1.3614083507998622e-08	class_specific	raw	combined_db_spectrum_weight_raw_by_functional_class	0.08328165206053731	1.6347038238509684e-07	ACA	291	425
protein_coding	unlabeled_out_of_neutral_domain_T95	A[C>G]C	212	18	33.0	4.0350630841762583e-07	class_specific	raw	combined_db_spectrum_weight_raw_by_functional_class	0.08328165206053731	4.845080500136064e-06	ACC	324	473
protein_coding	unlabeled_out_of_neutral_domain_T95	A[C>G]G	34	0	0.0	0.0	class_specific	raw	combined_db_spectrum_weight_raw_by_functional_class	0.08328165206053731	0.0	ACG	83	117
protein_coding	unlabeled_out_of_neutral_domain_T95	A[C>G]T	190	5	7.0	9.243962701931064e-08	class_specific	raw	combined_db_spectrum_weight_raw_by_functional_class	0.08328165206053731	1.1099638963948074e-06	ACT	300	391
protein_coding	unlabeled_out_of_neutral_domain_T95	A[C>T]A	139	25	64.0	8.713013445119118e-07	class_specific	raw	combined_db_spectrum_weight_raw_by_functional_class	0.08328165206053731	1.0462104472646198e-05	ACA	291	425
protein_coding	unlabeled_out_of_neutral_domain_T95	A[C>T]C	143	34	77.0	9.415147196411269e-07	class_specific	raw	combined_db_spectrum_weight_raw_by_functional_class	0.08328165206053731	1.1305187833650817e-05	ACC	324	473
protein_coding	unlabeled_out_of_neutral_domain_T95	A[C>T]G	27	3	7.0	3.3411913380473727e-07	class_specific	raw	combined_db_spectrum_weight_raw_by_functional_class	0.08328165206053731	4.011917697812558e-06	ACG	83	117
protein_coding	unlabeled_out_of_neutral_domain_T95	A[C>T]T	80	18	154413.0	0.0020391257324189733	class_specific	raw	combined_db_spectrum_weight_raw_by_functional_class	0.08328165206053731	0.024484693590573058	ACT	300	391
protein_coding	unlabeled_out_of_neutral_domain_T95	A[G>A]A	57	11	22.0	1.0760168224470021e-06	class_specific	raw	combined_db_spectrum_weight_raw_by_functional_class	0.08328165206053731	1.2920214667029505e-05	AGA	81	176
protein_coding	unlabeled_out_of_neutral_domain_T95	A[G>A]C	100	55	307.0	6.9104623770117775e-06	class_specific	raw	combined_db_spectrum_weight_raw_by_functional_class	0.08328165206053731	8.297700881328066e-05	AGC	176	277
protein_coding	unlabeled_out_of_neutral_domain_T95	A[G>A]G	91	28	71.0	2.363702347552601e-06	class_specific	raw	combined_db_spectrum_weight_raw_by_functional_class	0.08328165206053731	2.838203000385282e-05	AGG	119	188
protein_coding	unlabeled_out_of_neutral_domain_T95	A[G>A]T	32	20	82.0	3.5310789203028597e-06	class_specific	raw	combined_db_spectrum_weight_raw_by_functional_class	0.08328165206053731	4.2399242005143266e-05	AGT	92	182
protein_coding	unlabeled_out_of_neutral_domain_T95	A[G>C]A	72	2	3.0	1.4672956669731848e-07	class_specific	raw	combined_db_spectrum_weight_raw_by_functional_class	0.08328165206053731	1.7618474545949324e-06	AGA	81	176
protein_coding	unlabeled_out_of_neutral_domain_T95	A[G>C]C	151	14	36.0	8.103473797147361e-07	class_specific	raw	combined_db_spectrum_weight_raw_by_functional_class	0.08328165206053731	9.730202987876558e-06	AGC	176	277
protein_coding	unlabeled_out_of_neutral_domain_T95	A[G>C]G	107	2	3.0	9.987474707968736e-08	class_specific	raw	combined_db_spectrum_weight_raw_by_functional_class	0.08328165206053731	1.1992407043881473e-06	AGG	119	188
protein_coding	unlabeled_out_of_neutral_domain_T95	A[G>C]T	71	12	18.0	7.751148849445302e-07	class_specific	raw	combined_db_spectrum_weight_raw_by_functional_class	0.08328165206053731	9.30715068405584e-06	AGT	92	182
protein_coding	unlabeled_out_of_neutral_domain_T95	A[G>T]A	77	3	4.0	1.956394222630913e-07	class_specific	raw	combined_db_spectrum_weight_raw_by_functional_class	0.08328165206053731	2.34912993945991e-06	AGA	81	176
protein_coding	unlabeled_out_of_neutral_domain_T95	A[G>T]C	157	17	28.0	6.302701842225725e-07	class_specific	raw	combined_db_spectrum_weight_raw_by_functional_class	0.08328165206053731	7.5679356572373234e-06	AGC	176	277
protein_coding	unlabeled_out_of_neutral_domain_T95	A[G>T]G	106	2	2.0	6.658316471979157e-08	class_specific	raw	combined_db_spectrum_weight_raw_by_functional_class	0.08328165206053731	7.994938029254316e-07	AGG	119	188
protein_coding	unlabeled_out_of_neutral_domain_T95	A[G>T]T	75	2	2.0	8.61238761049478e-08	class_specific	raw	combined_db_spectrum_weight_raw_by_functional_class	0.08328165206053731	1.0341278537839823e-06	AGT	92	182
protein_coding	unlabeled_out_of_neutral_domain_T95	A[T>A]A	214	5	6.0	9.584753953615157e-08	class_specific	raw	combined_db_spectrum_weight_raw_by_functional_class	0.08328165206053731	1.150884224372496e-06	ATA	248	361
protein_coding	unlabeled_out_of_neutral_domain_T95	A[T>A]C	252	10	11.0	1.5453433088334605e-07	class_specific	raw	combined_db_spectrum_weight_raw_by_functional_class	0.08328165206053731	1.8555627447329607e-06	ATC	282	350
protein_coding	unlabeled_out_of_neutral_domain_T95	A[T>A]G	93	1	1.0	3.274130827130247e-08	class_specific	raw	combined_db_spectrum_weight_raw_by_functional_class	0.08328165206053731	3.931395146616792e-07	ATG	121	176
protein_coding	unlabeled_out_of_neutral_domain_T95	A[T>A]T	217	8	11.0	1.771491110126162e-07	class_specific	raw	combined_db_spectrum_weight_raw_by_functional_class	0.08328165206053731	2.1271085122548577e-06	ATT	246	342
protein_coding	unlabeled_out_of_neutral_domain_T95	A[T>C]A	147	73	272.0	4.345088458972205e-06	class_specific	raw	combined_db_spectrum_weight_raw_by_functional_class	0.08328165206053731	5.217341817155317e-05	ATA	248	361
protein_coding	unlabeled_out_of_neutral_domain_T95	A[T>C]C	177	95	310.0	4.355058415803389e-06	class_specific	raw	combined_db_spectrum_weight_raw_by_functional_class	0.08328165206053731	5.229313189701981e-05	ATC	282	350
protein_coding	unlabeled_out_of_neutral_domain_T95	A[T>C]G	73	12	35.0	1.1459457894955864e-06	class_specific	raw	combined_db_spectrum_weight_raw_by_functional_class	0.08328165206053731	1.3759883013158769e-05	ATG	121	176
protein_coding	unlabeled_out_of_neutral_domain_T95	A[T>C]T	141	66	34623.0	0.0005575848791445283	class_specific	raw	combined_db_spectrum_weight_raw_by_functional_class	0.08328165206053731	0.006695170729072722	ATT	246	342
protein_coding	unlabeled_out_of_neutral_domain_T95	A[T>G]A	212	2	2.0	3.194917984538386e-08	class_specific	raw	combined_db_spectrum_weight_raw_by_functional_class	0.08328165206053731	3.8362807479083205e-07	ATA	248	361
protein_coding	unlabeled_out_of_neutral_domain_T95	A[T>G]C	244	18	54.0	7.586230788818806e-07	class_specific	raw	combined_db_spectrum_weight_raw_by_functional_class	0.08328165206053731	9.109126201416353e-06	ATC	282	350
protein_coding	unlabeled_out_of_neutral_domain_T95	A[T>G]G	94	5	5.0	1.6370654135651236e-07	class_specific	raw	combined_db_spectrum_weight_raw_by_functional_class	0.08328165206053731	1.965697573308396e-06	ATG	121	176
protein_coding	unlabeled_out_of_neutral_domain_T95	A[T>G]T	216	7	8.0	1.2883571710008452e-07	class_specific	raw	combined_db_spectrum_weight_raw_by_functional_class	0.08328165206053731	1.5469880089126237e-06	ATT	246	342
protein_coding	unlabeled_out_of_neutral_domain_T95	C[A>C]A	176	5	5.0	7.049285232789322e-08	class_specific	raw	combined_db_spectrum_weight_raw_by_functional_class	0.08328165206053731	8.464391685776366e-07	CAA	281	424
protein_coding	unlabeled_out_of_neutral_domain_T95	C[A>C]C	211	12	17.0	2.1937743033898755e-07	class_specific	raw	combined_db_spectrum_weight_raw_by_functional_class	0.08328165206053731	2.6341628067070816e-06	CAC	307	422
protein_coding	unlabeled_out_of_neutral_domain_T95	C[A>C]G	23	0	0.0	0.0	class_specific	raw	combined_db_spectrum_weight_raw_by_functional_class	0.08328165206053731	0.0	CAG	118	200
protein_coding	unlabeled_out_of_neutral_domain_T95	C[A>C]T	189	22	57.0	7.21459434974994e-07	class_specific	raw	combined_db_spectrum_weight_raw_by_functional_class	0.08328165206053731	8.662885727225563e-06	CAT	313	402
protein_coding	unlabeled_out_of_neutral_domain_T95	C[A>G]A	160	19	25.0	3.524642616394661e-07	class_specific	raw	combined_db_spectrum_weight_raw_by_functional_class	0.08328165206053731	4.232195842888183e-06	CAA	281	424
protein_coding	unlabeled_out_of_neutral_domain_T95	C[A>G]C	157	45	254886.0	0.0032891903358460697	class_specific	raw	combined_db_spectrum_weight_raw_by_functional_class	0.08328165206053731	0.039494777714725954	CAC	307	422
protein_coding	unlabeled_out_of_neutral_domain_T95	C[A>G]G	18	4	5.0	1.6786857206896605e-07	class_specific	raw	combined_db_spectrum_weight_raw_by_functional_class	0.08328165206053731	2.01567293534166e-06	CAG	118	200
protein_coding	unlabeled_out_of_neutral_domain_T95	C[A>G]T	126	51	119.0	1.5062047852986718e-06	class_specific	raw	combined_db_spectrum_weight_raw_by_functional_class	0.08328165206053731	1.80856737112253e-05	CAT	313	402
protein_coding	unlabeled_out_of_neutral_domain_T95	C[A>T]A	172	8	13.0	1.8328141605252238e-07	class_specific	raw	combined_db_spectrum_weight_raw_by_functional_class	0.08328165206053731	2.2007418383018553e-06	CAA	281	424
protein_coding	unlabeled_out_of_neutral_domain_T95	C[A>T]C	195	20	54.0	6.968459551944311e-07	class_specific	raw	combined_db_spectrum_weight_raw_by_functional_class	0.08328165206053731	8.367340680128378e-06	CAC	307	422
protein_coding	unlabeled_out_of_neutral_domain_T95	C[A>T]G	21	0	0.0	0.0	class_specific	raw	combined_db_spectrum_weight_raw_by_functional_class	0.08328165206053731	0.0	CAG	118	200
protein_coding	unlabeled_out_of_neutral_domain_T95	C[A>T]T	202	9	9.0	1.1391464762763064e-07	class_specific	raw	combined_db_spectrum_weight_raw_by_functional_class	0.08328165206053731	1.3678240621935099e-06	CAT	313	402
protein_coding	unlabeled_out_of_neutral_domain_T95	C[C>A]A	136	2	5.0	6.602830501379332e-08	class_specific	raw	combined_db_spectrum_weight_raw_by_functional_class	0.08328165206053731	7.928313545677197e-07	CCA	300	425
protein_coding	unlabeled_out_of_neutral_domain_T95	C[C>A]C	215	3	6.0	5.912982538548655e-08	class_specific	raw	combined_db_spectrum_weight_raw_by_functional_class	0.08328165206053731	7.099982279710922e-07	CCC	402	568
protein_coding	unlabeled_out_of_neutral_domain_T95	C[C>A]G	24	0	0.0	0.0	class_specific	raw	combined_db_spectrum_weight_raw_by_functional_class	0.08328165206053731	0.0	CCG	91	137
protein_coding	unlabeled_out_of_neutral_domain_T95	C[C>A]T	227	31	45.0	4.23459438330741e-07	class_specific	raw	combined_db_spectrum_weight_raw_by_functional_class	0.08328165206053731	5.084666644496064e-06	CCT	421	528
protein_coding	unlabeled_out_of_neutral_domain_T95	C[C>G]A	140	2	2.0	2.6411322005517325e-08	class_specific	raw	combined_db_spectrum_weight_raw_by_functional_class	0.08328165206053731	3.1713254182708785e-07	CCA	300	425
protein_coding	unlabeled_out_of_neutral_domain_T95	C[C>G]C	221	1	1.0	9.854970897581091e-09	class_specific	raw	combined_db_spectrum_weight_raw_by_functional_class	0.08328165206053731	1.1833303799518202e-07	CCC	402	568
protein_coding	unlabeled_out_of_neutral_domain_T95	C[C>G]G	24	0	0.0	0.0	class_specific	raw	combined_db_spectrum_weight_raw_by_functional_class	0.08328165206053731	0.0	CCG	91	137
protein_coding	unlabeled_out_of_neutral_domain_T95	C[C>G]T	262	1	1.0	9.410209740683133e-09	class_specific	raw	combined_db_spectrum_weight_raw_by_functional_class	0.08328165206053731	1.1299259209991254e-07	CCT	421	528
protein_coding	unlabeled_out_of_neutral_domain_T95	C[C>T]A	128	9	14.0	1.8487925403862128e-07	class_specific	raw	combined_db_spectrum_weight_raw_by_functional_class	0.08328165206053731	2.219927792789615e-06	CCA	300	425
protein_coding	unlabeled_out_of_neutral_domain_T95	C[C>T]C	193	23	59.0	5.814432829572844e-07	class_specific	raw	combined_db_spectrum_weight_raw_by_functional_class	0.08328165206053731	6.98164924171574e-06	CCC	402	568
protein_coding	unlabeled_out_of_neutral_domain_T95	C[C>T]G	24	2	2.0	8.707029232588129e-08	class_specific	raw	combined_db_spectrum_weight_raw_by_functional_class	0.08328165206053731	1.0454918961332565e-06	CCG	91	137
protein_coding	unlabeled_out_of_neutral_domain_T95	C[C>T]T	101	16	25.0	2.3525524351707834e-07	class_specific	raw	combined_db_spectrum_weight_raw_by_functional_class	0.08328165206053731	2.8248148024978137e-06	CCT	421	528
protein_coding	unlabeled_out_of_neutral_domain_T95	C[G>A]A	56	22	46.0	2.24985335602555e-06	class_specific	raw	combined_db_spectrum_weight_raw_by_functional_class	0.08328165206053731	2.7014994303788964e-05	CGA	81	123
protein_coding	unlabeled_out_of_neutral_domain_T95	C[G>A]C	64	36	145.0	4.952122876034498e-06	class_specific	raw	combined_db_spectrum_weight_raw_by_functional_class	0.08328165206053731	5.9462351592578965e-05	CGC	116	148
protein_coding	unlabeled_out_of_neutral_domain_T95	C[G>A]G	45	10	16.0	1.0928822898834754e-06	class_specific	raw	combined_db_spectrum_weight_raw_by_functional_class	0.08328165206053731	1.3122725868707083e-05	CGG	58	84
protein_coding	unlabeled_out_of_neutral_domain_T95	C[G>A]T	26	16	116.0	8.837634671076951e-06	class_specific	raw	combined_db_spectrum_weight_raw_by_functional_class	0.08328165206053731	0.00010611742745752555	CGT	52	80
protein_coding	unlabeled_out_of_neutral_domain_T95	C[G>C]A	70	5	12.0	5.869182667892739e-07	class_specific	raw	combined_db_spectrum_weight_raw_by_functional_class	0.08328165206053731	7.04738981837973e-06	CGA	81	123
protein_coding	unlabeled_out_of_neutral_domain_T95	C[G>C]C	96	5	6.0	2.0491542935315165e-07	class_specific	raw	combined_db_spectrum_weight_raw_by_functional_class	0.08328165206053731	2.460511100382578e-06	CGC	116	148
protein_coding	unlabeled_out_of_neutral_domain_T95	C[G>C]G	52	1	1.0	6.830514311771722e-08	class_specific	raw	combined_db_spectrum_weight_raw_by_functional_class	0.08328165206053731	8.201703667941927e-07	CGG	58	84
protein_coding	unlabeled_out_of_neutral_domain_T95	C[G>C]T	42	6	11.0	8.380515636366074e-07	class_specific	raw	combined_db_spectrum_weight_raw_by_functional_class	0.08328165206053731	1.0062859500282595e-05	CGT	52	80
protein_coding	unlabeled_out_of_neutral_domain_T95	C[G>T]A	72	1	1.0	4.890985556577283e-08	class_specific	raw	combined_db_spectrum_weight_raw_by_functional_class	0.08328165206053731	5.872824848649775e-07	CGA	81	123
protein_coding	unlabeled_out_of_neutral_domain_T95	C[G>T]C	93	9	12.0	4.098308587063033e-07	class_specific	raw	combined_db_spectrum_weight_raw_by_functional_class	0.08328165206053731	4.921022200765156e-06	CGC	116	148
protein_coding	unlabeled_out_of_neutral_domain_T95	C[G>T]G	52	1	1.0	6.830514311771722e-08	class_specific	raw	combined_db_spectrum_weight_raw_by_functional_class	0.08328165206053731	8.201703667941927e-07	CGG	58	84
protein_coding	unlabeled_out_of_neutral_domain_T95	C[G>T]T	44	1	1.0	7.618650578514614e-08	class_specific	raw	combined_db_spectrum_weight_raw_by_functional_class	0.08328165206053731	9.148054091165996e-07	CGT	52	80
protein_coding	unlabeled_out_of_neutral_domain_T95	C[T>A]A	321	2	2.0	1.96123678258792e-08	class_specific	raw	combined_db_spectrum_weight_raw_by_functional_class	0.08328165206053731	2.35494461752788e-07	CTA	404	503
protein_coding	unlabeled_out_of_neutral_domain_T95	C[T>A]C	268	10	11.0	1.3326813855994981e-07	class_specific	raw	combined_db_spectrum_weight_raw_by_functional_class	0.08328165206053731	1.6002100734394343e-06	CTC	327	405
protein_coding	unlabeled_out_of_neutral_domain_T95	C[T>A]G	97	3	3.0	9.584753953615157e-08	class_specific	raw	combined_db_spectrum_weight_raw_by_functional_class	0.08328165206053731	1.150884224372496e-06	CTG	124	179
protein_coding	unlabeled_out_of_neutral_domain_T95	C[T>A]T	183	14	30.0	5.258891549771148e-07	class_specific	raw	combined_db_spectrum_weight_raw_by_functional_class	0.08328165206053731	6.314586009831394e-06	CTT	226	325
protein_coding	unlabeled_out_of_neutral_domain_T95	C[T>C]A	299	56	138.0	1.353253379985665e-06	class_specific	raw	combined_db_spectrum_weight_raw_by_functional_class	0.08328165206053731	1.6249117860942373e-05	CTA	404	503
protein_coding	unlabeled_out_of_neutral_domain_T95	C[T>C]C	252	48	84.0	1.0176839671850712e-06	class_specific	raw	combined_db_spectrum_weight_raw_by_functional_class	0.08328165206053731	1.2219786015355679e-05	CTC	327	405
protein_coding	unlabeled_out_of_neutral_domain_T95	C[T>C]G	94	8	12.0	3.833901581446063e-07	class_specific	raw	combined_db_spectrum_weight_raw_by_functional_class	0.08328165206053731	4.603536897489984e-06	CTG	124	179
protein_coding	unlabeled_out_of_neutral_domain_T95	C[T>C]T	117	38	123.0	2.156145535406171e-06	class_specific	raw	combined_db_spectrum_weight_raw_by_functional_class	0.08328165206053731	2.588980264030872e-05	CTT	226	325
protein_coding	unlabeled_out_of_neutral_domain_T95	C[T>G]A	327	3	3.0	2.9418551738818803e-08	class_specific	raw	combined_db_spectrum_weight_raw_by_functional_class	0.08328165206053731	3.53241692629182e-07	CTA	404	503
protein_coding	unlabeled_out_of_neutral_domain_T95	C[T>G]C	267	15	19.0	2.301904211490042e-07	class_specific	raw	combined_db_spectrum_weight_raw_by_functional_class	0.08328165206053731	2.7639992177590226e-06	CTC	327	405
protein_coding	unlabeled_out_of_neutral_domain_T95	C[T>G]G	96	2	2.0	6.389835969076772e-08	class_specific	raw	combined_db_spectrum_weight_raw_by_functional_class	0.08328165206053731	7.672561495816641e-07	CTG	124	179
protein_coding	unlabeled_out_of_neutral_domain_T95	C[T>G]T	184	5	6.0	1.0517783099542296e-07	class_specific	raw	combined_db_spectrum_weight_raw_by_functional_class	0.08328165206053731	1.262917201966279e-06	CTT	226	325
protein_coding	unlabeled_out_of_neutral_domain_T95	G[A>C]A	73	1	1.0	3.274130827130247e-08	class_specific	raw	combined_db_spectrum_weight_raw_by_functional_class	0.08328165206053731	3.931395146616792e-07	GAA	121	201
protein_coding	unlabeled_out_of_neutral_domain_T95	G[A>C]C	68	4	4.0	1.427639027325261e-07	class_specific	raw	combined_db_spectrum_weight_raw_by_functional_class	0.08328165206053731	1.7142299558220967e-06	GAC	111	160
protein_coding	unlabeled_out_of_neutral_domain_T95	G[A>C]G	28	0	0.0	0.0	class_specific	raw	combined_db_spectrum_weight_raw_by_functional_class	0.08328165206053731	0.0	GAG	82	143
protein_coding	unlabeled_out_of_neutral_domain_T95	G[A>C]T	31	2	4.0	2.085104368856631e-07	class_specific	raw	combined_db_spectrum_weight_raw_by_functional_class	0.08328165206053731	2.503677961792799e-06	GAT	76	135
protein_coding	unlabeled_out_of_neutral_domain_T95	G[A>G]A	68	16	33.0	1.0804631729529814e-06	class_specific	raw	combined_db_spectrum_weight_raw_by_functional_class	0.08328165206053731	1.2973603983835411e-05	GAA	121	201
protein_coding	unlabeled_out_of_neutral_domain_T95	G[A>G]C	51	13	45.0	1.6060939057409185e-06	class_specific	raw	combined_db_spectrum_weight_raw_by_functional_class	0.08328165206053731	1.928508700299859e-05	GAC	111	160
protein_coding	unlabeled_out_of_neutral_domain_T95	G[A>G]G	24	6	21.0	1.0145812721631655e-06	class_specific	raw	combined_db_spectrum_weight_raw_by_functional_class	0.08328165206053731	1.2182530570186911e-05	GAG	82	143
protein_coding	unlabeled_out_of_neutral_domain_T95	G[A>G]T	24	10	20.0	1.0425521844283155e-06	class_specific	raw	combined_db_spectrum_weight_raw_by_functional_class	0.08328165206053731	1.2518389808963995e-05	GAT	76	135
protein_coding	unlabeled_out_of_neutral_domain_T95	G[A>T]A	73	2	4.0	1.3096523308520988e-07	class_specific	raw	combined_db_spectrum_weight_raw_by_functional_class	0.08328165206053731	1.5725580586467167e-06	GAA	121	201
protein_coding	unlabeled_out_of_neutral_domain_T95	G[A>T]C	65	0	0.0	0.0	class_specific	raw	combined_db_spectrum_weight_raw_by_functional_class	0.08328165206053731	0.0	GAC	111	160
protein_coding	unlabeled_out_of_neutral_domain_T95	G[A>T]G	27	0	0.0	0.0	class_specific	raw	combined_db_spectrum_weight_raw_by_functional_class	0.08328165206053731	0.0	GAG	82	143
protein_coding	unlabeled_out_of_neutral_domain_T95	G[A>T]T	34	0	0.0	0.0	class_specific	raw	combined_db_spectrum_weight_raw_by_functional_class	0.08328165206053731	0.0	GAT	76	135
protein_coding	unlabeled_out_of_neutral_domain_T95	G[C>A]A	95	1	1.0	2.9787205269380442e-08	class_specific	raw	combined_db_spectrum_weight_raw_by_functional_class	0.08328165206053731	3.5766828025611413e-07	GCA	133	202
protein_coding	unlabeled_out_of_neutral_domain_T95	G[C>A]C	158	4	5.0	9.710044854969605e-08	class_specific	raw	combined_db_spectrum_weight_raw_by_functional_class	0.08328165206053731	1.1659284625995876e-06	GCC	204	264
protein_coding	unlabeled_out_of_neutral_domain_T95	G[C>A]G	13	0	0.0	0.0	class_specific	raw	combined_db_spectrum_weight_raw_by_functional_class	0.08328165206053731	0.0	GCG	37	61
protein_coding	unlabeled_out_of_neutral_domain_T95	G[C>A]T	70	1	1.0	3.386066923784273e-08	class_specific	raw	combined_db_spectrum_weight_raw_by_functional_class	0.08328165206053731	4.0658018182959984e-07	GCT	117	184
protein_coding	unlabeled_out_of_neutral_domain_T95	G[C>G]A	95	2	3.0	8.936161580814133e-08	class_specific	raw	combined_db_spectrum_weight_raw_by_functional_class	0.08328165206053731	1.0730048407683424e-06	GCA	133	202
protein_coding	unlabeled_out_of_neutral_domain_T95	G[C>G]C	158	8	15.0	2.9130134564908815e-07	class_specific	raw	combined_db_spectrum_weight_raw_by_functional_class	0.08328165206053731	3.4977853877987633e-06	GCC	204	264
protein_coding	unlabeled_out_of_neutral_domain_T95	G[C>G]G	11	0	0.0	0.0	class_specific	raw	combined_db_spectrum_weight_raw_by_functional_class	0.08328165206053731	0.0	GCG	37	61
protein_coding	unlabeled_out_of_neutral_domain_T95	G[C>G]T	71	2	2.0	6.772133847568545e-08	class_specific	raw	combined_db_spectrum_weight_raw_by_functional_class	0.08328165206053731	8.131603636591997e-07	GCT	117	184
protein_coding	unlabeled_out_of_neutral_domain_T95	G[C>T]A	72	16	44.0	1.3106370318527394e-06	class_specific	raw	combined_db_spectrum_weight_raw_by_functional_class	0.08328165206053731	1.573740433126902e-05	GCA	133	202
protein_coding	unlabeled_out_of_neutral_domain_T95	G[C>T]C	115	34	80.0	1.5536071767951367e-06	class_specific	raw	combined_db_spectrum_weight_raw_by_functional_class	0.08328165206053731	1.86548554015934e-05	GCC	204	264
protein_coding	unlabeled_out_of_neutral_domain_T95	G[C>T]G	9	2	22.0	2.3556043950866806e-06	class_specific	raw	combined_db_spectrum_weight_raw_by_functional_class	0.08328165206053731	2.8284794271064595e-05	GCG	37	61
protein_coding	unlabeled_out_of_neutral_domain_T95	G[C>T]T	43	7	13.0	4.4018870009195545e-07	class_specific	raw	combined_db_spectrum_weight_raw_by_functional_class	0.08328165206053731	5.285542363784798e-06	GCT	117	184
protein_coding	unlabeled_out_of_neutral_domain_T95	G[G>A]A	74	18	58.0	2.872231268100009e-06	class_specific	raw	combined_db_spectrum_weight_raw_by_functional_class	0.08328165206053731	3.4488163923695804e-05	GGA	80	131
protein_coding	unlabeled_out_of_neutral_domain_T95	G[G>A]C	93	25	196.0	6.580448025103469e-06	class_specific	raw	combined_db_spectrum_weight_raw_by_functional_class	0.08328165206053731	7.901437906539307e-05	GGC	118	158
protein_coding	unlabeled_out_of_neutral_domain_T95	G[G>A]G	50	11	19.0	1.031126955009923e-06	class_specific	raw	combined_db_spectrum_weight_raw_by_functional_class	0.08328165206053731	1.2381201975441101e-05	GGG	73	128
protein_coding	unlabeled_out_of_neutral_domain_T95	G[G>A]T	30	9	16.0	1.0743588612413828e-06	class_specific	raw	combined_db_spectrum_weight_raw_by_functional_class	0.08328165206053731	1.2900306786186626e-05	GGT	59	122
protein_coding	unlabeled_out_of_neutral_domain_T95	G[G>C]A	75	5	14.0	6.932972026448298e-07	class_specific	raw	combined_db_spectrum_weight_raw_by_functional_class	0.08328165206053731	8.324729222961057e-06	GGA	80	131
protein_coding	unlabeled_out_of_neutral_domain_T95	G[G>C]C	102	21	56.0	1.8801280071724198e-06	class_specific	raw	combined_db_spectrum_weight_raw_by_functional_class	0.08328165206053731	2.257553687582659e-05	GGC	118	158
protein_coding	unlabeled_out_of_neutral_domain_T95	G[G>C]G	55	1	1.0	5.426983973736437e-08	class_specific	raw	combined_db_spectrum_weight_raw_by_functional_class	0.08328165206053731	6.516422092337422e-07	GGG	73	128
protein_coding	unlabeled_out_of_neutral_domain_T95	G[G>C]T	36	1	2.0	1.3429485765517285e-07	class_specific	raw	combined_db_spectrum_weight_raw_by_functional_class	0.08328165206053731	1.6125383482733282e-06	GGT	59	122
protein_coding	unlabeled_out_of_neutral_domain_T95	G[G>T]A	76	2	4.0	1.9808491504137994e-07	class_specific	raw	combined_db_spectrum_weight_raw_by_functional_class	0.08328165206053731	2.378494063703159e-06	GGA	80	131
protein_coding	unlabeled_out_of_neutral_domain_T95	G[G>T]C	107	4	8.0	2.685897153103457e-07	class_specific	raw	combined_db_spectrum_weight_raw_by_functional_class	0.08328165206053731	3.2250766965466564e-06	GGC	118	158
protein_coding	unlabeled_out_of_neutral_domain_T95	G[G>T]G	55	2	2.0	1.0853967947472874e-07	class_specific	raw	combined_db_spectrum_weight_raw_by_functional_class	0.08328165206053731	1.3032844184674844e-06	GGG	73	128
protein_coding	unlabeled_out_of_neutral_domain_T95	G[G>T]T	38	2	2.0	1.3429485765517285e-07	class_specific	raw	combined_db_spectrum_weight_raw_by_functional_class	0.08328165206053731	1.6125383482733282e-06	GGT	59	122
protein_coding	unlabeled_out_of_neutral_domain_T95	G[T>A]A	81	1	1.0	4.501929887304089e-08	class_specific	raw	combined_db_spectrum_weight_raw_by_functional_class	0.08328165206053731	5.405668326598088e-07	GTA	88	167
protein_coding	unlabeled_out_of_neutral_domain_T95	G[T>A]C	58	1	1.0	5.659569001182284e-08	class_specific	raw	combined_db_spectrum_weight_raw_by_functional_class	0.08328165206053731	6.795697324866169e-07	GTC	70	115
protein_coding	unlabeled_out_of_neutral_domain_T95	G[T>A]G	30	0	0.0	0.0	class_specific	raw	combined_db_spectrum_weight_raw_by_functional_class	0.08328165206053731	0.0	GTG	44	87
protein_coding	unlabeled_out_of_neutral_domain_T95	G[T>A]T	48	0	0.0	0.0	class_specific	raw	combined_db_spectrum_weight_raw_by_functional_class	0.08328165206053731	0.0	GTT	68	137
protein_coding	unlabeled_out_of_neutral_domain_T95	G[T>C]A	62	32	107.0	4.817064979415376e-06	class_specific	raw	combined_db_spectrum_weight_raw_by_functional_class	0.08328165206053731	5.784065109459954e-05	GTA	88	167
protein_coding	unlabeled_out_of_neutral_domain_T95	G[T>C]C	44	32	273.0	1.5450623373227637e-05	class_specific	raw	combined_db_spectrum_weight_raw_by_functional_class	0.08328165206053731	0.0001855225369688464	GTC	70	115
protein_coding	unlabeled_out_of_neutral_domain_T95	G[T>C]G	23	7	12.0	1.0804631729529814e-06	class_specific	raw	combined_db_spectrum_weight_raw_by_functional_class	0.08328165206053731	1.2973603983835411e-05	GTG	44	87
protein_coding	unlabeled_out_of_neutral_domain_T95	G[T>C]T	35	22	142.0	8.272958216434103e-06	class_specific	raw	combined_db_spectrum_weight_raw_by_functional_class	0.08328165206053731	9.933710501348486e-05	GTT	68	137
protein_coding	unlabeled_out_of_neutral_domain_T95	G[T>G]A	82	5	7.0	3.1513509211128624e-07	class_specific	raw	combined_db_spectrum_weight_raw_by_functional_class	0.08328165206053731	3.7839678286186617e-06	GTA	88	167
protein_coding	unlabeled_out_of_neutral_domain_T95	G[T>G]C	58	4	4.0	2.2638276004729136e-07	class_specific	raw	combined_db_spectrum_weight_raw_by_functional_class	0.08328165206053731	2.7182789299464674e-06	GTC	70	115
protein_coding	unlabeled_out_of_neutral_domain_T95	G[T>G]G	31	3	3.0	2.7011579323824535e-07	class_specific	raw	combined_db_spectrum_weight_raw_by_functional_class	0.08328165206053731	3.2434009959588528e-06	GTG	44	87
protein_coding	unlabeled_out_of_neutral_domain_T95	G[T>G]T	48	1	1.0	5.826026912981763e-08	class_specific	raw	combined_db_spectrum_weight_raw_by_functional_class	0.08328165206053731	6.995570775597526e-07	GTT	68	137
protein_coding	unlabeled_out_of_neutral_domain_T95	T[A>C]A	48	0	0.0	0.0	class_specific	raw	combined_db_spectrum_weight_raw_by_functional_class	0.08328165206053731	0.0	TAA	238	402
protein_coding	unlabeled_out_of_neutral_domain_T95	T[A>C]C	144	3	3.0	4.321852691811926e-08	class_specific	raw	combined_db_spectrum_weight_raw_by_functional_class	0.08328165206053731	5.189441593534165e-07	TAC	275	364
protein_coding	unlabeled_out_of_neutral_domain_T95	T[A>C]G	17	0	0.0	0.0	class_specific	raw	combined_db_spectrum_weight_raw_by_functional_class	0.08328165206053731	0.0	TAG	183	278
protein_coding	unlabeled_out_of_neutral_domain_T95	T[A>C]T	142	11	51.0	7.986032147913342e-07	class_specific	raw	combined_db_spectrum_weight_raw_by_functional_class	0.08328165206053731	9.589185553269653e-06	TAT	253	330
protein_coding	unlabeled_out_of_neutral_domain_T95	T[A>G]A	32	7	12200.0	0.0002030786523953643	class_specific	raw	combined_db_spectrum_weight_raw_by_functional_class	0.08328165206053731	0.002438456098922566	TAA	238	402
protein_coding	unlabeled_out_of_neutral_domain_T95	T[A>G]C	108	36	81.0	1.16690022678922e-06	class_specific	raw	combined_db_spectrum_weight_raw_by_functional_class	0.08328165206053731	1.4011492302542245e-05	TAC	275	364
protein_coding	unlabeled_out_of_neutral_domain_T95	T[A>G]G	11	2	3.0	6.494587378405899e-08	class_specific	raw	combined_db_spectrum_weight_raw_by_functional_class	0.08328165206053731	7.798341192469373e-07	TAG	183	278
protein_coding	unlabeled_out_of_neutral_domain_T95	T[A>G]T	89	32	103.0	1.6128653161472042e-06	class_specific	raw	combined_db_spectrum_weight_raw_by_functional_class	0.08328165206053731	1.9366394352681848e-05	TAT	253	330
protein_coding	unlabeled_out_of_neutral_domain_T95	T[A>T]A	50	5	6.0	9.987474707968736e-08	class_specific	raw	combined_db_spectrum_weight_raw_by_functional_class	0.08328165206053731	1.1992407043881473e-06	TAA	238	402
protein_coding	unlabeled_out_of_neutral_domain_T95	T[A>T]C	141	22	72.0	1.0372446460348623e-06	class_specific	raw	combined_db_spectrum_weight_raw_by_functional_class	0.08328165206053731	1.2454659824481997e-05	TAC	275	364
protein_coding	unlabeled_out_of_neutral_domain_T95	T[A>T]G	14	1	1.0	2.164862459468633e-08	class_specific	raw	combined_db_spectrum_weight_raw_by_functional_class	0.08328165206053731	2.5994470641564575e-07	TAG	183	278
protein_coding	unlabeled_out_of_neutral_domain_T95	T[A>T]T	140	8	18.0	2.8185995816164736e-07	class_specific	raw	combined_db_spectrum_weight_raw_by_functional_class	0.08328165206053731	3.38441843056576e-06	TAT	253	330
protein_coding	unlabeled_out_of_neutral_domain_T95	T[C>A]A	111	4	4.0	5.390065715411699e-08	class_specific	raw	combined_db_spectrum_weight_raw_by_functional_class	0.08328165206053731	6.472092690348732e-07	TCA	294	394
protein_coding	unlabeled_out_of_neutral_domain_T95	T[C>A]C	117	10	19.0	2.6504319618212807e-07	class_specific	raw	combined_db_spectrum_weight_raw_by_functional_class	0.08328165206053731	3.1824920570676067e-06	TCC	284	353
protein_coding	unlabeled_out_of_neutral_domain_T95	T[C>A]G	26	3	3.0	1.2380307190086248e-07	class_specific	raw	combined_db_spectrum_weight_raw_by_functional_class	0.08328165206053731	1.4865587898144745e-06	TCG	96	120
protein_coding	unlabeled_out_of_neutral_domain_T95	T[C>A]T	88	28	42.0	6.847379779208196e-07	class_specific	raw	combined_db_spectrum_weight_raw_by_functional_class	0.08328165206053731	8.221954788109686e-06	TCT	243	309
protein_coding	unlabeled_out_of_neutral_domain_T95	T[C>G]A	111	2	32.0	4.312052572329359e-07	class_specific	raw	combined_db_spectrum_weight_raw_by_functional_class	0.08328165206053731	5.177674152278985e-06	TCA	294	394
protein_coding	unlabeled_out_of_neutral_domain_T95	T[C>G]C	115	5	8.0	1.1159713523458025e-07	class_specific	raw	combined_db_spectrum_weight_raw_by_functional_class	0.08328165206053731	1.3399966556074134e-06	TCC	284	353
protein_coding	unlabeled_out_of_neutral_domain_T95	T[C>G]G	25	1	1.0	4.126769063362082e-08	class_specific	raw	combined_db_spectrum_weight_raw_by_functional_class	0.08328165206053731	4.955195966048248e-07	TCG	96	120
protein_coding	unlabeled_out_of_neutral_domain_T95	T[C>G]T	90	1	1.0	1.630328518859094e-08	class_specific	raw	combined_db_spectrum_weight_raw_by_functional_class	0.08328165206053731	1.9576082828832582e-07	TCT	243	309
protein_coding	unlabeled_out_of_neutral_domain_T95	T[C>T]A	99	14	20.0	2.6950328577058497e-07	class_specific	raw	combined_db_spectrum_weight_raw_by_functional_class	0.08328165206053731	3.236046345174366e-06	TCA	294	394
protein_coding	unlabeled_out_of_neutral_domain_T95	T[C>T]C	103	15	27.0	3.7664033141670834e-07	class_specific	raw	combined_db_spectrum_weight_raw_by_functional_class	0.08328165206053731	4.52248871267502e-06	TCC	284	353
protein_coding	unlabeled_out_of_neutral_domain_T95	T[C>T]G	22	2	2.0	8.253538126724164e-08	class_specific	raw	combined_db_spectrum_weight_raw_by_functional_class	0.08328165206053731	9.910391932096497e-07	TCG	96	120
protein_coding	unlabeled_out_of_neutral_domain_T95	T[C>T]T	52	9	57801.0	0.000942346187185745	class_specific	raw	combined_db_spectrum_weight_raw_by_functional_class	0.08328165206053731	0.011315171635893522	TCT	243	309
protein_coding	unlabeled_out_of_neutral_domain_T95	T[G>A]A	114	17	66.0	1.7787216860858607e-06	class_specific	raw	combined_db_spectrum_weight_raw_by_functional_class	0.08328165206053731	2.1357905878150815e-05	TGA	147	211
protein_coding	unlabeled_out_of_neutral_domain_T95	T[G>A]C	33	14	82.0	3.9616983008275985e-06	class_specific	raw	combined_db_spectrum_weight_raw_by_functional_class	0.08328165206053731	4.7569881274063176e-05	TGC	82	128
protein_coding	unlabeled_out_of_neutral_domain_T95	T[G>A]G	41	9	11.0	5.447335163637948e-07	class_specific	raw	combined_db_spectrum_weight_raw_by_functional_class	0.08328165206053731	6.540858675183686e-06	TGG	80	139
protein_coding	unlabeled_out_of_neutral_domain_T95	T[G>A]T	26	13	97.0	5.65124610559231e-06	class_specific	raw	combined_db_spectrum_weight_raw_by_functional_class	0.08328165206053731	6.7857036523296e-05	TGT	68	123
protein_coding	unlabeled_out_of_neutral_domain_T95	T[G>C]A	117	8	10.0	2.6950328577058497e-07	class_specific	raw	combined_db_spectrum_weight_raw_by_functional_class	0.08328165206053731	3.236046345174366e-06	TGA	147	211
protein_coding	unlabeled_out_of_neutral_domain_T95	T[G>C]C	43	5	10.0	4.831339391253169e-07	class_specific	raw	combined_db_spectrum_weight_raw_by_functional_class	0.08328165206053731	5.801205033422339e-06	TGC	82	128
protein_coding	unlabeled_out_of_neutral_domain_T95	T[G>C]G	46	0	0.0	0.0	class_specific	raw	combined_db_spectrum_weight_raw_by_functional_class	0.08328165206053731	0.0	TGG	80	139
protein_coding	unlabeled_out_of_neutral_domain_T95	T[G>C]T	36	3	4.0	2.3304107651927052e-07	class_specific	raw	combined_db_spectrum_weight_raw_by_functional_class	0.08328165206053731	2.7982283102390104e-06	TGT	68	123
protein_coding	unlabeled_out_of_neutral_domain_T95	T[G>T]A	117	4	7.0	1.8865230003940947e-07	class_specific	raw	combined_db_spectrum_weight_raw_by_functional_class	0.08328165206053731	2.265232441622056e-06	TGA	147	211
protein_coding	unlabeled_out_of_neutral_domain_T95	T[G>T]C	45	1	1.0	4.831339391253169e-08	class_specific	raw	combined_db_spectrum_weight_raw_by_functional_class	0.08328165206053731	5.801205033422338e-07	TGC	82	128
protein_coding	unlabeled_out_of_neutral_domain_T95	T[G>T]G	47	2	2.0	9.904245752068997e-08	class_specific	raw	combined_db_spectrum_weight_raw_by_functional_class	0.08328165206053731	1.1892470318515794e-06	TGG	80	139
protein_coding	unlabeled_out_of_neutral_domain_T95	T[G>T]T	43	0	0.0	0.0	class_specific	raw	combined_db_spectrum_weight_raw_by_functional_class	0.08328165206053731	0.0	TGT	68	123
protein_coding	unlabeled_out_of_neutral_domain_T95	T[T>A]A	102	2	2.0	3.755164266187298e-08	class_specific	raw	combined_db_spectrum_weight_raw_by_functional_class	0.08328165206053731	4.5089934856931923e-07	TTA	211	341
protein_coding	unlabeled_out_of_neutral_domain_T95	T[T>A]C	153	11	14.0	2.330410765192705e-07	class_specific	raw	combined_db_spectrum_weight_raw_by_functional_class	0.08328165206053731	2.79822831023901e-06	TTC	238	308
protein_coding	unlabeled_out_of_neutral_domain_T95	T[T>A]G	33	1	1.0	4.401887000919554e-08	class_specific	raw	combined_db_spectrum_weight_raw_by_functional_class	0.08328165206053731	5.285542363784798e-07	TTG	90	157
protein_coding	unlabeled_out_of_neutral_domain_T95	T[T>A]T	123	13	14.0	3.115942483796988e-07	class_specific	raw	combined_db_spectrum_weight_raw_by_functional_class	0.08328165206053731	3.741451336162272e-06	TTT	178	285
protein_coding	unlabeled_out_of_neutral_domain_T95	T[T>C]A	79	23	41.0	7.69808674568396e-07	class_specific	raw	combined_db_spectrum_weight_raw_by_functional_class	0.08328165206053731	9.243436645671044e-06	TTA	211	341
protein_coding	unlabeled_out_of_neutral_domain_T95	T[T>C]C	140	34	75.0	1.248434338496092e-06	class_specific	raw	combined_db_spectrum_weight_raw_by_functional_class	0.08328165206053731	1.4990508804851842e-05	TTC	238	308
protein_coding	unlabeled_out_of_neutral_domain_T95	T[T>C]G	29	6	20.0	8.803774001839108e-07	class_specific	raw	combined_db_spectrum_weight_raw_by_functional_class	0.08328165206053731	1.0571084727569595e-05	TTG	90	157
protein_coding	unlabeled_out_of_neutral_domain_T95	T[T>C]T	102	33	67.0	1.49120104581713e-06	class_specific	raw	combined_db_spectrum_weight_raw_by_functional_class	0.08328165206053731	1.790551710877659e-05	TTT	178	285
protein_coding	unlabeled_out_of_neutral_domain_T95	T[T>G]A	101	0	0.0	0.0	class_specific	raw	combined_db_spectrum_weight_raw_by_functional_class	0.08328165206053731	0.0	TTA	211	341
protein_coding	unlabeled_out_of_neutral_domain_T95	T[T>G]C	156	2	4.0	6.658316471979157e-08	class_specific	raw	combined_db_spectrum_weight_raw_by_functional_class	0.08328165206053731	7.994938029254316e-07	TTC	238	308
protein_coding	unlabeled_out_of_neutral_domain_T95	T[T>G]G	33	1	2.0	8.803774001839108e-08	class_specific	raw	combined_db_spectrum_weight_raw_by_functional_class	0.08328165206053731	1.0571084727569595e-06	TTG	90	157
protein_coding	unlabeled_out_of_neutral_domain_T95	T[T>G]T	124	3	8.0	1.7805385621697074e-07	class_specific	raw	combined_db_spectrum_weight_raw_by_functional_class	0.08328165206053731	2.1379721920927273e-06	TTT	178	285
rna_coding	expanded_neutral_like_T95	A[A>C]A	60	3	193.0	4.201141604723772e-06	class_specific	raw	combined_db_spectrum_weight_raw_by_functional_class	0.06589566351777144	6.375444726481529e-05	AAA	182	490
rna_coding	expanded_neutral_like_T95	A[A>C]C	48	10	63.0	2.0627024210920555e-06	class_specific	raw	combined_db_spectrum_weight_raw_by_functional_class	0.06589566351777144	3.1302551806550424e-05	AAC	121	462
rna_coding	expanded_neutral_like_T95	A[A>C]G	34	0	0.0	0.0	class_specific	raw	combined_db_spectrum_weight_raw_by_functional_class	0.06589566351777144	0.0	AAG	103	202
rna_coding	expanded_neutral_like_T95	A[A>C]T	28	0	0.0	0.0	class_specific	raw	combined_db_spectrum_weight_raw_by_functional_class	0.06589566351777144	0.0	AAT	87	364
rna_coding	expanded_neutral_like_T95	A[A>G]A	83	62	61941.0	0.0013483052442393533	class_specific	raw	combined_db_spectrum_weight_raw_by_functional_class	0.06589566351777144	0.020461213564921886	AAA	182	490
rna_coding	expanded_neutral_like_T95	A[A>G]C	72	63	53472.0	0.0017507432358830858	class_specific	raw	combined_db_spectrum_weight_raw_by_functional_class	0.06589566351777144	0.026568413495235945	AAC	121	462
rna_coding	expanded_neutral_like_T95	A[A>G]G	39	24	1120.0	4.307866113521273e-05	class_specific	raw	combined_db_spectrum_weight_raw_by_functional_class	0.06589566351777144	0.0006537404562835127	AAG	103	202
rna_coding	expanded_neutral_like_T95	A[A>G]T	42	34	6820.0	0.00031056071737522095	class_specific	raw	combined_db_spectrum_weight_raw_by_functional_class	0.06589566351777144	0.004712915855099716	AAT	87	364
rna_coding	expanded_neutral_like_T95	A[A>T]A	57	7	104.0	2.2638276004729137e-06	class_specific	raw	combined_db_spectrum_weight_raw_by_functional_class	0.06589566351777144	3.435472805979684e-05	AAA	182	490
rna_coding	expanded_neutral_like_T95	A[A>T]C	47	12	118.0	3.863474376013691e-06	class_specific	raw	combined_db_spectrum_weight_raw_by_functional_class	0.06589566351777144	5.8630176399570636e-05	AAC	121	462
rna_coding	expanded_neutral_like_T95	A[A>T]G	35	3	34.0	1.3077450701761005e-06	class_specific	raw	combined_db_spectrum_weight_raw_by_functional_class	0.06589566351777144	1.984569242289235e-05	AAG	103	202
rna_coding	expanded_neutral_like_T95	A[A>T]T	27	4	16.0	7.285881932556504e-07	class_specific	raw	combined_db_spectrum_weight_raw_by_functional_class	0.06589566351777144	1.1056694088210478e-05	AAT	87	364
rna_coding	expanded_neutral_like_T95	A[C>A]A	34	12	76.0	3.460793917964339e-06	class_specific	raw	combined_db_spectrum_weight_raw_by_functional_class	0.06589566351777144	5.2519296918999766e-05	ACA	87	425
rna_coding	expanded_neutral_like_T95	A[C>A]C	46	5	9.0	3.428392760331576e-07	class_specific	raw	combined_db_spectrum_weight_raw_by_functional_class	0.06589566351777144	5.2027592975173106e-06	ACC	104	473
rna_coding	expanded_neutral_like_T95	A[C>A]G	11	0	0.0	0.0	class_specific	raw	combined_db_spectrum_weight_raw_by_functional_class	0.06589566351777144	0.0	ACG	27	117
rna_coding	expanded_neutral_like_T95	A[C>A]T	30	6	11.0	6.408629604279939e-07	class_specific	raw	combined_db_spectrum_weight_raw_by_functional_class	0.06589566351777144	9.725419340457192e-06	ACT	68	391
rna_coding	expanded_neutral_like_T95	A[C>G]A	33	6	29.0	1.320566100275866e-06	class_specific	raw	combined_db_spectrum_weight_raw_by_functional_class	0.06589566351777144	2.0040258034881488e-05	ACA	87	425
rna_coding	expanded_neutral_like_T95	A[C>G]C	49	3	4.0	1.5237301157029227e-07	class_specific	raw	combined_db_spectrum_weight_raw_by_functional_class	0.06589566351777144	2.312337465563249e-06	ACC	104	473
rna_coding	expanded_neutral_like_T95	A[C>G]G	11	1	2.0	2.9345913339463695e-07	class_specific	raw	combined_db_spectrum_weight_raw_by_functional_class	0.06589566351777144	4.453390674418109e-06	ACG	27	117
rna_coding	expanded_neutral_like_T95	A[C>G]T	32	2	5.0	2.9130134564908815e-07	class_specific	raw	combined_db_spectrum_weight_raw_by_functional_class	0.06589566351777144	4.42064515475327e-06	ACT	68	391
rna_coding	expanded_neutral_like_T95	A[C>T]A	51	43	4726.0	0.0002152067375828877	class_specific	raw	combined_db_spectrum_weight_raw_by_functional_class	0.06589566351777144	0.0032658710163051695	ACA	87	425
rna_coding	expanded_neutral_like_T95	A[C>T]C	58	50	7250.0	0.00027617608347115473	class_specific	raw	combined_db_spectrum_weight_raw_by_functional_class	0.06589566351777144	0.004191111656333389	ACC	104	473
rna_coding	expanded_neutral_like_T95	A[C>T]G	12	4	345.0	5.0621700510574876e-05	class_specific	raw	combined_db_spectrum_weight_raw_by_functional_class	0.06589566351777144	0.0007682098913371239	ACG	27	117
rna_coding	expanded_neutral_like_T95	A[C>T]T	43	30	9539.0	0.0005557447072293304	class_specific	raw	combined_db_spectrum_weight_raw_by_functional_class	0.06589566351777144	0.008433706826238289	ACT	68	391
rna_coding	expanded_neutral_like_T95	A[G>A]A	31	17	18695.0	0.00088171368730919	class_specific	raw	combined_db_spectrum_weight_raw_by_functional_class	0.06589566351777144	0.013380450855789624	AGA	84	176
rna_coding	expanded_neutral_like_T95	A[G>A]C	24	16	62583.0	0.0030609254908727608	class_specific	raw	combined_db_spectrum_weight_raw_by_functional_class	0.06589566351777144	0.04645109142951809	AGC	81	277
rna_coding	expanded_neutral_like_T95	A[G>A]G	18	7	881.0	5.629445488756636e-05	class_specific	raw	combined_db_spectrum_weight_raw_by_functional_class	0.06589566351777144	0.0008542968062288997	AGG	62	188
rna_coding	expanded_neutral_like_T95	A[G>A]T	29	18	10646.0	0.0005338764570963369	class_specific	raw	combined_db_spectrum_weight_raw_by_functional_class	0.06589566351777144	0.008101845077443607	AGT	79	182
rna_coding	expanded_neutral_like_T95	A[G>C]A	28	2	13.0	6.131199751280807e-07	class_specific	raw	combined_db_spectrum_weight_raw_by_functional_class	0.06589566351777144	9.304405516194977e-06	AGA	84	176
rna_coding	expanded_neutral_like_T95	A[G>C]C	24	2	37.0	1.8096646559335947e-06	class_specific	raw	combined_db_spectrum_weight_raw_by_functional_class	0.06589566351777144	2.746257582557834e-05	AGC	81	277
rna_coding	expanded_neutral_like_T95	A[G>C]G	16	0	0.0	0.0	class_specific	raw	combined_db_spectrum_weight_raw_by_functional_class	0.06589566351777144	0.0	AGG	62	188
rna_coding	expanded_neutral_like_T95	A[G>C]T	25	2	6.0	3.008884785438683e-07	class_specific	raw	combined_db_spectrum_weight_raw_by_functional_class	0.06589566351777144	4.566134742124897e-06	AGT	79	182
rna_coding	expanded_neutral_like_T95	A[G>T]A	30	6	63.0	2.971273725620699e-06	class_specific	raw	combined_db_spectrum_weight_raw_by_functional_class	0.06589566351777144	4.509058057848335e-05	AGA	84	176
rna_coding	expanded_neutral_like_T95	A[G>T]C	25	1	1.0	4.890985556577283e-08	class_specific	raw	combined_db_spectrum_weight_raw_by_functional_class	0.06589566351777144	7.422317790696849e-07	AGC	81	277
rna_coding	expanded_neutral_like_T95	A[G>T]G	17	1	50.0	3.194917984538386e-06	class_specific	raw	combined_db_spectrum_weight_raw_by_functional_class	0.06589566351777144	4.8484495245681025e-05	AGG	62	188
rna_coding	expanded_neutral_like_T95	A[G>T]T	25	2	4.0	2.005923190292455e-07	class_specific	raw	combined_db_spectrum_weight_raw_by_functional_class	0.06589566351777144	3.0440898280832643e-06	AGT	79	182
rna_coding	expanded_neutral_like_T95	A[T>A]A	35	4	423.0	1.8829195294944654e-05	class_specific	raw	combined_db_spectrum_weight_raw_by_functional_class	0.06589566351777144	0.0002857425555760068	ATA	89	361
rna_coding	expanded_neutral_like_T95	A[T>A]C	17	4	32.0	2.881235127874617e-06	class_specific	raw	combined_db_spectrum_weight_raw_by_functional_class	0.06589566351777144	4.372419934883234e-05	ATC	44	350
rna_coding	expanded_neutral_like_T95	A[T>A]G	10	1	9.0	8.489353501773426e-07	class_specific	raw	combined_db_spectrum_weight_raw_by_functional_class	0.06589566351777144	1.2883023022423815e-05	ATG	42	176
rna_coding	expanded_neutral_like_T95	A[T>A]T	27	1	1.0	5.426983973736437e-08	class_specific	raw	combined_db_spectrum_weight_raw_by_functional_class	0.06589566351777144	8.235722480088284e-07	ATT	73	342
rna_coding	expanded_neutral_like_T95	A[T>C]A	50	37	11316.0	0.0005037143592378102	class_specific	raw	combined_db_spectrum_weight_raw_by_functional_class	0.06589566351777144	0.007644119997395021	ATA	89	361
rna_coding	expanded_neutral_like_T95	A[T>C]C	22	18	16401.0	0.0014767230416334876	class_specific	raw	combined_db_spectrum_weight_raw_by_functional_class	0.06589566351777144	0.022410018547506228	ATC	44	350
rna_coding	expanded_neutral_like_T95	A[T>C]G	12	8	537.0	5.065314256058144e-05	class_specific	raw	combined_db_spectrum_weight_raw_by_functional_class	0.06589566351777144	0.0007686870403379543	ATG	42	176
rna_coding	expanded_neutral_like_T95	A[T>C]T	40	35	1871.0	0.00010153887014860873	class_specific	raw	combined_db_spectrum_weight_raw_by_functional_class	0.06589566351777144	0.0015409036760245178	ATT	73	342
rna_coding	expanded_neutral_like_T95	A[T>G]A	34	3	5.0	2.2256732027121342e-07	class_specific	raw	combined_db_spectrum_weight_raw_by_functional_class	0.06589566351777144	3.3775715789126108e-06	ATA	89	361
rna_coding	expanded_neutral_like_T95	A[T>G]C	17	2	7.0	6.302701842225725e-07	class_specific	raw	combined_db_spectrum_weight_raw_by_functional_class	0.06589566351777144	9.564668607557074e-06	ATC	44	350
rna_coding	expanded_neutral_like_T95	A[T>G]G	10	0	0.0	0.0	class_specific	raw	combined_db_spectrum_weight_raw_by_functional_class	0.06589566351777144	0.0	ATG	42	176
rna_coding	expanded_neutral_like_T95	A[T>G]T	27	3	3.0	1.628095192120931e-07	class_specific	raw	combined_db_spectrum_weight_raw_by_functional_class	0.06589566351777144	2.470716744026485e-06	ATT	73	342
rna_coding	expanded_neutral_like_T95	C[A>C]A	40	3	11.0	3.998044156798494e-07	class_specific	raw	combined_db_spectrum_weight_raw_by_functional_class	0.06589566351777144	6.067234083954946e-06	CAA	109	424
rna_coding	expanded_neutral_like_T95	C[A>C]C	28	18	689.0	4.13577292313669e-05	class_specific	raw	combined_db_spectrum_weight_raw_by_functional_class	0.06589566351777144	0.0006276244448196975	CAC	66	422
rna_coding	expanded_neutral_like_T95	C[A>C]G	22	4	14.0	8.803774001839108e-07	class_specific	raw	combined_db_spectrum_weight_raw_by_functional_class	0.06589566351777144	1.3360172023254327e-05	CAG	63	200
rna_coding	expanded_neutral_like_T95	C[A>C]T	25	2	12.0	8.643705383623853e-07	class_specific	raw	combined_db_spectrum_weight_raw_by_functional_class	0.06589566351777144	1.3117259804649704e-05	CAT	55	402
rna_coding	expanded_neutral_like_T95	C[A>G]A	57	37	626.0	2.275250583778052e-05	class_specific	raw	combined_db_spectrum_weight_raw_by_functional_class	0.06589566351777144	0.00034528077605052696	CAA	109	424
rna_coding	expanded_neutral_like_T95	C[A>G]C	37	32	4597.0	0.00027593828922582535	class_specific	raw	combined_db_spectrum_weight_raw_by_functional_class	0.06589566351777144	0.004187503008470464	CAC	66	422
rna_coding	expanded_neutral_like_T95	C[A>G]G	21	14	1441.0	9.061598811892968e-05	class_specific	raw	combined_db_spectrum_weight_raw_by_functional_class	0.06589566351777144	0.0013751434203935348	CAG	63	200
rna_coding	expanded_neutral_like_T95	C[A>G]T	26	18	2133.0	0.00015364186319391396	class_specific	raw	combined_db_spectrum_weight_raw_by_functional_class	0.06589566351777144	0.0023315929302764847	CAT	55	402
rna_coding	expanded_neutral_like_T95	C[A>T]A	46	12	92.0	3.3438187493223767e-06	class_specific	raw	combined_db_spectrum_weight_raw_by_functional_class	0.06589566351777144	5.074413961125955e-05	CAA	109	424
rna_coding	expanded_neutral_like_T95	C[A>T]C	24	13	295.0	1.7707590890062752e-05	class_specific	raw	combined_db_spectrum_weight_raw_by_functional_class	0.06589566351777144	0.00026872164183136543	CAC	66	422
rna_coding	expanded_neutral_like_T95	C[A>T]G	21	4	30.0	1.8865230003940946e-06	class_specific	raw	combined_db_spectrum_weight_raw_by_functional_class	0.06589566351777144	2.86289400498307e-05	CAG	63	200
rna_coding	expanded_neutral_like_T95	C[A>T]T	25	0	0.0	0.0	class_specific	raw	combined_db_spectrum_weight_raw_by_functional_class	0.06589566351777144	0.0	CAT	55	402
rna_coding	expanded_neutral_like_T95	C[C>A]A	36	9	90.0	4.456910588431049e-06	class_specific	raw	combined_db_spectrum_weight_raw_by_functional_class	0.06589566351777144	6.763587086772503e-05	CCA	80	425
rna_coding	expanded_neutral_like_T95	C[C>A]C	38	19	286.0	1.2315714283007536e-05	class_specific	raw	combined_db_spectrum_weight_raw_by_functional_class	0.06589566351777144	0.00018689718906443826	CCC	92	568
rna_coding	expanded_neutral_like_T95	C[C>A]G	10	3	41.0	5.075925947935361e-06	class_specific	raw	combined_db_spectrum_weight_raw_by_functional_class	0.06589566351777144	7.702974182157572e-05	CCG	32	137
rna_coding	expanded_neutral_like_T95	C[C>A]T	32	8	89.0	4.407389359670703e-06	class_specific	raw	combined_db_spectrum_weight_raw_by_functional_class	0.06589566351777144	6.688436119141696e-05	CCT	80	528
rna_coding	expanded_neutral_like_T95	C[C>G]A	35	3	8.0	3.961698300827599e-07	class_specific	raw	combined_db_spectrum_weight_raw_by_functional_class	0.06589566351777144	6.012077410464447e-06	CCA	80	425
rna_coding	expanded_neutral_like_T95	C[C>G]C	35	1	7.0	3.014335663673173e-07	class_specific	raw	combined_db_spectrum_weight_raw_by_functional_class	0.06589566351777144	4.574406725353383e-06	CCC	92	568
rna_coding	expanded_neutral_like_T95	C[C>G]G	9	0	0.0	0.0	class_specific	raw	combined_db_spectrum_weight_raw_by_functional_class	0.06589566351777144	0.0	CCG	32	137
rna_coding	expanded_neutral_like_T95	C[C>G]T	31	1	2.0	9.904245752068997e-08	class_specific	raw	combined_db_spectrum_weight_raw_by_functional_class	0.06589566351777144	1.5030193526161118e-06	CCT	80	528
rna_coding	expanded_neutral_like_T95	C[C>T]A	41	30	12287.0	0.0006084673377783588	class_specific	raw	combined_db_spectrum_weight_raw_by_functional_class	0.06589566351777144	0.009233799392797082	CCA	80	425
rna_coding	expanded_neutral_like_T95	C[C>T]C	50	39	2291.0	9.865490007821771e-05	class_specific	raw	combined_db_spectrum_weight_raw_by_functional_class	0.06589566351777144	0.0014971379725406575	CCC	92	568
rna_coding	expanded_neutral_like_T95	C[C>T]G	12	6	3202.0	0.0003964174362265616	class_specific	raw	combined_db_spectrum_weight_raw_by_functional_class	0.06589566351777144	0.006015834958845987	CCG	32	137
rna_coding	expanded_neutral_like_T95	C[C>T]T	37	23	586.0	2.901944005356216e-05	class_specific	raw	combined_db_spectrum_weight_raw_by_functional_class	0.06589566351777144	0.00044038467031652076	CCT	80	528
rna_coding	expanded_neutral_like_T95	C[G>A]A	12	10	53156.0	0.0058496676355219955	class_specific	raw	combined_db_spectrum_weight_raw_by_functional_class	0.06589566351777144	0.08877166300851337	CGA	36	123
rna_coding	expanded_neutral_like_T95	C[G>A]C	6	5	888.0	0.0001758994045567454	class_specific	raw	combined_db_spectrum_weight_raw_by_functional_class	0.06589566351777144	0.0026693623702462145	CGC	20	148
rna_coding	expanded_neutral_like_T95	C[G>A]G	4	2	2256.0	0.0004703995456140559	class_specific	raw	combined_db_spectrum_weight_raw_by_functional_class	0.06589566351777144	0.007138550862109364	CGG	19	84
rna_coding	expanded_neutral_like_T95	C[G>A]T	8	6	37481.0	0.0070708768577771065	class_specific	raw	combined_db_spectrum_weight_raw_by_functional_class	0.06589566351777144	0.10730413020077045	CGT	21	80
rna_coding	expanded_neutral_like_T95	C[G>C]A	9	1	1.0	1.1004717502298885e-07	class_specific	raw	combined_db_spectrum_weight_raw_by_functional_class	0.06589566351777144	1.6700215029067909e-06	CGA	36	123
rna_coding	expanded_neutral_like_T95	C[G>C]C	6	0	0.0	0.0	class_specific	raw	combined_db_spectrum_weight_raw_by_functional_class	0.06589566351777144	0.0	CGC	20	148
rna_coding	expanded_neutral_like_T95	C[G>C]G	4	0	0.0	0.0	class_specific	raw	combined_db_spectrum_weight_raw_by_functional_class	0.06589566351777144	0.0	CGG	19	84
rna_coding	expanded_neutral_like_T95	C[G>C]T	9	2	41.0	7.734744301615787e-06	class_specific	raw	combined_db_spectrum_weight_raw_by_functional_class	0.06589566351777144	0.00011737865420430585	CGT	21	80
rna_coding	expanded_neutral_like_T95	C[G>T]A	9	2	123.0	1.353580252782763e-05	class_specific	raw	combined_db_spectrum_weight_raw_by_functional_class	0.06589566351777144	0.00020541264485753527	CGA	36	123
rna_coding	expanded_neutral_like_T95	C[G>T]C	6	0	0.0	0.0	class_specific	raw	combined_db_spectrum_weight_raw_by_functional_class	0.06589566351777144	0.0	CGC	20	148
rna_coding	expanded_neutral_like_T95	C[G>T]G	4	0	0.0	0.0	class_specific	raw	combined_db_spectrum_weight_raw_by_functional_class	0.06589566351777144	0.0	CGG	19	84
rna_coding	expanded_neutral_like_T95	C[G>T]T	8	1	1.0	1.8865230003940947e-07	class_specific	raw	combined_db_spectrum_weight_raw_by_functional_class	0.06589566351777144	2.8628940049830703e-06	CGT	21	80
rna_coding	expanded_neutral_like_T95	C[T>A]A	38	5	216.0	1.1259563591825807e-05	class_specific	raw	combined_db_spectrum_weight_raw_by_functional_class	0.06589566351777144	0.00017086956850793691	CTA	76	503
rna_coding	expanded_neutral_like_T95	C[T>A]C	21	5	49.0	3.662702202651931e-06	class_specific	raw	combined_db_spectrum_weight_raw_by_functional_class	0.06589566351777144	5.55833571910864e-05	CTC	53	405
rna_coding	expanded_neutral_like_T95	C[T>A]G	10	1	1.0	9.662678782506338e-08	class_specific	raw	combined_db_spectrum_weight_raw_by_functional_class	0.06589566351777144	1.4663603440157186e-06	CTG	41	179
rna_coding	expanded_neutral_like_T95	C[T>A]T	28	1	2.0	9.781971113154565e-08	class_specific	raw	combined_db_spectrum_weight_raw_by_functional_class	0.06589566351777144	1.4844635581393698e-06	CTT	81	325
rna_coding	expanded_neutral_like_T95	C[T>C]A	43	32	9865.0	0.0005142388649692665	class_specific	raw	combined_db_spectrum_weight_raw_by_functional_class	0.06589566351777144	0.007803834691346285	CTA	76	503
rna_coding	expanded_neutral_like_T95	C[T>C]C	27	24	18517.0	0.0013841276874797103	class_specific	raw	combined_db_spectrum_weight_raw_by_functional_class	0.06589566351777144	0.02100483724708871	CTC	53	405
rna_coding	expanded_neutral_like_T95	C[T>C]G	14	9	2432.0	0.00023499634799055416	class_specific	raw	combined_db_spectrum_weight_raw_by_functional_class	0.06589566351777144	0.0035661883566462283	CTG	41	179
rna_coding	expanded_neutral_like_T95	C[T>C]T	31	22	6711.0	0.00032823404070190143	class_specific	raw	combined_db_spectrum_weight_raw_by_functional_class	0.06589566351777144	0.004981117469336655	CTT	81	325
rna_coding	expanded_neutral_like_T95	C[T>G]A	36	6	27.0	1.407445448978226e-06	class_specific	raw	combined_db_spectrum_weight_raw_by_functional_class	0.06589566351777144	2.1358696063492118e-05	CTA	76	503
rna_coding	expanded_neutral_like_T95	C[T>G]C	22	6	2233.0	0.00016691457180656655	class_specific	raw	combined_db_spectrum_weight_raw_by_functional_class	0.06589566351777144	0.0025330129919937943	CTC	53	405
rna_coding	expanded_neutral_like_T95	C[T>G]G	11	1	22.0	2.1257893321513943e-06	class_specific	raw	combined_db_spectrum_weight_raw_by_functional_class	0.06589566351777144	3.225992756834581e-05	CTG	41	179
rna_coding	expanded_neutral_like_T95	C[T>G]T	29	0	0.0	0.0	class_specific	raw	combined_db_spectrum_weight_raw_by_functional_class	0.06589566351777144	0.0	CTT	81	325
rna_coding	expanded_neutral_like_T95	G[A>C]A	22	0	0.0	0.0	class_specific	raw	combined_db_spectrum_weight_raw_by_functional_class	0.06589566351777144	0.0	GAA	71	201
rna_coding	expanded_neutral_like_T95	G[A>C]C	13	5	79.0	8.024978609368726e-06	class_specific	raw	combined_db_spectrum_weight_raw_by_functional_class	0.06589566351777144	0.00012178310651966445	GAC	39	160
rna_coding	expanded_neutral_like_T95	G[A>C]G	18	2	7.0	5.135534834406147e-07	class_specific	raw	combined_db_spectrum_weight_raw_by_functional_class	0.06589566351777144	7.79343368023169e-06	GAG	54	143
rna_coding	expanded_neutral_like_T95	G[A>C]T	7	0	0.0	0.0	class_specific	raw	combined_db_spectrum_weight_raw_by_functional_class	0.06589566351777144	0.0	GAT	50	135
rna_coding	expanded_neutral_like_T95	G[A>G]A	23	13	947.0	5.2841243533573744e-05	class_specific	raw	combined_db_spectrum_weight_raw_by_functional_class	0.06589566351777144	0.0008018925785506805	GAA	71	201
rna_coding	expanded_neutral_like_T95	G[A>G]C	15	14	1067.0	0.00010838800223033456	class_specific	raw	combined_db_spectrum_weight_raw_by_functional_class	0.06589566351777144	0.0016448427171706578	GAC	39	160
rna_coding	expanded_neutral_like_T95	G[A>G]G	17	12	791.0	5.803154362878946e-05	class_specific	raw	combined_db_spectrum_weight_raw_by_functional_class	0.06589566351777144	0.0008806580058661811	GAG	54	143
rna_coding	expanded_neutral_like_T95	G[A>G]T	9	8	2593.0	0.00020545367388091927	class_specific	raw	combined_db_spectrum_weight_raw_by_functional_class	0.06589566351777144	0.003117863345066862	GAT	50	135
rna_coding	expanded_neutral_like_T95	G[A>T]A	23	1	4.0	2.231942704691605e-07	class_specific	raw	combined_db_spectrum_weight_raw_by_functional_class	0.06589566351777144	3.3870858650503925e-06	GAA	71	201
rna_coding	expanded_neutral_like_T95	G[A>T]C	11	4	29.0	2.9458782236923172e-06	class_specific	raw	combined_db_spectrum_weight_raw_by_functional_class	0.06589566351777144	4.470519100088948e-05	GAC	39	160
rna_coding	expanded_neutral_like_T95	G[A>T]G	19	3	86.0	6.3093713679846945e-06	class_specific	raw	combined_db_spectrum_weight_raw_by_functional_class	0.06589566351777144	9.574789949998935e-05	GAG	54	143
rna_coding	expanded_neutral_like_T95	G[A>T]T	7	0	0.0	0.0	class_specific	raw	combined_db_spectrum_weight_raw_by_functional_class	0.06589566351777144	0.0	GAT	50	135
rna_coding	expanded_neutral_like_T95	G[C>A]A	21	4	10.0	7.618650578514613e-07	class_specific	raw	combined_db_spectrum_weight_raw_by_functional_class	0.06589566351777144	1.1561687327816244e-05	GCA	52	202
rna_coding	expanded_neutral_like_T95	G[C>A]C	20	4	42.0	3.869565782203701e-06	class_specific	raw	combined_db_spectrum_weight_raw_by_functional_class	0.06589566351777144	5.872261656732716e-05	GCC	43	264
rna_coding	expanded_neutral_like_T95	G[C>A]G	4	0	0.0	0.0	class_specific	raw	combined_db_spectrum_weight_raw_by_functional_class	0.06589566351777144	0.0	GCG	19	61
rna_coding	expanded_neutral_like_T95	G[C>A]T	17	5	14.0	1.008432294756116e-06	class_specific	raw	combined_db_spectrum_weight_raw_by_functional_class	0.06589566351777144	1.530346977209132e-05	GCT	55	184
rna_coding	expanded_neutral_like_T95	G[C>G]A	19	0	0.0	0.0	class_specific	raw	combined_db_spectrum_weight_raw_by_functional_class	0.06589566351777144	0.0	GCA	52	202
rna_coding	expanded_neutral_like_T95	G[C>G]C	20	1	1.0	9.213251862389765e-08	class_specific	raw	combined_db_spectrum_weight_raw_by_functional_class	0.06589566351777144	1.3981575373173134e-06	GCC	43	264
rna_coding	expanded_neutral_like_T95	G[C>G]G	4	0	0.0	0.0	class_specific	raw	combined_db_spectrum_weight_raw_by_functional_class	0.06589566351777144	0.0	GCG	19	61
rna_coding	expanded_neutral_like_T95	G[C>G]T	15	2	5.0	3.6015439098432714e-07	class_specific	raw	combined_db_spectrum_weight_raw_by_functional_class	0.06589566351777144	5.4655249186040425e-06	GCT	55	184
rna_coding	expanded_neutral_like_T95	G[C>T]A	22	11	273.0	2.0798916079344895e-05	class_specific	raw	combined_db_spectrum_weight_raw_by_functional_class	0.06589566351777144	0.0003156340640493835	GCA	52	202
rna_coding	expanded_neutral_like_T95	G[C>T]C	21	12	583.0	5.371325835773233e-05	class_specific	raw	combined_db_spectrum_weight_raw_by_functional_class	0.06589566351777144	0.0008151258442559937	GCC	43	264
rna_coding	expanded_neutral_like_T95	G[C>T]G	6	2	111.0	2.3144658494308605e-05	class_specific	raw	combined_db_spectrum_weight_raw_by_functional_class	0.06589566351777144	0.00035123189082187034	GCG	19	61
rna_coding	expanded_neutral_like_T95	G[C>T]T	21	13	590.0	4.249821813615061e-05	class_specific	raw	combined_db_spectrum_weight_raw_by_functional_class	0.06589566351777144	0.0006449319403952771	GCT	55	184
rna_coding	expanded_neutral_like_T95	G[G>A]A	10	7	20460.0	0.001976984078900797	class_specific	raw	combined_db_spectrum_weight_raw_by_functional_class	0.06589566351777144	0.03000173263856161	GGA	41	131
rna_coding	expanded_neutral_like_T95	G[G>A]C	13	8	794.0	8.987395573877467e-05	class_specific	raw	combined_db_spectrum_weight_raw_by_functional_class	0.06589566351777144	0.0013638827039739346	GGC	35	158
rna_coding	expanded_neutral_like_T95	G[G>A]G	18	11	1493.0	0.00015565304113514752	class_specific	raw	combined_db_spectrum_weight_raw_by_functional_class	0.06589566351777144	0.0023621135720587948	GGG	38	128
rna_coding	expanded_neutral_like_T95	G[G>A]T	15	5	13304.0	0.0009944610225322713	class_specific	raw	combined_db_spectrum_weight_raw_by_functional_class	0.06589566351777144	0.015091448654494152	GGT	53	122
rna_coding	expanded_neutral_like_T95	G[G>C]A	10	0	0.0	0.0	class_specific	raw	combined_db_spectrum_weight_raw_by_functional_class	0.06589566351777144	0.0	GGA	41	131
rna_coding	expanded_neutral_like_T95	G[G>C]C	12	0	0.0	0.0	class_specific	raw	combined_db_spectrum_weight_raw_by_functional_class	0.06589566351777144	0.0	GGC	35	158
rna_coding	expanded_neutral_like_T95	G[G>C]G	11	0	0.0	0.0	class_specific	raw	combined_db_spectrum_weight_raw_by_functional_class	0.06589566351777144	0.0	GGG	38	128
rna_coding	expanded_neutral_like_T95	G[G>C]T	20	1	1.0	7.474902454391696e-08	class_specific	raw	combined_db_spectrum_weight_raw_by_functional_class	0.06589566351777144	1.1343542283895183e-06	GGT	53	122
rna_coding	expanded_neutral_like_T95	G[G>T]A	11	1	35.0	3.3819375738772187e-06	class_specific	raw	combined_db_spectrum_weight_raw_by_functional_class	0.06589566351777144	5.132261204055016e-05	GGA	41	131
rna_coding	expanded_neutral_like_T95	G[G>T]C	14	0	0.0	0.0	class_specific	raw	combined_db_spectrum_weight_raw_by_functional_class	0.06589566351777144	0.0	GGC	35	158
rna_coding	expanded_neutral_like_T95	G[G>T]G	11	1	1.0	1.0425521844283155e-07	class_specific	raw	combined_db_spectrum_weight_raw_by_functional_class	0.06589566351777144	1.5821256343327494e-06	GGG	38	128
rna_coding	expanded_neutral_like_T95	G[G>T]T	21	2	2.0	1.4949804908783393e-07	class_specific	raw	combined_db_spectrum_weight_raw_by_functional_class	0.06589566351777144	2.2687084567790367e-06	GGT	53	122
rna_coding	expanded_neutral_like_T95	G[T>A]A	16	1	1.0	6.714742882758642e-08	class_specific	raw	combined_db_spectrum_weight_raw_by_functional_class	0.06589566351777144	1.0189961712651606e-06	GTA	59	167
rna_coding	expanded_neutral_like_T95	G[T>A]C	10	0	0.0	0.0	class_specific	raw	combined_db_spectrum_weight_raw_by_functional_class	0.06589566351777144	0.0	GTC	35	115
rna_coding	expanded_neutral_like_T95	G[T>A]G	14	1	127.0	1.3240412742239607e-05	class_specific	raw	combined_db_spectrum_weight_raw_by_functional_class	0.06589566351777144	0.00020092995556025917	GTG	38	87
rna_coding	expanded_neutral_like_T95	G[T>A]T	15	0	0.0	0.0	class_specific	raw	combined_db_spectrum_weight_raw_by_functional_class	0.06589566351777144	0.0	GTT	64	137
rna_coding	expanded_neutral_like_T95	G[T>C]A	20	17	21108.0	0.0014173479276926942	class_specific	raw	combined_db_spectrum_weight_raw_by_functional_class	0.06589566351777144	0.02150897118306501	GTA	59	167
rna_coding	expanded_neutral_like_T95	G[T>C]C	16	14	5162.0	0.000584293903682059	class_specific	raw	combined_db_spectrum_weight_raw_by_functional_class	0.06589566351777144	0.008866955312233565	GTC	35	115
rna_coding	expanded_neutral_like_T95	G[T>C]G	17	12	1336.0	0.00013928497183962295	class_specific	raw	combined_db_spectrum_weight_raw_by_functional_class	0.06589566351777144	0.0021137198474685532	GTG	38	87
rna_coding	expanded_neutral_like_T95	G[T>C]T	20	17	9530.0	0.0005899216376076097	class_specific	raw	combined_db_spectrum_weight_raw_by_functional_class	0.06589566351777144	0.008952359019019716	GTT	64	137
rna_coding	expanded_neutral_like_T95	G[T>G]A	15	0	0.0	0.0	class_specific	raw	combined_db_spectrum_weight_raw_by_functional_class	0.06589566351777144	0.0	GTA	59	167
rna_coding	expanded_neutral_like_T95	G[T>G]C	10	1	1.0	1.1319138002364568e-07	class_specific	raw	combined_db_spectrum_weight_raw_by_functional_class	0.06589566351777144	1.717736402989842e-06	GTC	35	115
rna_coding	expanded_neutral_like_T95	G[T>G]G	16	3	18.0	1.876593931970968e-06	class_specific	raw	combined_db_spectrum_weight_raw_by_functional_class	0.06589566351777144	2.8478261417989487e-05	GTG	38	87
rna_coding	expanded_neutral_like_T95	G[T>G]T	14	1	1.0	6.190153595043123e-08	class_specific	raw	combined_db_spectrum_weight_raw_by_functional_class	0.06589566351777144	9.393870953850698e-07	GTT	64	137
rna_coding	expanded_neutral_like_T95	T[A>C]A	35	1	357.0	1.0323549586828122e-05	class_specific	raw	combined_db_spectrum_weight_raw_by_functional_class	0.06589566351777144	0.00015666508288582535	TAA	137	402
rna_coding	expanded_neutral_like_T95	T[A>C]C	18	0	0.0	0.0	class_specific	raw	combined_db_spectrum_weight_raw_by_functional_class	0.06589566351777144	0.0	TAC	60	364
rna_coding	expanded_neutral_like_T95	T[A>C]G	30	1	1.0	4.6608215303854106e-08	class_specific	raw	combined_db_spectrum_weight_raw_by_functional_class	0.06589566351777144	7.073032247605232e-07	TAG	85	278
rna_coding	expanded_neutral_like_T95	T[A>C]T	22	1	33.0	2.293614805742294e-06	class_specific	raw	combined_db_spectrum_weight_raw_by_functional_class	0.06589566351777144	3.4806763955320484e-05	TAT	57	330
rna_coding	expanded_neutral_like_T95	T[A>G]A	63	51	7037.0	0.00020349248863448037	class_specific	raw	combined_db_spectrum_weight_raw_by_functional_class	0.06589566351777144	0.003088101367696227	TAA	137	402
rna_coding	expanded_neutral_like_T95	T[A>G]C	29	23	1775.0	0.00011720024139948313	class_specific	raw	combined_db_spectrum_weight_raw_by_functional_class	0.06589566351777144	0.0017785729005957323	TAC	60	364
rna_coding	expanded_neutral_like_T95	T[A>G]G	35	20	15030.0	0.0007005214760169272	class_specific	raw	combined_db_spectrum_weight_raw_by_functional_class	0.06589566351777144	0.010630767468150663	TAG	85	278
rna_coding	expanded_neutral_like_T95	T[A>G]T	31	19	1006.0	6.992049983565902e-05	class_specific	raw	combined_db_spectrum_weight_raw_by_functional_class	0.06589566351777144	0.0010610789254258304	TAT	57	330
rna_coding	expanded_neutral_like_T95	T[A>T]A	37	7	34.0	9.831951987455354e-07	class_specific	raw	combined_db_spectrum_weight_raw_by_functional_class	0.06589566351777144	1.492048408436432e-05	TAA	137	402
rna_coding	expanded_neutral_like_T95	T[A>T]C	21	6	26.0	1.7167359303586262e-06	class_specific	raw	combined_db_spectrum_weight_raw_by_functional_class	0.06589566351777144	2.605233544534594e-05	TAC	60	364
rna_coding	expanded_neutral_like_T95	T[A>T]G	32	3	6.0	2.796492918231246e-07	class_specific	raw	combined_db_spectrum_weight_raw_by_functional_class	0.06589566351777144	4.243819348563139e-06	TAG	85	278
rna_coding	expanded_neutral_like_T95	T[A>T]T	23	2	3.0	2.085104368856631e-07	class_specific	raw	combined_db_spectrum_weight_raw_by_functional_class	0.06589566351777144	3.1642512686654987e-06	TAT	57	330
rna_coding	expanded_neutral_like_T95	T[C>A]A	32	8	94.0	5.032427571321544e-06	class_specific	raw	combined_db_spectrum_weight_raw_by_functional_class	0.06589566351777144	7.636963197076459e-05	TCA	74	394
rna_coding	expanded_neutral_like_T95	T[C>A]C	15	4	44.0	3.9616983008275985e-06	class_specific	raw	combined_db_spectrum_weight_raw_by_functional_class	0.06589566351777144	6.012077410464447e-05	TCC	44	353
rna_coding	expanded_neutral_like_T95	T[C>A]G	4	1	220.0	4.8420757010115096e-05	class_specific	raw	combined_db_spectrum_weight_raw_by_functional_class	0.06589566351777144	0.000734809461278988	TCG	18	120
rna_coding	expanded_neutral_like_T95	T[C>A]T	19	5	38.0	3.1363444881551823e-06	class_specific	raw	combined_db_spectrum_weight_raw_by_functional_class	0.06589566351777144	4.759561283284354e-05	TCT	48	309
rna_coding	expanded_neutral_like_T95	T[C>G]A	31	3	4.0	2.1414585409878913e-07	class_specific	raw	combined_db_spectrum_weight_raw_by_functional_class	0.06589566351777144	3.2497715732240253e-06	TCA	74	394
rna_coding	expanded_neutral_like_T95	T[C>G]C	16	2	2.0	1.8007719549216357e-07	class_specific	raw	combined_db_spectrum_weight_raw_by_functional_class	0.06589566351777144	2.7327624593020212e-06	TCC	44	353
rna_coding	expanded_neutral_like_T95	T[C>G]G	3	0	0.0	0.0	class_specific	raw	combined_db_spectrum_weight_raw_by_functional_class	0.06589566351777144	0.0	TCG	18	120
rna_coding	expanded_neutral_like_T95	T[C>G]T	20	1	4.0	3.301415250689666e-07	class_specific	raw	combined_db_spectrum_weight_raw_by_functional_class	0.06589566351777144	5.010064508720373e-06	TCT	48	309
rna_coding	expanded_neutral_like_T95	T[C>T]A	39	31	1136.0	6.081742256405611e-05	class_specific	raw	combined_db_spectrum_weight_raw_by_functional_class	0.06589566351777144	0.0009229351267956232	TCA	74	394
rna_coding	expanded_neutral_like_T95	T[C>T]C	20	13	1914.0	0.00017233387608600056	class_specific	raw	combined_db_spectrum_weight_raw_by_functional_class	0.06589566351777144	0.0026152536735520346	TCC	44	353
rna_coding	expanded_neutral_like_T95	T[C>T]G	4	2	97.0	2.1349151954459837e-05	class_specific	raw	combined_db_spectrum_weight_raw_by_functional_class	0.06589566351777144	0.0003239841715639174	TCG	18	120
rna_coding	expanded_neutral_like_T95	T[C>T]T	24	11	185.0	1.5269045534439702e-05	class_specific	raw	combined_db_spectrum_weight_raw_by_functional_class	0.06589566351777144	0.00023171548352831723	TCT	48	309
rna_coding	expanded_neutral_like_T95	T[G>A]A	21	12	993.0	7.285122986521863e-05	class_specific	raw	combined_db_spectrum_weight_raw_by_functional_class	0.06589566351777144	0.0011055542349242956	TGA	54	211
rna_coding	expanded_neutral_like_T95	T[G>A]C	8	6	3207.0	0.00038500504396224574	class_specific	raw	combined_db_spectrum_weight_raw_by_functional_class	0.06589566351777144	0.005842646137987722	TGC	33	128
rna_coding	expanded_neutral_like_T95	T[G>A]G	13	10	2457.0	0.00020278943177361273	class_specific	raw	combined_db_spectrum_weight_raw_by_functional_class	0.06589566351777144	0.003077432124481489	TGG	48	139
rna_coding	expanded_neutral_like_T95	T[G>A]T	9	6	466.0	4.102558684857025e-05	class_specific	raw	combined_db_spectrum_weight_raw_by_functional_class	0.06589566351777144	0.0006225840162836516	TGT	45	123
rna_coding	expanded_neutral_like_T95	T[G>C]A	18	2	18.0	1.3205661002758663e-06	class_specific	raw	combined_db_spectrum_weight_raw_by_functional_class	0.06589566351777144	2.004025803488149e-05	TGA	54	211
rna_coding	expanded_neutral_like_T95	T[G>C]C	9	2	8.0	9.604117092915392e-07	class_specific	raw	combined_db_spectrum_weight_raw_by_functional_class	0.06589566351777144	1.4574733116277449e-05	TGC	33	128
rna_coding	expanded_neutral_like_T95	T[G>C]G	8	0	0.0	0.0	class_specific	raw	combined_db_spectrum_weight_raw_by_functional_class	0.06589566351777144	0.0	TGG	48	139
rna_coding	expanded_neutral_like_T95	T[G>C]T	8	2	15.0	1.3205661002758663e-06	class_specific	raw	combined_db_spectrum_weight_raw_by_functional_class	0.06589566351777144	2.004025803488149e-05	TGT	45	123
rna_coding	expanded_neutral_like_T95	T[G>T]A	19	2	2.0	1.4672956669731848e-07	class_specific	raw	combined_db_spectrum_weight_raw_by_functional_class	0.06589566351777144	2.2266953372090546e-06	TGA	54	211
rna_coding	expanded_neutral_like_T95	T[G>T]C	8	1	1.0	1.200514636614424e-07	class_specific	raw	combined_db_spectrum_weight_raw_by_functional_class	0.06589566351777144	1.8218416395346811e-06	TGC	33	128
rna_coding	expanded_neutral_like_T95	T[G>T]G	8	2	3.0	2.4760614380172496e-07	class_specific	raw	combined_db_spectrum_weight_raw_by_functional_class	0.06589566351777144	3.75754838154028e-06	TGG	48	139
rna_coding	expanded_neutral_like_T95	T[G>T]T	9	0	0.0	0.0	class_specific	raw	combined_db_spectrum_weight_raw_by_functional_class	0.06589566351777144	0.0	TGT	45	123
rna_coding	expanded_neutral_like_T95	T[T>A]A	40	7	1274.0	4.506431817191394e-05	class_specific	raw	combined_db_spectrum_weight_raw_by_functional_class	0.06589566351777144	0.000683873805440331	TTA	112	341
rna_coding	expanded_neutral_like_T95	T[T>A]C	14	1	13.0	9.537421835325702e-07	class_specific	raw	combined_db_spectrum_weight_raw_by_functional_class	0.06589566351777144	1.4473519691858856e-05	TTC	54	308
rna_coding	expanded_neutral_like_T95	T[T>A]G	14	4	87.0	6.2666864031272925e-06	class_specific	raw	combined_db_spectrum_weight_raw_by_functional_class	0.06589566351777144	9.510013358371034e-05	TTG	55	157
rna_coding	expanded_neutral_like_T95	T[T>A]T	36	3	33.0	1.5027131485897787e-06	class_specific	raw	combined_db_spectrum_weight_raw_by_functional_class	0.06589566351777144	2.2804431556934107e-05	TTT	87	285
rna_coding	expanded_neutral_like_T95	T[T>C]A	52	32	11023.0	0.00038990893187520196	class_specific	raw	combined_db_spectrum_weight_raw_by_functional_class	0.06589566351777144	0.005917065115674071	TTA	112	341
rna_coding	expanded_neutral_like_T95	T[T>C]C	18	11	1290.0	9.464057051977041e-05	class_specific	raw	combined_db_spectrum_weight_raw_by_functional_class	0.06589566351777144	0.0014362184924998401	TTC	54	308
rna_coding	expanded_neutral_like_T95	T[T>C]G	18	14	608.0	4.379477394369418e-05	class_specific	raw	combined_db_spectrum_weight_raw_by_functional_class	0.06589566351777144	0.0006646078301022516	TTG	55	157
rna_coding	expanded_neutral_like_T95	T[T>C]T	39	22	25110.0	0.0011434280957905863	class_specific	raw	combined_db_spectrum_weight_raw_by_functional_class	0.06589566351777144	0.01735209928468532	TTT	87	285
rna_coding	expanded_neutral_like_T95	T[T>G]A	39	2	12.0	4.244676750886713e-07	class_specific	raw	combined_db_spectrum_weight_raw_by_functional_class	0.06589566351777144	6.441511511211907e-06	TTA	112	341
rna_coding	expanded_neutral_like_T95	T[T>G]C	13	1	1.0	7.336478334865924e-08	class_specific	raw	combined_db_spectrum_weight_raw_by_functional_class	0.06589566351777144	1.1133476686045273e-06	TTC	54	308
rna_coding	expanded_neutral_like_T95	T[T>G]G	12	1	56.0	4.033729179024464e-06	class_specific	raw	combined_db_spectrum_weight_raw_by_functional_class	0.06589566351777144	6.121387908836528e-05	TTG	55	157
rna_coding	expanded_neutral_like_T95	T[T>G]T	32	0	0.0	0.0	class_specific	raw	combined_db_spectrum_weight_raw_by_functional_class	0.06589566351777144	0.0	TTT	87	285
rna_coding	unlabeled_out_of_neutral_domain_T95	A[A>C]A	122	2	2.0	4.3535146162940644e-08	class_specific	raw	combined_db_spectrum_weight_raw_by_functional_class	0.06589566351777144	6.606678473037853e-07	AAA	182	490
rna_coding	unlabeled_out_of_neutral_domain_T95	A[A>C]C	73	7	8.0	2.6193046617041976e-07	class_specific	raw	combined_db_spectrum_weight_raw_by_functional_class	0.06589566351777144	3.974927213530213e-06	AAC	121	462
rna_coding	unlabeled_out_of_neutral_domain_T95	A[A>C]G	69	1	1.0	3.8463090299297074e-08	class_specific	raw	combined_db_spectrum_weight_raw_by_functional_class	0.06589566351777144	5.83696835967422e-07	AAG	103	202
rna_coding	unlabeled_out_of_neutral_domain_T95	A[A>C]T	59	4	13.0	5.919779070202159e-07	class_specific	raw	combined_db_spectrum_weight_raw_by_functional_class	0.06589566351777144	8.983563946671014e-06	AAT	87	364
rna_coding	unlabeled_out_of_neutral_domain_T95	A[A>G]A	96	30	68.0	1.480194969539982e-06	class_specific	raw	combined_db_spectrum_weight_raw_by_functional_class	0.06589566351777144	2.2462706808328702e-05	AAA	182	490
rna_coding	unlabeled_out_of_neutral_domain_T95	A[A>G]C	46	25	70.0	2.2918915789911727e-06	class_specific	raw	combined_db_spectrum_weight_raw_by_functional_class	0.06589566351777144	3.478061311838936e-05	AAC	121	462
rna_coding	unlabeled_out_of_neutral_domain_T95	A[A>G]G	64	30	136.0	5.230980280704403e-06	class_specific	raw	combined_db_spectrum_weight_raw_by_functional_class	0.06589566351777144	7.938276969156941e-05	AAG	103	202
rna_coding	unlabeled_out_of_neutral_domain_T95	A[A>G]T	45	24	39.0	1.7759337210606478e-06	class_specific	raw	combined_db_spectrum_weight_raw_by_functional_class	0.06589566351777144	2.695069184001304e-05	AAT	87	364
rna_coding	unlabeled_out_of_neutral_domain_T95	A[A>T]A	125	13	15.0	3.265135962220548e-07	class_specific	raw	combined_db_spectrum_weight_raw_by_functional_class	0.06589566351777144	4.95500885477839e-06	AAA	182	490
rna_coding	unlabeled_out_of_neutral_domain_T95	A[A>T]C	74	10	13.0	4.256370075269321e-07	class_specific	raw	combined_db_spectrum_weight_raw_by_functional_class	0.06589566351777144	6.459256721986596e-06	AAC	121	462
rna_coding	unlabeled_out_of_neutral_domain_T95	A[A>T]G	68	2	4.0	1.538523611971883e-07	class_specific	raw	combined_db_spectrum_weight_raw_by_functional_class	0.06589566351777144	2.334787343869688e-06	AAG	103	202
rna_coding	unlabeled_out_of_neutral_domain_T95	A[A>T]T	60	3	4.0	1.821470483139126e-07	class_specific	raw	combined_db_spectrum_weight_raw_by_functional_class	0.06589566351777144	2.7641735220526194e-06	AAT	87	364
rna_coding	unlabeled_out_of_neutral_domain_T95	A[C>A]A	53	2	5.0	2.2768381039239075e-07	class_specific	raw	combined_db_spectrum_weight_raw_by_functional_class	0.06589566351777144	3.4552169025657745e-06	ACA	87	425
rna_coding	unlabeled_out_of_neutral_domain_T95	A[C>A]C	58	5	12.0	4.571190347108768e-07	class_specific	raw	combined_db_spectrum_weight_raw_by_functional_class	0.06589566351777144	6.937012396689747e-06	ACC	104	473
rna_coding	unlabeled_out_of_neutral_domain_T95	A[C>A]G	16	1	4.0	5.869182667892739e-07	class_specific	raw	combined_db_spectrum_weight_raw_by_functional_class	0.06589566351777144	8.906781348836219e-06	ACG	27	117
rna_coding	unlabeled_out_of_neutral_domain_T95	A[C>A]T	38	3	5.0	2.9130134564908815e-07	class_specific	raw	combined_db_spectrum_weight_raw_by_functional_class	0.06589566351777144	4.42064515475327e-06	ACT	68	391
rna_coding	unlabeled_out_of_neutral_domain_T95	A[C>G]A	54	1	1.0	4.553676207847815e-08	class_specific	raw	combined_db_spectrum_weight_raw_by_functional_class	0.06589566351777144	6.910433805131549e-07	ACA	87	425
rna_coding	unlabeled_out_of_neutral_domain_T95	A[C>G]C	55	0	0.0	0.0	class_specific	raw	combined_db_spectrum_weight_raw_by_functional_class	0.06589566351777144	0.0	ACC	104	473
rna_coding	unlabeled_out_of_neutral_domain_T95	A[C>G]G	16	0	0.0	0.0	class_specific	raw	combined_db_spectrum_weight_raw_by_functional_class	0.06589566351777144	0.0	ACG	27	117
rna_coding	unlabeled_out_of_neutral_domain_T95	A[C>G]T	36	2	2.0	1.1652053825963526e-07	class_specific	raw	combined_db_spectrum_weight_raw_by_functional_class	0.06589566351777144	1.768258061901308e-06	ACT	68	391
rna_coding	unlabeled_out_of_neutral_domain_T95	A[C>T]A	35	11	103.0	4.690286494083249e-06	class_specific	raw	combined_db_spectrum_weight_raw_by_functional_class	0.06589566351777144	7.117746819285494e-05	ACA	87	425
rna_coding	unlabeled_out_of_neutral_domain_T95	A[C>T]C	46	20	40.0	1.5237301157029228e-06	class_specific	raw	combined_db_spectrum_weight_raw_by_functional_class	0.06589566351777144	2.3123374655632492e-05	ACC	104	473
rna_coding	unlabeled_out_of_neutral_domain_T95	A[C>T]G	15	3	17.0	2.494402633854414e-06	class_specific	raw	combined_db_spectrum_weight_raw_by_functional_class	0.06589566351777144	3.7853820732553925e-05	ACG	27	117
rna_coding	unlabeled_out_of_neutral_domain_T95	A[C>T]T	25	7	19.0	1.106945113466535e-06	class_specific	raw	combined_db_spectrum_weight_raw_by_functional_class	0.06589566351777144	1.6798451588062427e-05	ACT	68	391
rna_coding	unlabeled_out_of_neutral_domain_T95	A[G>A]A	52	25	71.0	3.348578325699518e-06	class_specific	raw	combined_db_spectrum_weight_raw_by_functional_class	0.06589566351777144	5.081636858844949e-05	AGA	84	176
rna_coding	unlabeled_out_of_neutral_domain_T95	A[G>A]C	56	38	232.0	1.1347086491259294e-05	class_specific	raw	combined_db_spectrum_weight_raw_by_functional_class	0.06589566351777144	0.00017219777274416685	AGC	81	277
rna_coding	unlabeled_out_of_neutral_domain_T95	A[G>A]G	42	27	59.0	3.7700032217552955e-06	class_specific	raw	combined_db_spectrum_weight_raw_by_functional_class	0.06589566351777144	5.721170438990361e-05	AGG	62	188
rna_coding	unlabeled_out_of_neutral_domain_T95	A[G>A]T	47	21	43.0	2.156367429564389e-06	class_specific	raw	combined_db_spectrum_weight_raw_by_functional_class	0.06589566351777144	3.2723965651895094e-05	AGT	79	182
rna_coding	unlabeled_out_of_neutral_domain_T95	A[G>C]A	56	1	1.0	4.716307500985237e-08	class_specific	raw	combined_db_spectrum_weight_raw_by_functional_class	0.06589566351777144	7.157235012457676e-07	AGA	84	176
rna_coding	unlabeled_out_of_neutral_domain_T95	A[G>C]C	57	4	4.0	1.956394222630913e-07	class_specific	raw	combined_db_spectrum_weight_raw_by_functional_class	0.06589566351777144	2.9689271162787397e-06	AGC	81	277
rna_coding	unlabeled_out_of_neutral_domain_T95	A[G>C]G	46	1	1.0	6.389835969076772e-08	class_specific	raw	combined_db_spectrum_weight_raw_by_functional_class	0.06589566351777144	9.696899049136203e-07	AGG	62	188
rna_coding	unlabeled_out_of_neutral_domain_T95	A[G>C]T	54	3	3.0	1.5044423927193412e-07	class_specific	raw	combined_db_spectrum_weight_raw_by_functional_class	0.06589566351777144	2.283067371062448e-06	AGT	79	182
rna_coding	unlabeled_out_of_neutral_domain_T95	A[G>T]A	54	0	0.0	0.0	class_specific	raw	combined_db_spectrum_weight_raw_by_functional_class	0.06589566351777144	0.0	AGA	84	176
rna_coding	unlabeled_out_of_neutral_domain_T95	A[G>T]C	56	0	0.0	0.0	class_specific	raw	combined_db_spectrum_weight_raw_by_functional_class	0.06589566351777144	0.0	AGC	81	277
rna_coding	unlabeled_out_of_neutral_domain_T95	A[G>T]G	45	1	1.0	6.389835969076772e-08	class_specific	raw	combined_db_spectrum_weight_raw_by_functional_class	0.06589566351777144	9.696899049136203e-07	AGG	62	188
rna_coding	unlabeled_out_of_neutral_domain_T95	A[G>T]T	54	2	3.0	1.5044423927193412e-07	class_specific	raw	combined_db_spectrum_weight_raw_by_functional_class	0.06589566351777144	2.283067371062448e-06	AGT	79	182
rna_coding	unlabeled_out_of_neutral_domain_T95	A[T>A]A	54	2	2.0	8.902692810848537e-08	class_specific	raw	combined_db_spectrum_weight_raw_by_functional_class	0.06589566351777144	1.3510286315650443e-06	ATA	89	361
rna_coding	unlabeled_out_of_neutral_domain_T95	A[T>A]C	27	3	3.0	2.7011579323824535e-07	class_specific	raw	combined_db_spectrum_weight_raw_by_functional_class	0.06589566351777144	4.099143688953032e-06	ATC	44	350
rna_coding	unlabeled_out_of_neutral_domain_T95	A[T>A]G	32	1	1.0	9.432615001970473e-08	class_specific	raw	combined_db_spectrum_weight_raw_by_functional_class	0.06589566351777144	1.4314470024915351e-06	ATG	42	176
rna_coding	unlabeled_out_of_neutral_domain_T95	A[T>A]T	46	3	5.0	2.7134919868682186e-07	class_specific	raw	combined_db_spectrum_weight_raw_by_functional_class	0.06589566351777144	4.117861240044142e-06	ATT	73	342
rna_coding	unlabeled_out_of_neutral_domain_T95	A[T>C]A	38	21	53.0	2.3592135948748624e-06	class_specific	raw	combined_db_spectrum_weight_raw_by_functional_class	0.06589566351777144	3.580225873647368e-05	ATA	89	361
rna_coding	unlabeled_out_of_neutral_domain_T95	A[T>C]C	22	18	65.0	5.852508853495316e-06	class_specific	raw	combined_db_spectrum_weight_raw_by_functional_class	0.06589566351777144	8.881477992731569e-05	ATC	44	350
rna_coding	unlabeled_out_of_neutral_domain_T95	A[T>C]G	29	9	23.0	2.169501450453209e-06	class_specific	raw	combined_db_spectrum_weight_raw_by_functional_class	0.06589566351777144	3.292328105730531e-05	ATG	42	176
rna_coding	unlabeled_out_of_neutral_domain_T95	A[T>C]T	32	15	28.0	1.5195555126462023e-06	class_specific	raw	combined_db_spectrum_weight_raw_by_functional_class	0.06589566351777144	2.3060022944247196e-05	ATT	73	342
rna_coding	unlabeled_out_of_neutral_domain_T95	A[T>G]A	55	6	7.0	3.115942483796988e-07	class_specific	raw	combined_db_spectrum_weight_raw_by_functional_class	0.06589566351777144	4.728600210477655e-06	ATA	89	361
rna_coding	unlabeled_out_of_neutral_domain_T95	A[T>G]C	27	3	3.0	2.7011579323824535e-07	class_specific	raw	combined_db_spectrum_weight_raw_by_functional_class	0.06589566351777144	4.099143688953032e-06	ATC	44	350
rna_coding	unlabeled_out_of_neutral_domain_T95	A[T>G]G	32	4	5.0	4.7163075009852366e-07	class_specific	raw	combined_db_spectrum_weight_raw_by_functional_class	0.06589566351777144	7.157235012457675e-06	ATG	42	176
rna_coding	unlabeled_out_of_neutral_domain_T95	A[T>G]T	46	1	1.0	5.426983973736437e-08	class_specific	raw	combined_db_spectrum_weight_raw_by_functional_class	0.06589566351777144	8.235722480088284e-07	ATT	73	342
rna_coding	unlabeled_out_of_neutral_domain_T95	C[A>C]A	69	8	10.0	3.63458559708954e-07	class_specific	raw	combined_db_spectrum_weight_raw_by_functional_class	0.06589566351777144	5.515667349049951e-06	CAA	109	424
rna_coding	unlabeled_out_of_neutral_domain_T95	C[A>C]C	38	8	10.0	6.002573183072119e-07	class_specific	raw	combined_db_spectrum_weight_raw_by_functional_class	0.06589566351777144	9.109208197673405e-06	CAC	66	422
rna_coding	unlabeled_out_of_neutral_domain_T95	C[A>C]G	41	1	1.0	6.288410001313649e-08	class_specific	raw	combined_db_spectrum_weight_raw_by_functional_class	0.06589566351777144	9.542980016610234e-07	CAG	63	200
rna_coding	unlabeled_out_of_neutral_domain_T95	C[A>C]T	30	3	32.0	2.304988102299694e-06	class_specific	raw	combined_db_spectrum_weight_raw_by_functional_class	0.06589566351777144	3.497935947906588e-05	CAT	55	402
rna_coding	unlabeled_out_of_neutral_domain_T95	C[A>G]A	52	18	120.0	4.361502716507448e-06	class_specific	raw	combined_db_spectrum_weight_raw_by_functional_class	0.06589566351777144	6.618800818859941e-05	CAA	109	424
rna_coding	unlabeled_out_of_neutral_domain_T95	C[A>G]C	29	13	31.0	1.860797686752357e-06	class_specific	raw	combined_db_spectrum_weight_raw_by_functional_class	0.06589566351777144	2.8238545412787555e-05	CAC	66	422
rna_coding	unlabeled_out_of_neutral_domain_T95	C[A>G]G	41	14	25.0	1.5721025003284122e-06	class_specific	raw	combined_db_spectrum_weight_raw_by_functional_class	0.06589566351777144	2.3857450041525583e-05	CAG	63	200
rna_coding	unlabeled_out_of_neutral_domain_T95	C[A>G]T	28	12	26.0	1.8728028331185013e-06	class_specific	raw	combined_db_spectrum_weight_raw_by_functional_class	0.06589566351777144	2.8420729576741024e-05	CAT	55	402
rna_coding	unlabeled_out_of_neutral_domain_T95	C[A>T]A	63	5	10.0	3.63458559708954e-07	class_specific	raw	combined_db_spectrum_weight_raw_by_functional_class	0.06589566351777144	5.515667349049951e-06	CAA	109	424
rna_coding	unlabeled_out_of_neutral_domain_T95	C[A>T]C	42	5	6.0	3.601543909843272e-07	class_specific	raw	combined_db_spectrum_weight_raw_by_functional_class	0.06589566351777144	5.465524918604043e-06	CAC	66	422
rna_coding	unlabeled_out_of_neutral_domain_T95	C[A>T]G	42	3	3.0	1.8865230003940947e-07	class_specific	raw	combined_db_spectrum_weight_raw_by_functional_class	0.06589566351777144	2.8628940049830703e-06	CAG	63	200
rna_coding	unlabeled_out_of_neutral_domain_T95	C[A>T]T	30	0	0.0	0.0	class_specific	raw	combined_db_spectrum_weight_raw_by_functional_class	0.06589566351777144	0.0	CAT	55	402
rna_coding	unlabeled_out_of_neutral_domain_T95	C[C>A]A	44	3	6.0	2.971273725620699e-07	class_specific	raw	combined_db_spectrum_weight_raw_by_functional_class	0.06589566351777144	4.509058057848335e-06	CCA	80	425
rna_coding	unlabeled_out_of_neutral_domain_T95	C[C>A]C	54	2	3.0	1.291858141574217e-07	class_specific	raw	combined_db_spectrum_weight_raw_by_functional_class	0.06589566351777144	1.96046002515145e-06	CCC	92	568
rna_coding	unlabeled_out_of_neutral_domain_T95	C[C>A]G	22	2	15.0	1.857046078512937e-06	class_specific	raw	combined_db_spectrum_weight_raw_by_functional_class	0.06589566351777144	2.8181612861552096e-05	CCG	32	137
rna_coding	unlabeled_out_of_neutral_domain_T95	C[C>A]T	48	2	10.0	4.952122876034498e-07	class_specific	raw	combined_db_spectrum_weight_raw_by_functional_class	0.06589566351777144	7.515096763080558e-06	CCT	80	528
rna_coding	unlabeled_out_of_neutral_domain_T95	C[C>G]A	45	0	0.0	0.0	class_specific	raw	combined_db_spectrum_weight_raw_by_functional_class	0.06589566351777144	0.0	CCA	80	425
rna_coding	unlabeled_out_of_neutral_domain_T95	C[C>G]C	57	0	0.0	0.0	class_specific	raw	combined_db_spectrum_weight_raw_by_functional_class	0.06589566351777144	0.0	CCC	92	568
rna_coding	unlabeled_out_of_neutral_domain_T95	C[C>G]G	23	0	0.0	0.0	class_specific	raw	combined_db_spectrum_weight_raw_by_functional_class	0.06589566351777144	0.0	CCG	32	137
rna_coding	unlabeled_out_of_neutral_domain_T95	C[C>G]T	49	0	0.0	0.0	class_specific	raw	combined_db_spectrum_weight_raw_by_functional_class	0.06589566351777144	0.0	CCT	80	528
rna_coding	unlabeled_out_of_neutral_domain_T95	C[C>T]A	38	11	23.0	1.1389882614879347e-06	class_specific	raw	combined_db_spectrum_weight_raw_by_functional_class	0.06589566351777144	1.7284722555085286e-05	CCA	80	425
rna_coding	unlabeled_out_of_neutral_domain_T95	C[C>T]C	41	5	5.0	2.1530969026236951e-07	class_specific	raw	combined_db_spectrum_weight_raw_by_functional_class	0.06589566351777144	3.267433375252417e-06	CCC	92	568
rna_coding	unlabeled_out_of_neutral_domain_T95	C[C>T]G	20	3	78.0	9.656639608267272e-06	class_specific	raw	combined_db_spectrum_weight_raw_by_functional_class	0.06589566351777144	0.0001465443868800709	CCG	32	137
rna_coding	unlabeled_out_of_neutral_domain_T95	C[C>T]T	42	8	17.0	8.418608889258648e-07	class_specific	raw	combined_db_spectrum_weight_raw_by_functional_class	0.06589566351777144	1.277566449723695e-05	CCT	80	528
rna_coding	unlabeled_out_of_neutral_domain_T95	C[G>A]A	24	20	53.0	5.832500276218409e-06	class_specific	raw	combined_db_spectrum_weight_raw_by_functional_class	0.06589566351777144	8.851113965405992e-05	CGA	36	123
rna_coding	unlabeled_out_of_neutral_domain_T95	C[G>A]C	14	14	34.0	6.734887111406918e-06	class_specific	raw	combined_db_spectrum_weight_raw_by_functional_class	0.06589566351777144	0.0001022053159778956	CGC	20	148
rna_coding	unlabeled_out_of_neutral_domain_T95	C[G>A]G	15	9	24.0	5.0042504852559144e-06	class_specific	raw	combined_db_spectrum_weight_raw_by_functional_class	0.06589566351777144	7.594203044797197e-05	CGG	19	84
rna_coding	unlabeled_out_of_neutral_domain_T95	C[G>A]T	13	8	29.0	5.470916701142875e-06	class_specific	raw	combined_db_spectrum_weight_raw_by_functional_class	0.06589566351777144	8.302392614450903e-05	CGT	21	80
rna_coding	unlabeled_out_of_neutral_domain_T95	C[G>C]A	27	1	1.0	1.1004717502298885e-07	class_specific	raw	combined_db_spectrum_weight_raw_by_functional_class	0.06589566351777144	1.6700215029067909e-06	CGA	36	123
rna_coding	unlabeled_out_of_neutral_domain_T95	C[G>C]C	14	1	1.0	1.9808491504137994e-07	class_specific	raw	combined_db_spectrum_weight_raw_by_functional_class	0.06589566351777144	3.0060387052322236e-06	CGC	20	148
rna_coding	unlabeled_out_of_neutral_domain_T95	C[G>C]G	15	1	1.0	2.085104368856631e-07	class_specific	raw	combined_db_spectrum_weight_raw_by_functional_class	0.06589566351777144	3.1642512686654987e-06	CGG	19	84
rna_coding	unlabeled_out_of_neutral_domain_T95	C[G>C]T	12	1	1.0	1.8865230003940947e-07	class_specific	raw	combined_db_spectrum_weight_raw_by_functional_class	0.06589566351777144	2.8628940049830703e-06	CGT	21	80
rna_coding	unlabeled_out_of_neutral_domain_T95	C[G>T]A	27	3	3.0	3.301415250689666e-07	class_specific	raw	combined_db_spectrum_weight_raw_by_functional_class	0.06589566351777144	5.010064508720373e-06	CGA	36	123
rna_coding	unlabeled_out_of_neutral_domain_T95	C[G>T]C	14	1	1.0	1.9808491504137994e-07	class_specific	raw	combined_db_spectrum_weight_raw_by_functional_class	0.06589566351777144	3.0060387052322236e-06	CGC	20	148
rna_coding	unlabeled_out_of_neutral_domain_T95	C[G>T]G	15	1	1.0	2.085104368856631e-07	class_specific	raw	combined_db_spectrum_weight_raw_by_functional_class	0.06589566351777144	3.1642512686654987e-06	CGG	19	84
rna_coding	unlabeled_out_of_neutral_domain_T95	C[G>T]T	13	1	1.0	1.8865230003940947e-07	class_specific	raw	combined_db_spectrum_weight_raw_by_functional_class	0.06589566351777144	2.8628940049830703e-06	CGT	21	80
rna_coding	unlabeled_out_of_neutral_domain_T95	C[T>A]A	38	1	1.0	5.2127609221415775e-08	class_specific	raw	combined_db_spectrum_weight_raw_by_functional_class	0.06589566351777144	7.910628171663747e-07	CTA	76	503
rna_coding	unlabeled_out_of_neutral_domain_T95	C[T>A]C	32	2	2.0	1.4949804908783393e-07	class_specific	raw	combined_db_spectrum_weight_raw_by_functional_class	0.06589566351777144	2.2687084567790367e-06	CTC	53	405
rna_coding	unlabeled_out_of_neutral_domain_T95	C[T>A]G	31	2	3.0	2.8988036347519013e-07	class_specific	raw	combined_db_spectrum_weight_raw_by_functional_class	0.06589566351777144	4.399081032047156e-06	CTG	41	179
rna_coding	unlabeled_out_of_neutral_domain_T95	C[T>A]T	53	3	4.0	1.956394222630913e-07	class_specific	raw	combined_db_spectrum_weight_raw_by_functional_class	0.06589566351777144	2.9689271162787397e-06	CTT	81	325
rna_coding	unlabeled_out_of_neutral_domain_T95	C[T>C]A	31	16	21.0	1.0946797936497312e-06	class_specific	raw	combined_db_spectrum_weight_raw_by_functional_class	0.06589566351777144	1.6612319160493867e-05	CTA	76	503
rna_coding	unlabeled_out_of_neutral_domain_T95	C[T>C]C	26	18	60.0	4.484941472635018e-06	class_specific	raw	combined_db_spectrum_weight_raw_by_functional_class	0.06589566351777144	6.806125370337111e-05	CTC	53	405
rna_coding	unlabeled_out_of_neutral_domain_T95	C[T>C]G	27	13	22.0	2.1257893321513943e-06	class_specific	raw	combined_db_spectrum_weight_raw_by_functional_class	0.06589566351777144	3.225992756834581e-05	CTG	41	179
rna_coding	unlabeled_out_of_neutral_domain_T95	C[T>C]T	49	24	80.0	3.912788445261826e-06	class_specific	raw	combined_db_spectrum_weight_raw_by_functional_class	0.06589566351777144	5.937854232557478e-05	CTT	81	325
rna_coding	unlabeled_out_of_neutral_domain_T95	C[T>G]A	40	1	1.0	5.2127609221415775e-08	class_specific	raw	combined_db_spectrum_weight_raw_by_functional_class	0.06589566351777144	7.910628171663747e-07	CTA	76	503
rna_coding	unlabeled_out_of_neutral_domain_T95	C[T>G]C	31	0	0.0	0.0	class_specific	raw	combined_db_spectrum_weight_raw_by_functional_class	0.06589566351777144	0.0	CTC	53	405
rna_coding	unlabeled_out_of_neutral_domain_T95	C[T>G]G	30	1	2.0	1.9325357565012676e-07	class_specific	raw	combined_db_spectrum_weight_raw_by_functional_class	0.06589566351777144	2.932720688031437e-06	CTG	41	179
rna_coding	unlabeled_out_of_neutral_domain_T95	C[T>G]T	52	0	0.0	0.0	class_specific	raw	combined_db_spectrum_weight_raw_by_functional_class	0.06589566351777144	0.0	CTT	81	325
rna_coding	unlabeled_out_of_neutral_domain_T95	G[A>C]A	49	0	0.0	0.0	class_specific	raw	combined_db_spectrum_weight_raw_by_functional_class	0.06589566351777144	0.0	GAA	71	201
rna_coding	unlabeled_out_of_neutral_domain_T95	G[A>C]C	26	1	1.0	1.0158200771352817e-07	class_specific	raw	combined_db_spectrum_weight_raw_by_functional_class	0.06589566351777144	1.5415583103754992e-06	GAC	39	160
rna_coding	unlabeled_out_of_neutral_domain_T95	G[A>C]G	36	3	3.0	2.200943500459777e-07	class_specific	raw	combined_db_spectrum_weight_raw_by_functional_class	0.06589566351777144	3.3400430058135817e-06	GAG	54	143
rna_coding	unlabeled_out_of_neutral_domain_T95	G[A>C]T	43	4	6.0	4.754037960993119e-07	class_specific	raw	combined_db_spectrum_weight_raw_by_functional_class	0.06589566351777144	7.214492892557337e-06	GAT	50	135
rna_coding	unlabeled_out_of_neutral_domain_T95	G[A>G]A	48	17	248456.0	0.013863488915921436	class_specific	raw	combined_db_spectrum_weight_raw_by_functional_class	0.06589566351777144	0.21038545142174012	GAA	71	201
rna_coding	unlabeled_out_of_neutral_domain_T95	G[A>G]C	23	14	43.0	4.368026331681712e-06	class_specific	raw	combined_db_spectrum_weight_raw_by_functional_class	0.06589566351777144	6.628700734614647e-05	GAC	39	160
rna_coding	unlabeled_out_of_neutral_domain_T95	G[A>G]G	36	16	63.0	4.6219813509655314e-06	class_specific	raw	combined_db_spectrum_weight_raw_by_functional_class	0.06589566351777144	7.01409031220852e-05	GAG	54	143
rna_coding	unlabeled_out_of_neutral_domain_T95	G[A>G]T	41	16	24.0	1.9016151843972476e-06	class_specific	raw	combined_db_spectrum_weight_raw_by_functional_class	0.06589566351777144	2.8857971570229347e-05	GAT	50	135
rna_coding	unlabeled_out_of_neutral_domain_T95	G[A>T]A	48	3	4.0	2.231942704691605e-07	class_specific	raw	combined_db_spectrum_weight_raw_by_functional_class	0.06589566351777144	3.3870858650503925e-06	GAA	71	201
rna_coding	unlabeled_out_of_neutral_domain_T95	G[A>T]C	28	2	2.0	2.0316401542705634e-07	class_specific	raw	combined_db_spectrum_weight_raw_by_functional_class	0.06589566351777144	3.0831166207509984e-06	GAC	39	160
rna_coding	unlabeled_out_of_neutral_domain_T95	G[A>T]G	34	2	2.0	1.4672956669731848e-07	class_specific	raw	combined_db_spectrum_weight_raw_by_functional_class	0.06589566351777144	2.2266953372090546e-06	GAG	54	143
rna_coding	unlabeled_out_of_neutral_domain_T95	G[A>T]T	43	0	0.0	0.0	class_specific	raw	combined_db_spectrum_weight_raw_by_functional_class	0.06589566351777144	0.0	GAT	50	135
rna_coding	unlabeled_out_of_neutral_domain_T95	G[C>A]A	31	1	5.0	3.8093252892573064e-07	class_specific	raw	combined_db_spectrum_weight_raw_by_functional_class	0.06589566351777144	5.780843663908122e-06	GCA	52	202
rna_coding	unlabeled_out_of_neutral_domain_T95	G[C>A]C	23	2	2.0	1.842650372477953e-07	class_specific	raw	combined_db_spectrum_weight_raw_by_functional_class	0.06589566351777144	2.796315074634627e-06	GCC	43	264
rna_coding	unlabeled_out_of_neutral_domain_T95	G[C>A]G	15	1	1.0	2.085104368856631e-07	class_specific	raw	combined_db_spectrum_weight_raw_by_functional_class	0.06589566351777144	3.1642512686654987e-06	GCG	19	61
rna_coding	unlabeled_out_of_neutral_domain_T95	G[C>A]T	37	1	1.0	7.203087819686544e-08	class_specific	raw	combined_db_spectrum_weight_raw_by_functional_class	0.06589566351777144	1.0931049837208087e-06	GCT	55	184
rna_coding	unlabeled_out_of_neutral_domain_T95	G[C>G]A	33	0	0.0	0.0	class_specific	raw	combined_db_spectrum_weight_raw_by_functional_class	0.06589566351777144	0.0	GCA	52	202
rna_coding	unlabeled_out_of_neutral_domain_T95	G[C>G]C	23	0	0.0	0.0	class_specific	raw	combined_db_spectrum_weight_raw_by_functional_class	0.06589566351777144	0.0	GCC	43	264
rna_coding	unlabeled_out_of_neutral_domain_T95	G[C>G]G	15	0	0.0	0.0	class_specific	raw	combined_db_spectrum_weight_raw_by_functional_class	0.06589566351777144	0.0	GCG	19	61
rna_coding	unlabeled_out_of_neutral_domain_T95	G[C>G]T	40	0	0.0	0.0	class_specific	raw	combined_db_spectrum_weight_raw_by_functional_class	0.06589566351777144	0.0	GCT	55	184
rna_coding	unlabeled_out_of_neutral_domain_T95	G[C>T]A	29	9	17.0	1.2951705983474842e-06	class_specific	raw	combined_db_spectrum_weight_raw_by_functional_class	0.06589566351777144	1.9654868457287616e-05	GCA	52	202
rna_coding	unlabeled_out_of_neutral_domain_T95	G[C>T]C	22	6	31.0	2.856108077340827e-06	class_specific	raw	combined_db_spectrum_weight_raw_by_functional_class	0.06589566351777144	4.334288365683671e-05	GCC	43	264
rna_coding	unlabeled_out_of_neutral_domain_T95	G[C>T]G	13	2	31.0	6.4638235434555566e-06	class_specific	raw	combined_db_spectrum_weight_raw_by_functional_class	0.06589566351777144	9.809178932863046e-05	GCG	19	61
rna_coding	unlabeled_out_of_neutral_domain_T95	G[C>T]T	32	10	1113.0	8.017036743311123e-05	class_specific	raw	combined_db_spectrum_weight_raw_by_functional_class	0.06589566351777144	0.0012166258468812598	GCT	55	184
rna_coding	unlabeled_out_of_neutral_domain_T95	G[G>A]A	30	23	70.0	6.7638751477544365e-06	class_specific	raw	combined_db_spectrum_weight_raw_by_functional_class	0.06589566351777144	0.0001026452240811003	GGA	41	131
rna_coding	unlabeled_out_of_neutral_domain_T95	G[G>A]C	22	14	32.0	3.6221241607566617e-06	class_specific	raw	combined_db_spectrum_weight_raw_by_functional_class	0.06589566351777144	5.4967564895674946e-05	GGC	35	158
rna_coding	unlabeled_out_of_neutral_domain_T95	G[G>A]G	19	8	13.0	1.3553178397568102e-06	class_specific	raw	combined_db_spectrum_weight_raw_by_functional_class	0.06589566351777144	2.056763324632574e-05	GGG	38	128
rna_coding	unlabeled_out_of_neutral_domain_T95	G[G>A]T	35	21	42.0	3.139459030844512e-06	class_specific	raw	combined_db_spectrum_weight_raw_by_functional_class	0.06589566351777144	4.764287759235977e-05	GGT	53	122
rna_coding	unlabeled_out_of_neutral_domain_T95	G[G>C]A	31	2	2.0	1.9325357565012676e-07	class_specific	raw	combined_db_spectrum_weight_raw_by_functional_class	0.06589566351777144	2.932720688031437e-06	GGA	41	131
rna_coding	unlabeled_out_of_neutral_domain_T95	G[G>C]C	23	2	2.0	2.2638276004729136e-07	class_specific	raw	combined_db_spectrum_weight_raw_by_functional_class	0.06589566351777144	3.435472805979684e-06	GGC	35	158
rna_coding	unlabeled_out_of_neutral_domain_T95	G[G>C]G	27	0	0.0	0.0	class_specific	raw	combined_db_spectrum_weight_raw_by_functional_class	0.06589566351777144	0.0	GGG	38	128
rna_coding	unlabeled_out_of_neutral_domain_T95	G[G>C]T	33	1	1.0	7.474902454391696e-08	class_specific	raw	combined_db_spectrum_weight_raw_by_functional_class	0.06589566351777144	1.1343542283895183e-06	GGT	53	122
rna_coding	unlabeled_out_of_neutral_domain_T95	G[G>T]A	30	0	0.0	0.0	class_specific	raw	combined_db_spectrum_weight_raw_by_functional_class	0.06589566351777144	0.0	GGA	41	131
rna_coding	unlabeled_out_of_neutral_domain_T95	G[G>T]C	21	1	2.0	2.2638276004729136e-07	class_specific	raw	combined_db_spectrum_weight_raw_by_functional_class	0.06589566351777144	3.435472805979684e-06	GGC	35	158
rna_coding	unlabeled_out_of_neutral_domain_T95	G[G>T]G	27	2	3.0	3.1276565532849465e-07	class_specific	raw	combined_db_spectrum_weight_raw_by_functional_class	0.06589566351777144	4.746376902998248e-06	GGG	38	128
rna_coding	unlabeled_out_of_neutral_domain_T95	G[G>T]T	32	1	1.0	7.474902454391696e-08	class_specific	raw	combined_db_spectrum_weight_raw_by_functional_class	0.06589566351777144	1.1343542283895183e-06	GGT	53	122
rna_coding	unlabeled_out_of_neutral_domain_T95	G[T>A]A	43	0	0.0	0.0	class_specific	raw	combined_db_spectrum_weight_raw_by_functional_class	0.06589566351777144	0.0	GTA	59	167
rna_coding	unlabeled_out_of_neutral_domain_T95	G[T>A]C	25	1	1.0	1.1319138002364568e-07	class_specific	raw	combined_db_spectrum_weight_raw_by_functional_class	0.06589566351777144	1.717736402989842e-06	GTC	35	115
rna_coding	unlabeled_out_of_neutral_domain_T95	G[T>A]G	24	1	1.0	1.0425521844283155e-07	class_specific	raw	combined_db_spectrum_weight_raw_by_functional_class	0.06589566351777144	1.5821256343327494e-06	GTG	38	87
rna_coding	unlabeled_out_of_neutral_domain_T95	G[T>A]T	49	2	2.0	1.2380307190086245e-07	class_specific	raw	combined_db_spectrum_weight_raw_by_functional_class	0.06589566351777144	1.8787741907701396e-06	GTT	64	137
rna_coding	unlabeled_out_of_neutral_domain_T95	G[T>C]A	38	15	33.0	2.2158651513103517e-06	class_specific	raw	combined_db_spectrum_weight_raw_by_functional_class	0.06589566351777144	3.3626873651750295e-05	GTA	59	167
rna_coding	unlabeled_out_of_neutral_domain_T95	G[T>C]C	19	11	23.0	2.6034017405438505e-06	class_specific	raw	combined_db_spectrum_weight_raw_by_functional_class	0.06589566351777144	3.950793726876636e-05	GTC	35	115
rna_coding	unlabeled_out_of_neutral_domain_T95	G[T>C]G	21	12	16.0	1.6680834950853048e-06	class_specific	raw	combined_db_spectrum_weight_raw_by_functional_class	0.06589566351777144	2.531401014932399e-05	GTG	38	87
rna_coding	unlabeled_out_of_neutral_domain_T95	G[T>C]T	44	19	46.0	2.8474706537198366e-06	class_specific	raw	combined_db_spectrum_weight_raw_by_functional_class	0.06589566351777144	4.321180638771321e-05	GTT	64	137
rna_coding	unlabeled_out_of_neutral_domain_T95	G[T>G]A	44	2	2.0	1.3429485765517285e-07	class_specific	raw	combined_db_spectrum_weight_raw_by_functional_class	0.06589566351777144	2.037992342530321e-06	GTA	59	167
rna_coding	unlabeled_out_of_neutral_domain_T95	G[T>G]C	25	0	0.0	0.0	class_specific	raw	combined_db_spectrum_weight_raw_by_functional_class	0.06589566351777144	0.0	GTC	35	115
rna_coding	unlabeled_out_of_neutral_domain_T95	G[T>G]G	22	2	2.0	2.085104368856631e-07	class_specific	raw	combined_db_spectrum_weight_raw_by_functional_class	0.06589566351777144	3.1642512686654987e-06	GTG	38	87
rna_coding	unlabeled_out_of_neutral_domain_T95	G[T>G]T	50	2	3.0	1.857046078512937e-07	class_specific	raw	combined_db_spectrum_weight_raw_by_functional_class	0.06589566351777144	2.8181612861552094e-06	GTT	64	137
rna_coding	unlabeled_out_of_neutral_domain_T95	T[A>C]A	102	2	2.0	5.783501169091385e-08	class_specific	raw	combined_db_spectrum_weight_raw_by_functional_class	0.06589566351777144	8.776755343743718e-07	TAA	137	402
rna_coding	unlabeled_out_of_neutral_domain_T95	T[A>C]C	42	2	2.0	1.3205661002758664e-07	class_specific	raw	combined_db_spectrum_weight_raw_by_functional_class	0.06589566351777144	2.0040258034881492e-06	TAC	60	364
rna_coding	unlabeled_out_of_neutral_domain_T95	T[A>C]G	55	3	3.0	1.398246459115623e-07	class_specific	raw	combined_db_spectrum_weight_raw_by_functional_class	0.06589566351777144	2.1219096742815695e-06	TAG	85	278
rna_coding	unlabeled_out_of_neutral_domain_T95	T[A>C]T	35	2	4.0	2.780139158475508e-07	class_specific	raw	combined_db_spectrum_weight_raw_by_functional_class	0.06589566351777144	4.219001691553998e-06	TAT	57	330
rna_coding	unlabeled_out_of_neutral_domain_T95	T[A>G]A	73	28	409297.0	0.011835848390027983	class_specific	raw	combined_db_spectrum_weight_raw_by_functional_class	0.06589566351777144	0.17961498159641365	TAA	137	402
rna_coding	unlabeled_out_of_neutral_domain_T95	T[A>G]C	31	12	36.0	2.377018980496559e-06	class_specific	raw	combined_db_spectrum_weight_raw_by_functional_class	0.06589566351777144	3.607246446278668e-05	TAC	60	364
rna_coding	unlabeled_out_of_neutral_domain_T95	T[A>G]G	49	17	28.0	1.305030028507915e-06	class_specific	raw	combined_db_spectrum_weight_raw_by_functional_class	0.06589566351777144	1.980449029329465e-05	TAG	85	278
rna_coding	unlabeled_out_of_neutral_domain_T95	T[A>G]T	26	5	8.0	5.560278316951016e-07	class_specific	raw	combined_db_spectrum_weight_raw_by_functional_class	0.06589566351777144	8.438003383107995e-06	TAT	57	330
rna_coding	unlabeled_out_of_neutral_domain_T95	T[A>T]A	100	6	14.0	4.04845081836397e-07	class_specific	raw	combined_db_spectrum_weight_raw_by_functional_class	0.06589566351777144	6.143728740620603e-06	TAA	137	402
rna_coding	unlabeled_out_of_neutral_domain_T95	T[A>T]C	39	2	2.0	1.3205661002758664e-07	class_specific	raw	combined_db_spectrum_weight_raw_by_functional_class	0.06589566351777144	2.0040258034881492e-06	TAC	60	364
rna_coding	unlabeled_out_of_neutral_domain_T95	T[A>T]G	53	0	0.0	0.0	class_specific	raw	combined_db_spectrum_weight_raw_by_functional_class	0.06589566351777144	0.0	TAG	85	278
rna_coding	unlabeled_out_of_neutral_domain_T95	T[A>T]T	34	3	5.0	3.475173948094385e-07	class_specific	raw	combined_db_spectrum_weight_raw_by_functional_class	0.06589566351777144	5.273752114442498e-06	TAT	57	330
rna_coding	unlabeled_out_of_neutral_domain_T95	T[C>A]A	42	6	8.0	4.2829170819757825e-07	class_specific	raw	combined_db_spectrum_weight_raw_by_functional_class	0.06589566351777144	6.499543146448051e-06	TCA	74	394
rna_coding	unlabeled_out_of_neutral_domain_T95	T[C>A]C	29	3	15.0	1.3505789661912268e-06	class_specific	raw	combined_db_spectrum_weight_raw_by_functional_class	0.06589566351777144	2.049571844476516e-05	TCC	44	353
rna_coding	unlabeled_out_of_neutral_domain_T95	T[C>A]G	14	2	3.0	6.602830501379332e-07	class_specific	raw	combined_db_spectrum_weight_raw_by_functional_class	0.06589566351777144	1.0020129017440746e-05	TCG	18	120
rna_coding	unlabeled_out_of_neutral_domain_T95	T[C>A]T	29	4	9.0	7.428184314051748e-07	class_specific	raw	combined_db_spectrum_weight_raw_by_functional_class	0.06589566351777144	1.1272645144620838e-05	TCT	48	309
rna_coding	unlabeled_out_of_neutral_domain_T95	T[C>G]A	43	1	1.0	5.353646352469728e-08	class_specific	raw	combined_db_spectrum_weight_raw_by_functional_class	0.06589566351777144	8.124428933060063e-07	TCA	74	394
rna_coding	unlabeled_out_of_neutral_domain_T95	T[C>G]C	28	0	0.0	0.0	class_specific	raw	combined_db_spectrum_weight_raw_by_functional_class	0.06589566351777144	0.0	TCC	44	353
rna_coding	unlabeled_out_of_neutral_domain_T95	T[C>G]G	15	0	0.0	0.0	class_specific	raw	combined_db_spectrum_weight_raw_by_functional_class	0.06589566351777144	0.0	TCG	18	120
rna_coding	unlabeled_out_of_neutral_domain_T95	T[C>G]T	28	0	0.0	0.0	class_specific	raw	combined_db_spectrum_weight_raw_by_functional_class	0.06589566351777144	0.0	TCT	48	309
rna_coding	unlabeled_out_of_neutral_domain_T95	T[C>T]A	34	12	54.0	2.890969030333653e-06	class_specific	raw	combined_db_spectrum_weight_raw_by_functional_class	0.06589566351777144	4.387191623852434e-05	TCA	74	394
rna_coding	unlabeled_out_of_neutral_domain_T95	T[C>T]C	24	3	6.0	5.402315864764907e-07	class_specific	raw	combined_db_spectrum_weight_raw_by_functional_class	0.06589566351777144	8.198287377906064e-06	TCC	44	353
rna_coding	unlabeled_out_of_neutral_domain_T95	T[C>T]G	14	3	7.0	1.540660450321844e-06	class_specific	raw	combined_db_spectrum_weight_raw_by_functional_class	0.06589566351777144	2.338030104069507e-05	TCG	18	120
rna_coding	unlabeled_out_of_neutral_domain_T95	T[C>T]T	24	4	6.0	4.952122876034499e-07	class_specific	raw	combined_db_spectrum_weight_raw_by_functional_class	0.06589566351777144	7.51509676308056e-06	TCT	48	309
rna_coding	unlabeled_out_of_neutral_domain_T95	T[G>A]A	32	13	22.0	1.6140252336705033e-06	class_specific	raw	combined_db_spectrum_weight_raw_by_functional_class	0.06589566351777144	2.44936487092996e-05	TGA	54	211
rna_coding	unlabeled_out_of_neutral_domain_T95	T[G>A]C	25	9	15.0	1.800771954921636e-06	class_specific	raw	combined_db_spectrum_weight_raw_by_functional_class	0.06589566351777144	2.7327624593020216e-05	TGC	33	128
rna_coding	unlabeled_out_of_neutral_domain_T95	T[G>A]G	34	16	38.0	3.1363444881551823e-06	class_specific	raw	combined_db_spectrum_weight_raw_by_functional_class	0.06589566351777144	4.759561283284354e-05	TGG	48	139
rna_coding	unlabeled_out_of_neutral_domain_T95	T[G>A]T	35	13	43.0	3.7856228207908166e-06	class_specific	raw	combined_db_spectrum_weight_raw_by_functional_class	0.06589566351777144	5.74487396999936e-05	TGT	45	123
rna_coding	unlabeled_out_of_neutral_domain_T95	T[G>C]A	36	1	5.0	3.668239167432962e-07	class_specific	raw	combined_db_spectrum_weight_raw_by_functional_class	0.06589566351777144	5.566738343022636e-06	TGA	54	211
rna_coding	unlabeled_out_of_neutral_domain_T95	T[G>C]C	24	0	0.0	0.0	class_specific	raw	combined_db_spectrum_weight_raw_by_functional_class	0.06589566351777144	0.0	TGC	33	128
rna_coding	unlabeled_out_of_neutral_domain_T95	T[G>C]G	40	1	1.0	8.253538126724164e-08	class_specific	raw	combined_db_spectrum_weight_raw_by_functional_class	0.06589566351777144	1.2525161271800932e-06	TGG	48	139
rna_coding	unlabeled_out_of_neutral_domain_T95	T[G>C]T	37	3	7.0	6.162641801287376e-07	class_specific	raw	combined_db_spectrum_weight_raw_by_functional_class	0.06589566351777144	9.35212041627803e-06	TGT	45	123
rna_coding	unlabeled_out_of_neutral_domain_T95	T[G>T]A	35	1	1.0	7.336478334865924e-08	class_specific	raw	combined_db_spectrum_weight_raw_by_functional_class	0.06589566351777144	1.1133476686045273e-06	TGA	54	211
rna_coding	unlabeled_out_of_neutral_domain_T95	T[G>T]C	25	0	0.0	0.0	class_specific	raw	combined_db_spectrum_weight_raw_by_functional_class	0.06589566351777144	0.0	TGC	33	128
rna_coding	unlabeled_out_of_neutral_domain_T95	T[G>T]G	40	1	1.0	8.253538126724164e-08	class_specific	raw	combined_db_spectrum_weight_raw_by_functional_class	0.06589566351777144	1.2525161271800932e-06	TGG	48	139
rna_coding	unlabeled_out_of_neutral_domain_T95	T[G>T]T	36	1	1.0	8.803774001839108e-08	class_specific	raw	combined_db_spectrum_weight_raw_by_functional_class	0.06589566351777144	1.3360172023254325e-06	TGT	45	123
rna_coding	unlabeled_out_of_neutral_domain_T95	T[T>A]A	72	4	5724.0	0.0002024710810172962	class_specific	raw	combined_db_spectrum_weight_raw_by_functional_class	0.06589566351777144	0.00307260099084808	TTA	112	341
rna_coding	unlabeled_out_of_neutral_domain_T95	T[T>A]C	40	1	1.0	7.336478334865924e-08	class_specific	raw	combined_db_spectrum_weight_raw_by_functional_class	0.06589566351777144	1.1133476686045273e-06	TTC	54	308
rna_coding	unlabeled_out_of_neutral_domain_T95	T[T>A]G	41	2	2.0	1.4406175639373088e-07	class_specific	raw	combined_db_spectrum_weight_raw_by_functional_class	0.06589566351777144	2.1862099674416173e-06	TTG	55	157
rna_coding	unlabeled_out_of_neutral_domain_T95	T[T>A]T	51	1	1.0	4.553676207847815e-08	class_specific	raw	combined_db_spectrum_weight_raw_by_functional_class	0.06589566351777144	6.910433805131549e-07	TTT	87	285
rna_coding	unlabeled_out_of_neutral_domain_T95	T[T>C]A	60	21	44.0	1.5563814753251282e-06	class_specific	raw	combined_db_spectrum_weight_raw_by_functional_class	0.06589566351777144	2.361887554111033e-05	TTA	112	341
rna_coding	unlabeled_out_of_neutral_domain_T95	T[T>C]C	35	13	22.0	1.6140252336705033e-06	class_specific	raw	combined_db_spectrum_weight_raw_by_functional_class	0.06589566351777144	2.44936487092996e-05	TTC	54	308
rna_coding	unlabeled_out_of_neutral_domain_T95	T[T>C]G	37	18	43.0	3.097327762465214e-06	class_specific	raw	combined_db_spectrum_weight_raw_by_functional_class	0.06589566351777144	4.7003514299994773e-05	TTG	55	157
rna_coding	unlabeled_out_of_neutral_domain_T95	T[T>C]T	47	17	37.0	1.6848601969036914e-06	class_specific	raw	combined_db_spectrum_weight_raw_by_functional_class	0.06589566351777144	2.556860507898673e-05	TTT	87	285
rna_coding	unlabeled_out_of_neutral_domain_T95	T[T>G]A	73	1	2.0	7.074461251477855e-08	class_specific	raw	combined_db_spectrum_weight_raw_by_functional_class	0.06589566351777144	1.0735852518686513e-06	TTA	112	341
rna_coding	unlabeled_out_of_neutral_domain_T95	T[T>G]C	41	2	3.0	2.200943500459777e-07	class_specific	raw	combined_db_spectrum_weight_raw_by_functional_class	0.06589566351777144	3.3400430058135817e-06	TTC	54	308
rna_coding	unlabeled_out_of_neutral_domain_T95	T[T>G]G	43	1	1.0	7.203087819686544e-08	class_specific	raw	combined_db_spectrum_weight_raw_by_functional_class	0.06589566351777144	1.0931049837208087e-06	TTG	55	157
rna_coding	unlabeled_out_of_neutral_domain_T95	T[T>G]T	55	1	1.0	4.553676207847815e-08	class_specific	raw	combined_db_spectrum_weight_raw_by_functional_class	0.06589566351777144	6.910433805131549e-07	TTT	87	285
control_region	expanded_neutral_like_T95	A[A>C]A	27	7	1782.0	0.00023532487906915937	class_specific	raw	combined_db_spectrum_weight_raw_by_functional_class	0.4226844530753885	0.0005567389038252317	AAA	30	490
control_region	expanded_neutral_like_T95	A[A>C]C	29	11	8502.0	0.0010525737173011326	class_specific	raw	combined_db_spectrum_weight_raw_by_functional_class	0.4226844530753885	0.0024902115742435394	AAC	32	462
control_region	expanded_neutral_like_T95	A[A>C]G	12	4	198.0	6.0339712581835734e-05	class_specific	raw	combined_db_spectrum_weight_raw_by_functional_class	0.4226844530753885	0.00014275356508339275	AAG	13	202
control_region	expanded_neutral_like_T95	A[A>C]T	17	3	12.0	2.2638276004729137e-06	class_specific	raw	combined_db_spectrum_weight_raw_by_functional_class	0.4226844530753885	5.35583361063234e-06	AAT	21	364
control_region	expanded_neutral_like_T95	A[A>G]A	26	20	7100.0	0.000937601931195865	class_specific	raw	combined_db_spectrum_weight_raw_by_functional_class	0.4226844530753885	0.002218207753736894	AAA	30	490
control_region	expanded_neutral_like_T95	A[A>G]C	30	24	19116.0	0.0023666195224568867	class_specific	raw	combined_db_spectrum_weight_raw_by_functional_class	0.4226844530753885	0.005599021930515114	AAC	32	462
control_region	expanded_neutral_like_T95	A[A>G]G	12	8	5949.0	0.0018129340916633373	class_specific	raw	combined_db_spectrum_weight_raw_by_functional_class	0.4226844530753885	0.0042890957509146635	AAG	13	202
control_region	expanded_neutral_like_T95	A[A>G]T	19	14	14325.0	0.0027024441980645405	class_specific	raw	combined_db_spectrum_weight_raw_by_functional_class	0.4226844530753885	0.006393526372692355	AAT	21	364
control_region	expanded_neutral_like_T95	A[A>T]A	25	9	128.0	1.6903246083531086e-05	class_specific	raw	combined_db_spectrum_weight_raw_by_functional_class	0.4226844530753885	3.999022429272146e-05	AAA	30	490
control_region	expanded_neutral_like_T95	A[A>T]C	28	9	66.0	8.171002745456923e-06	class_specific	raw	combined_db_spectrum_weight_raw_by_functional_class	0.4226844530753885	1.93312119383761e-05	AAC	32	462
control_region	expanded_neutral_like_T95	A[A>T]G	12	4	808.0	0.0002462347866975923	class_specific	raw	combined_db_spectrum_weight_raw_by_functional_class	0.4226844530753885	0.0005825499019564713	AAG	13	202
control_region	expanded_neutral_like_T95	A[A>T]T	18	6	132.0	2.490210360520205e-05	class_specific	raw	combined_db_spectrum_weight_raw_by_functional_class	0.4226844530753885	5.891416971695574e-05	AAT	21	364
control_region	expanded_neutral_like_T95	A[C>A]A	43	6	598.0	5.2646568530997864e-05	class_specific	raw	combined_db_spectrum_weight_raw_by_functional_class	0.4226844530753885	0.00012455288607837208	ACA	45	425
control_region	expanded_neutral_like_T95	A[C>A]C	37	16	3429.0	0.00033133325545214236	class_specific	raw	combined_db_spectrum_weight_raw_by_functional_class	0.4226844530753885	0.0007838785009512685	ACC	41	473
control_region	expanded_neutral_like_T95	A[C>A]G	5	0	0.0	0.0	class_specific	raw	combined_db_spectrum_weight_raw_by_functional_class	0.4226844530753885	0.0	ACG	7	117
control_region	expanded_neutral_like_T95	A[C>A]T	21	8	160.0	3.0184368006305514e-05	class_specific	raw	combined_db_spectrum_weight_raw_by_functional_class	0.4226844530753885	7.141111480843119e-05	ACT	21	391
control_region	expanded_neutral_like_T95	A[C>G]A	41	10	647.0	5.6960417791899035e-05	class_specific	raw	combined_db_spectrum_weight_raw_by_functional_class	0.4226844530753885	0.0001347587245697437	ACA	45	425
control_region	expanded_neutral_like_T95	A[C>G]C	39	12	887.0	8.570796080083123e-05	class_specific	raw	combined_db_spectrum_weight_raw_by_functional_class	0.4226844530753885	0.00020277055419765975	ACC	41	473
control_region	expanded_neutral_like_T95	A[C>G]G	6	2	3.0	1.6978707003546852e-06	class_specific	raw	combined_db_spectrum_weight_raw_by_functional_class	0.4226844530753885	4.016875207974255e-06	ACG	7	117
control_region	expanded_neutral_like_T95	A[C>G]T	21	5	102.0	1.9242534604019768e-05	class_specific	raw	combined_db_spectrum_weight_raw_by_functional_class	0.4226844530753885	4.552458569037489e-05	ACT	21	391
control_region	expanded_neutral_like_T95	A[C>T]A	41	31	22695.0	0.0019980165097173855	class_specific	raw	combined_db_spectrum_weight_raw_by_functional_class	0.4226844530753885	0.004726969480850592	ACA	45	425
control_region	expanded_neutral_like_T95	A[C>T]C	37	30	76554.0	0.007397167115159902	class_specific	raw	combined_db_spectrum_weight_raw_by_functional_class	0.4226844530753885	0.017500447582917297	ACC	41	473
control_region	expanded_neutral_like_T95	A[C>T]G	5	4	47.0	2.6599974305556736e-05	class_specific	raw	combined_db_spectrum_weight_raw_by_functional_class	0.4226844530753885	6.293104492492998e-05	ACG	7	117
control_region	expanded_neutral_like_T95	A[C>T]T	21	17	32841.0	0.006195530185594246	class_specific	raw	combined_db_spectrum_weight_raw_by_functional_class	0.4226844530753885	0.014657577633898054	ACT	21	391
control_region	expanded_neutral_like_T95	A[G>A]A	7	6	788.0	0.00034686869567246084	class_specific	raw	combined_db_spectrum_weight_raw_by_functional_class	0.4226844530753885	0.000820632727673555	AGA	9	176
control_region	expanded_neutral_like_T95	A[G>A]C	18	15	22332.0	0.004915147025226775	class_specific	raw	combined_db_spectrum_weight_raw_by_functional_class	0.4226844530753885	0.011628407407617915	AGC	18	277
control_region	expanded_neutral_like_T95	A[G>A]G	5	4	11909.0	0.007863310844092647	class_specific	raw	combined_db_spectrum_weight_raw_by_functional_class	0.4226844530753885	0.018603264886797657	AGG	6	188
control_region	expanded_neutral_like_T95	A[G>A]T	10	6	2345.0	0.0008445620468582472	class_specific	raw	combined_db_spectrum_weight_raw_by_functional_class	0.4226844530753885	0.0019980911072393147	AGT	11	182
control_region	expanded_neutral_like_T95	A[G>C]A	7	0	0.0	0.0	class_specific	raw	combined_db_spectrum_weight_raw_by_functional_class	0.4226844530753885	0.0	AGA	9	176
control_region	expanded_neutral_like_T95	A[G>C]C	18	5	7.0	1.540660450321844e-06	class_specific	raw	combined_db_spectrum_weight_raw_by_functional_class	0.4226844530753885	3.6449423183470087e-06	AGC	18	277
control_region	expanded_neutral_like_T95	A[G>C]G	4	0	0.0	0.0	class_specific	raw	combined_db_spectrum_weight_raw_by_functional_class	0.4226844530753885	0.0	AGG	6	188
control_region	expanded_neutral_like_T95	A[G>C]T	11	3	64.0	2.3049881022996937e-05	class_specific	raw	combined_db_spectrum_weight_raw_by_functional_class	0.4226844530753885	5.453212403552927e-05	AGT	11	182
control_region	expanded_neutral_like_T95	A[G>T]A	8	2	14.0	6.162641801287376e-06	class_specific	raw	combined_db_spectrum_weight_raw_by_functional_class	0.4226844530753885	1.4579769273388035e-05	AGA	9	176
control_region	expanded_neutral_like_T95	A[G>T]C	17	3	11.0	2.421037850505755e-06	class_specific	raw	combined_db_spectrum_weight_raw_by_functional_class	0.4226844530753885	5.727766500259586e-06	AGC	18	277
control_region	expanded_neutral_like_T95	A[G>T]G	5	3	46.0	3.0373020306344926e-05	class_specific	raw	combined_db_spectrum_weight_raw_by_functional_class	0.4226844530753885	7.18574342759839e-05	AGG	6	188
control_region	expanded_neutral_like_T95	A[G>T]T	11	1	9.0	3.2413895188589447e-06	class_specific	raw	combined_db_spectrum_weight_raw_by_functional_class	0.4226844530753885	7.668579942496305e-06	AGT	11	182
control_region	expanded_neutral_like_T95	A[T>A]A	22	1	1.0	1.650707625344833e-07	class_specific	raw	combined_db_spectrum_weight_raw_by_functional_class	0.4226844530753885	3.905295341086081e-07	ATA	24	361
control_region	expanded_neutral_like_T95	A[T>A]C	19	4	9.0	1.4856368628103495e-06	class_specific	raw	combined_db_spectrum_weight_raw_by_functional_class	0.4226844530753885	3.5147658069774727e-06	ATC	24	350
control_region	expanded_neutral_like_T95	A[T>A]G	11	2	30.0	9.142380694217535e-06	class_specific	raw	combined_db_spectrum_weight_raw_by_functional_class	0.4226844530753885	2.1629328042938292e-05	ATG	13	176
control_region	expanded_neutral_like_T95	A[T>A]T	22	6	78.0	1.3435324672371857e-05	class_specific	raw	combined_db_spectrum_weight_raw_by_functional_class	0.4226844530753885	3.178570816744845e-05	ATT	23	342
control_region	expanded_neutral_like_T95	A[T>C]A	22	17	42333.0	0.006987940590372281	class_specific	raw	combined_db_spectrum_weight_raw_by_functional_class	0.4226844530753885	0.016532286767419708	ATA	24	361
control_region	expanded_neutral_like_T95	A[T>C]C	22	19	24514.0	0.004046544672770323	class_specific	raw	combined_db_spectrum_weight_raw_by_functional_class	0.4226844530753885	0.009573440999138419	ATC	24	350
control_region	expanded_neutral_like_T95	A[T>C]G	11	7	6905.0	0.002104271289785736	class_specific	raw	combined_db_spectrum_weight_raw_by_functional_class	0.4226844530753885	0.004978350337882964	ATG	13	176
control_region	expanded_neutral_like_T95	A[T>C]T	22	17	5074.0	0.0008739850947130102	class_specific	raw	combined_db_spectrum_weight_raw_by_functional_class	0.4226844530753885	0.0020677010672004283	ATT	23	342
control_region	expanded_neutral_like_T95	A[T>G]A	20	3	39.0	6.4377597388448475e-06	class_specific	raw	combined_db_spectrum_weight_raw_by_functional_class	0.4226844530753885	1.5230651830235714e-05	ATA	24	361
control_region	expanded_neutral_like_T95	A[T>G]C	19	6	20.0	3.3014152506896656e-06	class_specific	raw	combined_db_spectrum_weight_raw_by_functional_class	0.4226844530753885	7.810590682172162e-06	ATC	24	350
control_region	expanded_neutral_like_T95	A[T>G]G	11	2	26.0	7.923396601655197e-06	class_specific	raw	combined_db_spectrum_weight_raw_by_functional_class	0.4226844530753885	1.8745417637213188e-05	ATG	13	176
control_region	expanded_neutral_like_T95	A[T>G]T	22	1	107.0	1.8430509486458828e-05	class_specific	raw	combined_db_spectrum_weight_raw_by_functional_class	0.4226844530753885	4.360347146047415e-05	ATT	23	342
control_region	expanded_neutral_like_T95	C[A>C]A	28	12	259.0	3.206499562232338e-05	class_specific	raw	combined_db_spectrum_weight_raw_by_functional_class	0.4226844530753885	7.586036200059712e-05	CAA	32	424
control_region	expanded_neutral_like_T95	C[A>C]C	38	18	3041.0	0.00026772276739592726	class_specific	raw	combined_db_spectrum_weight_raw_by_functional_class	0.4226844530753885	0.0006333868337196144	CAC	45	422
control_region	expanded_neutral_like_T95	C[A>C]G	18	6	481.0	0.00010586538237211527	class_specific	raw	combined_db_spectrum_weight_raw_by_functional_class	0.4226844530753885	0.0002504596078749873	CAG	18	200
control_region	expanded_neutral_like_T95	C[A>C]T	29	8	64.0	7.4573144486166566e-06	class_specific	raw	combined_db_spectrum_weight_raw_by_functional_class	0.4226844530753885	1.7642746011494764e-05	CAT	34	402
control_region	expanded_neutral_like_T95	C[A>G]A	31	22	6428.0	0.0007958061461787439	class_specific	raw	combined_db_spectrum_weight_raw_by_functional_class	0.4226844530753885	0.0018827428839375997	CAA	32	424
control_region	expanded_neutral_like_T95	C[A>G]C	39	32	264431.0	0.023279907630803173	class_specific	raw	combined_db_spectrum_weight_raw_by_functional_class	0.4226844530753885	0.05507632812473245	CAC	45	422
control_region	expanded_neutral_like_T95	C[A>G]G	16	11	2208.0	0.0004859683249015188	class_specific	raw	combined_db_spectrum_weight_raw_by_functional_class	0.4226844530753885	0.0011497189484157423	CAG	18	200
control_region	expanded_neutral_like_T95	C[A>G]T	30	15	593.0	6.90966791879637e-05	class_specific	raw	combined_db_spectrum_weight_raw_by_functional_class	0.4226844530753885	0.00016347106851275617	CAT	34	402
control_region	expanded_neutral_like_T95	C[A>T]A	27	11	292.0	3.615049699505184e-05	class_specific	raw	combined_db_spectrum_weight_raw_by_functional_class	0.4226844530753885	8.552596796978517e-05	CAA	32	424
control_region	expanded_neutral_like_T95	C[A>T]C	42	17	1433.0	0.00012615808144635443	class_specific	raw	combined_db_spectrum_weight_raw_by_functional_class	0.4226844530753885	0.0002984687052680722	CAC	45	422
control_region	expanded_neutral_like_T95	C[A>T]G	15	1	3.0	6.602830501379332e-07	class_specific	raw	combined_db_spectrum_weight_raw_by_functional_class	0.4226844530753885	1.5621181364344324e-06	CAG	18	200
control_region	expanded_neutral_like_T95	C[A>T]T	30	4	8.0	9.321643060770821e-07	class_specific	raw	combined_db_spectrum_weight_raw_by_functional_class	0.4226844530753885	2.2053432514368456e-06	CAT	34	402
control_region	expanded_neutral_like_T95	C[C>A]A	39	14	363.0	3.344410426047485e-05	class_specific	raw	combined_db_spectrum_weight_raw_by_functional_class	0.4226844530753885	7.912310002684172e-05	CCA	43	425
control_region	expanded_neutral_like_T95	C[C>A]C	56	17	197.0	1.2388167702587888e-05	class_specific	raw	combined_db_spectrum_weight_raw_by_functional_class	0.4226844530753885	2.9308311702626968e-05	CCC	63	568
control_region	expanded_neutral_like_T95	C[C>A]G	8	2	78.0	2.809204249677752e-05	class_specific	raw	combined_db_spectrum_weight_raw_by_functional_class	0.4226844530753885	6.64610261683013e-05	CCG	11	137
control_region	expanded_neutral_like_T95	C[C>A]T	20	8	98.0	1.5529857339244187e-05	class_specific	raw	combined_db_spectrum_weight_raw_by_functional_class	0.4226844530753885	3.674101856893785e-05	CCT	25	528
control_region	expanded_neutral_like_T95	C[C>G]A	39	8	54.0	4.975156005690472e-06	class_specific	raw	combined_db_spectrum_weight_raw_by_functional_class	0.4226844530753885	1.1770378516389675e-05	CCA	43	425
control_region	expanded_neutral_like_T95	C[C>G]C	58	7	52.0	3.2699732006830976e-06	class_specific	raw	combined_db_spectrum_weight_raw_by_functional_class	0.4226844530753885	7.736204104246713e-06	CCC	63	568
control_region	expanded_neutral_like_T95	C[C>G]G	8	1	1.0	3.6015439098432714e-07	class_specific	raw	combined_db_spectrum_weight_raw_by_functional_class	0.4226844530753885	8.520644380551448e-07	CCG	11	137
control_region	expanded_neutral_like_T95	C[C>G]T	23	4	273.0	4.326174544503738e-05	class_specific	raw	combined_db_spectrum_weight_raw_by_functional_class	0.4226844530753885	0.00010234998029918401	CCT	25	528
control_region	expanded_neutral_like_T95	C[C>T]A	41	33	17143.0	0.0015794277667694773	class_specific	raw	combined_db_spectrum_weight_raw_by_functional_class	0.4226844530753885	0.0037366592390086707	CCA	43	425
control_region	expanded_neutral_like_T95	C[C>T]C	61	43	61900.0	0.0038925257908131485	class_specific	raw	combined_db_spectrum_weight_raw_by_functional_class	0.4226844530753885	0.009209058347170606	CCC	63	568
control_region	expanded_neutral_like_T95	C[C>T]G	9	7	407.0	0.00014658283713062117	class_specific	raw	combined_db_spectrum_weight_raw_by_functional_class	0.4226844530753885	0.000346790226288444	CCG	11	137
control_region	expanded_neutral_like_T95	C[C>T]T	23	20	80885.0	0.012817678682497613	class_specific	raw	combined_db_spectrum_weight_raw_by_functional_class	0.4226844530753885	0.030324462111719776	CCT	25	528
control_region	expanded_neutral_like_T95	C[G>A]A	6	5	176.0	0.00011620981682427623	class_specific	raw	combined_db_spectrum_weight_raw_by_functional_class	0.4226844530753885	0.0002749327920124601	CGA	6	123
control_region	expanded_neutral_like_T95	C[G>A]C	10	9	12819.0	0.005078501051830899	class_specific	raw	combined_db_spectrum_weight_raw_by_functional_class	0.4226844530753885	0.012014875434571793	CGC	10	148
control_region	expanded_neutral_like_T95	C[G>A]G	5	4	21049.0	0.016677957506824027	class_specific	raw	combined_db_spectrum_weight_raw_by_functional_class	0.4226844530753885	0.03945722958457004	CGG	5	84
control_region	expanded_neutral_like_T95	C[G>A]T	6	4	136.0	7.697013841607907e-05	class_specific	raw	combined_db_spectrum_weight_raw_by_functional_class	0.4226844530753885	0.00018209834276149955	CGT	7	80
control_region	expanded_neutral_like_T95	C[G>C]A	4	0	0.0	0.0	class_specific	raw	combined_db_spectrum_weight_raw_by_functional_class	0.4226844530753885	0.0	CGA	6	123
control_region	expanded_neutral_like_T95	C[G>C]C	9	4	36.0	1.4262113882979356e-05	class_specific	raw	combined_db_spectrum_weight_raw_by_functional_class	0.4226844530753885	3.374175174698374e-05	CGC	10	148
control_region	expanded_neutral_like_T95	C[G>C]G	5	1	2730.0	0.002163087272251869	class_specific	raw	combined_db_spectrum_weight_raw_by_functional_class	0.4226844530753885	0.0051174990149592	CGG	5	84
control_region	expanded_neutral_like_T95	C[G>C]T	6	1	48.0	2.7165931205674963e-05	class_specific	raw	combined_db_spectrum_weight_raw_by_functional_class	0.4226844530753885	6.427000332758808e-05	CGT	7	80
control_region	expanded_neutral_like_T95	C[G>T]A	5	1	27.0	1.7827642353724195e-05	class_specific	raw	combined_db_spectrum_weight_raw_by_functional_class	0.4226844530753885	4.2177189683729674e-05	CGA	6	123
control_region	expanded_neutral_like_T95	C[G>T]C	9	4	10.0	3.9616983008275985e-06	class_specific	raw	combined_db_spectrum_weight_raw_by_functional_class	0.4226844530753885	9.372708818606594e-06	CGC	10	148
control_region	expanded_neutral_like_T95	C[G>T]G	4	0	0.0	0.0	class_specific	raw	combined_db_spectrum_weight_raw_by_functional_class	0.4226844530753885	0.0	CGG	5	84
control_region	expanded_neutral_like_T95	C[G>T]T	6	1	31.0	1.754466390366508e-05	class_specific	raw	combined_db_spectrum_weight_raw_by_functional_class	0.4226844530753885	4.150771048240063e-05	CGT	7	80
control_region	expanded_neutral_like_T95	C[T>A]A	18	5	29.0	5.470916701142875e-06	class_specific	raw	combined_db_spectrum_weight_raw_by_functional_class	0.4226844530753885	1.2943264559028154e-05	CTA	21	503
control_region	expanded_neutral_like_T95	C[T>A]C	21	8	130.0	2.452479900512323e-05	class_specific	raw	combined_db_spectrum_weight_raw_by_functional_class	0.4226844530753885	5.802153078185035e-05	CTC	21	405
control_region	expanded_neutral_like_T95	C[T>A]G	12	1	2.0	6.094920462811691e-07	class_specific	raw	combined_db_spectrum_weight_raw_by_functional_class	0.4226844530753885	1.441955202862553e-06	CTG	13	179
control_region	expanded_neutral_like_T95	C[T>A]T	15	3	367.0	8.552607508257229e-05	class_specific	raw	combined_db_spectrum_weight_raw_by_functional_class	0.4226844530753885	0.0002023402433193306	CTT	17	325
control_region	expanded_neutral_like_T95	C[T>C]A	19	17	84033.0	0.015853018729211694	class_specific	raw	combined_db_spectrum_weight_raw_by_functional_class	0.4226844530753885	0.03750556381685561	CTA	21	503
control_region	expanded_neutral_like_T95	C[T>C]C	20	20	79056.0	0.014914096231915554	class_specific	raw	combined_db_spectrum_weight_raw_by_functional_class	0.4226844530753885	0.035284231826845855	CTC	21	405
control_region	expanded_neutral_like_T95	C[T>C]G	12	11	2366.0	0.000721029090750623	class_specific	raw	combined_db_spectrum_weight_raw_by_functional_class	0.4226844530753885	0.0017058330049864003	CTG	13	179
control_region	expanded_neutral_like_T95	C[T>C]T	15	11	66181.0	0.015422891485121841	class_specific	raw	combined_db_spectrum_weight_raw_by_functional_class	0.4226844530753885	0.03648795543083547	CTT	17	325
control_region	expanded_neutral_like_T95	C[T>G]A	18	0	0.0	0.0	class_specific	raw	combined_db_spectrum_weight_raw_by_functional_class	0.4226844530753885	0.0	CTA	21	503
control_region	expanded_neutral_like_T95	C[T>G]C	21	4	59.0	1.1130485702325158e-05	class_specific	raw	combined_db_spectrum_weight_raw_by_functional_class	0.4226844530753885	2.6332848585609e-05	CTC	21	405
control_region	expanded_neutral_like_T95	C[T>G]G	12	1	15.0	4.571190347108768e-06	class_specific	raw	combined_db_spectrum_weight_raw_by_functional_class	0.4226844530753885	1.0814664021469146e-05	CTG	13	179
control_region	expanded_neutral_like_T95	C[T>G]T	15	1	2.0	4.6608215303854103e-07	class_specific	raw	combined_db_spectrum_weight_raw_by_functional_class	0.4226844530753885	1.1026716257184228e-06	CTT	17	325
control_region	expanded_neutral_like_T95	G[A>C]A	7	1	4.0	1.9808491504137993e-06	class_specific	raw	combined_db_spectrum_weight_raw_by_functional_class	0.4226844530753885	4.686354409303297e-06	GAA	8	201
control_region	expanded_neutral_like_T95	G[A>C]C	8	3	831.0	0.00032921712879877343	class_specific	raw	combined_db_spectrum_weight_raw_by_functional_class	0.4226844530753885	0.000778872102826208	GAC	10	160
control_region	expanded_neutral_like_T95	G[A>C]G	5	0	0.0	0.0	class_specific	raw	combined_db_spectrum_weight_raw_by_functional_class	0.4226844530753885	0.0	GAG	5	143
control_region	expanded_neutral_like_T95	G[A>C]T	7	0	0.0	0.0	class_specific	raw	combined_db_spectrum_weight_raw_by_functional_class	0.4226844530753885	0.0	GAT	9	135
control_region	expanded_neutral_like_T95	G[A>G]A	7	6	4723.0	0.0023388876343510934	class_specific	raw	combined_db_spectrum_weight_raw_by_functional_class	0.4226844530753885	0.005533412968784867	GAA	8	201
control_region	expanded_neutral_like_T95	G[A>G]C	8	5	10247.0	0.00405955224885804	class_specific	raw	combined_db_spectrum_weight_raw_by_functional_class	0.4226844530753885	0.009604214726426176	GAC	10	160
control_region	expanded_neutral_like_T95	G[A>G]G	5	3	6038.0	0.004784146868079408	class_specific	raw	combined_db_spectrum_weight_raw_by_functional_class	0.4226844530753885	0.011318483169349323	GAG	5	143
control_region	expanded_neutral_like_T95	G[A>G]T	7	5	150.0	6.602830501379331e-05	class_specific	raw	combined_db_spectrum_weight_raw_by_functional_class	0.4226844530753885	0.00015621181364344324	GAT	9	135
control_region	expanded_neutral_like_T95	G[A>T]A	7	1	4.0	1.9808491504137993e-06	class_specific	raw	combined_db_spectrum_weight_raw_by_functional_class	0.4226844530753885	4.686354409303297e-06	GAA	8	201
control_region	expanded_neutral_like_T95	G[A>T]C	9	4	66.0	2.614720878546215e-05	class_specific	raw	combined_db_spectrum_weight_raw_by_functional_class	0.4226844530753885	6.185987820280352e-05	GAC	10	160
control_region	expanded_neutral_like_T95	G[A>T]G	5	0	0.0	0.0	class_specific	raw	combined_db_spectrum_weight_raw_by_functional_class	0.4226844530753885	0.0	GAG	5	143
control_region	expanded_neutral_like_T95	G[A>T]T	7	1	9.0	3.9616983008275985e-06	class_specific	raw	combined_db_spectrum_weight_raw_by_functional_class	0.4226844530753885	9.372708818606594e-06	GAT	9	135
control_region	expanded_neutral_like_T95	G[C>A]A	15	2	70.0	1.7332430066120746e-05	class_specific	raw	combined_db_spectrum_weight_raw_by_functional_class	0.4226844530753885	4.100560108140385e-05	GCA	16	202
control_region	expanded_neutral_like_T95	G[C>A]C	14	4	474.0	0.00013413178532802015	class_specific	raw	combined_db_spectrum_weight_raw_by_functional_class	0.4226844530753885	0.00031733314142996615	GCC	14	264
control_region	expanded_neutral_like_T95	G[C>A]G	4	2	2653.0	0.002627596398023905	class_specific	raw	combined_db_spectrum_weight_raw_by_functional_class	0.4226844530753885	0.0062164491239408235	GCG	4	61
control_region	expanded_neutral_like_T95	G[C>A]T	11	1	8.0	2.881235127874617e-06	class_specific	raw	combined_db_spectrum_weight_raw_by_functional_class	0.4226844530753885	6.816515504441159e-06	GCT	11	184
control_region	expanded_neutral_like_T95	G[C>G]A	15	2	4.0	9.904245752068996e-07	class_specific	raw	combined_db_spectrum_weight_raw_by_functional_class	0.4226844530753885	2.3431772046516485e-06	GCA	16	202
control_region	expanded_neutral_like_T95	G[C>G]C	14	3	70.0	1.9808491504137995e-05	class_specific	raw	combined_db_spectrum_weight_raw_by_functional_class	0.4226844530753885	4.686354409303297e-05	GCC	14	264
control_region	expanded_neutral_like_T95	G[C>G]G	4	0	0.0	0.0	class_specific	raw	combined_db_spectrum_weight_raw_by_functional_class	0.4226844530753885	0.0	GCG	4	61
control_region	expanded_neutral_like_T95	G[C>G]T	11	0	0.0	0.0	class_specific	raw	combined_db_spectrum_weight_raw_by_functional_class	0.4226844530753885	0.0	GCT	11	184
control_region	expanded_neutral_like_T95	G[C>T]A	16	10	2417.0	0.0005984640495687692	class_specific	raw	combined_db_spectrum_weight_raw_by_functional_class	0.4226844530753885	0.0014158648259107586	GCA	16	202
control_region	expanded_neutral_like_T95	G[C>T]C	13	10	32178.0	0.009105680566002177	class_specific	raw	combined_db_spectrum_weight_raw_by_functional_class	0.4226844530753885	0.021542501740365927	GCC	14	264
control_region	expanded_neutral_like_T95	G[C>T]G	4	2	175.0	0.00017332430066120745	class_specific	raw	combined_db_spectrum_weight_raw_by_functional_class	0.4226844530753885	0.00041005601081403847	GCG	4	61
control_region	expanded_neutral_like_T95	G[C>T]T	10	8	372.0	0.0001339774334461697	class_specific	raw	combined_db_spectrum_weight_raw_by_functional_class	0.4226844530753885	0.00031696797095651395	GCT	11	184
control_region	expanded_neutral_like_T95	G[G>A]A	7	4	3007.0	0.0014891033488235736	class_specific	raw	combined_db_spectrum_weight_raw_by_functional_class	0.4226844530753885	0.0035229669271937534	GGA	8	131
control_region	expanded_neutral_like_T95	G[G>A]C	4	3	13781.0	0.013649041070926286	class_specific	raw	combined_db_spectrum_weight_raw_by_functional_class	0.4226844530753885	0.03229132505730437	GGC	4	158
control_region	expanded_neutral_like_T95	G[G>A]G	13	12	12865.0	0.003397816576009804	class_specific	raw	combined_db_spectrum_weight_raw_by_functional_class	0.4226844530753885	0.008038659930091589	GGG	15	128
control_region	expanded_neutral_like_T95	G[G>A]T	10	7	6010.0	0.0023809806787973868	class_specific	raw	combined_db_spectrum_weight_raw_by_functional_class	0.4226844530753885	0.005632997999982563	GGT	10	122
control_region	expanded_neutral_like_T95	G[G>C]A	7	1	4.0	1.9808491504137993e-06	class_specific	raw	combined_db_spectrum_weight_raw_by_functional_class	0.4226844530753885	4.686354409303297e-06	GGA	8	131
control_region	expanded_neutral_like_T95	G[G>C]C	2	1	109.0	0.00010795627869755206	class_specific	raw	combined_db_spectrum_weight_raw_by_functional_class	0.4226844530753885	0.0002554063153070297	GGC	4	158
control_region	expanded_neutral_like_T95	G[G>C]G	14	3	4.0	1.056452880220693e-06	class_specific	raw	combined_db_spectrum_weight_raw_by_functional_class	0.4226844530753885	2.499389018295092e-06	GGG	15	128
control_region	expanded_neutral_like_T95	G[G>C]T	8	3	97.0	3.8428473518027704e-05	class_specific	raw	combined_db_spectrum_weight_raw_by_functional_class	0.4226844530753885	9.091527554048395e-05	GGT	10	122
control_region	expanded_neutral_like_T95	G[G>T]A	7	0	0.0	0.0	class_specific	raw	combined_db_spectrum_weight_raw_by_functional_class	0.4226844530753885	0.0	GGA	8	131
control_region	expanded_neutral_like_T95	G[G>T]C	3	1	2273.0	0.002251235059445283	class_specific	raw	combined_db_spectrum_weight_raw_by_functional_class	0.4226844530753885	0.005326041786173198	GGC	4	158
control_region	expanded_neutral_like_T95	G[G>T]G	13	2	11.0	2.905245420606906e-06	class_specific	raw	combined_db_spectrum_weight_raw_by_functional_class	0.4226844530753885	6.873319800311503e-06	GGG	15	128
control_region	expanded_neutral_like_T95	G[G>T]T	8	4	163.0	6.457568230348986e-05	class_specific	raw	combined_db_spectrum_weight_raw_by_functional_class	0.4226844530753885	0.00015277515374328748	GGT	10	122
control_region	expanded_neutral_like_T95	G[T>A]A	19	8	157.0	3.2736138591049105e-05	class_specific	raw	combined_db_spectrum_weight_raw_by_functional_class	0.4226844530753885	7.744817286953869e-05	GTA	19	167
control_region	expanded_neutral_like_T95	G[T>A]C	8	3	63.0	2.495869929521387e-05	class_specific	raw	combined_db_spectrum_weight_raw_by_functional_class	0.4226844530753885	5.904806555722154e-05	GTC	10	115
control_region	expanded_neutral_like_T95	G[T>A]G	4	2	9.0	7.131056941489678e-06	class_specific	raw	combined_db_spectrum_weight_raw_by_functional_class	0.4226844530753885	1.687087587349187e-05	GTG	5	87
control_region	expanded_neutral_like_T95	G[T>A]T	2	1	1.0	7.923396601655198e-07	class_specific	raw	combined_db_spectrum_weight_raw_by_functional_class	0.4226844530753885	1.8745417637213189e-06	GTT	5	137
control_region	expanded_neutral_like_T95	G[T>C]A	19	16	124524.0	0.025964553642750313	class_specific	raw	combined_db_spectrum_weight_raw_by_functional_class	0.4226844530753885	0.06142774699621935	GTA	19	167
control_region	expanded_neutral_like_T95	G[T>C]C	9	9	33765.0	0.013376674312744388	class_specific	raw	combined_db_spectrum_weight_raw_by_functional_class	0.4226844530753885	0.031646951326025165	GTC	10	115
control_region	expanded_neutral_like_T95	G[T>C]G	5	5	15684.0	0.01242705523003601	class_specific	raw	combined_db_spectrum_weight_raw_by_functional_class	0.4226844530753885	0.029400313022205162	GTG	5	87
control_region	expanded_neutral_like_T95	G[T>C]T	4	3	41.0	3.248592606678631e-05	class_specific	raw	combined_db_spectrum_weight_raw_by_functional_class	0.4226844530753885	7.685621231257407e-05	GTT	5	137
control_region	expanded_neutral_like_T95	G[T>G]A	19	9	508.0	0.00010592330193791686	class_specific	raw	combined_db_spectrum_weight_raw_by_functional_class	0.4226844530753885	0.0002505966357816921	GTA	19	167
control_region	expanded_neutral_like_T95	G[T>G]C	8	2	12.0	4.754037960993118e-06	class_specific	raw	combined_db_spectrum_weight_raw_by_functional_class	0.4226844530753885	1.1247250582327912e-05	GTC	10	115
control_region	expanded_neutral_like_T95	G[T>G]G	5	4	29.0	2.297785014480007e-05	class_specific	raw	combined_db_spectrum_weight_raw_by_functional_class	0.4226844530753885	5.436171114791824e-05	GTG	5	87
control_region	expanded_neutral_like_T95	G[T>G]T	2	0	0.0	0.0	class_specific	raw	combined_db_spectrum_weight_raw_by_functional_class	0.4226844530753885	0.0	GTT	5	137
control_region	expanded_neutral_like_T95	T[A>C]A	23	4	15.0	2.285595173554384e-06	class_specific	raw	combined_db_spectrum_weight_raw_by_functional_class	0.4226844530753885	5.407332010734573e-06	TAA	26	402
control_region	expanded_neutral_like_T95	T[A>C]C	27	11	349.0	5.120861877736415e-05	class_specific	raw	combined_db_spectrum_weight_raw_by_functional_class	0.4226844530753885	0.00012115093991458153	TAC	27	364
control_region	expanded_neutral_like_T95	T[A>C]G	9	2	2.0	8.803774001839108e-07	class_specific	raw	combined_db_spectrum_weight_raw_by_functional_class	0.4226844530753885	2.0828241819125765e-06	TAG	9	278
control_region	expanded_neutral_like_T95	T[A>C]T	16	3	30.0	5.942547451241398e-06	class_specific	raw	combined_db_spectrum_weight_raw_by_functional_class	0.4226844530753885	1.405906322790989e-05	TAT	20	330
control_region	expanded_neutral_like_T95	T[A>G]A	23	19	17433.0	0.002656318710704905	class_specific	raw	combined_db_spectrum_weight_raw_by_functional_class	0.4226844530753885	0.006284401262875721	TAA	26	402
control_region	expanded_neutral_like_T95	T[A>G]C	26	21	12905.0	0.001893545058228895	class_specific	raw	combined_db_spectrum_weight_raw_by_functional_class	0.4226844530753885	0.0044798076779303	TAC	27	364
control_region	expanded_neutral_like_T95	T[A>G]G	9	7	6736.0	0.002965111083819412	class_specific	raw	combined_db_spectrum_weight_raw_by_functional_class	0.4226844530753885	0.0070149518446815575	TAG	9	278
control_region	expanded_neutral_like_T95	T[A>G]T	16	10	173468.0	0.034361394042398095	class_specific	raw	combined_db_spectrum_weight_raw_by_functional_class	0.4226844530753885	0.08129325266730243	TAT	20	330
control_region	expanded_neutral_like_T95	T[A>T]A	23	6	34.0	5.180682393389937e-06	class_specific	raw	combined_db_spectrum_weight_raw_by_functional_class	0.4226844530753885	1.22566192243317e-05	TAA	26	402
control_region	expanded_neutral_like_T95	T[A>T]C	27	8	136.0	1.995522107083531e-05	class_specific	raw	combined_db_spectrum_weight_raw_by_functional_class	0.4226844530753885	4.7210681456685064e-05	TAC	27	364
control_region	expanded_neutral_like_T95	T[A>T]G	9	3	27.0	1.1885094902482796e-05	class_specific	raw	combined_db_spectrum_weight_raw_by_functional_class	0.4226844530753885	2.811812645581978e-05	TAG	9	278
control_region	expanded_neutral_like_T95	T[A>T]T	16	2	14.0	2.773188810579319e-06	class_specific	raw	combined_db_spectrum_weight_raw_by_functional_class	0.4226844530753885	6.560896173024616e-06	TAT	20	330
control_region	expanded_neutral_like_T95	T[C>A]A	20	13	333.0	5.276982136702362e-05	class_specific	raw	combined_db_spectrum_weight_raw_by_functional_class	0.4226844530753885	0.00012484448146383984	TCA	25	394
control_region	expanded_neutral_like_T95	T[C>A]C	22	8	273.0	4.506431817191393e-05	class_specific	raw	combined_db_spectrum_weight_raw_by_functional_class	0.4226844530753885	0.00010661456281165	TCC	24	353
control_region	expanded_neutral_like_T95	T[C>A]G	6	2	22.0	1.4526227103034528e-05	class_specific	raw	combined_db_spectrum_weight_raw_by_functional_class	0.4226844530753885	3.436659900155751e-05	TCG	6	120
control_region	expanded_neutral_like_T95	T[C>A]T	12	1	6.0	1.5846793203310395e-06	class_specific	raw	combined_db_spectrum_weight_raw_by_functional_class	0.4226844530753885	3.7490835274426377e-06	TCT	15	309
control_region	expanded_neutral_like_T95	T[C>G]A	19	9	540.0	8.557268329787614e-05	class_specific	raw	combined_db_spectrum_weight_raw_by_functional_class	0.4226844530753885	0.00020245051048190245	TCA	25	394
control_region	expanded_neutral_like_T95	T[C>G]C	22	2	4.0	6.602830501379332e-07	class_specific	raw	combined_db_spectrum_weight_raw_by_functional_class	0.4226844530753885	1.5621181364344324e-06	TCC	24	353
control_region	expanded_neutral_like_T95	T[C>G]G	6	0	0.0	0.0	class_specific	raw	combined_db_spectrum_weight_raw_by_functional_class	0.4226844530753885	0.0	TCG	6	120
control_region	expanded_neutral_like_T95	T[C>G]T	12	0	0.0	0.0	class_specific	raw	combined_db_spectrum_weight_raw_by_functional_class	0.4226844530753885	0.0	TCT	15	309
control_region	expanded_neutral_like_T95	T[C>T]A	19	17	28992.0	0.00459430228550375	class_specific	raw	combined_db_spectrum_weight_raw_by_functional_class	0.4226844530753885	0.010869342962761696	TCA	25	394
control_region	expanded_neutral_like_T95	T[C>T]C	20	15	57774.0	0.009536798234667236	class_specific	raw	combined_db_spectrum_weight_raw_by_functional_class	0.4226844530753885	0.02256245330359072	TCC	24	353
control_region	expanded_neutral_like_T95	T[C>T]G	6	4	3144.0	0.0020759299096336616	class_specific	raw	combined_db_spectrum_weight_raw_by_functional_class	0.4226844530753885	0.004911299420949855	TCG	6	120
control_region	expanded_neutral_like_T95	T[C>T]T	12	7	8881.0	0.002345589507309994	class_specific	raw	combined_db_spectrum_weight_raw_by_functional_class	0.4226844530753885	0.005549268467869678	TCT	15	309
control_region	expanded_neutral_like_T95	T[G>A]A	8	6	15325.0	0.006745891828909217	class_specific	raw	combined_db_spectrum_weight_raw_by_functional_class	0.4226844530753885	0.015959640293905116	TGA	9	211
control_region	expanded_neutral_like_T95	T[G>A]C	13	11	5031.0	0.0015331772424202806	class_specific	raw	combined_db_spectrum_weight_raw_by_functional_class	0.4226844530753885	0.0036272383128007515	TGC	13	128
control_region	expanded_neutral_like_T95	T[G>A]G	9	5	253.0	9.111906091903477e-05	class_specific	raw	combined_db_spectrum_weight_raw_by_functional_class	0.4226844530753885	0.00021557230282795165	TGG	11	139
control_region	expanded_neutral_like_T95	T[G>A]T	10	7	14763.0	0.005848655201511784	class_specific	raw	combined_db_spectrum_weight_raw_by_functional_class	0.4226844530753885	0.013836930028908914	TGT	10	123
control_region	expanded_neutral_like_T95	T[G>C]A	8	0	0.0	0.0	class_specific	raw	combined_db_spectrum_weight_raw_by_functional_class	0.4226844530753885	0.0	TGA	9	211
control_region	expanded_neutral_like_T95	T[G>C]C	12	3	37.0	1.1275602856201628e-05	class_specific	raw	combined_db_spectrum_weight_raw_by_functional_class	0.4226844530753885	2.667617125295723e-05	TGC	13	128
control_region	expanded_neutral_like_T95	T[G>C]G	7	1	2.0	7.203087819686543e-07	class_specific	raw	combined_db_spectrum_weight_raw_by_functional_class	0.4226844530753885	1.7041288761102897e-06	TGG	11	139
control_region	expanded_neutral_like_T95	T[G>C]T	9	2	75.0	2.971273725620699e-05	class_specific	raw	combined_db_spectrum_weight_raw_by_functional_class	0.4226844530753885	7.029531613954945e-05	TGT	10	123
control_region	expanded_neutral_like_T95	T[G>T]A	8	2	8.0	3.521509600735643e-06	class_specific	raw	combined_db_spectrum_weight_raw_by_functional_class	0.4226844530753885	8.331296727650306e-06	TGA	9	211
control_region	expanded_neutral_like_T95	T[G>T]C	13	1	1.0	3.0474602314058455e-07	class_specific	raw	combined_db_spectrum_weight_raw_by_functional_class	0.4226844530753885	7.209776014312765e-07	TGC	13	128
control_region	expanded_neutral_like_T95	T[G>T]G	7	2	133.0	4.7900534000915513e-05	class_specific	raw	combined_db_spectrum_weight_raw_by_functional_class	0.4226844530753885	0.00011332457026133428	TGG	11	139
control_region	expanded_neutral_like_T95	T[G>T]T	9	1	17.0	6.734887111406918e-06	class_specific	raw	combined_db_spectrum_weight_raw_by_functional_class	0.4226844530753885	1.593360499163121e-05	TGT	10	123
control_region	expanded_neutral_like_T95	T[T>A]A	16	3	16.0	3.521509600735643e-06	class_specific	raw	combined_db_spectrum_weight_raw_by_functional_class	0.4226844530753885	8.331296727650306e-06	TTA	18	341
control_region	expanded_neutral_like_T95	T[T>A]C	10	4	18.0	4.754037960993118e-06	class_specific	raw	combined_db_spectrum_weight_raw_by_functional_class	0.4226844530753885	1.1247250582327912e-05	TTC	15	308
control_region	expanded_neutral_like_T95	T[T>A]G	12	2	706.0	0.0002330799166986904	class_specific	raw	combined_db_spectrum_weight_raw_by_functional_class	0.4226844530753885	0.0005514277021613546	TTG	12	157
control_region	expanded_neutral_like_T95	T[T>A]T	19	5	99.0	1.9610406589096613e-05	class_specific	raw	combined_db_spectrum_weight_raw_by_functional_class	0.4226844530753885	4.639490865210264e-05	TTT	20	285
control_region	expanded_neutral_like_T95	T[T>C]A	17	14	25467.0	0.005605142812620915	class_specific	raw	combined_db_spectrum_weight_raw_by_functional_class	0.4226844530753885	0.013260820860191896	TTA	18	341
control_region	expanded_neutral_like_T95	T[T>C]C	12	11	6543.0	0.0017280927988209986	class_specific	raw	combined_db_spectrum_weight_raw_by_functional_class	0.4226844530753885	0.004088375586676196	TTC	15	308
control_region	expanded_neutral_like_T95	T[T>C]G	12	9	5406.0	0.0017847450845228333	class_specific	raw	combined_db_spectrum_weight_raw_by_functional_class	0.4226844530753885	0.004222405322782271	TTG	12	157
control_region	expanded_neutral_like_T95	T[T>C]T	18	13	17111.0	0.003389430981273052	class_specific	raw	combined_db_spectrum_weight_raw_by_functional_class	0.4226844530753885	0.008018821029758871	TTT	20	285
control_region	expanded_neutral_like_T95	T[T>G]A	16	2	3.0	6.602830501379332e-07	class_specific	raw	combined_db_spectrum_weight_raw_by_functional_class	0.4226844530753885	1.5621181364344324e-06	TTA	18	341
control_region	expanded_neutral_like_T95	T[T>G]C	10	0	0.0	0.0	class_specific	raw	combined_db_spectrum_weight_raw_by_functional_class	0.4226844530753885	0.0	TTC	15	308
control_region	expanded_neutral_like_T95	T[T>G]G	12	3	34.0	1.1224811852344863e-05	class_specific	raw	combined_db_spectrum_weight_raw_by_functional_class	0.4226844530753885	2.655600831938535e-05	TTG	12	157
control_region	expanded_neutral_like_T95	T[T>G]T	19	3	48.0	9.508075921986238e-06	class_specific	raw	combined_db_spectrum_weight_raw_by_functional_class	0.4226844530753885	2.2494501164655828e-05	TTT	20	285
control_region	unlabeled_out_of_neutral_domain_T95	A[A>C]A	3	0	0.0	0.0	class_specific	raw	combined_db_spectrum_weight_raw_by_functional_class	0.4226844530753885	0.0	AAA	30	490
control_region	unlabeled_out_of_neutral_domain_T95	A[A>C]C	3	2	3356.0	0.0004154831092992944	class_specific	raw	combined_db_spectrum_weight_raw_by_functional_class	0.4226844530753885	0.0009829628373513666	AAC	32	462
control_region	unlabeled_out_of_neutral_domain_T95	A[A>C]G	1	0	0.0	0.0	class_specific	raw	combined_db_spectrum_weight_raw_by_functional_class	0.4226844530753885	0.0	AAG	13	202
control_region	unlabeled_out_of_neutral_domain_T95	A[A>C]T	4	2	2.0	3.7730460007881894e-07	class_specific	raw	combined_db_spectrum_weight_raw_by_functional_class	0.4226844530753885	8.926389351053899e-07	AAT	21	364
control_region	unlabeled_out_of_neutral_domain_T95	A[A>G]A	4	2	3.0	3.9616983008275994e-07	class_specific	raw	combined_db_spectrum_weight_raw_by_functional_class	0.4226844530753885	9.372708818606595e-07	AAA	30	490
control_region	unlabeled_out_of_neutral_domain_T95	A[A>G]C	2	1	3.0	3.714092157025874e-07	class_specific	raw	combined_db_spectrum_weight_raw_by_functional_class	0.4226844530753885	8.786914517443682e-07	AAC	32	462
control_region	unlabeled_out_of_neutral_domain_T95	A[A>G]G	1	1	2.0	6.094920462811691e-07	class_specific	raw	combined_db_spectrum_weight_raw_by_functional_class	0.4226844530753885	1.441955202862553e-06	AAG	13	202
control_region	unlabeled_out_of_neutral_domain_T95	A[A>G]T	2	1	1.0	1.8865230003940947e-07	class_specific	raw	combined_db_spectrum_weight_raw_by_functional_class	0.4226844530753885	4.4631946755269494e-07	AAT	21	364
control_region	unlabeled_out_of_neutral_domain_T95	A[A>T]A	5	2	2.0	2.6411322005517327e-07	class_specific	raw	combined_db_spectrum_weight_raw_by_functional_class	0.4226844530753885	6.24847254573773e-07	AAA	30	490
control_region	unlabeled_out_of_neutral_domain_T95	A[A>T]C	4	3	4.0	4.952122876034498e-07	class_specific	raw	combined_db_spectrum_weight_raw_by_functional_class	0.4226844530753885	1.1715886023258242e-06	AAC	32	462
control_region	unlabeled_out_of_neutral_domain_T95	A[A>T]G	1	0	0.0	0.0	class_specific	raw	combined_db_spectrum_weight_raw_by_functional_class	0.4226844530753885	0.0	AAG	13	202
control_region	unlabeled_out_of_neutral_domain_T95	A[A>T]T	3	1	2.0	3.7730460007881894e-07	class_specific	raw	combined_db_spectrum_weight_raw_by_functional_class	0.4226844530753885	8.926389351053899e-07	AAT	21	364
control_region	unlabeled_out_of_neutral_domain_T95	A[C>A]A	2	0	0.0	0.0	class_specific	raw	combined_db_spectrum_weight_raw_by_functional_class	0.4226844530753885	0.0	ACA	45	425
control_region	unlabeled_out_of_neutral_domain_T95	A[C>A]C	4	2	2.0	1.9325357565012676e-07	class_specific	raw	combined_db_spectrum_weight_raw_by_functional_class	0.4226844530753885	4.572053082247119e-07	ACC	41	473
control_region	unlabeled_out_of_neutral_domain_T95	A[C>A]G	2	0	0.0	0.0	class_specific	raw	combined_db_spectrum_weight_raw_by_functional_class	0.4226844530753885	0.0	ACG	7	117
control_region	unlabeled_out_of_neutral_domain_T95	A[C>A]T	0	0	0.0	0.0	class_specific	raw	combined_db_spectrum_weight_raw_by_functional_class	0.4226844530753885	0.0	ACT	21	391
control_region	unlabeled_out_of_neutral_domain_T95	A[C>G]A	4	2	2.0	1.7607548003678216e-07	class_specific	raw	combined_db_spectrum_weight_raw_by_functional_class	0.4226844530753885	4.1656483638251525e-07	ACA	45	425
control_region	unlabeled_out_of_neutral_domain_T95	A[C>G]C	2	0	0.0	0.0	class_specific	raw	combined_db_spectrum_weight_raw_by_functional_class	0.4226844530753885	0.0	ACC	41	473
control_region	unlabeled_out_of_neutral_domain_T95	A[C>G]G	1	0	0.0	0.0	class_specific	raw	combined_db_spectrum_weight_raw_by_functional_class	0.4226844530753885	0.0	ACG	7	117
control_region	unlabeled_out_of_neutral_domain_T95	A[C>G]T	0	0	0.0	0.0	class_specific	raw	combined_db_spectrum_weight_raw_by_functional_class	0.4226844530753885	0.0	ACT	21	391
control_region	unlabeled_out_of_neutral_domain_T95	A[C>T]A	4	3	3.0	2.641132200551732e-07	class_specific	raw	combined_db_spectrum_weight_raw_by_functional_class	0.4226844530753885	6.248472545737728e-07	ACA	45	425
control_region	unlabeled_out_of_neutral_domain_T95	A[C>T]C	4	3	3.0	2.8988036347519013e-07	class_specific	raw	combined_db_spectrum_weight_raw_by_functional_class	0.4226844530753885	6.858079623370678e-07	ACC	41	473
control_region	unlabeled_out_of_neutral_domain_T95	A[C>T]G	2	0	0.0	0.0	class_specific	raw	combined_db_spectrum_weight_raw_by_functional_class	0.4226844530753885	0.0	ACG	7	117
control_region	unlabeled_out_of_neutral_domain_T95	A[C>T]T	0	0	0.0	0.0	class_specific	raw	combined_db_spectrum_weight_raw_by_functional_class	0.4226844530753885	0.0	ACT	21	391
control_region	unlabeled_out_of_neutral_domain_T95	A[G>A]A	2	2	55.0	2.4210378505057548e-05	class_specific	raw	combined_db_spectrum_weight_raw_by_functional_class	0.4226844530753885	5.727766500259585e-05	AGA	9	176
control_region	unlabeled_out_of_neutral_domain_T95	A[G>A]C	0	0	0.0	0.0	class_specific	raw	combined_db_spectrum_weight_raw_by_functional_class	0.4226844530753885	0.0	AGC	18	277
control_region	unlabeled_out_of_neutral_domain_T95	A[G>A]G	1	0	0.0	0.0	class_specific	raw	combined_db_spectrum_weight_raw_by_functional_class	0.4226844530753885	0.0	AGG	6	188
control_region	unlabeled_out_of_neutral_domain_T95	A[G>A]T	1	1	1.0	3.6015439098432714e-07	class_specific	raw	combined_db_spectrum_weight_raw_by_functional_class	0.4226844530753885	8.520644380551448e-07	AGT	11	182
control_region	unlabeled_out_of_neutral_domain_T95	A[G>C]A	2	1	1.0	4.401887000919554e-07	class_specific	raw	combined_db_spectrum_weight_raw_by_functional_class	0.4226844530753885	1.0414120909562883e-06	AGA	9	176
control_region	unlabeled_out_of_neutral_domain_T95	A[G>C]C	0	0	0.0	0.0	class_specific	raw	combined_db_spectrum_weight_raw_by_functional_class	0.4226844530753885	0.0	AGC	18	277
control_region	unlabeled_out_of_neutral_domain_T95	A[G>C]G	2	0	0.0	0.0	class_specific	raw	combined_db_spectrum_weight_raw_by_functional_class	0.4226844530753885	0.0	AGG	6	188
control_region	unlabeled_out_of_neutral_domain_T95	A[G>C]T	0	0	0.0	0.0	class_specific	raw	combined_db_spectrum_weight_raw_by_functional_class	0.4226844530753885	0.0	AGT	11	182
control_region	unlabeled_out_of_neutral_domain_T95	A[G>T]A	1	0	0.0	0.0	class_specific	raw	combined_db_spectrum_weight_raw_by_functional_class	0.4226844530753885	0.0	AGA	9	176
control_region	unlabeled_out_of_neutral_domain_T95	A[G>T]C	1	1	1.0	2.200943500459777e-07	class_specific	raw	combined_db_spectrum_weight_raw_by_functional_class	0.4226844530753885	5.207060454781441e-07	AGC	18	277
control_region	unlabeled_out_of_neutral_domain_T95	A[G>T]G	1	0	0.0	0.0	class_specific	raw	combined_db_spectrum_weight_raw_by_functional_class	0.4226844530753885	0.0	AGG	6	188
control_region	unlabeled_out_of_neutral_domain_T95	A[G>T]T	0	0	0.0	0.0	class_specific	raw	combined_db_spectrum_weight_raw_by_functional_class	0.4226844530753885	0.0	AGT	11	182
control_region	unlabeled_out_of_neutral_domain_T95	A[T>A]A	2	0	0.0	0.0	class_specific	raw	combined_db_spectrum_weight_raw_by_functional_class	0.4226844530753885	0.0	ATA	24	361
control_region	unlabeled_out_of_neutral_domain_T95	A[T>A]C	5	0	0.0	0.0	class_specific	raw	combined_db_spectrum_weight_raw_by_functional_class	0.4226844530753885	0.0	ATC	24	350
control_region	unlabeled_out_of_neutral_domain_T95	A[T>A]G	2	0	0.0	0.0	class_specific	raw	combined_db_spectrum_weight_raw_by_functional_class	0.4226844530753885	0.0	ATG	13	176
control_region	unlabeled_out_of_neutral_domain_T95	A[T>A]T	1	0	0.0	0.0	class_specific	raw	combined_db_spectrum_weight_raw_by_functional_class	0.4226844530753885	0.0	ATT	23	342
control_region	unlabeled_out_of_neutral_domain_T95	A[T>C]A	2	2	2.0	3.301415250689666e-07	class_specific	raw	combined_db_spectrum_weight_raw_by_functional_class	0.4226844530753885	7.810590682172162e-07	ATA	24	361
control_region	unlabeled_out_of_neutral_domain_T95	A[T>C]C	2	1	1.0	1.650707625344833e-07	class_specific	raw	combined_db_spectrum_weight_raw_by_functional_class	0.4226844530753885	3.905295341086081e-07	ATC	24	350
control_region	unlabeled_out_of_neutral_domain_T95	A[T>C]G	2	0	0.0	0.0	class_specific	raw	combined_db_spectrum_weight_raw_by_functional_class	0.4226844530753885	0.0	ATG	13	176
control_region	unlabeled_out_of_neutral_domain_T95	A[T>C]T	1	1	2.0	3.444955044197912e-07	class_specific	raw	combined_db_spectrum_weight_raw_by_functional_class	0.4226844530753885	8.150181581397038e-07	ATT	23	342
control_region	unlabeled_out_of_neutral_domain_T95	A[T>G]A	4	2	2.0	3.301415250689666e-07	class_specific	raw	combined_db_spectrum_weight_raw_by_functional_class	0.4226844530753885	7.810590682172162e-07	ATA	24	361
control_region	unlabeled_out_of_neutral_domain_T95	A[T>G]C	5	0	0.0	0.0	class_specific	raw	combined_db_spectrum_weight_raw_by_functional_class	0.4226844530753885	0.0	ATC	24	350
control_region	unlabeled_out_of_neutral_domain_T95	A[T>G]G	2	0	0.0	0.0	class_specific	raw	combined_db_spectrum_weight_raw_by_functional_class	0.4226844530753885	0.0	ATG	13	176
control_region	unlabeled_out_of_neutral_domain_T95	A[T>G]T	1	0	0.0	0.0	class_specific	raw	combined_db_spectrum_weight_raw_by_functional_class	0.4226844530753885	0.0	ATT	23	342
control_region	unlabeled_out_of_neutral_domain_T95	C[A>C]A	4	4	41.0	5.075925947935361e-06	class_specific	raw	combined_db_spectrum_weight_raw_by_functional_class	0.4226844530753885	1.2008783173839698e-05	CAA	32	424
control_region	unlabeled_out_of_neutral_domain_T95	C[A>C]C	7	4	972.0	8.557268329787614e-05	class_specific	raw	combined_db_spectrum_weight_raw_by_functional_class	0.4226844530753885	0.00020245051048190245	CAC	45	422
control_region	unlabeled_out_of_neutral_domain_T95	C[A>C]G	0	0	0.0	0.0	class_specific	raw	combined_db_spectrum_weight_raw_by_functional_class	0.4226844530753885	0.0	CAG	18	200
control_region	unlabeled_out_of_neutral_domain_T95	C[A>C]T	5	1	1.0	1.1652053825963526e-07	class_specific	raw	combined_db_spectrum_weight_raw_by_functional_class	0.4226844530753885	2.756679064296057e-07	CAT	34	402
control_region	unlabeled_out_of_neutral_domain_T95	C[A>G]A	1	0	0.0	0.0	class_specific	raw	combined_db_spectrum_weight_raw_by_functional_class	0.4226844530753885	0.0	CAA	32	424
control_region	unlabeled_out_of_neutral_domain_T95	C[A>G]C	6	3	3.0	2.641132200551732e-07	class_specific	raw	combined_db_spectrum_weight_raw_by_functional_class	0.4226844530753885	6.248472545737728e-07	CAC	45	422
control_region	unlabeled_out_of_neutral_domain_T95	C[A>G]G	2	1	7.0	1.540660450321844e-06	class_specific	raw	combined_db_spectrum_weight_raw_by_functional_class	0.4226844530753885	3.6449423183470087e-06	CAG	18	200
control_region	unlabeled_out_of_neutral_domain_T95	C[A>G]T	4	0	0.0	0.0	class_specific	raw	combined_db_spectrum_weight_raw_by_functional_class	0.4226844530753885	0.0	CAT	34	402
control_region	unlabeled_out_of_neutral_domain_T95	C[A>T]A	5	4	4.0	4.952122876034498e-07	class_specific	raw	combined_db_spectrum_weight_raw_by_functional_class	0.4226844530753885	1.1715886023258242e-06	CAA	32	424
control_region	unlabeled_out_of_neutral_domain_T95	C[A>T]C	3	0	0.0	0.0	class_specific	raw	combined_db_spectrum_weight_raw_by_functional_class	0.4226844530753885	0.0	CAC	45	422
control_region	unlabeled_out_of_neutral_domain_T95	C[A>T]G	3	2	2.0	4.401887000919554e-07	class_specific	raw	combined_db_spectrum_weight_raw_by_functional_class	0.4226844530753885	1.0414120909562883e-06	CAG	18	200
control_region	unlabeled_out_of_neutral_domain_T95	C[A>T]T	4	0	0.0	0.0	class_specific	raw	combined_db_spectrum_weight_raw_by_functional_class	0.4226844530753885	0.0	CAT	34	402
control_region	unlabeled_out_of_neutral_domain_T95	C[C>A]A	4	1	26.0	2.395445484221339e-06	class_specific	raw	combined_db_spectrum_weight_raw_by_functional_class	0.4226844530753885	5.667219285669104e-06	CCA	43	425
control_region	unlabeled_out_of_neutral_domain_T95	C[C>A]C	7	3	3.0	1.8865230003940947e-07	class_specific	raw	combined_db_spectrum_weight_raw_by_functional_class	0.4226844530753885	4.4631946755269494e-07	CCC	63	568
control_region	unlabeled_out_of_neutral_domain_T95	C[C>A]G	3	1	2.0	7.203087819686543e-07	class_specific	raw	combined_db_spectrum_weight_raw_by_functional_class	0.4226844530753885	1.7041288761102897e-06	CCG	11	137
control_region	unlabeled_out_of_neutral_domain_T95	C[C>A]T	5	3	3.0	4.754037960993119e-07	class_specific	raw	combined_db_spectrum_weight_raw_by_functional_class	0.4226844530753885	1.1247250582327914e-06	CCT	25	528
control_region	unlabeled_out_of_neutral_domain_T95	C[C>G]A	4	1	1.0	9.213251862389765e-08	class_specific	raw	combined_db_spectrum_weight_raw_by_functional_class	0.4226844530753885	2.1796997252573476e-07	CCA	43	425
control_region	unlabeled_out_of_neutral_domain_T95	C[C>G]C	5	1	2.0	1.2576820002627298e-07	class_specific	raw	combined_db_spectrum_weight_raw_by_functional_class	0.4226844530753885	2.9754631170179663e-07	CCC	63	568
control_region	unlabeled_out_of_neutral_domain_T95	C[C>G]G	3	1	1.0	3.6015439098432714e-07	class_specific	raw	combined_db_spectrum_weight_raw_by_functional_class	0.4226844530753885	8.520644380551448e-07	CCG	11	137
control_region	unlabeled_out_of_neutral_domain_T95	C[C>G]T	2	0	0.0	0.0	class_specific	raw	combined_db_spectrum_weight_raw_by_functional_class	0.4226844530753885	0.0	CCT	25	528
control_region	unlabeled_out_of_neutral_domain_T95	C[C>T]A	2	1	5.0	4.606625931194882e-07	class_specific	raw	combined_db_spectrum_weight_raw_by_functional_class	0.4226844530753885	1.0898498626286737e-06	CCA	43	425
control_region	unlabeled_out_of_neutral_domain_T95	C[C>T]C	2	0	0.0	0.0	class_specific	raw	combined_db_spectrum_weight_raw_by_functional_class	0.4226844530753885	0.0	CCC	63	568
control_region	unlabeled_out_of_neutral_domain_T95	C[C>T]G	2	0	0.0	0.0	class_specific	raw	combined_db_spectrum_weight_raw_by_functional_class	0.4226844530753885	0.0	CCG	11	137
control_region	unlabeled_out_of_neutral_domain_T95	C[C>T]T	2	1	1.0	1.5846793203310396e-07	class_specific	raw	combined_db_spectrum_weight_raw_by_functional_class	0.4226844530753885	3.749083527442638e-07	CCT	25	528
control_region	unlabeled_out_of_neutral_domain_T95	C[G>A]A	0	0	0.0	0.0	class_specific	raw	combined_db_spectrum_weight_raw_by_functional_class	0.4226844530753885	0.0	CGA	6	123
control_region	unlabeled_out_of_neutral_domain_T95	C[G>A]C	0	0	0.0	0.0	class_specific	raw	combined_db_spectrum_weight_raw_by_functional_class	0.4226844530753885	0.0	CGC	10	148
control_region	unlabeled_out_of_neutral_domain_T95	C[G>A]G	0	0	0.0	0.0	class_specific	raw	combined_db_spectrum_weight_raw_by_functional_class	0.4226844530753885	0.0	CGG	5	84
control_region	unlabeled_out_of_neutral_domain_T95	C[G>A]T	1	0	0.0	0.0	class_specific	raw	combined_db_spectrum_weight_raw_by_functional_class	0.4226844530753885	0.0	CGT	7	80
control_region	unlabeled_out_of_neutral_domain_T95	C[G>C]A	2	1	13.0	8.58367965179313e-06	class_specific	raw	combined_db_spectrum_weight_raw_by_functional_class	0.4226844530753885	2.030753577364762e-05	CGA	6	123
control_region	unlabeled_out_of_neutral_domain_T95	C[G>C]C	1	0	0.0	0.0	class_specific	raw	combined_db_spectrum_weight_raw_by_functional_class	0.4226844530753885	0.0	CGC	10	148
control_region	unlabeled_out_of_neutral_domain_T95	C[G>C]G	0	0	0.0	0.0	class_specific	raw	combined_db_spectrum_weight_raw_by_functional_class	0.4226844530753885	0.0	CGG	5	84
control_region	unlabeled_out_of_neutral_domain_T95	C[G>C]T	1	0	0.0	0.0	class_specific	raw	combined_db_spectrum_weight_raw_by_functional_class	0.4226844530753885	0.0	CGT	7	80
control_region	unlabeled_out_of_neutral_domain_T95	C[G>T]A	1	0	0.0	0.0	class_specific	raw	combined_db_spectrum_weight_raw_by_functional_class	0.4226844530753885	0.0	CGA	6	123
control_region	unlabeled_out_of_neutral_domain_T95	C[G>T]C	1	0	0.0	0.0	class_specific	raw	combined_db_spectrum_weight_raw_by_functional_class	0.4226844530753885	0.0	CGC	10	148
control_region	unlabeled_out_of_neutral_domain_T95	C[G>T]G	1	1	1.0	7.923396601655198e-07	class_specific	raw	combined_db_spectrum_weight_raw_by_functional_class	0.4226844530753885	1.8745417637213189e-06	CGG	5	84
control_region	unlabeled_out_of_neutral_domain_T95	C[G>T]T	1	0	0.0	0.0	class_specific	raw	combined_db_spectrum_weight_raw_by_functional_class	0.4226844530753885	0.0	CGT	7	80
control_region	unlabeled_out_of_neutral_domain_T95	C[T>A]A	3	1	1.0	1.8865230003940947e-07	class_specific	raw	combined_db_spectrum_weight_raw_by_functional_class	0.4226844530753885	4.4631946755269494e-07	CTA	21	503
control_region	unlabeled_out_of_neutral_domain_T95	C[T>A]C	0	0	0.0	0.0	class_specific	raw	combined_db_spectrum_weight_raw_by_functional_class	0.4226844530753885	0.0	CTC	21	405
control_region	unlabeled_out_of_neutral_domain_T95	C[T>A]G	1	0	0.0	0.0	class_specific	raw	combined_db_spectrum_weight_raw_by_functional_class	0.4226844530753885	0.0	CTG	13	179
control_region	unlabeled_out_of_neutral_domain_T95	C[T>A]T	2	0	0.0	0.0	class_specific	raw	combined_db_spectrum_weight_raw_by_functional_class	0.4226844530753885	0.0	CTT	17	325
control_region	unlabeled_out_of_neutral_domain_T95	C[T>C]A	2	2	4.0	7.546092001576379e-07	class_specific	raw	combined_db_spectrum_weight_raw_by_functional_class	0.4226844530753885	1.7852778702107798e-06	CTA	21	503
control_region	unlabeled_out_of_neutral_domain_T95	C[T>C]C	1	1	401.0	7.56495723158032e-05	class_specific	raw	combined_db_spectrum_weight_raw_by_functional_class	0.4226844530753885	0.00017897410648863067	CTC	21	405
control_region	unlabeled_out_of_neutral_domain_T95	C[T>C]G	1	1	1.0	3.0474602314058455e-07	class_specific	raw	combined_db_spectrum_weight_raw_by_functional_class	0.4226844530753885	7.209776014312765e-07	CTG	13	179
control_region	unlabeled_out_of_neutral_domain_T95	C[T>C]T	2	2	3.0	6.991232295578115e-07	class_specific	raw	combined_db_spectrum_weight_raw_by_functional_class	0.4226844530753885	1.6540074385776342e-06	CTT	17	325
control_region	unlabeled_out_of_neutral_domain_T95	C[T>G]A	3	0	0.0	0.0	class_specific	raw	combined_db_spectrum_weight_raw_by_functional_class	0.4226844530753885	0.0	CTA	21	503
control_region	unlabeled_out_of_neutral_domain_T95	C[T>G]C	0	0	0.0	0.0	class_specific	raw	combined_db_spectrum_weight_raw_by_functional_class	0.4226844530753885	0.0	CTC	21	405
control_region	unlabeled_out_of_neutral_domain_T95	C[T>G]G	1	0	0.0	0.0	class_specific	raw	combined_db_spectrum_weight_raw_by_functional_class	0.4226844530753885	0.0	CTG	13	179
control_region	unlabeled_out_of_neutral_domain_T95	C[T>G]T	2	0	0.0	0.0	class_specific	raw	combined_db_spectrum_weight_raw_by_functional_class	0.4226844530753885	0.0	CTT	17	325
control_region	unlabeled_out_of_neutral_domain_T95	G[A>C]A	1	0	0.0	0.0	class_specific	raw	combined_db_spectrum_weight_raw_by_functional_class	0.4226844530753885	0.0	GAA	8	201
control_region	unlabeled_out_of_neutral_domain_T95	G[A>C]C	2	1	2.0	7.923396601655198e-07	class_specific	raw	combined_db_spectrum_weight_raw_by_functional_class	0.4226844530753885	1.8745417637213189e-06	GAC	10	160
control_region	unlabeled_out_of_neutral_domain_T95	G[A>C]G	0	0	0.0	0.0	class_specific	raw	combined_db_spectrum_weight_raw_by_functional_class	0.4226844530753885	0.0	GAG	5	143
control_region	unlabeled_out_of_neutral_domain_T95	G[A>C]T	2	0	0.0	0.0	class_specific	raw	combined_db_spectrum_weight_raw_by_functional_class	0.4226844530753885	0.0	GAT	9	135
control_region	unlabeled_out_of_neutral_domain_T95	G[A>G]A	1	0	0.0	0.0	class_specific	raw	combined_db_spectrum_weight_raw_by_functional_class	0.4226844530753885	0.0	GAA	8	201
control_region	unlabeled_out_of_neutral_domain_T95	G[A>G]C	2	2	6.0	2.377018980496559e-06	class_specific	raw	combined_db_spectrum_weight_raw_by_functional_class	0.4226844530753885	5.623625291163956e-06	GAC	10	160
control_region	unlabeled_out_of_neutral_domain_T95	G[A>G]G	0	0	0.0	0.0	class_specific	raw	combined_db_spectrum_weight_raw_by_functional_class	0.4226844530753885	0.0	GAG	5	143
control_region	unlabeled_out_of_neutral_domain_T95	G[A>G]T	2	0	0.0	0.0	class_specific	raw	combined_db_spectrum_weight_raw_by_functional_class	0.4226844530753885	0.0	GAT	9	135
control_region	unlabeled_out_of_neutral_domain_T95	G[A>T]A	1	0	0.0	0.0	class_specific	raw	combined_db_spectrum_weight_raw_by_functional_class	0.4226844530753885	0.0	GAA	8	201
control_region	unlabeled_out_of_neutral_domain_T95	G[A>T]C	1	0	0.0	0.0	class_specific	raw	combined_db_spectrum_weight_raw_by_functional_class	0.4226844530753885	0.0	GAC	10	160
control_region	unlabeled_out_of_neutral_domain_T95	G[A>T]G	0	0	0.0	0.0	class_specific	raw	combined_db_spectrum_weight_raw_by_functional_class	0.4226844530753885	0.0	GAG	5	143
control_region	unlabeled_out_of_neutral_domain_T95	G[A>T]T	2	0	0.0	0.0	class_specific	raw	combined_db_spectrum_weight_raw_by_functional_class	0.4226844530753885	0.0	GAT	9	135
control_region	unlabeled_out_of_neutral_domain_T95	G[C>A]A	1	0	0.0	0.0	class_specific	raw	combined_db_spectrum_weight_raw_by_functional_class	0.4226844530753885	0.0	GCA	16	202
control_region	unlabeled_out_of_neutral_domain_T95	G[C>A]C	0	0	0.0	0.0	class_specific	raw	combined_db_spectrum_weight_raw_by_functional_class	0.4226844530753885	0.0	GCC	14	264
control_region	unlabeled_out_of_neutral_domain_T95	G[C>A]G	0	0	0.0	0.0	class_specific	raw	combined_db_spectrum_weight_raw_by_functional_class	0.4226844530753885	0.0	GCG	4	61
control_region	unlabeled_out_of_neutral_domain_T95	G[C>A]T	0	0	0.0	0.0	class_specific	raw	combined_db_spectrum_weight_raw_by_functional_class	0.4226844530753885	0.0	GCT	11	184
control_region	unlabeled_out_of_neutral_domain_T95	G[C>G]A	1	0	0.0	0.0	class_specific	raw	combined_db_spectrum_weight_raw_by_functional_class	0.4226844530753885	0.0	GCA	16	202
control_region	unlabeled_out_of_neutral_domain_T95	G[C>G]C	0	0	0.0	0.0	class_specific	raw	combined_db_spectrum_weight_raw_by_functional_class	0.4226844530753885	0.0	GCC	14	264
control_region	unlabeled_out_of_neutral_domain_T95	G[C>G]G	0	0	0.0	0.0	class_specific	raw	combined_db_spectrum_weight_raw_by_functional_class	0.4226844530753885	0.0	GCG	4	61
control_region	unlabeled_out_of_neutral_domain_T95	G[C>G]T	0	0	0.0	0.0	class_specific	raw	combined_db_spectrum_weight_raw_by_functional_class	0.4226844530753885	0.0	GCT	11	184
control_region	unlabeled_out_of_neutral_domain_T95	G[C>T]A	0	0	0.0	0.0	class_specific	raw	combined_db_spectrum_weight_raw_by_functional_class	0.4226844530753885	0.0	GCA	16	202
control_region	unlabeled_out_of_neutral_domain_T95	G[C>T]C	1	1	1.0	2.829784500591142e-07	class_specific	raw	combined_db_spectrum_weight_raw_by_functional_class	0.4226844530753885	6.694792013290425e-07	GCC	14	264
control_region	unlabeled_out_of_neutral_domain_T95	G[C>T]G	0	0	0.0	0.0	class_specific	raw	combined_db_spectrum_weight_raw_by_functional_class	0.4226844530753885	0.0	GCG	4	61
control_region	unlabeled_out_of_neutral_domain_T95	G[C>T]T	1	1	1.0	3.6015439098432714e-07	class_specific	raw	combined_db_spectrum_weight_raw_by_functional_class	0.4226844530753885	8.520644380551448e-07	GCT	11	184
control_region	unlabeled_out_of_neutral_domain_T95	G[G>A]A	1	0	0.0	0.0	class_specific	raw	combined_db_spectrum_weight_raw_by_functional_class	0.4226844530753885	0.0	GGA	8	131
control_region	unlabeled_out_of_neutral_domain_T95	G[G>A]C	0	0	0.0	0.0	class_specific	raw	combined_db_spectrum_weight_raw_by_functional_class	0.4226844530753885	0.0	GGC	4	158
control_region	unlabeled_out_of_neutral_domain_T95	G[G>A]G	2	1	1.0	2.6411322005517327e-07	class_specific	raw	combined_db_spectrum_weight_raw_by_functional_class	0.4226844530753885	6.24847254573773e-07	GGG	15	128
control_region	unlabeled_out_of_neutral_domain_T95	G[G>A]T	0	0	0.0	0.0	class_specific	raw	combined_db_spectrum_weight_raw_by_functional_class	0.4226844530753885	0.0	GGT	10	122
control_region	unlabeled_out_of_neutral_domain_T95	G[G>C]A	1	0	0.0	0.0	class_specific	raw	combined_db_spectrum_weight_raw_by_functional_class	0.4226844530753885	0.0	GGA	8	131
control_region	unlabeled_out_of_neutral_domain_T95	G[G>C]C	2	1	1083.0	0.0010726298149490723	class_specific	raw	combined_db_spectrum_weight_raw_by_functional_class	0.4226844530753885	0.002537660912637735	GGC	4	158
control_region	unlabeled_out_of_neutral_domain_T95	G[G>C]G	1	0	0.0	0.0	class_specific	raw	combined_db_spectrum_weight_raw_by_functional_class	0.4226844530753885	0.0	GGG	15	128
control_region	unlabeled_out_of_neutral_domain_T95	G[G>C]T	2	0	0.0	0.0	class_specific	raw	combined_db_spectrum_weight_raw_by_functional_class	0.4226844530753885	0.0	GGT	10	122
control_region	unlabeled_out_of_neutral_domain_T95	G[G>T]A	1	0	0.0	0.0	class_specific	raw	combined_db_spectrum_weight_raw_by_functional_class	0.4226844530753885	0.0	GGA	8	131
control_region	unlabeled_out_of_neutral_domain_T95	G[G>T]C	1	0	0.0	0.0	class_specific	raw	combined_db_spectrum_weight_raw_by_functional_class	0.4226844530753885	0.0	GGC	4	158
control_region	unlabeled_out_of_neutral_domain_T95	G[G>T]G	2	1	1.0	2.6411322005517327e-07	class_specific	raw	combined_db_spectrum_weight_raw_by_functional_class	0.4226844530753885	6.24847254573773e-07	GGG	15	128
control_region	unlabeled_out_of_neutral_domain_T95	G[G>T]T	2	0	0.0	0.0	class_specific	raw	combined_db_spectrum_weight_raw_by_functional_class	0.4226844530753885	0.0	GGT	10	122
control_region	unlabeled_out_of_neutral_domain_T95	G[T>A]A	0	0	0.0	0.0	class_specific	raw	combined_db_spectrum_weight_raw_by_functional_class	0.4226844530753885	0.0	GTA	19	167
control_region	unlabeled_out_of_neutral_domain_T95	G[T>A]C	2	0	0.0	0.0	class_specific	raw	combined_db_spectrum_weight_raw_by_functional_class	0.4226844530753885	0.0	GTC	10	115
control_region	unlabeled_out_of_neutral_domain_T95	G[T>A]G	1	0	0.0	0.0	class_specific	raw	combined_db_spectrum_weight_raw_by_functional_class	0.4226844530753885	0.0	GTG	5	87
control_region	unlabeled_out_of_neutral_domain_T95	G[T>A]T	3	0	0.0	0.0	class_specific	raw	combined_db_spectrum_weight_raw_by_functional_class	0.4226844530753885	0.0	GTT	5	137
control_region	unlabeled_out_of_neutral_domain_T95	G[T>C]A	0	0	0.0	0.0	class_specific	raw	combined_db_spectrum_weight_raw_by_functional_class	0.4226844530753885	0.0	GTA	19	167
control_region	unlabeled_out_of_neutral_domain_T95	G[T>C]C	1	1	162033.0	0.06419258607779983	class_specific	raw	combined_db_spectrum_weight_raw_by_functional_class	0.4226844530753885	0.15186881280052822	GTC	10	115
control_region	unlabeled_out_of_neutral_domain_T95	G[T>C]G	0	0	0.0	0.0	class_specific	raw	combined_db_spectrum_weight_raw_by_functional_class	0.4226844530753885	0.0	GTG	5	87
control_region	unlabeled_out_of_neutral_domain_T95	G[T>C]T	1	1	1.0	7.923396601655198e-07	class_specific	raw	combined_db_spectrum_weight_raw_by_functional_class	0.4226844530753885	1.8745417637213189e-06	GTT	5	137
control_region	unlabeled_out_of_neutral_domain_T95	G[T>G]A	0	0	0.0	0.0	class_specific	raw	combined_db_spectrum_weight_raw_by_functional_class	0.4226844530753885	0.0	GTA	19	167
control_region	unlabeled_out_of_neutral_domain_T95	G[T>G]C	2	0	0.0	0.0	class_specific	raw	combined_db_spectrum_weight_raw_by_functional_class	0.4226844530753885	0.0	GTC	10	115
control_region	unlabeled_out_of_neutral_domain_T95	G[T>G]G	0	0	0.0	0.0	class_specific	raw	combined_db_spectrum_weight_raw_by_functional_class	0.4226844530753885	0.0	GTG	5	87
control_region	unlabeled_out_of_neutral_domain_T95	G[T>G]T	3	0	0.0	0.0	class_specific	raw	combined_db_spectrum_weight_raw_by_functional_class	0.4226844530753885	0.0	GTT	5	137
control_region	unlabeled_out_of_neutral_domain_T95	T[A>C]A	3	0	0.0	0.0	class_specific	raw	combined_db_spectrum_weight_raw_by_functional_class	0.4226844530753885	0.0	TAA	26	402
control_region	unlabeled_out_of_neutral_domain_T95	T[A>C]C	0	0	0.0	0.0	class_specific	raw	combined_db_spectrum_weight_raw_by_functional_class	0.4226844530753885	0.0	TAC	27	364
control_region	unlabeled_out_of_neutral_domain_T95	T[A>C]G	0	0	0.0	0.0	class_specific	raw	combined_db_spectrum_weight_raw_by_functional_class	0.4226844530753885	0.0	TAG	9	278
control_region	unlabeled_out_of_neutral_domain_T95	T[A>C]T	4	1	1.0	1.9808491504137994e-07	class_specific	raw	combined_db_spectrum_weight_raw_by_functional_class	0.4226844530753885	4.686354409303297e-07	TAT	20	330
control_region	unlabeled_out_of_neutral_domain_T95	T[A>G]A	3	0	0.0	0.0	class_specific	raw	combined_db_spectrum_weight_raw_by_functional_class	0.4226844530753885	0.0	TAA	26	402
control_region	unlabeled_out_of_neutral_domain_T95	T[A>G]C	1	1	28.0	4.108427867524917e-06	class_specific	raw	combined_db_spectrum_weight_raw_by_functional_class	0.4226844530753885	9.71984618225869e-06	TAC	27	364
control_region	unlabeled_out_of_neutral_domain_T95	T[A>G]G	0	0	0.0	0.0	class_specific	raw	combined_db_spectrum_weight_raw_by_functional_class	0.4226844530753885	0.0	TAG	9	278
control_region	unlabeled_out_of_neutral_domain_T95	T[A>G]T	4	2	3.0	5.942547451241398e-07	class_specific	raw	combined_db_spectrum_weight_raw_by_functional_class	0.4226844530753885	1.405906322790989e-06	TAT	20	330
control_region	unlabeled_out_of_neutral_domain_T95	T[A>T]A	3	0	0.0	0.0	class_specific	raw	combined_db_spectrum_weight_raw_by_functional_class	0.4226844530753885	0.0	TAA	26	402
control_region	unlabeled_out_of_neutral_domain_T95	T[A>T]C	0	0	0.0	0.0	class_specific	raw	combined_db_spectrum_weight_raw_by_functional_class	0.4226844530753885	0.0	TAC	27	364
control_region	unlabeled_out_of_neutral_domain_T95	T[A>T]G	0	0	0.0	0.0	class_specific	raw	combined_db_spectrum_weight_raw_by_functional_class	0.4226844530753885	0.0	TAG	9	278
control_region	unlabeled_out_of_neutral_domain_T95	T[A>T]T	4	1	1.0	1.9808491504137994e-07	class_specific	raw	combined_db_spectrum_weight_raw_by_functional_class	0.4226844530753885	4.686354409303297e-07	TAT	20	330
control_region	unlabeled_out_of_neutral_domain_T95	T[C>A]A	5	0	0.0	0.0	class_specific	raw	combined_db_spectrum_weight_raw_by_functional_class	0.4226844530753885	0.0	TCA	25	394
control_region	unlabeled_out_of_neutral_domain_T95	T[C>A]C	2	1	1.0	1.650707625344833e-07	class_specific	raw	combined_db_spectrum_weight_raw_by_functional_class	0.4226844530753885	3.905295341086081e-07	TCC	24	353
control_region	unlabeled_out_of_neutral_domain_T95	T[C>A]G	0	0	0.0	0.0	class_specific	raw	combined_db_spectrum_weight_raw_by_functional_class	0.4226844530753885	0.0	TCG	6	120
control_region	unlabeled_out_of_neutral_domain_T95	T[C>A]T	3	1	1.0	2.6411322005517327e-07	class_specific	raw	combined_db_spectrum_weight_raw_by_functional_class	0.4226844530753885	6.24847254573773e-07	TCT	15	309
control_region	unlabeled_out_of_neutral_domain_T95	T[C>G]A	6	0	0.0	0.0	class_specific	raw	combined_db_spectrum_weight_raw_by_functional_class	0.4226844530753885	0.0	TCA	25	394
control_region	unlabeled_out_of_neutral_domain_T95	T[C>G]C	2	0	0.0	0.0	class_specific	raw	combined_db_spectrum_weight_raw_by_functional_class	0.4226844530753885	0.0	TCC	24	353
control_region	unlabeled_out_of_neutral_domain_T95	T[C>G]G	0	0	0.0	0.0	class_specific	raw	combined_db_spectrum_weight_raw_by_functional_class	0.4226844530753885	0.0	TCG	6	120
control_region	unlabeled_out_of_neutral_domain_T95	T[C>G]T	3	1	1.0	2.6411322005517327e-07	class_specific	raw	combined_db_spectrum_weight_raw_by_functional_class	0.4226844530753885	6.24847254573773e-07	TCT	15	309
control_region	unlabeled_out_of_neutral_domain_T95	T[C>T]A	6	1	1.0	1.5846793203310396e-07	class_specific	raw	combined_db_spectrum_weight_raw_by_functional_class	0.4226844530753885	3.749083527442638e-07	TCA	25	394
control_region	unlabeled_out_of_neutral_domain_T95	T[C>T]C	4	2	2.0	3.301415250689666e-07	class_specific	raw	combined_db_spectrum_weight_raw_by_functional_class	0.4226844530753885	7.810590682172162e-07	TCC	24	353
control_region	unlabeled_out_of_neutral_domain_T95	T[C>T]G	0	0	0.0	0.0	class_specific	raw	combined_db_spectrum_weight_raw_by_functional_class	0.4226844530753885	0.0	TCG	6	120
control_region	unlabeled_out_of_neutral_domain_T95	T[C>T]T	3	2	2.0	5.282264401103465e-07	class_specific	raw	combined_db_spectrum_weight_raw_by_functional_class	0.4226844530753885	1.249694509147546e-06	TCT	15	309
control_region	unlabeled_out_of_neutral_domain_T95	T[G>A]A	1	0	0.0	0.0	class_specific	raw	combined_db_spectrum_weight_raw_by_functional_class	0.4226844530753885	0.0	TGA	9	211
control_region	unlabeled_out_of_neutral_domain_T95	T[G>A]C	0	0	0.0	0.0	class_specific	raw	combined_db_spectrum_weight_raw_by_functional_class	0.4226844530753885	0.0	TGC	13	128
control_region	unlabeled_out_of_neutral_domain_T95	T[G>A]G	2	0	0.0	0.0	class_specific	raw	combined_db_spectrum_weight_raw_by_functional_class	0.4226844530753885	0.0	TGG	11	139
control_region	unlabeled_out_of_neutral_domain_T95	T[G>A]T	0	0	0.0	0.0	class_specific	raw	combined_db_spectrum_weight_raw_by_functional_class	0.4226844530753885	0.0	TGT	10	123
control_region	unlabeled_out_of_neutral_domain_T95	T[G>C]A	1	0	0.0	0.0	class_specific	raw	combined_db_spectrum_weight_raw_by_functional_class	0.4226844530753885	0.0	TGA	9	211
control_region	unlabeled_out_of_neutral_domain_T95	T[G>C]C	1	1	1.0	3.0474602314058455e-07	class_specific	raw	combined_db_spectrum_weight_raw_by_functional_class	0.4226844530753885	7.209776014312765e-07	TGC	13	128
control_region	unlabeled_out_of_neutral_domain_T95	T[G>C]G	4	1	914.0	0.000329181113359675	class_specific	raw	combined_db_spectrum_weight_raw_by_functional_class	0.4226844530753885	0.0007787868963824024	TGG	11	139
control_region	unlabeled_out_of_neutral_domain_T95	T[G>C]T	1	1	4.0	1.5846793203310395e-06	class_specific	raw	combined_db_spectrum_weight_raw_by_functional_class	0.4226844530753885	3.7490835274426377e-06	TGT	10	123
control_region	unlabeled_out_of_neutral_domain_T95	T[G>T]A	1	0	0.0	0.0	class_specific	raw	combined_db_spectrum_weight_raw_by_functional_class	0.4226844530753885	0.0	TGA	9	211
control_region	unlabeled_out_of_neutral_domain_T95	T[G>T]C	0	0	0.0	0.0	class_specific	raw	combined_db_spectrum_weight_raw_by_functional_class	0.4226844530753885	0.0	TGC	13	128
control_region	unlabeled_out_of_neutral_domain_T95	T[G>T]G	4	1	1.0	3.6015439098432714e-07	class_specific	raw	combined_db_spectrum_weight_raw_by_functional_class	0.4226844530753885	8.520644380551448e-07	TGG	11	139
control_region	unlabeled_out_of_neutral_domain_T95	T[G>T]T	1	1	1.0	3.961698300827599e-07	class_specific	raw	combined_db_spectrum_weight_raw_by_functional_class	0.4226844530753885	9.372708818606594e-07	TGT	10	123
control_region	unlabeled_out_of_neutral_domain_T95	T[T>A]A	2	1	1.0	2.200943500459777e-07	class_specific	raw	combined_db_spectrum_weight_raw_by_functional_class	0.4226844530753885	5.207060454781441e-07	TTA	18	341
control_region	unlabeled_out_of_neutral_domain_T95	T[T>A]C	5	0	0.0	0.0	class_specific	raw	combined_db_spectrum_weight_raw_by_functional_class	0.4226844530753885	0.0	TTC	15	308
control_region	unlabeled_out_of_neutral_domain_T95	T[T>A]G	0	0	0.0	0.0	class_specific	raw	combined_db_spectrum_weight_raw_by_functional_class	0.4226844530753885	0.0	TTG	12	157
control_region	unlabeled_out_of_neutral_domain_T95	T[T>A]T	1	0	0.0	0.0	class_specific	raw	combined_db_spectrum_weight_raw_by_functional_class	0.4226844530753885	0.0	TTT	20	285
control_region	unlabeled_out_of_neutral_domain_T95	T[T>C]A	1	1	2.0	4.401887000919554e-07	class_specific	raw	combined_db_spectrum_weight_raw_by_functional_class	0.4226844530753885	1.0414120909562883e-06	TTA	18	341
control_region	unlabeled_out_of_neutral_domain_T95	T[T>C]C	3	1	1.0	2.6411322005517327e-07	class_specific	raw	combined_db_spectrum_weight_raw_by_functional_class	0.4226844530753885	6.24847254573773e-07	TTC	15	308
control_region	unlabeled_out_of_neutral_domain_T95	T[T>C]G	0	0	0.0	0.0	class_specific	raw	combined_db_spectrum_weight_raw_by_functional_class	0.4226844530753885	0.0	TTG	12	157
control_region	unlabeled_out_of_neutral_domain_T95	T[T>C]T	2	1	1.0	1.9808491504137994e-07	class_specific	raw	combined_db_spectrum_weight_raw_by_functional_class	0.4226844530753885	4.686354409303297e-07	TTT	20	285
control_region	unlabeled_out_of_neutral_domain_T95	T[T>G]A	2	1	2.0	4.401887000919554e-07	class_specific	raw	combined_db_spectrum_weight_raw_by_functional_class	0.4226844530753885	1.0414120909562883e-06	TTA	18	341
control_region	unlabeled_out_of_neutral_domain_T95	T[T>G]C	5	0	0.0	0.0	class_specific	raw	combined_db_spectrum_weight_raw_by_functional_class	0.4226844530753885	0.0	TTC	15	308
control_region	unlabeled_out_of_neutral_domain_T95	T[T>G]G	0	0	0.0	0.0	class_specific	raw	combined_db_spectrum_weight_raw_by_functional_class	0.4226844530753885	0.0	TTG	12	157
control_region	unlabeled_out_of_neutral_domain_T95	T[T>G]T	1	0	0.0	0.0	class_specific	raw	combined_db_spectrum_weight_raw_by_functional_class	0.4226844530753885	0.0	TTT	20	285
protein_coding	expanded_neutral_like_T95	A[A>C]A	76	1	7.0	6.62978082995639e-07	genome_wide	pseudocount	combined_db_spectrum_weight	0.0555647624963037	1.193162812564423e-05	AAA	269	490
protein_coding	expanded_neutral_like_T95	A[A>C]C	73	9	457.0	4.467629469115106e-06	genome_wide	pseudocount	combined_db_spectrum_weight	0.0555647624963037	8.040400549561069e-05	AAC	307	462
protein_coding	expanded_neutral_like_T95	A[A>C]G	44	0	0.0	8.629441843386849e-07	genome_wide	pseudocount	combined_db_spectrum_weight	0.0555647624963037	1.55304215400199e-05	AAG	85	202
protein_coding	expanded_neutral_like_T95	A[A>C]T	62	8	17.0	7.727488443921964e-07	genome_wide	pseudocount	combined_db_spectrum_weight	0.0555647624963037	1.3907174433501835e-05	AAT	255	364
protein_coding	expanded_neutral_like_T95	A[A>G]A	104	100	34909.0	0.000282275046483253	genome_wide	pseudocount	combined_db_spectrum_weight	0.0555647624963037	0.005080108935983135	AAA	269	490
protein_coding	expanded_neutral_like_T95	A[A>G]C	184	184	178066.0	0.0015269345663098857	genome_wide	pseudocount	combined_db_spectrum_weight	0.0555647624963037	0.027480268027987358	AAC	307	462
protein_coding	expanded_neutral_like_T95	A[A>G]G	58	55	21648.0	0.0004246273757981106	genome_wide	pseudocount	combined_db_spectrum_weight	0.0555647624963037	0.007642026290067518	AAG	85	202
protein_coding	expanded_neutral_like_T95	A[A>G]T	153	148	49388.0	0.0005375828686065319	genome_wide	pseudocount	combined_db_spectrum_weight	0.0555647624963037	0.009674888264703608	AAT	255	364
protein_coding	expanded_neutral_like_T95	A[A>T]A	78	9	112.0	1.4634028417342764e-06	genome_wide	pseudocount	combined_db_spectrum_weight	0.0555647624963037	2.633688647245861e-05	AAA	269	490
protein_coding	expanded_neutral_like_T95	A[A>T]C	82	20	204.0	2.2809778095674055e-06	genome_wide	pseudocount	combined_db_spectrum_weight	0.0555647624963037	4.10507974315402e-05	AAC	307	462
protein_coding	expanded_neutral_like_T95	A[A>T]G	47	7	213.0	4.961929059947438e-06	genome_wide	pseudocount	combined_db_spectrum_weight	0.0555647624963037	8.929992385511441e-05	AAG	85	202
protein_coding	expanded_neutral_like_T95	A[A>T]T	71	21	157.0	2.2529438139321785e-06	genome_wide	pseudocount	combined_db_spectrum_weight	0.0555647624963037	4.054626912302648e-05	AAT	255	364
protein_coding	expanded_neutral_like_T95	A[C>A]A	111	8	34.0	1.2770650993256024e-06	genome_wide	pseudocount	combined_db_spectrum_weight	0.0555647624963037	2.298336287157811e-05	ACA	291	425
protein_coding	expanded_neutral_like_T95	A[C>A]C	108	7	13.0	9.5482792028403e-07	genome_wide	pseudocount	combined_db_spectrum_weight	0.0555647624963037	1.718405473878427e-05	ACC	324	473
protein_coding	expanded_neutral_like_T95	A[C>A]G	48	0	0.0	1.625312123416451e-06	genome_wide	pseudocount	combined_db_spectrum_weight	0.0555647624963037	2.925077063947804e-05	ACG	83	117
protein_coding	expanded_neutral_like_T95	A[C>A]T	123	32	665.0	7.65995886298124e-06	genome_wide	pseudocount	combined_db_spectrum_weight	0.0555647624963037	0.0001378564132887421	ACT	300	391
protein_coding	expanded_neutral_like_T95	A[C>G]A	108	10	21.0	1.1092755242317275e-06	genome_wide	pseudocount	combined_db_spectrum_weight	0.0555647624963037	1.9963650961443757e-05	ACA	291	425
protein_coding	expanded_neutral_like_T95	A[C>G]C	112	15	65.0	1.3568607288246744e-06	genome_wide	pseudocount	combined_db_spectrum_weight	0.0555647624963037	2.4419446207746067e-05	ACC	324	473
protein_coding	expanded_neutral_like_T95	A[C>G]G	49	0	0.0	1.6591727926542937e-06	genome_wide	pseudocount	combined_db_spectrum_weight	0.0555647624963037	2.9860161694467168e-05	ACG	83	117
protein_coding	expanded_neutral_like_T95	A[C>G]T	109	7	127.0	2.3202785444744762e-06	genome_wide	pseudocount	combined_db_spectrum_weight	0.0555647624963037	4.175809344328299e-05	ACT	300	391
protein_coding	expanded_neutral_like_T95	A[C>T]A	151	151	41724.0	0.0003889362350676017	genome_wide	pseudocount	combined_db_spectrum_weight	0.0555647624963037	0.006999692207691424	ACA	291	425
protein_coding	expanded_neutral_like_T95	A[C>T]C	181	178	15387.0	0.00012890176923834406	genome_wide	pseudocount	combined_db_spectrum_weight	0.0555647624963037	0.0023198473897358763	ACC	324	473
protein_coding	expanded_neutral_like_T95	A[C>T]G	56	56	7635.0	0.0002585262096309292	genome_wide	pseudocount	combined_db_spectrum_weight	0.0555647624963037	0.004652700704841975	ACG	83	117
protein_coding	expanded_neutral_like_T95	A[C>T]T	220	213	26126.0	0.00026478532402948247	genome_wide	pseudocount	combined_db_spectrum_weight	0.0555647624963037	0.004765346095866001	ACT	300	391
protein_coding	expanded_neutral_like_T95	A[G>A]A	23	22	29949.0	0.0006741640006237875	genome_wide	pseudocount	combined_db_spectrum_weight	0.0555647624963037	0.012132941280341735	AGA	81	176
protein_coding	expanded_neutral_like_T95	A[G>A]C	70	70	40284.0	0.0005761482106517653	genome_wide	pseudocount	combined_db_spectrum_weight	0.0555647624963037	0.010368949398282626	AGC	176	277
protein_coding	expanded_neutral_like_T95	A[G>A]G	26	25	15845.0	0.0003339205918878411	genome_wide	pseudocount	combined_db_spectrum_weight	0.0555647624963037	0.006009574717610901	AGG	119	188
protein_coding	expanded_neutral_like_T95	A[G>A]T	58	58	44002.0	0.0009578167507308572	genome_wide	pseudocount	combined_db_spectrum_weight	0.0555647624963037	0.0172378447724774	AGT	92	182
protein_coding	expanded_neutral_like_T95	A[G>C]A	9	5	23.0	6.07760534786052e-07	genome_wide	pseudocount	combined_db_spectrum_weight	0.0555647624963037	1.0937876947219591e-05	AGA	81	176
protein_coding	expanded_neutral_like_T95	A[G>C]C	25	10	4190.0	6.014058250895326e-05	genome_wide	pseudocount	combined_db_spectrum_weight	0.0555647624963037	0.0010823511125950362	AGC	176	277
protein_coding	expanded_neutral_like_T95	A[G>C]G	12	0	0.0	2.5287435962729354e-07	genome_wide	pseudocount	combined_db_spectrum_weight	0.0555647624963037	4.550984261727301e-06	AGG	119	188
protein_coding	expanded_neutral_like_T95	A[G>C]T	21	6	82.0	2.1114545889026212e-06	genome_wide	pseudocount	combined_db_spectrum_weight	0.0555647624963037	3.799988507182192e-05	AGT	92	182
protein_coding	expanded_neutral_like_T95	A[G>T]A	4	0	0.0	9.003859774608178e-08	genome_wide	pseudocount	combined_db_spectrum_weight	0.0555647624963037	1.6204262144029026e-06	AGA	81	176
protein_coding	expanded_neutral_like_T95	A[G>T]C	19	4	86.0	1.444518153009341e-06	genome_wide	pseudocount	combined_db_spectrum_weight	0.0555647624963037	2.5997018400023464e-05	AGC	176	277
protein_coding	expanded_neutral_like_T95	A[G>T]G	13	3	4.0	2.950200862318425e-07	genome_wide	pseudocount	combined_db_spectrum_weight	0.0555647624963037	5.309481638681852e-06	AGG	119	188
protein_coding	expanded_neutral_like_T95	A[G>T]T	17	1	1.0	3.700487423849955e-07	genome_wide	pseudocount	combined_db_spectrum_weight	0.0555647624963037	6.65977367238116e-06	AGT	92	182
protein_coding	expanded_neutral_like_T95	A[T>A]A	34	1	2.0	3.84098173210432e-07	genome_wide	pseudocount	combined_db_spectrum_weight	0.0555647624963037	6.912621524045623e-06	ATA	248	361
protein_coding	expanded_neutral_like_T95	A[T>A]C	30	10	88.0	1.2224669042553734e-06	genome_wide	pseudocount	combined_db_spectrum_weight	0.0555647624963037	2.2000758202407413e-05	ATC	282	350
protein_coding	expanded_neutral_like_T95	A[T>A]G	28	1	78.0	2.363513190834647e-06	genome_wide	pseudocount	combined_db_spectrum_weight	0.0555647624963037	4.2536188128076194e-05	ATG	121	176
protein_coding	expanded_neutral_like_T95	A[T>A]T	29	5	11.0	4.0543696061101155e-07	genome_wide	pseudocount	combined_db_spectrum_weight	0.0555647624963037	7.296656053159269e-06	ATT	246	342
protein_coding	expanded_neutral_like_T95	A[T>C]A	97	97	94151.0	0.0010332350601695824	genome_wide	pseudocount	combined_db_spectrum_weight	0.0555647624963037	0.01859514940315484	ATA	248	361
protein_coding	expanded_neutral_like_T95	A[T>C]C	102	100	23523.0	0.00026628272150562647	genome_wide	pseudocount	combined_db_spectrum_weight	0.0555647624963037	0.0047922947843669845	ATC	282	350
protein_coding	expanded_neutral_like_T95	A[T>C]G	47	46	7635.0	0.00017188368309727014	genome_wide	pseudocount	combined_db_spectrum_weight	0.0555647624963037	0.0030933936432951414	ATG	121	176
protein_coding	expanded_neutral_like_T95	A[T>C]T	104	104	97145.0	0.0011253192439587634	genome_wide	pseudocount	combined_db_spectrum_weight	0.0555647624963037	0.020252390065261635	ATT	246	342
protein_coding	expanded_neutral_like_T95	A[T>G]A	36	3	105.0	1.5144442258011319e-06	genome_wide	pseudocount	combined_db_spectrum_weight	0.0555647624963037	2.7255479151951313e-05	ATA	248	361
protein_coding	expanded_neutral_like_T95	A[T>G]C	38	21	1625.0	1.858602459988262e-05	genome_wide	pseudocount	combined_db_spectrum_weight	0.0555647624963037	0.0003344930089662312	ATC	282	350
protein_coding	expanded_neutral_like_T95	A[T>G]G	27	2	9.0	7.653280808416952e-07	genome_wide	pseudocount	combined_db_spectrum_weight	0.0555647624963037	1.3773622822424672e-05	ATG	121	176
protein_coding	expanded_neutral_like_T95	A[T>G]T	30	9	24.0	5.212760922141578e-07	genome_wide	pseudocount	combined_db_spectrum_weight	0.0555647624963037	9.38141492549049e-06	ATT	246	342
protein_coding	expanded_neutral_like_T95	C[A>C]A	105	25	614.0	6.484477879184797e-06	genome_wide	pseudocount	combined_db_spectrum_weight	0.0555647624963037	0.00011670126151652604	CAA	281	424
protein_coding	expanded_neutral_like_T95	C[A>C]C	96	55	460.0	4.70334324339959e-06	genome_wide	pseudocount	combined_db_spectrum_weight	0.0555647624963037	8.464615040354879e-05	CAC	307	422
protein_coding	expanded_neutral_like_T95	C[A>C]G	95	38	1285.0	2.658299559855319e-05	genome_wide	pseudocount	combined_db_spectrum_weight	0.0555647624963037	0.000478414635540313	CAG	118	200
protein_coding	expanded_neutral_like_T95	C[A>C]T	123	65	694.0	7.410938114980981e-06	genome_wide	pseudocount	combined_db_spectrum_weight	0.0555647624963037	0.00013337478254269464	CAT	313	402
protein_coding	expanded_neutral_like_T95	C[A>G]A	120	112	12439.0	0.00011630013856226678	genome_wide	pseudocount	combined_db_spectrum_weight	0.0555647624963037	0.0020930556226170017	CAA	281	424
protein_coding	expanded_neutral_like_T95	C[A>G]C	147	146	40652.0	0.0003816467322832805	genome_wide	pseudocount	combined_db_spectrum_weight	0.0555647624963037	0.006868502898913111	CAC	307	422
protein_coding	expanded_neutral_like_T95	C[A>G]G	100	97	13993.0	0.00027723964709191535	genome_wide	pseudocount	combined_db_spectrum_weight	0.0555647624963037	0.004989486765292266	CAG	118	200
protein_coding	expanded_neutral_like_T95	C[A>G]T	187	177	18599.0	0.00018339115343308653	genome_wide	pseudocount	combined_db_spectrum_weight	0.0555647624963037	0.0033004937876821867	CAT	313	402
protein_coding	expanded_neutral_like_T95	C[A>T]A	109	46	532.0	5.559458700453824e-06	genome_wide	pseudocount	combined_db_spectrum_weight	0.0555647624963037	0.00010005367521949998	CAA	281	424
protein_coding	expanded_neutral_like_T95	C[A>T]C	110	68	1375.0	1.3302669412968502e-05	genome_wide	pseudocount	combined_db_spectrum_weight	0.0555647624963037	0.00023940837349666394	CAC	307	422
protein_coding	expanded_neutral_like_T95	C[A>T]G	97	43	9875.0	0.00019667851214458614	genome_wide	pseudocount	combined_db_spectrum_weight	0.0555647624963037	0.0035396266142174128	CAG	118	200
protein_coding	expanded_neutral_like_T95	C[A>T]T	111	27	182.0	2.6214222587565703e-06	genome_wide	pseudocount	combined_db_spectrum_weight	0.0555647624963037	4.7177782122814856e-05	CAT	313	402
protein_coding	expanded_neutral_like_T95	C[C>A]A	163	73	5254.0	4.9814860516759263e-05	genome_wide	pseudocount	combined_db_spectrum_weight	0.0555647624963037	0.0008965189137643316	CCA	300	425
protein_coding	expanded_neutral_like_T95	C[C>A]C	187	78	1657.0	1.2317533801516795e-05	genome_wide	pseudocount	combined_db_spectrum_weight	0.0555647624963037	0.00022167887071120274	CCC	402	568
protein_coding	expanded_neutral_like_T95	C[C>A]G	67	40	2214.0	6.480413059966896e-05	genome_wide	pseudocount	combined_db_spectrum_weight	0.0555647624963037	0.0011662810689414876	CCG	91	137
protein_coding	expanded_neutral_like_T95	C[C>A]T	193	104	41618.0	0.0003129366496829861	genome_wide	pseudocount	combined_db_spectrum_weight	0.0555647624963037	0.005631926343675155	CCT	421	528
protein_coding	expanded_neutral_like_T95	C[C>G]A	160	37	285.0	3.8032303687944948e-06	genome_wide	pseudocount	combined_db_spectrum_weight	0.0555647624963037	6.844680329637861e-05	CCA	300	425
protein_coding	expanded_neutral_like_T95	C[C>G]C	181	18	49.0	1.4786620418581883e-06	genome_wide	pseudocount	combined_db_spectrum_weight	0.0555647624963037	2.661150656329274e-05	CCC	402	568
protein_coding	expanded_neutral_like_T95	C[C>G]G	67	5	8.0	2.024225409181985e-06	genome_wide	pseudocount	combined_db_spectrum_weight	0.0555647624963037	3.64300200026346e-05	CCG	91	137
protein_coding	expanded_neutral_like_T95	C[C>G]T	159	1	1.0	1.193011420135584e-06	genome_wide	pseudocount	combined_db_spectrum_weight	0.0555647624963037	2.1470647340838464e-05	CCT	421	528
protein_coding	expanded_neutral_like_T95	C[C>T]A	172	172	36962.0	0.0003445465708122111	genome_wide	pseudocount	combined_db_spectrum_weight	0.0555647624963037	0.006200810645688103	CCA	300	425
protein_coding	expanded_neutral_like_T95	C[C>T]C	208	202	181974.0	0.001269277916874307	genome_wide	pseudocount	combined_db_spectrum_weight	0.0555647624963037	0.022843216813151	CCC	402	568
protein_coding	expanded_neutral_like_T95	C[C>T]G	67	66	15436.0	0.0004463995377363185	genome_wide	pseudocount	combined_db_spectrum_weight	0.0555647624963037	0.008033860268295289	CCG	91	137
protein_coding	expanded_neutral_like_T95	C[C>T]T	319	310	29043.0	0.000217983445143264	genome_wide	pseudocount	combined_db_spectrum_weight	0.0555647624963037	0.003923051865069427	CCT	421	528
protein_coding	expanded_neutral_like_T95	C[G>A]A	21	21	19929.0	0.000641891751521896	genome_wide	pseudocount	combined_db_spectrum_weight	0.0555647624963037	0.011552137050250079	CGA	81	123
protein_coding	expanded_neutral_like_T95	C[G>A]C	49	49	57236.0	0.0015321065131497866	genome_wide	pseudocount	combined_db_spectrum_weight	0.0555647624963037	0.027573347645492158	CGC	116	148
protein_coding	expanded_neutral_like_T95	C[G>A]G	11	11	4922.0	0.00023213665519849336	genome_wide	pseudocount	combined_db_spectrum_weight	0.0555647624963037	0.004177767433342951	CGG	58	84
protein_coding	expanded_neutral_like_T95	C[G>A]T	24	24	28180.0	0.0013955082264665217	genome_wide	pseudocount	combined_db_spectrum_weight	0.0555647624963037	0.025114985897030588	CGT	52	80
protein_coding	expanded_neutral_like_T95	C[G>C]A	11	5	67.0	2.3512518370765425e-06	genome_wide	pseudocount	combined_db_spectrum_weight	0.0555647624963037	4.2315520330586374e-05	CGA	81	123
protein_coding	expanded_neutral_like_T95	C[G>C]C	19	12	144.0	4.042002996114645e-06	genome_wide	pseudocount	combined_db_spectrum_weight	0.0555647624963037	7.274399843576274e-05	CGC	116	148
protein_coding	expanded_neutral_like_T95	C[G>C]G	6	2	60.0	3.018436800630551e-06	genome_wide	pseudocount	combined_db_spectrum_weight	0.0555647624963037	5.432285975903064e-05	CGG	58	84
protein_coding	expanded_neutral_like_T95	C[G>C]T	10	9	238.0	1.1835573673722453e-05	genome_wide	pseudocount	combined_db_spectrum_weight	0.0555647624963037	0.00021300502588326157	CGT	52	80
protein_coding	expanded_neutral_like_T95	C[G>T]A	9	9	49.0	1.5782375344760352e-06	genome_wide	pseudocount	combined_db_spectrum_weight	0.0555647624963037	2.8403568441078522e-05	CGA	81	123
protein_coding	expanded_neutral_like_T95	C[G>T]C	23	15	260.0	7.173886112309436e-06	genome_wide	pseudocount	combined_db_spectrum_weight	0.0555647624963037	0.00012910855351512857	CGC	116	148
protein_coding	expanded_neutral_like_T95	C[G>T]G	6	5	19.0	9.432615001970473e-07	genome_wide	pseudocount	combined_db_spectrum_weight	0.0555647624963037	1.6975893674697076e-05	CGG	58	84
protein_coding	expanded_neutral_like_T95	C[G>T]T	8	3	76.0	4.011219529587944e-06	genome_wide	pseudocount	combined_db_spectrum_weight	0.0555647624963037	7.218998785164931e-05	CGT	52	80
protein_coding	expanded_neutral_like_T95	C[T>A]A	83	33	2633.0	2.1131682984334884e-05	genome_wide	pseudocount	combined_db_spectrum_weight	0.0555647624963037	0.0003803072673214542	CTA	404	503
protein_coding	expanded_neutral_like_T95	C[T>A]C	59	29	4815.0	4.7393650043233866e-05	genome_wide	pseudocount	combined_db_spectrum_weight	0.0555647624963037	0.0008529443466331131	CTC	327	405
protein_coding	expanded_neutral_like_T95	C[T>A]G	27	14	41.0	1.1951492080708958e-06	genome_wide	pseudocount	combined_db_spectrum_weight	0.0555647624963037	2.1509121147605013e-05	CTG	124	179
protein_coding	expanded_neutral_like_T95	C[T>A]T	43	16	2469.0	3.0425842950355958e-05	genome_wide	pseudocount	combined_db_spectrum_weight	0.0555647624963037	0.0005475744263710289	CTT	226	325
protein_coding	expanded_neutral_like_T95	C[T>C]A	101	98	38492.0	0.000303192000179639	genome_wide	pseudocount	combined_db_spectrum_weight	0.0555647624963037	0.005456551716563317	CTA	404	503
protein_coding	expanded_neutral_like_T95	C[T>C]C	69	66	77163.0	0.0007548355829176852	genome_wide	pseudocount	combined_db_spectrum_weight	0.0555647624963037	0.013584789154239588	CTC	327	405
protein_coding	expanded_neutral_like_T95	C[T>C]G	29	29	4539.0	0.0001004589306561814	genome_wide	pseudocount	combined_db_spectrum_weight	0.0555647624963037	0.0018079611275736878	CTG	124	179
protein_coding	expanded_neutral_like_T95	C[T>C]T	108	108	40212.0	0.0004901778833011674	genome_wide	pseudocount	combined_db_spectrum_weight	0.0555647624963037	0.008821739917160181	CTT	226	325
protein_coding	expanded_neutral_like_T95	C[T>G]A	76	28	836.0	6.962507550559836e-06	genome_wide	pseudocount	combined_db_spectrum_weight	0.0555647624963037	0.00012530436985172029	CTA	404	503
protein_coding	expanded_neutral_like_T95	C[T>G]C	60	30	155.0	1.8096646559335944e-06	genome_wide	pseudocount	combined_db_spectrum_weight	0.0555647624963037	3.2568566383307724e-05	CTC	327	405
protein_coding	expanded_neutral_like_T95	C[T>G]G	27	15	79.0	2.0140477395268797e-06	genome_wide	pseudocount	combined_db_spectrum_weight	0.0555647624963037	3.624685230429733e-05	CTG	124	179
protein_coding	expanded_neutral_like_T95	C[T>G]T	42	9	44.0	9.386177512730003e-07	genome_wide	pseudocount	combined_db_spectrum_weight	0.0555647624963037	1.689232004429857e-05	CTT	226	325
protein_coding	expanded_neutral_like_T95	G[A>C]A	48	2	35.0	1.5965052854081368e-06	genome_wide	pseudocount	combined_db_spectrum_weight	0.0555647624963037	2.873233347329326e-05	GAA	121	201
protein_coding	expanded_neutral_like_T95	G[A>C]C	43	11	32.0	1.5846793203310395e-06	genome_wide	pseudocount	combined_db_spectrum_weight	0.0555647624963037	2.8519501373491087e-05	GAC	111	160
protein_coding	expanded_neutral_like_T95	G[A>C]G	54	6	71.0	3.296797886702687e-06	genome_wide	pseudocount	combined_db_spectrum_weight	0.0555647624963037	5.9332529081213974e-05	GAG	82	143
protein_coding	expanded_neutral_like_T95	G[A>C]T	45	11	103.0	4.020390127506526e-06	genome_wide	pseudocount	combined_db_spectrum_weight	0.0555647624963037	7.235503126237552e-05	GAT	76	135
protein_coding	expanded_neutral_like_T95	G[A>G]A	53	53	11392.0	0.0002245356569304876	genome_wide	pseudocount	combined_db_spectrum_weight	0.0555647624963037	0.004040972134910578	GAA	121	201
protein_coding	expanded_neutral_like_T95	G[A>G]C	59	58	27453.0	0.0006797779071932556	genome_wide	pseudocount	combined_db_spectrum_weight	0.0555647624963037	0.012233974854809756	GAC	111	160
protein_coding	expanded_neutral_like_T95	G[A>G]G	58	57	19197.0	0.0005318649229320856	genome_wide	pseudocount	combined_db_spectrum_weight	0.0555647624963037	0.009571982296648286	GAG	82	143
protein_coding	expanded_neutral_like_T95	G[A>G]T	52	52	16432.0	0.0004822120479940674	genome_wide	pseudocount	combined_db_spectrum_weight	0.0555647624963037	0.008678378640170473	GAT	76	135
protein_coding	expanded_neutral_like_T95	G[A>T]A	48	11	51.0	1.734474877974272e-06	genome_wide	pseudocount	combined_db_spectrum_weight	0.0555647624963037	3.1215374637651934e-05	GAA	121	201
protein_coding	expanded_neutral_like_T95	G[A>T]C	46	19	779.0	1.995705519041903e-05	genome_wide	pseudocount	combined_db_spectrum_weight	0.0555647624963037	0.0003591674704224034	GAC	111	160
protein_coding	expanded_neutral_like_T95	G[A>T]G	55	9	20.0	1.8284761388435072e-06	genome_wide	pseudocount	combined_db_spectrum_weight	0.0555647624963037	3.2907116969412795e-05	GAG	82	143
protein_coding	expanded_neutral_like_T95	G[A>T]T	42	7	2211.0	6.591092136043545e-05	genome_wide	pseudocount	combined_db_spectrum_weight	0.0555647624963037	0.0011862000015714995	GAT	76	135
protein_coding	expanded_neutral_like_T95	G[C>A]A	38	10	100.0	2.5103830817125377e-06	genome_wide	pseudocount	combined_db_spectrum_weight	0.0555647624963037	4.517940811642152e-05	GCA	133	202
protein_coding	expanded_neutral_like_T95	G[C>A]C	46	13	62.0	1.4256111309796284e-06	genome_wide	pseudocount	combined_db_spectrum_weight	0.0555647624963037	2.5656748394712626e-05	GCC	204	264
protein_coding	expanded_neutral_like_T95	G[C>A]G	24	13	130.0	9.157368203552318e-06	genome_wide	pseudocount	combined_db_spectrum_weight	0.0555647624963037	0.00016480531531402635	GCG	37	61
protein_coding	expanded_neutral_like_T95	G[C>A]T	47	22	2963.0	6.433453545039602e-05	genome_wide	pseudocount	combined_db_spectrum_weight	0.0555647624963037	0.001157829756847709	GCT	117	184
protein_coding	expanded_neutral_like_T95	G[C>G]A	38	4	24.0	1.1375173339009936e-06	genome_wide	pseudocount	combined_db_spectrum_weight	0.0555647624963037	2.04719193027535e-05	GCA	133	202
protein_coding	expanded_neutral_like_T95	G[C>G]C	46	9	74.0	1.6657140583025131e-06	genome_wide	pseudocount	combined_db_spectrum_weight	0.0555647624963037	2.99778849664537e-05	GCC	204	264
protein_coding	expanded_neutral_like_T95	G[C>G]G	26	7	36.0	3.572023058123245e-06	genome_wide	pseudocount	combined_db_spectrum_weight	0.0555647624963037	6.428576129270532e-05	GCG	37	61
protein_coding	expanded_neutral_like_T95	G[C>G]T	46	2	28.0	1.5502297698890605e-06	genome_wide	pseudocount	combined_db_spectrum_weight	0.0555647624963037	2.7899512213197806e-05	GCT	117	184
protein_coding	expanded_neutral_like_T95	G[C>T]A	60	60	6022.0	0.00011810567904744456	genome_wide	pseudocount	combined_db_spectrum_weight	0.0555647624963037	0.0021255499662272688	GCA	133	202
protein_coding	expanded_neutral_like_T95	G[C>T]C	88	87	12146.0	0.0001822831411369426	genome_wide	pseudocount	combined_db_spectrum_weight	0.0555647624963037	0.0032805528710586765	GCC	204	264
protein_coding	expanded_neutral_like_T95	G[C>T]G	27	27	4457.0	0.00028946375945555097	genome_wide	pseudocount	combined_db_spectrum_weight	0.0555647624963037	0.005209484328756139	GCG	37	61
protein_coding	expanded_neutral_like_T95	G[C>T]T	73	71	10594.0	0.00022814214780200672	genome_wide	pseudocount	combined_db_spectrum_weight	0.0555647624963037	0.004105878214042276	GCT	117	184
protein_coding	expanded_neutral_like_T95	G[G>A]A	5	5	3375.0	0.00010206665469689424	genome_wide	pseudocount	combined_db_spectrum_weight	0.0555647624963037	0.0018368953651819162	GGA	80	131
protein_coding	expanded_neutral_like_T95	G[G>A]C	25	25	231436.0	0.005803035493356558	genome_wide	pseudocount	combined_db_spectrum_weight	0.0555647624963037	0.10443733101068485	GGC	118	158
protein_coding	expanded_neutral_like_T95	G[G>A]G	23	23	23468.0	0.00072635262284236	genome_wide	pseudocount	combined_db_spectrum_weight	0.0555647624963037	0.013072180824865016	GGG	73	128
protein_coding	expanded_neutral_like_T95	G[G>A]T	29	28	39849.0	0.0012940465351473755	genome_wide	pseudocount	combined_db_spectrum_weight	0.0555647624963037	0.023288978068311882	GGT	59	122
protein_coding	expanded_neutral_like_T95	G[G>C]A	5	4	22.0	6.95565350526983e-07	genome_wide	pseudocount	combined_db_spectrum_weight	0.0555647624963037	1.2518101747906393e-05	GGA	80	131
protein_coding	expanded_neutral_like_T95	G[G>C]C	15	11	5425.0	0.00013612696250122174	genome_wide	pseudocount	combined_db_spectrum_weight	0.0555647624963037	0.0024498793189348597	GGC	118	158
protein_coding	expanded_neutral_like_T95	G[G>C]G	18	3	9.0	7.428184314051748e-07	genome_wide	pseudocount	combined_db_spectrum_weight	0.0555647624963037	1.3368516268823947e-05	GGG	73	128
protein_coding	expanded_neutral_like_T95	G[G>C]T	23	10	81.0	3.052456067850773e-06	genome_wide	pseudocount	combined_db_spectrum_weight	0.0555647624963037	5.493510510467546e-05	GGT	59	122
protein_coding	expanded_neutral_like_T95	G[G>T]A	4	4	13.0	3.9314563290655563e-07	genome_wide	pseudocount	combined_db_spectrum_weight	0.0555647624963037	7.0754488140340485e-06	GGA	80	131
protein_coding	expanded_neutral_like_T95	G[G>T]C	11	3	6.0	3.510365583011796e-07	genome_wide	pseudocount	combined_db_spectrum_weight	0.0555647624963037	6.317611063748025e-06	GGC	118	158
protein_coding	expanded_neutral_like_T95	G[G>T]G	18	7	30.0	1.2689814869838402e-06	genome_wide	pseudocount	combined_db_spectrum_weight	0.0555647624963037	2.2837881959240908e-05	GGG	73	128
protein_coding	expanded_neutral_like_T95	G[G>T]T	21	4	37.0	1.753538592169593e-06	genome_wide	pseudocount	combined_db_spectrum_weight	0.0555647624963037	3.155846463460079e-05	GGT	59	122
protein_coding	expanded_neutral_like_T95	G[T>A]A	7	3	9.0	3.08395676112328e-07	genome_wide	pseudocount	combined_db_spectrum_weight	0.0555647624963037	5.550202363104553e-06	GTA	88	167
protein_coding	expanded_neutral_like_T95	G[T>A]C	12	8	209.0	7.337754244141553e-06	genome_wide	pseudocount	combined_db_spectrum_weight	0.0555647624963037	0.0001320576911424696	GTC	70	115
protein_coding	expanded_neutral_like_T95	G[T>A]G	14	5	65.0	3.369720393807383e-06	genome_wide	pseudocount	combined_db_spectrum_weight	0.0555647624963037	6.064491671374542e-05	GTG	44	87
protein_coding	expanded_neutral_like_T95	G[T>A]T	20	5	30.0	1.3012877630455616e-06	genome_wide	pseudocount	combined_db_spectrum_weight	0.0555647624963037	2.341929857312224e-05	GTT	68	137
protein_coding	expanded_neutral_like_T95	G[T>C]A	25	25	14093.0	0.00033432463565007993	genome_wide	pseudocount	combined_db_spectrum_weight	0.0555647624963037	0.006016846300248651	GTA	88	167
protein_coding	expanded_neutral_like_T95	G[T>C]C	25	25	12571.0	0.0004330652986061195	genome_wide	pseudocount	combined_db_spectrum_weight	0.0555647624963037	0.007793883734046879	GTC	70	115
protein_coding	expanded_neutral_like_T95	G[T>C]G	21	20	8652.0	0.0003940296022650714	genome_wide	pseudocount	combined_db_spectrum_weight	0.0555647624963037	0.007091357626000529	GTG	44	87
protein_coding	expanded_neutral_like_T95	G[T>C]T	32	32	13815.0	0.0003994953432549874	genome_wide	pseudocount	combined_db_spectrum_weight	0.0555647624963037	0.007189724661948528	GTT	68	137
protein_coding	expanded_neutral_like_T95	G[T>G]A	6	2	3.0	1.6605921021433048e-07	genome_wide	pseudocount	combined_db_spectrum_weight	0.0555647624963037	2.9885705032101437e-06	GTA	88	167
protein_coding	expanded_neutral_like_T95	G[T>G]C	12	7	137.0	4.8918361627610345e-06	genome_wide	pseudocount	combined_db_spectrum_weight	0.0555647624963037	8.803846076164639e-05	GTC	70	115
protein_coding	expanded_neutral_like_T95	G[T>G]G	13	6	57.0	2.9143527730226015e-06	genome_wide	pseudocount	combined_db_spectrum_weight	0.0555647624963037	5.244965769837441e-05	GTG	44	87
protein_coding	expanded_neutral_like_T95	G[T>G]T	20	9	19.0	8.675251753637078e-07	genome_wide	pseudocount	combined_db_spectrum_weight	0.0555647624963037	1.561286571541483e-05	GTT	68	137
protein_coding	expanded_neutral_like_T95	T[A>C]A	190	8	24.0	2.0301240049017048e-06	genome_wide	pseudocount	combined_db_spectrum_weight	0.0555647624963037	3.6536177132706246e-05	TAA	238	402
protein_coding	expanded_neutral_like_T95	T[A>C]C	131	28	973.0	1.1710954317831034e-05	genome_wide	pseudocount	combined_db_spectrum_weight	0.0555647624963037	0.00021076224916123908	TAC	275	364
protein_coding	expanded_neutral_like_T95	T[A>C]G	166	31	122.0	3.6624333212686796e-06	genome_wide	pseudocount	combined_db_spectrum_weight	0.0555647624963037	6.591287637578425e-05	TAG	183	278
protein_coding	expanded_neutral_like_T95	T[A>C]T	111	22	69.0	1.8968131258507896e-06	genome_wide	pseudocount	combined_db_spectrum_weight	0.0555647624963037	3.413697891675448e-05	TAT	253	330
protein_coding	expanded_neutral_like_T95	T[A>G]A	206	197	109946.0	0.001083603325043529	genome_wide	pseudocount	combined_db_spectrum_weight	0.0555647624963037	0.019501627944789882	TAA	238	402
protein_coding	expanded_neutral_like_T95	T[A>G]C	165	162	69877.0	0.0007605590034665731	genome_wide	pseudocount	combined_db_spectrum_weight	0.0555647624963037	0.013687793653705751	TAC	275	364
protein_coding	expanded_neutral_like_T95	T[A>G]G	172	169	309345.0	0.004408429661742504	genome_wide	pseudocount	combined_db_spectrum_weight	0.0555647624963037	0.07933858552955685	TAG	183	278
protein_coding	expanded_neutral_like_T95	T[A>G]T	162	161	51339.0	0.0006163442144378452	genome_wide	pseudocount	combined_db_spectrum_weight	0.0555647624963037	0.011092357579659337	TAT	253	330
protein_coding	expanded_neutral_like_T95	T[A>T]A	188	47	337.0	4.7106760890437616e-06	genome_wide	pseudocount	combined_db_spectrum_weight	0.0555647624963037	8.477811975453195e-05	TAA	238	402
protein_coding	expanded_neutral_like_T95	T[A>T]C	134	54	1058.0	1.2385749083356614e-05	genome_wide	pseudocount	combined_db_spectrum_weight	0.0555647624963037	0.00022290654232852238	TAC	275	364
protein_coding	expanded_neutral_like_T95	T[A>T]G	169	35	269.0	5.743037464868785e-06	genome_wide	pseudocount	combined_db_spectrum_weight	0.0555647624963037	0.00010335754544529594	TAG	183	278
protein_coding	expanded_neutral_like_T95	T[A>T]T	112	17	135.0	2.761183664213175e-06	genome_wide	pseudocount	combined_db_spectrum_weight	0.0555647624963037	4.969307057502235e-05	TAT	253	330
protein_coding	expanded_neutral_like_T95	T[C>A]A	183	79	1033.0	1.143261667015477e-05	genome_wide	pseudocount	combined_db_spectrum_weight	0.0555647624963037	0.00020575300166027514	TCA	294	394
protein_coding	expanded_neutral_like_T95	T[C>A]C	167	95	4377.0	4.9930866120062286e-05	genome_wide	pseudocount	combined_db_spectrum_weight	0.0555647624963037	0.0008986066686307497	TCC	284	353
protein_coding	expanded_neutral_like_T95	T[C>A]G	69	26	6233.0	0.00020719682113328342	genome_wide	pseudocount	combined_db_spectrum_weight	0.0555647624963037	0.00372892480458396	TCG	96	120
protein_coding	expanded_neutral_like_T95	T[C>A]T	155	91	4878.0	6.336153075304205e-05	genome_wide	pseudocount	combined_db_spectrum_weight	0.0555647624963037	0.0011403185743348945	TCT	243	309
protein_coding	expanded_neutral_like_T95	T[C>G]A	183	22	766.0	9.321051585957319e-06	genome_wide	pseudocount	combined_db_spectrum_weight	0.0555647624963037	0.00016775112800270455	TCA	294	394
protein_coding	expanded_neutral_like_T95	T[C>G]C	168	22	105.0	2.8169582818915785e-06	genome_wide	pseudocount	combined_db_spectrum_weight	0.0555647624963037	5.069684734239563e-05	TCC	284	353
protein_coding	expanded_neutral_like_T95	T[C>G]G	71	3	45.0	3.7305992332793222e-06	genome_wide	pseudocount	combined_db_spectrum_weight	0.0555647624963037	6.713965948342693e-05	TCG	96	120
protein_coding	expanded_neutral_like_T95	T[C>G]T	153	6	19.0	2.1282909965611047e-06	genome_wide	pseudocount	combined_db_spectrum_weight	0.0555647624963037	3.830289019417087e-05	TCT	243	309
protein_coding	expanded_neutral_like_T95	T[C>T]A	195	194	48715.0	0.0004898428792464906	genome_wide	pseudocount	combined_db_spectrum_weight	0.0555647624963037	0.008815710843343856	TCA	294	394
protein_coding	expanded_neutral_like_T95	T[C>T]C	181	177	12770.0	0.00014336185295969333	genome_wide	pseudocount	combined_db_spectrum_weight	0.0555647624963037	0.0025800857687321185	TCC	284	353
protein_coding	expanded_neutral_like_T95	T[C>T]G	74	73	12136.0	0.0004006927689762047	genome_wide	pseudocount	combined_db_spectrum_weight	0.0555647624963037	0.007211274753542944	TCG	96	120
protein_coding	expanded_neutral_like_T95	T[C>T]T	191	186	14579.0	0.00018698190297498286	genome_wide	pseudocount	combined_db_spectrum_weight	0.0555647624963037	0.003365116569830049	TCT	243	309
protein_coding	expanded_neutral_like_T95	T[G>A]A	31	28	96840.0	0.0018183068651518822	genome_wide	pseudocount	combined_db_spectrum_weight	0.0555647624963037	0.032724100373376745	TGA	147	211
protein_coding	expanded_neutral_like_T95	T[G>A]C	47	45	93782.0	0.0029026868237876213	genome_wide	pseudocount	combined_db_spectrum_weight	0.0555647624963037	0.05223970540647438	TGC	82	128
protein_coding	expanded_neutral_like_T95	T[G>A]G	38	37	20620.0	0.000587727918427093	genome_wide	pseudocount	combined_db_spectrum_weight	0.0555647624963037	0.010577349601128773	TGG	80	139
protein_coding	expanded_neutral_like_T95	T[G>A]T	42	41	25792.0	0.00083076491279062	genome_wide	pseudocount	combined_db_spectrum_weight	0.0555647624963037	0.014951290628586496	TGT	68	123
protein_coding	expanded_neutral_like_T95	T[G>C]A	30	14	216.0	4.355990548777265e-06	genome_wide	pseudocount	combined_db_spectrum_weight	0.0555647624963037	7.839483789869587e-05	TGA	147	211
protein_coding	expanded_neutral_like_T95	T[G>C]C	38	19	184.0	6.28300589896877e-06	genome_wide	pseudocount	combined_db_spectrum_weight	0.0555647624963037	0.00011307536677380256	TGC	82	128
protein_coding	expanded_neutral_like_T95	T[G>C]G	33	7	45.0	2.023601290350788e-06	genome_wide	pseudocount	combined_db_spectrum_weight	0.0555647624963037	3.64187877251415e-05	TGG	80	139
protein_coding	expanded_neutral_like_T95	T[G>C]T	32	19	123.0	4.3804143814028734e-06	genome_wide	pseudocount	combined_db_spectrum_weight	0.0555647624963037	7.883439404054447e-05	TGT	68	123
protein_coding	expanded_neutral_like_T95	T[G>T]A	30	12	1682.0	3.191889626259203e-05	genome_wide	pseudocount	combined_db_spectrum_weight	0.0555647624963037	0.000574444932878375	TGA	147	211
protein_coding	expanded_neutral_like_T95	T[G>T]C	37	2	4.0	1.207079951033409e-06	genome_wide	pseudocount	combined_db_spectrum_weight	0.0555647624963037	2.172383893683891e-05	TGC	82	128
protein_coding	expanded_neutral_like_T95	T[G>T]G	32	9	20.0	1.2255613448603364e-06	genome_wide	pseudocount	combined_db_spectrum_weight	0.0555647624963037	2.2056448903958934e-05	TGG	80	139
protein_coding	expanded_neutral_like_T95	T[G>T]T	25	5	13.0	1.0628946660756974e-06	genome_wide	pseudocount	combined_db_spectrum_weight	0.0555647624963037	1.9128933848073293e-05	TGT	68	123
protein_coding	expanded_neutral_like_T95	T[T>A]A	109	18	97.0	2.184162113066242e-06	genome_wide	pseudocount	combined_db_spectrum_weight	0.0555647624963037	3.930840365261235e-05	TTA	211	341
protein_coding	expanded_neutral_like_T95	T[T>A]C	85	21	303.0	4.720595053258859e-06	genome_wide	pseudocount	combined_db_spectrum_weight	0.0555647624963037	8.495663152655218e-05	TTC	238	308
protein_coding	expanded_neutral_like_T95	T[T>A]G	57	11	127.0	4.365438255052067e-06	genome_wide	pseudocount	combined_db_spectrum_weight	0.0555647624963037	7.856486843334328e-05	TTG	90	157
protein_coding	expanded_neutral_like_T95	T[T>A]T	55	13	49.0	1.2649633171063562e-06	genome_wide	pseudocount	combined_db_spectrum_weight	0.0555647624963037	2.276556688585692e-05	TTT	178	285
protein_coding	expanded_neutral_like_T95	T[T>C]A	131	130	69901.0	0.0008121132980189173	genome_wide	pseudocount	combined_db_spectrum_weight	0.0555647624963037	0.014615617192153768	TTA	211	341
protein_coding	expanded_neutral_like_T95	T[T>C]C	97	94	50105.0	0.0006445220079800952	genome_wide	pseudocount	combined_db_spectrum_weight	0.0555647624963037	0.011599473821614378	TTC	238	308
protein_coding	expanded_neutral_like_T95	T[T>C]G	61	61	6859.0	0.00017307827162660192	genome_wide	pseudocount	combined_db_spectrum_weight	0.0555647624963037	0.003114892673897697	TTG	90	157
protein_coding	expanded_neutral_like_T95	T[T>C]T	75	74	22058.0	0.00030663544848405613	genome_wide	pseudocount	combined_db_spectrum_weight	0.0555647624963037	0.005518523515770525	TTT	178	285
protein_coding	expanded_neutral_like_T95	T[T>G]A	110	5	8.0	1.3128208445557732e-06	genome_wide	pseudocount	combined_db_spectrum_weight	0.0555647624963037	2.362685964226168e-05	TTA	211	341
protein_coding	expanded_neutral_like_T95	T[T>G]C	82	9	60.0	1.7107333571755541e-06	genome_wide	pseudocount	combined_db_spectrum_weight	0.0555647624963037	3.078809807365515e-05	TTC	238	308
protein_coding	expanded_neutral_like_T95	T[T>G]G	57	5	6.0	1.463557334063699e-06	genome_wide	pseudocount	combined_db_spectrum_weight	0.0555647624963037	2.6339666873606422e-05	TTG	90	157
protein_coding	expanded_neutral_like_T95	T[T>G]T	54	4	49.0	1.3761688834453764e-06	genome_wide	pseudocount	combined_db_spectrum_weight	0.0555647624963037	2.476693540329489e-05	TTT	178	285
protein_coding	unlabeled_out_of_neutral_domain_T95	A[A>C]A	193	0	0.0	1.560424024611687e-06	genome_wide	pseudocount	combined_db_spectrum_weight	0.0555647624963037	2.8082978393284592e-05	AAA	269	490
protein_coding	unlabeled_out_of_neutral_domain_T95	A[A>C]C	234	17	36.0	2.1695014504532085e-06	genome_wide	pseudocount	combined_db_spectrum_weight	0.0555647624963037	3.904455545180327e-05	AAC	307	462
protein_coding	unlabeled_out_of_neutral_domain_T95	A[A>C]G	41	1	1.0	8.041070808610472e-07	genome_wide	pseudocount	combined_db_spectrum_weight	0.0555647624963037	1.4471529162291268e-05	AAG	85	202
protein_coding	unlabeled_out_of_neutral_domain_T95	A[A>C]T	193	10	12.0	2.1223383754433565e-06	genome_wide	pseudocount	combined_db_spectrum_weight	0.0555647624963037	3.819576076806842e-05	AAT	255	364
protein_coding	unlabeled_out_of_neutral_domain_T95	A[A>G]A	165	10	20.0	1.4148922502955711e-06	genome_wide	pseudocount	combined_db_spectrum_weight	0.0555647624963037	2.5463840512045617e-05	AAA	269	490
protein_coding	unlabeled_out_of_neutral_domain_T95	A[A>G]C	120	64	250263.0	0.0021465115951620427	genome_wide	pseudocount	combined_db_spectrum_weight	0.0555647624963037	0.03863080662505907	AAC	307	462
protein_coding	unlabeled_out_of_neutral_domain_T95	A[A>G]G	27	8	22.0	8.041070808610472e-07	genome_wide	pseudocount	combined_db_spectrum_weight	0.0555647624963037	1.4471529162291268e-05	AAG	85	202
protein_coding	unlabeled_out_of_neutral_domain_T95	A[A>G]T	99	47	1230.0	1.3953014345222477e-05	genome_wide	pseudocount	combined_db_spectrum_weight	0.0555647624963037	0.00025111264258801904	AAT	255	364
protein_coding	unlabeled_out_of_neutral_domain_T95	A[A>T]A	191	9	15.0	1.5927644189041572e-06	genome_wide	pseudocount	combined_db_spectrum_weight	0.0555647624963037	2.8665009033559922e-05	AAA	269	490
protein_coding	unlabeled_out_of_neutral_domain_T95	A[A>T]C	225	15	24.0	2.006574464055537e-06	genome_wide	pseudocount	combined_db_spectrum_weight	0.0555647624963037	3.611235563526469e-05	AAC	307	462
protein_coding	unlabeled_out_of_neutral_domain_T95	A[A>T]G	38	1	1.0	7.452699773834096e-07	genome_wide	pseudocount	combined_db_spectrum_weight	0.0555647624963037	1.3412636784562639e-05	AAG	85	202
protein_coding	unlabeled_out_of_neutral_domain_T95	A[A>T]T	183	11	21.0	2.100570802361886e-06	genome_wide	pseudocount	combined_db_spectrum_weight	0.0555647624963037	3.780400937557541e-05	AAT	255	364
protein_coding	unlabeled_out_of_neutral_domain_T95	A[C>A]A	180	0	0.0	1.6778957509387477e-06	genome_wide	pseudocount	combined_db_spectrum_weight	0.0555647624963037	3.0197119101343502e-05	ACA	291	425
protein_coding	unlabeled_out_of_neutral_domain_T95	A[C>A]C	216	11	13.0	1.8258990054554262e-06	genome_wide	pseudocount	combined_db_spectrum_weight	0.0555647624963037	3.286073625486817e-05	ACC	324	473
protein_coding	unlabeled_out_of_neutral_domain_T95	A[C>A]G	35	2	2.0	1.1851234233244954e-06	genome_wide	pseudocount	combined_db_spectrum_weight	0.0555647624963037	2.1328686924619403e-05	ACG	83	117
protein_coding	unlabeled_out_of_neutral_domain_T95	A[C>A]T	177	5	6.0	1.8035352878447893e-06	genome_wide	pseudocount	combined_db_spectrum_weight	0.0555647624963037	3.245825603888372e-05	ACT	300	391
protein_coding	unlabeled_out_of_neutral_domain_T95	A[C>G]A	183	1	1.0	1.70586068012106e-06	genome_wide	pseudocount	combined_db_spectrum_weight	0.0555647624963037	3.070040441969923e-05	ACA	291	425
protein_coding	unlabeled_out_of_neutral_domain_T95	A[C>G]C	212	18	33.0	1.9012801570567968e-06	genome_wide	pseudocount	combined_db_spectrum_weight	0.0555647624963037	3.42173721552985e-05	ACC	324	473
protein_coding	unlabeled_out_of_neutral_domain_T95	A[C>G]G	34	0	0.0	1.1512627540866528e-06	genome_wide	pseudocount	combined_db_spectrum_weight	0.0555647624963037	2.071929586963028e-05	ACG	83	117
protein_coding	unlabeled_out_of_neutral_domain_T95	A[C>G]T	190	5	7.0	1.9453863778999976e-06	genome_wide	pseudocount	combined_db_spectrum_weight	0.0555647624963037	3.501115258126783e-05	ACT	300	391
protein_coding	unlabeled_out_of_neutral_domain_T95	A[C>T]A	139	25	64.0	1.659252464817206e-06	genome_wide	pseudocount	combined_db_spectrum_weight	0.0555647624963037	2.986159555577302e-05	ACA	291	425
protein_coding	unlabeled_out_of_neutral_domain_T95	A[C>T]C	143	34	77.0	1.5578771330949965e-06	genome_wide	pseudocount	combined_db_spectrum_weight	0.0555647624963037	2.8037141942226967e-05	ACC	324	473
protein_coding	unlabeled_out_of_neutral_domain_T95	A[C>T]G	27	3	7.0	1.0496807463731245e-06	genome_wide	pseudocount	combined_db_spectrum_weight	0.0555647624963037	1.88911227046629e-05	ACG	83	117
protein_coding	unlabeled_out_of_neutral_domain_T95	A[C>T]T	80	18	154413.0	0.0015651747954484483	genome_wide	pseudocount	combined_db_spectrum_weight	0.0555647624963037	0.02816847809891327	ACT	300	391
protein_coding	unlabeled_out_of_neutral_domain_T95	A[G>A]A	57	11	22.0	1.5306561616833903e-06	genome_wide	pseudocount	combined_db_spectrum_weight	0.0555647624963037	2.7547245644849343e-05	AGA	81	176
protein_coding	unlabeled_out_of_neutral_domain_T95	A[G>A]C	100	55	307.0	5.034360295636516e-06	genome_wide	pseudocount	combined_db_spectrum_weight	0.0555647624963037	9.060347006740851e-05	AGC	176	277
protein_coding	unlabeled_out_of_neutral_domain_T95	A[G>A]G	91	28	71.0	2.823763682504778e-06	genome_wide	pseudocount	combined_db_spectrum_weight	0.0555647624963037	5.0819324255954866e-05	AGG	119	188
protein_coding	unlabeled_out_of_neutral_domain_T95	A[G>A]T	32	20	82.0	2.0461518696582104e-06	genome_wide	pseudocount	combined_db_spectrum_weight	0.0555647624963037	3.682463089434289e-05	AGT	92	182
protein_coding	unlabeled_out_of_neutral_domain_T95	A[G>C]A	72	2	3.0	1.6432044088659926e-06	genome_wide	pseudocount	combined_db_spectrum_weight	0.0555647624963037	2.957277841285297e-05	AGA	81	176
protein_coding	unlabeled_out_of_neutral_domain_T95	A[G>C]C	151	14	36.0	2.474273668025901e-06	genome_wide	pseudocount	combined_db_spectrum_weight	0.0555647624963037	4.452954636835702e-05	AGC	176	277
protein_coding	unlabeled_out_of_neutral_domain_T95	A[G>C]G	107	2	3.0	2.275869236645642e-06	genome_wide	pseudocount	combined_db_spectrum_weight	0.0555647624963037	4.095885835554571e-05	AGG	119	188
protein_coding	unlabeled_out_of_neutral_domain_T95	A[G>C]T	71	12	18.0	1.6761031272732149e-06	genome_wide	pseudocount	combined_db_spectrum_weight	0.0555647624963037	3.0164857221961727e-05	AGT	92	182
protein_coding	unlabeled_out_of_neutral_domain_T95	A[G>T]A	77	3	4.0	1.7557526560485947e-06	genome_wide	pseudocount	combined_db_spectrum_weight	0.0555647624963037	3.15983111808566e-05	AGA	81	176
protein_coding	unlabeled_out_of_neutral_domain_T95	A[G>T]C	157	17	28.0	2.4027628683719733e-06	genome_wide	pseudocount	combined_db_spectrum_weight	0.0555647624963037	4.324256525944497e-05	AGC	176	277
protein_coding	unlabeled_out_of_neutral_domain_T95	A[G>T]G	106	2	2.0	2.2337235100410932e-06	genome_wide	pseudocount	combined_db_spectrum_weight	0.0555647624963037	4.020036097859116e-05	AGG	119	188
protein_coding	unlabeled_out_of_neutral_domain_T95	A[G>T]T	75	2	2.0	1.6325679811102742e-06	genome_wide	pseudocount	combined_db_spectrum_weight	0.0555647624963037	2.938135443697571e-05	AGT	92	182
protein_coding	unlabeled_out_of_neutral_domain_T95	A[T>A]A	214	5	6.0	2.3594602068640823e-06	genome_wide	pseudocount	combined_db_spectrum_weight	0.0555647624963037	4.246324650485169e-05	ATA	248	361
protein_coding	unlabeled_out_of_neutral_domain_T95	A[T>A]C	252	10	11.0	2.8637419145982357e-06	genome_wide	pseudocount	combined_db_spectrum_weight	0.0555647624963037	5.1538813196380324e-05	ATC	282	350
protein_coding	unlabeled_out_of_neutral_domain_T95	A[T>A]G	93	1	1.0	2.0933973975964013e-06	genome_wide	pseudocount	combined_db_spectrum_weight	0.0555647624963037	3.767490948486748e-05	ATG	121	176
protein_coding	unlabeled_out_of_neutral_domain_T95	A[T>A]T	217	8	11.0	2.5484608952692154e-06	genome_wide	pseudocount	combined_db_spectrum_weight	0.0555647624963037	4.5864695191286834e-05	ATT	246	342
protein_coding	unlabeled_out_of_neutral_domain_T95	A[T>C]A	147	73	272.0	3.797084798023128e-06	genome_wide	pseudocount	combined_db_spectrum_weight	0.0555647624963037	6.833620135199388e-05	ATA	248	361
protein_coding	unlabeled_out_of_neutral_domain_T95	A[T>C]C	177	95	310.0	4.437102096926911e-06	genome_wide	pseudocount	combined_db_spectrum_weight	0.0555647624963037	7.985460384577504e-05	ATC	282	350
protein_coding	unlabeled_out_of_neutral_domain_T95	A[T>C]G	73	12	35.0	2.160926345905963e-06	genome_wide	pseudocount	combined_db_spectrum_weight	0.0555647624963037	3.889022914566966e-05	ATG	121	176
protein_coding	unlabeled_out_of_neutral_domain_T95	A[T>C]T	141	66	34623.0	0.00040193861883659656	genome_wide	pseudocount	combined_db_spectrum_weight	0.0555647624963037	0.007233696335214867	ATT	246	342
protein_coding	unlabeled_out_of_neutral_domain_T95	A[T>G]A	212	2	2.0	2.3265375063031882e-06	genome_wide	pseudocount	combined_db_spectrum_weight	0.0555647624963037	4.187073608850492e-05	ATA	248	361
protein_coding	unlabeled_out_of_neutral_domain_T95	A[T>G]C	244	18	54.0	3.169358640662079e-06	genome_wide	pseudocount	combined_db_spectrum_weight	0.0555647624963037	5.7039002746982174e-05	ATC	282	350
protein_coding	unlabeled_out_of_neutral_domain_T95	A[T>G]G	94	5	5.0	2.115907047032922e-06	genome_wide	pseudocount	combined_db_spectrum_weight	0.0555647624963037	3.808001603846821e-05	ATG	121	176
protein_coding	unlabeled_out_of_neutral_domain_T95	A[T>G]T	216	7	8.0	2.5137091557882718e-06	genome_wide	pseudocount	combined_db_spectrum_weight	0.0555647624963037	4.523926752958747e-05	ATT	246	342
protein_coding	unlabeled_out_of_neutral_domain_T95	C[A>C]A	176	5	5.0	1.6444785399661733e-06	genome_wide	pseudocount	combined_db_spectrum_weight	0.0555647624963037	2.9595708972490755e-05	CAA	281	424
protein_coding	unlabeled_out_of_neutral_domain_T95	C[A>C]C	211	12	17.0	2.0277887037411408e-06	genome_wide	pseudocount	combined_db_spectrum_weight	0.0555647624963037	3.649414867697912e-05	CAC	307	422
protein_coding	unlabeled_out_of_neutral_domain_T95	C[A>C]G	23	0	0.0	4.555953045951739e-07	genome_wide	pseudocount	combined_db_spectrum_weight	0.0555647624963037	8.199356644878688e-06	CAG	118	200
protein_coding	unlabeled_out_of_neutral_domain_T95	C[A>C]T	189	22	57.0	2.207513481058164e-06	genome_wide	pseudocount	combined_db_spectrum_weight	0.0555647624963037	3.9728658629738825e-05	CAT	313	402
protein_coding	unlabeled_out_of_neutral_domain_T95	C[A>G]A	160	19	25.0	1.551042259286277e-06	genome_wide	pseudocount	combined_db_spectrum_weight	0.0555647624963037	2.7914134599053776e-05	CAA	281	424
protein_coding	unlabeled_out_of_neutral_domain_T95	C[A>G]C	157	45	254886.0	0.0023938984438730713	genome_wide	pseudocount	combined_db_spectrum_weight	0.0555647624963037	0.04308303205709408	CAC	307	422
protein_coding	unlabeled_out_of_neutral_domain_T95	C[A>G]G	18	4	5.0	3.763613385786219e-07	genome_wide	pseudocount	combined_db_spectrum_weight	0.0555647624963037	6.7733815762041336e-06	CAG	118	200
protein_coding	unlabeled_out_of_neutral_domain_T95	C[A>G]T	126	51	119.0	1.911864354130732e-06	genome_wide	pseudocount	combined_db_spectrum_weight	0.0555647624963037	3.440785613468452e-05	CAT	313	402
protein_coding	unlabeled_out_of_neutral_domain_T95	C[A>T]A	172	8	13.0	1.6538221680341628e-06	genome_wide	pseudocount	combined_db_spectrum_weight	0.0555647624963037	2.976386640983445e-05	CAA	281	424
protein_coding	unlabeled_out_of_neutral_domain_T95	C[A>T]C	195	20	54.0	2.149831542392228e-06	genome_wide	pseudocount	combined_db_spectrum_weight	0.0555647624963037	3.869055577327879e-05	CAC	307	422
protein_coding	unlabeled_out_of_neutral_domain_T95	C[A>T]G	21	0	0.0	4.159783215868979e-07	genome_wide	pseudocount	combined_db_spectrum_weight	0.0555647624963037	7.486369110541411e-06	CAG	118	200
protein_coding	unlabeled_out_of_neutral_domain_T95	C[A>T]T	202	9	9.0	1.99070412131138e-06	genome_wide	pseudocount	combined_db_spectrum_weight	0.0555647624963037	3.582673680003233e-05	CAT	313	402
protein_coding	unlabeled_out_of_neutral_domain_T95	C[C>A]A	136	2	5.0	1.295708385447144e-06	genome_wide	pseudocount	combined_db_spectrum_weight	0.0555647624963037	2.3318886417148595e-05	CCA	300	425
protein_coding	unlabeled_out_of_neutral_domain_T95	C[C>A]C	215	3	6.0	1.5205109675711558e-06	genome_wide	pseudocount	combined_db_spectrum_weight	0.0555647624963037	2.7364662409423663e-05	CCC	402	568
protein_coding	unlabeled_out_of_neutral_domain_T95	C[C>A]G	24	0	0.0	6.940201402909662e-07	genome_wide	pseudocount	combined_db_spectrum_weight	0.0555647624963037	1.2490292572331864e-05	CCG	91	137
protein_coding	unlabeled_out_of_neutral_domain_T95	C[C>A]T	227	31	45.0	1.808275171400476e-06	genome_wide	pseudocount	combined_db_spectrum_weight	0.0555647624963037	3.254355980592497e-05	CCT	421	528
protein_coding	unlabeled_out_of_neutral_domain_T95	C[C>G]A	140	2	2.0	1.3050300285079147e-06	genome_wide	pseudocount	combined_db_spectrum_weight	0.0555647624963037	2.3486648189933834e-05	CCA	300	425
protein_coding	unlabeled_out_of_neutral_domain_T95	C[C>G]C	221	1	1.0	1.5414354304276396e-06	genome_wide	pseudocount	combined_db_spectrum_weight	0.0555647624963037	2.7741240332489127e-05	CCC	402	568
protein_coding	unlabeled_out_of_neutral_domain_T95	C[C>G]G	24	0	0.0	6.940201402909662e-07	genome_wide	pseudocount	combined_db_spectrum_weight	0.0555647624963037	1.2490292572331864e-05	CCG	91	137
protein_coding	unlabeled_out_of_neutral_domain_T95	C[C>G]T	262	1	1.0	1.9658427174561193e-06	genome_wide	pseudocount	combined_db_spectrum_weight	0.0555647624963037	3.537930568113005e-05	CCT	421	528
protein_coding	unlabeled_out_of_neutral_domain_T95	C[C>T]A	128	9	14.0	1.2397785270825191e-06	genome_wide	pseudocount	combined_db_spectrum_weight	0.0555647624963037	2.2312315780437144e-05	CCA	300	425
protein_coding	unlabeled_out_of_neutral_domain_T95	C[C>T]C	193	23	59.0	1.5972339980449298e-06	genome_wide	pseudocount	combined_db_spectrum_weight	0.0555647624963037	2.8745448127330366e-05	CCC	402	568
protein_coding	unlabeled_out_of_neutral_domain_T95	C[C>T]G	24	2	2.0	6.940201402909662e-07	genome_wide	pseudocount	combined_db_spectrum_weight	0.0555647624963037	1.2490292572331864e-05	CCG	91	137
protein_coding	unlabeled_out_of_neutral_domain_T95	C[C>T]T	101	16	25.0	8.253538126724165e-07	genome_wide	pseudocount	combined_db_spectrum_weight	0.0555647624963037	1.4853906965359943e-05	CCT	421	528
protein_coding	unlabeled_out_of_neutral_domain_T95	C[G>A]A	56	22	46.0	2.5767143420016902e-06	genome_wide	pseudocount	combined_db_spectrum_weight	0.0555647624963037	4.6373172965026157e-05	CGA	81	123
protein_coding	unlabeled_out_of_neutral_domain_T95	C[G>A]C	64	36	145.0	4.630904094886315e-06	genome_wide	pseudocount	combined_db_spectrum_weight	0.0555647624963037	8.334246178401957e-05	CGC	116	148
protein_coding	unlabeled_out_of_neutral_domain_T95	C[G>A]G	45	10	16.0	2.4053168255024706e-06	genome_wide	pseudocount	combined_db_spectrum_weight	0.0555647624963037	4.328852887047754e-05	CGG	58	84
protein_coding	unlabeled_out_of_neutral_domain_T95	C[G>A]T	26	16	116.0	6.239674823803468e-06	genome_wide	pseudocount	combined_db_spectrum_weight	0.0555647624963037	0.00011229553665812115	CGT	52	80
protein_coding	unlabeled_out_of_neutral_domain_T95	C[G>C]A	70	5	12.0	2.480087554176627e-06	genome_wide	pseudocount	combined_db_spectrum_weight	0.0555647624963037	4.463417897883768e-05	CGA	81	123
protein_coding	unlabeled_out_of_neutral_domain_T95	C[G>C]C	96	5	6.0	2.596518480947818e-06	genome_wide	pseudocount	combined_db_spectrum_weight	0.0555647624963037	4.6729588399132355e-05	CGC	116	148
protein_coding	unlabeled_out_of_neutral_domain_T95	C[G>C]G	52	1	1.0	2.452479900512323e-06	genome_wide	pseudocount	combined_db_spectrum_weight	0.0555647624963037	4.4137323554212395e-05	CGG	58	84
protein_coding	unlabeled_out_of_neutral_domain_T95	C[G>C]T	42	6	11.0	2.327497751736214e-06	genome_wide	pseudocount	combined_db_spectrum_weight	0.0555647624963037	4.1888017642315034e-05	CGT	52	80
protein_coding	unlabeled_out_of_neutral_domain_T95	C[G>T]A	72	1	1.0	2.3190429078015215e-06	genome_wide	pseudocount	combined_db_spectrum_weight	0.0555647624963037	4.1735855668523544e-05	CGA	81	123
protein_coding	unlabeled_out_of_neutral_domain_T95	C[G>T]C	93	9	12.0	2.5697502491854695e-06	genome_wide	pseudocount	combined_db_spectrum_weight	0.0555647624963037	4.624784006512068e-05	CGC	116	148
protein_coding	unlabeled_out_of_neutral_domain_T95	C[G>T]G	52	1	1.0	2.452479900512323e-06	genome_wide	pseudocount	combined_db_spectrum_weight	0.0555647624963037	4.4137323554212395e-05	CGG	58	84
protein_coding	unlabeled_out_of_neutral_domain_T95	C[G>T]T	44	1	1.0	2.1789340654551792e-06	genome_wide	pseudocount	combined_db_spectrum_weight	0.0555647624963037	3.921431438855024e-05	CGT	52	80
protein_coding	unlabeled_out_of_neutral_domain_T95	C[T>A]A	321	2	2.0	2.528240863947633e-06	genome_wide	pseudocount	combined_db_spectrum_weight	0.0555647624963037	4.5500794934844135e-05	CTA	404	503
protein_coding	unlabeled_out_of_neutral_domain_T95	C[T>A]C	268	10	11.0	2.6313502294385777e-06	genome_wide	pseudocount	combined_db_spectrum_weight	0.0555647624963037	4.735645598437717e-05	CTC	327	405
protein_coding	unlabeled_out_of_neutral_domain_T95	C[T>A]G	97	3	3.0	2.1468420959792017e-06	genome_wide	pseudocount	combined_db_spectrum_weight	0.0555647624963037	3.863675465403122e-05	CTG	124	179
protein_coding	unlabeled_out_of_neutral_domain_T95	C[T>A]T	183	14	30.0	2.4257783441990527e-06	genome_wide	pseudocount	combined_db_spectrum_weight	0.0555647624963037	4.365677517942097e-05	CTT	226	325
protein_coding	unlabeled_out_of_neutral_domain_T95	C[T>C]A	299	56	138.0	3.000809249732237e-06	genome_wide	pseudocount	combined_db_spectrum_weight	0.0555647624963037	5.4005616417992566e-05	CTA	404	503
protein_coding	unlabeled_out_of_neutral_domain_T95	C[T>C]C	252	48	84.0	2.8172076805885145e-06	genome_wide	pseudocount	combined_db_spectrum_weight	0.0555647624963037	5.070133577509526e-05	CTC	327	405
protein_coding	unlabeled_out_of_neutral_domain_T95	C[T>C]G	94	8	12.0	2.168974488721255e-06	genome_wide	pseudocount	combined_db_spectrum_weight	0.0555647624963037	3.90350717123202e-05	CTG	124	179
protein_coding	unlabeled_out_of_neutral_domain_T95	C[T>C]T	117	38	123.0	2.462347866975923e-06	genome_wide	pseudocount	combined_db_spectrum_weight	0.0555647624963037	4.431491751880923e-05	CTT	226	325
protein_coding	unlabeled_out_of_neutral_domain_T95	C[T>G]A	327	3	3.0	2.575497702526093e-06	genome_wide	pseudocount	combined_db_spectrum_weight	0.0555647624963037	4.635127708315897e-05	CTA	404	503
protein_coding	unlabeled_out_of_neutral_domain_T95	C[T>G]C	267	15	19.0	2.6509141716648867e-06	genome_wide	pseudocount	combined_db_spectrum_weight	0.0555647624963037	4.770854859392644e-05	CTC	327	405
protein_coding	unlabeled_out_of_neutral_domain_T95	C[T>G]G	96	2	2.0	2.124709703237148e-06	genome_wide	pseudocount	combined_db_spectrum_weight	0.0555647624963037	3.823843759574224e-05	CTG	124	179
protein_coding	unlabeled_out_of_neutral_domain_T95	C[T>G]T	184	5	6.0	2.2551205712403257e-06	genome_wide	pseudocount	combined_db_spectrum_weight	0.0555647624963037	4.058544426227578e-05	CTT	226	325
protein_coding	unlabeled_out_of_neutral_domain_T95	G[A>C]A	73	1	1.0	1.4388257510468392e-06	genome_wide	pseudocount	combined_db_spectrum_weight	0.0555647624963037	2.589457214259763e-05	GAA	121	201
protein_coding	unlabeled_out_of_neutral_domain_T95	G[A>C]C	68	4	4.0	1.6837217778517295e-06	genome_wide	pseudocount	combined_db_spectrum_weight	0.0555647624963037	3.030197020933428e-05	GAC	111	160
protein_coding	unlabeled_out_of_neutral_domain_T95	G[A>C]G	28	0	0.0	7.757171498123969e-07	genome_wide	pseudocount	combined_db_spectrum_weight	0.0555647624963037	1.3960595077932699e-05	GAG	82	143
protein_coding	unlabeled_out_of_neutral_domain_T95	G[A>C]T	31	2	4.0	9.68415140202302e-07	genome_wide	pseudocount	combined_db_spectrum_weight	0.0555647624963037	1.7428584172689e-05	GAT	76	135
protein_coding	unlabeled_out_of_neutral_domain_T95	G[A>G]A	68	16	33.0	1.6753450525887855e-06	genome_wide	pseudocount	combined_db_spectrum_weight	0.0555647624963037	3.0151214138641074e-05	GAA	121	201
protein_coding	unlabeled_out_of_neutral_domain_T95	G[A>G]C	51	13	45.0	2.0551309935543167e-06	genome_wide	pseudocount	combined_db_spectrum_weight	0.0555647624963037	3.698622834374625e-05	GAC	111	160
protein_coding	unlabeled_out_of_neutral_domain_T95	G[A>G]G	24	6	21.0	1.0804631729529814e-06	genome_wide	pseudocount	combined_db_spectrum_weight	0.0555647624963037	1.944511457283483e-05	GAG	82	143
protein_coding	unlabeled_out_of_neutral_domain_T95	G[A>G]T	24	10	20.0	9.977610535417657e-07	genome_wide	pseudocount	combined_db_spectrum_weight	0.0555647624963037	1.795672308701291e-05	GAT	76	135
protein_coding	unlabeled_out_of_neutral_domain_T95	G[A>T]A	73	2	4.0	1.4782456346371636e-06	genome_wide	pseudocount	combined_db_spectrum_weight	0.0555647624963037	2.6604012475271536e-05	GAA	121	201
protein_coding	unlabeled_out_of_neutral_domain_T95	G[A>T]C	65	0	0.0	1.609439934711212e-06	genome_wide	pseudocount	combined_db_spectrum_weight	0.0555647624963037	2.8965118582451887e-05	GAC	111	160
protein_coding	unlabeled_out_of_neutral_domain_T95	G[A>T]G	27	0	0.0	7.480129658905256e-07	genome_wide	pseudocount	combined_db_spectrum_weight	0.0555647624963037	1.3462002396577961e-05	GAG	82	143
protein_coding	unlabeled_out_of_neutral_domain_T95	G[A>T]T	34	0	0.0	9.977610535417657e-07	genome_wide	pseudocount	combined_db_spectrum_weight	0.0555647624963037	1.795672308701291e-05	GAT	76	135
protein_coding	unlabeled_out_of_neutral_domain_T95	G[C>A]A	95	1	1.0	1.8631749434585242e-06	genome_wide	pseudocount	combined_db_spectrum_weight	0.0555647624963037	3.35315919614066e-05	GCA	133	202
protein_coding	unlabeled_out_of_neutral_domain_T95	G[C>A]C	158	4	5.0	2.386022840271168e-06	genome_wide	pseudocount	combined_db_spectrum_weight	0.0555647624963037	4.294129468167693e-05	GCC	204	264
protein_coding	unlabeled_out_of_neutral_domain_T95	G[C>A]G	13	0	0.0	8.44296359192767e-07	genome_wide	pseudocount	combined_db_spectrum_weight	0.0555647624963037	1.519481630554853e-05	GCG	37	61
protein_coding	unlabeled_out_of_neutral_domain_T95	G[C>A]T	70	1	1.0	1.5071678318365865e-06	genome_wide	pseudocount	combined_db_spectrum_weight	0.0555647624963037	2.7124525762831197e-05	GCT	117	184
protein_coding	unlabeled_out_of_neutral_domain_T95	G[C>G]A	95	2	3.0	1.8827873112844034e-06	genome_wide	pseudocount	combined_db_spectrum_weight	0.0555647624963037	3.3884556087316144e-05	GCA	133	202
protein_coding	unlabeled_out_of_neutral_domain_T95	G[C>G]C	158	8	15.0	2.4760614380172494e-06	genome_wide	pseudocount	combined_db_spectrum_weight	0.0555647624963037	4.4561720896079826e-05	GCC	204	264
protein_coding	unlabeled_out_of_neutral_domain_T95	G[C>G]G	11	0	0.0	7.144046116246489e-07	genome_wide	pseudocount	combined_db_spectrum_weight	0.0555647624963037	1.2857152258541062e-05	GCG	37	61
protein_coding	unlabeled_out_of_neutral_domain_T95	G[C>G]T	71	2	2.0	1.5286988008628235e-06	genome_wide	pseudocount	combined_db_spectrum_weight	0.0555647624963037	2.75120189880145e-05	GCT	117	184
protein_coding	unlabeled_out_of_neutral_domain_T95	G[C>T]A	72	16	44.0	1.9612367825879203e-06	genome_wide	pseudocount	combined_db_spectrum_weight	0.0555647624963037	3.529641259095432e-05	GCA	133	202
protein_coding	unlabeled_out_of_neutral_domain_T95	G[C>T]C	115	34	80.0	2.416035706186528e-06	genome_wide	pseudocount	combined_db_spectrum_weight	0.0555647624963037	4.3481436753144555e-05	GCC	204	264
protein_coding	unlabeled_out_of_neutral_domain_T95	G[C>T]G	9	2	22.0	1.8834303397377107e-06	genome_wide	pseudocount	combined_db_spectrum_weight	0.0555647624963037	3.389612868160826e-05	GCG	37	61
protein_coding	unlabeled_out_of_neutral_domain_T95	G[C>T]T	43	7	13.0	1.0550174822856106e-06	genome_wide	pseudocount	combined_db_spectrum_weight	0.0555647624963037	1.898716803398184e-05	GCT	117	184
protein_coding	unlabeled_out_of_neutral_domain_T95	G[G>A]A	74	18	58.0	3.447584780872872e-06	genome_wide	pseudocount	combined_db_spectrum_weight	0.0555647624963037	6.204624344614474e-05	GGA	80	131
protein_coding	unlabeled_out_of_neutral_domain_T95	G[G>A]C	93	25	196.0	6.6195465279651015e-06	genome_wide	pseudocount	combined_db_spectrum_weight	0.0555647624963037	0.00011913209434496276	GGC	118	158
protein_coding	unlabeled_out_of_neutral_domain_T95	G[G>A]G	50	11	19.0	1.7951445425625057e-06	genome_wide	pseudocount	combined_db_spectrum_weight	0.0555647624963037	3.230724764965787e-05	GGG	73	128
protein_coding	unlabeled_out_of_neutral_domain_T95	G[G>A]T	30	9	16.0	1.2014986650050913e-06	genome_wide	pseudocount	combined_db_spectrum_weight	0.0555647624963037	2.162339243481906e-05	GGT	59	122
protein_coding	unlabeled_out_of_neutral_domain_T95	G[G>C]A	75	5	14.0	2.5403256280115902e-06	genome_wide	pseudocount	combined_db_spectrum_weight	0.0555647624963037	4.57182846445277e-05	GGA	80	131
protein_coding	unlabeled_out_of_neutral_domain_T95	G[G>C]C	102	21	56.0	3.435143463375829e-06	genome_wide	pseudocount	combined_db_spectrum_weight	0.0555647624963037	6.182233683810567e-05	GGC	118	158
protein_coding	unlabeled_out_of_neutral_domain_T95	G[G>C]G	55	1	1.0	1.7022922386368587e-06	genome_wide	pseudocount	combined_db_spectrum_weight	0.0555647624963037	3.0636183116054874e-05	GGG	73	128
protein_coding	unlabeled_out_of_neutral_domain_T95	G[G>C]T	36	1	2.0	1.2014986650050913e-06	genome_wide	pseudocount	combined_db_spectrum_weight	0.0555647624963037	2.162339243481906e-05	GGT	59	122
protein_coding	unlabeled_out_of_neutral_domain_T95	G[G>T]A	76	2	4.0	2.3588737974393337e-06	genome_wide	pseudocount	combined_db_spectrum_weight	0.0555647624963037	4.245269288420429e-05	GGA	80	131
protein_coding	unlabeled_out_of_neutral_domain_T95	G[G>T]C	107	4	8.0	2.7832184265307814e-06	genome_wide	pseudocount	combined_db_spectrum_weight	0.0555647624963037	5.0089630576859345e-05	GGC	118	158
protein_coding	unlabeled_out_of_neutral_domain_T95	G[G>T]G	55	2	2.0	1.7022922386368587e-06	genome_wide	pseudocount	combined_db_spectrum_weight	0.0555647624963037	3.0636183116054874e-05	GGG	73	128
protein_coding	unlabeled_out_of_neutral_domain_T95	G[G>T]T	38	2	2.0	1.233971601897121e-06	genome_wide	pseudocount	combined_db_spectrum_weight	0.0555647624963037	2.2207808446570928e-05	GGT	59	122
protein_coding	unlabeled_out_of_neutral_domain_T95	G[T>A]A	81	1	1.0	1.921542289622967e-06	genome_wide	pseudocount	combined_db_spectrum_weight	0.0555647624963037	3.4582030108574524e-05	GTA	88	167
protein_coding	unlabeled_out_of_neutral_domain_T95	G[T>A]C	58	1	1.0	1.998073925634789e-06	genome_wide	pseudocount	combined_db_spectrum_weight	0.0555647624963037	3.5959371297010504e-05	GTC	70	115
protein_coding	unlabeled_out_of_neutral_domain_T95	G[T>A]G	30	0	0.0	1.3661028623543445e-06	genome_wide	pseudocount	combined_db_spectrum_weight	0.0555647624963037	2.4585777046113007e-05	GTG	44	87
protein_coding	unlabeled_out_of_neutral_domain_T95	G[T>A]T	48	0	0.0	1.3880402805819325e-06	genome_wide	pseudocount	combined_db_spectrum_weight	0.0555647624963037	2.498058514466373e-05	GTT	68	137
protein_coding	unlabeled_out_of_neutral_domain_T95	G[T>C]A	62	32	107.0	3.250015971337611e-06	genome_wide	pseudocount	combined_db_spectrum_weight	0.0555647624963037	5.849059413425567e-05	GTA	88	167
protein_coding	unlabeled_out_of_neutral_domain_T95	G[T>C]C	44	32	273.0	9.81812187596405e-06	genome_wide	pseudocount	combined_db_spectrum_weight	0.0555647624963037	0.00017669691068358608	GTC	70	115
protein_coding	unlabeled_out_of_neutral_domain_T95	G[T>C]G	23	7	12.0	1.275029338197388e-06	genome_wide	pseudocount	combined_db_spectrum_weight	0.0555647624963037	2.2946725243038805e-05	GTG	44	87
protein_coding	unlabeled_out_of_neutral_domain_T95	G[T>C]T	35	22	142.0	4.482213406045823e-06	genome_wide	pseudocount	combined_db_spectrum_weight	0.0555647624963037	8.066647286297662e-05	GTT	68	137
protein_coding	unlabeled_out_of_neutral_domain_T95	G[T>G]A	82	5	7.0	1.9927105225719656e-06	genome_wide	pseudocount	combined_db_spectrum_weight	0.0555647624963037	3.586284603852172e-05	GTA	88	167
protein_coding	unlabeled_out_of_neutral_domain_T95	G[T>G]C	58	4	4.0	1.998073925634789e-06	genome_wide	pseudocount	combined_db_spectrum_weight	0.0555647624963037	3.5959371297010504e-05	GTC	70	115
protein_coding	unlabeled_out_of_neutral_domain_T95	G[T>G]G	31	3	3.0	1.4116396244328225e-06	genome_wide	pseudocount	combined_db_spectrum_weight	0.0555647624963037	2.5405302947650105e-05	GTG	44	87
protein_coding	unlabeled_out_of_neutral_domain_T95	G[T>G]T	48	1	1.0	1.3880402805819325e-06	genome_wide	pseudocount	combined_db_spectrum_weight	0.0555647624963037	2.498058514466373e-05	GTT	68	137
protein_coding	unlabeled_out_of_neutral_domain_T95	T[A>C]A	48	0	0.0	4.730386030838924e-07	genome_wide	pseudocount	combined_db_spectrum_weight	0.0555647624963037	8.513283992086891e-06	TAA	238	402
protein_coding	unlabeled_out_of_neutral_domain_T95	T[A>C]C	144	3	3.0	1.5672652618658632e-06	genome_wide	pseudocount	combined_db_spectrum_weight	0.0555647624963037	2.820610025949668e-05	TAC	275	364
protein_coding	unlabeled_out_of_neutral_domain_T95	T[A>C]G	17	0	0.0	2.422621263096014e-07	genome_wide	pseudocount	combined_db_spectrum_weight	0.0555647624963037	4.359995713573278e-06	TAG	183	278
protein_coding	unlabeled_out_of_neutral_domain_T95	T[A>C]T	142	11	51.0	2.1849366386382514e-06	genome_wide	pseudocount	combined_db_spectrum_weight	0.0555647624963037	3.932234280284377e-05	TAT	253	330
protein_coding	unlabeled_out_of_neutral_domain_T95	T[A>G]A	32	7	12200.0	0.00012047701922292884	genome_wide	pseudocount	combined_db_spectrum_weight	0.0555647624963037	0.00216822701673463	TAA	238	402
protein_coding	unlabeled_out_of_neutral_domain_T95	T[A>G]C	108	36	81.0	1.6652193407324796e-06	genome_wide	pseudocount	combined_db_spectrum_weight	0.0555647624963037	2.996898152571522e-05	TAC	275	364
protein_coding	unlabeled_out_of_neutral_domain_T95	T[A>G]G	11	2	3.0	1.710085597479539e-07	genome_wide	pseudocount	combined_db_spectrum_weight	0.0555647624963037	3.0776440331105487e-06	TAG	183	278
protein_coding	unlabeled_out_of_neutral_domain_T95	T[A>G]T	89	32	103.0	1.9208234185830783e-06	genome_wide	pseudocount	combined_db_spectrum_weight	0.0555647624963037	3.456909257392859e-05	TAT	253	330
protein_coding	unlabeled_out_of_neutral_domain_T95	T[A>T]A	50	5	6.0	5.026035157766356e-07	genome_wide	pseudocount	combined_db_spectrum_weight	0.0555647624963037	9.045364241592321e-06	TAA	238	402
protein_coding	unlabeled_out_of_neutral_domain_T95	T[A>T]C	141	22	72.0	2.078803229280416e-06	genome_wide	pseudocount	combined_db_spectrum_weight	0.0555647624963037	3.74122579830824e-05	TAC	275	364
protein_coding	unlabeled_out_of_neutral_domain_T95	T[A>T]G	14	1	1.0	1.9950998637261288e-07	genome_wide	pseudocount	combined_db_spectrum_weight	0.0555647624963037	3.59058470529564e-06	TAG	183	278
protein_coding	unlabeled_out_of_neutral_domain_T95	T[A>T]T	140	8	18.0	1.8007719549216357e-06	genome_wide	pseudocount	combined_db_spectrum_weight	0.0555647624963037	3.240852428805805e-05	TAT	253	330
protein_coding	unlabeled_out_of_neutral_domain_T95	T[C>A]A	111	4	4.0	1.1161129730757954e-06	genome_wide	pseudocount	combined_db_spectrum_weight	0.0555647624963037	2.0086704647573035e-05	TCA	294	394
protein_coding	unlabeled_out_of_neutral_domain_T95	T[C>A]C	117	10	19.0	1.4140906116268483e-06	genome_wide	pseudocount	combined_db_spectrum_weight	0.0555647624963037	2.544941340693964e-05	TCC	284	353
protein_coding	unlabeled_out_of_neutral_domain_T95	T[C>A]G	26	3	3.0	8.583679651793131e-07	genome_wide	pseudocount	combined_db_spectrum_weight	0.0555647624963037	1.544806324397434e-05	TCG	96	120
protein_coding	unlabeled_out_of_neutral_domain_T95	T[C>A]T	88	28	42.0	1.3077450701761005e-06	genome_wide	pseudocount	combined_db_spectrum_weight	0.0555647624963037	2.3535510842201382e-05	TCT	243	309
protein_coding	unlabeled_out_of_neutral_domain_T95	T[C>G]A	111	2	32.0	1.4177651279611457e-06	genome_wide	pseudocount	combined_db_spectrum_weight	0.0555647624963037	2.5515543741511694e-05	TCA	294	394
protein_coding	unlabeled_out_of_neutral_domain_T95	T[C>G]C	115	5	8.0	1.3243070807299055e-06	genome_wide	pseudocount	combined_db_spectrum_weight	0.0555647624963037	2.3833577635070456e-05	TCC	284	353
protein_coding	unlabeled_out_of_neutral_domain_T95	T[C>G]G	25	1	1.0	8.253538126724165e-07	genome_wide	pseudocount	combined_db_spectrum_weight	0.0555647624963037	1.4853906965359943e-05	TCG	96	120
protein_coding	unlabeled_out_of_neutral_domain_T95	T[C>G]T	90	1	1.0	1.1538927089789123e-06	genome_wide	pseudocount	combined_db_spectrum_weight	0.0555647624963037	2.0766627213707103e-05	TCT	243	309
protein_coding	unlabeled_out_of_neutral_domain_T95	T[C>T]A	99	14	20.0	1.0557825420987254e-06	genome_wide	pseudocount	combined_db_spectrum_weight	0.0555647624963037	1.90009368287853e-05	TCA	294	394
protein_coding	unlabeled_out_of_neutral_domain_T95	T[C>T]C	103	15	27.0	1.290638256643552e-06	genome_wide	pseudocount	combined_db_spectrum_weight	0.0555647624963037	2.322763922061951e-05	TCC	284	353
protein_coding	unlabeled_out_of_neutral_domain_T95	T[C>T]G	22	2	2.0	7.263113551517265e-07	genome_wide	pseudocount	combined_db_spectrum_weight	0.0555647624963037	1.3071438129516749e-05	TCG	96	120
protein_coding	unlabeled_out_of_neutral_domain_T95	T[C>T]T	52	9	57801.0	0.0007416196650908467	genome_wide	pseudocount	combined_db_spectrum_weight	0.0555647624963037	0.01334694205055193	TCT	243	309
protein_coding	unlabeled_out_of_neutral_domain_T95	T[G>A]A	114	17	66.0	3.0604588769426474e-06	genome_wide	pseudocount	combined_db_spectrum_weight	0.0555647624963037	5.5079131799514776e-05	TGA	147	211
protein_coding	unlabeled_out_of_neutral_domain_T95	T[G>A]C	33	14	82.0	3.126027565496777e-06	genome_wide	pseudocount	combined_db_spectrum_weight	0.0555647624963037	5.625917263130077e-05	TGC	82	128
protein_coding	unlabeled_out_of_neutral_domain_T95	T[G>A]G	41	9	11.0	1.2255613448603364e-06	genome_wide	pseudocount	combined_db_spectrum_weight	0.0555647624963037	2.2056448903958934e-05	TGG	80	139
protein_coding	unlabeled_out_of_neutral_domain_T95	T[G>A]T	26	13	97.0	3.542982220252324e-06	genome_wide	pseudocount	combined_db_spectrum_weight	0.0555647624963037	6.376311282691096e-05	TGT	68	123
protein_coding	unlabeled_out_of_neutral_domain_T95	T[G>C]A	117	8	10.0	2.2343227383814423e-06	genome_wide	pseudocount	combined_db_spectrum_weight	0.0555647624963037	4.0211145301486255e-05	TGA	147	211
protein_coding	unlabeled_out_of_neutral_domain_T95	T[G>C]C	43	5	10.0	1.4856368628103495e-06	genome_wide	pseudocount	combined_db_spectrum_weight	0.0555647624963037	2.6737032537647894e-05	TGC	82	128
protein_coding	unlabeled_out_of_neutral_domain_T95	T[G>C]G	46	0	0.0	1.3110656247343133e-06	genome_wide	pseudocount	combined_db_spectrum_weight	0.0555647624963037	2.359527092051421e-05	TGG	80	139
protein_coding	unlabeled_out_of_neutral_domain_T95	T[G>C]T	36	3	4.0	1.1917303831757817e-06	genome_wide	pseudocount	combined_db_spectrum_weight	0.0555647624963037	2.14475924963246e-05	TGT	68	123
protein_coding	unlabeled_out_of_neutral_domain_T95	T[G>T]A	117	4	7.0	2.2530985597123785e-06	genome_wide	pseudocount	combined_db_spectrum_weight	0.0555647624963037	4.054905408553235e-05	TGA	147	211
protein_coding	unlabeled_out_of_neutral_domain_T95	T[G>T]C	45	1	1.0	1.3927845588847025e-06	genome_wide	pseudocount	combined_db_spectrum_weight	0.0555647624963037	2.5065968004044897e-05	TGC	82	128
protein_coding	unlabeled_out_of_neutral_domain_T95	T[G>T]G	47	2	2.0	1.3395670513589722e-06	genome_wide	pseudocount	combined_db_spectrum_weight	0.0555647624963037	2.4108211592699298e-05	TGG	80	139
protein_coding	unlabeled_out_of_neutral_domain_T95	T[G>T]T	43	0	0.0	1.3849839588259087e-06	genome_wide	pseudocount	combined_db_spectrum_weight	0.0555647624963037	2.4925580468701564e-05	TGT	68	123
protein_coding	unlabeled_out_of_neutral_domain_T95	T[T>A]A	102	2	2.0	1.185024125174238e-06	genome_wide	pseudocount	combined_db_spectrum_weight	0.0555647624963037	2.1326899854076915e-05	TTA	211	341
protein_coding	unlabeled_out_of_neutral_domain_T95	T[T>A]C	153	11	14.0	2.006574464055537e-06	genome_wide	pseudocount	combined_db_spectrum_weight	0.0555647624963037	3.611235563526469e-05	TTC	238	308
protein_coding	unlabeled_out_of_neutral_domain_T95	T[T>A]G	33	1	1.0	8.327136555879666e-07	genome_wide	pseudocount	combined_db_spectrum_weight	0.0555647624963037	1.49863621867071e-05	TTG	90	157
protein_coding	unlabeled_out_of_neutral_domain_T95	T[T>A]T	123	13	14.0	1.723686278254815e-06	genome_wide	pseudocount	combined_db_spectrum_weight	0.0555647624963037	3.102121202028855e-05	TTT	178	285
protein_coding	unlabeled_out_of_neutral_domain_T95	T[T>C]A	79	23	41.0	1.12693470727354e-06	genome_wide	pseudocount	combined_db_spectrum_weight	0.0555647624963037	2.0281463586720205e-05	TTA	211	341
protein_coding	unlabeled_out_of_neutral_domain_T95	T[T>C]C	140	34	75.0	2.328140884577258e-06	genome_wide	pseudocount	combined_db_spectrum_weight	0.0555647624963037	4.189959211527506e-05	TTC	238	308
protein_coding	unlabeled_out_of_neutral_domain_T95	T[T>C]G	29	6	20.0	1.0850511269782597e-06	genome_wide	pseudocount	combined_db_spectrum_weight	0.0555647624963037	1.952768406146683e-05	TTG	90	157
protein_coding	unlabeled_out_of_neutral_domain_T95	T[T>C]T	102	33	67.0	1.8904946277633453e-06	genome_wide	pseudocount	combined_db_spectrum_weight	0.0555647624963037	3.402326479644551e-05	TTT	178	285
protein_coding	unlabeled_out_of_neutral_domain_T95	T[T>G]A	101	0	0.0	1.1734062415940983e-06	genome_wide	pseudocount	combined_db_spectrum_weight	0.0555647624963037	2.1117812600605573e-05	TTA	211	341
protein_coding	unlabeled_out_of_neutral_domain_T95	T[T>G]C	156	2	4.0	2.032299777697275e-06	genome_wide	pseudocount	combined_db_spectrum_weight	0.0555647624963037	3.657533455366552e-05	TTC	238	308
protein_coding	unlabeled_out_of_neutral_domain_T95	T[T>G]G	33	1	2.0	8.57947402726996e-07	genome_wide	pseudocount	combined_db_spectrum_weight	0.0555647624963037	1.5440494374183075e-05	TTG	90	157
protein_coding	unlabeled_out_of_neutral_domain_T95	T[T>G]T	124	3	8.0	1.7931897572167026e-06	genome_wide	pseudocount	combined_db_spectrum_weight	0.0555647624963037	3.2272067343687286e-05	TTT	178	285
rna_coding	expanded_neutral_like_T95	A[A>C]A	60	3	193.0	2.021274643279387e-06	genome_wide	pseudocount	combined_db_spectrum_weight	0.020316350495363452	9.94900458987788e-05	AAA	182	490
rna_coding	expanded_neutral_like_T95	A[A>C]C	48	10	63.0	8.660855592718343e-07	genome_wide	pseudocount	combined_db_spectrum_weight	0.020316350495363452	4.262997724268885e-05	AAC	121	462
rna_coding	expanded_neutral_like_T95	A[A>C]G	34	0	0.0	6.668205060798929e-07	genome_wide	pseudocount	combined_db_spectrum_weight	0.020316350495363452	3.282186464700306e-05	AAG	103	202
rna_coding	expanded_neutral_like_T95	A[A>C]T	28	0	0.0	3.047460231405845e-07	genome_wide	pseudocount	combined_db_spectrum_weight	0.020316350495363452	1.500003768935434e-05	AAT	87	364
rna_coding	expanded_neutral_like_T95	A[A>G]A	83	62	61941.0	0.0005009688777875095	genome_wide	pseudocount	combined_db_spectrum_weight	0.020316350495363452	0.024658408895920525	AAA	182	490
rna_coding	expanded_neutral_like_T95	A[A>G]C	72	63	53472.0	0.0004586051662912572	genome_wide	pseudocount	combined_db_spectrum_weight	0.020316350495363452	0.02257320606847765	AAC	121	462
rna_coding	expanded_neutral_like_T95	A[A>G]G	39	24	1120.0	2.2260037482372895e-05	genome_wide	pseudocount	combined_db_spectrum_weight	0.020316350495363452	0.0010956710698337788	AAG	103	202
rna_coding	expanded_neutral_like_T95	A[A>G]T	42	34	6820.0	7.431449450013968e-05	genome_wide	pseudocount	combined_db_spectrum_weight	0.020316350495363452	0.0036578663336754086	AAT	87	364
rna_coding	expanded_neutral_like_T95	A[A>T]A	57	7	104.0	1.2451051802601025e-06	genome_wide	pseudocount	combined_db_spectrum_weight	0.020316350495363452	6.128586827364774e-05	AAA	182	490
rna_coding	expanded_neutral_like_T95	A[A>T]C	47	12	118.0	1.3119909957286202e-06	genome_wide	pseudocount	combined_db_spectrum_weight	0.020316350495363452	6.457808433793459e-05	AAC	121	462
rna_coding	expanded_neutral_like_T95	A[A>T]G	35	3	34.0	1.2944162765080273e-06	genome_wide	pseudocount	combined_db_spectrum_weight	0.020316350495363452	6.371303137359418e-05	AAG	103	202
rna_coding	expanded_neutral_like_T95	A[A>T]T	27	4	16.0	4.244676750886713e-07	genome_wide	pseudocount	combined_db_spectrum_weight	0.020316350495363452	2.0892909638743547e-05	AAT	87	364
rna_coding	expanded_neutral_like_T95	A[C>A]A	34	12	76.0	9.135210199555404e-07	genome_wide	pseudocount	combined_db_spectrum_weight	0.020316350495363452	4.496481886173513e-05	ACA	87	425
rna_coding	expanded_neutral_like_T95	A[C>A]C	46	5	9.0	4.1878417556317114e-07	genome_wide	pseudocount	combined_db_spectrum_weight	0.020316350495363452	2.06131596153918e-05	ACC	104	473
rna_coding	expanded_neutral_like_T95	A[C>A]G	11	0	0.0	3.7246736161627e-07	genome_wide	pseudocount	combined_db_spectrum_weight	0.020316350495363452	1.833337939809975e-05	ACG	27	117
rna_coding	expanded_neutral_like_T95	A[C>A]T	30	6	11.0	3.5462772513802037e-07	genome_wide	pseudocount	combined_db_spectrum_weight	0.020316350495363452	1.7455286825207738e-05	ACT	68	391
rna_coding	expanded_neutral_like_T95	A[C>G]A	33	6	29.0	5.22012011403166e-07	genome_wide	pseudocount	combined_db_spectrum_weight	0.020316350495363452	2.569418220670579e-05	ACA	87	425
rna_coding	expanded_neutral_like_T95	A[C>G]C	49	3	4.0	4.1878417556317114e-07	genome_wide	pseudocount	combined_db_spectrum_weight	0.020316350495363452	2.06131596153918e-05	ACC	104	473
rna_coding	expanded_neutral_like_T95	A[C>G]G	11	1	2.0	4.0632803085411273e-07	genome_wide	pseudocount	combined_db_spectrum_weight	0.020316350495363452	2.0000050252472456e-05	ACG	27	117
rna_coding	expanded_neutral_like_T95	A[C>G]T	32	2	5.0	3.5462772513802037e-07	genome_wide	pseudocount	combined_db_spectrum_weight	0.020316350495363452	1.7455286825207738e-05	ACT	68	391
rna_coding	expanded_neutral_like_T95	A[C>T]A	51	43	4726.0	4.4128658249689065e-05	genome_wide	pseudocount	combined_db_spectrum_weight	0.020316350495363452	0.0021720760458311646	ACA	87	425
rna_coding	expanded_neutral_like_T95	A[C>T]C	58	50	7250.0	6.0790710924749916e-05	genome_wide	pseudocount	combined_db_spectrum_weight	0.020316350495363452	0.0029922062497702738	ACC	104	473
rna_coding	expanded_neutral_like_T95	A[C>T]G	12	4	345.0	1.1952816240958482e-05	genome_wide	pseudocount	combined_db_spectrum_weight	0.020316350495363452	0.0005883348115935647	ACG	27	117
rna_coding	expanded_neutral_like_T95	A[C>T]T	43	30	9539.0	9.678297230052487e-05	genome_wide	pseudocount	combined_db_spectrum_weight	0.020316350495363452	0.004763797135839552	ACT	68	391
rna_coding	expanded_neutral_like_T95	A[G>A]A	31	17	18695.0	0.00042113303130786106	genome_wide	pseudocount	combined_db_spectrum_weight	0.020316350495363452	0.02072877367438463	AGA	84	176
rna_coding	expanded_neutral_like_T95	A[G>A]C	24	16	62583.0	0.0008951864922277986	genome_wide	pseudocount	combined_db_spectrum_weight	0.020316350495363452	0.04406236702955563	AGC	81	277
rna_coding	expanded_neutral_like_T95	A[G>A]G	18	7	881.0	1.8796994065628818e-05	genome_wide	pseudocount	combined_db_spectrum_weight	0.020316350495363452	0.0009252150906688986	AGG	62	188
rna_coding	expanded_neutral_like_T95	A[G>A]T	29	18	10646.0	0.00023197702632922923	genome_wide	pseudocount	combined_db_spectrum_weight	0.020316350495363452	0.01141824297538923	AGT	79	182
rna_coding	expanded_neutral_like_T95	A[G>C]A	28	2	13.0	8.778763280242973e-07	genome_wide	pseudocount	combined_db_spectrum_weight	0.020316350495363452	4.321033584376506e-05	AGA	84	176
rna_coding	expanded_neutral_like_T95	A[G>C]C	24	2	37.0	8.438274359163477e-07	genome_wide	pseudocount	combined_db_spectrum_weight	0.020316350495363452	4.153440038893422e-05	AGC	81	277
rna_coding	expanded_neutral_like_T95	A[G>C]G	16	0	0.0	3.371658128363914e-07	genome_wide	pseudocount	combined_db_spectrum_weight	0.020316350495363452	1.659578637971119e-05	AGG	62	188
rna_coding	expanded_neutral_like_T95	A[G>C]T	25	2	6.0	6.312596193626393e-07	genome_wide	pseudocount	combined_db_spectrum_weight	0.020316350495363452	3.107150664223399e-05	AGT	79	182
rna_coding	expanded_neutral_like_T95	A[G>T]A	30	6	63.0	1.9583395009772788e-06	genome_wide	pseudocount	combined_db_spectrum_weight	0.020316350495363452	9.63922876514759e-05	AGA	84	176
rna_coding	expanded_neutral_like_T95	A[G>T]C	25	1	1.0	3.575539982696389e-07	genome_wide	pseudocount	combined_db_spectrum_weight	0.020316350495363452	1.7599322198700942e-05	AGC	81	277
rna_coding	expanded_neutral_like_T95	A[G>T]G	17	1	50.0	1.3908089779501145e-06	genome_wide	pseudocount	combined_db_spectrum_weight	0.020316350495363452	6.845761881630865e-05	AGG	62	188
rna_coding	expanded_neutral_like_T95	A[G>T]T	25	2	4.0	5.877244731996987e-07	genome_wide	pseudocount	combined_db_spectrum_weight	0.020316350495363452	2.892864411518337e-05	AGT	79	182
rna_coding	expanded_neutral_like_T95	A[T>A]A	35	4	423.0	4.982302018215318e-06	genome_wide	pseudocount	combined_db_spectrum_weight	0.020316350495363452	0.00024523607324811446	ATA	89	361
rna_coding	expanded_neutral_like_T95	A[T>A]C	17	4	32.0	5.093612101064056e-07	genome_wide	pseudocount	combined_db_spectrum_weight	0.020316350495363452	2.5071491566492258e-05	ATC	44	350
rna_coding	expanded_neutral_like_T95	A[T>A]G	10	1	9.0	4.0517368985736803e-07	genome_wide	pseudocount	combined_db_spectrum_weight	0.020316350495363452	1.9943231927891567e-05	ATG	42	176
rna_coding	expanded_neutral_like_T95	A[T>A]T	27	1	1.0	3.127656553284946e-07	genome_wide	pseudocount	combined_db_spectrum_weight	0.020316350495363452	1.5394775523284716e-05	ATT	73	342
rna_coding	expanded_neutral_like_T95	A[T>C]A	50	37	11316.0	0.0001243270915514567	genome_wide	pseudocount	combined_db_spectrum_weight	0.020316350495363452	0.00611955831239623	ATA	89	361
rna_coding	expanded_neutral_like_T95	A[T>C]C	22	18	16401.0	0.00018569045892879074	genome_wide	pseudocount	combined_db_spectrum_weight	0.020316350495363452	0.00913995153662901	ATC	44	350
rna_coding	expanded_neutral_like_T95	A[T>C]G	12	8	537.0	1.2177720345157562e-05	genome_wide	pseudocount	combined_db_spectrum_weight	0.020316350495363452	0.0005994049151660743	ATG	42	176
rna_coding	expanded_neutral_like_T95	A[T>C]T	40	35	1871.0	2.173142108875022e-05	genome_wide	pseudocount	combined_db_spectrum_weight	0.020316350495363452	0.0010696518104326715	ATT	73	342
rna_coding	expanded_neutral_like_T95	A[T>G]A	34	3	5.0	3.950724067307301e-07	genome_wide	pseudocount	combined_db_spectrum_weight	0.020316350495363452	1.9446032239938593e-05	ATA	89	361
rna_coding	expanded_neutral_like_T95	A[T>G]C	17	2	7.0	2.490210360520205e-07	genome_wide	pseudocount	combined_db_spectrum_weight	0.020316350495363452	1.2257173654729549e-05	ATC	44	350
rna_coding	expanded_neutral_like_T95	A[T>G]G	10	0	0.0	2.2509649436520446e-07	genome_wide	pseudocount	combined_db_spectrum_weight	0.020316350495363452	1.1079573293273092e-05	ATG	42	176
rna_coding	expanded_neutral_like_T95	A[T>G]T	27	3	3.0	3.127656553284946e-07	genome_wide	pseudocount	combined_db_spectrum_weight	0.020316350495363452	1.5394775523284716e-05	ATT	73	342
rna_coding	expanded_neutral_like_T95	C[A>C]A	40	3	11.0	4.4849414726350176e-07	genome_wide	pseudocount	combined_db_spectrum_weight	0.020316350495363452	2.207552716546488e-05	CAA	109	424
rna_coding	expanded_neutral_like_T95	C[A>C]C	28	18	689.0	6.562149555162302e-06	genome_wide	pseudocount	combined_db_spectrum_weight	0.020316350495363452	0.0003229984419032296	CAC	66	422
rna_coding	expanded_neutral_like_T95	C[A>C]G	22	4	14.0	6.338717281324158e-07	genome_wide	pseudocount	combined_db_spectrum_weight	0.020316350495363452	3.120007839385703e-05	CAG	63	200
rna_coding	expanded_neutral_like_T95	C[A>C]T	25	2	12.0	3.449239814153382e-07	genome_wide	pseudocount	combined_db_spectrum_weight	0.020316350495363452	1.6977654598647325e-05	CAT	55	402
rna_coding	expanded_neutral_like_T95	C[A>G]A	57	37	626.0	6.035983731921295e-06	genome_wide	pseudocount	combined_db_spectrum_weight	0.020316350495363452	0.00029709980310188154	CAA	109	424
rna_coding	expanded_neutral_like_T95	C[A>G]C	37	32	4597.0	4.3203164882484855e-05	genome_wide	pseudocount	combined_db_spectrum_weight	0.020316350495363452	0.0021265219308135375	CAC	66	422
rna_coding	expanded_neutral_like_T95	C[A>G]G	21	14	1441.0	2.8682695697991817e-05	genome_wide	pseudocount	combined_db_spectrum_weight	0.020316350495363452	0.0014118035473220307	CAG	63	200
rna_coding	expanded_neutral_like_T95	C[A>G]T	26	18	2133.0	2.1099492691721116e-05	genome_wide	pseudocount	combined_db_spectrum_weight	0.020316350495363452	0.0010385473855915408	CAT	55	402
rna_coding	expanded_neutral_like_T95	C[A>T]A	46	12	92.0	1.177297136566692e-06	genome_wide	pseudocount	combined_db_spectrum_weight	0.020316350495363452	5.794825880934531e-05	CAA	109	424
rna_coding	expanded_neutral_like_T95	C[A>T]C	24	13	295.0	2.8727006636332825e-06	genome_wide	pseudocount	combined_db_spectrum_weight	0.020316350495363452	0.00014139845954561984	CAC	66	422
rna_coding	expanded_neutral_like_T95	C[A>T]G	21	4	30.0	9.309991006944857e-07	genome_wide	pseudocount	combined_db_spectrum_weight	0.020316350495363452	4.582511514097751e-05	CAG	63	200
rna_coding	expanded_neutral_like_T95	C[A>T]T	25	0	0.0	2.463742724395273e-07	genome_wide	pseudocount	combined_db_spectrum_weight	0.020316350495363452	1.2126896141890948e-05	CAT	55	402
rna_coding	expanded_neutral_like_T95	C[C>A]A	36	9	90.0	1.090632238110186e-06	genome_wide	pseudocount	combined_db_spectrum_weight	0.020316350495363452	5.368248782472459e-05	CCA	80	425
rna_coding	expanded_neutral_like_T95	C[C>A]C	38	19	286.0	2.127320390409186e-06	genome_wide	pseudocount	combined_db_spectrum_weight	0.020316350495363452	0.00010470977013783444	CCC	92	568
rna_coding	expanded_neutral_like_T95	C[C>A]G	10	3	41.0	1.3880402805819323e-06	genome_wide	pseudocount	combined_db_spectrum_weight	0.020316350495363452	6.832133954859203e-05	CCG	32	137
rna_coding	expanded_neutral_like_T95	C[C>A]T	32	8	89.0	8.478634621089369e-07	genome_wide	pseudocount	combined_db_spectrum_weight	0.020316350495363452	4.1733059404661984e-05	CCT	80	528
rna_coding	expanded_neutral_like_T95	C[C>G]A	35	3	8.0	3.728657224308328e-07	genome_wide	pseudocount	combined_db_spectrum_weight	0.020316350495363452	1.8352987290504135e-05	CCA	80	425
rna_coding	expanded_neutral_like_T95	C[C>G]C	35	1	7.0	2.859676590386119e-07	genome_wide	pseudocount	combined_db_spectrum_weight	0.020316350495363452	1.4075739592299055e-05	CCC	92	568
rna_coding	expanded_neutral_like_T95	C[C>G]G	9	0	0.0	2.6025755260911234e-07	genome_wide	pseudocount	combined_db_spectrum_weight	0.020316350495363452	1.2810251165361007e-05	CCG	32	137
rna_coding	expanded_neutral_like_T95	C[C>G]T	31	1	2.0	2.401029273228848e-07	genome_wide	pseudocount	combined_db_spectrum_weight	0.020316350495363452	1.1818211512824634e-05	CCT	80	528
rna_coding	expanded_neutral_like_T95	C[C>T]A	41	30	12287.0	0.00011463756636135955	genome_wide	pseudocount	combined_db_spectrum_weight	0.020316350495363452	0.005642625942465496	CCA	80	425
rna_coding	expanded_neutral_like_T95	C[C>T]C	50	39	2291.0	1.6056037831875233e-05	genome_wide	pseudocount	combined_db_spectrum_weight	0.020316350495363452	0.0007903012814993275	CCC	92	568
rna_coding	expanded_neutral_like_T95	C[C>T]G	12	6	3202.0	9.276735875222582e-05	genome_wide	pseudocount	combined_db_spectrum_weight	0.020316350495363452	0.004566142859830901	CCG	32	137
rna_coding	expanded_neutral_like_T95	C[C>T]T	37	23	586.0	4.50192988730409e-06	genome_wide	pseudocount	combined_db_spectrum_weight	0.020316350495363452	0.00022159146586546186	CCT	80	528
rna_coding	expanded_neutral_like_T95	C[G>A]A	12	10	53156.0	0.001712162262401573	genome_wide	pseudocount	combined_db_spectrum_weight	0.020316350495363452	0.08427508979982988	CGA	36	123
rna_coding	expanded_neutral_like_T95	C[G>A]C	6	5	888.0	2.3796958036727943e-05	genome_wide	pseudocount	combined_db_spectrum_weight	0.020316350495363452	0.0011713205106477576	CGC	20	148
rna_coding	expanded_neutral_like_T95	C[G>A]G	4	2	2256.0	0.00010649422337224664	genome_wide	pseudocount	combined_db_spectrum_weight	0.020316350495363452	0.005241798884920325	CGG	19	84
rna_coding	expanded_neutral_like_T95	C[G>A]T	8	6	37481.0	0.001856204217624011	genome_wide	pseudocount	combined_db_spectrum_weight	0.020316350495363452	0.09136504206538618	CGT	21	80
rna_coding	expanded_neutral_like_T95	C[G>C]A	9	1	1.0	2.898803634751902e-07	genome_wide	pseudocount	combined_db_spectrum_weight	0.020316350495363452	1.4268328533776082e-05	CGA	36	123
rna_coding	expanded_neutral_like_T95	C[G>C]C	6	0	0.0	1.6060939057409184e-07	genome_wide	pseudocount	combined_db_spectrum_weight	0.020316350495363452	7.905425268713775e-06	CGC	20	148
rna_coding	expanded_neutral_like_T95	C[G>C]G	4	0	0.0	1.8865230003940947e-07	genome_wide	pseudocount	combined_db_spectrum_weight	0.020316350495363452	9.285737617219354e-06	CGG	19	84
rna_coding	expanded_neutral_like_T95	C[G>C]T	9	2	41.0	2.3770189804965596e-06	genome_wide	pseudocount	combined_db_spectrum_weight	0.020316350495363452	0.00011700029397696388	CGT	21	80
rna_coding	expanded_neutral_like_T95	C[G>T]A	9	2	123.0	4.187160805752747e-06	genome_wide	pseudocount	combined_db_spectrum_weight	0.020316350495363452	0.00020609807882121005	CGA	36	123
rna_coding	expanded_neutral_like_T95	C[G>T]C	6	0	0.0	1.6060939057409184e-07	genome_wide	pseudocount	combined_db_spectrum_weight	0.020316350495363452	7.905425268713775e-06	CGC	20	148
rna_coding	expanded_neutral_like_T95	C[G>T]G	4	0	0.0	1.8865230003940947e-07	genome_wide	pseudocount	combined_db_spectrum_weight	0.020316350495363452	9.285737617219354e-06	CGG	19	84
rna_coding	expanded_neutral_like_T95	C[G>T]T	8	1	1.0	3.961698300827599e-07	genome_wide	pseudocount	combined_db_spectrum_weight	0.020316350495363452	1.9500048996160644e-05	CGT	21	80
rna_coding	expanded_neutral_like_T95	C[T>A]A	38	5	216.0	1.9611588010061074e-06	genome_wide	pseudocount	combined_db_spectrum_weight	0.020316350495363452	9.65310576549503e-05	CTA	76	503
rna_coding	expanded_neutral_like_T95	C[T>A]C	21	5	49.0	6.358281223550467e-07	genome_wide	pseudocount	combined_db_spectrum_weight	0.020316350495363452	3.129637493210968e-05	CTC	53	405
rna_coding	expanded_neutral_like_T95	C[T>A]G	10	1	1.0	2.2132392742053624e-07	genome_wide	pseudocount	combined_db_spectrum_weight	0.020316350495363452	1.0893882120760135e-05	CTG	41	179
rna_coding	expanded_neutral_like_T95	C[T>A]T	28	1	2.0	3.5350538684307803e-07	genome_wide	pseudocount	combined_db_spectrum_weight	0.020316350495363452	1.7400043719651034e-05	CTT	81	325
rna_coding	expanded_neutral_like_T95	C[T>C]A	43	32	9865.0	7.778475630014585e-05	genome_wide	pseudocount	combined_db_spectrum_weight	0.020316350495363452	0.0038286776120493543	CTA	76	503
rna_coding	expanded_neutral_like_T95	C[T>C]C	27	24	18517.0	0.00018116210501562254	genome_wide	pseudocount	combined_db_spectrum_weight	0.020316350495363452	0.008917059442194942	CTC	53	405
rna_coding	expanded_neutral_like_T95	C[T>C]G	14	9	2432.0	5.3936641112384684e-05	genome_wide	pseudocount	combined_db_spectrum_weight	0.020316350495363452	0.0026548390728292452	CTG	41	179
rna_coding	expanded_neutral_like_T95	C[T>C]T	31	22	6711.0	8.191573102018912e-05	genome_wide	pseudocount	combined_db_spectrum_weight	0.020316350495363452	0.0040320101308984465	CTT	81	325
rna_coding	expanded_neutral_like_T95	C[T>G]A	36	6	27.0	4.48939966495374e-07	genome_wide	pseudocount	combined_db_spectrum_weight	0.020316350495363452	2.2097471029446454e-05	CTA	76	503
rna_coding	expanded_neutral_like_T95	C[T>G]C	22	6	2233.0	2.1999653033484615e-05	genome_wide	pseudocount	combined_db_spectrum_weight	0.020316350495363452	0.0010828545726509946	CTC	53	405
rna_coding	expanded_neutral_like_T95	C[T>G]G	11	1	22.0	7.08236567745716e-07	genome_wide	pseudocount	combined_db_spectrum_weight	0.020316350495363452	3.486042278643244e-05	CTG	41	179
rna_coding	expanded_neutral_like_T95	C[T>G]T	29	0	0.0	3.5350538684307803e-07	genome_wide	pseudocount	combined_db_spectrum_weight	0.020316350495363452	1.7400043719651034e-05	CTT	81	325
rna_coding	expanded_neutral_like_T95	G[A>C]A	22	0	0.0	4.33618719493568e-07	genome_wide	pseudocount	combined_db_spectrum_weight	0.020316350495363452	2.1343337209728066e-05	GAA	71	201
rna_coding	expanded_neutral_like_T95	G[A>C]C	13	5	79.0	2.154173451075007e-06	genome_wide	pseudocount	combined_db_spectrum_weight	0.020316350495363452	0.0001060315164166235	GAC	39	160
rna_coding	expanded_neutral_like_T95	G[A>C]G	18	2	7.0	6.371962302030404e-07	genome_wide	pseudocount	combined_db_spectrum_weight	0.020316350495363452	3.1363715168649986e-05	GAG	54	143
rna_coding	expanded_neutral_like_T95	G[A>C]T	7	0	0.0	2.0542139337624586e-07	genome_wide	pseudocount	combined_db_spectrum_weight	0.020316350495363452	1.0111136516527741e-05	GAT	50	135
rna_coding	expanded_neutral_like_T95	G[A>G]A	23	13	947.0	1.8862414297970208e-05	genome_wide	pseudocount	combined_db_spectrum_weight	0.020316350495363452	0.0009284351686231709	GAA	71	201
rna_coding	expanded_neutral_like_T95	G[A>G]C	15	14	1067.0	2.644433615802422e-05	genome_wide	pseudocount	combined_db_spectrum_weight	0.020316350495363452	0.001301628270493723	GAC	39	160
rna_coding	expanded_neutral_like_T95	G[A>G]G	17	12	791.0	2.2052530401809572e-05	genome_wide	pseudocount	combined_db_spectrum_weight	0.020316350495363452	0.001085457272793278	GAG	54	143
rna_coding	expanded_neutral_like_T95	G[A>G]T	9	8	2593.0	7.612329920256882e-05	genome_wide	pseudocount	combined_db_spectrum_weight	0.020316350495363452	0.003746898303410423	GAT	50	135
rna_coding	expanded_neutral_like_T95	G[A>T]A	23	1	4.0	5.124584866742168e-07	genome_wide	pseudocount	combined_db_spectrum_weight	0.020316350495363452	2.522394397513317e-05	GAA	71	201
rna_coding	expanded_neutral_like_T95	G[A>T]C	11	4	29.0	8.913821176862097e-07	genome_wide	pseudocount	combined_db_spectrum_weight	0.020316350495363452	4.387511024136145e-05	GAC	39	160
rna_coding	expanded_neutral_like_T95	G[A>T]G	19	3	86.0	2.825826760030875e-06	genome_wide	pseudocount	combined_db_spectrum_weight	0.020316350495363452	0.000139091258574013	GAG	54	143
rna_coding	expanded_neutral_like_T95	G[A>T]T	7	0	0.0	2.0542139337624586e-07	genome_wide	pseudocount	combined_db_spectrum_weight	0.020316350495363452	1.0111136516527741e-05	GAT	50	135
rna_coding	expanded_neutral_like_T95	G[C>A]A	21	4	10.0	5.295339312987385e-07	genome_wide	pseudocount	combined_db_spectrum_weight	0.020316350495363452	2.6064421925561258e-05	GCA	52	202
rna_coding	expanded_neutral_like_T95	G[C>A]C	20	4	42.0	8.703731115454573e-07	genome_wide	pseudocount	combined_db_spectrum_weight	0.020316350495363452	4.2841016733989295e-05	GCC	43	264
rna_coding	expanded_neutral_like_T95	G[C>A]G	4	0	0.0	2.5978349513623597e-07	genome_wide	pseudocount	combined_db_spectrum_weight	0.020316350495363452	1.2786917374531568e-05	GCG	19	61
rna_coding	expanded_neutral_like_T95	G[C>A]T	17	5	14.0	5.598051946821608e-07	genome_wide	pseudocount	combined_db_spectrum_weight	0.020316350495363452	2.7554417059792217e-05	GCT	55	184
rna_coding	expanded_neutral_like_T95	G[C>G]A	19	0	0.0	3.726349886917048e-07	genome_wide	pseudocount	combined_db_spectrum_weight	0.020316350495363452	1.8341630243913474e-05	GCA	52	202
rna_coding	expanded_neutral_like_T95	G[C>G]C	20	1	1.0	3.00128659153606e-07	genome_wide	pseudocount	combined_db_spectrum_weight	0.020316350495363452	1.4772764391030793e-05	GCC	43	264
rna_coding	expanded_neutral_like_T95	G[C>G]G	4	0	0.0	2.5978349513623597e-07	genome_wide	pseudocount	combined_db_spectrum_weight	0.020316350495363452	1.2786917374531568e-05	GCG	19	61
rna_coding	expanded_neutral_like_T95	G[C>G]T	15	2	5.0	3.875574424722651e-07	genome_wide	pseudocount	combined_db_spectrum_weight	0.020316350495363452	1.9076134887548456e-05	GCT	55	184
rna_coding	expanded_neutral_like_T95	G[C>T]A	22	11	273.0	5.569912462549693e-06	genome_wide	pseudocount	combined_db_spectrum_weight	0.020316350495363452	0.0002741591046984962	GCA	52	202
rna_coding	expanded_neutral_like_T95	G[C>T]C	21	12	583.0	8.883808310946737e-06	genome_wide	pseudocount	combined_db_spectrum_weight	0.020316350495363452	0.0004372738259745114	GCC	43	264
rna_coding	expanded_neutral_like_T95	G[C>T]G	6	2	111.0	7.4687754851667845e-06	genome_wide	pseudocount	combined_db_spectrum_weight	0.020316350495363452	0.0003676238745177826	GCG	19	61
rna_coding	expanded_neutral_like_T95	G[C>T]T	21	13	590.0	1.2875519477689697e-05	genome_wide	pseudocount	combined_db_spectrum_weight	0.020316350495363452	0.0006337515923752209	GCT	55	184
rna_coding	expanded_neutral_like_T95	G[G>A]A	10	7	20460.0	0.0006188414681666805	genome_wide	pseudocount	combined_db_spectrum_weight	0.020316350495363452	0.030460267374689712	GGA	41	131
rna_coding	expanded_neutral_like_T95	G[G>A]C	13	8	794.0	2.0034157863045893e-05	genome_wide	pseudocount	combined_db_spectrum_weight	0.020316350495363452	0.0009861100726539463	GGC	35	158
rna_coding	expanded_neutral_like_T95	G[G>A]G	18	11	1493.0	4.642615196282343e-05	genome_wide	pseudocount	combined_db_spectrum_weight	0.020316350495363452	0.0022851619917375757	GGG	38	128
rna_coding	expanded_neutral_like_T95	G[G>A]T	15	5	13304.0	0.00043234468178048074	genome_wide	pseudocount	combined_db_spectrum_weight	0.020316350495363452	0.021280627240564166	GGT	53	122
rna_coding	expanded_neutral_like_T95	G[G>C]A	10	0	0.0	3.024197176204274e-07	genome_wide	pseudocount	combined_db_spectrum_weight	0.020316350495363452	1.4885533584855454e-05	GGA	41	131
rna_coding	expanded_neutral_like_T95	G[G>C]C	12	0	0.0	3.0088847854386824e-07	genome_wide	pseudocount	combined_db_spectrum_weight	0.020316350495363452	1.4810163794552386e-05	GGC	35	158
rna_coding	expanded_neutral_like_T95	G[G>C]G	11	0	0.0	3.4045844772737175e-07	genome_wide	pseudocount	combined_db_spectrum_weight	0.020316350495363452	1.6757854606075552e-05	GGG	38	128
rna_coding	expanded_neutral_like_T95	G[G>C]T	20	1	1.0	6.494587378405899e-07	genome_wide	pseudocount	combined_db_spectrum_weight	0.020316350495363452	3.196729343632892e-05	GGT	53	122
rna_coding	expanded_neutral_like_T95	G[G>T]A	11	1	35.0	1.3608887292919232e-06	genome_wide	pseudocount	combined_db_spectrum_weight	0.020316350495363452	6.698490113184954e-05	GGA	41	131
rna_coding	expanded_neutral_like_T95	G[G>T]C	14	0	0.0	3.510365583011796e-07	genome_wide	pseudocount	combined_db_spectrum_weight	0.020316350495363452	1.7278524426977785e-05	GGC	35	158
rna_coding	expanded_neutral_like_T95	G[G>T]G	11	1	1.0	3.4045844772737175e-07	genome_wide	pseudocount	combined_db_spectrum_weight	0.020316350495363452	1.6757854606075552e-05	GGG	38	128
rna_coding	expanded_neutral_like_T95	G[G>T]T	21	2	2.0	6.819316747326194e-07	genome_wide	pseudocount	combined_db_spectrum_weight	0.020316350495363452	3.3565658108145367e-05	GGT	53	122
rna_coding	expanded_neutral_like_T95	G[T>A]A	16	1	1.0	3.795639090613268e-07	genome_wide	pseudocount	combined_db_spectrum_weight	0.020316350495363452	1.868268167296828e-05	GTA	59	167
rna_coding	expanded_neutral_like_T95	G[T>A]C	10	0	0.0	3.444955044197912e-07	genome_wide	pseudocount	combined_db_spectrum_weight	0.020316350495363452	1.6956564344487518e-05	GTC	35	115
rna_coding	expanded_neutral_like_T95	G[T>A]G	14	1	127.0	6.375146690986941e-06	genome_wide	pseudocount	combined_db_spectrum_weight	0.020316350495363452	0.0003137938918922403	GTG	38	87
rna_coding	expanded_neutral_like_T95	G[T>A]T	15	0	0.0	4.337625876818539e-07	genome_wide	pseudocount	combined_db_spectrum_weight	0.020316350495363452	2.1350418608935012e-05	GTT	64	137
rna_coding	expanded_neutral_like_T95	G[T>C]A	20	17	21108.0	0.0005008108552621044	genome_wide	pseudocount	combined_db_spectrum_weight	0.020316350495363452	0.024650630799877084	GTA	59	167
rna_coding	expanded_neutral_like_T95	G[T>C]C	16	14	5162.0	0.00017789747848238018	genome_wide	pseudocount	combined_db_spectrum_weight	0.020316350495363452	0.008756369827493353	GTC	35	115
rna_coding	expanded_neutral_like_T95	G[T>C]G	17	12	1336.0	6.106479794723919e-05	genome_wide	pseudocount	combined_db_spectrum_weight	0.020316350495363452	0.0030056972073392437	GTG	38	87
rna_coding	expanded_neutral_like_T95	G[T>C]T	20	17	9530.0	0.00027567058322474085	genome_wide	pseudocount	combined_db_spectrum_weight	0.020316350495363452	0.013568902706598496	GTT	64	137
rna_coding	expanded_neutral_like_T95	G[T>G]A	15	0	0.0	3.558411647449939e-07	genome_wide	pseudocount	combined_db_spectrum_weight	0.020316350495363452	1.7515014068407762e-05	GTA	59	167
rna_coding	expanded_neutral_like_T95	G[T>G]C	10	1	1.0	3.444955044197912e-07	genome_wide	pseudocount	combined_db_spectrum_weight	0.020316350495363452	1.6956564344487518e-05	GTC	35	115
rna_coding	expanded_neutral_like_T95	G[T>G]G	16	3	18.0	1.4116396244328225e-06	genome_wide	pseudocount	combined_db_spectrum_weight	0.020316350495363452	6.948293320471034e-05	GTG	38	87
rna_coding	expanded_neutral_like_T95	G[T>G]T	14	1	1.0	4.0484508183639694e-07	genome_wide	pseudocount	combined_db_spectrum_weight	0.020316350495363452	1.992705736833934e-05	GTT	64	137
rna_coding	expanded_neutral_like_T95	T[A>C]A	35	1	357.0	3.8532936209542065e-06	genome_wide	pseudocount	combined_db_spectrum_weight	0.020316350495363452	0.0001896646556591744	TAA	137	402
rna_coding	expanded_neutral_like_T95	T[A>C]C	18	0	0.0	1.959081577332329e-07	genome_wide	pseudocount	combined_db_spectrum_weight	0.020316350495363452	9.64288137172779e-06	TAC	60	364
rna_coding	expanded_neutral_like_T95	T[A>C]G	30	1	1.0	4.275213993698848e-07	genome_wide	pseudocount	combined_db_spectrum_weight	0.020316350495363452	2.1043218341180553e-05	TAG	85	278
rna_coding	expanded_neutral_like_T95	T[A>C]T	22	1	33.0	6.482779037717889e-07	genome_wide	pseudocount	combined_db_spectrum_weight	0.020316350495363452	3.190917108462651e-05	TAT	57	330
rna_coding	expanded_neutral_like_T95	T[A>G]A	63	51	7037.0	6.946768985704911e-05	genome_wide	pseudocount	combined_db_spectrum_weight	0.020316350495363452	0.003419299636167571	TAA	137	402
rna_coding	expanded_neutral_like_T95	T[A>G]C	29	23	1775.0	1.9384023829049322e-05	genome_wide	pseudocount	combined_db_spectrum_weight	0.020316350495363452	0.0009541095401692886	TAC	60	364
rna_coding	expanded_neutral_like_T95	T[A>G]G	35	20	15030.0	0.00021440198178399722	genome_wide	pseudocount	combined_db_spectrum_weight	0.020316350495363452	0.010553173998102046	TAG	85	278
rna_coding	expanded_neutral_like_T95	T[A>G]T	31	19	1006.0	1.2221239000734836e-05	genome_wide	pseudocount	combined_db_spectrum_weight	0.020316350495363452	0.0006015469660027739	TAT	57	330
rna_coding	expanded_neutral_like_T95	T[A>T]A	37	7	34.0	6.307181374451898e-07	genome_wide	pseudocount	combined_db_spectrum_weight	0.020316350495363452	3.1044854123240826e-05	TAA	137	402
rna_coding	expanded_neutral_like_T95	T[A>T]C	21	6	26.0	4.4623524817014163e-07	genome_wide	pseudocount	combined_db_spectrum_weight	0.020316350495363452	2.196434090226886e-05	TAC	60	364
rna_coding	expanded_neutral_like_T95	T[A>T]G	32	3	6.0	4.987749659315322e-07	genome_wide	pseudocount	combined_db_spectrum_weight	0.020316350495363452	2.4550421398043976e-05	TAG	85	278
rna_coding	expanded_neutral_like_T95	T[A>T]T	23	2	3.0	2.881235127874617e-07	genome_wide	pseudocount	combined_db_spectrum_weight	0.020316350495363452	1.4181853815389557e-05	TAT	57	330
rna_coding	expanded_neutral_like_T95	T[C>A]A	32	8	94.0	1.1864984758823774e-06	genome_wide	pseudocount	combined_db_spectrum_weight	0.020316350495363452	5.8401161968196856e-05	TCA	74	394
rna_coding	expanded_neutral_like_T95	T[C>A]C	15	4	44.0	6.172617749164813e-07	genome_wide	pseudocount	combined_db_spectrum_weight	0.020316350495363452	3.038251260025029e-05	TCC	44	353
rna_coding	expanded_neutral_like_T95	T[C>A]G	4	1	220.0	7.362156009037954e-06	genome_wide	pseudocount	combined_db_spectrum_weight	0.020316350495363452	0.00036237591051198527	TCG	18	120
rna_coding	expanded_neutral_like_T95	T[C>A]T	19	5	38.0	6.66693565187816e-07	genome_wide	pseudocount	combined_db_spectrum_weight	0.020316350495363452	3.2815616433668396e-05	TCT	48	309
rna_coding	expanded_neutral_like_T95	T[C>G]A	31	3	4.0	3.217622985443735e-07	genome_wide	pseudocount	combined_db_spectrum_weight	0.020316350495363452	1.5837603245612704e-05	TCA	74	394
rna_coding	expanded_neutral_like_T95	T[C>G]C	16	2	2.0	1.7956706179388549e-07	genome_wide	pseudocount	combined_db_spectrum_weight	0.020316350495363452	8.838549120072813e-06	TCC	44	353
rna_coding	expanded_neutral_like_T95	T[C>G]G	3	0	0.0	9.904245752068998e-08	genome_wide	pseudocount	combined_db_spectrum_weight	0.020316350495363452	4.875012249040162e-06	TCG	18	120
rna_coding	expanded_neutral_like_T95	T[C>G]T	20	1	4.0	2.9488369229461093e-07	genome_wide	pseudocount	combined_db_spectrum_weight	0.020316350495363452	1.4514599576430253e-05	TCT	48	309
rna_coding	expanded_neutral_like_T95	T[C>T]A	39	31	1136.0	1.1503002172961353e-05	genome_wide	pseudocount	combined_db_spectrum_weight	0.020316350495363452	0.0005661943160306542	TCA	74	394
rna_coding	expanded_neutral_like_T95	T[C>T]C	20	13	1914.0	2.155927035662838e-05	genome_wide	pseudocount	combined_db_spectrum_weight	0.020316350495363452	0.001061178303728742	TCC	44	353
rna_coding	expanded_neutral_like_T95	T[C>T]G	4	2	97.0	3.2684010981827693e-06	genome_wide	pseudocount	combined_db_spectrum_weight	0.020316350495363452	0.00016087540421832534	TCG	18	120
rna_coding	expanded_neutral_like_T95	T[C>T]T	24	11	185.0	2.538563959753607e-06	genome_wide	pseudocount	combined_db_spectrum_weight	0.020316350495363452	0.00012495177026666042	TCT	48	309
rna_coding	expanded_neutral_like_T95	T[G>A]A	21	12	993.0	1.881337297359836e-05	genome_wide	pseudocount	combined_db_spectrum_weight	0.020316350495363452	0.000926021284083079	TGA	54	211
rna_coding	expanded_neutral_like_T95	T[G>A]C	8	6	3207.0	9.93210144324669e-05	genome_wide	pseudocount	combined_db_spectrum_weight	0.020316350495363452	0.004888723220990586	TGC	33	128
rna_coding	expanded_neutral_like_T95	T[G>A]G	13	10	2457.0	7.01135094966611e-05	genome_wide	pseudocount	combined_db_spectrum_weight	0.020316350495363452	0.00345108780795361	TGG	48	139
rna_coding	expanded_neutral_like_T95	T[G>A]T	9	6	466.0	1.510598782998491e-05	genome_wide	pseudocount	combined_db_spectrum_weight	0.020316350495363452	0.0007435384535934425	TGT	45	123
rna_coding	expanded_neutral_like_T95	T[G>C]A	18	2	18.0	6.383779252518406e-07	genome_wide	pseudocount	combined_db_spectrum_weight	0.020316350495363452	3.1421879899026636e-05	TGA	54	211
rna_coding	expanded_neutral_like_T95	T[G>C]C	9	2	8.0	4.6426151962823423e-07	genome_wide	pseudocount	combined_db_spectrum_weight	0.020316350495363452	2.2851619917375756e-05	TGC	33	128
rna_coding	expanded_neutral_like_T95	T[G>C]G	8	0	0.0	2.2801141299727187e-07	genome_wide	pseudocount	combined_db_spectrum_weight	0.020316350495363452	1.122304978196296e-05	TGG	48	139
rna_coding	expanded_neutral_like_T95	T[G>C]T	8	2	15.0	6.763875147754436e-07	genome_wide	pseudocount	combined_db_spectrum_weight	0.020316350495363452	3.329276657881085e-05	TGT	45	123
rna_coding	expanded_neutral_like_T95	T[G>T]A	19	2	2.0	3.567406052877933e-07	genome_wide	pseudocount	combined_db_spectrum_weight	0.020316350495363452	1.7559285825926647e-05	TGA	54	211
rna_coding	expanded_neutral_like_T95	T[G>T]C	8	1	1.0	2.476061438017249e-07	genome_wide	pseudocount	combined_db_spectrum_weight	0.020316350495363452	1.21875306226004e-05	TGC	33	128
rna_coding	expanded_neutral_like_T95	T[G>T]G	8	2	3.0	2.5651283962193086e-07	genome_wide	pseudocount	combined_db_spectrum_weight	0.020316350495363452	1.2625931004708331e-05	TGG	48	139
rna_coding	expanded_neutral_like_T95	T[G>T]T	9	0	0.0	2.898803634751902e-07	genome_wide	pseudocount	combined_db_spectrum_weight	0.020316350495363452	1.4268328533776082e-05	TGT	45	123
rna_coding	expanded_neutral_like_T95	T[T>A]A	40	7	1274.0	1.518457383924244e-05	genome_wide	pseudocount	combined_db_spectrum_weight	0.020316350495363452	0.0007474065700287966	TTA	112	341
rna_coding	expanded_neutral_like_T95	T[T>A]C	14	1	13.0	3.344290773425895e-07	genome_wide	pseudocount	combined_db_spectrum_weight	0.020316350495363452	1.646108032143431e-05	TTC	54	308
rna_coding	expanded_neutral_like_T95	T[T>A]G	14	4	87.0	2.4476734724858414e-06	genome_wide	pseudocount	combined_db_spectrum_weight	0.020316350495363452	0.00012047800972150207	TTG	55	157
rna_coding	expanded_neutral_like_T95	T[T>A]T	36	3	33.0	9.174459222969176e-07	genome_wide	pseudocount	combined_db_spectrum_weight	0.020316350495363452	4.5158008201635175e-05	TTT	87	285
rna_coding	expanded_neutral_like_T95	T[T>C]A	52	32	11023.0	0.00012829628837548145	genome_wide	pseudocount	combined_db_spectrum_weight	0.020316350495363452	0.006314927890457536	TTA	112	341
rna_coding	expanded_neutral_like_T95	T[T>C]C	18	11	1290.0	1.668286589666687e-05	genome_wide	pseudocount	combined_db_spectrum_weight	0.020316350495363452	0.0008211546606500115	TTC	54	308
rna_coding	expanded_neutral_like_T95	T[T>C]G	18	14	608.0	1.5443053249085928e-05	genome_wide	pseudocount	combined_db_spectrum_weight	0.020316350495363452	0.0007601292984490646	TTG	55	157
rna_coding	expanded_neutral_like_T95	T[T>C]T	39	22	25110.0	0.00034928278317507044	genome_wide	pseudocount	combined_db_spectrum_weight	0.020316350495363452	0.017192201092158896	TTT	87	285
rna_coding	expanded_neutral_like_T95	T[T>G]A	39	2	12.0	5.692762954268397e-07	genome_wide	pseudocount	combined_db_spectrum_weight	0.020316350495363452	2.8020598264277758e-05	TTA	112	341
rna_coding	expanded_neutral_like_T95	T[T>G]C	13	1	1.0	1.6721453867129476e-07	genome_wide	pseudocount	combined_db_spectrum_weight	0.020316350495363452	8.230540160717154e-06	TTC	54	308
rna_coding	expanded_neutral_like_T95	T[T>G]G	12	1	56.0	1.6906610583149626e-06	genome_wide	pseudocount	combined_db_spectrum_weight	0.020316350495363452	8.321676960144988e-05	TTG	55	157
rna_coding	expanded_neutral_like_T95	T[T>G]T	32	0	0.0	4.4482226535608126e-07	genome_wide	pseudocount	combined_db_spectrum_weight	0.020316350495363452	2.1894791855338266e-05	TTT	87	285
rna_coding	unlabeled_out_of_neutral_domain_T95	A[A>C]A	122	2	2.0	9.86382025920341e-07	genome_wide	pseudocount	combined_db_spectrum_weight	0.020316350495363452	4.8551142398604054e-05	AAA	182	490
rna_coding	unlabeled_out_of_neutral_domain_T95	A[A>C]C	73	7	8.0	6.345577364961954e-07	genome_wide	pseudocount	combined_db_spectrum_weight	0.020316350495363452	3.12338447124651e-05	AAC	121	462
rna_coding	unlabeled_out_of_neutral_domain_T95	A[A>C]G	69	1	1.0	1.353253379985665e-06	genome_wide	pseudocount	combined_db_spectrum_weight	0.020316350495363452	6.66090782542121e-05	AAG	103	202
rna_coding	unlabeled_out_of_neutral_domain_T95	A[A>C]T	59	4	13.0	7.40097484769991e-07	genome_wide	pseudocount	combined_db_spectrum_weight	0.020316350495363452	3.642866295986054e-05	AAT	87	364
rna_coding	unlabeled_out_of_neutral_domain_T95	A[A>G]A	96	30	68.0	1.0834032087977516e-06	genome_wide	pseudocount	combined_db_spectrum_weight	0.020316350495363452	5.332666460174544e-05	AAA	182	490
rna_coding	unlabeled_out_of_neutral_domain_T95	A[A>G]C	46	25	70.0	7.803345137993755e-07	genome_wide	pseudocount	combined_db_spectrum_weight	0.020316350495363452	3.840918741668005e-05	AAC	121	462
rna_coding	unlabeled_out_of_neutral_domain_T95	A[A>G]G	64	30	136.0	3.334102530399464e-06	genome_wide	pseudocount	combined_db_spectrum_weight	0.020316350495363452	0.00016410932323501532	AAG	103	202
rna_coding	unlabeled_out_of_neutral_domain_T95	A[A>G]T	45	24	39.0	6.530271924441096e-07	genome_wide	pseudocount	combined_db_spectrum_weight	0.020316350495363452	3.21429379057593e-05	AAT	87	364
rna_coding	unlabeled_out_of_neutral_domain_T95	A[A>T]A	125	13	15.0	1.0268075187859286e-06	genome_wide	pseudocount	combined_db_spectrum_weight	0.020316350495363452	5.054094331657963e-05	AAA	182	490
rna_coding	unlabeled_out_of_neutral_domain_T95	A[A>T]C	74	10	13.0	6.60283050137933e-07	genome_wide	pseudocount	combined_db_spectrum_weight	0.020316350495363452	3.250008166026774e-05	AAC	121	462
rna_coding	unlabeled_out_of_neutral_domain_T95	A[A>T]G	68	2	4.0	1.3728657478115441e-06	genome_wide	pseudocount	combined_db_spectrum_weight	0.020316350495363452	6.757442721441807e-05	AAG	103	202
rna_coding	unlabeled_out_of_neutral_domain_T95	A[A>T]T	60	3	4.0	6.639109789848448e-07	genome_wide	pseudocount	combined_db_spectrum_weight	0.020316350495363452	3.267865353752195e-05	AAT	87	364
rna_coding	unlabeled_out_of_neutral_domain_T95	A[C>A]A	53	2	5.0	5.22012011403166e-07	genome_wide	pseudocount	combined_db_spectrum_weight	0.020316350495363452	2.569418220670579e-05	ACA	87	425
rna_coding	unlabeled_out_of_neutral_domain_T95	A[C>A]C	58	5	12.0	5.444194282321225e-07	genome_wide	pseudocount	combined_db_spectrum_weight	0.020316350495363452	2.6797107500009343e-05	ACC	104	473
rna_coding	unlabeled_out_of_neutral_domain_T95	A[C>A]G	16	1	4.0	6.433527155190118e-07	genome_wide	pseudocount	combined_db_spectrum_weight	0.020316350495363452	3.166674623308139e-05	ACG	27	117
rna_coding	unlabeled_out_of_neutral_domain_T95	A[C>A]T	38	3	5.0	4.052888287291661e-07	genome_wide	pseudocount	combined_db_spectrum_weight	0.020316350495363452	1.9948899228808843e-05	ACT	68	391
rna_coding	unlabeled_out_of_neutral_domain_T95	A[C>G]A	54	1	1.0	5.033687252816242e-07	genome_wide	pseudocount	combined_db_spectrum_weight	0.020316350495363452	2.477653284218058e-05	ACA	87	425
rna_coding	unlabeled_out_of_neutral_domain_T95	A[C>G]C	55	0	0.0	4.606625931194882e-07	genome_wide	pseudocount	combined_db_spectrum_weight	0.020316350495363452	2.267447557693098e-05	ACC	104	473
rna_coding	unlabeled_out_of_neutral_domain_T95	A[C>G]G	16	0	0.0	5.417707078054836e-07	genome_wide	pseudocount	combined_db_spectrum_weight	0.020316350495363452	2.6666733669963275e-05	ACG	27	117
rna_coding	unlabeled_out_of_neutral_domain_T95	A[C>G]T	36	2	2.0	3.647599458562495e-07	genome_wide	pseudocount	combined_db_spectrum_weight	0.020316350495363452	1.7954009305927957e-05	ACT	68	391
rna_coding	unlabeled_out_of_neutral_domain_T95	A[C>T]A	35	11	103.0	1.1838486687178942e-06	genome_wide	pseudocount	combined_db_spectrum_weight	0.020316350495363452	5.827073464735063e-05	ACA	87	425
rna_coding	unlabeled_out_of_neutral_domain_T95	A[C>T]C	46	20	40.0	5.527951117433858e-07	genome_wide	pseudocount	combined_db_spectrum_weight	0.020316350495363452	2.7209370692317174e-05	ACC	104	473
rna_coding	unlabeled_out_of_neutral_domain_T95	A[C>T]G	15	3	17.0	9.81959407897439e-07	genome_wide	pseudocount	combined_db_spectrum_weight	0.020316350495363452	4.833345477680843e-05	ACG	27	117
rna_coding	unlabeled_out_of_neutral_domain_T95	A[C>T]T	25	7	19.0	3.7489216657447867e-07	genome_wide	pseudocount	combined_db_spectrum_weight	0.020316350495363452	1.845273178664818e-05	ACT	68	391
rna_coding	unlabeled_out_of_neutral_domain_T95	A[G>A]A	52	25	71.0	2.205945644779004e-06	genome_wide	pseudocount	combined_db_spectrum_weight	0.020316350495363452	0.00010857981827407631	AGA	84	176
rna_coding	unlabeled_out_of_neutral_domain_T95	A[G>A]C	56	38	232.0	3.575539982696389e-06	genome_wide	pseudocount	combined_db_spectrum_weight	0.020316350495363452	0.00017599322198700942	AGC	81	277
rna_coding	unlabeled_out_of_neutral_domain_T95	A[G>A]G	42	27	59.0	1.5593918843683103e-06	genome_wide	pseudocount	combined_db_spectrum_weight	0.020316350495363452	7.675551200616424e-05	AGG	62	188
rna_coding	unlabeled_out_of_neutral_domain_T95	A[G>A]T	47	21	43.0	1.5019625426214522e-06	genome_wide	pseudocount	combined_db_spectrum_weight	0.020316350495363452	7.392875718324639e-05	AGT	79	182
rna_coding	unlabeled_out_of_neutral_domain_T95	A[G>C]A	56	1	1.0	1.260540368445145e-06	genome_wide	pseudocount	combined_db_spectrum_weight	0.020316350495363452	6.204561044232931e-05	AGA	84	176
rna_coding	unlabeled_out_of_neutral_domain_T95	A[G>C]C	57	4	4.0	8.152231160547767e-07	genome_wide	pseudocount	combined_db_spectrum_weight	0.020316350495363452	4.012645461303815e-05	AGC	81	277
rna_coding	unlabeled_out_of_neutral_domain_T95	A[G>C]G	46	1	1.0	9.693517119046253e-07	genome_wide	pseudocount	combined_db_spectrum_weight	0.020316350495363452	4.7712885841669664e-05	AGG	62	188
rna_coding	unlabeled_out_of_neutral_domain_T95	A[G>C]T	54	3	3.0	1.1754489463993973e-06	genome_wide	pseudocount	combined_db_spectrum_weight	0.020316350495363452	5.785728823036674e-05	AGT	79	182
rna_coding	unlabeled_out_of_neutral_domain_T95	A[G>T]A	54	0	0.0	1.215521069572104e-06	genome_wide	pseudocount	combined_db_spectrum_weight	0.020316350495363452	5.9829695783674694e-05	AGA	84	176
rna_coding	unlabeled_out_of_neutral_domain_T95	A[G>T]C	56	0	0.0	8.009209561239911e-07	genome_wide	pseudocount	combined_db_spectrum_weight	0.020316350495363452	3.942248172509011e-05	AGC	81	277
rna_coding	unlabeled_out_of_neutral_domain_T95	A[G>T]G	45	1	1.0	9.482788486023508e-07	genome_wide	pseudocount	combined_db_spectrum_weight	0.020316350495363452	4.667564919293771e-05	AGG	62	188
rna_coding	unlabeled_out_of_neutral_domain_T95	A[G>T]T	54	2	3.0	1.1972165194808676e-06	genome_wide	pseudocount	combined_db_spectrum_weight	0.020316350495363452	5.8928719493892046e-05	AGT	79	182
rna_coding	unlabeled_out_of_neutral_domain_T95	A[T>A]A	54	2	2.0	5.926086100960951e-07	genome_wide	pseudocount	combined_db_spectrum_weight	0.020316350495363452	2.9169048359907887e-05	ATA	89	361
rna_coding	unlabeled_out_of_neutral_domain_T95	A[T>A]C	27	3	3.0	3.0561672606384335e-07	genome_wide	pseudocount	combined_db_spectrum_weight	0.020316350495363452	1.5042894939895354e-05	ATC	44	350
rna_coding	unlabeled_out_of_neutral_domain_T95	A[T>A]G	32	1	1.0	7.203087819686543e-07	genome_wide	pseudocount	combined_db_spectrum_weight	0.020316350495363452	3.545463453847389e-05	ATG	42	176
rna_coding	unlabeled_out_of_neutral_domain_T95	A[T>A]T	46	3	5.0	5.560278316951016e-07	genome_wide	pseudocount	combined_db_spectrum_weight	0.020316350495363452	2.7368489819172835e-05	ATT	73	342
rna_coding	unlabeled_out_of_neutral_domain_T95	A[T>C]A	38	21	53.0	7.68196346420864e-07	genome_wide	pseudocount	combined_db_spectrum_weight	0.020316350495363452	3.781172935543615e-05	ATA	89	361
rna_coding	unlabeled_out_of_neutral_domain_T95	A[T>C]C	22	18	65.0	7.810205221631552e-07	genome_wide	pseudocount	combined_db_spectrum_weight	0.020316350495363452	3.844295373528813e-05	ATC	44	350
rna_coding	unlabeled_out_of_neutral_domain_T95	A[T>C]G	29	9	23.0	9.679149257703791e-07	genome_wide	pseudocount	combined_db_spectrum_weight	0.020316350495363452	4.764216516107429e-05	ATG	42	176
rna_coding	unlabeled_out_of_neutral_domain_T95	A[T>C]T	32	15	28.0	5.212760922141578e-07	genome_wide	pseudocount	combined_db_spectrum_weight	0.020316350495363452	2.565795920547453e-05	ATT	73	342
rna_coding	unlabeled_out_of_neutral_domain_T95	A[T>G]A	55	6	7.0	6.145570771366912e-07	genome_wide	pseudocount	combined_db_spectrum_weight	0.020316350495363452	3.024938348434892e-05	ATA	89	361
rna_coding	unlabeled_out_of_neutral_domain_T95	A[T>G]C	27	3	3.0	3.0561672606384335e-07	genome_wide	pseudocount	combined_db_spectrum_weight	0.020316350495363452	1.5042894939895354e-05	ATC	44	350
rna_coding	unlabeled_out_of_neutral_domain_T95	A[T>G]G	32	4	5.0	7.428184314051748e-07	genome_wide	pseudocount	combined_db_spectrum_weight	0.020316350495363452	3.656259186780121e-05	ATG	42	176
rna_coding	unlabeled_out_of_neutral_domain_T95	A[T>G]T	46	1	1.0	5.328600053744723e-07	genome_wide	pseudocount	combined_db_spectrum_weight	0.020316350495363452	2.6228136076707296e-05	ATT	73	342
rna_coding	unlabeled_out_of_neutral_domain_T95	C[A>C]A	69	8	10.0	6.63397592827263e-07	genome_wide	pseudocount	combined_db_spectrum_weight	0.020316350495363452	3.2653383932250135e-05	CAA	109	424
rna_coding	unlabeled_out_of_neutral_domain_T95	C[A>C]C	38	8	10.0	3.7551642661872974e-07	genome_wide	pseudocount	combined_db_spectrum_weight	0.020316350495363452	1.8483458764133313e-05	CAC	66	422
rna_coding	unlabeled_out_of_neutral_domain_T95	C[A>C]G	41	1	1.0	8.121481516696578e-07	genome_wide	pseudocount	combined_db_spectrum_weight	0.020316350495363452	3.997510044212932e-05	CAG	63	200
rna_coding	unlabeled_out_of_neutral_domain_T95	C[A>C]T	30	3	32.0	5.814432829572844e-07	genome_wide	pseudocount	combined_db_spectrum_weight	0.020316350495363452	2.8619474894862636e-05	CAT	55	402
rna_coding	unlabeled_out_of_neutral_domain_T95	C[A>G]A	52	18	120.0	1.4389187224704015e-06	genome_wide	pseudocount	combined_db_spectrum_weight	0.020316350495363452	7.08256496558665e-05	CAA	109	424
rna_coding	unlabeled_out_of_neutral_domain_T95	C[A>G]C	29	13	31.0	4.4123180127700747e-07	genome_wide	pseudocount	combined_db_spectrum_weight	0.020316350495363452	2.1718064047856643e-05	CAC	66	422
rna_coding	unlabeled_out_of_neutral_domain_T95	C[A>G]G	41	14	25.0	1.0300415582151757e-06	genome_wide	pseudocount	combined_db_spectrum_weight	0.020316350495363452	5.0700127390017676e-05	CAG	63	200
rna_coding	unlabeled_out_of_neutral_domain_T95	C[A>G]T	28	12	26.0	4.139087776984058e-07	genome_wide	pseudocount	combined_db_spectrum_weight	0.020316350495363452	2.037318551837679e-05	CAT	55	402
rna_coding	unlabeled_out_of_neutral_domain_T95	C[A>T]A	63	5	10.0	6.353667086232942e-07	genome_wide	pseudocount	combined_db_spectrum_weight	0.020316350495363452	3.1273663484408585e-05	CAA	109	424
rna_coding	unlabeled_out_of_neutral_domain_T95	C[A>T]C	42	5	6.0	4.036801586151345e-07	genome_wide	pseudocount	combined_db_spectrum_weight	0.020316350495363452	1.986971817144331e-05	CAC	66	422
rna_coding	unlabeled_out_of_neutral_domain_T95	C[A>T]G	42	3	3.0	8.319566431737958e-07	genome_wide	pseudocount	combined_db_spectrum_weight	0.020316350495363452	4.0950102891937354e-05	CAG	63	200
rna_coding	unlabeled_out_of_neutral_domain_T95	C[A>T]T	30	0	0.0	2.956491269274327e-07	genome_wide	pseudocount	combined_db_spectrum_weight	0.020316350495363452	1.4552275370269136e-05	CAT	55	402
rna_coding	unlabeled_out_of_neutral_domain_T95	C[C>A]A	44	3	6.0	4.3811722385622854e-07	genome_wide	pseudocount	combined_db_spectrum_weight	0.020316350495363452	2.1564760066342356e-05	CCA	80	425
rna_coding	unlabeled_out_of_neutral_domain_T95	C[C>A]C	54	2	3.0	3.836151523688696e-07	genome_wide	pseudocount	combined_db_spectrum_weight	0.020316350495363452	1.888208969698654e-05	CCC	92	568
rna_coding	unlabeled_out_of_neutral_domain_T95	C[C>A]G	22	2	15.0	1.0121127045909924e-06	genome_wide	pseudocount	combined_db_spectrum_weight	0.020316350495363452	4.981764342084836e-05	CCG	32	137
rna_coding	unlabeled_out_of_neutral_domain_T95	C[C>A]T	48	2	10.0	4.2018012281504836e-07	genome_wide	pseudocount	combined_db_spectrum_weight	0.020316350495363452	2.0681870147443107e-05	CCT	80	528
rna_coding	unlabeled_out_of_neutral_domain_T95	C[C>G]A	45	0	0.0	4.194739377346869e-07	genome_wide	pseudocount	combined_db_spectrum_weight	0.020316350495363452	2.0647110701817153e-05	CCA	80	425
rna_coding	unlabeled_out_of_neutral_domain_T95	C[C>G]C	57	0	0.0	3.975647942731921e-07	genome_wide	pseudocount	combined_db_spectrum_weight	0.020316350495363452	1.956871114051332e-05	CCC	92	568
rna_coding	unlabeled_out_of_neutral_domain_T95	C[C>G]G	23	0	0.0	6.651026344455093e-07	genome_wide	pseudocount	combined_db_spectrum_weight	0.020316350495363452	3.2737308533700353e-05	CCG	32	137
rna_coding	unlabeled_out_of_neutral_domain_T95	C[C>G]T	49	0	0.0	3.6765760746316736e-07	genome_wide	pseudocount	combined_db_spectrum_weight	0.020316350495363452	1.809663637901272e-05	CCT	80	528
rna_coding	unlabeled_out_of_neutral_domain_T95	C[C>T]A	38	11	23.0	4.66082153038541e-07	genome_wide	pseudocount	combined_db_spectrum_weight	0.020316350495363452	2.2941234113130167e-05	CCA	80	425
rna_coding	unlabeled_out_of_neutral_domain_T95	C[C>T]C	41	5	5.0	2.859676590386119e-07	genome_wide	pseudocount	combined_db_spectrum_weight	0.020316350495363452	1.4075739592299055e-05	CCC	92	568
rna_coding	unlabeled_out_of_neutral_domain_T95	C[C>T]G	20	3	78.0	2.7471630553184082e-06	genome_wide	pseudocount	combined_db_spectrum_weight	0.020316350495363452	0.00013521931785658842	CCG	32	137
rna_coding	unlabeled_out_of_neutral_domain_T95	C[C>T]T	42	8	17.0	3.8266404042084764e-07	genome_wide	pseudocount	combined_db_spectrum_weight	0.020316350495363452	1.883527459856426e-05	CCT	80	528
rna_coding	unlabeled_out_of_neutral_domain_T95	C[G>A]A	24	20	53.0	1.8359089686762044e-06	genome_wide	pseudocount	combined_db_spectrum_weight	0.020316350495363452	9.036608071391519e-05	CGA	36	123
rna_coding	unlabeled_out_of_neutral_domain_T95	C[G>A]C	14	14	34.0	9.101198799198538e-07	genome_wide	pseudocount	combined_db_spectrum_weight	0.020316350495363452	4.4797409856044724e-05	CGC	20	148
rna_coding	unlabeled_out_of_neutral_domain_T95	C[G>A]G	15	9	24.0	1.414892250295571e-06	genome_wide	pseudocount	combined_db_spectrum_weight	0.020316350495363452	6.964303212914515e-05	CGG	19	84
rna_coding	unlabeled_out_of_neutral_domain_T95	C[G>A]T	13	8	29.0	1.6837217778517295e-06	genome_wide	pseudocount	combined_db_spectrum_weight	0.020316350495363452	8.287520823368273e-05	CGT	21	80
rna_coding	unlabeled_out_of_neutral_domain_T95	C[G>C]A	27	1	1.0	8.696410904255705e-07	genome_wide	pseudocount	combined_db_spectrum_weight	0.020316350495363452	4.2804985601328245e-05	CGA	36	123
rna_coding	unlabeled_out_of_neutral_domain_T95	C[G>C]C	14	1	1.0	3.7475524467288097e-07	genome_wide	pseudocount	combined_db_spectrum_weight	0.020316350495363452	1.8445992293665473e-05	CGC	20	148
rna_coding	unlabeled_out_of_neutral_domain_T95	C[G>C]G	15	1	1.0	7.074461251477855e-07	genome_wide	pseudocount	combined_db_spectrum_weight	0.020316350495363452	3.4821516064572577e-05	CGG	19	84
rna_coding	unlabeled_out_of_neutral_domain_T95	C[G>C]T	12	1	1.0	5.942547451241398e-07	genome_wide	pseudocount	combined_db_spectrum_weight	0.020316350495363452	2.9250073494240966e-05	CGT	21	80
rna_coding	unlabeled_out_of_neutral_domain_T95	C[G>T]A	27	3	3.0	8.696410904255705e-07	genome_wide	pseudocount	combined_db_spectrum_weight	0.020316350495363452	4.2804985601328245e-05	CGA	36	123
rna_coding	unlabeled_out_of_neutral_domain_T95	C[G>T]C	14	1	1.0	3.7475524467288097e-07	genome_wide	pseudocount	combined_db_spectrum_weight	0.020316350495363452	1.8445992293665473e-05	CGC	20	148
rna_coding	unlabeled_out_of_neutral_domain_T95	C[G>T]G	15	1	1.0	7.074461251477855e-07	genome_wide	pseudocount	combined_db_spectrum_weight	0.020316350495363452	3.4821516064572577e-05	CGG	19	84
rna_coding	unlabeled_out_of_neutral_domain_T95	C[G>T]T	13	1	1.0	6.437759738844848e-07	genome_wide	pseudocount	combined_db_spectrum_weight	0.020316350495363452	3.1687579618761045e-05	CGT	21	80
rna_coding	unlabeled_out_of_neutral_domain_T95	C[T>A]A	38	1	1.0	2.9929331099691603e-07	genome_wide	pseudocount	combined_db_spectrum_weight	0.020316350495363452	1.4731647352964304e-05	CTA	76	503
rna_coding	unlabeled_out_of_neutral_domain_T95	C[T>A]C	32	2	2.0	3.1302307562094605e-07	genome_wide	pseudocount	combined_db_spectrum_weight	0.020316350495363452	1.5407446120423223e-05	CTC	53	405
rna_coding	unlabeled_out_of_neutral_domain_T95	C[T>A]G	31	2	3.0	7.08236567745716e-07	genome_wide	pseudocount	combined_db_spectrum_weight	0.020316350495363452	3.486042278643244e-05	CTG	41	179
rna_coding	unlabeled_out_of_neutral_domain_T95	C[T>A]T	53	3	4.0	6.582514099836626e-07	genome_wide	pseudocount	combined_db_spectrum_weight	0.020316350495363452	3.240008140900538e-05	CTT	81	325
rna_coding	unlabeled_out_of_neutral_domain_T95	C[T>C]A	31	16	21.0	2.8354103147076253e-07	genome_wide	pseudocount	combined_db_spectrum_weight	0.020316350495363452	1.3956297492281972e-05	CTA	76	503
rna_coding	unlabeled_out_of_neutral_domain_T95	C[T>C]C	26	18	60.0	6.651740356945104e-07	genome_wide	pseudocount	combined_db_spectrum_weight	0.020316350495363452	3.2740823005899354e-05	CTC	53	405
rna_coding	unlabeled_out_of_neutral_domain_T95	C[T>C]G	27	13	22.0	7.967661387139305e-07	genome_wide	pseudocount	combined_db_spectrum_weight	0.020316350495363452	3.921797563473649e-05	CTG	41	179
rna_coding	unlabeled_out_of_neutral_domain_T95	C[T>C]T	49	24	80.0	1.279933297190455e-06	genome_wide	pseudocount	combined_db_spectrum_weight	0.020316350495363452	6.300015829528823e-05	CTT	81	325
rna_coding	unlabeled_out_of_neutral_domain_T95	C[T>G]A	40	1	1.0	3.1504559052306947e-07	genome_wide	pseudocount	combined_db_spectrum_weight	0.020316350495363452	1.5506997213646633e-05	CTA	76	503
rna_coding	unlabeled_out_of_neutral_domain_T95	C[T>G]C	31	0	0.0	3.032411045077915e-07	genome_wide	pseudocount	combined_db_spectrum_weight	0.020316350495363452	1.4925963429159998e-05	CTC	53	405
rna_coding	unlabeled_out_of_neutral_domain_T95	C[T>G]G	30	1	2.0	6.861041750036623e-07	genome_wide	pseudocount	combined_db_spectrum_weight	0.020316350495363452	3.377103457435642e-05	CTG	41	179
rna_coding	unlabeled_out_of_neutral_domain_T95	C[T>G]T	52	0	0.0	6.338717281324158e-07	genome_wide	pseudocount	combined_db_spectrum_weight	0.020316350495363452	3.120007839385703e-05	CTT	81	325
rna_coding	unlabeled_out_of_neutral_domain_T95	G[A>C]A	49	0	0.0	9.657871479629469e-07	genome_wide	pseudocount	combined_db_spectrum_weight	0.020316350495363452	4.753743287621251e-05	GAA	71	201
rna_coding	unlabeled_out_of_neutral_domain_T95	G[A>C]C	26	1	1.0	6.437759738844848e-07	genome_wide	pseudocount	combined_db_spectrum_weight	0.020316350495363452	3.1687579618761045e-05	GAC	39	160
rna_coding	unlabeled_out_of_neutral_domain_T95	G[A>C]G	36	3	3.0	9.973506211873674e-07	genome_wide	pseudocount	combined_db_spectrum_weight	0.020316350495363452	4.9091032437886925e-05	GAG	54	143
rna_coding	unlabeled_out_of_neutral_domain_T95	G[A>C]T	43	4	6.0	1.3205661002758663e-06	genome_wide	pseudocount	combined_db_spectrum_weight	0.020316350495363452	6.500016332053548e-05	GAT	50	135
rna_coding	unlabeled_out_of_neutral_domain_T95	G[A>G]A	48	17	248456.0	0.004897664306854465	genome_wide	pseudocount	combined_db_spectrum_weight	0.020316350495363452	0.24107008332880445	GAA	71	201
rna_coding	unlabeled_out_of_neutral_domain_T95	G[A>G]C	23	14	43.0	1.2875519477689696e-06	genome_wide	pseudocount	combined_db_spectrum_weight	0.020316350495363452	6.337515923752209e-05	GAC	39	160
rna_coding	unlabeled_out_of_neutral_domain_T95	G[A>G]G	36	16	63.0	2.2994472655153194e-06	genome_wide	pseudocount	combined_db_spectrum_weight	0.020316350495363452	0.0001131821025651282	GAG	54	143
rna_coding	unlabeled_out_of_neutral_domain_T95	G[A>G]T	41	16	24.0	1.437949753633721e-06	genome_wide	pseudocount	combined_db_spectrum_weight	0.020316350495363452	7.077795561569419e-05	GAT	50	135
rna_coding	unlabeled_out_of_neutral_domain_T95	G[A>T]A	48	3	4.0	9.657871479629469e-07	genome_wide	pseudocount	combined_db_spectrum_weight	0.020316350495363452	4.753743287621251e-05	GAA	71	201
rna_coding	unlabeled_out_of_neutral_domain_T95	G[A>T]C	28	2	2.0	6.932972026448298e-07	genome_wide	pseudocount	combined_db_spectrum_weight	0.020316350495363452	3.4125085743281124e-05	GAC	39	160
rna_coding	unlabeled_out_of_neutral_domain_T95	G[A>T]G	34	2	2.0	9.419422533436249e-07	genome_wide	pseudocount	combined_db_spectrum_weight	0.020316350495363452	4.636375285800433e-05	GAG	54	143
rna_coding	unlabeled_out_of_neutral_domain_T95	G[A>T]T	43	0	0.0	1.261874273596939e-06	genome_wide	pseudocount	combined_db_spectrum_weight	0.020316350495363452	6.211126717295612e-05	GAT	50	135
rna_coding	unlabeled_out_of_neutral_domain_T95	G[C>A]A	31	1	5.0	6.864328739057721e-07	genome_wide	pseudocount	combined_db_spectrum_weight	0.020316350495363452	3.3787213607209036e-05	GCA	52	202
rna_coding	unlabeled_out_of_neutral_domain_T95	G[C>A]C	23	2	2.0	3.451479580266469e-07	genome_wide	pseudocount	combined_db_spectrum_weight	0.020316350495363452	1.6988679049685412e-05	GCC	43	264
rna_coding	unlabeled_out_of_neutral_domain_T95	G[C>A]G	15	1	1.0	9.741881067608848e-07	genome_wide	pseudocount	combined_db_spectrum_weight	0.020316350495363452	4.795094015449338e-05	GCG	19	61
rna_coding	unlabeled_out_of_neutral_domain_T95	G[C>A]T	37	1	1.0	7.966458539707672e-07	genome_wide	pseudocount	combined_db_spectrum_weight	0.020316350495363452	3.921205504662738e-05	GCT	55	184
rna_coding	unlabeled_out_of_neutral_domain_T95	G[C>G]A	33	0	0.0	6.472081382540136e-07	genome_wide	pseudocount	combined_db_spectrum_weight	0.020316350495363452	3.185651568679709e-05	GCA	52	202
rna_coding	unlabeled_out_of_neutral_domain_T95	G[C>G]C	23	0	0.0	3.451479580266469e-07	genome_wide	pseudocount	combined_db_spectrum_weight	0.020316350495363452	1.6988679049685412e-05	GCC	43	264
rna_coding	unlabeled_out_of_neutral_domain_T95	G[C>G]G	15	0	0.0	9.741881067608848e-07	genome_wide	pseudocount	combined_db_spectrum_weight	0.020316350495363452	4.795094015449338e-05	GCG	19	61
rna_coding	unlabeled_out_of_neutral_domain_T95	G[C>G]T	40	0	0.0	8.612387610494781e-07	genome_wide	pseudocount	combined_db_spectrum_weight	0.020316350495363452	4.2391410861218794e-05	GCT	55	184
rna_coding	unlabeled_out_of_neutral_domain_T95	G[C>T]A	29	9	17.0	7.256576095575305e-07	genome_wide	pseudocount	combined_db_spectrum_weight	0.020316350495363452	3.571791152762098e-05	GCA	52	202
rna_coding	unlabeled_out_of_neutral_domain_T95	G[C>T]C	22	6	31.0	7.05302349010974e-07	genome_wide	pseudocount	combined_db_spectrum_weight	0.020316350495363452	3.471599631892236e-05	GCC	43	264
rna_coding	unlabeled_out_of_neutral_domain_T95	G[C>T]G	13	2	31.0	2.7277266989304778e-06	genome_wide	pseudocount	combined_db_spectrum_weight	0.020316350495363452	0.00013426263243258147	GCG	19	61
rna_coding	unlabeled_out_of_neutral_domain_T95	G[C>T]T	32	10	1113.0	2.4437649844778937e-05	genome_wide	pseudocount	combined_db_spectrum_weight	0.020316350495363452	0.0012028562831870831	GCT	55	184
rna_coding	unlabeled_out_of_neutral_domain_T95	G[G>A]A	30	23	70.0	2.328631825677291e-06	genome_wide	pseudocount	combined_db_spectrum_weight	0.020316350495363452	0.000114618608603387	GGA	41	131
rna_coding	unlabeled_out_of_neutral_domain_T95	G[G>A]C	22	14	32.0	1.0029615951462274e-06	genome_wide	pseudocount	combined_db_spectrum_weight	0.020316350495363452	4.936721264850795e-05	GGC	35	158
rna_coding	unlabeled_out_of_neutral_domain_T95	G[G>A]G	19	8	13.0	7.428184314051748e-07	genome_wide	pseudocount	combined_db_spectrum_weight	0.020316350495363452	3.656259186780121e-05	GGG	38	128
rna_coding	unlabeled_out_of_neutral_domain_T95	G[G>A]T	35	21	42.0	1.8184844659536519e-06	genome_wide	pseudocount	combined_db_spectrum_weight	0.020316350495363452	8.950842162172099e-05	GGT	53	122
rna_coding	unlabeled_out_of_neutral_domain_T95	G[G>C]A	31	2	2.0	9.37501124623325e-07	genome_wide	pseudocount	combined_db_spectrum_weight	0.020316350495363452	4.614515411305191e-05	GGA	41	131
rna_coding	unlabeled_out_of_neutral_domain_T95	G[G>C]C	23	2	2.0	5.767029172090808e-07	genome_wide	pseudocount	combined_db_spectrum_weight	0.020316350495363452	2.8386147272892075e-05	GGC	35	158
rna_coding	unlabeled_out_of_neutral_domain_T95	G[G>C]G	27	0	0.0	8.356707353308216e-07	genome_wide	pseudocount	combined_db_spectrum_weight	0.020316350495363452	4.1132915851276353e-05	GGG	38	128
rna_coding	unlabeled_out_of_neutral_domain_T95	G[G>C]T	33	1	1.0	1.0716069174369733e-06	genome_wide	pseudocount	combined_db_spectrum_weight	0.020316350495363452	5.274603416994272e-05	GGT	53	122
rna_coding	unlabeled_out_of_neutral_domain_T95	G[G>T]A	30	0	0.0	9.072591528612822e-07	genome_wide	pseudocount	combined_db_spectrum_weight	0.020316350495363452	4.465660075456636e-05	GGA	41	131
rna_coding	unlabeled_out_of_neutral_domain_T95	G[G>T]C	21	1	2.0	5.516288773304251e-07	genome_wide	pseudocount	combined_db_spectrum_weight	0.020316350495363452	2.7151966956679374e-05	GGC	35	158
rna_coding	unlabeled_out_of_neutral_domain_T95	G[G>T]G	27	2	3.0	8.666215033060372e-07	genome_wide	pseudocount	combined_db_spectrum_weight	0.020316350495363452	4.2656357179101406e-05	GGG	38	128
rna_coding	unlabeled_out_of_neutral_domain_T95	G[G>T]T	32	1	1.0	1.0391339805449439e-06	genome_wide	pseudocount	combined_db_spectrum_weight	0.020316350495363452	5.114766949812627e-05	GGT	53	122
rna_coding	unlabeled_out_of_neutral_domain_T95	G[T>A]A	43	0	0.0	1.0200780056023157e-06	genome_wide	pseudocount	combined_db_spectrum_weight	0.020316350495363452	5.020970699610225e-05	GTA	59	167
rna_coding	unlabeled_out_of_neutral_domain_T95	G[T>A]C	25	1	1.0	8.612387610494781e-07	genome_wide	pseudocount	combined_db_spectrum_weight	0.020316350495363452	4.2391410861218794e-05	GTC	35	115
rna_coding	unlabeled_out_of_neutral_domain_T95	G[T>A]G	24	1	1.0	1.0928822898834754e-06	genome_wide	pseudocount	combined_db_spectrum_weight	0.020316350495363452	5.3793238610098326e-05	GTG	38	87
rna_coding	unlabeled_out_of_neutral_domain_T95	G[T>A]T	49	2	2.0	1.4169577864273894e-06	genome_wide	pseudocount	combined_db_spectrum_weight	0.020316350495363452	6.974470078918771e-05	GTT	64	137
rna_coding	unlabeled_out_of_neutral_domain_T95	G[T>C]A	38	15	33.0	1.3284736817146438e-06	genome_wide	pseudocount	combined_db_spectrum_weight	0.020316350495363452	6.538938585538897e-05	GTA	59	167
rna_coding	unlabeled_out_of_neutral_domain_T95	G[T>C]C	19	11	23.0	1.0679360637013528e-06	genome_wide	pseudocount	combined_db_spectrum_weight	0.020316350495363452	5.2565349467911304e-05	GTC	35	115
rna_coding	unlabeled_out_of_neutral_domain_T95	G[T>C]G	21	12	16.0	1.1384190519619537e-06	genome_wide	pseudocount	combined_db_spectrum_weight	0.020316350495363452	5.6034623552185756e-05	GTG	38	87
rna_coding	unlabeled_out_of_neutral_domain_T95	G[T>C]T	44	19	46.0	2.0531429150274416e-06	genome_wide	pseudocount	combined_db_spectrum_weight	0.020316350495363452	0.00010105864808229237	GTT	64	137
rna_coding	unlabeled_out_of_neutral_domain_T95	G[T>G]A	44	2	2.0	1.0438007499186487e-06	genome_wide	pseudocount	combined_db_spectrum_weight	0.020316350495363452	5.1377374600662765e-05	GTA	59	167
rna_coding	unlabeled_out_of_neutral_domain_T95	G[T>G]C	25	0	0.0	8.612387610494781e-07	genome_wide	pseudocount	combined_db_spectrum_weight	0.020316350495363452	4.2391410861218794e-05	GTC	35	115
rna_coding	unlabeled_out_of_neutral_domain_T95	G[T>G]G	22	2	2.0	1.0018087657265192e-06	genome_wide	pseudocount	combined_db_spectrum_weight	0.020316350495363452	4.9310468725923466e-05	GTG	38	87
rna_coding	unlabeled_out_of_neutral_domain_T95	G[T>G]T	50	2	3.0	1.4747927981183032e-06	genome_wide	pseudocount	combined_db_spectrum_weight	0.020316350495363452	7.259142327037904e-05	GTT	64	137
rna_coding	unlabeled_out_of_neutral_domain_T95	T[A>C]A	102	2	2.0	1.0052070315532712e-06	genome_wide	pseudocount	combined_db_spectrum_weight	0.020316350495363452	4.947773625891506e-05	TAA	137	402
rna_coding	unlabeled_out_of_neutral_domain_T95	T[A>C]C	42	2	2.0	4.5711903471087674e-07	genome_wide	pseudocount	combined_db_spectrum_weight	0.020316350495363452	2.250005653403151e-05	TAC	60	364
rna_coding	unlabeled_out_of_neutral_domain_T95	T[A>C]G	55	3	3.0	7.837892321781221e-07	genome_wide	pseudocount	combined_db_spectrum_weight	0.020316350495363452	3.8579233625497675e-05	TAG	85	278
rna_coding	unlabeled_out_of_neutral_domain_T95	T[A>C]T	35	2	4.0	4.441904155473368e-07	genome_wide	pseudocount	combined_db_spectrum_weight	0.020316350495363452	2.1863691298725567e-05	TAT	57	330
rna_coding	unlabeled_out_of_neutral_domain_T95	T[A>G]A	73	28	409297.0	0.004034053497157639	genome_wide	pseudocount	combined_db_spectrum_weight	0.020316350495363452	0.19856191682055696	TAA	137	402
rna_coding	unlabeled_out_of_neutral_domain_T95	T[A>G]C	31	12	36.0	5.986082597404339e-07	genome_wide	pseudocount	combined_db_spectrum_weight	0.020316350495363452	2.946435974694603e-05	TAC	60	364
rna_coding	unlabeled_out_of_neutral_domain_T95	T[A>G]G	49	17	28.0	8.550427987397695e-07	genome_wide	pseudocount	combined_db_spectrum_weight	0.020316350495363452	4.20864366823611e-05	TAG	85	278
rna_coding	unlabeled_out_of_neutral_domain_T95	T[A>G]T	26	5	8.0	3.481492446181829e-07	genome_wide	pseudocount	combined_db_spectrum_weight	0.020316350495363452	1.7136406693595718e-05	TAT	57	330
rna_coding	unlabeled_out_of_neutral_domain_T95	T[A>T]A	100	6	14.0	1.0643368569387577e-06	genome_wide	pseudocount	combined_db_spectrum_weight	0.020316350495363452	5.2388191332968885e-05	TAA	137	402
rna_coding	unlabeled_out_of_neutral_domain_T95	T[A>T]C	39	2	2.0	4.244676750886713e-07	genome_wide	pseudocount	combined_db_spectrum_weight	0.020316350495363452	2.0892909638743547e-05	TAC	60	364
rna_coding	unlabeled_out_of_neutral_domain_T95	T[A>T]G	53	0	0.0	7.552878055534631e-07	genome_wide	pseudocount	combined_db_spectrum_weight	0.020316350495363452	3.717635240275231e-05	TAG	85	278
rna_coding	unlabeled_out_of_neutral_domain_T95	T[A>T]T	34	3	5.0	4.321852691811926e-07	genome_wide	pseudocount	combined_db_spectrum_weight	0.020316350495363452	2.127278072308434e-05	TAT	57	330
rna_coding	unlabeled_out_of_neutral_domain_T95	T[C>A]A	42	6	8.0	4.4242316049851355e-07	genome_wide	pseudocount	combined_db_spectrum_weight	0.020316350495363452	2.177670446271747e-05	TCA	74	394
rna_coding	unlabeled_out_of_neutral_domain_T95	T[C>A]C	29	3	15.0	4.6014059584683154e-07	genome_wide	pseudocount	combined_db_spectrum_weight	0.020316350495363452	2.2648782120186582e-05	TCC	44	353
rna_coding	unlabeled_out_of_neutral_domain_T95	T[C>A]G	14	2	3.0	4.952122876034499e-07	genome_wide	pseudocount	combined_db_spectrum_weight	0.020316350495363452	2.437506124520081e-05	TCG	18	120
rna_coding	unlabeled_out_of_neutral_domain_T95	T[C>A]T	29	4	9.0	4.3591502339203353e-07	genome_wide	pseudocount	combined_db_spectrum_weight	0.020316350495363452	2.1456364591244723e-05	TCT	48	309
rna_coding	unlabeled_out_of_neutral_domain_T95	T[C>G]A	43	1	1.0	4.3236808866900187e-07	genome_wide	pseudocount	combined_db_spectrum_weight	0.020316350495363452	2.128177936129207e-05	TCA	74	394
rna_coding	unlabeled_out_of_neutral_domain_T95	T[C>G]C	28	0	0.0	3.142423581392996e-07	genome_wide	pseudocount	combined_db_spectrum_weight	0.020316350495363452	1.5467460960127422e-05	TCC	44	353
rna_coding	unlabeled_out_of_neutral_domain_T95	T[C>G]G	15	0	0.0	4.952122876034499e-07	genome_wide	pseudocount	combined_db_spectrum_weight	0.020316350495363452	2.437506124520081e-05	TCG	18	120
rna_coding	unlabeled_out_of_neutral_domain_T95	T[C>G]T	28	0	0.0	3.5898884279343937e-07	genome_wide	pseudocount	combined_db_spectrum_weight	0.020316350495363452	1.766994731043683e-05	TCT	48	309
rna_coding	unlabeled_out_of_neutral_domain_T95	T[C>T]A	34	12	54.0	7.641854590428871e-07	genome_wide	pseudocount	combined_db_spectrum_weight	0.020316350495363452	3.761430770833017e-05	TCA	74	394
rna_coding	unlabeled_out_of_neutral_domain_T95	T[C>T]C	24	3	6.0	3.0301941677718176e-07	genome_wide	pseudocount	combined_db_spectrum_weight	0.020316350495363452	1.4915051640122871e-05	TCC	44	353
rna_coding	unlabeled_out_of_neutral_domain_T95	T[C>T]G	14	3	7.0	5.942547451241399e-07	genome_wide	pseudocount	combined_db_spectrum_weight	0.020316350495363452	2.925007349424097e-05	TCG	18	120
rna_coding	unlabeled_out_of_neutral_domain_T95	T[C>T]T	24	4	6.0	3.33346782593908e-07	genome_wide	pseudocount	combined_db_spectrum_weight	0.020316350495363452	1.6407808216834198e-05	TCT	48	309
rna_coding	unlabeled_out_of_neutral_domain_T95	T[G>A]A	32	13	22.0	7.69808674568396e-07	genome_wide	pseudocount	combined_db_spectrum_weight	0.020316350495363452	3.789109046647329e-05	TGA	54	211
rna_coding	unlabeled_out_of_neutral_domain_T95	T[G>A]C	25	9	15.0	9.59473807231684e-07	genome_wide	pseudocount	combined_db_spectrum_weight	0.020316350495363452	4.722668116257656e-05	TGC	33	128
rna_coding	unlabeled_out_of_neutral_domain_T95	T[G>A]G	34	16	38.0	1.596079890980903e-06	genome_wide	pseudocount	combined_db_spectrum_weight	0.020316350495363452	7.856134847374072e-05	TGG	48	139
rna_coding	unlabeled_out_of_neutral_domain_T95	T[G>A]T	35	13	43.0	2.0935804028763733e-06	genome_wide	pseudocount	combined_db_spectrum_weight	0.020316350495363452	0.00010304903941060502	TGT	45	123
rna_coding	unlabeled_out_of_neutral_domain_T95	T[G>C]A	36	1	5.0	7.510328532374595e-07	genome_wide	pseudocount	combined_db_spectrum_weight	0.020316350495363452	3.6966917528266626e-05	TGA	54	211
rna_coding	unlabeled_out_of_neutral_domain_T95	T[G>C]C	24	0	0.0	7.428184314051748e-07	genome_wide	pseudocount	combined_db_spectrum_weight	0.020316350495363452	3.656259186780121e-05	TGC	33	128
rna_coding	unlabeled_out_of_neutral_domain_T95	T[G>C]G	40	1	1.0	1.1400570649863593e-06	genome_wide	pseudocount	combined_db_spectrum_weight	0.020316350495363452	5.61152489098148e-05	TGG	48	139
rna_coding	unlabeled_out_of_neutral_domain_T95	T[G>C]T	37	3	7.0	1.3205661002758663e-06	genome_wide	pseudocount	combined_db_spectrum_weight	0.020316350495363452	6.500016332053548e-05	TGT	45	123
rna_coding	unlabeled_out_of_neutral_domain_T95	T[G>T]A	35	1	1.0	6.57153746582777e-07	genome_wide	pseudocount	combined_db_spectrum_weight	0.020316350495363452	3.23460528372333e-05	TGA	54	211
rna_coding	unlabeled_out_of_neutral_domain_T95	T[G>T]C	25	0	0.0	7.737691993803903e-07	genome_wide	pseudocount	combined_db_spectrum_weight	0.020316350495363452	3.8086033195626255e-05	TGC	33	128
rna_coding	unlabeled_out_of_neutral_domain_T95	T[G>T]G	40	1	1.0	1.1400570649863593e-06	genome_wide	pseudocount	combined_db_spectrum_weight	0.020316350495363452	5.61152489098148e-05	TGG	48	139
rna_coding	unlabeled_out_of_neutral_domain_T95	T[G>T]T	36	1	1.0	1.1595214539007607e-06	genome_wide	pseudocount	combined_db_spectrum_weight	0.020316350495363452	5.707331413510433e-05	TGT	45	123
rna_coding	unlabeled_out_of_neutral_domain_T95	T[T>A]A	72	4	5724.0	6.729078169616848e-05	genome_wide	pseudocount	combined_db_spectrum_weight	0.020316350495363452	0.0033121490846264646	TTA	112	341
rna_coding	unlabeled_out_of_neutral_domain_T95	T[T>A]C	40	1	1.0	5.145062728347531e-07	genome_wide	pseudocount	combined_db_spectrum_weight	0.020316350495363452	2.5324738956052785e-05	TTC	54	308
rna_coding	unlabeled_out_of_neutral_domain_T95	T[T>A]G	41	2	2.0	1.034583632700201e-06	genome_wide	pseudocount	combined_db_spectrum_weight	0.020316350495363452	5.092369483073799e-05	TTG	55	157
rna_coding	unlabeled_out_of_neutral_domain_T95	T[T>A]T	51	1	1.0	7.089354854112545e-07	genome_wide	pseudocount	combined_db_spectrum_weight	0.020316350495363452	3.489482451944536e-05	TTT	87	285
rna_coding	unlabeled_out_of_neutral_domain_T95	T[T>C]A	60	21	44.0	9.642843371515857e-07	genome_wide	pseudocount	combined_db_spectrum_weight	0.020316350495363452	4.746346236602151e-05	TTA	112	341
rna_coding	unlabeled_out_of_neutral_domain_T95	T[T>C]C	35	13	22.0	5.659569001182284e-07	genome_wide	pseudocount	combined_db_spectrum_weight	0.020316350495363452	2.7857212851658063e-05	TTC	54	308
rna_coding	unlabeled_out_of_neutral_domain_T95	T[T>C]G	37	18	43.0	1.564492322619816e-06	genome_wide	pseudocount	combined_db_spectrum_weight	0.020316350495363452	7.700656291477451e-05	TTG	55	157
rna_coding	unlabeled_out_of_neutral_domain_T95	T[T>C]T	47	17	37.0	9.313466180892952e-07	genome_wide	pseudocount	combined_db_spectrum_weight	0.020316350495363452	4.5842220447114494e-05	TTT	87	285
rna_coding	unlabeled_out_of_neutral_domain_T95	T[T>G]A	73	1	2.0	8.597233849303294e-07	genome_wide	pseudocount	combined_db_spectrum_weight	0.020316350495363452	4.231682186850111e-05	TTA	112	341
rna_coding	unlabeled_out_of_neutral_domain_T95	T[T>G]C	41	2	3.0	5.402315864764908e-07	genome_wide	pseudocount	combined_db_spectrum_weight	0.020316350495363452	2.6590975903855426e-05	TTC	54	308
rna_coding	unlabeled_out_of_neutral_domain_T95	T[T>G]G	43	1	1.0	1.0850511269782597e-06	genome_wide	pseudocount	combined_db_spectrum_weight	0.020316350495363452	5.340777750540814e-05	TTG	55	157
rna_coding	unlabeled_out_of_neutral_domain_T95	T[T>G]T	55	1	1.0	7.645382685807647e-07	genome_wide	pseudocount	combined_db_spectrum_weight	0.020316350495363452	3.7631673501362644e-05	TTT	87	285
control_region	expanded_neutral_like_T95	A[A>C]A	27	7	1782.0	1.4569347628757823e-05	genome_wide	pseudocount	combined_db_spectrum_weight	0.029412470357179817	0.0004953459349667081	AAA	30	490
control_region	expanded_neutral_like_T95	A[A>C]C	29	11	8502.0	7.305989074253494e-05	genome_wide	pseudocount	combined_db_spectrum_weight	0.029412470357179817	0.0024839766893194827	AAC	32	462
control_region	expanded_neutral_like_T95	A[A>C]G	12	4	198.0	4.040147772131115e-06	genome_wide	pseudocount	combined_db_spectrum_weight	0.029412470357179817	0.00013736172865006844	AAG	13	202
control_region	expanded_neutral_like_T95	A[A>C]T	17	3	12.0	2.829784500591142e-07	genome_wide	pseudocount	combined_db_spectrum_weight	0.029412470357179817	9.621036472716306e-06	AAT	21	364
control_region	expanded_neutral_like_T95	A[A>G]A	26	20	7100.0	5.74527104605733e-05	genome_wide	pseudocount	combined_db_spectrum_weight	0.029412470357179817	0.001953345290717773	AAA	30	490
control_region	expanded_neutral_like_T95	A[A>G]C	30	24	19116.0	0.0001639731491524358	genome_wide	pseudocount	combined_db_spectrum_weight	0.029412470357179817	0.00557495331609943	AAC	32	462
control_region	expanded_neutral_like_T95	A[A>G]G	12	8	5949.0	0.00011675242566745889	genome_wide	pseudocount	combined_db_spectrum_weight	0.029412470357179817	0.003969487236183774	AAG	13	202
control_region	expanded_neutral_like_T95	A[A>G]T	19	14	14325.0	0.00015596466112873487	genome_wide	pseudocount	combined_db_spectrum_weight	0.029412470357179817	0.005302671255924026	AAT	21	364
control_region	expanded_neutral_like_T95	A[A>T]A	25	9	128.0	1.164254194528927e-06	genome_wide	pseudocount	combined_db_spectrum_weight	0.029412470357179817	3.958369291631852e-05	AAA	30	490
control_region	expanded_neutral_like_T95	A[A>T]C	28	9	66.0	7.288838865159001e-07	genome_wide	pseudocount	combined_db_spectrum_weight	0.029412470357179817	2.4781457581238967e-05	AAC	32	462
control_region	expanded_neutral_like_T95	A[A>T]G	12	4	808.0	1.600369214591743e-05	genome_wide	pseudocount	combined_db_spectrum_weight	0.029412470357179817	0.0005441124785361934	AAG	13	202
control_region	expanded_neutral_like_T95	A[A>T]T	18	6	132.0	1.5672652618658632e-06	genome_wide	pseudocount	combined_db_spectrum_weight	0.029412470357179817	5.328574046427492e-05	AAT	21	364
control_region	expanded_neutral_like_T95	A[C>A]A	43	6	598.0	5.919243343589472e-06	genome_wide	pseudocount	combined_db_spectrum_weight	0.029412470357179817	0.00020124944527634815	ACA	45	425
control_region	expanded_neutral_like_T95	A[C>A]C	37	16	3429.0	2.8896108113858807e-05	genome_wide	pseudocount	combined_db_spectrum_weight	0.029412470357179817	0.0009824441049306502	ACC	41	473
control_region	expanded_neutral_like_T95	A[C>A]G	5	0	0.0	1.6930334618921364e-07	genome_wide	pseudocount	combined_db_spectrum_weight	0.029412470357179817	5.756175667437106e-06	ACG	7	117
control_region	expanded_neutral_like_T95	A[C>A]T	21	8	160.0	1.7528741842536435e-06	genome_wide	pseudocount	combined_db_spectrum_weight	0.029412470357179817	5.959629242178745e-05	ACT	21	391
control_region	expanded_neutral_like_T95	A[C>G]A	41	10	647.0	6.320073995202616e-06	genome_wide	pseudocount	combined_db_spectrum_weight	0.029412470357179817	0.0002148773604682898	ACA	45	425
control_region	expanded_neutral_like_T95	A[C>G]C	39	12	887.0	7.655374729294768e-06	genome_wide	pseudocount	combined_db_spectrum_weight	0.029412470357179817	0.0002602764962048157	ACC	41	473
control_region	expanded_neutral_like_T95	A[C>G]G	6	2	3.0	2.370246846648991e-07	genome_wide	pseudocount	combined_db_spectrum_weight	0.029412470357179817	8.058645934411949e-06	ACG	7	117
control_region	expanded_neutral_like_T95	A[C>G]T	21	5	102.0	1.19560204475104e-06	genome_wide	pseudocount	combined_db_spectrum_weight	0.029412470357179817	4.0649494253011094e-05	ACT	21	391
control_region	expanded_neutral_like_T95	A[C>T]A	41	31	22695.0	0.0002116479056948015	genome_wide	pseudocount	combined_db_spectrum_weight	0.029412470357179817	0.007195856149605487	ACA	45	425
control_region	expanded_neutral_like_T95	A[C>T]C	37	30	76554.0	0.0006412507053058389	genome_wide	pseudocount	combined_db_spectrum_weight	0.029412470357179817	0.021802000903650875	ACC	41	473
control_region	expanded_neutral_like_T95	A[C>T]G	5	4	47.0	1.625312123416451e-06	genome_wide	pseudocount	combined_db_spectrum_weight	0.029412470357179817	5.525928640739622e-05	ACG	7	117
control_region	expanded_neutral_like_T95	A[C>T]T	21	17	32841.0	0.0003327927894902365	genome_wide	pseudocount	combined_db_spectrum_weight	0.029412470357179817	0.011314683379153808	ACT	21	391
control_region	expanded_neutral_like_T95	A[G>A]A	7	6	788.0	1.7760113405414633e-05	genome_wide	pseudocount	combined_db_spectrum_weight	0.029412470357179817	0.0006038293686228654	AGA	9	176
control_region	expanded_neutral_like_T95	A[G>A]C	18	15	22332.0	0.0003194387420540954	genome_wide	pseudocount	combined_db_spectrum_weight	0.029412470357179817	0.0108606566593995	AGC	18	277
control_region	expanded_neutral_like_T95	A[G>A]G	5	4	11909.0	0.0002509778019300888	genome_wide	pseudocount	combined_db_spectrum_weight	0.029412470357179817	0.008533040539684662	AGG	6	188
control_region	expanded_neutral_like_T95	A[G>A]T	10	6	2345.0	5.113202916837379e-05	genome_wide	pseudocount	combined_db_spectrum_weight	0.029412470357179817	0.0017384472826469694	AGT	11	182
control_region	expanded_neutral_like_T95	A[G>C]A	7	0	0.0	1.5756754605564312e-07	genome_wide	pseudocount	combined_db_spectrum_weight	0.029412470357179817	5.3571680359443065e-06	AGA	9	176
control_region	expanded_neutral_like_T95	A[G>C]C	18	5	7.0	2.860431986157111e-07	genome_wide	pseudocount	combined_db_spectrum_weight	0.029412470357179817	9.725235423684353e-06	AGC	18	277
control_region	expanded_neutral_like_T95	A[G>C]G	4	0	0.0	8.429145320909785e-08	genome_wide	pseudocount	combined_db_spectrum_weight	0.029412470357179817	2.8658406514474103e-06	AGG	6	188
control_region	expanded_neutral_like_T95	A[G>C]T	11	3	64.0	1.5672652618658632e-06	genome_wide	pseudocount	combined_db_spectrum_weight	0.029412470357179817	5.328574046427492e-05	AGT	11	182
control_region	expanded_neutral_like_T95	A[G>T]A	8	2	14.0	4.50192988730409e-07	genome_wide	pseudocount	combined_db_spectrum_weight	0.029412470357179817	1.5306194388412304e-05	AGA	9	176
control_region	expanded_neutral_like_T95	A[G>T]C	17	3	11.0	3.575539982696389e-07	genome_wide	pseudocount	combined_db_spectrum_weight	0.029412470357179817	1.215654427960544e-05	AGC	18	277
control_region	expanded_neutral_like_T95	A[G>T]G	5	3	46.0	1.0114974385091742e-06	genome_wide	pseudocount	combined_db_spectrum_weight	0.029412470357179817	3.4390087817368924e-05	AGG	6	188
control_region	expanded_neutral_like_T95	A[G>T]T	11	1	9.0	4.1358388854793613e-07	genome_wide	pseudocount	combined_db_spectrum_weight	0.029412470357179817	1.4061514844739215e-05	AGT	11	182
control_region	expanded_neutral_like_T95	A[T>A]A	22	1	1.0	2.4143313744655726e-07	genome_wide	pseudocount	combined_db_spectrum_weight	0.029412470357179817	8.208529732954632e-06	ATA	24	361
control_region	expanded_neutral_like_T95	A[T>A]C	19	4	9.0	2.7165931205674965e-07	genome_wide	pseudocount	combined_db_spectrum_weight	0.029412470357179817	9.236195013807655e-06	ATC	24	350
control_region	expanded_neutral_like_T95	A[T>A]G	11	2	30.0	8.778763280242973e-07	genome_wide	pseudocount	combined_db_spectrum_weight	0.029412470357179817	2.984707905740399e-05	ATG	13	176
control_region	expanded_neutral_like_T95	A[T>A]T	22	6	78.0	1.088887837069574e-06	genome_wide	pseudocount	combined_db_spectrum_weight	0.029412470357179817	3.702129824004286e-05	ATT	23	342
control_region	expanded_neutral_like_T95	A[T>C]A	22	17	42333.0	0.00046462709878237915	genome_wide	pseudocount	combined_db_spectrum_weight	0.029412470357179817	0.015796942356083327	ATA	24	361
control_region	expanded_neutral_like_T95	A[T>C]C	22	19	24514.0	0.0002775113064039721	genome_wide	pseudocount	combined_db_spectrum_weight	0.029412470357179817	0.009435158048063426	ATC	24	350
control_region	expanded_neutral_like_T95	A[T>C]G	11	7	6905.0	0.0001555191679569198	genome_wide	pseudocount	combined_db_spectrum_weight	0.029412470357179817	0.005287524851477031	ATG	13	176
control_region	expanded_neutral_like_T95	A[T>C]T	22	17	5074.0	5.883469494123794e-05	genome_wide	pseudocount	combined_db_spectrum_weight	0.029412470357179817	0.0020003316357572096	ATT	23	342
control_region	expanded_neutral_like_T95	A[T>G]A	20	3	39.0	6.145570771366912e-07	genome_wide	pseudocount	combined_db_spectrum_weight	0.029412470357179817	2.0894439320248152e-05	ATA	24	361
control_region	expanded_neutral_like_T95	A[T>G]C	19	6	20.0	3.7353155407803075e-07	genome_wide	pseudocount	combined_db_spectrum_weight	0.029412470357179817	1.2699768143985524e-05	ATC	24	350
control_region	expanded_neutral_like_T95	A[T>G]G	11	2	26.0	7.878377302782157e-07	genome_wide	pseudocount	combined_db_spectrum_weight	0.029412470357179817	2.6785840179721533e-05	ATG	13	176
control_region	expanded_neutral_like_T95	A[T>G]T	22	1	107.0	1.4827408845202708e-06	genome_wide	pseudocount	combined_db_spectrum_weight	0.029412470357179817	5.041198058218602e-05	ATT	23	342
control_region	expanded_neutral_like_T95	C[A>C]A	28	12	259.0	2.5694977186971455e-06	genome_wide	pseudocount	combined_db_spectrum_weight	0.029412470357179817	8.736082646216456e-05	CAA	32	424
control_region	expanded_neutral_like_T95	C[A>C]C	38	18	3041.0	2.8736394546998294e-05	genome_wide	pseudocount	combined_db_spectrum_weight	0.029412470357179817	0.0009770139739378781	CAC	45	422
control_region	expanded_neutral_like_T95	C[A>C]G	18	6	481.0	9.765586311540031e-06	genome_wide	pseudocount	combined_db_spectrum_weight	0.029412470357179817	0.0003320219686734397	CAG	18	200
control_region	expanded_neutral_like_T95	C[A>C]T	29	8	64.0	8.376725262943928e-07	genome_wide	pseudocount	combined_db_spectrum_weight	0.029412470357179817	2.8480182593364187e-05	CAT	34	402
control_region	expanded_neutral_like_T95	C[A>G]A	31	22	6428.0	6.014493387364919e-05	genome_wide	pseudocount	combined_db_spectrum_weight	0.029412470357179817	0.0020448786906798306	CAA	32	424
control_region	expanded_neutral_like_T95	C[A>G]C	39	32	264431.0	0.0024825203205550914	genome_wide	pseudocount	combined_db_spectrum_weight	0.029412470357179817	0.08440366587395773	CAC	45	422
control_region	expanded_neutral_like_T95	C[A>G]G	16	11	2208.0	4.383619169865738e-05	genome_wide	pseudocount	combined_db_spectrum_weight	0.029412470357179817	0.0014903947599884829	CAG	18	200
control_region	expanded_neutral_like_T95	C[A>G]T	30	15	593.0	5.991822305729304e-06	genome_wide	pseudocount	combined_db_spectrum_weight	0.029412470357179817	0.0002037170707854756	CAT	34	402
control_region	expanded_neutral_like_T95	C[A>T]A	27	11	292.0	2.877837444940803e-06	genome_wide	pseudocount	combined_db_spectrum_weight	0.029412470357179817	9.784412563762432e-05	CAA	32	424
control_region	expanded_neutral_like_T95	C[A>T]C	42	17	1433.0	1.36875737502527e-05	genome_wide	pseudocount	combined_db_spectrum_weight	0.029412470357179817	0.00046536634237223987	CAC	45	422
control_region	expanded_neutral_like_T95	C[A>T]G	15	1	3.0	3.367443555703459e-07	genome_wide	pseudocount	combined_db_spectrum_weight	0.029412470357179817	1.1449033402532403e-05	CAG	18	200
control_region	expanded_neutral_like_T95	C[A>T]T	30	4	8.0	3.350690105177571e-07	genome_wide	pseudocount	combined_db_spectrum_weight	0.029412470357179817	1.1392073037345674e-05	CAT	34	402
control_region	expanded_neutral_like_T95	C[C>A]A	39	14	363.0	3.6167975075790785e-06	genome_wide	pseudocount	combined_db_spectrum_weight	0.029412470357179817	0.0001229681649877529	CCA	43	425
control_region	expanded_neutral_like_T95	C[C>A]C	56	17	197.0	1.6460577447100586e-06	genome_wide	pseudocount	combined_db_spectrum_weight	0.029412470357179817	5.596462060889907e-05	CCC	63	568
control_region	expanded_neutral_like_T95	C[C>A]G	8	2	78.0	2.429070491018382e-06	genome_wide	pseudocount	combined_db_spectrum_weight	0.029412470357179817	8.2586415269448e-05	CCG	11	137
control_region	expanded_neutral_like_T95	C[C>A]T	20	8	98.0	8.253538126724164e-07	genome_wide	pseudocount	combined_db_spectrum_weight	0.029412470357179817	2.806135637875589e-05	CCT	25	528
control_region	expanded_neutral_like_T95	C[C>G]A	39	8	54.0	7.923396601655198e-07	genome_wide	pseudocount	combined_db_spectrum_weight	0.029412470357179817	2.6938902123605657e-05	CCA	43	425
control_region	expanded_neutral_like_T95	C[C>G]C	58	7	52.0	7.184065580726104e-07	genome_wide	pseudocount	combined_db_spectrum_weight	0.029412470357179817	2.442523696066358e-05	CCC	63	568
control_region	expanded_neutral_like_T95	C[C>G]G	8	1	1.0	2.313400467636554e-07	genome_wide	pseudocount	combined_db_spectrum_weight	0.029412470357179817	7.865372882804571e-06	CCG	11	137
control_region	expanded_neutral_like_T95	C[C>G]T	23	4	273.0	2.1909392118213235e-06	genome_wide	pseudocount	combined_db_spectrum_weight	0.029412470357179817	7.449014602360655e-05	CCT	25	528
control_region	expanded_neutral_like_T95	C[C>T]A	41	33	17143.0	0.00015987550013528035	genome_wide	pseudocount	combined_db_spectrum_weight	0.029412470357179817	0.005435636592023067	CCA	43	425
control_region	expanded_neutral_like_T95	C[C>T]C	61	43	61900.0	0.00043186696371592124	genome_wide	pseudocount	combined_db_spectrum_weight	0.029412470357179817	0.014683124486702597	CCC	63	568
control_region	expanded_neutral_like_T95	C[C>T]G	9	7	407.0	1.1827259890791883e-05	genome_wide	pseudocount	combined_db_spectrum_weight	0.029412470357179817	0.0004021171886333837	CCG	11	137
control_region	expanded_neutral_like_T95	C[C>T]T	23	20	80885.0	0.000606920174540422	genome_wide	pseudocount	combined_db_spectrum_weight	0.029412470357179817	0.02063479086149824	CCT	25	528
control_region	expanded_neutral_like_T95	C[G>A]A	6	5	176.0	5.70098048167874e-06	genome_wide	pseudocount	combined_db_spectrum_weight	0.029412470357179817	0.000193828686011309	CGA	6	123
control_region	expanded_neutral_like_T95	C[G>A]C	10	9	12819.0	0.0003431687311933096	genome_wide	pseudocount	combined_db_spectrum_weight	0.029412470357179817	0.011667456933264342	CGC	10	148
control_region	expanded_neutral_like_T95	C[G>A]G	5	4	21049.0	0.0009927827289573923	genome_wide	pseudocount	combined_db_spectrum_weight	0.029412470357179817	0.03375380295844637	CGG	5	84
control_region	expanded_neutral_like_T95	C[G>A]T	6	4	136.0	6.833929568927608e-06	genome_wide	pseudocount	combined_db_spectrum_weight	0.029412470357179817	0.00023234803081609878	CGT	7	80
control_region	expanded_neutral_like_T95	C[G>C]A	4	0	0.0	1.2883571710008452e-07	genome_wide	pseudocount	combined_db_spectrum_weight	0.029412470357179817	4.380309288391164e-06	CGA	6	123
control_region	expanded_neutral_like_T95	C[G>C]C	9	4	36.0	1.0974975022562943e-06	genome_wide	pseudocount	combined_db_spectrum_weight	0.029412470357179817	3.73140198333727e-05	CGC	10	148
control_region	expanded_neutral_like_T95	C[G>C]G	5	1	2730.0	0.00012894384707693636	genome_wide	pseudocount	combined_db_spectrum_weight	0.029412470357179817	0.0043839856194010625	CGG	5	84
control_region	expanded_neutral_like_T95	C[G>C]T	6	1	48.0	2.6246251242982843e-06	genome_wide	pseudocount	combined_db_spectrum_weight	0.029412470357179817	8.923511328444374e-05	CGT	7	80
control_region	expanded_neutral_like_T95	C[G>T]A	5	1	27.0	9.98476807525655e-07	genome_wide	pseudocount	combined_db_spectrum_weight	0.029412470357179817	3.3947396985031516e-05	CGA	6	123
control_region	expanded_neutral_like_T95	C[G>T]C	9	4	10.0	4.015234764352296e-07	genome_wide	pseudocount	combined_db_spectrum_weight	0.029412470357179817	1.3651470670746108e-05	CGC	10	148
control_region	expanded_neutral_like_T95	C[G>T]G	4	0	0.0	1.8865230003940947e-07	genome_wide	pseudocount	combined_db_spectrum_weight	0.029412470357179817	6.414024315144204e-06	CGG	5	84
control_region	expanded_neutral_like_T95	C[G>T]T	6	1	31.0	1.7827642353724193e-06	genome_wide	pseudocount	combined_db_spectrum_weight	0.029412470357179817	6.061252977811272e-05	CGT	7	80
control_region	expanded_neutral_like_T95	C[T>A]A	18	5	29.0	3.3079787004922296e-07	genome_wide	pseudocount	combined_db_spectrum_weight	0.029412470357179817	1.1246857745441724e-05	CTA	21	503
control_region	expanded_neutral_like_T95	C[T>A]C	21	8	130.0	1.3988218691811027e-06	genome_wide	pseudocount	combined_db_spectrum_weight	0.029412470357179817	4.7558802514513686e-05	CTC	21	405
control_region	expanded_neutral_like_T95	C[T>A]G	12	1	2.0	2.8772110564669713e-07	genome_wide	pseudocount	combined_db_spectrum_weight	0.029412470357179817	9.782282894046747e-06	CTG	13	179
control_region	expanded_neutral_like_T95	C[T>A]T	15	3	367.0	4.619949710811262e-06	genome_wide	pseudocount	combined_db_spectrum_weight	0.029412470357179817	0.00015707452161302376	CTT	17	325
control_region	expanded_neutral_like_T95	C[T>C]A	19	17	84033.0	0.0006618714049901536	genome_wide	pseudocount	combined_db_spectrum_weight	0.029412470357179817	0.022503087872337985	CTA	21	503
control_region	expanded_neutral_like_T95	C[T>C]C	20	20	79056.0	0.0007733235083215473	genome_wide	pseudocount	combined_db_spectrum_weight	0.029412470357179817	0.026292368472639122	CTC	21	405
control_region	expanded_neutral_like_T95	C[T>C]G	12	11	2366.0	5.2387373620440926e-05	genome_wide	pseudocount	combined_db_spectrum_weight	0.029412470357179817	0.0017811279700160499	CTG	13	179
control_region	expanded_neutral_like_T95	C[T>C]T	15	11	66181.0	0.0008067846216623835	genome_wide	pseudocount	combined_db_spectrum_weight	0.029412470357179817	0.02743001903155139	CTT	17	325
control_region	expanded_neutral_like_T95	C[T>G]A	18	0	0.0	1.4177051573538127e-07	genome_wide	pseudocount	combined_db_spectrum_weight	0.029412470357179817	4.820081890903596e-06	CTA	21	503
control_region	expanded_neutral_like_T95	C[T>G]C	21	4	59.0	7.434298045997469e-07	genome_wide	pseudocount	combined_db_spectrum_weight	0.029412470357179817	2.5276006930790492e-05	CTC	21	405
control_region	expanded_neutral_like_T95	C[T>G]G	12	1	15.0	5.754422112933943e-07	genome_wide	pseudocount	combined_db_spectrum_weight	0.029412470357179817	1.9564565788093494e-05	CTG	13	179
control_region	expanded_neutral_like_T95	C[T>G]T	15	1	2.0	1.950374548099741e-07	genome_wide	pseudocount	combined_db_spectrum_weight	0.029412470357179817	6.631114368887546e-06	CTT	17	325
control_region	expanded_neutral_like_T95	G[A>C]A	7	1	4.0	1.970994179516218e-07	genome_wide	pseudocount	combined_db_spectrum_weight	0.029412470357179817	6.7012194337327495e-06	GAA	8	201
control_region	expanded_neutral_like_T95	G[A>C]C	8	3	831.0	2.06998736218242e-05	genome_wide	pseudocount	combined_db_spectrum_weight	0.029412470357179817	0.0007037788179791977	GAC	10	160
control_region	expanded_neutral_like_T95	G[A>C]G	5	0	0.0	1.3852091960935658e-07	genome_wide	pseudocount	combined_db_spectrum_weight	0.029412470357179817	4.7095982733576315e-06	GAG	5	143
control_region	expanded_neutral_like_T95	G[A>C]T	7	0	0.0	2.0542139337624586e-07	genome_wide	pseudocount	combined_db_spectrum_weight	0.029412470357179817	6.984159809823688e-06	GAT	9	135
control_region	expanded_neutral_like_T95	G[A>G]A	7	6	4723.0	9.310976504034616e-05	genome_wide	pseudocount	combined_db_spectrum_weight	0.029412470357179817	0.003165656060495351	GAA	8	201
control_region	expanded_neutral_like_T95	G[A>G]C	8	5	10247.0	0.00025379629739676805	genome_wide	pseudocount	combined_db_spectrum_weight	0.029412470357179817	0.008628867086467438	GAC	10	160
control_region	expanded_neutral_like_T95	G[A>G]G	5	3	6038.0	0.00016733327088810278	genome_wide	pseudocount	combined_db_spectrum_weight	0.029412470357179817	0.0056891947142160195	GAG	5	143
control_region	expanded_neutral_like_T95	G[A>G]T	7	5	150.0	4.460578827598482e-06	genome_wide	pseudocount	combined_db_spectrum_weight	0.029412470357179817	0.00015165604158474296	GAT	9	135
control_region	expanded_neutral_like_T95	G[A>T]A	7	1	4.0	1.970994179516218e-07	genome_wide	pseudocount	combined_db_spectrum_weight	0.029412470357179817	6.7012194337327495e-06	GAA	8	201
control_region	expanded_neutral_like_T95	G[A>T]C	9	4	66.0	1.758003620992247e-06	genome_wide	pseudocount	combined_db_spectrum_weight	0.029412470357179817	5.977068908675005e-05	GAC	10	160
control_region	expanded_neutral_like_T95	G[A>T]G	5	0	0.0	1.3852091960935658e-07	genome_wide	pseudocount	combined_db_spectrum_weight	0.029412470357179817	4.7095982733576315e-06	GAG	5	143
control_region	expanded_neutral_like_T95	G[A>T]T	7	1	9.0	4.4018870009195545e-07	genome_wide	pseudocount	combined_db_spectrum_weight	0.029412470357179817	1.4966056735336476e-05	GAT	9	135
control_region	expanded_neutral_like_T95	G[C>A]A	15	2	70.0	1.6278265295479737e-06	genome_wide	pseudocount	combined_db_spectrum_weight	0.029412470357179817	5.53447741648334e-05	GCA	16	202
control_region	expanded_neutral_like_T95	G[C>A]C	14	4	474.0	7.263113551517264e-06	genome_wide	pseudocount	combined_db_spectrum_weight	0.029412470357179817	0.00024693993613305183	GCC	14	264
control_region	expanded_neutral_like_T95	G[C>A]G	4	2	2653.0	0.00017243129489667665	genome_wide	pseudocount	combined_db_spectrum_weight	0.029412470357179817	0.005862523371981395	GCG	4	61
control_region	expanded_neutral_like_T95	G[C>A]T	11	1	8.0	3.875574424722651e-07	genome_wide	pseudocount	combined_db_spectrum_weight	0.029412470357179817	1.3176636908285376e-05	GCT	11	184
control_region	expanded_neutral_like_T95	G[C>G]A	15	2	4.0	3.3341025303994643e-07	genome_wide	pseudocount	combined_db_spectrum_weight	0.029412470357179817	1.1335676636170697e-05	GCA	16	202
control_region	expanded_neutral_like_T95	G[C>G]C	14	3	70.0	1.2155210695721042e-06	genome_wide	pseudocount	combined_db_spectrum_weight	0.029412470357179817	4.132672484871322e-05	GCC	14	264
control_region	expanded_neutral_like_T95	G[C>G]G	4	0	0.0	2.5978349513623597e-07	genome_wide	pseudocount	combined_db_spectrum_weight	0.029412470357179817	8.832426925772345e-06	GCG	4	61
control_region	expanded_neutral_like_T95	G[C>G]T	11	0	0.0	2.3684065928860647e-07	genome_wide	pseudocount	combined_db_spectrum_weight	0.029412470357179817	8.052389221729952e-06	GCT	11	184
control_region	expanded_neutral_like_T95	G[C>T]A	16	10	2417.0	4.752076724210531e-05	genome_wide	pseudocount	combined_db_spectrum_weight	0.029412470357179817	0.0016156673229083295	GCA	16	202
control_region	expanded_neutral_like_T95	G[C>T]C	13	10	32178.0	0.0004829220190111097	genome_wide	pseudocount	combined_db_spectrum_weight	0.029412470357179817	0.01641895472044988	GCC	14	264
control_region	expanded_neutral_like_T95	G[C>T]G	4	2	175.0	1.1495419659778444e-05	genome_wide	pseudocount	combined_db_spectrum_weight	0.029412470357179817	0.0003908348914654264	GCG	4	61
control_region	expanded_neutral_like_T95	G[C>T]T	10	8	372.0	8.05258241581262e-06	genome_wide	pseudocount	combined_db_spectrum_weight	0.029412470357179817	0.00027378123353881834	GCT	11	184
control_region	expanded_neutral_like_T95	G[G>A]A	7	4	3007.0	9.102833500374864e-05	genome_wide	pseudocount	combined_db_spectrum_weight	0.029412470357179817	0.0030948891371012604	GGA	8	131
control_region	expanded_neutral_like_T95	G[G>A]C	4	3	13781.0	0.00034557041760763273	genome_wide	pseudocount	combined_db_spectrum_weight	0.029412470357179817	0.011749112312263709	GGC	4	158
control_region	expanded_neutral_like_T95	G[G>A]G	13	12	12865.0	0.0003982125807691241	genome_wide	pseudocount	combined_db_spectrum_weight	0.029412470357179817	0.013538902918840249	GGG	15	128
control_region	expanded_neutral_like_T95	G[G>A]T	10	7	6010.0	0.00019525976953177338	genome_wide	pseudocount	combined_db_spectrum_weight	0.029412470357179817	0.00663867288808364	GGT	10	122
control_region	expanded_neutral_like_T95	G[G>C]A	7	1	4.0	3.024197176204274e-07	genome_wide	pseudocount	combined_db_spectrum_weight	0.029412470357179817	1.0282023711299868e-05	GGA	8	131
control_region	expanded_neutral_like_T95	G[G>C]C	2	1	109.0	2.7581443866521258e-06	genome_wide	pseudocount	combined_db_spectrum_weight	0.029412470357179817	9.377465929103234e-05	GGC	4	158
control_region	expanded_neutral_like_T95	G[G>C]G	14	3	4.0	4.642615196282342e-07	genome_wide	pseudocount	combined_db_spectrum_weight	0.029412470357179817	1.5784512963050187e-05	GGG	15	128
control_region	expanded_neutral_like_T95	G[G>C]T	8	3	97.0	3.312239562987009e-06	genome_wide	pseudocount	combined_db_spectrum_weight	0.029412470357179817	0.00011261344330359742	GGT	10	122
control_region	expanded_neutral_like_T95	G[G>T]A	7	0	0.0	2.116938023342992e-07	genome_wide	pseudocount	combined_db_spectrum_weight	0.029412470357179817	7.197416597909909e-06	GGA	8	131
control_region	expanded_neutral_like_T95	G[G>T]C	3	1	2273.0	5.704344072394169e-05	genome_wide	pseudocount	combined_db_spectrum_weight	0.029412470357179817	0.001939430453519078	GGC	4	158
control_region	expanded_neutral_like_T95	G[G>T]G	13	2	11.0	6.809168954547435e-07	genome_wide	pseudocount	combined_db_spectrum_weight	0.029412470357179817	2.315061901247361e-05	GGG	15	128
control_region	expanded_neutral_like_T95	G[G>T]T	8	4	163.0	5.422980460968926e-06	genome_wide	pseudocount	combined_db_spectrum_weight	0.029412470357179817	0.00018437691207549774	GGT	10	122
control_region	expanded_neutral_like_T95	G[T>A]A	19	8	157.0	3.985421045143931e-06	genome_wide	pseudocount	combined_db_spectrum_weight	0.029412470357179817	0.00013550106457382483	GTA	19	167
control_region	expanded_neutral_like_T95	G[T>A]C	8	3	63.0	2.3425694300545804e-06	genome_wide	pseudocount	combined_db_spectrum_weight	0.029412470357179817	7.964544975674716e-05	GTC	10	115
control_region	expanded_neutral_like_T95	G[T>A]G	4	2	9.0	5.009043828632596e-07	genome_wide	pseudocount	combined_db_spectrum_weight	0.029412470357179817	1.7030340422969092e-05	GTG	5	87
control_region	expanded_neutral_like_T95	G[T>A]T	2	1	1.0	5.783501169091385e-08	genome_wide	pseudocount	combined_db_spectrum_weight	0.029412470357179817	1.9663432207011427e-06	GTT	5	137
control_region	expanded_neutral_like_T95	G[T>C]A	19	16	124524.0	0.0029541221814799903	genome_wide	pseudocount	combined_db_spectrum_weight	0.029412470357179817	0.10043774445348028	GTA	19	167
control_region	expanded_neutral_like_T95	G[T>C]C	9	9	33765.0	0.001163189070673425	genome_wide	pseudocount	combined_db_spectrum_weight	0.029412470357179817	0.03954747957406717	GTC	10	115
control_region	expanded_neutral_like_T95	G[T>C]G	5	5	15684.0	0.0007141985764388513	genome_wide	pseudocount	combined_db_spectrum_weight	0.029412470357179817	0.02428216901762248	GTG	5	87
control_region	expanded_neutral_like_T95	G[T>C]T	4	3	41.0	1.214535245509191e-06	genome_wide	pseudocount	combined_db_spectrum_weight	0.029412470357179817	4.1293207634724e-05	GTT	5	137
control_region	expanded_neutral_like_T95	G[T>G]A	19	9	508.0	1.2288381555860456e-05	genome_wide	pseudocount	combined_db_spectrum_weight	0.029412470357179817	0.00041779494910262666	GTA	19	167
control_region	expanded_neutral_like_T95	G[T>G]C	8	2	12.0	6.200919079556242e-07	genome_wide	pseudocount	combined_db_spectrum_weight	0.029412470357179817	2.1082619053256603e-05	GTC	10	115
control_region	expanded_neutral_like_T95	G[T>G]G	5	4	29.0	1.3661028623543445e-06	genome_wide	pseudocount	combined_db_spectrum_weight	0.029412470357179817	4.644638297173389e-05	GTG	5	87
control_region	expanded_neutral_like_T95	G[T>G]T	2	0	0.0	5.783501169091385e-08	genome_wide	pseudocount	combined_db_spectrum_weight	0.029412470357179817	1.9663432207011427e-06	GTT	5	137
control_region	expanded_neutral_like_T95	T[A>C]A	23	4	15.0	3.350690105177571e-07	genome_wide	pseudocount	combined_db_spectrum_weight	0.029412470357179817	1.1392073037345674e-05	TAA	26	402
control_region	expanded_neutral_like_T95	T[A>C]C	27	11	349.0	3.972582087368334e-06	genome_wide	pseudocount	combined_db_spectrum_weight	0.029412470357179817	0.0001350645504823635	TAC	27	364
control_region	expanded_neutral_like_T95	T[A>C]G	9	2	2.0	1.2825641981096543e-07	genome_wide	pseudocount	combined_db_spectrum_weight	0.029412470357179817	4.360613653101635e-06	TAG	9	278
control_region	expanded_neutral_like_T95	T[A>C]T	16	3	30.0	5.162212937442023e-07	genome_wide	pseudocount	combined_db_spectrum_weight	0.029412470357179817	1.7551102898712776e-05	TAT	20	330
control_region	expanded_neutral_like_T95	T[A>G]A	23	19	17433.0	0.0001718411275411215	genome_wide	pseudocount	combined_db_spectrum_weight	0.029412470357179817	0.005842458163299898	TAA	26	402
control_region	expanded_neutral_like_T95	T[A>G]C	26	21	12905.0	0.00014050968424089092	genome_wide	pseudocount	combined_db_spectrum_weight	0.029412470357179817	0.004777214648567981	TAC	27	364
control_region	expanded_neutral_like_T95	T[A>G]G	9	7	6736.0	9.60213062984761e-05	genome_wide	pseudocount	combined_db_spectrum_weight	0.029412470357179817	0.003264646088288757	TAG	9	278
control_region	expanded_neutral_like_T95	T[A>G]T	16	10	173468.0	0.002082580760720506	genome_wide	pseudocount	combined_db_spectrum_weight	0.029412470357179817	0.07080604707561164	TAT	20	330
control_region	expanded_neutral_like_T95	T[A>T]A	23	6	34.0	5.026035157766356e-07	genome_wide	pseudocount	combined_db_spectrum_weight	0.029412470357179817	1.7088109556018513e-05	TAA	26	402
control_region	expanded_neutral_like_T95	T[A>T]C	27	8	136.0	1.68698691381395e-06	genome_wide	pseudocount	combined_db_spectrum_weight	0.029412470357179817	5.735617897196259e-05	TAC	27	364
control_region	expanded_neutral_like_T95	T[A>T]G	9	3	27.0	4.702735393068732e-07	genome_wide	pseudocount	combined_db_spectrum_weight	0.029412470357179817	1.598891672803933e-05	TAG	9	278
control_region	expanded_neutral_like_T95	T[A>T]T	16	2	14.0	3.361440982520387e-07	genome_wide	pseudocount	combined_db_spectrum_weight	0.029412470357179817	1.1428625143347854e-05	TAT	20	330
control_region	expanded_neutral_like_T95	T[C>A]A	20	13	333.0	3.4187244220339684e-06	genome_wide	pseudocount	combined_db_spectrum_weight	0.029412470357179817	0.00011623384165007516	TCA	25	394
control_region	expanded_neutral_like_T95	T[C>A]C	22	8	273.0	3.220984170927821e-06	genome_wide	pseudocount	combined_db_spectrum_weight	0.029412470357179817	0.00010951083441182468	TCC	24	353
control_region	expanded_neutral_like_T95	T[C>A]G	6	2	22.0	8.583679651793131e-07	genome_wide	pseudocount	combined_db_spectrum_weight	0.029412470357179817	2.918381063390613e-05	TCG	6	120
control_region	expanded_neutral_like_T95	T[C>A]T	12	1	6.0	2.1795751169601676e-07	genome_wide	pseudocount	combined_db_spectrum_weight	0.029412470357179817	7.41037760681709e-06	TCT	15	309
control_region	expanded_neutral_like_T95	T[C>G]A	19	9	540.0	5.53028950623142e-06	genome_wide	pseudocount	combined_db_spectrum_weight	0.029412470357179817	0.00018802533208100395	TCA	25	394
control_region	expanded_neutral_like_T95	T[C>G]C	22	2	4.0	2.6935059269082826e-07	genome_wide	pseudocount	combined_db_spectrum_weight	0.029412470357179817	9.157700438619487e-06	TCC	24	353
control_region	expanded_neutral_like_T95	T[C>G]G	6	0	0.0	1.9808491504137997e-07	genome_wide	pseudocount	combined_db_spectrum_weight	0.029412470357179817	6.734725530901415e-06	TCG	6	120
control_region	expanded_neutral_like_T95	T[C>G]T	12	0	0.0	1.538523611971883e-07	genome_wide	pseudocount	combined_db_spectrum_weight	0.029412470357179817	5.230854781282651e-06	TCT	15	309
control_region	expanded_neutral_like_T95	T[C>T]A	19	17	28992.0	0.0002915367526248614	genome_wide	pseudocount	combined_db_spectrum_weight	0.029412470357179817	0.009912011778830233	TCA	25	394
control_region	expanded_neutral_like_T95	T[C>T]C	20	15	57774.0	0.0006484503289618069	genome_wide	pseudocount	combined_db_spectrum_weight	0.029412470357179817	0.022046782235124802	TCC	24	353
control_region	expanded_neutral_like_T95	T[C>T]G	6	4	3144.0	0.00010386252378669688	genome_wide	pseudocount	combined_db_spectrum_weight	0.029412470357179817	0.0035312410867026412	TCG	6	120
control_region	expanded_neutral_like_T95	T[C>T]T	12	7	8881.0	0.00011392767346651794	genome_wide	pseudocount	combined_db_spectrum_weight	0.029412470357179817	0.0038734479655398034	TCT	15	309
control_region	expanded_neutral_like_T95	T[G>A]A	8	6	15325.0	0.00028777701353926353	genome_wide	pseudocount	combined_db_spectrum_weight	0.029412470357179817	0.00978418371678919	TGA	9	211
control_region	expanded_neutral_like_T95	T[G>A]C	13	11	5031.0	0.0001557752152192602	genome_wide	pseudocount	combined_db_spectrum_weight	0.029412470357179817	0.00529623024953544	TGC	13	128
control_region	expanded_neutral_like_T95	T[G>A]G	9	5	253.0	7.324866642537358e-06	genome_wide	pseudocount	combined_db_spectrum_weight	0.029412470357179817	0.0002490394908549156	TGG	11	139
control_region	expanded_neutral_like_T95	T[G>A]T	10	7	14763.0	0.00047559704967496197	genome_wide	pseudocount	combined_db_spectrum_weight	0.029412470357179817	0.01616991173809598	TGT	10	123
control_region	expanded_neutral_like_T95	T[G>C]A	8	0	0.0	1.502065706474919e-07	genome_wide	pseudocount	combined_db_spectrum_weight	0.029412470357179817	5.106900876512921e-06	TGA	9	211
control_region	expanded_neutral_like_T95	T[G>C]C	12	3	37.0	1.4237353268599183e-06	genome_wide	pseudocount	combined_db_spectrum_weight	0.029412470357179817	4.840583975335391e-05	TGC	13	128
control_region	expanded_neutral_like_T95	T[G>C]G	7	1	2.0	2.2801141299727187e-07	genome_wide	pseudocount	combined_db_spectrum_weight	0.029412470357179817	7.752202049958461e-06	TGG	11	139
control_region	expanded_neutral_like_T95	T[G>C]T	9	2	75.0	2.6411322005517326e-06	genome_wide	pseudocount	combined_db_spectrum_weight	0.029412470357179817	8.979634041201885e-05	TGT	10	123
control_region	expanded_neutral_like_T95	T[G>T]A	8	2	8.0	2.628614986331108e-07	genome_wide	pseudocount	combined_db_spectrum_weight	0.029412470357179817	8.93707653389761e-06	TGA	9	211
control_region	expanded_neutral_like_T95	T[G>T]C	13	1	1.0	4.0235998367780297e-07	genome_wide	pseudocount	combined_db_spectrum_weight	0.029412470357179817	1.3679911234643496e-05	TGC	13	128
control_region	expanded_neutral_like_T95	T[G>T]G	7	2	133.0	3.93319687420294e-06	genome_wide	pseudocount	combined_db_spectrum_weight	0.029412470357179817	0.00013372548536178346	TGG	11	139
control_region	expanded_neutral_like_T95	T[G>T]T	9	1	17.0	8.052232318755282e-07	genome_wide	pseudocount	combined_db_spectrum_weight	0.029412470357179817	2.7376933052444772e-05	TGT	10	123
control_region	expanded_neutral_like_T95	T[T>A]A	16	3	16.0	3.36918623824048e-07	genome_wide	pseudocount	combined_db_spectrum_weight	0.029412470357179817	1.1454958381005336e-05	TTA	18	341
control_region	expanded_neutral_like_T95	T[T>A]C	10	4	18.0	3.0870376370085184e-07	genome_wide	pseudocount	combined_db_spectrum_weight	0.029412470357179817	1.0495676152054152e-05	TTC	15	308
control_region	expanded_neutral_like_T95	T[T>A]G	12	2	706.0	1.8067362951544973e-05	genome_wide	pseudocount	combined_db_spectrum_weight	0.029412470357179817	0.0006142756025637468	TTG	12	157
control_region	expanded_neutral_like_T95	T[T>A]T	19	5	99.0	1.570778624538662e-06	genome_wide	pseudocount	combined_db_spectrum_weight	0.029412470357179817	5.3405191929253314e-05	TTT	20	285
control_region	expanded_neutral_like_T95	T[T>C]A	17	14	25467.0	0.00029590749478615523	genome_wide	pseudocount	combined_db_spectrum_weight	0.029412470357179817	0.010060613447041584	TTA	18	341
control_region	expanded_neutral_like_T95	T[T>C]C	12	11	6543.0	8.41732262357656e-05	genome_wide	pseudocount	combined_db_spectrum_weight	0.029412470357179817	0.002861821030793432	TTC	15	308
control_region	expanded_neutral_like_T95	T[T>C]G	12	9	5406.0	0.00013648933827500943	genome_wide	pseudocount	combined_db_spectrum_weight	0.029412470357179817	0.004640526165177802	TTG	12	157
control_region	expanded_neutral_like_T95	T[T>C]T	18	13	17111.0	0.00023792430918233396	genome_wide	pseudocount	combined_db_spectrum_weight	0.029412470357179817	0.008089232434169024	TTT	20	285
control_region	expanded_neutral_like_T95	T[T>G]A	16	2	3.0	1.9750402086237296e-07	genome_wide	pseudocount	combined_db_spectrum_weight	0.029412470357179817	6.714975602658302e-06	TTA	18	341
control_region	expanded_neutral_like_T95	T[T>G]C	10	0	0.0	1.2862656820868827e-07	genome_wide	pseudocount	combined_db_spectrum_weight	0.029412470357179817	4.3731983966892295e-06	TTC	15	308
control_region	expanded_neutral_like_T95	T[T>G]G	12	3	34.0	1.0850511269782595e-06	genome_wide	pseudocount	combined_db_spectrum_weight	0.029412470357179817	3.689085322659373e-05	TTG	12	157
control_region	expanded_neutral_like_T95	T[T>G]T	19	3	48.0	8.896445307121625e-07	genome_wide	pseudocount	combined_db_spectrum_weight	0.029412470357179817	3.024718834931161e-05	TTT	20	285
control_region	unlabeled_out_of_neutral_domain_T95	A[A>C]A	3	0	0.0	2.425529571935265e-08	genome_wide	pseudocount	combined_db_spectrum_weight	0.029412470357179817	8.246602690899692e-07	AAA	30	490
control_region	unlabeled_out_of_neutral_domain_T95	A[A>C]C	3	2	3356.0	2.8786625965104436e-05	genome_wide	pseudocount	combined_db_spectrum_weight	0.029412470357179817	0.0009787218011790496	AAC	32	462
control_region	unlabeled_out_of_neutral_domain_T95	A[A>C]G	1	0	0.0	1.96123678258792e-08	genome_wide	pseudocount	combined_db_spectrum_weight	0.029412470357179817	6.66804508010041e-07	AAG	13	202
control_region	unlabeled_out_of_neutral_domain_T95	A[A>C]T	4	2	2.0	4.3535146162940644e-08	genome_wide	pseudocount	combined_db_spectrum_weight	0.029412470357179817	1.48015945734097e-06	AAT	21	364
control_region	unlabeled_out_of_neutral_domain_T95	A[A>G]A	4	2	3.0	4.0425492865587744e-08	genome_wide	pseudocount	combined_db_spectrum_weight	0.029412470357179817	1.374433781816615e-06	AAA	30	490
control_region	unlabeled_out_of_neutral_domain_T95	A[A>G]C	2	1	3.0	3.4300418188983536e-08	genome_wide	pseudocount	combined_db_spectrum_weight	0.029412470357179817	1.1661862391171278e-06	AAC	32	462
control_region	unlabeled_out_of_neutral_domain_T95	A[A>G]G	1	1	2.0	3.92247356517584e-08	genome_wide	pseudocount	combined_db_spectrum_weight	0.029412470357179817	1.333609016020082e-06	AAG	13	202
control_region	unlabeled_out_of_neutral_domain_T95	A[A>G]T	2	1	1.0	2.1767573081470322e-08	genome_wide	pseudocount	combined_db_spectrum_weight	0.029412470357179817	7.40079728670485e-07	AAT	21	364
control_region	unlabeled_out_of_neutral_domain_T95	A[A>T]A	5	2	2.0	4.0425492865587744e-08	genome_wide	pseudocount	combined_db_spectrum_weight	0.029412470357179817	1.374433781816615e-06	AAA	30	490
control_region	unlabeled_out_of_neutral_domain_T95	A[A>T]C	4	3	4.0	4.2875522736229424e-08	genome_wide	pseudocount	combined_db_spectrum_weight	0.029412470357179817	1.4577327988964099e-06	AAC	32	462
control_region	unlabeled_out_of_neutral_domain_T95	A[A>T]G	1	0	0.0	1.96123678258792e-08	genome_wide	pseudocount	combined_db_spectrum_weight	0.029412470357179817	6.66804508010041e-07	AAG	13	202
control_region	unlabeled_out_of_neutral_domain_T95	A[A>T]T	3	1	2.0	4.3535146162940644e-08	genome_wide	pseudocount	combined_db_spectrum_weight	0.029412470357179817	1.48015945734097e-06	AAT	21	364
control_region	unlabeled_out_of_neutral_domain_T95	A[C>A]A	2	0	0.0	1.864328612154164e-08	genome_wide	pseudocount	combined_db_spectrum_weight	0.029412470357179817	6.338565205554272e-07	ACA	45	425
control_region	unlabeled_out_of_neutral_domain_T95	A[C>A]C	4	2	2.0	3.350273404505369e-08	genome_wide	pseudocount	combined_db_spectrum_weight	0.029412470357179817	1.1390656289051018e-06	ACC	41	473
control_region	unlabeled_out_of_neutral_domain_T95	A[C>A]G	2	0	0.0	6.772133847568545e-08	genome_wide	pseudocount	combined_db_spectrum_weight	0.029412470357179817	2.3024702669748425e-06	ACG	7	117
control_region	unlabeled_out_of_neutral_domain_T95	A[C>A]T	0	0	0.0	0.0	genome_wide	pseudocount	combined_db_spectrum_weight	0.029412470357179817	0.0	ACT	21	391
control_region	unlabeled_out_of_neutral_domain_T95	A[C>G]A	4	2	2.0	3.728657224308328e-08	genome_wide	pseudocount	combined_db_spectrum_weight	0.029412470357179817	1.2677130411108543e-06	ACA	45	425
control_region	unlabeled_out_of_neutral_domain_T95	A[C>G]C	2	0	0.0	1.6751367022526845e-08	genome_wide	pseudocount	combined_db_spectrum_weight	0.029412470357179817	5.695328144525509e-07	ACC	41	473
control_region	unlabeled_out_of_neutral_domain_T95	A[C>G]G	1	0	0.0	3.386066923784273e-08	genome_wide	pseudocount	combined_db_spectrum_weight	0.029412470357179817	1.1512351334874212e-06	ACG	7	117
control_region	unlabeled_out_of_neutral_domain_T95	A[C>G]T	0	0	0.0	0.0	genome_wide	pseudocount	combined_db_spectrum_weight	0.029412470357179817	0.0	ACT	21	391
control_region	unlabeled_out_of_neutral_domain_T95	A[C>T]A	4	3	3.0	3.728657224308328e-08	genome_wide	pseudocount	combined_db_spectrum_weight	0.029412470357179817	1.2677130411108543e-06	ACA	45	425
control_region	unlabeled_out_of_neutral_domain_T95	A[C>T]C	4	3	3.0	3.350273404505369e-08	genome_wide	pseudocount	combined_db_spectrum_weight	0.029412470357179817	1.1390656289051018e-06	ACC	41	473
control_region	unlabeled_out_of_neutral_domain_T95	A[C>T]G	2	0	0.0	6.772133847568545e-08	genome_wide	pseudocount	combined_db_spectrum_weight	0.029412470357179817	2.3024702669748425e-06	ACG	7	117
control_region	unlabeled_out_of_neutral_domain_T95	A[C>T]T	0	0	0.0	0.0	genome_wide	pseudocount	combined_db_spectrum_weight	0.029412470357179817	0.0	ACT	21	391
control_region	unlabeled_out_of_neutral_domain_T95	A[G>A]A	2	2	55.0	1.2380307190086247e-06	genome_wide	pseudocount	combined_db_spectrum_weight	0.029412470357179817	4.209203456813384e-05	AGA	9	176
control_region	unlabeled_out_of_neutral_domain_T95	A[G>A]C	0	0	0.0	0.0	genome_wide	pseudocount	combined_db_spectrum_weight	0.029412470357179817	0.0	AGC	18	277
control_region	unlabeled_out_of_neutral_domain_T95	A[G>A]G	1	0	0.0	2.1072863302274463e-08	genome_wide	pseudocount	combined_db_spectrum_weight	0.029412470357179817	7.164601628618526e-07	AGG	6	188
control_region	unlabeled_out_of_neutral_domain_T95	A[G>A]T	1	1	1.0	2.1767573081470322e-08	genome_wide	pseudocount	combined_db_spectrum_weight	0.029412470357179817	7.40079728670485e-07	AGT	11	182
control_region	unlabeled_out_of_neutral_domain_T95	A[G>C]A	2	1	1.0	4.501929887304089e-08	genome_wide	pseudocount	combined_db_spectrum_weight	0.029412470357179817	1.5306194388412304e-06	AGA	9	176
control_region	unlabeled_out_of_neutral_domain_T95	A[G>C]C	0	0	0.0	0.0	genome_wide	pseudocount	combined_db_spectrum_weight	0.029412470357179817	0.0	AGC	18	277
control_region	unlabeled_out_of_neutral_domain_T95	A[G>C]G	2	0	0.0	4.2145726604548925e-08	genome_wide	pseudocount	combined_db_spectrum_weight	0.029412470357179817	1.4329203257237052e-06	AGG	6	188
control_region	unlabeled_out_of_neutral_domain_T95	A[G>C]T	0	0	0.0	0.0	genome_wide	pseudocount	combined_db_spectrum_weight	0.029412470357179817	0.0	AGT	11	182
control_region	unlabeled_out_of_neutral_domain_T95	A[G>T]A	1	0	0.0	2.2509649436520446e-08	genome_wide	pseudocount	combined_db_spectrum_weight	0.029412470357179817	7.653097194206152e-07	AGA	9	176
control_region	unlabeled_out_of_neutral_domain_T95	A[G>T]C	1	1	1.0	1.4302159930785556e-08	genome_wide	pseudocount	combined_db_spectrum_weight	0.029412470357179817	4.862617711842176e-07	AGC	18	277
control_region	unlabeled_out_of_neutral_domain_T95	A[G>T]G	1	0	0.0	2.1072863302274463e-08	genome_wide	pseudocount	combined_db_spectrum_weight	0.029412470357179817	7.164601628618526e-07	AGG	6	188
control_region	unlabeled_out_of_neutral_domain_T95	A[G>T]T	0	0	0.0	0.0	genome_wide	pseudocount	combined_db_spectrum_weight	0.029412470357179817	0.0	AGT	11	182
control_region	unlabeled_out_of_neutral_domain_T95	A[T>A]A	2	0	0.0	2.1948467040596114e-08	genome_wide	pseudocount	combined_db_spectrum_weight	0.029412470357179817	7.462299757231483e-07	ATA	24	361
control_region	unlabeled_out_of_neutral_domain_T95	A[T>A]C	5	0	0.0	5.659569001182284e-08	genome_wide	pseudocount	combined_db_spectrum_weight	0.029412470357179817	1.9242072945432612e-06	ATC	24	350
control_region	unlabeled_out_of_neutral_domain_T95	A[T>A]G	2	0	0.0	4.501929887304089e-08	genome_wide	pseudocount	combined_db_spectrum_weight	0.029412470357179817	1.5306194388412304e-06	ATG	13	176
control_region	unlabeled_out_of_neutral_domain_T95	A[T>A]T	1	0	0.0	1.1583913160314616e-08	genome_wide	pseudocount	combined_db_spectrum_weight	0.029412470357179817	3.938435982983283e-07	ATT	23	342
control_region	unlabeled_out_of_neutral_domain_T95	A[T>C]A	2	2	2.0	2.1948467040596114e-08	genome_wide	pseudocount	combined_db_spectrum_weight	0.029412470357179817	7.462299757231483e-07	ATA	24	361
control_region	unlabeled_out_of_neutral_domain_T95	A[T>C]C	2	1	1.0	2.2638276004729136e-08	genome_wide	pseudocount	combined_db_spectrum_weight	0.029412470357179817	7.696829178173045e-07	ATC	24	350
control_region	unlabeled_out_of_neutral_domain_T95	A[T>C]G	2	0	0.0	4.501929887304089e-08	genome_wide	pseudocount	combined_db_spectrum_weight	0.029412470357179817	1.5306194388412304e-06	ATG	13	176
control_region	unlabeled_out_of_neutral_domain_T95	A[T>C]T	1	1	2.0	2.316782632062923e-08	genome_wide	pseudocount	combined_db_spectrum_weight	0.029412470357179817	7.876871965966566e-07	ATT	23	342
control_region	unlabeled_out_of_neutral_domain_T95	A[T>G]A	4	2	2.0	4.389693408119223e-08	genome_wide	pseudocount	combined_db_spectrum_weight	0.029412470357179817	1.4924599514462966e-06	ATA	24	361
control_region	unlabeled_out_of_neutral_domain_T95	A[T>G]C	5	0	0.0	5.659569001182284e-08	genome_wide	pseudocount	combined_db_spectrum_weight	0.029412470357179817	1.9242072945432612e-06	ATC	24	350
control_region	unlabeled_out_of_neutral_domain_T95	A[T>G]G	2	0	0.0	4.501929887304089e-08	genome_wide	pseudocount	combined_db_spectrum_weight	0.029412470357179817	1.5306194388412304e-06	ATG	13	176
control_region	unlabeled_out_of_neutral_domain_T95	A[T>G]T	1	0	0.0	1.1583913160314616e-08	genome_wide	pseudocount	combined_db_spectrum_weight	0.029412470357179817	3.938435982983283e-07	ATT	23	342
control_region	unlabeled_out_of_neutral_domain_T95	C[A>C]A	4	4	41.0	3.830887507875744e-07	genome_wide	pseudocount	combined_db_spectrum_weight	0.029412470357179817	1.3024705036177263e-05	CAA	32	424
control_region	unlabeled_out_of_neutral_domain_T95	C[A>C]C	7	4	972.0	9.153212898831536e-06	genome_wide	pseudocount	combined_db_spectrum_weight	0.029412470357179817	0.00031120177216250607	CAC	45	422
control_region	unlabeled_out_of_neutral_domain_T95	C[A>C]G	0	0	0.0	0.0	genome_wide	pseudocount	combined_db_spectrum_weight	0.029412470357179817	0.0	CAG	18	200
control_region	unlabeled_out_of_neutral_domain_T95	C[A>C]T	5	1	1.0	4.927485448790545e-08	genome_wide	pseudocount	combined_db_spectrum_weight	0.029412470357179817	1.6753048584331874e-06	CAT	34	402
control_region	unlabeled_out_of_neutral_domain_T95	C[A>G]A	1	0	0.0	9.34362806798962e-09	genome_wide	pseudocount	combined_db_spectrum_weight	0.029412470357179817	3.1767573258968936e-07	CAA	32	424
control_region	unlabeled_out_of_neutral_domain_T95	C[A>G]C	6	3	3.0	5.6327463992809466e-08	genome_wide	pseudocount	combined_db_spectrum_weight	0.029412470357179817	1.9150878286923452e-06	CAC	45	422
control_region	unlabeled_out_of_neutral_domain_T95	C[A>G]G	2	1	7.0	1.5846793203310396e-07	genome_wide	pseudocount	combined_db_spectrum_weight	0.029412470357179817	5.387780424721131e-06	CAG	18	200
control_region	unlabeled_out_of_neutral_domain_T95	C[A>G]T	4	0	0.0	3.9419883590324363e-08	genome_wide	pseudocount	combined_db_spectrum_weight	0.029412470357179817	1.34024388674655e-06	CAT	34	402
control_region	unlabeled_out_of_neutral_domain_T95	C[A>T]A	5	4	4.0	4.6718140339948104e-08	genome_wide	pseudocount	combined_db_spectrum_weight	0.029412470357179817	1.588378662948447e-06	CAA	32	424
control_region	unlabeled_out_of_neutral_domain_T95	C[A>T]C	3	0	0.0	2.8163731996404733e-08	genome_wide	pseudocount	combined_db_spectrum_weight	0.029412470357179817	9.575439143461726e-07	CAC	45	422
control_region	unlabeled_out_of_neutral_domain_T95	C[A>T]G	3	2	2.0	5.942547451241399e-08	genome_wide	pseudocount	combined_db_spectrum_weight	0.029412470357179817	2.0204176592704245e-06	CAG	18	200
control_region	unlabeled_out_of_neutral_domain_T95	C[A>T]T	4	0	0.0	3.9419883590324363e-08	genome_wide	pseudocount	combined_db_spectrum_weight	0.029412470357179817	1.34024388674655e-06	CAT	34	402
control_region	unlabeled_out_of_neutral_domain_T95	C[C>A]A	4	1	26.0	2.703276487623538e-07	genome_wide	pseudocount	combined_db_spectrum_weight	0.029412470357179817	9.190919548053694e-06	CCA	43	425
control_region	unlabeled_out_of_neutral_domain_T95	C[C>A]C	7	3	3.0	4.8823746665128856e-08	genome_wide	pseudocount	combined_db_spectrum_weight	0.029412470357179817	1.659967560433447e-06	CCC	63	568
control_region	unlabeled_out_of_neutral_domain_T95	C[C>A]G	3	1	2.0	1.156700233818277e-07	genome_wide	pseudocount	combined_db_spectrum_weight	0.029412470357179817	3.9326864414022855e-06	CCG	11	137
control_region	unlabeled_out_of_neutral_domain_T95	C[C>A]T	5	3	3.0	3.751608239420075e-08	genome_wide	pseudocount	combined_db_spectrum_weight	0.029412470357179817	1.275516199034359e-06	CCT	25	528
control_region	unlabeled_out_of_neutral_domain_T95	C[C>G]A	4	1	1.0	3.728657224308328e-08	genome_wide	pseudocount	combined_db_spectrum_weight	0.029412470357179817	1.2677130411108543e-06	CCA	43	425
control_region	unlabeled_out_of_neutral_domain_T95	C[C>G]C	5	1	2.0	4.184892571296759e-08	genome_wide	pseudocount	combined_db_spectrum_weight	0.029412470357179817	1.4228293375143832e-06	CCC	63	568
control_region	unlabeled_out_of_neutral_domain_T95	C[C>G]G	3	1	1.0	8.675251753637078e-08	genome_wide	pseudocount	combined_db_spectrum_weight	0.029412470357179817	2.9495148310517143e-06	CCG	11	137
control_region	unlabeled_out_of_neutral_domain_T95	C[C>G]T	2	0	0.0	1.50064329576803e-08	genome_wide	pseudocount	combined_db_spectrum_weight	0.029412470357179817	5.102064796137436e-07	CCT	25	528
control_region	unlabeled_out_of_neutral_domain_T95	C[C>T]A	2	1	5.0	5.5929858364624926e-08	genome_wide	pseudocount	combined_db_spectrum_weight	0.029412470357179817	1.9015695616662816e-06	CCA	43	425
control_region	unlabeled_out_of_neutral_domain_T95	C[C>T]C	2	0	0.0	1.394964190432253e-08	genome_wide	pseudocount	combined_db_spectrum_weight	0.029412470357179817	4.742764458381277e-07	CCC	63	568
control_region	unlabeled_out_of_neutral_domain_T95	C[C>T]G	2	0	0.0	5.783501169091385e-08	genome_wide	pseudocount	combined_db_spectrum_weight	0.029412470357179817	1.9663432207011427e-06	CCG	11	137
control_region	unlabeled_out_of_neutral_domain_T95	C[C>T]T	2	1	1.0	1.50064329576803e-08	genome_wide	pseudocount	combined_db_spectrum_weight	0.029412470357179817	5.102064796137436e-07	CCT	25	528
control_region	unlabeled_out_of_neutral_domain_T95	C[G>A]A	0	0	0.0	0.0	genome_wide	pseudocount	combined_db_spectrum_weight	0.029412470357179817	0.0	CGA	6	123
control_region	unlabeled_out_of_neutral_domain_T95	C[G>A]C	0	0	0.0	0.0	genome_wide	pseudocount	combined_db_spectrum_weight	0.029412470357179817	0.0	CGC	10	148
control_region	unlabeled_out_of_neutral_domain_T95	C[G>A]G	0	0	0.0	0.0	genome_wide	pseudocount	combined_db_spectrum_weight	0.029412470357179817	0.0	CGG	5	84
control_region	unlabeled_out_of_neutral_domain_T95	C[G>A]T	1	0	0.0	4.9521228760344985e-08	genome_wide	pseudocount	combined_db_spectrum_weight	0.029412470357179817	1.6836813827253536e-06	CGT	7	80
control_region	unlabeled_out_of_neutral_domain_T95	C[G>C]A	2	1	13.0	4.509250098502958e-07	genome_wide	pseudocount	combined_db_spectrum_weight	0.029412470357179817	1.5331082509369074e-05	CGA	6	123
control_region	unlabeled_out_of_neutral_domain_T95	C[G>C]C	1	0	0.0	2.676823176234864e-08	genome_wide	pseudocount	combined_db_spectrum_weight	0.029412470357179817	9.100980447164073e-07	CGC	10	148
control_region	unlabeled_out_of_neutral_domain_T95	C[G>C]G	0	0	0.0	0.0	genome_wide	pseudocount	combined_db_spectrum_weight	0.029412470357179817	0.0	CGG	5	84
control_region	unlabeled_out_of_neutral_domain_T95	C[G>C]T	1	0	0.0	4.9521228760344985e-08	genome_wide	pseudocount	combined_db_spectrum_weight	0.029412470357179817	1.6836813827253536e-06	CGT	7	80
control_region	unlabeled_out_of_neutral_domain_T95	C[G>T]A	1	0	0.0	3.220892927502113e-08	genome_wide	pseudocount	combined_db_spectrum_weight	0.029412470357179817	1.095077322097791e-06	CGA	6	123
control_region	unlabeled_out_of_neutral_domain_T95	C[G>T]C	1	0	0.0	2.676823176234864e-08	genome_wide	pseudocount	combined_db_spectrum_weight	0.029412470357179817	9.100980447164073e-07	CGC	10	148
control_region	unlabeled_out_of_neutral_domain_T95	C[G>T]G	1	1	1.0	4.716307500985237e-08	genome_wide	pseudocount	combined_db_spectrum_weight	0.029412470357179817	1.603506078786051e-06	CGG	5	84
control_region	unlabeled_out_of_neutral_domain_T95	C[G>T]T	1	0	0.0	4.9521228760344985e-08	genome_wide	pseudocount	combined_db_spectrum_weight	0.029412470357179817	1.6836813827253536e-06	CGT	7	80
control_region	unlabeled_out_of_neutral_domain_T95	C[T>A]A	3	1	1.0	2.3628419289230212e-08	genome_wide	pseudocount	combined_db_spectrum_weight	0.029412470357179817	8.03346981817266e-07	CTA	21	503
control_region	unlabeled_out_of_neutral_domain_T95	C[T>A]C	0	0	0.0	0.0	genome_wide	pseudocount	combined_db_spectrum_weight	0.029412470357179817	0.0	CTC	21	405
control_region	unlabeled_out_of_neutral_domain_T95	C[T>A]G	1	0	0.0	2.2132392742053624e-08	genome_wide	pseudocount	combined_db_spectrum_weight	0.029412470357179817	7.524832995420574e-07	CTG	13	179
control_region	unlabeled_out_of_neutral_domain_T95	C[T>A]T	2	0	0.0	2.4379681851246762e-08	genome_wide	pseudocount	combined_db_spectrum_weight	0.029412470357179817	8.288892961109433e-07	CTT	17	325
control_region	unlabeled_out_of_neutral_domain_T95	C[T>C]A	2	2	4.0	3.150455905230695e-08	genome_wide	pseudocount	combined_db_spectrum_weight	0.029412470357179817	1.0711293090896882e-06	CTA	21	503
control_region	unlabeled_out_of_neutral_domain_T95	C[T>C]C	1	1	401.0	3.92257041637498e-06	genome_wide	pseudocount	combined_db_spectrum_weight	0.029412470357179817	0.00013336419446377616	CTC	21	405
control_region	unlabeled_out_of_neutral_domain_T95	C[T>C]G	1	1	1.0	2.2132392742053624e-08	genome_wide	pseudocount	combined_db_spectrum_weight	0.029412470357179817	7.524832995420574e-07	CTG	13	179
control_region	unlabeled_out_of_neutral_domain_T95	C[T>C]T	2	2	3.0	3.656952277687014e-08	genome_wide	pseudocount	combined_db_spectrum_weight	0.029412470357179817	1.2433339441664148e-06	CTT	17	325
control_region	unlabeled_out_of_neutral_domain_T95	C[T>G]A	3	0	0.0	2.3628419289230212e-08	genome_wide	pseudocount	combined_db_spectrum_weight	0.029412470357179817	8.03346981817266e-07	CTA	21	503
control_region	unlabeled_out_of_neutral_domain_T95	C[T>G]C	0	0	0.0	0.0	genome_wide	pseudocount	combined_db_spectrum_weight	0.029412470357179817	0.0	CTC	21	405
control_region	unlabeled_out_of_neutral_domain_T95	C[T>G]G	1	0	0.0	2.2132392742053624e-08	genome_wide	pseudocount	combined_db_spectrum_weight	0.029412470357179817	7.524832995420574e-07	CTG	13	179
control_region	unlabeled_out_of_neutral_domain_T95	C[T>G]T	2	0	0.0	2.4379681851246762e-08	genome_wide	pseudocount	combined_db_spectrum_weight	0.029412470357179817	8.288892961109433e-07	CTT	17	325
control_region	unlabeled_out_of_neutral_domain_T95	G[A>C]A	1	0	0.0	1.9709941795162182e-08	genome_wide	pseudocount	combined_db_spectrum_weight	0.029412470357179817	6.70121943373275e-07	GAA	8	201
control_region	unlabeled_out_of_neutral_domain_T95	G[A>C]C	2	1	2.0	7.428184314051747e-08	genome_wide	pseudocount	combined_db_spectrum_weight	0.029412470357179817	2.52552207408803e-06	GAC	10	160
control_region	unlabeled_out_of_neutral_domain_T95	G[A>C]G	0	0	0.0	0.0	genome_wide	pseudocount	combined_db_spectrum_weight	0.029412470357179817	0.0	GAG	5	143
control_region	unlabeled_out_of_neutral_domain_T95	G[A>C]T	2	0	0.0	5.869182667892739e-08	genome_wide	pseudocount	combined_db_spectrum_weight	0.029412470357179817	1.995474231378197e-06	GAT	9	135
control_region	unlabeled_out_of_neutral_domain_T95	G[A>G]A	1	0	0.0	1.9709941795162182e-08	genome_wide	pseudocount	combined_db_spectrum_weight	0.029412470357179817	6.70121943373275e-07	GAA	8	201
control_region	unlabeled_out_of_neutral_domain_T95	G[A>G]C	2	2	6.0	1.4856368628103495e-07	genome_wide	pseudocount	combined_db_spectrum_weight	0.029412470357179817	5.05104414817606e-06	GAC	10	160
control_region	unlabeled_out_of_neutral_domain_T95	G[A>G]G	0	0	0.0	0.0	genome_wide	pseudocount	combined_db_spectrum_weight	0.029412470357179817	0.0	GAG	5	143
control_region	unlabeled_out_of_neutral_domain_T95	G[A>G]T	2	0	0.0	5.869182667892739e-08	genome_wide	pseudocount	combined_db_spectrum_weight	0.029412470357179817	1.995474231378197e-06	GAT	9	135
control_region	unlabeled_out_of_neutral_domain_T95	G[A>T]A	1	0	0.0	1.9709941795162182e-08	genome_wide	pseudocount	combined_db_spectrum_weight	0.029412470357179817	6.70121943373275e-07	GAA	8	201
control_region	unlabeled_out_of_neutral_domain_T95	G[A>T]C	1	0	0.0	2.4760614380172493e-08	genome_wide	pseudocount	combined_db_spectrum_weight	0.029412470357179817	8.418406913626768e-07	GAC	10	160
control_region	unlabeled_out_of_neutral_domain_T95	G[A>T]G	0	0	0.0	0.0	genome_wide	pseudocount	combined_db_spectrum_weight	0.029412470357179817	0.0	GAG	5	143
control_region	unlabeled_out_of_neutral_domain_T95	G[A>T]T	2	0	0.0	5.869182667892739e-08	genome_wide	pseudocount	combined_db_spectrum_weight	0.029412470357179817	1.995474231378197e-06	GAT	9	135
control_region	unlabeled_out_of_neutral_domain_T95	G[C>A]A	1	0	0.0	1.96123678258792e-08	genome_wide	pseudocount	combined_db_spectrum_weight	0.029412470357179817	6.66804508010041e-07	GCA	16	202
control_region	unlabeled_out_of_neutral_domain_T95	G[C>A]C	0	0	0.0	0.0	genome_wide	pseudocount	combined_db_spectrum_weight	0.029412470357179817	0.0	GCC	14	264
control_region	unlabeled_out_of_neutral_domain_T95	G[C>A]G	0	0	0.0	0.0	genome_wide	pseudocount	combined_db_spectrum_weight	0.029412470357179817	0.0	GCG	4	61
control_region	unlabeled_out_of_neutral_domain_T95	G[C>A]T	0	0	0.0	0.0	genome_wide	pseudocount	combined_db_spectrum_weight	0.029412470357179817	0.0	GCT	11	184
control_region	unlabeled_out_of_neutral_domain_T95	G[C>G]A	1	0	0.0	1.96123678258792e-08	genome_wide	pseudocount	combined_db_spectrum_weight	0.029412470357179817	6.66804508010041e-07	GCA	16	202
control_region	unlabeled_out_of_neutral_domain_T95	G[C>G]C	0	0	0.0	0.0	genome_wide	pseudocount	combined_db_spectrum_weight	0.029412470357179817	0.0	GCC	14	264
control_region	unlabeled_out_of_neutral_domain_T95	G[C>G]G	0	0	0.0	0.0	genome_wide	pseudocount	combined_db_spectrum_weight	0.029412470357179817	0.0	GCG	4	61
control_region	unlabeled_out_of_neutral_domain_T95	G[C>G]T	0	0	0.0	0.0	genome_wide	pseudocount	combined_db_spectrum_weight	0.029412470357179817	0.0	GCT	11	184
control_region	unlabeled_out_of_neutral_domain_T95	G[C>T]A	0	0	0.0	0.0	genome_wide	pseudocount	combined_db_spectrum_weight	0.029412470357179817	0.0	GCA	16	202
control_region	unlabeled_out_of_neutral_domain_T95	G[C>T]C	1	1	1.0	1.50064329576803e-08	genome_wide	pseudocount	combined_db_spectrum_weight	0.029412470357179817	5.102064796137436e-07	GCC	14	264
control_region	unlabeled_out_of_neutral_domain_T95	G[C>T]G	0	0	0.0	0.0	genome_wide	pseudocount	combined_db_spectrum_weight	0.029412470357179817	0.0	GCG	4	61
control_region	unlabeled_out_of_neutral_domain_T95	G[C>T]T	1	1	1.0	2.153096902623695e-08	genome_wide	pseudocount	combined_db_spectrum_weight	0.029412470357179817	7.320353837936319e-07	GCT	11	184
control_region	unlabeled_out_of_neutral_domain_T95	G[G>A]A	1	0	0.0	3.024197176204274e-08	genome_wide	pseudocount	combined_db_spectrum_weight	0.029412470357179817	1.028202371129987e-06	GGA	8	131
control_region	unlabeled_out_of_neutral_domain_T95	G[G>A]C	0	0	0.0	0.0	genome_wide	pseudocount	combined_db_spectrum_weight	0.029412470357179817	0.0	GGC	4	158
control_region	unlabeled_out_of_neutral_domain_T95	G[G>A]G	2	1	1.0	6.190153595043123e-08	genome_wide	pseudocount	combined_db_spectrum_weight	0.029412470357179817	2.1046017284066915e-06	GGG	15	128
control_region	unlabeled_out_of_neutral_domain_T95	G[G>A]T	0	0	0.0	0.0	genome_wide	pseudocount	combined_db_spectrum_weight	0.029412470357179817	0.0	GGT	10	122
control_region	unlabeled_out_of_neutral_domain_T95	G[G>C]A	1	0	0.0	3.024197176204274e-08	genome_wide	pseudocount	combined_db_spectrum_weight	0.029412470357179817	1.028202371129987e-06	GGA	8	131
control_region	unlabeled_out_of_neutral_domain_T95	G[G>C]C	2	1	1083.0	2.7180259228462766e-05	genome_wide	pseudocount	combined_db_spectrum_weight	0.029412470357179817	0.0009241066424679914	GGC	4	158
control_region	unlabeled_out_of_neutral_domain_T95	G[G>C]G	1	0	0.0	3.0950767975215613e-08	genome_wide	pseudocount	combined_db_spectrum_weight	0.029412470357179817	1.0523008642033457e-06	GGG	15	128
control_region	unlabeled_out_of_neutral_domain_T95	G[G>C]T	2	0	0.0	6.494587378405899e-08	genome_wide	pseudocount	combined_db_spectrum_weight	0.029412470357179817	2.2081067314430864e-06	GGT	10	122
control_region	unlabeled_out_of_neutral_domain_T95	G[G>T]A	1	0	0.0	3.024197176204274e-08	genome_wide	pseudocount	combined_db_spectrum_weight	0.029412470357179817	1.028202371129987e-06	GGA	8	131
control_region	unlabeled_out_of_neutral_domain_T95	G[G>T]C	1	0	0.0	2.5074039878655687e-08	genome_wide	pseudocount	combined_db_spectrum_weight	0.029412470357179817	8.524969026457486e-07	GGC	4	158
control_region	unlabeled_out_of_neutral_domain_T95	G[G>T]G	2	1	1.0	6.190153595043123e-08	genome_wide	pseudocount	combined_db_spectrum_weight	0.029412470357179817	2.1046017284066915e-06	GGG	15	128
control_region	unlabeled_out_of_neutral_domain_T95	G[G>T]T	2	0	0.0	6.494587378405899e-08	genome_wide	pseudocount	combined_db_spectrum_weight	0.029412470357179817	2.2081067314430864e-06	GGT	10	122
control_region	unlabeled_out_of_neutral_domain_T95	G[T>A]A	0	0	0.0	0.0	genome_wide	pseudocount	combined_db_spectrum_weight	0.029412470357179817	0.0	GTA	19	167
control_region	unlabeled_out_of_neutral_domain_T95	G[T>A]C	2	0	0.0	6.889910088395824e-08	genome_wide	pseudocount	combined_db_spectrum_weight	0.029412470357179817	2.3425132281396225e-06	GTC	10	115
control_region	unlabeled_out_of_neutral_domain_T95	G[T>A]G	1	0	0.0	4.553676207847815e-08	genome_wide	pseudocount	combined_db_spectrum_weight	0.029412470357179817	1.548212765724463e-06	GTG	5	87
control_region	unlabeled_out_of_neutral_domain_T95	G[T>A]T	3	0	0.0	8.675251753637078e-08	genome_wide	pseudocount	combined_db_spectrum_weight	0.029412470357179817	2.9495148310517143e-06	GTT	5	137
control_region	unlabeled_out_of_neutral_domain_T95	G[T>C]A	0	0	0.0	0.0	genome_wide	pseudocount	combined_db_spectrum_weight	0.029412470357179817	0.0	GTA	19	167
control_region	unlabeled_out_of_neutral_domain_T95	G[T>C]C	1	1	162033.0	0.005581964006765203	genome_wide	pseudocount	combined_db_spectrum_weight	0.029412470357179817	0.18978222294757371	GTC	10	115
control_region	unlabeled_out_of_neutral_domain_T95	G[T>C]G	0	0	0.0	0.0	genome_wide	pseudocount	combined_db_spectrum_weight	0.029412470357179817	0.0	GTG	5	87
control_region	unlabeled_out_of_neutral_domain_T95	G[T>C]T	1	1	1.0	2.8917505845456926e-08	genome_wide	pseudocount	combined_db_spectrum_weight	0.029412470357179817	9.831716103505714e-07	GTT	5	137
control_region	unlabeled_out_of_neutral_domain_T95	G[T>G]A	0	0	0.0	0.0	genome_wide	pseudocount	combined_db_spectrum_weight	0.029412470357179817	0.0	GTA	19	167
control_region	unlabeled_out_of_neutral_domain_T95	G[T>G]C	2	0	0.0	6.889910088395824e-08	genome_wide	pseudocount	combined_db_spectrum_weight	0.029412470357179817	2.3425132281396225e-06	GTC	10	115
control_region	unlabeled_out_of_neutral_domain_T95	G[T>G]G	0	0	0.0	0.0	genome_wide	pseudocount	combined_db_spectrum_weight	0.029412470357179817	0.0	GTG	5	87
control_region	unlabeled_out_of_neutral_domain_T95	G[T>G]T	3	0	0.0	8.675251753637078e-08	genome_wide	pseudocount	combined_db_spectrum_weight	0.029412470357179817	2.9495148310517143e-06	GTT	5	137
control_region	unlabeled_out_of_neutral_domain_T95	T[A>C]A	3	0	0.0	2.9564912692743274e-08	genome_wide	pseudocount	combined_db_spectrum_weight	0.029412470357179817	1.0051829150599124e-06	TAA	26	402
control_region	unlabeled_out_of_neutral_domain_T95	T[A>C]C	0	0	0.0	0.0	genome_wide	pseudocount	combined_db_spectrum_weight	0.029412470357179817	0.0	TAC	27	364
control_region	unlabeled_out_of_neutral_domain_T95	T[A>C]G	0	0	0.0	0.0	genome_wide	pseudocount	combined_db_spectrum_weight	0.029412470357179817	0.0	TAG	9	278
control_region	unlabeled_out_of_neutral_domain_T95	T[A>C]T	4	1	1.0	4.802058546457695e-08	genome_wide	pseudocount	combined_db_spectrum_weight	0.029412470357179817	1.632660734763979e-06	TAT	20	330
control_region	unlabeled_out_of_neutral_domain_T95	T[A>G]A	3	0	0.0	2.9564912692743274e-08	genome_wide	pseudocount	combined_db_spectrum_weight	0.029412470357179817	1.0051829150599124e-06	TAA	26	402
control_region	unlabeled_out_of_neutral_domain_T95	T[A>G]C	1	1	28.0	3.0474602314058455e-07	genome_wide	pseudocount	combined_db_spectrum_weight	0.029412470357179817	1.0361116201386791e-05	TAC	27	364
control_region	unlabeled_out_of_neutral_domain_T95	T[A>G]G	0	0	0.0	0.0	genome_wide	pseudocount	combined_db_spectrum_weight	0.029412470357179817	0.0	TAG	9	278
control_region	unlabeled_out_of_neutral_domain_T95	T[A>G]T	4	2	3.0	6.002573183072119e-08	genome_wide	pseudocount	combined_db_spectrum_weight	0.029412470357179817	2.040825918454974e-06	TAT	20	330
control_region	unlabeled_out_of_neutral_domain_T95	T[A>T]A	3	0	0.0	2.9564912692743274e-08	genome_wide	pseudocount	combined_db_spectrum_weight	0.029412470357179817	1.0051829150599124e-06	TAA	26	402
control_region	unlabeled_out_of_neutral_domain_T95	T[A>T]C	0	0	0.0	0.0	genome_wide	pseudocount	combined_db_spectrum_weight	0.029412470357179817	0.0	TAC	27	364
control_region	unlabeled_out_of_neutral_domain_T95	T[A>T]G	0	0	0.0	0.0	genome_wide	pseudocount	combined_db_spectrum_weight	0.029412470357179817	0.0	TAG	9	278
control_region	unlabeled_out_of_neutral_domain_T95	T[A>T]T	4	1	1.0	4.802058546457695e-08	genome_wide	pseudocount	combined_db_spectrum_weight	0.029412470357179817	1.632660734763979e-06	TAT	20	330
control_region	unlabeled_out_of_neutral_domain_T95	T[C>A]A	5	0	0.0	5.027535914755836e-08	genome_wide	pseudocount	combined_db_spectrum_weight	0.029412470357179817	1.7093212007363993e-06	TCA	25	394
control_region	unlabeled_out_of_neutral_domain_T95	T[C>A]C	2	1	1.0	2.2445882724235686e-08	genome_wide	pseudocount	combined_db_spectrum_weight	0.029412470357179817	7.631417032182905e-07	TCC	24	353
control_region	unlabeled_out_of_neutral_domain_T95	T[C>A]G	0	0	0.0	0.0	genome_wide	pseudocount	combined_db_spectrum_weight	0.029412470357179817	0.0	TCG	6	120
control_region	unlabeled_out_of_neutral_domain_T95	T[C>A]T	3	1	1.0	3.8463090299297074e-08	genome_wide	pseudocount	combined_db_spectrum_weight	0.029412470357179817	1.3077136953206628e-06	TCT	15	309
control_region	unlabeled_out_of_neutral_domain_T95	T[C>G]A	6	0	0.0	6.033043097707002e-08	genome_wide	pseudocount	combined_db_spectrum_weight	0.029412470357179817	2.051185440883679e-06	TCA	25	394
control_region	unlabeled_out_of_neutral_domain_T95	T[C>G]C	2	0	0.0	2.2445882724235686e-08	genome_wide	pseudocount	combined_db_spectrum_weight	0.029412470357179817	7.631417032182905e-07	TCC	24	353
control_region	unlabeled_out_of_neutral_domain_T95	T[C>G]G	0	0	0.0	0.0	genome_wide	pseudocount	combined_db_spectrum_weight	0.029412470357179817	0.0	TCG	6	120
control_region	unlabeled_out_of_neutral_domain_T95	T[C>G]T	3	1	1.0	3.8463090299297074e-08	genome_wide	pseudocount	combined_db_spectrum_weight	0.029412470357179817	1.3077136953206628e-06	TCT	15	309
control_region	unlabeled_out_of_neutral_domain_T95	T[C>T]A	6	1	1.0	6.033043097707002e-08	genome_wide	pseudocount	combined_db_spectrum_weight	0.029412470357179817	2.051185440883679e-06	TCA	25	394
control_region	unlabeled_out_of_neutral_domain_T95	T[C>T]C	4	2	2.0	4.489176544847137e-08	genome_wide	pseudocount	combined_db_spectrum_weight	0.029412470357179817	1.526283406436581e-06	TCC	24	353
control_region	unlabeled_out_of_neutral_domain_T95	T[C>T]G	0	0	0.0	0.0	genome_wide	pseudocount	combined_db_spectrum_weight	0.029412470357179817	0.0	TCG	6	120
control_region	unlabeled_out_of_neutral_domain_T95	T[C>T]T	3	2	2.0	3.8463090299297074e-08	genome_wide	pseudocount	combined_db_spectrum_weight	0.029412470357179817	1.3077136953206628e-06	TCT	15	309
control_region	unlabeled_out_of_neutral_domain_T95	T[G>A]A	1	0	0.0	1.877582133093649e-08	genome_wide	pseudocount	combined_db_spectrum_weight	0.029412470357179817	6.383626095641151e-07	TGA	9	211
control_region	unlabeled_out_of_neutral_domain_T95	T[G>A]C	0	0	0.0	0.0	genome_wide	pseudocount	combined_db_spectrum_weight	0.029412470357179817	0.0	TGC	13	128
control_region	unlabeled_out_of_neutral_domain_T95	T[G>A]G	2	0	0.0	5.700285324931797e-08	genome_wide	pseudocount	combined_db_spectrum_weight	0.029412470357179817	1.9380505124896153e-06	TGG	11	139
control_region	unlabeled_out_of_neutral_domain_T95	T[G>A]T	0	0	0.0	0.0	genome_wide	pseudocount	combined_db_spectrum_weight	0.029412470357179817	0.0	TGT	10	123
control_region	unlabeled_out_of_neutral_domain_T95	T[G>C]A	1	0	0.0	1.877582133093649e-08	genome_wide	pseudocount	combined_db_spectrum_weight	0.029412470357179817	6.383626095641151e-07	TGA	9	211
control_region	unlabeled_out_of_neutral_domain_T95	T[G>C]C	1	1	1.0	3.0950767975215613e-08	genome_wide	pseudocount	combined_db_spectrum_weight	0.029412470357179817	1.0523008642033457e-06	TGC	13	128
control_region	unlabeled_out_of_neutral_domain_T95	T[G>C]G	4	1	914.0	2.613580821481229e-05	genome_wide	pseudocount	combined_db_spectrum_weight	0.029412470357179817	0.0008885961599764887	TGG	11	139
control_region	unlabeled_out_of_neutral_domain_T95	T[G>C]T	1	1	4.0	1.2883571710008452e-07	genome_wide	pseudocount	combined_db_spectrum_weight	0.029412470357179817	4.380309288391164e-06	TGT	10	123
control_region	unlabeled_out_of_neutral_domain_T95	T[G>T]A	1	0	0.0	1.877582133093649e-08	genome_wide	pseudocount	combined_db_spectrum_weight	0.029412470357179817	6.383626095641151e-07	TGA	9	211
control_region	unlabeled_out_of_neutral_domain_T95	T[G>T]C	0	0	0.0	0.0	genome_wide	pseudocount	combined_db_spectrum_weight	0.029412470357179817	0.0	TGC	13	128
control_region	unlabeled_out_of_neutral_domain_T95	T[G>T]G	4	1	1.0	1.1400570649863594e-07	genome_wide	pseudocount	combined_db_spectrum_weight	0.029412470357179817	3.876101024979231e-06	TGG	11	139
control_region	unlabeled_out_of_neutral_domain_T95	T[G>T]T	1	1	1.0	3.220892927502113e-08	genome_wide	pseudocount	combined_db_spectrum_weight	0.029412470357179817	1.095077322097791e-06	TGT	10	123
control_region	unlabeled_out_of_neutral_domain_T95	T[T>A]A	2	1	1.0	2.3235767160279173e-08	genome_wide	pseudocount	combined_db_spectrum_weight	0.029412470357179817	7.89997129724506e-07	TTA	18	341
control_region	unlabeled_out_of_neutral_domain_T95	T[T>A]C	5	0	0.0	6.431328410434414e-08	genome_wide	pseudocount	combined_db_spectrum_weight	0.029412470357179817	2.1865991983446147e-06	TTC	15	308
control_region	unlabeled_out_of_neutral_domain_T95	T[T>A]G	0	0	0.0	0.0	genome_wide	pseudocount	combined_db_spectrum_weight	0.029412470357179817	0.0	TTG	12	157
control_region	unlabeled_out_of_neutral_domain_T95	T[T>A]T	1	0	0.0	1.390069579237754e-08	genome_wide	pseudocount	combined_db_spectrum_weight	0.029412470357179817	4.7261231795799393e-07	TTT	20	285
control_region	unlabeled_out_of_neutral_domain_T95	T[T>C]A	1	1	2.0	2.3235767160279173e-08	genome_wide	pseudocount	combined_db_spectrum_weight	0.029412470357179817	7.89997129724506e-07	TTA	18	341
control_region	unlabeled_out_of_neutral_domain_T95	T[T>C]C	3	1	1.0	3.8587970462606486e-08	genome_wide	pseudocount	combined_db_spectrum_weight	0.029412470357179817	1.3119595190067692e-06	TTC	15	308
control_region	unlabeled_out_of_neutral_domain_T95	T[T>C]G	0	0	0.0	0.0	genome_wide	pseudocount	combined_db_spectrum_weight	0.029412470357179817	0.0	TTG	12	157
control_region	unlabeled_out_of_neutral_domain_T95	T[T>C]T	2	1	1.0	2.780139158475508e-08	genome_wide	pseudocount	combined_db_spectrum_weight	0.029412470357179817	9.452246359159879e-07	TTT	20	285
control_region	unlabeled_out_of_neutral_domain_T95	T[T>G]A	2	1	2.0	3.485365074041876e-08	genome_wide	pseudocount	combined_db_spectrum_weight	0.029412470357179817	1.1849956945867591e-06	TTA	18	341
control_region	unlabeled_out_of_neutral_domain_T95	T[T>G]C	5	0	0.0	6.431328410434414e-08	genome_wide	pseudocount	combined_db_spectrum_weight	0.029412470357179817	2.1865991983446147e-06	TTC	15	308
control_region	unlabeled_out_of_neutral_domain_T95	T[T>G]G	0	0	0.0	0.0	genome_wide	pseudocount	combined_db_spectrum_weight	0.029412470357179817	0.0	TTG	12	157
control_region	unlabeled_out_of_neutral_domain_T95	T[T>G]T	1	0	0.0	1.390069579237754e-08	genome_wide	pseudocount	combined_db_spectrum_weight	0.029412470357179817	4.7261231795799393e-07	TTT	20	285
protein_coding	expanded_neutral_like_T95	A[A>C]A	76	1	7.0	5.659569001182284e-08	genome_wide	raw	combined_db_spectrum_weight_raw	0.0552136899499165	1.0250300254005832e-06	AAA	269	490
protein_coding	expanded_neutral_like_T95	A[A>C]C	73	9	457.0	3.918822778091369e-06	genome_wide	raw	combined_db_spectrum_weight_raw	0.0552136899499165	7.097556388001009e-05	AAC	307	462
protein_coding	expanded_neutral_like_T95	A[A>C]G	44	0	0.0	0.0	genome_wide	raw	combined_db_spectrum_weight_raw	0.0552136899499165	0.0	AAG	85	202
protein_coding	expanded_neutral_like_T95	A[A>C]T	62	8	17.0	1.8502437119249774e-07	genome_wide	raw	combined_db_spectrum_weight_raw	0.0552136899499165	3.3510596984249836e-06	AAT	255	364
protein_coding	expanded_neutral_like_T95	A[A>G]A	104	100	34909.0	0.0002822427060889605	genome_wide	raw	combined_db_spectrum_weight_raw	0.0552136899499165	0.005111824736672709	AAA	269	490
protein_coding	expanded_neutral_like_T95	A[A>G]C	184	184	178066.0	0.0015269345663098857	genome_wide	raw	combined_db_spectrum_weight_raw	0.0552136899499165	0.027654999470148524	AAC	307	462
protein_coding	expanded_neutral_like_T95	A[A>G]G	58	55	21648.0	0.00042456853869463296	genome_wide	raw	combined_db_spectrum_weight_raw	0.0552136899499165	0.0076895519766882565	AAG	85	202
protein_coding	expanded_neutral_like_T95	A[A>G]T	153	148	49388.0	0.0005375284496738281	genome_wide	raw	combined_db_spectrum_weight_raw	0.0552136899499165	0.00973541978740077	AAT	255	364
protein_coding	expanded_neutral_like_T95	A[A>T]A	78	9	112.0	9.055310401891654e-07	genome_wide	raw	combined_db_spectrum_weight_raw	0.0552136899499165	1.640048040640933e-05	AAA	269	490
protein_coding	expanded_neutral_like_T95	A[A>T]C	82	20	204.0	1.7493213276381604e-06	genome_wide	raw	combined_db_spectrum_weight_raw	0.0552136899499165	3.168274623965439e-05	AAC	307	462
protein_coding	expanded_neutral_like_T95	A[A>T]G	47	7	213.0	4.1774343469122705e-06	genome_wide	raw	combined_db_spectrum_weight_raw	0.0552136899499165	7.565939444912227e-05	AAG	85	202
protein_coding	expanded_neutral_like_T95	A[A>T]T	71	21	157.0	1.7087544868954205e-06	genome_wide	raw	combined_db_spectrum_weight_raw	0.0552136899499165	3.094802192074838e-05	AAT	255	364
protein_coding	expanded_neutral_like_T95	A[C>A]A	111	8	34.0	3.169358640662079e-07	genome_wide	raw	combined_db_spectrum_weight_raw	0.0552136899499165	5.7401681422432666e-06	ACA	291	425
protein_coding	expanded_neutral_like_T95	A[C>A]C	108	7	13.0	1.0888388564642449e-07	genome_wide	raw	combined_db_spectrum_weight_raw	0.0552136899499165	1.972045080580403e-06	ACC	324	473
protein_coding	expanded_neutral_like_T95	A[C>A]G	48	0	0.0	0.0	genome_wide	raw	combined_db_spectrum_weight_raw	0.0552136899499165	0.0	ACG	83	117
protein_coding	expanded_neutral_like_T95	A[C>A]T	123	32	665.0	6.737926777622387e-06	genome_wide	raw	combined_db_spectrum_weight_raw	0.0552136899499165	0.00012203362578618196	ACT	300	391
protein_coding	expanded_neutral_like_T95	A[C>G]A	108	10	21.0	1.957545042761872e-07	genome_wide	raw	combined_db_spectrum_weight_raw	0.0552136899499165	3.5453979702090757e-06	ACA	291	425
protein_coding	expanded_neutral_like_T95	A[C>G]C	112	15	65.0	5.444194282321225e-07	genome_wide	raw	combined_db_spectrum_weight_raw	0.0552136899499165	9.860225402902017e-06	ACC	324	473
protein_coding	expanded_neutral_like_T95	A[C>G]G	49	0	0.0	0.0	genome_wide	raw	combined_db_spectrum_weight_raw	0.0552136899499165	0.0	ACG	83	117
protein_coding	expanded_neutral_like_T95	A[C>G]T	109	7	127.0	1.2867920312151024e-06	genome_wide	raw	combined_db_spectrum_weight_raw	0.0552136899499165	2.3305669886985128e-05	ACT	300	391
protein_coding	expanded_neutral_like_T95	A[C>T]A	151	151	41724.0	0.0003889362350676017	genome_wide	raw	combined_db_spectrum_weight_raw	0.0552136899499165	0.007044199281381118	ACA	291	425
protein_coding	expanded_neutral_like_T95	A[C>T]C	181	178	15387.0	0.00012887664218781027	genome_wide	raw	combined_db_spectrum_weight_raw	0.0552136899499165	0.002334142896530051	ACC	324	473
protein_coding	expanded_neutral_like_T95	A[C>T]G	56	56	7635.0	0.0002585262096309292	genome_wide	raw	combined_db_spectrum_weight_raw	0.0552136899499165	0.004682284590387536	ACG	83	117
protein_coding	expanded_neutral_like_T95	A[C>T]T	220	213	26126.0	0.00026471439848445484	genome_wide	raw	combined_db_spectrum_weight_raw	0.0552136899499165	0.004794361665097428	ACT	300	391
protein_coding	expanded_neutral_like_T95	A[G>A]A	23	22	29949.0	0.0006741414909743509	genome_wide	raw	combined_db_spectrum_weight_raw	0.0552136899499165	0.012209680091764458	AGA	81	176
protein_coding	expanded_neutral_like_T95	A[G>A]C	70	70	40284.0	0.0005761482106517653	genome_wide	raw	combined_db_spectrum_weight_raw	0.0552136899499165	0.010434879667966053	AGC	176	277
protein_coding	expanded_neutral_like_T95	A[G>A]G	26	25	15845.0	0.00033389951902453887	genome_wide	raw	combined_db_spectrum_weight_raw	0.0552136899499165	0.006047404535494984	AGG	119	188
protein_coding	expanded_neutral_like_T95	A[G>A]T	58	58	44002.0	0.0009578167507308572	genome_wide	raw	combined_db_spectrum_weight_raw	0.0552136899499165	0.017347450452952485	AGT	92	182
protein_coding	expanded_neutral_like_T95	A[G>C]A	9	5	23.0	5.177219370399702e-07	genome_wide	raw	combined_db_spectrum_weight_raw	0.0552136899499165	9.376695118721243e-06	AGA	81	176
protein_coding	expanded_neutral_like_T95	A[G>C]C	25	10	4190.0	5.9926050109991476e-05	genome_wide	raw	combined_db_spectrum_weight_raw	0.0552136899499165	0.0010853476767147693	AGC	176	277
protein_coding	expanded_neutral_like_T95	A[G>C]G	12	0	0.0	0.0	genome_wide	raw	combined_db_spectrum_weight_raw	0.0552136899499165	0.0	AGG	119	188
protein_coding	expanded_neutral_like_T95	A[G>C]T	21	6	82.0	1.7849409926805665e-06	genome_wide	raw	combined_db_spectrum_weight_raw	0.0552136899499165	3.232787003186455e-05	AGT	92	182
protein_coding	expanded_neutral_like_T95	A[G>T]A	4	0	0.0	0.0	genome_wide	raw	combined_db_spectrum_weight_raw	0.0552136899499165	0.0	AGA	81	176
protein_coding	expanded_neutral_like_T95	A[G>T]C	19	4	86.0	1.2299857540475578e-06	genome_wide	raw	combined_db_spectrum_weight_raw	0.0552136899499165	2.2276825822785238e-05	AGC	176	277
protein_coding	expanded_neutral_like_T95	A[G>T]G	13	3	4.0	8.429145320909785e-08	genome_wide	raw	combined_db_spectrum_weight_raw	0.0552136899499165	1.5266404633625708e-06	AGG	119	188
protein_coding	expanded_neutral_like_T95	A[G>T]T	17	1	1.0	2.1767573081470322e-08	genome_wide	raw	combined_db_spectrum_weight_raw	0.0552136899499165	3.9424231746176277e-07	AGT	92	182
protein_coding	expanded_neutral_like_T95	A[T>A]A	34	1	2.0	2.1948467040596114e-08	genome_wide	raw	combined_db_spectrum_weight_raw	0.0552136899499165	3.975185694074284e-07	ATA	248	361
protein_coding	expanded_neutral_like_T95	A[T>A]C	30	10	88.0	9.96084144208082e-07	genome_wide	raw	combined_db_spectrum_weight_raw	0.0552136899499165	1.8040528447050265e-05	ATC	282	350
protein_coding	expanded_neutral_like_T95	A[T>A]G	28	1	78.0	1.755752656048595e-06	genome_wide	raw	combined_db_spectrum_weight_raw	0.0552136899499165	3.1799226924359e-05	ATG	121	176
protein_coding	expanded_neutral_like_T95	A[T>A]T	29	5	11.0	1.2742304476346078e-07	genome_wide	raw	combined_db_spectrum_weight_raw	0.0552136899499165	2.3078161390597924e-06	ATT	246	342
protein_coding	expanded_neutral_like_T95	A[T>C]A	97	97	94151.0	0.0010332350601695824	genome_wide	raw	combined_db_spectrum_weight_raw	0.0552136899499165	0.018713385414139395	ATA	248	361
protein_coding	expanded_neutral_like_T95	A[T>C]C	102	100	23523.0	0.00026626008322962175	genome_wide	raw	combined_db_spectrum_weight_raw	0.0552136899499165	0.004822356257499584	ATC	282	350
protein_coding	expanded_neutral_like_T95	A[T>C]G	47	46	7635.0	0.0001718611734478336	genome_wide	raw	combined_db_spectrum_weight_raw	0.0552136899499165	0.003112655097018987	ATG	121	176
protein_coding	expanded_neutral_like_T95	A[T>C]T	104	104	97145.0	0.0011253192439587634	genome_wide	raw	combined_db_spectrum_weight_raw	0.0552136899499165	0.020381163529905776	ATT	246	342
protein_coding	expanded_neutral_like_T95	A[T>G]A	36	3	105.0	1.152294519631296e-06	genome_wide	raw	combined_db_spectrum_weight_raw	0.0552136899499165	2.086972489388999e-05	ATA	248	361
protein_coding	expanded_neutral_like_T95	A[T>G]C	38	21	1625.0	1.8393599253842422e-05	genome_wide	raw	combined_db_spectrum_weight_raw	0.0552136899499165	0.00033313475825518955	ATC	282	350
protein_coding	expanded_neutral_like_T95	A[T>G]G	27	2	9.0	2.0258684492868401e-07	genome_wide	raw	combined_db_spectrum_weight_raw	0.0552136899499165	3.6691415681952692e-06	ATG	121	176
protein_coding	expanded_neutral_like_T95	A[T>G]T	30	9	24.0	2.780139158475508e-07	genome_wide	raw	combined_db_spectrum_weight_raw	0.0552136899499165	5.035235212494093e-06	ATT	246	342
protein_coding	expanded_neutral_like_T95	C[A>C]A	105	25	614.0	5.736987633745627e-06	genome_wide	raw	combined_db_spectrum_weight_raw	0.0552136899499165	0.00010390516625404969	CAA	281	424
protein_coding	expanded_neutral_like_T95	C[A>C]C	96	55	460.0	4.318438906115392e-06	genome_wide	raw	combined_db_spectrum_weight_raw	0.0552136899499165	7.821319151160847e-05	CAC	307	422
protein_coding	expanded_neutral_like_T95	C[A>C]G	95	38	1285.0	2.5453911582817323e-05	genome_wide	raw	combined_db_spectrum_weight_raw	0.0552136899499165	0.0004610072539239123	CAG	118	200
protein_coding	expanded_neutral_like_T95	C[A>C]T	123	65	694.0	6.839349802921278e-06	genome_wide	raw	combined_db_spectrum_weight_raw	0.0552136899499165	0.00012387054386557298	CAT	313	402
protein_coding	expanded_neutral_like_T95	C[A>G]A	120	112	12439.0	0.00011622538953772287	genome_wide	raw	combined_db_spectrum_weight_raw	0.0552136899499165	0.0021050103632477587	CAA	281	424
protein_coding	expanded_neutral_like_T95	C[A>G]C	147	146	40652.0	0.00038163734437261505	genome_wide	raw	combined_db_spectrum_weight_raw	0.0552136899499165	0.0069120057854998	CAC	307	422
protein_coding	expanded_neutral_like_T95	C[A>G]G	100	97	13993.0	0.00027718022161740295	genome_wide	raw	combined_db_spectrum_weight_raw	0.0552136899499165	0.005020135800900626	CAG	118	200
protein_coding	expanded_neutral_like_T95	C[A>G]T	187	177	18599.0	0.0001832926037241107	genome_wide	raw	combined_db_spectrum_weight_raw	0.0552136899499165	0.0033196948780342818	CAT	313	402
protein_coding	expanded_neutral_like_T95	C[A>T]A	109	46	532.0	4.970810132170478e-06	genome_wide	raw	combined_db_spectrum_weight_raw	0.0552136899499165	9.002858053282481e-05	CAA	281	424
protein_coding	expanded_neutral_like_T95	C[A>T]C	110	68	1375.0	1.2908377165018835e-05	genome_wide	raw	combined_db_spectrum_weight_raw	0.0552136899499165	0.00023378943114882973	CAC	307	422
protein_coding	expanded_neutral_like_T95	C[A>T]G	97	43	9875.0	0.0001956088536033627	genome_wide	raw	combined_db_spectrum_weight_raw	0.0552136899499165	0.003542760025290766	CAG	118	200
protein_coding	expanded_neutral_like_T95	C[A>T]T	111	27	182.0	1.7936047033597587e-06	genome_wide	raw	combined_db_spectrum_weight_raw	0.0552136899499165	3.248478239702346e-05	CAT	313	402
protein_coding	expanded_neutral_like_T95	C[C>A]A	163	73	5254.0	4.897591264128989e-05	genome_wide	raw	combined_db_spectrum_weight_raw	0.0552136899499165	0.0008870248064513565	CCA	300	425
protein_coding	expanded_neutral_like_T95	C[C>A]C	187	78	1657.0	1.1557278317731217e-05	genome_wide	raw	combined_db_spectrum_weight_raw	0.0552136899499165	0.0002093190715602353	CCC	402	568
protein_coding	expanded_neutral_like_T95	C[C>A]G	67	40	2214.0	6.402335794184163e-05	genome_wide	raw	combined_db_spectrum_weight_raw	0.0552136899499165	0.0011595558637706744	CCG	91	137
protein_coding	expanded_neutral_like_T95	C[C>A]T	193	104	41618.0	0.0003122688634163693	genome_wide	raw	combined_db_spectrum_weight_raw	0.0552136899499165	0.005655641992042619	CCT	421	528
protein_coding	expanded_neutral_like_T95	C[C>G]A	160	37	285.0	2.656668272319684e-06	genome_wide	raw	combined_db_spectrum_weight_raw	0.0552136899499165	4.811611530998032e-05	CCA	300	425
protein_coding	expanded_neutral_like_T95	C[C>G]C	181	18	49.0	3.41766226655902e-07	genome_wide	raw	combined_db_spectrum_weight_raw	0.0552136899499165	6.189882019584508e-06	CCC	402	568
protein_coding	expanded_neutral_like_T95	C[C>G]G	67	5	8.0	2.313400467636554e-07	genome_wide	raw	combined_db_spectrum_weight_raw	0.0552136899499165	4.1899037534622384e-06	CCG	91	137
protein_coding	expanded_neutral_like_T95	C[C>G]T	159	1	1.0	7.50321647884015e-09	genome_wide	raw	combined_db_spectrum_weight_raw	0.0552136899499165	1.3589413215538037e-07	CCT	421	528
protein_coding	expanded_neutral_like_T95	C[C>T]A	172	172	36962.0	0.0003445465708122111	genome_wide	raw	combined_db_spectrum_weight_raw	0.0552136899499165	0.0062402380845175175	CCA	300	425
protein_coding	expanded_neutral_like_T95	C[C>T]C	208	202	181974.0	0.001269236067948594	genome_wide	raw	combined_db_spectrum_weight_raw	0.0552136899499165	0.022987705931262675	CCC	402	568
protein_coding	expanded_neutral_like_T95	C[C>T]G	67	66	15436.0	0.00044637062023047307	genome_wide	raw	combined_db_spectrum_weight_raw	0.0552136899499165	0.008084419292305387	CCG	91	137
protein_coding	expanded_neutral_like_T95	C[C>T]T	319	310	29043.0	0.00021791591619495446	genome_wide	raw	combined_db_spectrum_weight_raw	0.0552136899499165	0.003946773280188711	CCT	421	528
protein_coding	expanded_neutral_like_T95	C[G>A]A	21	21	19929.0	0.000641891751521896	genome_wide	raw	combined_db_spectrum_weight_raw	0.0552136899499165	0.011625590539305493	CGA	81	123
protein_coding	expanded_neutral_like_T95	C[G>A]C	49	49	57236.0	0.0015321065131497866	genome_wide	raw	combined_db_spectrum_weight_raw	0.0552136899499165	0.027748670928161787	CGC	116	148
protein_coding	expanded_neutral_like_T95	C[G>A]G	11	11	4922.0	0.00023213665519849336	genome_wide	raw	combined_db_spectrum_weight_raw	0.0552136899499165	0.004204331487518059	CGG	58	84
protein_coding	expanded_neutral_like_T95	C[G>A]T	24	24	28180.0	0.0013955082264665217	genome_wide	raw	combined_db_spectrum_weight_raw	0.0552136899499165	0.025274677851314882	CGT	52	80
protein_coding	expanded_neutral_like_T95	C[G>C]A	11	5	67.0	2.1579982614264157e-06	genome_wide	raw	combined_db_spectrum_weight_raw	0.0552136899499165	3.908447820429866e-05	CGA	81	123
protein_coding	expanded_neutral_like_T95	C[G>C]C	19	12	144.0	3.854625373778204e-06	genome_wide	raw	combined_db_spectrum_weight_raw	0.0552136899499165	6.981285578403972e-05	CGC	116	148
protein_coding	expanded_neutral_like_T95	C[G>C]G	6	2	60.0	2.829784500591142e-06	genome_wide	raw	combined_db_spectrum_weight_raw	0.0552136899499165	5.125150127002916e-05	CGG	58	84
protein_coding	expanded_neutral_like_T95	C[G>C]T	10	9	238.0	1.1786052444962107e-05	genome_wide	raw	combined_db_spectrum_weight_raw	0.0552136899499165	0.00021346250278967148	CGT	52	80
protein_coding	expanded_neutral_like_T95	C[G>T]A	9	9	49.0	1.5782375344760352e-06	genome_wide	raw	combined_db_spectrum_weight_raw	0.0552136899499165	2.8584170627024394e-05	CGA	81	123
protein_coding	expanded_neutral_like_T95	C[G>T]C	23	15	260.0	6.959740258210647e-06	genome_wide	raw	combined_db_spectrum_weight_raw	0.0552136899499165	0.00012605098961007173	CGC	116	148
protein_coding	expanded_neutral_like_T95	C[G>T]G	6	5	19.0	8.96098425187195e-07	genome_wide	raw	combined_db_spectrum_weight_raw	0.0552136899499165	1.622964206884257e-05	CGG	58	84
protein_coding	expanded_neutral_like_T95	C[G>T]T	8	3	76.0	3.763613385786219e-06	genome_wide	raw	combined_db_spectrum_weight_raw	0.0552136899499165	6.816449668913879e-05	CGT	52	80
protein_coding	expanded_neutral_like_T95	C[T>A]A	83	33	2633.0	2.0737875996181048e-05	genome_wide	raw	combined_db_spectrum_weight_raw	0.0552136899499165	0.00037559300990374055	CTA	404	503
protein_coding	expanded_neutral_like_T95	C[T>A]C	59	29	4815.0	4.710019090983923e-05	genome_wide	raw	combined_db_spectrum_weight_raw	0.0552136899499165	0.0008530527655833742	CTC	327	405
protein_coding	expanded_neutral_like_T95	C[T>A]G	27	14	41.0	9.074281024241986e-07	genome_wide	raw	combined_db_spectrum_weight_raw	0.0552136899499165	1.643483895474678e-05	CTG	124	179
protein_coding	expanded_neutral_like_T95	C[T>A]T	43	16	2469.0	3.0096717245364126e-05	genome_wide	raw	combined_db_spectrum_weight_raw	0.0552136899499165	0.0005450951978153317	CTT	226	325
protein_coding	expanded_neutral_like_T95	C[T>C]A	101	98	38492.0	0.00030316837176034975	genome_wide	raw	combined_db_spectrum_weight_raw	0.0552136899499165	0.0054908188899410485	CTA	404	503
protein_coding	expanded_neutral_like_T95	C[T>C]C	69	66	77163.0	0.0007548062370043457	genome_wide	raw	combined_db_spectrum_weight_raw	0.0552136899499165	0.013670635628392505	CTC	327	405
protein_coding	expanded_neutral_like_T95	C[T>C]G	29	29	4539.0	0.0001004589306561814	genome_wide	raw	combined_db_spectrum_weight_raw	0.0552136899499165	0.0018194569272096497	CTG	124	179
protein_coding	expanded_neutral_like_T95	C[T>C]T	108	108	40212.0	0.0004901778833011674	genome_wide	raw	combined_db_spectrum_weight_raw	0.0552136899499165	0.008877832359072546	CTT	226	325
protein_coding	expanded_neutral_like_T95	C[T>G]A	76	28	836.0	6.584452841932152e-06	genome_wide	raw	combined_db_spectrum_weight_raw	0.0552136899499165	0.00011925399023149528	CTA	404	503
protein_coding	expanded_neutral_like_T95	C[T>G]C	60	30	155.0	1.5162055225389574e-06	genome_wide	raw	combined_db_spectrum_weight_raw	0.0552136899499165	2.7460680927398337e-05	CTC	327	405
protein_coding	expanded_neutral_like_T95	C[T>G]G	27	15	79.0	1.7484590266222362e-06	genome_wide	raw	combined_db_spectrum_weight_raw	0.0552136899499165	3.166712871768282e-05	CTG	124	179
protein_coding	expanded_neutral_like_T95	C[T>G]T	42	9	44.0	5.363530007274288e-07	genome_wide	raw	combined_db_spectrum_weight_raw	0.0552136899499165	9.714130702257835e-06	CTT	226	325
protein_coding	expanded_neutral_like_T95	G[A>C]A	48	2	35.0	6.898479628306764e-07	genome_wide	raw	combined_db_spectrum_weight_raw	0.0552136899499165	1.2494147075778252e-05	GAA	121	201
protein_coding	expanded_neutral_like_T95	G[A>C]C	43	11	32.0	7.923396601655198e-07	genome_wide	raw	combined_db_spectrum_weight_raw	0.0552136899499165	1.4350420355608166e-05	GAC	111	160
protein_coding	expanded_neutral_like_T95	G[A>C]G	54	6	71.0	1.9669970584528637e-06	genome_wide	raw	combined_db_spectrum_weight_raw	0.0552136899499165	3.562516941427202e-05	GAG	82	143
protein_coding	expanded_neutral_like_T95	G[A>C]T	45	11	103.0	3.0226290739647603e-06	genome_wide	raw	combined_db_spectrum_weight_raw	0.0552136899499165	5.474419617139411e-05	GAT	76	135
protein_coding	expanded_neutral_like_T95	G[A>G]A	53	53	11392.0	0.0002245356569304876	genome_wide	raw	combined_db_spectrum_weight_raw	0.0552136899499165	0.004066666385350453	GAA	121	201
protein_coding	expanded_neutral_like_T95	G[A>G]C	59	58	27453.0	0.0006797531465788754	genome_wide	raw	combined_db_spectrum_weight_raw	0.0552136899499165	0.012311315313203466	GAC	111	160
protein_coding	expanded_neutral_like_T95	G[A>G]G	58	57	19197.0	0.0005318372187481637	genome_wide	raw	combined_db_spectrum_weight_raw	0.0552136899499165	0.009632343341489859	GAG	82	143
protein_coding	expanded_neutral_like_T95	G[A>G]T	52	52	16432.0	0.0004822120479940674	genome_wide	raw	combined_db_spectrum_weight_raw	0.0552136899499165	0.008733559529013087	GAT	76	135
protein_coding	expanded_neutral_like_T95	G[A>T]A	48	11	51.0	1.0052070315532712e-06	genome_wide	raw	combined_db_spectrum_weight_raw	0.0552136899499165	1.8205757167562595e-05	GAA	121	201
protein_coding	expanded_neutral_like_T95	G[A>T]C	46	19	779.0	1.9288518602154373e-05	genome_wide	raw	combined_db_spectrum_weight_raw	0.0552136899499165	0.0003493430455318363	GAC	111	160
protein_coding	expanded_neutral_like_T95	G[A>T]G	55	9	20.0	5.540836784374263e-07	genome_wide	raw	combined_db_spectrum_weight_raw	0.0552136899499165	1.0035258989935778e-05	GAG	82	143
protein_coding	expanded_neutral_like_T95	G[A>T]T	42	7	2211.0	6.488381439355423e-05	genome_wide	raw	combined_db_spectrum_weight_raw	0.0552136899499165	0.0011751399780092465	GAT	76	135
protein_coding	expanded_neutral_like_T95	G[C>A]A	38	10	100.0	1.9612367825879203e-06	genome_wide	raw	combined_db_spectrum_weight_raw	0.0552136899499165	3.552084246437665e-05	GCA	133	202
protein_coding	expanded_neutral_like_T95	G[C>A]C	46	13	62.0	9.303988433761785e-07	genome_wide	raw	combined_db_spectrum_weight_raw	0.0552136899499165	1.6850872387267165e-05	GCC	204	264
protein_coding	expanded_neutral_like_T95	G[C>A]G	24	13	130.0	8.44296359192767e-06	genome_wide	raw	combined_db_spectrum_weight_raw	0.0552136899499165	0.00015291431526467716	GCG	37	61
protein_coding	expanded_neutral_like_T95	G[C>A]T	47	22	2963.0	6.379626122474009e-05	genome_wide	raw	combined_db_spectrum_weight_raw	0.0552136899499165	0.0011554428128713859	GCT	117	184
protein_coding	expanded_neutral_like_T95	G[C>G]A	38	4	24.0	4.706968278211008e-07	genome_wide	raw	combined_db_spectrum_weight_raw	0.0552136899499165	8.525002191450394e-06	GCA	133	202
protein_coding	expanded_neutral_like_T95	G[C>G]C	46	9	74.0	1.110476038868342e-06	genome_wide	raw	combined_db_spectrum_weight_raw	0.0552136899499165	2.0112331558996292e-05	GCC	204	264
protein_coding	expanded_neutral_like_T95	G[C>G]G	26	7	36.0	2.338051456226124e-06	genome_wide	raw	combined_db_spectrum_weight_raw	0.0552136899499165	4.2345502688679835e-05	GCG	37	61
protein_coding	expanded_neutral_like_T95	G[C>G]T	46	2	28.0	6.028671327346346e-07	genome_wide	raw	combined_db_spectrum_weight_raw	0.0552136899499165	1.0918798096658386e-05	GCT	117	184
protein_coding	expanded_neutral_like_T95	G[C>T]A	60	60	6022.0	0.00011810567904744456	genome_wide	raw	combined_db_spectrum_weight_raw	0.0552136899499165	0.0021390651332047618	GCA	133	202
protein_coding	expanded_neutral_like_T95	G[C>T]C	88	87	12146.0	0.00018226813470398492	genome_wide	raw	combined_db_spectrum_weight_raw	0.0552136899499165	0.0033011402583184996	GCC	204	264
protein_coding	expanded_neutral_like_T95	G[C>T]G	27	27	4457.0	0.00028946375945555097	genome_wide	raw	combined_db_spectrum_weight_raw	0.0552136899499165	0.005242608485651278	GCG	37	61
protein_coding	expanded_neutral_like_T95	G[C>T]T	73	71	10594.0	0.00022809908586395424	genome_wide	raw	combined_db_spectrum_weight_raw	0.0552136899499165	0.004131205251285677	GCT	117	184
protein_coding	expanded_neutral_like_T95	G[G>A]A	5	5	3375.0	0.00010206665469689424	genome_wide	raw	combined_db_spectrum_weight_raw	0.0552136899499165	0.001848575141228151	GGA	80	131
protein_coding	expanded_neutral_like_T95	G[G>A]C	25	25	231436.0	0.005803035493356558	genome_wide	raw	combined_db_spectrum_weight_raw	0.0552136899499165	0.10510138877913074	GGC	118	158
protein_coding	expanded_neutral_like_T95	G[G>A]G	23	23	23468.0	0.00072635262284236	genome_wide	raw	combined_db_spectrum_weight_raw	0.0552136899499165	0.013155299410367673	GGG	73	128
protein_coding	expanded_neutral_like_T95	G[G>A]T	29	28	39849.0	0.0012940140622104835	genome_wide	raw	combined_db_spectrum_weight_raw	0.0552136899499165	0.023436471342238925	GGT	59	122
protein_coding	expanded_neutral_like_T95	G[G>C]A	5	4	22.0	6.653233787649402e-07	genome_wide	raw	combined_db_spectrum_weight_raw	0.0552136899499165	1.2049971290968688e-05	GGA	80	131
protein_coding	expanded_neutral_like_T95	G[G>C]C	15	11	5425.0	0.0001360266663417071	genome_wide	raw	combined_db_spectrum_weight_raw	0.0552136899499165	0.0024636402034548827	GGC	118	158
protein_coding	expanded_neutral_like_T95	G[G>C]G	18	3	9.0	2.7855691177694054e-07	genome_wide	raw	combined_db_spectrum_weight_raw	0.0552136899499165	5.045069656268495e-06	GGG	73	128
protein_coding	expanded_neutral_like_T95	G[G>C]T	23	10	81.0	2.6303078882543893e-06	genome_wide	raw	combined_db_spectrum_weight_raw	0.0552136899499165	4.763869052476481e-05	GGT	59	122
protein_coding	expanded_neutral_like_T95	G[G>T]A	4	4	13.0	3.9314563290655563e-07	genome_wide	raw	combined_db_spectrum_weight_raw	0.0552136899499165	7.120437581026953e-06	GGA	80	131
protein_coding	expanded_neutral_like_T95	G[G>T]C	11	3	6.0	1.5044423927193412e-07	genome_wide	raw	combined_db_spectrum_weight_raw	0.0552136899499165	2.724763358659778e-06	GGC	118	158
protein_coding	expanded_neutral_like_T95	G[G>T]G	18	7	30.0	9.285230392564685e-07	genome_wide	raw	combined_db_spectrum_weight_raw	0.0552136899499165	1.681689885422832e-05	GGG	73	128
protein_coding	expanded_neutral_like_T95	G[G>T]T	21	4	37.0	1.2014986650050915e-06	genome_wide	raw	combined_db_spectrum_weight_raw	0.0552136899499165	2.1760883326127136e-05	GGT	59	122
protein_coding	expanded_neutral_like_T95	G[T>A]A	7	3	9.0	2.1350469884699633e-07	genome_wide	raw	combined_db_spectrum_weight_raw	0.0552136899499165	3.866879736541122e-06	GTA	88	167
protein_coding	expanded_neutral_like_T95	G[T>A]C	12	8	209.0	7.199956042373636e-06	genome_wide	raw	combined_db_spectrum_weight_raw	0.0552136899499165	0.00013040164584009157	GTC	70	115
protein_coding	expanded_neutral_like_T95	G[T>A]G	14	5	65.0	2.9598895351010795e-06	genome_wide	raw	combined_db_spectrum_weight_raw	0.0552136899499165	5.3607892133019006e-05	GTG	44	87
protein_coding	expanded_neutral_like_T95	G[T>A]T	20	5	30.0	8.675251753637078e-07	genome_wide	raw	combined_db_spectrum_weight_raw	0.0552136899499165	1.5712139075483394e-05	GTT	68	137
protein_coding	expanded_neutral_like_T95	G[T>C]A	25	25	14093.0	0.00033432463565007993	genome_wide	raw	combined_db_spectrum_weight_raw	0.0552136899499165	0.006055104014119337	GTA	88	167
protein_coding	expanded_neutral_like_T95	G[T>C]C	25	25	12571.0	0.0004330652986061195	genome_wide	raw	combined_db_spectrum_weight_raw	0.0552136899499165	0.007843440621319576	GTC	70	115
protein_coding	expanded_neutral_like_T95	G[T>C]G	21	20	8652.0	0.00039398406550299295	genome_wide	raw	combined_db_spectrum_weight_raw	0.0552136899499165	0.0071356228113058535	GTG	44	87
protein_coding	expanded_neutral_like_T95	G[T>C]T	32	32	13815.0	0.0003994953432549874	genome_wide	raw	combined_db_spectrum_weight_raw	0.0552136899499165	0.007235440044260102	GTT	68	137
protein_coding	expanded_neutral_like_T95	G[T>G]A	6	2	3.0	7.116823294899877e-08	genome_wide	raw	combined_db_spectrum_weight_raw	0.0552136899499165	1.2889599121803739e-06	GTA	88	167
protein_coding	expanded_neutral_like_T95	G[T>G]C	12	7	137.0	4.7195884105511395e-06	genome_wide	raw	combined_db_spectrum_weight_raw	0.0552136899499165	8.547859081383995e-05	GTC	70	115
protein_coding	expanded_neutral_like_T95	G[T>G]G	13	6	57.0	2.595595438473254e-06	genome_wide	raw	combined_db_spectrum_weight_raw	0.0552136899499165	4.7009997716647435e-05	GTG	44	87
protein_coding	expanded_neutral_like_T95	G[T>G]T	20	9	19.0	5.494326110636816e-07	genome_wide	raw	combined_db_spectrum_weight_raw	0.0552136899499165	9.951021414472816e-06	GTT	68	137
protein_coding	expanded_neutral_like_T95	T[A>C]A	190	8	24.0	2.365193015419462e-07	genome_wide	raw	combined_db_spectrum_weight_raw	0.0552136899499165	4.283707568838258e-06	TAA	238	402
protein_coding	expanded_neutral_like_T95	T[A>C]C	131	28	973.0	1.0589924304135312e-05	genome_wide	raw	combined_db_spectrum_weight_raw	0.0552136899499165	0.00019179888744514758	TAC	275	364
protein_coding	expanded_neutral_like_T95	T[A>C]G	166	31	122.0	1.738587024104198e-06	genome_wide	raw	combined_db_spectrum_weight_raw	0.0552136899499165	3.1488332434967555e-05	TAG	183	278
protein_coding	expanded_neutral_like_T95	T[A>C]T	111	22	69.0	8.283550992639525e-07	genome_wide	raw	combined_db_spectrum_weight_raw	0.0552136899499165	1.500271218995399e-05	TAT	253	330
protein_coding	expanded_neutral_like_T95	T[A>G]A	206	197	109946.0	0.0010835146303054507	genome_wide	raw	combined_db_spectrum_weight_raw	0.0552136899499165	0.019624021348478796	TAA	238	402
protein_coding	expanded_neutral_like_T95	T[A>G]C	165	162	69877.0	0.0007605263521069509	genome_wide	raw	combined_db_spectrum_weight_raw	0.0552136899499165	0.013774235208637799	TAC	275	364
protein_coding	expanded_neutral_like_T95	T[A>G]G	172	169	309345.0	0.004408386909602566	genome_wide	raw	combined_db_spectrum_weight_raw	0.0552136899499165	0.07984228030405768	TAG	183	278
protein_coding	expanded_neutral_like_T95	T[A>G]T	162	161	51339.0	0.000616332209291479	genome_wide	raw	combined_db_spectrum_weight_raw	0.0552136899499165	0.011162670161160114	TAT	253	330
protein_coding	expanded_neutral_like_T95	T[A>T]A	188	47	337.0	3.321125192484828e-06	genome_wide	raw	combined_db_spectrum_weight_raw	0.0552136899499165	6.015039377910388e-05	TAA	238	402
protein_coding	expanded_neutral_like_T95	T[A>T]C	134	54	1058.0	1.15150461600978e-05	genome_wide	raw	combined_db_spectrum_weight_raw	0.0552136899499165	0.0002085541859372725	TAC	275	364
protein_coding	expanded_neutral_like_T95	T[A>T]G	169	35	269.0	3.833441881016633e-06	genome_wide	raw	combined_db_spectrum_weight_raw	0.0552136899499165	6.942919200824814e-05	TAG	183	278
protein_coding	expanded_neutral_like_T95	T[A>T]T	112	17	135.0	1.6206947594294723e-06	genome_wide	raw	combined_db_spectrum_weight_raw	0.0552136899499165	2.9353132545562157e-05	TAT	253	330
protein_coding	expanded_neutral_like_T95	T[C>A]A	183	79	1033.0	1.0386889199885558e-05	genome_wide	raw	combined_db_spectrum_weight_raw	0.0552136899499165	0.00018812162725054867	TCA	294	394
protein_coding	expanded_neutral_like_T95	T[C>A]C	167	95	4377.0	4.91228143419898e-05	genome_wide	raw	combined_db_spectrum_weight_raw	0.0552136899499165	0.0008896854092988234	TCC	284	353
protein_coding	expanded_neutral_like_T95	T[C>A]G	69	26	6233.0	0.00020577721257548687	genome_wide	raw	combined_db_spectrum_weight_raw	0.0552136899499165	0.0037269237531877375	TCG	96	120
protein_coding	expanded_neutral_like_T95	T[C>A]T	155	91	4878.0	6.254098482665704e-05	genome_wide	raw	combined_db_spectrum_weight_raw	0.0552136899499165	0.0011327079368067415	TCT	243	309
protein_coding	expanded_neutral_like_T95	T[C>G]A	183	22	766.0	7.70218502140594e-06	genome_wide	raw	combined_db_spectrum_weight_raw	0.0552136899499165	0.00013949774102025195	TCA	294	394
protein_coding	expanded_neutral_like_T95	T[C>G]C	168	22	105.0	1.1784088430223735e-06	genome_wide	raw	combined_db_spectrum_weight_raw	0.0552136899499165	2.1342693163439905e-05	TCC	284	353
protein_coding	expanded_neutral_like_T95	T[C>G]G	71	3	45.0	1.4856368628103495e-06	genome_wide	raw	combined_db_spectrum_weight_raw	0.0552136899499165	2.690703816676531e-05	TCG	96	120
protein_coding	expanded_neutral_like_T95	T[C>G]T	153	6	19.0	2.4359957189554815e-07	genome_wide	raw	combined_db_spectrum_weight_raw	0.0552136899499165	4.411941533277591e-06	TCT	243	309
protein_coding	expanded_neutral_like_T95	T[C>T]A	195	194	48715.0	0.0004898328241746611	genome_wide	raw	combined_db_spectrum_weight_raw	0.0552136899499165	0.008871582837861063	TCA	294	394
protein_coding	expanded_neutral_like_T95	T[C>T]C	181	177	12770.0	0.00014331696119424485	genome_wide	raw	combined_db_spectrum_weight_raw	0.0552136899499165	0.0025956780161631196	TCC	284	353
protein_coding	expanded_neutral_like_T95	T[C>T]G	74	73	12136.0	0.00040065975482369784	genome_wide	raw	combined_db_spectrum_weight_raw	0.0552136899499165	0.0072565292264858625	TCG	96	120
protein_coding	expanded_neutral_like_T95	T[C>T]T	191	186	14579.0	0.00018691779782448404	genome_wide	raw	combined_db_spectrum_weight_raw	0.0552136899499165	0.0033853524007186318	TCT	243	309
protein_coding	expanded_neutral_like_T95	T[G>A]A	31	28	96840.0	0.0018182505376878894	genome_wide	raw	combined_db_spectrum_weight_raw	0.0552136899499165	0.03293115419993115	TGA	147	211
protein_coding	expanded_neutral_like_T95	T[G>A]C	47	45	93782.0	0.0029026249222516708	genome_wide	raw	combined_db_spectrum_weight_raw	0.0552136899499165	0.05257074694490801	TGC	82	128
protein_coding	expanded_neutral_like_T95	T[G>A]G	38	37	20620.0	0.0005876994170004682	genome_wide	raw	combined_db_spectrum_weight_raw	0.0552136899499165	0.010644088767361164	TGG	80	139
protein_coding	expanded_neutral_like_T95	T[G>A]T	42	41	25792.0	0.000830732703861345	genome_wide	raw	combined_db_spectrum_weight_raw	0.0552136899499165	0.015045774057392106	TGT	68	123
protein_coding	expanded_neutral_like_T95	T[G>C]A	30	14	216.0	4.0555774074822816e-06	genome_wide	raw	combined_db_spectrum_weight_raw	0.0552136899499165	7.345238855003232e-05	TGA	147	211
protein_coding	expanded_neutral_like_T95	T[G>C]C	38	19	184.0	5.694941307439673e-06	genome_wide	raw	combined_db_spectrum_weight_raw	0.0552136899499165	0.00010314364630593368	TGC	82	128
protein_coding	expanded_neutral_like_T95	T[G>C]G	33	7	45.0	1.2825641981096543e-06	genome_wide	raw	combined_db_spectrum_weight_raw	0.0552136899499165	2.3229097697926887e-05	TGG	80	139
protein_coding	expanded_neutral_like_T95	T[G>C]T	32	19	123.0	3.9616983008275985e-06	genome_wide	raw	combined_db_spectrum_weight_raw	0.0552136899499165	7.175210177804082e-05	TGT	68	123
protein_coding	expanded_neutral_like_T95	T[G>T]A	30	12	1682.0	3.158093147863517e-05	genome_wide	raw	combined_db_spectrum_weight_raw	0.0552136899499165	0.0005719764700979368	TGA	147	211
protein_coding	expanded_neutral_like_T95	T[G>T]C	37	2	4.0	1.2380307190086245e-07	genome_wide	raw	combined_db_spectrum_weight_raw	0.0552136899499165	2.2422531805637755e-06	TGC	82	128
protein_coding	expanded_neutral_like_T95	T[G>T]G	32	9	20.0	5.700285324931796e-07	genome_wide	raw	combined_db_spectrum_weight_raw	0.0552136899499165	1.0324043421300838e-05	TGG	80	139
protein_coding	expanded_neutral_like_T95	T[G>T]T	25	5	13.0	4.187160805752747e-07	genome_wide	raw	combined_db_spectrum_weight_raw	0.0552136899499165	7.5835554724758605e-06	TGT	68	123
protein_coding	expanded_neutral_like_T95	T[T>A]A	109	18	97.0	1.12693470727354e-06	genome_wide	raw	combined_db_spectrum_weight_raw	0.0552136899499165	2.0410421913401646e-05	TTA	211	341
protein_coding	expanded_neutral_like_T95	T[T>A]C	85	21	303.0	3.897385016723254e-06	genome_wide	raw	combined_db_spectrum_weight_raw	0.0552136899499165	7.05872949309947e-05	TTC	238	308
protein_coding	expanded_neutral_like_T95	T[T>A]G	57	11	127.0	3.20468588665672e-06	genome_wide	raw	combined_db_spectrum_weight_raw	0.0552136899499165	5.80415090815999e-05	TTG	90	157
protein_coding	expanded_neutral_like_T95	T[T>A]T	55	13	49.0	6.811340938264994e-07	genome_wide	raw	combined_db_spectrum_weight_raw	0.0552136899499165	1.2336326270610528e-05	TTT	178	285
protein_coding	expanded_neutral_like_T95	T[T>C]A	131	130	69901.0	0.0008121016801353372	genome_wide	raw	combined_db_spectrum_weight_raw	0.0552136899499165	0.014708339197615343	TTA	211	341
protein_coding	expanded_neutral_like_T95	T[T>C]C	97	94	50105.0	0.0006444834200096326	genome_wide	raw	combined_db_spectrum_weight_raw	0.0552136899499165	0.011672529414249141	TTC	238	308
protein_coding	expanded_neutral_like_T95	T[T>C]G	61	61	6859.0	0.00017307827162660192	genome_wide	raw	combined_db_spectrum_weight_raw	0.0552136899499165	0.003134698510162943	TTG	90	157
protein_coding	expanded_neutral_like_T95	T[T>C]T	75	74	22058.0	0.0003066215477882638	genome_wide	raw	combined_db_spectrum_weight_raw	0.0552136899499165	0.0055533609158597355	TTT	178	285
protein_coding	expanded_neutral_like_T95	T[T>G]A	110	5	8.0	9.294306864111669e-08	genome_wide	raw	combined_db_spectrum_weight_raw	0.0552136899499165	1.6833337660537437e-06	TTA	211	341
protein_coding	expanded_neutral_like_T95	T[T>G]C	82	9	60.0	7.717594092521296e-07	genome_wide	raw	combined_db_spectrum_weight_raw	0.0552136899499165	1.3977682164553408e-05	TTC	238	308
protein_coding	expanded_neutral_like_T95	T[T>G]G	57	5	6.0	1.5140248283417575e-07	genome_wide	raw	combined_db_spectrum_weight_raw	0.0552136899499165	2.7421185392881843e-06	TTG	90	157
protein_coding	expanded_neutral_like_T95	T[T>G]T	54	4	49.0	6.811340938264994e-07	genome_wide	raw	combined_db_spectrum_weight_raw	0.0552136899499165	1.2336326270610528e-05	TTT	178	285
protein_coding	unlabeled_out_of_neutral_domain_T95	A[A>C]A	193	0	0.0	0.0	genome_wide	raw	combined_db_spectrum_weight_raw	0.0552136899499165	0.0	AAA	269	490
protein_coding	unlabeled_out_of_neutral_domain_T95	A[A>C]C	234	17	36.0	3.0870376370085184e-07	genome_wide	raw	combined_db_spectrum_weight_raw	0.0552136899499165	5.591072865821363e-06	AAC	307	462
protein_coding	unlabeled_out_of_neutral_domain_T95	A[A>C]G	41	1	1.0	1.96123678258792e-08	genome_wide	raw	combined_db_spectrum_weight_raw	0.0552136899499165	3.5520842464376644e-07	AAG	85	202
protein_coding	unlabeled_out_of_neutral_domain_T95	A[A>C]T	193	10	12.0	1.3060543848882194e-07	genome_wide	raw	combined_db_spectrum_weight_raw	0.0552136899499165	2.365453904770577e-06	AAT	255	364
protein_coding	unlabeled_out_of_neutral_domain_T95	A[A>G]A	165	10	20.0	1.6170197146235098e-07	genome_wide	raw	combined_db_spectrum_weight_raw	0.0552136899499165	2.928657215430238e-06	AAA	269	490
protein_coding	unlabeled_out_of_neutral_domain_T95	A[A>G]C	120	64	250263.0	0.0021460313893073967	genome_wide	raw	combined_db_spectrum_weight_raw	0.0552136899499165	0.03886774079497366	AAC	307	462
protein_coding	unlabeled_out_of_neutral_domain_T95	A[A>G]G	27	8	22.0	4.3147209216934243e-07	genome_wide	raw	combined_db_spectrum_weight_raw	0.0552136899499165	7.814585342162863e-06	AAG	85	202
protein_coding	unlabeled_out_of_neutral_domain_T95	A[A>G]T	99	47	1230.0	1.3387057445104248e-05	genome_wide	raw	combined_db_spectrum_weight_raw	0.0552136899499165	0.0002424590252389841	AAT	255	364
protein_coding	unlabeled_out_of_neutral_domain_T95	A[A>T]A	191	9	15.0	1.2127647859676324e-07	genome_wide	raw	combined_db_spectrum_weight_raw	0.0552136899499165	2.1964929115726784e-06	AAA	269	490
protein_coding	unlabeled_out_of_neutral_domain_T95	A[A>T]C	225	15	24.0	2.0580250913390122e-07	genome_wide	raw	combined_db_spectrum_weight_raw	0.0552136899499165	3.727381910547575e-06	AAC	307	462
protein_coding	unlabeled_out_of_neutral_domain_T95	A[A>T]G	38	1	1.0	1.96123678258792e-08	genome_wide	raw	combined_db_spectrum_weight_raw	0.0552136899499165	3.5520842464376644e-07	AAG	85	202
protein_coding	unlabeled_out_of_neutral_domain_T95	A[A>T]T	183	11	21.0	2.2855951735543837e-07	genome_wide	raw	combined_db_spectrum_weight_raw	0.0552136899499165	4.139544333348509e-06	AAT	255	364
protein_coding	unlabeled_out_of_neutral_domain_T95	A[C>A]A	180	0	0.0	0.0	genome_wide	raw	combined_db_spectrum_weight_raw	0.0552136899499165	0.0	ACA	291	425
protein_coding	unlabeled_out_of_neutral_domain_T95	A[C>A]C	216	11	13.0	1.0888388564642449e-07	genome_wide	raw	combined_db_spectrum_weight_raw	0.0552136899499165	1.972045080580403e-06	ACC	324	473
protein_coding	unlabeled_out_of_neutral_domain_T95	A[C>A]G	35	2	2.0	6.772133847568545e-08	genome_wide	raw	combined_db_spectrum_weight_raw	0.0552136899499165	1.2265316543254844e-06	ACG	83	117
protein_coding	unlabeled_out_of_neutral_domain_T95	A[C>A]T	177	5	6.0	6.079332430937492e-08	genome_wide	raw	combined_db_spectrum_weight_raw	0.0552136899499165	1.101055270251266e-06	ACT	300	391
protein_coding	unlabeled_out_of_neutral_domain_T95	A[C>G]A	183	1	1.0	9.32164306077082e-09	genome_wide	raw	combined_db_spectrum_weight_raw	0.0552136899499165	1.6882847477186077e-07	ACA	291	425
protein_coding	unlabeled_out_of_neutral_domain_T95	A[C>G]C	212	18	33.0	2.763975558716929e-07	genome_wide	raw	combined_db_spectrum_weight_raw	0.0552136899499165	5.005960589165639e-06	ACC	324	473
protein_coding	unlabeled_out_of_neutral_domain_T95	A[C>G]G	34	0	0.0	0.0	genome_wide	raw	combined_db_spectrum_weight_raw	0.0552136899499165	0.0	ACG	83	117
protein_coding	unlabeled_out_of_neutral_domain_T95	A[C>G]T	190	5	7.0	7.092554502760408e-08	genome_wide	raw	combined_db_spectrum_weight_raw	0.0552136899499165	1.2845644819598103e-06	ACT	300	391
protein_coding	unlabeled_out_of_neutral_domain_T95	A[C>T]A	139	25	64.0	5.965851558893325e-07	genome_wide	raw	combined_db_spectrum_weight_raw	0.0552136899499165	1.0805022385399089e-05	ACA	291	425
protein_coding	unlabeled_out_of_neutral_domain_T95	A[C>T]C	143	34	77.0	6.449276303672836e-07	genome_wide	raw	combined_db_spectrum_weight_raw	0.0552136899499165	1.1680574708053159e-05	ACC	324	473
protein_coding	unlabeled_out_of_neutral_domain_T95	A[C>T]G	27	3	7.0	2.370246846648991e-07	genome_wide	raw	combined_db_spectrum_weight_raw	0.0552136899499165	4.292860790139195e-06	ACG	83	117
protein_coding	unlabeled_out_of_neutral_domain_T95	A[C>T]T	80	18	154413.0	0.0015645465977639182	genome_wide	raw	combined_db_spectrum_weight_raw	0.0552136899499165	0.028336207907551453	ACT	300	391
protein_coding	unlabeled_out_of_neutral_domain_T95	A[G>A]A	57	11	22.0	4.952122876034498e-07	genome_wide	raw	combined_db_spectrum_weight_raw	0.0552136899499165	8.969012722255102e-06	AGA	81	176
protein_coding	unlabeled_out_of_neutral_domain_T95	A[G>A]C	100	55	307.0	4.390763098751165e-06	genome_wide	raw	combined_db_spectrum_weight_raw	0.0552136899499165	7.952308753017521e-05	AGC	176	277
protein_coding	unlabeled_out_of_neutral_domain_T95	A[G>A]G	91	28	71.0	1.4961732944614867e-06	genome_wide	raw	combined_db_spectrum_weight_raw	0.0552136899499165	2.709786822468563e-05	AGG	119	188
protein_coding	unlabeled_out_of_neutral_domain_T95	A[G>A]T	32	20	82.0	1.7849409926805665e-06	genome_wide	raw	combined_db_spectrum_weight_raw	0.0552136899499165	3.232787003186455e-05	AGT	92	182
protein_coding	unlabeled_out_of_neutral_domain_T95	A[G>C]A	72	2	3.0	6.752894830956134e-08	genome_wide	raw	combined_db_spectrum_weight_raw	0.0552136899499165	1.223047189398423e-06	AGA	81	176
protein_coding	unlabeled_out_of_neutral_domain_T95	A[G>C]C	151	14	36.0	5.148777575082799e-07	genome_wide	raw	combined_db_spectrum_weight_raw	0.0552136899499165	9.325182902561262e-06	AGC	176	277
protein_coding	unlabeled_out_of_neutral_domain_T95	A[G>C]G	107	2	3.0	6.321858990682338e-08	genome_wide	raw	combined_db_spectrum_weight_raw	0.0552136899499165	1.1449803475219282e-06	AGG	119	188
protein_coding	unlabeled_out_of_neutral_domain_T95	A[G>C]T	71	12	18.0	3.918163154664658e-07	genome_wide	raw	combined_db_spectrum_weight_raw	0.0552136899499165	7.0963617143117295e-06	AGT	92	182
protein_coding	unlabeled_out_of_neutral_domain_T95	A[G>T]A	77	3	4.0	9.003859774608178e-08	genome_wide	raw	combined_db_spectrum_weight_raw	0.0552136899499165	1.6307295858645642e-06	AGA	81	176
protein_coding	unlabeled_out_of_neutral_domain_T95	A[G>T]C	157	17	28.0	4.0046047806199557e-07	genome_wide	raw	combined_db_spectrum_weight_raw	0.0552136899499165	7.252920035325427e-06	AGC	176	277
protein_coding	unlabeled_out_of_neutral_domain_T95	A[G>T]G	106	2	2.0	4.2145726604548925e-08	genome_wide	raw	combined_db_spectrum_weight_raw	0.0552136899499165	7.633202316812854e-07	AGG	119	188
protein_coding	unlabeled_out_of_neutral_domain_T95	A[G>T]T	75	2	2.0	4.3535146162940644e-08	genome_wide	raw	combined_db_spectrum_weight_raw	0.0552136899499165	7.884846349235255e-07	AGT	92	182
protein_coding	unlabeled_out_of_neutral_domain_T95	A[T>A]A	214	5	6.0	6.584540112178835e-08	genome_wide	raw	combined_db_spectrum_weight_raw	0.0552136899499165	1.1925557082222852e-06	ATA	248	361
protein_coding	unlabeled_out_of_neutral_domain_T95	A[T>A]C	252	10	11.0	1.2451051802601026e-07	genome_wide	raw	combined_db_spectrum_weight_raw	0.0552136899499165	2.255066055881283e-06	ATC	282	350
protein_coding	unlabeled_out_of_neutral_domain_T95	A[T>A]G	93	1	1.0	2.2509649436520446e-08	genome_wide	raw	combined_db_spectrum_weight_raw	0.0552136899499165	4.0768239646614104e-07	ATG	121	176
protein_coding	unlabeled_out_of_neutral_domain_T95	A[T>A]T	217	8	11.0	1.2742304476346078e-07	genome_wide	raw	combined_db_spectrum_weight_raw	0.0552136899499165	2.3078161390597924e-06	ATT	246	342
protein_coding	unlabeled_out_of_neutral_domain_T95	A[T>C]A	147	73	272.0	2.9849915175210716e-06	genome_wide	raw	combined_db_spectrum_weight_raw	0.0552136899499165	5.406252543941026e-05	ATA	248	361
protein_coding	unlabeled_out_of_neutral_domain_T95	A[T>C]C	177	95	310.0	3.5089327807330163e-06	genome_wide	raw	combined_db_spectrum_weight_raw	0.0552136899499165	6.355186157483616e-05	ATC	282	350
protein_coding	unlabeled_out_of_neutral_domain_T95	A[T>C]G	73	12	35.0	7.878377302782156e-07	genome_wide	raw	combined_db_spectrum_weight_raw	0.0552136899499165	1.4268883876314936e-05	ATG	121	176
protein_coding	unlabeled_out_of_neutral_domain_T95	A[T>C]T	141	66	34623.0	0.00040106982534957297	genome_wide	raw	combined_db_spectrum_weight_raw	0.0552136899499165	0.007263956198424291	ATT	246	342
protein_coding	unlabeled_out_of_neutral_domain_T95	A[T>G]A	212	2	2.0	2.1948467040596114e-08	genome_wide	raw	combined_db_spectrum_weight_raw	0.0552136899499165	3.975185694074284e-07	ATA	248	361
protein_coding	unlabeled_out_of_neutral_domain_T95	A[T>G]C	244	18	54.0	6.112334521276867e-07	genome_wide	raw	combined_db_spectrum_weight_raw	0.0552136899499165	1.10703242743263e-05	ATC	282	350
protein_coding	unlabeled_out_of_neutral_domain_T95	A[T>G]G	94	5	5.0	1.1254824718260223e-07	genome_wide	raw	combined_db_spectrum_weight_raw	0.0552136899499165	2.0384119823307053e-06	ATG	121	176
protein_coding	unlabeled_out_of_neutral_domain_T95	A[T>G]T	216	7	8.0	9.267130528251693e-08	genome_wide	raw	combined_db_spectrum_weight_raw	0.0552136899499165	1.6784117374980308e-06	ATT	246	342
protein_coding	unlabeled_out_of_neutral_domain_T95	C[A>C]A	176	5	5.0	4.6718140339948104e-08	genome_wide	raw	combined_db_spectrum_weight_raw	0.0552136899499165	8.461332756844437e-07	CAA	281	424
protein_coding	unlabeled_out_of_neutral_domain_T95	C[A>C]C	211	12	17.0	1.5959448131296016e-07	genome_wide	raw	combined_db_spectrum_weight_raw	0.0552136899499165	2.8904875123855314e-06	CAC	307	422
protein_coding	unlabeled_out_of_neutral_domain_T95	C[A>C]G	23	0	0.0	0.0	genome_wide	raw	combined_db_spectrum_weight_raw	0.0552136899499165	0.0	CAG	118	200
protein_coding	unlabeled_out_of_neutral_domain_T95	C[A>C]T	189	22	57.0	5.617333411621222e-07	genome_wide	raw	combined_db_spectrum_weight_raw	0.0552136899499165	1.0173805475990864e-05	CAT	313	402
protein_coding	unlabeled_out_of_neutral_domain_T95	C[A>G]A	160	19	25.0	2.335907016997405e-07	genome_wide	raw	combined_db_spectrum_weight_raw	0.0552136899499165	4.230666378422219e-06	CAA	281	424
protein_coding	unlabeled_out_of_neutral_domain_T95	C[A>G]C	157	45	254886.0	0.0023928469978785386	genome_wide	raw	combined_db_spectrum_weight_raw	0.0552136899499165	0.04333792941658226	CAC	307	422
protein_coding	unlabeled_out_of_neutral_domain_T95	C[A>G]G	18	4	5.0	9.904245752068997e-08	genome_wide	raw	combined_db_spectrum_weight_raw	0.0552136899499165	1.7938025444510207e-06	CAG	118	200
protein_coding	unlabeled_out_of_neutral_domain_T95	C[A>G]T	126	51	119.0	1.17274153681215e-06	genome_wide	raw	combined_db_spectrum_weight_raw	0.0552136899499165	2.124005002882303e-05	CAT	313	402
protein_coding	unlabeled_out_of_neutral_domain_T95	C[A>T]A	172	8	13.0	1.2146716488386506e-07	genome_wide	raw	combined_db_spectrum_weight_raw	0.0552136899499165	2.1999465167795537e-06	CAA	281	424
protein_coding	unlabeled_out_of_neutral_domain_T95	C[A>T]C	195	20	54.0	5.069471759352852e-07	genome_wide	raw	combined_db_spectrum_weight_raw	0.0552136899499165	9.18154856875404e-06	CAC	307	422
protein_coding	unlabeled_out_of_neutral_domain_T95	C[A>T]G	21	0	0.0	0.0	genome_wide	raw	combined_db_spectrum_weight_raw	0.0552136899499165	0.0	CAG	118	200
protein_coding	unlabeled_out_of_neutral_domain_T95	C[A>T]T	202	9	9.0	8.869473807822982e-08	genome_wide	raw	combined_db_spectrum_weight_raw	0.0552136899499165	1.606390338314347e-06	CAT	313	402
protein_coding	unlabeled_out_of_neutral_domain_T95	C[C>A]A	136	2	5.0	4.66082153038541e-08	genome_wide	raw	combined_db_spectrum_weight_raw	0.0552136899499165	8.441423738593038e-07	CCA	300	425
protein_coding	unlabeled_out_of_neutral_domain_T95	C[C>A]C	215	3	6.0	4.1848925712967596e-08	genome_wide	raw	combined_db_spectrum_weight_raw	0.0552136899499165	7.579447370919806e-07	CCC	402	568
protein_coding	unlabeled_out_of_neutral_domain_T95	C[C>A]G	24	0	0.0	0.0	genome_wide	raw	combined_db_spectrum_weight_raw	0.0552136899499165	0.0	CCG	91	137
protein_coding	unlabeled_out_of_neutral_domain_T95	C[C>A]T	227	31	45.0	3.3764474154780674e-07	genome_wide	raw	combined_db_spectrum_weight_raw	0.0552136899499165	6.115235946992116e-06	CCT	421	528
protein_coding	unlabeled_out_of_neutral_domain_T95	C[C>G]A	140	2	2.0	1.864328612154164e-08	genome_wide	raw	combined_db_spectrum_weight_raw	0.0552136899499165	3.3765694954372153e-07	CCA	300	425
protein_coding	unlabeled_out_of_neutral_domain_T95	C[C>G]C	221	1	1.0	6.974820952161265e-09	genome_wide	raw	combined_db_spectrum_weight_raw	0.0552136899499165	1.263241228486634e-07	CCC	402	568
protein_coding	unlabeled_out_of_neutral_domain_T95	C[C>G]G	24	0	0.0	0.0	genome_wide	raw	combined_db_spectrum_weight_raw	0.0552136899499165	0.0	CCG	91	137
protein_coding	unlabeled_out_of_neutral_domain_T95	C[C>G]T	262	1	1.0	7.50321647884015e-09	genome_wide	raw	combined_db_spectrum_weight_raw	0.0552136899499165	1.3589413215538037e-07	CCT	421	528
protein_coding	unlabeled_out_of_neutral_domain_T95	C[C>T]A	128	9	14.0	1.305030028507915e-07	genome_wide	raw	combined_db_spectrum_weight_raw	0.0552136899499165	2.3635986468060506e-06	CCA	300	425
protein_coding	unlabeled_out_of_neutral_domain_T95	C[C>T]C	193	23	59.0	4.1151443617751466e-07	genome_wide	raw	combined_db_spectrum_weight_raw	0.0552136899499165	7.453123248071142e-06	CCC	402	568
protein_coding	unlabeled_out_of_neutral_domain_T95	C[C>T]G	24	2	2.0	5.783501169091385e-08	genome_wide	raw	combined_db_spectrum_weight_raw	0.0552136899499165	1.0474759383655596e-06	CCG	91	137
protein_coding	unlabeled_out_of_neutral_domain_T95	C[C>T]T	101	16	25.0	1.8758041197100373e-07	genome_wide	raw	combined_db_spectrum_weight_raw	0.0552136899499165	3.397353303884509e-06	CCT	421	528
protein_coding	unlabeled_out_of_neutral_domain_T95	C[G>A]A	56	22	46.0	1.4816107466509719e-06	genome_wide	raw	combined_db_spectrum_weight_raw	0.0552136899499165	2.683411936414535e-05	CGA	81	123
protein_coding	unlabeled_out_of_neutral_domain_T95	C[G>A]C	64	36	145.0	3.881393605540553e-06	genome_wide	raw	combined_db_spectrum_weight_raw	0.0552136899499165	7.029766728254e-05	CGC	116	148
protein_coding	unlabeled_out_of_neutral_domain_T95	C[G>A]G	45	10	16.0	7.546092001576379e-07	genome_wide	raw	combined_db_spectrum_weight_raw	0.0552136899499165	1.366706700534111e-05	CGG	58	84
protein_coding	unlabeled_out_of_neutral_domain_T95	C[G>A]T	26	16	116.0	5.744462536200019e-06	genome_wide	raw	combined_db_spectrum_weight_raw	0.0552136899499165	0.00010404054757815921	CGT	52	80
protein_coding	unlabeled_out_of_neutral_domain_T95	C[G>C]A	70	5	12.0	3.8650715130025357e-07	genome_wide	raw	combined_db_spectrum_weight_raw	0.0552136899499165	7.000205051516179e-06	CGA	81	123
protein_coding	unlabeled_out_of_neutral_domain_T95	C[G>C]C	96	5	6.0	1.6060939057409184e-07	genome_wide	raw	combined_db_spectrum_weight_raw	0.0552136899499165	2.908868991001655e-06	CGC	116	148
protein_coding	unlabeled_out_of_neutral_domain_T95	C[G>C]G	52	1	1.0	4.716307500985237e-08	genome_wide	raw	combined_db_spectrum_weight_raw	0.0552136899499165	8.541916878338194e-07	CGG	58	84
protein_coding	unlabeled_out_of_neutral_domain_T95	C[G>C]T	42	6	11.0	5.447335163637948e-07	genome_wide	raw	combined_db_spectrum_weight_raw	0.0552136899499165	9.865913994480613e-06	CGT	52	80
protein_coding	unlabeled_out_of_neutral_domain_T95	C[G>T]A	72	1	1.0	3.220892927502113e-08	genome_wide	raw	combined_db_spectrum_weight_raw	0.0552136899499165	5.833504209596816e-07	CGA	81	123
protein_coding	unlabeled_out_of_neutral_domain_T95	C[G>T]C	93	9	12.0	3.212187811481837e-07	genome_wide	raw	combined_db_spectrum_weight_raw	0.0552136899499165	5.81773798200331e-06	CGC	116	148
protein_coding	unlabeled_out_of_neutral_domain_T95	C[G>T]G	52	1	1.0	4.716307500985237e-08	genome_wide	raw	combined_db_spectrum_weight_raw	0.0552136899499165	8.541916878338194e-07	CGG	58	84
protein_coding	unlabeled_out_of_neutral_domain_T95	C[G>T]T	44	1	1.0	4.9521228760344985e-08	genome_wide	raw	combined_db_spectrum_weight_raw	0.0552136899499165	8.969012722255103e-07	CGT	52	80
protein_coding	unlabeled_out_of_neutral_domain_T95	C[T>A]A	321	2	2.0	1.5752279526153475e-08	genome_wide	raw	combined_db_spectrum_weight_raw	0.0552136899499165	2.852966273480749e-07	CTA	404	503
protein_coding	unlabeled_out_of_neutral_domain_T95	C[T>A]C	268	10	11.0	1.076016822447002e-07	genome_wide	raw	combined_db_spectrum_weight_raw	0.0552136899499165	1.9488225174282693e-06	CTC	327	405
protein_coding	unlabeled_out_of_neutral_domain_T95	C[T>A]G	97	3	3.0	6.639717822616087e-08	genome_wide	raw	combined_db_spectrum_weight_raw	0.0552136899499165	1.20254919181074e-06	CTG	124	179
protein_coding	unlabeled_out_of_neutral_domain_T95	C[T>A]T	183	14	30.0	3.6569522776870145e-07	genome_wide	raw	combined_db_spectrum_weight_raw	0.0552136899499165	6.623270933357615e-06	CTT	226	325
protein_coding	unlabeled_out_of_neutral_domain_T95	C[T>C]A	299	56	138.0	1.0869072873045896e-06	genome_wide	raw	combined_db_spectrum_weight_raw	0.0552136899499165	1.9685467287017165e-05	CTA	404	503
protein_coding	unlabeled_out_of_neutral_domain_T95	C[T>C]C	252	48	84.0	8.216855735049834e-07	genome_wide	raw	combined_db_spectrum_weight_raw	0.0552136899499165	1.4881917405815874e-05	CTC	327	405
protein_coding	unlabeled_out_of_neutral_domain_T95	C[T>C]G	94	8	12.0	2.655887129046435e-07	genome_wide	raw	combined_db_spectrum_weight_raw	0.0552136899499165	4.81019676724296e-06	CTG	124	179
protein_coding	unlabeled_out_of_neutral_domain_T95	C[T>C]T	117	38	123.0	1.4993504338516758e-06	genome_wide	raw	combined_db_spectrum_weight_raw	0.0552136899499165	2.715541082676622e-05	CTT	226	325
protein_coding	unlabeled_out_of_neutral_domain_T95	C[T>G]A	327	3	3.0	2.3628419289230212e-08	genome_wide	raw	combined_db_spectrum_weight_raw	0.0552136899499165	4.279449410221123e-07	CTA	404	503
protein_coding	unlabeled_out_of_neutral_domain_T95	C[T>G]C	267	15	19.0	1.8585745114993673e-07	genome_wide	raw	combined_db_spectrum_weight_raw	0.0552136899499165	3.3661479846488288e-06	CTC	327	405
protein_coding	unlabeled_out_of_neutral_domain_T95	C[T>G]G	96	2	2.0	4.426478548410725e-08	genome_wide	raw	combined_db_spectrum_weight_raw	0.0552136899499165	8.016994612071601e-07	CTG	124	179
protein_coding	unlabeled_out_of_neutral_domain_T95	C[T>G]T	184	5	6.0	7.313904555374028e-08	genome_wide	raw	combined_db_spectrum_weight_raw	0.0552136899499165	1.3246541866715229e-06	CTT	226	325
protein_coding	unlabeled_out_of_neutral_domain_T95	G[A>C]A	73	1	1.0	1.9709941795162182e-08	genome_wide	raw	combined_db_spectrum_weight_raw	0.0552136899499165	3.569756307365215e-07	GAA	121	201
protein_coding	unlabeled_out_of_neutral_domain_T95	G[A>C]C	68	4	4.0	9.904245752068997e-08	genome_wide	raw	combined_db_spectrum_weight_raw	0.0552136899499165	1.7938025444510207e-06	GAC	111	160
protein_coding	unlabeled_out_of_neutral_domain_T95	G[A>C]G	28	0	0.0	0.0	genome_wide	raw	combined_db_spectrum_weight_raw	0.0552136899499165	0.0	GAG	82	143
protein_coding	unlabeled_out_of_neutral_domain_T95	G[A>C]T	31	2	4.0	1.1738365335785477e-07	genome_wide	raw	combined_db_spectrum_weight_raw	0.0552136899499165	2.125988200830839e-06	GAT	76	135
protein_coding	unlabeled_out_of_neutral_domain_T95	G[A>G]A	68	16	33.0	6.50428079240352e-07	genome_wide	raw	combined_db_spectrum_weight_raw	0.0552136899499165	1.178019581430521e-05	GAA	121	201
protein_coding	unlabeled_out_of_neutral_domain_T95	G[A>G]C	51	13	45.0	1.1142276471077622e-06	genome_wide	raw	combined_db_spectrum_weight_raw	0.0552136899499165	2.018027862507398e-05	GAC	111	160
protein_coding	unlabeled_out_of_neutral_domain_T95	G[A>G]G	24	6	21.0	5.817878623592977e-07	genome_wide	raw	combined_db_spectrum_weight_raw	0.0552136899499165	1.0537021939432568e-05	GAG	82	143
protein_coding	unlabeled_out_of_neutral_domain_T95	G[A>G]T	24	10	20.0	5.869182667892739e-07	genome_wide	raw	combined_db_spectrum_weight_raw	0.0552136899499165	1.0629941004154197e-05	GAT	76	135
protein_coding	unlabeled_out_of_neutral_domain_T95	G[A>T]A	73	2	4.0	7.883976718064873e-08	genome_wide	raw	combined_db_spectrum_weight_raw	0.0552136899499165	1.427902522946086e-06	GAA	121	201
protein_coding	unlabeled_out_of_neutral_domain_T95	G[A>T]C	65	0	0.0	0.0	genome_wide	raw	combined_db_spectrum_weight_raw	0.0552136899499165	0.0	GAC	111	160
protein_coding	unlabeled_out_of_neutral_domain_T95	G[A>T]G	27	0	0.0	0.0	genome_wide	raw	combined_db_spectrum_weight_raw	0.0552136899499165	0.0	GAG	82	143
protein_coding	unlabeled_out_of_neutral_domain_T95	G[A>T]T	34	0	0.0	0.0	genome_wide	raw	combined_db_spectrum_weight_raw	0.0552136899499165	0.0	GAT	76	135
protein_coding	unlabeled_out_of_neutral_domain_T95	G[C>A]A	95	1	1.0	1.96123678258792e-08	genome_wide	raw	combined_db_spectrum_weight_raw	0.0552136899499165	3.5520842464376644e-07	GCA	133	202
protein_coding	unlabeled_out_of_neutral_domain_T95	G[C>A]C	158	4	5.0	7.50321647884015e-08	genome_wide	raw	combined_db_spectrum_weight_raw	0.0552136899499165	1.3589413215538038e-06	GCC	204	264
protein_coding	unlabeled_out_of_neutral_domain_T95	G[C>A]G	13	0	0.0	0.0	genome_wide	raw	combined_db_spectrum_weight_raw	0.0552136899499165	0.0	GCG	37	61
protein_coding	unlabeled_out_of_neutral_domain_T95	G[C>A]T	70	1	1.0	2.153096902623695e-08	genome_wide	raw	combined_db_spectrum_weight_raw	0.0552136899499165	3.8995707488065667e-07	GCT	117	184
protein_coding	unlabeled_out_of_neutral_domain_T95	G[C>G]A	95	2	3.0	5.8837103477637607e-08	genome_wide	raw	combined_db_spectrum_weight_raw	0.0552136899499165	1.0656252739312995e-06	GCA	133	202
protein_coding	unlabeled_out_of_neutral_domain_T95	G[C>G]C	158	8	15.0	2.250964943652045e-07	genome_wide	raw	combined_db_spectrum_weight_raw	0.0552136899499165	4.0768239646614105e-06	GCC	204	264
protein_coding	unlabeled_out_of_neutral_domain_T95	G[C>G]G	11	0	0.0	0.0	genome_wide	raw	combined_db_spectrum_weight_raw	0.0552136899499165	0.0	GCG	37	61
protein_coding	unlabeled_out_of_neutral_domain_T95	G[C>G]T	71	2	2.0	4.30619380524739e-08	genome_wide	raw	combined_db_spectrum_weight_raw	0.0552136899499165	7.799141497613133e-07	GCT	117	184
protein_coding	unlabeled_out_of_neutral_domain_T95	G[C>T]A	72	16	44.0	8.629441843386849e-07	genome_wide	raw	combined_db_spectrum_weight_raw	0.0552136899499165	1.5629170684325725e-05	GCA	133	202
protein_coding	unlabeled_out_of_neutral_domain_T95	G[C>T]C	115	34	80.0	1.2005146366144239e-06	genome_wide	raw	combined_db_spectrum_weight_raw	0.0552136899499165	2.1743061144860857e-05	GCC	204	264
protein_coding	unlabeled_out_of_neutral_domain_T95	G[C>T]G	9	2	22.0	1.428809223249298e-06	genome_wide	raw	combined_db_spectrum_weight_raw	0.0552136899499165	2.5877807198637677e-05	GCG	37	61
protein_coding	unlabeled_out_of_neutral_domain_T95	G[C>T]T	43	7	13.0	2.799025973410804e-07	genome_wide	raw	combined_db_spectrum_weight_raw	0.0552136899499165	5.069441973448537e-06	GCT	117	184
protein_coding	unlabeled_out_of_neutral_domain_T95	G[G>A]A	74	18	58.0	1.7540343621984789e-06	genome_wide	raw	combined_db_spectrum_weight_raw	0.0552136899499165	3.1768106130735634e-05	GGA	80	131
protein_coding	unlabeled_out_of_neutral_domain_T95	G[G>A]C	93	25	196.0	4.914511816216515e-06	genome_wide	raw	combined_db_spectrum_weight_raw	0.0552136899499165	8.900893638288609e-05	GGC	118	158
protein_coding	unlabeled_out_of_neutral_domain_T95	G[G>A]G	50	11	19.0	5.880645915290967e-07	genome_wide	raw	combined_db_spectrum_weight_raw	0.0552136899499165	1.0650702607677935e-05	GGG	73	128
protein_coding	unlabeled_out_of_neutral_domain_T95	G[G>A]T	30	9	16.0	5.195669902724719e-07	genome_wide	raw	combined_db_spectrum_weight_raw	0.0552136899499165	9.410111708595517e-06	GGT	59	122
protein_coding	unlabeled_out_of_neutral_domain_T95	G[G>C]A	75	5	14.0	4.233876046685984e-07	genome_wide	raw	combined_db_spectrum_weight_raw	0.0552136899499165	7.668163548798257e-06	GGA	80	131
protein_coding	unlabeled_out_of_neutral_domain_T95	G[G>C]C	102	21	56.0	1.4041462332047185e-06	genome_wide	raw	combined_db_spectrum_weight_raw	0.0552136899499165	2.5431124680824595e-05	GGC	118	158
protein_coding	unlabeled_out_of_neutral_domain_T95	G[G>C]G	55	1	1.0	3.0950767975215613e-08	genome_wide	raw	combined_db_spectrum_weight_raw	0.0552136899499165	5.605632951409439e-07	GGG	73	128
protein_coding	unlabeled_out_of_neutral_domain_T95	G[G>C]T	36	1	2.0	6.494587378405899e-08	genome_wide	raw	combined_db_spectrum_weight_raw	0.0552136899499165	1.1762639635744396e-06	GGT	59	122
protein_coding	unlabeled_out_of_neutral_domain_T95	G[G>T]A	76	2	4.0	1.2096788704817096e-07	genome_wide	raw	combined_db_spectrum_weight_raw	0.0552136899499165	2.1909038710852164e-06	GGA	80	131
protein_coding	unlabeled_out_of_neutral_domain_T95	G[G>T]C	107	4	8.0	2.0059231902924553e-07	genome_wide	raw	combined_db_spectrum_weight_raw	0.0552136899499165	3.633017811546371e-06	GGC	118	158
protein_coding	unlabeled_out_of_neutral_domain_T95	G[G>T]G	55	2	2.0	6.190153595043123e-08	genome_wide	raw	combined_db_spectrum_weight_raw	0.0552136899499165	1.1211265902818877e-06	GGG	73	128
protein_coding	unlabeled_out_of_neutral_domain_T95	G[G>T]T	38	2	2.0	6.494587378405899e-08	genome_wide	raw	combined_db_spectrum_weight_raw	0.0552136899499165	1.1762639635744396e-06	GGT	59	122
protein_coding	unlabeled_out_of_neutral_domain_T95	G[T>A]A	81	1	1.0	2.3722744316332926e-08	genome_wide	raw	combined_db_spectrum_weight_raw	0.0552136899499165	4.296533040601247e-07	GTA	88	167
protein_coding	unlabeled_out_of_neutral_domain_T95	G[T>A]C	58	1	1.0	3.444955044197912e-08	genome_wide	raw	combined_db_spectrum_weight_raw	0.0552136899499165	6.239313198090507e-07	GTC	70	115
protein_coding	unlabeled_out_of_neutral_domain_T95	G[T>A]G	30	0	0.0	0.0	genome_wide	raw	combined_db_spectrum_weight_raw	0.0552136899499165	0.0	GTG	44	87
protein_coding	unlabeled_out_of_neutral_domain_T95	G[T>A]T	48	0	0.0	0.0	genome_wide	raw	combined_db_spectrum_weight_raw	0.0552136899499165	0.0	GTT	68	137
protein_coding	unlabeled_out_of_neutral_domain_T95	G[T>C]A	62	32	107.0	2.538333641847623e-06	genome_wide	raw	combined_db_spectrum_weight_raw	0.0552136899499165	4.597290353443334e-05	GTA	88	167
protein_coding	unlabeled_out_of_neutral_domain_T95	G[T>C]C	44	32	273.0	9.4047272706603e-06	genome_wide	raw	combined_db_spectrum_weight_raw	0.0552136899499165	0.00017033325030787084	GTC	70	115
protein_coding	unlabeled_out_of_neutral_domain_T95	G[T>C]G	23	7	12.0	5.464411449417377e-07	genome_wide	raw	combined_db_spectrum_weight_raw	0.0552136899499165	9.896841624557355e-06	GTG	44	87
protein_coding	unlabeled_out_of_neutral_domain_T95	G[T>C]T	35	22	142.0	4.106285830054883e-06	genome_wide	raw	combined_db_spectrum_weight_raw	0.0552136899499165	7.437079162395472e-05	GTT	68	137
protein_coding	unlabeled_out_of_neutral_domain_T95	G[T>G]A	82	5	7.0	1.660592102143305e-07	genome_wide	raw	combined_db_spectrum_weight_raw	0.0552136899499165	3.007573128420873e-06	GTA	88	167
protein_coding	unlabeled_out_of_neutral_domain_T95	G[T>G]C	58	4	4.0	1.3779820176791649e-07	genome_wide	raw	combined_db_spectrum_weight_raw	0.0552136899499165	2.4957252792362028e-06	GTC	70	115
protein_coding	unlabeled_out_of_neutral_domain_T95	G[T>G]G	31	3	3.0	1.3661028623543443e-07	genome_wide	raw	combined_db_spectrum_weight_raw	0.0552136899499165	2.474210406139339e-06	GTG	44	87
protein_coding	unlabeled_out_of_neutral_domain_T95	G[T>G]T	48	1	1.0	2.8917505845456926e-08	genome_wide	raw	combined_db_spectrum_weight_raw	0.0552136899499165	5.237379691827798e-07	GTT	68	137
protein_coding	unlabeled_out_of_neutral_domain_T95	T[A>C]A	48	0	0.0	0.0	genome_wide	raw	combined_db_spectrum_weight_raw	0.0552136899499165	0.0	TAA	238	402
protein_coding	unlabeled_out_of_neutral_domain_T95	T[A>C]C	144	3	3.0	3.265135962220548e-08	genome_wide	raw	combined_db_spectrum_weight_raw	0.0552136899499165	5.913634761926441e-07	TAC	275	364
protein_coding	unlabeled_out_of_neutral_domain_T95	T[A>C]G	17	0	0.0	0.0	genome_wide	raw	combined_db_spectrum_weight_raw	0.0552136899499165	0.0	TAG	183	278
protein_coding	unlabeled_out_of_neutral_domain_T95	T[A>C]T	142	11	51.0	6.122624646733562e-07	genome_wide	raw	combined_db_spectrum_weight_raw	0.0552136899499165	1.1088961183879037e-05	TAT	253	330
protein_coding	unlabeled_out_of_neutral_domain_T95	T[A>G]A	32	7	12200.0	0.00012023064495048932	genome_wide	raw	combined_db_spectrum_weight_raw	0.0552136899499165	0.0021775513474927813	TAA	238	402
protein_coding	unlabeled_out_of_neutral_domain_T95	T[A>G]C	108	36	81.0	8.815867097995481e-07	genome_wide	raw	combined_db_spectrum_weight_raw	0.0552136899499165	1.596681385720139e-05	TAC	275	364
protein_coding	unlabeled_out_of_neutral_domain_T95	T[A>G]G	11	2	3.0	4.2752139936988474e-08	genome_wide	raw	combined_db_spectrum_weight_raw	0.0552136899499165	7.743032565975628e-07	TAG	183	278
protein_coding	unlabeled_out_of_neutral_domain_T95	T[A>G]T	89	32	103.0	1.2365300757128567e-06	genome_wide	raw	combined_db_spectrum_weight_raw	0.0552136899499165	2.2395352979206683e-05	TAT	253	330
protein_coding	unlabeled_out_of_neutral_domain_T95	T[A>T]A	50	5	6.0	5.912982538548655e-08	genome_wide	raw	combined_db_spectrum_weight_raw	0.0552136899499165	1.0709268922095646e-06	TAA	238	402
protein_coding	unlabeled_out_of_neutral_domain_T95	T[A>T]C	141	22	72.0	7.836326309329316e-07	genome_wide	raw	combined_db_spectrum_weight_raw	0.0552136899499165	1.4192723428623459e-05	TAC	275	364
protein_coding	unlabeled_out_of_neutral_domain_T95	T[A>T]G	14	1	1.0	1.4250713312329492e-08	genome_wide	raw	combined_db_spectrum_weight_raw	0.0552136899499165	2.5810108553252097e-07	TAG	183	278
protein_coding	unlabeled_out_of_neutral_domain_T95	T[A>T]T	140	8	18.0	2.1609263459059631e-07	genome_wide	raw	combined_db_spectrum_weight_raw	0.0552136899499165	3.913751006074955e-06	TAT	253	330
protein_coding	unlabeled_out_of_neutral_domain_T95	T[C>A]A	111	4	4.0	4.0220287318046685e-08	genome_wide	raw	combined_db_spectrum_weight_raw	0.0552136899499165	7.284477337872165e-07	TCA	294	394
protein_coding	unlabeled_out_of_neutral_domain_T95	T[C>A]C	117	10	19.0	2.1323588588023902e-07	genome_wide	raw	combined_db_spectrum_weight_raw	0.0552136899499165	3.862011143860554e-06	TCC	284	353
protein_coding	unlabeled_out_of_neutral_domain_T95	T[C>A]G	26	3	3.0	9.904245752068998e-08	genome_wide	raw	combined_db_spectrum_weight_raw	0.0552136899499165	1.793802544451021e-06	TCG	96	120
protein_coding	unlabeled_out_of_neutral_domain_T95	T[C>A]T	88	28	42.0	5.384832641901591e-07	genome_wide	raw	combined_db_spectrum_weight_raw	0.0552136899499165	9.752712863034675e-06	TCT	243	309
protein_coding	unlabeled_out_of_neutral_domain_T95	T[C>G]A	111	2	32.0	3.2176229854437353e-07	genome_wide	raw	combined_db_spectrum_weight_raw	0.0552136899499165	5.8275818702977325e-06	TCA	294	394
protein_coding	unlabeled_out_of_neutral_domain_T95	T[C>G]C	115	5	8.0	8.978353089694274e-08	genome_wide	raw	combined_db_spectrum_weight_raw	0.0552136899499165	1.626109955309707e-06	TCC	284	353
protein_coding	unlabeled_out_of_neutral_domain_T95	T[C>G]G	25	1	1.0	3.301415250689666e-08	genome_wide	raw	combined_db_spectrum_weight_raw	0.0552136899499165	5.979341814836736e-07	TCG	96	120
protein_coding	unlabeled_out_of_neutral_domain_T95	T[C>G]T	90	1	1.0	1.2821030099765692e-08	genome_wide	raw	combined_db_spectrum_weight_raw	0.0552136899499165	2.322074491198732e-07	TCT	243	309
protein_coding	unlabeled_out_of_neutral_domain_T95	T[C>T]A	99	14	20.0	2.0110143659023343e-07	genome_wide	raw	combined_db_spectrum_weight_raw	0.0552136899499165	3.6422386689360825e-06	TCA	294	394
protein_coding	unlabeled_out_of_neutral_domain_T95	T[C>T]C	103	15	27.0	3.0301941677718176e-07	genome_wide	raw	combined_db_spectrum_weight_raw	0.0552136899499165	5.488121099170261e-06	TCC	284	353
protein_coding	unlabeled_out_of_neutral_domain_T95	T[C>T]G	22	2	2.0	6.602830501379332e-08	genome_wide	raw	combined_db_spectrum_weight_raw	0.0552136899499165	1.1958683629673473e-06	TCG	96	120
protein_coding	unlabeled_out_of_neutral_domain_T95	T[C>T]T	52	9	57801.0	0.0007410683607965567	genome_wide	raw	combined_db_spectrum_weight_raw	0.0552136899499165	0.01342182276657779	TCT	243	309
protein_coding	unlabeled_out_of_neutral_domain_T95	T[G>A]A	114	17	66.0	1.239204207841808e-06	genome_wide	raw	combined_db_spectrum_weight_raw	0.0552136899499165	2.244378539028765e-05	TGA	147	211
protein_coding	unlabeled_out_of_neutral_domain_T95	T[G>A]C	33	14	82.0	2.5379629739676804e-06	genome_wide	raw	combined_db_spectrum_weight_raw	0.0552136899499165	4.5966190201557405e-05	TGC	82	128
protein_coding	unlabeled_out_of_neutral_domain_T95	T[G>A]G	41	9	11.0	3.1351569287124883e-07	genome_wide	raw	combined_db_spectrum_weight_raw	0.0552136899499165	5.6782238817154614e-06	TGG	80	139
protein_coding	unlabeled_out_of_neutral_domain_T95	T[G>A]T	26	13	97.0	3.1242661396770495e-06	genome_wide	raw	combined_db_spectrum_weight_raw	0.0552136899499165	5.6584990833089105e-05	TGT	68	123
protein_coding	unlabeled_out_of_neutral_domain_T95	T[G>C]A	117	8	10.0	1.8775821330936487e-07	genome_wide	raw	combined_db_spectrum_weight_raw	0.0552136899499165	3.4005735439829775e-06	TGA	147	211
protein_coding	unlabeled_out_of_neutral_domain_T95	T[G>C]C	43	5	10.0	3.095076797521561e-07	genome_wide	raw	combined_db_spectrum_weight_raw	0.0552136899499165	5.605632951409439e-06	TGC	82	128
protein_coding	unlabeled_out_of_neutral_domain_T95	T[G>C]G	46	0	0.0	0.0	genome_wide	raw	combined_db_spectrum_weight_raw	0.0552136899499165	0.0	TGG	80	139
protein_coding	unlabeled_out_of_neutral_domain_T95	T[G>C]T	36	3	4.0	1.2883571710008452e-07	genome_wide	raw	combined_db_spectrum_weight_raw	0.0552136899499165	2.3334016838387263e-06	TGT	68	123
protein_coding	unlabeled_out_of_neutral_domain_T95	T[G>T]A	117	4	7.0	1.314307493165554e-07	genome_wide	raw	combined_db_spectrum_weight_raw	0.0552136899499165	2.380401480788084e-06	TGA	147	211
protein_coding	unlabeled_out_of_neutral_domain_T95	T[G>T]C	45	1	1.0	3.0950767975215613e-08	genome_wide	raw	combined_db_spectrum_weight_raw	0.0552136899499165	5.605632951409439e-07	TGC	82	128
protein_coding	unlabeled_out_of_neutral_domain_T95	T[G>T]G	47	2	2.0	5.700285324931797e-08	genome_wide	raw	combined_db_spectrum_weight_raw	0.0552136899499165	1.0324043421300839e-06	TGG	80	139
protein_coding	unlabeled_out_of_neutral_domain_T95	T[G>T]T	43	0	0.0	0.0	genome_wide	raw	combined_db_spectrum_weight_raw	0.0552136899499165	0.0	TGT	68	123
protein_coding	unlabeled_out_of_neutral_domain_T95	T[T>A]A	102	2	2.0	2.3235767160279173e-08	genome_wide	raw	combined_db_spectrum_weight_raw	0.0552136899499165	4.2083344151343593e-07	TTA	211	341
protein_coding	unlabeled_out_of_neutral_domain_T95	T[T>A]C	153	11	14.0	1.800771954921636e-07	genome_wide	raw	combined_db_spectrum_weight_raw	0.0552136899499165	3.2614591717291288e-06	TTC	238	308
protein_coding	unlabeled_out_of_neutral_domain_T95	T[T>A]G	33	1	1.0	2.5233747139029293e-08	genome_wide	raw	combined_db_spectrum_weight_raw	0.0552136899499165	4.5701975654803075e-07	TTG	90	157
protein_coding	unlabeled_out_of_neutral_domain_T95	T[T>A]T	123	13	14.0	1.9460974109328555e-07	genome_wide	raw	combined_db_spectrum_weight_raw	0.0552136899499165	3.524664648745865e-06	TTT	178	285
protein_coding	unlabeled_out_of_neutral_domain_T95	T[T>C]A	79	23	41.0	4.7633322678572304e-07	genome_wide	raw	combined_db_spectrum_weight_raw	0.0552136899499165	8.627085551025437e-06	TTA	211	341
protein_coding	unlabeled_out_of_neutral_domain_T95	T[T>C]C	140	34	75.0	9.64699261565162e-07	genome_wide	raw	combined_db_spectrum_weight_raw	0.0552136899499165	1.7472102705691758e-05	TTC	238	308
protein_coding	unlabeled_out_of_neutral_domain_T95	T[T>C]G	29	6	20.0	5.046749427805858e-07	genome_wide	raw	combined_db_spectrum_weight_raw	0.0552136899499165	9.140395130960614e-06	TTG	90	157
protein_coding	unlabeled_out_of_neutral_domain_T95	T[T>C]T	102	33	67.0	9.313466180892952e-07	genome_wide	raw	combined_db_spectrum_weight_raw	0.0552136899499165	1.6868037961855212e-05	TTT	178	285
protein_coding	unlabeled_out_of_neutral_domain_T95	T[T>G]A	101	0	0.0	0.0	genome_wide	raw	combined_db_spectrum_weight_raw	0.0552136899499165	0.0	TTA	211	341
protein_coding	unlabeled_out_of_neutral_domain_T95	T[T>G]C	156	2	4.0	5.145062728347531e-08	genome_wide	raw	combined_db_spectrum_weight_raw	0.0552136899499165	9.318454776368938e-07	TTC	238	308
protein_coding	unlabeled_out_of_neutral_domain_T95	T[T>G]G	33	1	2.0	5.0467494278058586e-08	genome_wide	raw	combined_db_spectrum_weight_raw	0.0552136899499165	9.140395130960615e-07	TTG	90	157
protein_coding	unlabeled_out_of_neutral_domain_T95	T[T>G]T	124	3	8.0	1.1120556633902032e-07	genome_wide	raw	combined_db_spectrum_weight_raw	0.0552136899499165	2.014094084997637e-06	TTT	178	285
rna_coding	expanded_neutral_like_T95	A[A>C]A	60	3	193.0	1.5604240246116868e-06	genome_wide	raw	combined_db_spectrum_weight_raw	0.020159775526838737	7.740284719610553e-05	AAA	182	490
rna_coding	expanded_neutral_like_T95	A[A>C]C	48	10	63.0	5.402315864764907e-07	genome_wide	raw	combined_db_spectrum_weight_raw	0.020159775526838737	2.6797500089089765e-05	AAC	121	462
rna_coding	expanded_neutral_like_T95	A[A>C]G	34	0	0.0	0.0	genome_wide	raw	combined_db_spectrum_weight_raw	0.020159775526838737	0.0	AAG	103	202
rna_coding	expanded_neutral_like_T95	A[A>C]T	28	0	0.0	0.0	genome_wide	raw	combined_db_spectrum_weight_raw	0.020159775526838737	0.0	AAT	87	364
rna_coding	expanded_neutral_like_T95	A[A>G]A	83	62	61941.0	0.0005007990907174741	genome_wide	raw	combined_db_spectrum_weight_raw	0.020159775526838737	0.024841501337688983	AAA	182	490
rna_coding	expanded_neutral_like_T95	A[A>G]C	72	63	53472.0	0.000458527990350332	genome_wide	raw	combined_db_spectrum_weight_raw	0.020159775526838737	0.022744697218473144	AAC	121	462
rna_coding	expanded_neutral_like_T95	A[A>G]G	39	24	1120.0	2.1965851964984706e-05	genome_wide	raw	combined_db_spectrum_weight_raw	0.020159775526838737	0.001089588122434277	AAG	103	202
rna_coding	expanded_neutral_like_T95	A[A>G]T	42	34	6820.0	7.422742420781381e-05	genome_wide	raw	combined_db_spectrum_weight_raw	0.020159775526838737	0.003681956880372737	AAT	87	364
rna_coding	expanded_neutral_like_T95	A[A>T]A	57	7	104.0	8.40850251604225e-07	genome_wide	raw	combined_db_spectrum_weight_raw	0.020159775526838737	4.1709306261113864e-05	AAA	182	490
rna_coding	expanded_neutral_like_T95	A[A>T]C	47	12	118.0	1.0118623365750144e-06	genome_wide	raw	combined_db_spectrum_weight_raw	0.020159775526838737	5.01921430240094e-05	AAC	121	462
rna_coding	expanded_neutral_like_T95	A[A>T]G	35	3	34.0	6.668205060798929e-07	genome_wide	raw	combined_db_spectrum_weight_raw	0.020159775526838737	3.307678228818341e-05	AAG	103	202
rna_coding	expanded_neutral_like_T95	A[A>T]T	27	4	16.0	1.7414058465176257e-07	genome_wide	raw	combined_db_spectrum_weight_raw	0.020159775526838737	8.638022006739558e-06	AAT	87	364
rna_coding	expanded_neutral_like_T95	A[C>A]A	34	12	76.0	7.084448726185823e-07	genome_wide	raw	combined_db_spectrum_weight_raw	0.020159775526838737	3.5141505999182815e-05	ACA	87	425
rna_coding	expanded_neutral_like_T95	A[C>A]C	46	5	9.0	7.538115160137081e-08	genome_wide	raw	combined_db_spectrum_weight_raw	0.020159775526838737	3.7391860589427584e-06	ACC	104	473
rna_coding	expanded_neutral_like_T95	A[C>A]G	11	0	0.0	0.0	genome_wide	raw	combined_db_spectrum_weight_raw	0.020159775526838737	0.0	ACG	27	117
rna_coding	expanded_neutral_like_T95	A[C>A]T	30	6	11.0	1.1145442790052068e-07	genome_wide	raw	combined_db_spectrum_weight_raw	0.020159775526838737	5.528555005592262e-06	ACT	68	391
rna_coding	expanded_neutral_like_T95	A[C>G]A	33	6	29.0	2.703276487623538e-07	genome_wide	raw	combined_db_spectrum_weight_raw	0.020159775526838737	1.3409258868109232e-05	ACA	87	425
rna_coding	expanded_neutral_like_T95	A[C>G]C	49	3	4.0	3.350273404505369e-08	genome_wide	raw	combined_db_spectrum_weight_raw	0.020159775526838737	1.6618604706412258e-06	ACC	104	473
rna_coding	expanded_neutral_like_T95	A[C>G]G	11	1	2.0	6.772133847568545e-08	genome_wide	raw	combined_db_spectrum_weight_raw	0.020159775526838737	3.3592307803987173e-06	ACG	27	117
rna_coding	expanded_neutral_like_T95	A[C>G]T	32	2	5.0	5.066110359114576e-08	genome_wide	raw	combined_db_spectrum_weight_raw	0.020159775526838737	2.5129795479964825e-06	ACT	68	391
rna_coding	expanded_neutral_like_T95	A[C>T]A	51	43	4726.0	4.4054085105202896e-05	genome_wide	raw	combined_db_spectrum_weight_raw	0.020159775526838737	0.0021852468072649732	ACA	87	425
rna_coding	expanded_neutral_like_T95	A[C>T]C	58	50	7250.0	6.072370545665981e-05	genome_wide	raw	combined_db_spectrum_weight_raw	0.020159775526838737	0.003012122103037222	ACC	104	473
rna_coding	expanded_neutral_like_T95	A[C>T]G	12	4	345.0	1.168193088705574e-05	genome_wide	raw	combined_db_spectrum_weight_raw	0.020159775526838737	0.0005794673096187787	ACG	27	117
rna_coding	expanded_neutral_like_T95	A[C>T]T	43	30	9539.0	9.66512534311879e-05	genome_wide	raw	combined_db_spectrum_weight_raw	0.020159775526838737	0.00479426238166769	ACT	68	391
rna_coding	expanded_neutral_like_T95	A[G>A]A	31	17	18695.0	0.00042081789621574976	genome_wide	raw	combined_db_spectrum_weight_raw	0.020159775526838737	0.020874136006897213	AGA	84	176
rna_coding	expanded_neutral_like_T95	A[G>A]C	24	16	62583.0	0.0008950720749483524	genome_wide	raw	combined_db_spectrum_weight_raw	0.020159775526838737	0.04439891077937558	AGC	81	277
rna_coding	expanded_neutral_like_T95	A[G>A]G	18	7	881.0	1.85651925693038e-05	genome_wide	raw	combined_db_spectrum_weight_raw	0.020159775526838737	0.0009209027424232941	AGG	62	188
rna_coding	expanded_neutral_like_T95	A[G>A]T	29	18	10646.0	0.00023173758302533304	genome_wide	raw	combined_db_spectrum_weight_raw	0.020159775526838737	0.011495047785468667	AGT	79	182
rna_coding	expanded_neutral_like_T95	A[G>C]A	28	2	13.0	2.926254426747658e-07	genome_wide	raw	combined_db_spectrum_weight_raw	0.020159775526838737	1.4515312548256955e-05	AGA	84	176
rna_coding	expanded_neutral_like_T95	A[G>C]C	24	2	37.0	5.291799174390655e-07	genome_wide	raw	combined_db_spectrum_weight_raw	0.020159775526838737	2.6249296116148097e-05	AGC	81	277
rna_coding	expanded_neutral_like_T95	A[G>C]G	16	0	0.0	0.0	genome_wide	raw	combined_db_spectrum_weight_raw	0.020159775526838737	0.0	AGG	62	188
rna_coding	expanded_neutral_like_T95	A[G>C]T	25	2	6.0	1.3060543848882194e-07	genome_wide	raw	combined_db_spectrum_weight_raw	0.020159775526838737	6.478516505054669e-06	AGT	79	182
rna_coding	expanded_neutral_like_T95	A[G>T]A	30	6	63.0	1.4181079145007883e-06	genome_wide	raw	combined_db_spectrum_weight_raw	0.020159775526838737	7.034343773386063e-05	AGA	84	176
rna_coding	expanded_neutral_like_T95	A[G>T]C	25	1	1.0	1.4302159930785556e-08	genome_wide	raw	combined_db_spectrum_weight_raw	0.020159775526838737	7.094404355715703e-07	AGC	81	277
rna_coding	expanded_neutral_like_T95	A[G>T]G	17	1	50.0	1.053643165113723e-06	genome_wide	raw	combined_db_spectrum_weight_raw	0.020159775526838737	5.22646278333311e-05	AGG	62	188
rna_coding	expanded_neutral_like_T95	A[G>T]T	25	2	4.0	8.707029232588129e-08	genome_wide	raw	combined_db_spectrum_weight_raw	0.020159775526838737	4.319011003369779e-06	AGT	79	182
rna_coding	expanded_neutral_like_T95	A[T>A]A	35	4	423.0	4.642100779086078e-06	genome_wide	raw	combined_db_spectrum_weight_raw	0.020159775526838737	0.0002302654993804888	ATA	89	361
rna_coding	expanded_neutral_like_T95	A[T>A]C	17	4	32.0	3.622124160756662e-07	genome_wide	raw	combined_db_spectrum_weight_raw	0.020159775526838737	1.7967085774018282e-05	ATC	44	350
rna_coding	expanded_neutral_like_T95	A[T>A]G	10	1	9.0	2.0258684492868404e-07	genome_wide	raw	combined_db_spectrum_weight_raw	0.020159775526838737	1.0049062533408662e-05	ATG	42	176
rna_coding	expanded_neutral_like_T95	A[T>A]T	27	1	1.0	1.1583913160314616e-08	genome_wide	raw	combined_db_spectrum_weight_raw	0.020159775526838737	5.746052650682016e-07	ATT	73	342
rna_coding	expanded_neutral_like_T95	A[T>C]A	50	37	11316.0	0.00012418442651569283	genome_wide	raw	combined_db_spectrum_weight_raw	0.020159775526838737	0.006160010380590098	ATA	89	361
rna_coding	expanded_neutral_like_T95	A[T>C]C	22	18	16401.0	0.00018564518237678128	genome_wide	raw	combined_db_spectrum_weight_raw	0.020159775526838737	0.009208692930614807	ATC	44	350
rna_coding	expanded_neutral_like_T95	A[T>C]G	12	8	537.0	1.208768174741148e-05	genome_wide	raw	combined_db_spectrum_weight_raw	0.020159775526838737	0.0005995940644933836	ATG	42	176
rna_coding	expanded_neutral_like_T95	A[T>C]T	40	35	1871.0	2.1673501522948646e-05	genome_wide	raw	combined_db_spectrum_weight_raw	0.020159775526838737	0.0010750864509426051	ATT	73	342
rna_coding	expanded_neutral_like_T95	A[T>G]A	34	3	5.0	5.4871167601490284e-08	genome_wide	raw	combined_db_spectrum_weight_raw	0.020159775526838737	2.7218144134809546e-06	ATA	89	361
rna_coding	expanded_neutral_like_T95	A[T>G]C	17	2	7.0	7.923396601655198e-08	genome_wide	raw	combined_db_spectrum_weight_raw	0.020159775526838737	3.930300013066499e-06	ATC	44	350
rna_coding	expanded_neutral_like_T95	A[T>G]G	10	0	0.0	0.0	genome_wide	raw	combined_db_spectrum_weight_raw	0.020159775526838737	0.0	ATG	42	176
rna_coding	expanded_neutral_like_T95	A[T>G]T	27	3	3.0	3.475173948094385e-08	genome_wide	raw	combined_db_spectrum_weight_raw	0.020159775526838737	1.723815795204605e-06	ATT	73	342
rna_coding	expanded_neutral_like_T95	C[A>C]A	40	3	11.0	1.0277990874788582e-07	genome_wide	raw	combined_db_spectrum_weight_raw	0.020159775526838737	5.0982665263834305e-06	CAA	109	424
rna_coding	expanded_neutral_like_T95	C[A>C]C	28	18	689.0	6.468270448507619e-06	genome_wide	raw	combined_db_spectrum_weight_raw	0.020159775526838737	0.0003208503209718978	CAC	66	422
rna_coding	expanded_neutral_like_T95	C[A>C]G	22	4	14.0	2.7731888105793193e-07	genome_wide	raw	combined_db_spectrum_weight_raw	0.020159775526838737	1.3756050045732747e-05	CAG	63	200
rna_coding	expanded_neutral_like_T95	C[A>C]T	25	2	12.0	1.182596507709731e-07	genome_wide	raw	combined_db_spectrum_weight_raw	0.020159775526838737	5.866119422487312e-06	CAT	55	402
rna_coding	expanded_neutral_like_T95	C[A>G]A	57	37	626.0	5.849111170561502e-06	genome_wide	raw	combined_db_spectrum_weight_raw	0.020159775526838737	0.00029013771322872976	CAA	109	424
rna_coding	expanded_neutral_like_T95	C[A>G]C	37	32	4597.0	4.315622532915752e-05	genome_wide	raw	combined_db_spectrum_weight_raw	0.020159775526838737	0.0021407096161216465	CAC	66	422
rna_coding	expanded_neutral_like_T95	C[A>G]G	21	14	1441.0	2.8544036257462852e-05	genome_wide	raw	combined_db_spectrum_weight_raw	0.020159775526838737	0.0014158905797072064	CAG	63	200
rna_coding	expanded_neutral_like_T95	C[A>G]T	26	18	2133.0	2.102065292454047e-05	genome_wide	raw	combined_db_spectrum_weight_raw	0.020159775526838737	0.0010427027273471198	CAT	55	402
rna_coding	expanded_neutral_like_T95	C[A>T]A	46	12	92.0	8.59613782255045e-07	genome_wide	raw	combined_db_spectrum_weight_raw	0.020159775526838737	4.2640047311570506e-05	CAA	109	424
rna_coding	expanded_neutral_like_T95	C[A>T]C	24	13	295.0	2.7694336463131315e-06	genome_wide	raw	combined_db_spectrum_weight_raw	0.020159775526838737	0.00013737423031452809	CAC	66	422
rna_coding	expanded_neutral_like_T95	C[A>T]G	21	4	30.0	5.942547451241398e-07	genome_wide	raw	combined_db_spectrum_weight_raw	0.020159775526838737	2.947725009799874e-05	CAG	63	200
rna_coding	expanded_neutral_like_T95	C[A>T]T	25	0	0.0	0.0	genome_wide	raw	combined_db_spectrum_weight_raw	0.020159775526838737	0.0	CAT	55	402
rna_coding	expanded_neutral_like_T95	C[C>A]A	36	9	90.0	8.389478754693738e-07	genome_wide	raw	combined_db_spectrum_weight_raw	0.020159775526838737	4.1614941314821756e-05	CCA	80	425
rna_coding	expanded_neutral_like_T95	C[C>A]C	38	19	286.0	1.994798792318122e-06	genome_wide	raw	combined_db_spectrum_weight_raw	0.020159775526838737	9.894945455431504e-05	CCC	92	568
rna_coding	expanded_neutral_like_T95	C[C>A]G	10	3	41.0	1.185617739663734e-06	genome_wide	raw	combined_db_spectrum_weight_raw	0.020159775526838737	5.881105858968119e-05	CCG	32	137
rna_coding	expanded_neutral_like_T95	C[C>A]T	32	8	89.0	6.677862666167732e-07	genome_wide	raw	combined_db_spectrum_weight_raw	0.020159775526838737	3.312468761012485e-05	CCT	80	528
rna_coding	expanded_neutral_like_T95	C[C>G]A	35	3	8.0	7.457314448616656e-08	genome_wide	raw	combined_db_spectrum_weight_raw	0.020159775526838737	3.6991058946508223e-06	CCA	80	425
rna_coding	expanded_neutral_like_T95	C[C>G]C	35	1	7.0	4.8823746665128856e-08	genome_wide	raw	combined_db_spectrum_weight_raw	0.020159775526838737	2.4218397967839343e-06	CCC	92	568
rna_coding	expanded_neutral_like_T95	C[C>G]G	9	0	0.0	0.0	genome_wide	raw	combined_db_spectrum_weight_raw	0.020159775526838737	0.0	CCG	32	137
rna_coding	expanded_neutral_like_T95	C[C>G]T	31	1	2.0	1.50064329576803e-08	genome_wide	raw	combined_db_spectrum_weight_raw	0.020159775526838737	7.443750024747158e-07	CCT	80	528
rna_coding	expanded_neutral_like_T95	C[C>T]A	41	30	12287.0	0.00011453502828769108	genome_wide	raw	combined_db_spectrum_weight_raw	0.020159775526838737	0.005681364265946833	CCA	80	425
rna_coding	expanded_neutral_like_T95	C[C>T]C	50	39	2291.0	1.597931480140146e-05	genome_wide	raw	combined_db_spectrum_weight_raw	0.020159775526838737	0.000792633567775999	CCC	92	568
rna_coding	expanded_neutral_like_T95	C[C>T]G	12	6	3202.0	9.259385371715307e-05	genome_wide	raw	combined_db_spectrum_weight_raw	0.020159775526838737	0.004593000234247784	CCG	32	137
rna_coding	expanded_neutral_like_T95	C[C>T]T	37	23	586.0	4.396884856600327e-06	genome_wide	raw	combined_db_spectrum_weight_raw	0.020159775526838737	0.0002181018757250917	CCT	80	528
rna_coding	expanded_neutral_like_T95	C[G>A]A	12	10	53156.0	0.001712097844543023	genome_wide	raw	combined_db_spectrum_weight_raw	0.020159775526838737	0.08492643394087919	CGA	36	123
rna_coding	expanded_neutral_like_T95	C[G>A]C	6	5	888.0	2.3770189804965593e-05	genome_wide	raw	combined_db_spectrum_weight_raw	0.020159775526838737	0.0011790900039199497	CGC	20	148
rna_coding	expanded_neutral_like_T95	C[G>A]G	4	2	2256.0	0.00010639989722222694	genome_wide	raw	combined_db_spectrum_weight_raw	0.020159775526838737	0.00527783144611787	CGG	19	84
rna_coding	expanded_neutral_like_T95	C[G>A]T	8	6	37481.0	0.0018561051751664905	genome_wide	raw	combined_db_spectrum_weight_raw	0.020159775526838737	0.09206973424359091	CGT	21	80
rna_coding	expanded_neutral_like_T95	C[G>C]A	9	1	1.0	3.220892927502113e-08	genome_wide	raw	combined_db_spectrum_weight_raw	0.020159775526838737	1.5976829321408534e-06	CGA	36	123
rna_coding	expanded_neutral_like_T95	C[G>C]C	6	0	0.0	0.0	genome_wide	raw	combined_db_spectrum_weight_raw	0.020159775526838737	0.0	CGC	20	148
rna_coding	expanded_neutral_like_T95	C[G>C]G	4	0	0.0	0.0	genome_wide	raw	combined_db_spectrum_weight_raw	0.020159775526838737	0.0	CGG	19	84
rna_coding	expanded_neutral_like_T95	C[G>C]T	9	2	41.0	2.0303703791741443e-06	genome_wide	raw	combined_db_spectrum_weight_raw	0.020159775526838737	0.00010071393783482904	CGT	21	80
rna_coding	expanded_neutral_like_T95	C[G>T]A	9	2	123.0	3.9616983008275985e-06	genome_wide	raw	combined_db_spectrum_weight_raw	0.020159775526838737	0.00019651500065332494	CGA	36	123
rna_coding	expanded_neutral_like_T95	C[G>T]C	6	0	0.0	0.0	genome_wide	raw	combined_db_spectrum_weight_raw	0.020159775526838737	0.0	CGC	20	148
rna_coding	expanded_neutral_like_T95	C[G>T]G	4	0	0.0	0.0	genome_wide	raw	combined_db_spectrum_weight_raw	0.020159775526838737	0.0	CGG	19	84
rna_coding	expanded_neutral_like_T95	C[G>T]T	8	1	1.0	4.9521228760344985e-08	genome_wide	raw	combined_db_spectrum_weight_raw	0.020159775526838737	2.456437508166562e-06	CGT	21	80
rna_coding	expanded_neutral_like_T95	C[T>A]A	38	5	216.0	1.701246188824575e-06	genome_wide	raw	combined_db_spectrum_weight_raw	0.020159775526838737	8.438815137399242e-05	CTA	76	503
rna_coding	expanded_neutral_like_T95	C[T>A]C	21	5	49.0	4.793165845445737e-07	genome_wide	raw	combined_db_spectrum_weight_raw	0.020159775526838737	2.3775888967933142e-05	CTC	53	405
rna_coding	expanded_neutral_like_T95	C[T>A]G	10	1	1.0	2.2132392742053624e-08	genome_wide	raw	combined_db_spectrum_weight_raw	0.020159775526838737	1.0978491656610332e-06	CTG	41	179
rna_coding	expanded_neutral_like_T95	C[T>A]T	28	1	2.0	2.4379681851246762e-08	genome_wide	raw	combined_db_spectrum_weight_raw	0.020159775526838737	1.2093230809435383e-06	CTT	81	325
rna_coding	expanded_neutral_like_T95	C[T>C]A	43	32	9865.0	7.769811876275202e-05	genome_wide	raw	combined_db_spectrum_weight_raw	0.020159775526838737	0.003854116265298312	CTA	76	503
rna_coding	expanded_neutral_like_T95	C[T>C]C	27	24	18517.0	0.00018113275910228307	genome_wide	raw	combined_db_spectrum_weight_raw	0.020159775526838737	0.00898485991875955	CTC	53	405
rna_coding	expanded_neutral_like_T95	C[T>C]G	14	9	2432.0	5.382597914867441e-05	genome_wide	raw	combined_db_spectrum_weight_raw	0.020159775526838737	0.002669969170887633	CTG	41	179
rna_coding	expanded_neutral_like_T95	C[T>C]T	31	22	6711.0	8.180602245185851e-05	genome_wide	raw	combined_db_spectrum_weight_raw	0.020159775526838737	0.004057883598106042	CTT	81	325
rna_coding	expanded_neutral_like_T95	C[T>G]A	36	6	27.0	2.1265577360307189e-07	genome_wide	raw	combined_db_spectrum_weight_raw	0.020159775526838737	1.0548518921749053e-05	CTA	76	503
rna_coding	expanded_neutral_like_T95	C[T>G]C	22	6	2233.0	2.1843141495674143e-05	genome_wide	raw	combined_db_spectrum_weight_raw	0.020159775526838737	0.0010835012258243817	CTC	53	405
rna_coding	expanded_neutral_like_T95	C[T>G]G	11	1	22.0	4.869126403251797e-07	genome_wide	raw	combined_db_spectrum_weight_raw	0.020159775526838737	2.415268164454273e-05	CTG	41	179
rna_coding	expanded_neutral_like_T95	C[T>G]T	29	0	0.0	0.0	genome_wide	raw	combined_db_spectrum_weight_raw	0.020159775526838737	0.0	CTT	81	325
rna_coding	expanded_neutral_like_T95	G[A>C]A	22	0	0.0	0.0	genome_wide	raw	combined_db_spectrum_weight_raw	0.020159775526838737	0.0	GAA	71	201
rna_coding	expanded_neutral_like_T95	G[A>C]C	13	5	79.0	1.956088536033627e-06	genome_wide	raw	combined_db_spectrum_weight_raw	0.020159775526838737	9.70292815725792e-05	GAC	39	160
rna_coding	expanded_neutral_like_T95	G[A>C]G	18	2	7.0	1.9392928745309926e-07	genome_wide	raw	combined_db_spectrum_weight_raw	0.020159775526838737	9.619615416596327e-06	GAG	54	143
rna_coding	expanded_neutral_like_T95	G[A>C]T	7	0	0.0	0.0	genome_wide	raw	combined_db_spectrum_weight_raw	0.020159775526838737	0.0	GAT	50	135
rna_coding	expanded_neutral_like_T95	G[A>G]A	23	13	947.0	1.8665314880018586e-05	genome_wide	raw	combined_db_spectrum_weight_raw	0.020159775526838737	0.0009258691821825807	GAA	71	201
rna_coding	expanded_neutral_like_T95	G[A>G]C	15	14	1067.0	2.641957554364405e-05	genome_wide	raw	combined_db_spectrum_weight_raw	0.020159775526838737	0.0013105094106068609	GAC	39	160
rna_coding	expanded_neutral_like_T95	G[A>G]G	17	12	791.0	2.1914009482200216e-05	genome_wide	raw	combined_db_spectrum_weight_raw	0.020159775526838737	0.001087016542075385	GAG	54	143
rna_coding	expanded_neutral_like_T95	G[A>G]T	9	8	2593.0	7.609395328922937e-05	genome_wide	raw	combined_db_spectrum_weight_raw	0.020159775526838737	0.0037745436792153454	GAT	50	135
rna_coding	expanded_neutral_like_T95	G[A>T]A	23	1	4.0	7.883976718064873e-08	genome_wide	raw	combined_db_spectrum_weight_raw	0.020159775526838737	3.9107462816582074e-06	GAA	71	201
rna_coding	expanded_neutral_like_T95	G[A>T]C	11	4	29.0	7.180578170250023e-07	genome_wide	raw	combined_db_spectrum_weight_raw	0.020159775526838737	3.561834386841515e-05	GAC	39	160
rna_coding	expanded_neutral_like_T95	G[A>T]G	19	3	86.0	2.382559817280934e-06	genome_wide	raw	combined_db_spectrum_weight_raw	0.020159775526838737	0.00011818384654675489	GAG	54	143
rna_coding	expanded_neutral_like_T95	G[A>T]T	7	0	0.0	0.0	genome_wide	raw	combined_db_spectrum_weight_raw	0.020159775526838737	0.0	GAT	50	135
rna_coding	expanded_neutral_like_T95	G[C>A]A	21	4	10.0	1.96123678258792e-07	genome_wide	raw	combined_db_spectrum_weight_raw	0.020159775526838737	9.728465378877472e-06	GCA	52	202
rna_coding	expanded_neutral_like_T95	G[C>A]C	20	4	42.0	6.302701842225725e-07	genome_wide	raw	combined_db_spectrum_weight_raw	0.020159775526838737	3.126375010393806e-05	GCC	43	264
rna_coding	expanded_neutral_like_T95	G[C>A]G	4	0	0.0	0.0	genome_wide	raw	combined_db_spectrum_weight_raw	0.020159775526838737	0.0	GCG	19	61
rna_coding	expanded_neutral_like_T95	G[C>A]T	17	5	14.0	3.014335663673173e-07	genome_wide	raw	combined_db_spectrum_weight_raw	0.020159775526838737	1.4952228310579073e-05	GCT	55	184
rna_coding	expanded_neutral_like_T95	G[C>G]A	19	0	0.0	0.0	genome_wide	raw	combined_db_spectrum_weight_raw	0.020159775526838737	0.0	GCA	52	202
rna_coding	expanded_neutral_like_T95	G[C>G]C	20	1	1.0	1.50064329576803e-08	genome_wide	raw	combined_db_spectrum_weight_raw	0.020159775526838737	7.443750024747158e-07	GCC	43	264
rna_coding	expanded_neutral_like_T95	G[C>G]G	4	0	0.0	0.0	genome_wide	raw	combined_db_spectrum_weight_raw	0.020159775526838737	0.0	GCG	19	61
rna_coding	expanded_neutral_like_T95	G[C>G]T	15	2	5.0	1.0765484513118474e-07	genome_wide	raw	combined_db_spectrum_weight_raw	0.020159775526838737	5.340081539492526e-06	GCT	55	184
rna_coding	expanded_neutral_like_T95	G[C>T]A	22	11	273.0	5.354176416465022e-06	genome_wide	raw	combined_db_spectrum_weight_raw	0.020159775526838737	0.000265587104843355	GCA	52	202
rna_coding	expanded_neutral_like_T95	G[C>T]C	21	12	583.0	8.748750414327614e-06	genome_wide	raw	combined_db_spectrum_weight_raw	0.020159775526838737	0.0004339706264427593	GCC	43	264
rna_coding	expanded_neutral_like_T95	G[C>T]G	6	2	111.0	7.208991990030549e-06	genome_wide	raw	combined_db_spectrum_weight_raw	0.020159775526838737	0.0003575928700412962	GCG	19	61
rna_coding	expanded_neutral_like_T95	G[C>T]T	21	13	590.0	1.27032717254798e-05	genome_wide	raw	combined_db_spectrum_weight_raw	0.020159775526838737	0.000630129621660118	GCT	55	184
rna_coding	expanded_neutral_like_T95	G[G>A]A	10	7	20460.0	0.0006187507422513944	genome_wide	raw	combined_db_spectrum_weight_raw	0.020159775526838737	0.030692342850129988	GGA	41	131
rna_coding	expanded_neutral_like_T95	G[G>A]C	13	8	794.0	1.9908787663652614e-05	genome_wide	raw	combined_db_spectrum_weight_raw	0.020159775526838737	0.0009875500665743038	GGC	35	158
rna_coding	expanded_neutral_like_T95	G[G>A]G	18	11	1493.0	4.620949658699692e-05	genome_wide	raw	combined_db_spectrum_weight_raw	0.020159775526838737	0.0022921632498079233	GGG	38	128
rna_coding	expanded_neutral_like_T95	G[G>A]T	15	5	13304.0	0.00043201995241156044	genome_wide	raw	combined_db_spectrum_weight_raw	0.020159775526838737	0.021429799743375697	GGT	53	122
rna_coding	expanded_neutral_like_T95	G[G>C]A	10	0	0.0	0.0	genome_wide	raw	combined_db_spectrum_weight_raw	0.020159775526838737	0.0	GGA	41	131
rna_coding	expanded_neutral_like_T95	G[G>C]C	12	0	0.0	0.0	genome_wide	raw	combined_db_spectrum_weight_raw	0.020159775526838737	0.0	GGC	35	158
rna_coding	expanded_neutral_like_T95	G[G>C]G	11	0	0.0	0.0	genome_wide	raw	combined_db_spectrum_weight_raw	0.020159775526838737	0.0	GGG	38	128
rna_coding	expanded_neutral_like_T95	G[G>C]T	20	1	1.0	3.2472936892029496e-08	genome_wide	raw	combined_db_spectrum_weight_raw	0.020159775526838737	1.6107786938797125e-06	GGT	53	122
rna_coding	expanded_neutral_like_T95	G[G>T]A	11	1	35.0	1.0584690116714958e-06	genome_wide	raw	combined_db_spectrum_weight_raw	0.020159775526838737	5.2504007808140254e-05	GGA	41	131
rna_coding	expanded_neutral_like_T95	G[G>T]C	14	0	0.0	0.0	genome_wide	raw	combined_db_spectrum_weight_raw	0.020159775526838737	0.0	GGC	35	158
rna_coding	expanded_neutral_like_T95	G[G>T]G	11	1	1.0	3.0950767975215613e-08	genome_wide	raw	combined_db_spectrum_weight_raw	0.020159775526838737	1.535273442604101e-06	GGG	38	128
rna_coding	expanded_neutral_like_T95	G[G>T]T	21	2	2.0	6.494587378405899e-08	genome_wide	raw	combined_db_spectrum_weight_raw	0.020159775526838737	3.221557387759425e-06	GGT	53	122
rna_coding	expanded_neutral_like_T95	G[T>A]A	16	1	1.0	2.3722744316332926e-08	genome_wide	raw	combined_db_spectrum_weight_raw	0.020159775526838737	1.176736530858233e-06	GTA	59	167
rna_coding	expanded_neutral_like_T95	G[T>A]C	10	0	0.0	0.0	genome_wide	raw	combined_db_spectrum_weight_raw	0.020159775526838737	0.0	GTC	35	115
rna_coding	expanded_neutral_like_T95	G[T>A]G	14	1	127.0	5.7831687839667245e-06	genome_wide	raw	combined_db_spectrum_weight_raw	0.020159775526838737	0.00028686672509163527	GTG	38	87
rna_coding	expanded_neutral_like_T95	G[T>A]T	15	0	0.0	0.0	genome_wide	raw	combined_db_spectrum_weight_raw	0.020159775526838737	0.0	GTT	64	137
rna_coding	expanded_neutral_like_T95	G[T>C]A	20	17	21108.0	0.0005007396870291554	genome_wide	raw	combined_db_spectrum_weight_raw	0.020159775526838737	0.024838554693355587	GTA	59	167
rna_coding	expanded_neutral_like_T95	G[T>C]C	16	14	5162.0	0.00017782857938149622	genome_wide	raw	combined_db_spectrum_weight_raw	0.020159775526838737	0.008820960290195334	GTC	35	115
rna_coding	expanded_neutral_like_T95	G[T>C]G	17	12	1336.0	6.0837114136846805e-05	genome_wide	raw	combined_db_spectrum_weight_raw	0.020159775526838737	0.003017747596239565	GTG	38	87
rna_coding	expanded_neutral_like_T95	G[T>C]T	20	17	9530.0	0.0002755838307072045	genome_wide	raw	combined_db_spectrum_weight_raw	0.020159775526838737	0.013669985081942969	GTT	64	137
rna_coding	expanded_neutral_like_T95	G[T>G]A	15	0	0.0	0.0	genome_wide	raw	combined_db_spectrum_weight_raw	0.020159775526838737	0.0	GTA	59	167
rna_coding	expanded_neutral_like_T95	G[T>G]C	10	1	1.0	3.444955044197912e-08	genome_wide	raw	combined_db_spectrum_weight_raw	0.020159775526838737	1.7088260926376083e-06	GTC	35	115
rna_coding	expanded_neutral_like_T95	G[T>G]G	16	3	18.0	8.196617174126067e-07	genome_wide	raw	combined_db_spectrum_weight_raw	0.020159775526838737	4.0658275997239646e-05	GTG	38	87
rna_coding	expanded_neutral_like_T95	G[T>G]T	14	1	1.0	2.8917505845456926e-08	genome_wide	raw	combined_db_spectrum_weight_raw	0.020159775526838737	1.434416063162956e-06	GTT	64	137
rna_coding	expanded_neutral_like_T95	T[A>C]A	35	1	357.0	3.5182246104364496e-06	genome_wide	raw	combined_db_spectrum_weight_raw	0.020159775526838737	0.00017451705281899753	TAA	137	402
rna_coding	expanded_neutral_like_T95	T[A>C]C	18	0	0.0	0.0	genome_wide	raw	combined_db_spectrum_weight_raw	0.020159775526838737	0.0	TAC	60	364
rna_coding	expanded_neutral_like_T95	T[A>C]G	30	1	1.0	1.4250713312329492e-08	genome_wide	raw	combined_db_spectrum_weight_raw	0.020159775526838737	7.068884915587229e-07	TAG	85	278
rna_coding	expanded_neutral_like_T95	T[A>C]T	22	1	33.0	3.961698300827599e-07	genome_wide	raw	combined_db_spectrum_weight_raw	0.020159775526838737	1.9651500065332495e-05	TAT	57	330
rna_coding	expanded_neutral_like_T95	T[A>G]A	63	51	7037.0	6.934943020627814e-05	genome_wide	raw	combined_db_spectrum_weight_raw	0.020159775526838737	0.0034399901980036013	TAA	137	402
rna_coding	expanded_neutral_like_T95	T[A>G]C	29	23	1775.0	1.9318721109804912e-05	genome_wide	raw	combined_db_spectrum_weight_raw	0.020159775526838737	0.0009582805663726697	TAC	60	364
rna_coding	expanded_neutral_like_T95	T[A>G]G	35	20	15030.0	0.00021418822108431226	genome_wide	raw	combined_db_spectrum_weight_raw	0.020159775526838737	0.010624534028127604	TAG	85	278
rna_coding	expanded_neutral_like_T95	T[A>G]T	31	19	1006.0	1.2077177244341105e-05	genome_wide	raw	combined_db_spectrum_weight_raw	0.020159775526838737	0.0005990730019916512	TAT	57	330
rna_coding	expanded_neutral_like_T95	T[A>T]A	37	7	34.0	3.350690105177571e-07	genome_wide	raw	combined_db_spectrum_weight_raw	0.020159775526838737	1.6620671697047382e-05	TAA	137	402
rna_coding	expanded_neutral_like_T95	T[A>T]C	21	6	26.0	2.8297845005911416e-07	genome_wide	raw	combined_db_spectrum_weight_raw	0.020159775526838737	1.403678576095178e-05	TAC	60	364
rna_coding	expanded_neutral_like_T95	T[A>T]G	32	3	6.0	8.550427987397695e-08	genome_wide	raw	combined_db_spectrum_weight_raw	0.020159775526838737	4.241330949352337e-06	TAG	85	278
rna_coding	expanded_neutral_like_T95	T[A>T]T	23	2	3.0	3.601543909843271e-08	genome_wide	raw	combined_db_spectrum_weight_raw	0.020159775526838737	1.7865000059393175e-06	TAT	57	330
rna_coding	expanded_neutral_like_T95	T[C>A]A	32	8	94.0	9.451767519740972e-07	genome_wide	raw	combined_db_spectrum_weight_raw	0.020159775526838737	4.688428949597093e-05	TCA	74	394
rna_coding	expanded_neutral_like_T95	T[C>A]C	15	4	44.0	4.938094199331851e-07	genome_wide	raw	combined_db_spectrum_weight_raw	0.020159775526838737	2.4494787616845034e-05	TCC	44	353
rna_coding	expanded_neutral_like_T95	T[C>A]G	4	1	220.0	7.263113551517264e-06	genome_wide	raw	combined_db_spectrum_weight_raw	0.020159775526838737	0.0003602775011977624	TCG	18	120
rna_coding	expanded_neutral_like_T95	T[C>A]T	19	5	38.0	4.871991437910963e-07	genome_wide	raw	combined_db_spectrum_weight_raw	0.020159775526838737	2.4166893284227663e-05	TCT	48	309
rna_coding	expanded_neutral_like_T95	T[C>G]A	31	3	4.0	4.0220287318046685e-08	genome_wide	raw	combined_db_spectrum_weight_raw	0.020159775526838737	1.99507614876472e-06	TCA	74	394
rna_coding	expanded_neutral_like_T95	T[C>G]C	16	2	2.0	2.2445882724235686e-08	genome_wide	raw	combined_db_spectrum_weight_raw	0.020159775526838737	1.1133994371293197e-06	TCC	44	353
rna_coding	expanded_neutral_like_T95	T[C>G]G	3	0	0.0	0.0	genome_wide	raw	combined_db_spectrum_weight_raw	0.020159775526838737	0.0	TCG	18	120
rna_coding	expanded_neutral_like_T95	T[C>G]T	20	1	4.0	5.128412039906277e-08	genome_wide	raw	combined_db_spectrum_weight_raw	0.020159775526838737	2.543883503602912e-06	TCT	48	309
rna_coding	expanded_neutral_like_T95	T[C>T]A	39	31	1136.0	1.142256159832526e-05	genome_wide	raw	combined_db_spectrum_weight_raw	0.020159775526838737	0.0005666016262491806	TCA	74	394
rna_coding	expanded_neutral_like_T95	T[C>T]C	20	13	1914.0	2.1480709767093553e-05	genome_wide	raw	combined_db_spectrum_weight_raw	0.020159775526838737	0.0010655232613327591	TCC	44	353
rna_coding	expanded_neutral_like_T95	T[C>T]G	4	2	97.0	3.202372793168976e-06	genome_wide	raw	combined_db_spectrum_weight_raw	0.020159775526838737	0.00015884962552810433	TCG	18	120
rna_coding	expanded_neutral_like_T95	T[C>T]T	24	11	185.0	2.371890568456653e-06	genome_wide	raw	combined_db_spectrum_weight_raw	0.020159775526838737	0.00011765461204163468	TCT	48	309
rna_coding	expanded_neutral_like_T95	T[G>A]A	21	12	993.0	1.8644390581619933e-05	genome_wide	raw	combined_db_spectrum_weight_raw	0.020159775526838737	0.0009248312589988232	TGA	54	211
rna_coding	expanded_neutral_like_T95	T[G>A]C	8	6	3207.0	9.925911289651647e-05	genome_wide	raw	combined_db_spectrum_weight_raw	0.020159775526838737	0.004923621930431352	TGC	33	128
rna_coding	expanded_neutral_like_T95	T[G>A]G	13	10	2457.0	7.002800521678713e-05	genome_wide	raw	combined_db_spectrum_weight_raw	0.020159775526838737	0.0034736500475195642	TGG	48	139
rna_coding	expanded_neutral_like_T95	T[G>A]T	9	6	466.0	1.5009361042159846e-05	genome_wide	raw	combined_db_spectrum_weight_raw	0.020159775526838737	0.0007445202463776376	TGT	45	123
rna_coding	expanded_neutral_like_T95	T[G>C]A	18	2	18.0	3.379647839568568e-07	genome_wide	raw	combined_db_spectrum_weight_raw	0.020159775526838737	1.6764312851942412e-05	TGA	54	211
rna_coding	expanded_neutral_like_T95	T[G>C]C	9	2	8.0	2.476061438017249e-07	genome_wide	raw	combined_db_spectrum_weight_raw	0.020159775526838737	1.2282187540832809e-05	TGC	33	128
rna_coding	expanded_neutral_like_T95	T[G>C]G	8	0	0.0	0.0	genome_wide	raw	combined_db_spectrum_weight_raw	0.020159775526838737	0.0	TGG	48	139
rna_coding	expanded_neutral_like_T95	T[G>C]T	8	2	15.0	4.831339391253169e-07	genome_wide	raw	combined_db_spectrum_weight_raw	0.020159775526838737	2.3965243982112798e-05	TGT	45	123
rna_coding	expanded_neutral_like_T95	T[G>T]A	19	2	2.0	3.755164266187298e-08	genome_wide	raw	combined_db_spectrum_weight_raw	0.020159775526838737	1.8627014279936016e-06	TGA	54	211
rna_coding	expanded_neutral_like_T95	T[G>T]C	8	1	1.0	3.0950767975215613e-08	genome_wide	raw	combined_db_spectrum_weight_raw	0.020159775526838737	1.535273442604101e-06	TGC	33	128
rna_coding	expanded_neutral_like_T95	T[G>T]G	8	2	3.0	8.550427987397695e-08	genome_wide	raw	combined_db_spectrum_weight_raw	0.020159775526838737	4.241330949352337e-06	TGG	48	139
rna_coding	expanded_neutral_like_T95	T[G>T]T	9	0	0.0	0.0	genome_wide	raw	combined_db_spectrum_weight_raw	0.020159775526838737	0.0	TGT	45	123
rna_coding	expanded_neutral_like_T95	T[T>A]A	40	7	1274.0	1.4801183681097833e-05	genome_wide	raw	combined_db_spectrum_weight_raw	0.020159775526838737	0.0007341938734086099	TTA	112	341
rna_coding	expanded_neutral_like_T95	T[T>A]C	14	1	13.0	1.6721453867129476e-07	genome_wide	raw	combined_db_spectrum_weight_raw	0.020159775526838737	8.294464313289689e-06	TTC	54	308
rna_coding	expanded_neutral_like_T95	T[T>A]G	14	4	87.0	2.1953360010955487e-06	genome_wide	raw	combined_db_spectrum_weight_raw	0.020159775526838737	0.00010889684749579154	TTG	55	157
rna_coding	expanded_neutral_like_T95	T[T>A]T	36	3	33.0	4.5872296114845884e-07	genome_wide	raw	combined_db_spectrum_weight_raw	0.020159775526838737	2.2754368496700787e-05	TTT	87	285
rna_coding	expanded_neutral_like_T95	T[T>C]A	52	32	11023.0	0.00012806393070387867	genome_wide	raw	combined_db_spectrum_weight_raw	0.020159775526838737	0.006352448246925517	TTA	112	341
rna_coding	expanded_neutral_like_T95	T[T>C]C	18	11	1290.0	1.659282729892079e-05	genome_wide	raw	combined_db_spectrum_weight_raw	0.020159775526838737	0.0008230660741649	TTC	54	308
rna_coding	expanded_neutral_like_T95	T[T>C]G	18	14	608.0	1.534211826052981e-05	genome_wide	raw	combined_db_spectrum_weight_raw	0.020159775526838737	0.0007610262445682904	TTG	55	157
rna_coding	expanded_neutral_like_T95	T[T>C]T	39	22	25110.0	0.00034904647134660003	genome_wide	raw	combined_db_spectrum_weight_raw	0.020159775526838737	0.01731400584703505	TTT	87	285
rna_coding	expanded_neutral_like_T95	T[T>G]A	39	2	12.0	1.39414602961675e-07	genome_wide	raw	combined_db_spectrum_weight_raw	0.020159775526838737	6.915483893958648e-06	TTA	112	341
rna_coding	expanded_neutral_like_T95	T[T>G]C	13	1	1.0	1.2862656820868828e-08	genome_wide	raw	combined_db_spectrum_weight_raw	0.020159775526838737	6.380357164068992e-07	TTC	54	308
rna_coding	expanded_neutral_like_T95	T[T>G]G	12	1	56.0	1.4130898397856404e-06	genome_wide	raw	combined_db_spectrum_weight_raw	0.020159775526838737	7.009452252602673e-05	TTG	55	157
rna_coding	expanded_neutral_like_T95	T[T>G]T	32	0	0.0	0.0	genome_wide	raw	combined_db_spectrum_weight_raw	0.020159775526838737	0.0	TTT	87	285
rna_coding	unlabeled_out_of_neutral_domain_T95	A[A>C]A	122	2	2.0	1.61701971462351e-08	genome_wide	raw	combined_db_spectrum_weight_raw	0.020159775526838737	8.02102043482959e-07	AAA	182	490
rna_coding	unlabeled_out_of_neutral_domain_T95	A[A>C]C	73	7	8.0	6.860083637796707e-08	genome_wide	raw	combined_db_spectrum_weight_raw	0.020159775526838737	3.4028571541701285e-06	AAC	121	462
rna_coding	unlabeled_out_of_neutral_domain_T95	A[A>C]G	69	1	1.0	1.96123678258792e-08	genome_wide	raw	combined_db_spectrum_weight_raw	0.020159775526838737	9.728465378877472e-07	AAG	103	202
rna_coding	unlabeled_out_of_neutral_domain_T95	A[A>C]T	59	4	13.0	1.414892250295571e-07	genome_wide	raw	combined_db_spectrum_weight_raw	0.020159775526838737	7.018392880475892e-06	AAT	87	364
rna_coding	unlabeled_out_of_neutral_domain_T95	A[A>G]A	96	30	68.0	5.497867029719933e-07	genome_wide	raw	combined_db_spectrum_weight_raw	0.020159775526838737	2.7271469478420607e-05	AAA	182	490
rna_coding	unlabeled_out_of_neutral_domain_T95	A[A>G]C	46	25	70.0	6.002573183072119e-07	genome_wide	raw	combined_db_spectrum_weight_raw	0.020159775526838737	2.977500009898863e-05	AAC	121	462
rna_coding	unlabeled_out_of_neutral_domain_T95	A[A>G]G	64	30	136.0	2.6672820243195714e-06	genome_wide	raw	combined_db_spectrum_weight_raw	0.020159775526838737	0.00013230712915273364	AAG	103	202
rna_coding	unlabeled_out_of_neutral_domain_T95	A[A>G]T	45	24	39.0	4.244676750886713e-07	genome_wide	raw	combined_db_spectrum_weight_raw	0.020159775526838737	2.1055178641427674e-05	AAT	87	364
rna_coding	unlabeled_out_of_neutral_domain_T95	A[A>T]A	125	13	15.0	1.2127647859676324e-07	genome_wide	raw	combined_db_spectrum_weight_raw	0.020159775526838737	6.015765326122193e-06	AAA	182	490
rna_coding	unlabeled_out_of_neutral_domain_T95	A[A>T]C	74	10	13.0	1.114763591141965e-07	genome_wide	raw	combined_db_spectrum_weight_raw	0.020159775526838737	5.529642875526459e-06	AAC	121	462
rna_coding	unlabeled_out_of_neutral_domain_T95	A[A>T]G	68	2	4.0	7.84494713035168e-08	genome_wide	raw	combined_db_spectrum_weight_raw	0.020159775526838737	3.891386151550989e-06	AAG	103	202
rna_coding	unlabeled_out_of_neutral_domain_T95	A[A>T]T	60	3	4.0	4.3535146162940644e-08	genome_wide	raw	combined_db_spectrum_weight_raw	0.020159775526838737	2.1595055016848894e-06	AAT	87	364
rna_coding	unlabeled_out_of_neutral_domain_T95	A[C>A]A	53	2	5.0	4.66082153038541e-08	genome_wide	raw	combined_db_spectrum_weight_raw	0.020159775526838737	2.311941184156764e-06	ACA	87	425
rna_coding	unlabeled_out_of_neutral_domain_T95	A[C>A]C	58	5	12.0	1.0050820213516107e-07	genome_wide	raw	combined_db_spectrum_weight_raw	0.020159775526838737	4.985581411923677e-06	ACC	104	473
rna_coding	unlabeled_out_of_neutral_domain_T95	A[C>A]G	16	1	4.0	1.354426769513709e-07	genome_wide	raw	combined_db_spectrum_weight_raw	0.020159775526838737	6.7184615607974345e-06	ACG	27	117
rna_coding	unlabeled_out_of_neutral_domain_T95	A[C>A]T	38	3	5.0	5.066110359114576e-08	genome_wide	raw	combined_db_spectrum_weight_raw	0.020159775526838737	2.5129795479964825e-06	ACT	68	391
rna_coding	unlabeled_out_of_neutral_domain_T95	A[C>G]A	54	1	1.0	9.32164306077082e-09	genome_wide	raw	combined_db_spectrum_weight_raw	0.020159775526838737	4.623882368313528e-07	ACA	87	425
rna_coding	unlabeled_out_of_neutral_domain_T95	A[C>G]C	55	0	0.0	0.0	genome_wide	raw	combined_db_spectrum_weight_raw	0.020159775526838737	0.0	ACC	104	473
rna_coding	unlabeled_out_of_neutral_domain_T95	A[C>G]G	16	0	0.0	0.0	genome_wide	raw	combined_db_spectrum_weight_raw	0.020159775526838737	0.0	ACG	27	117
rna_coding	unlabeled_out_of_neutral_domain_T95	A[C>G]T	36	2	2.0	2.0264441436458307e-08	genome_wide	raw	combined_db_spectrum_weight_raw	0.020159775526838737	1.0051918191985932e-06	ACT	68	391
rna_coding	unlabeled_out_of_neutral_domain_T95	A[C>T]A	35	11	103.0	9.601292352593945e-07	genome_wide	raw	combined_db_spectrum_weight_raw	0.020159775526838737	4.762598839362934e-05	ACA	87	425
rna_coding	unlabeled_out_of_neutral_domain_T95	A[C>T]C	46	20	40.0	3.350273404505369e-07	genome_wide	raw	combined_db_spectrum_weight_raw	0.020159775526838737	1.661860470641226e-05	ACC	104	473
rna_coding	unlabeled_out_of_neutral_domain_T95	A[C>T]G	15	3	17.0	5.756313770433263e-07	genome_wide	raw	combined_db_spectrum_weight_raw	0.020159775526838737	2.8553461633389093e-05	ACG	27	117
rna_coding	unlabeled_out_of_neutral_domain_T95	A[C>T]T	25	7	19.0	1.9251219364635388e-07	genome_wide	raw	combined_db_spectrum_weight_raw	0.020159775526838737	9.549322282386633e-06	ACT	68	391
rna_coding	unlabeled_out_of_neutral_domain_T95	A[G>A]A	52	25	71.0	1.5981851099929516e-06	genome_wide	raw	combined_db_spectrum_weight_raw	0.020159775526838737	7.927593776355721e-05	AGA	84	176
rna_coding	unlabeled_out_of_neutral_domain_T95	A[G>A]C	56	38	232.0	3.3181011039422487e-06	genome_wide	raw	combined_db_spectrum_weight_raw	0.020159775526838737	0.00016459018105260427	AGC	81	277
rna_coding	unlabeled_out_of_neutral_domain_T95	A[G>A]G	42	27	59.0	1.2432989348341932e-06	genome_wide	raw	combined_db_spectrum_weight_raw	0.020159775526838737	6.16722608433307e-05	AGG	62	188
rna_coding	unlabeled_out_of_neutral_domain_T95	A[G>A]T	47	21	43.0	9.360056425032239e-07	genome_wide	raw	combined_db_spectrum_weight_raw	0.020159775526838737	4.6429368286225124e-05	AGT	79	182
rna_coding	unlabeled_out_of_neutral_domain_T95	A[G>C]A	56	1	1.0	2.2509649436520446e-08	genome_wide	raw	combined_db_spectrum_weight_raw	0.020159775526838737	1.1165625037120736e-06	AGA	84	176
rna_coding	unlabeled_out_of_neutral_domain_T95	A[G>C]C	57	4	4.0	5.720863972314222e-08	genome_wide	raw	combined_db_spectrum_weight_raw	0.020159775526838737	2.837761742286281e-06	AGC	81	277
rna_coding	unlabeled_out_of_neutral_domain_T95	A[G>C]G	46	1	1.0	2.1072863302274463e-08	genome_wide	raw	combined_db_spectrum_weight_raw	0.020159775526838737	1.0452925566666222e-06	AGG	62	188
rna_coding	unlabeled_out_of_neutral_domain_T95	A[G>C]T	54	3	3.0	6.530271924441096e-08	genome_wide	raw	combined_db_spectrum_weight_raw	0.020159775526838737	3.2392582525273337e-06	AGT	79	182
rna_coding	unlabeled_out_of_neutral_domain_T95	A[G>T]A	54	0	0.0	0.0	genome_wide	raw	combined_db_spectrum_weight_raw	0.020159775526838737	0.0	AGA	84	176
rna_coding	unlabeled_out_of_neutral_domain_T95	A[G>T]C	56	0	0.0	0.0	genome_wide	raw	combined_db_spectrum_weight_raw	0.020159775526838737	0.0	AGC	81	277
rna_coding	unlabeled_out_of_neutral_domain_T95	A[G>T]G	45	1	1.0	2.1072863302274463e-08	genome_wide	raw	combined_db_spectrum_weight_raw	0.020159775526838737	1.0452925566666222e-06	AGG	62	188
rna_coding	unlabeled_out_of_neutral_domain_T95	A[G>T]T	54	2	3.0	6.530271924441096e-08	genome_wide	raw	combined_db_spectrum_weight_raw	0.020159775526838737	3.2392582525273337e-06	AGT	79	182
rna_coding	unlabeled_out_of_neutral_domain_T95	A[T>A]A	54	2	2.0	2.1948467040596114e-08	genome_wide	raw	combined_db_spectrum_weight_raw	0.020159775526838737	1.088725765392382e-06	ATA	89	361
rna_coding	unlabeled_out_of_neutral_domain_T95	A[T>A]C	27	3	3.0	3.3957414007093706e-08	genome_wide	raw	combined_db_spectrum_weight_raw	0.020159775526838737	1.684414291314214e-06	ATC	44	350
rna_coding	unlabeled_out_of_neutral_domain_T95	A[T>A]G	32	1	1.0	2.2509649436520446e-08	genome_wide	raw	combined_db_spectrum_weight_raw	0.020159775526838737	1.1165625037120736e-06	ATG	42	176
rna_coding	unlabeled_out_of_neutral_domain_T95	A[T>A]T	46	3	5.0	5.791956580157308e-08	genome_wide	raw	combined_db_spectrum_weight_raw	0.020159775526838737	2.8730263253410082e-06	ATT	73	342
rna_coding	unlabeled_out_of_neutral_domain_T95	A[T>C]A	38	21	53.0	5.816343765757971e-07	genome_wide	raw	combined_db_spectrum_weight_raw	0.020159775526838737	2.8851232782898123e-05	ATA	89	361
rna_coding	unlabeled_out_of_neutral_domain_T95	A[T>C]C	22	18	65.0	7.357439701536969e-07	genome_wide	raw	combined_db_spectrum_weight_raw	0.020159775526838737	3.649564297847464e-05	ATC	44	350
rna_coding	unlabeled_out_of_neutral_domain_T95	A[T>C]G	29	9	23.0	5.177219370399702e-07	genome_wide	raw	combined_db_spectrum_weight_raw	0.020159775526838737	2.5680937585377688e-05	ATG	42	176
rna_coding	unlabeled_out_of_neutral_domain_T95	A[T>C]T	32	15	28.0	3.2434956848880925e-07	genome_wide	raw	combined_db_spectrum_weight_raw	0.020159775526838737	1.6088947421909645e-05	ATT	73	342
rna_coding	unlabeled_out_of_neutral_domain_T95	A[T>G]A	55	6	7.0	7.68196346420864e-08	genome_wide	raw	combined_db_spectrum_weight_raw	0.020159775526838737	3.8105401788733367e-06	ATA	89	361
rna_coding	unlabeled_out_of_neutral_domain_T95	A[T>G]C	27	3	3.0	3.3957414007093706e-08	genome_wide	raw	combined_db_spectrum_weight_raw	0.020159775526838737	1.684414291314214e-06	ATC	44	350
rna_coding	unlabeled_out_of_neutral_domain_T95	A[T>G]G	32	4	5.0	1.1254824718260223e-07	genome_wide	raw	combined_db_spectrum_weight_raw	0.020159775526838737	5.582812518560367e-06	ATG	42	176
rna_coding	unlabeled_out_of_neutral_domain_T95	A[T>G]T	46	1	1.0	1.1583913160314616e-08	genome_wide	raw	combined_db_spectrum_weight_raw	0.020159775526838737	5.746052650682016e-07	ATT	73	342
rna_coding	unlabeled_out_of_neutral_domain_T95	C[A>C]A	69	8	10.0	9.343628067989621e-08	genome_wide	raw	combined_db_spectrum_weight_raw	0.020159775526838737	4.634787751257664e-06	CAA	109	424
rna_coding	unlabeled_out_of_neutral_domain_T95	C[A>C]C	38	8	10.0	9.387910665468244e-08	genome_wide	raw	combined_db_spectrum_weight_raw	0.020159775526838737	4.656753569984004e-06	CAC	66	422
rna_coding	unlabeled_out_of_neutral_domain_T95	C[A>C]G	41	1	1.0	1.9808491504137995e-08	genome_wide	raw	combined_db_spectrum_weight_raw	0.020159775526838737	9.825750032666248e-07	CAG	63	200
rna_coding	unlabeled_out_of_neutral_domain_T95	C[A>C]T	30	3	32.0	3.153590687225949e-07	genome_wide	raw	combined_db_spectrum_weight_raw	0.020159775526838737	1.564298512663283e-05	CAT	55	402
rna_coding	unlabeled_out_of_neutral_domain_T95	C[A>G]A	52	18	120.0	1.1212353681587544e-06	genome_wide	raw	combined_db_spectrum_weight_raw	0.020159775526838737	5.561745301509197e-05	CAA	109	424
rna_coding	unlabeled_out_of_neutral_domain_T95	C[A>G]C	29	13	31.0	2.9102523062951556e-07	genome_wide	raw	combined_db_spectrum_weight_raw	0.020159775526838737	1.4435936066950411e-05	CAC	66	422
rna_coding	unlabeled_out_of_neutral_domain_T95	C[A>G]G	41	14	25.0	4.952122876034498e-07	genome_wide	raw	combined_db_spectrum_weight_raw	0.020159775526838737	2.4564375081665617e-05	CAG	63	200
rna_coding	unlabeled_out_of_neutral_domain_T95	C[A>G]T	28	12	26.0	2.562292433371084e-07	genome_wide	raw	combined_db_spectrum_weight_raw	0.020159775526838737	1.2709925415389176e-05	CAT	55	402
rna_coding	unlabeled_out_of_neutral_domain_T95	C[A>T]A	63	5	10.0	9.343628067989621e-08	genome_wide	raw	combined_db_spectrum_weight_raw	0.020159775526838737	4.634787751257664e-06	CAA	109	424
rna_coding	unlabeled_out_of_neutral_domain_T95	C[A>T]C	42	5	6.0	5.6327463992809466e-08	genome_wide	raw	combined_db_spectrum_weight_raw	0.020159775526838737	2.794052141990402e-06	CAC	66	422
rna_coding	unlabeled_out_of_neutral_domain_T95	C[A>T]G	42	3	3.0	5.942547451241399e-08	genome_wide	raw	combined_db_spectrum_weight_raw	0.020159775526838737	2.9477250097998745e-06	CAG	63	200
rna_coding	unlabeled_out_of_neutral_domain_T95	C[A>T]T	30	0	0.0	0.0	genome_wide	raw	combined_db_spectrum_weight_raw	0.020159775526838737	0.0	CAT	55	402
rna_coding	unlabeled_out_of_neutral_domain_T95	C[C>A]A	44	3	6.0	5.592985836462492e-08	genome_wide	raw	combined_db_spectrum_weight_raw	0.020159775526838737	2.7743294209881167e-06	CCA	80	425
rna_coding	unlabeled_out_of_neutral_domain_T95	C[C>A]C	54	2	3.0	2.0924462856483794e-08	genome_wide	raw	combined_db_spectrum_weight_raw	0.020159775526838737	1.037931341478829e-06	CCC	92	568
rna_coding	unlabeled_out_of_neutral_domain_T95	C[C>A]G	22	2	15.0	4.3376258768185385e-07	genome_wide	raw	combined_db_spectrum_weight_raw	0.020159775526838737	2.1516240947444334e-05	CCG	32	137
rna_coding	unlabeled_out_of_neutral_domain_T95	C[C>A]T	48	2	10.0	7.503216478840149e-08	genome_wide	raw	combined_db_spectrum_weight_raw	0.020159775526838737	3.7218750123735787e-06	CCT	80	528
rna_coding	unlabeled_out_of_neutral_domain_T95	C[C>G]A	45	0	0.0	0.0	genome_wide	raw	combined_db_spectrum_weight_raw	0.020159775526838737	0.0	CCA	80	425
rna_coding	unlabeled_out_of_neutral_domain_T95	C[C>G]C	57	0	0.0	0.0	genome_wide	raw	combined_db_spectrum_weight_raw	0.020159775526838737	0.0	CCC	92	568
rna_coding	unlabeled_out_of_neutral_domain_T95	C[C>G]G	23	0	0.0	0.0	genome_wide	raw	combined_db_spectrum_weight_raw	0.020159775526838737	0.0	CCG	32	137
rna_coding	unlabeled_out_of_neutral_domain_T95	C[C>G]T	49	0	0.0	0.0	genome_wide	raw	combined_db_spectrum_weight_raw	0.020159775526838737	0.0	CCT	80	528
rna_coding	unlabeled_out_of_neutral_domain_T95	C[C>T]A	38	11	23.0	2.1439779039772886e-07	genome_wide	raw	combined_db_spectrum_weight_raw	0.020159775526838737	1.0634929447121115e-05	CCA	80	425
rna_coding	unlabeled_out_of_neutral_domain_T95	C[C>T]C	41	5	5.0	3.487410476080633e-08	genome_wide	raw	combined_db_spectrum_weight_raw	0.020159775526838737	1.7298855691313816e-06	CCC	92	568
rna_coding	unlabeled_out_of_neutral_domain_T95	C[C>T]G	20	3	78.0	2.2555654559456405e-06	genome_wide	raw	combined_db_spectrum_weight_raw	0.020159775526838737	0.00011188445292671057	CCG	32	137
rna_coding	unlabeled_out_of_neutral_domain_T95	C[C>T]T	42	8	17.0	1.2755468014028254e-07	genome_wide	raw	combined_db_spectrum_weight_raw	0.020159775526838737	6.327187521035083e-06	CCT	80	528
rna_coding	unlabeled_out_of_neutral_domain_T95	C[G>A]A	24	20	53.0	1.7070732515761198e-06	genome_wide	raw	combined_db_spectrum_weight_raw	0.020159775526838737	8.467719540346522e-05	CGA	36	123
rna_coding	unlabeled_out_of_neutral_domain_T95	C[G>A]C	14	14	34.0	9.101198799198538e-07	genome_wide	raw	combined_db_spectrum_weight_raw	0.020159775526838737	4.5145337987926006e-05	CGC	20	148
rna_coding	unlabeled_out_of_neutral_domain_T95	C[G>A]G	15	9	24.0	1.1319138002364569e-06	genome_wide	raw	combined_db_spectrum_weight_raw	0.020159775526838737	5.6147143043807135e-05	CGG	19	84
rna_coding	unlabeled_out_of_neutral_domain_T95	C[G>A]T	13	8	29.0	1.4361156340500044e-06	genome_wide	raw	combined_db_spectrum_weight_raw	0.020159775526838737	7.123668773683029e-05	CGT	21	80
rna_coding	unlabeled_out_of_neutral_domain_T95	C[G>C]A	27	1	1.0	3.220892927502113e-08	genome_wide	raw	combined_db_spectrum_weight_raw	0.020159775526838737	1.5976829321408534e-06	CGA	36	123
rna_coding	unlabeled_out_of_neutral_domain_T95	C[G>C]C	14	1	1.0	2.676823176234864e-08	genome_wide	raw	combined_db_spectrum_weight_raw	0.020159775526838737	1.3278040584684119e-06	CGC	20	148
rna_coding	unlabeled_out_of_neutral_domain_T95	C[G>C]G	15	1	1.0	4.716307500985237e-08	genome_wide	raw	combined_db_spectrum_weight_raw	0.020159775526838737	2.3394642934919637e-06	CGG	19	84
rna_coding	unlabeled_out_of_neutral_domain_T95	C[G>C]T	12	1	1.0	4.9521228760344985e-08	genome_wide	raw	combined_db_spectrum_weight_raw	0.020159775526838737	2.456437508166562e-06	CGT	21	80
rna_coding	unlabeled_out_of_neutral_domain_T95	C[G>T]A	27	3	3.0	9.662678782506339e-08	genome_wide	raw	combined_db_spectrum_weight_raw	0.020159775526838737	4.79304879642256e-06	CGA	36	123
rna_coding	unlabeled_out_of_neutral_domain_T95	C[G>T]C	14	1	1.0	2.676823176234864e-08	genome_wide	raw	combined_db_spectrum_weight_raw	0.020159775526838737	1.3278040584684119e-06	CGC	20	148
rna_coding	unlabeled_out_of_neutral_domain_T95	C[G>T]G	15	1	1.0	4.716307500985237e-08	genome_wide	raw	combined_db_spectrum_weight_raw	0.020159775526838737	2.3394642934919637e-06	CGG	19	84
rna_coding	unlabeled_out_of_neutral_domain_T95	C[G>T]T	13	1	1.0	4.9521228760344985e-08	genome_wide	raw	combined_db_spectrum_weight_raw	0.020159775526838737	2.456437508166562e-06	CGT	21	80
rna_coding	unlabeled_out_of_neutral_domain_T95	C[T>A]A	38	1	1.0	7.876139763076737e-09	genome_wide	raw	combined_db_spectrum_weight_raw	0.020159775526838737	3.906858859907057e-07	CTA	76	503
rna_coding	unlabeled_out_of_neutral_domain_T95	C[T>A]C	32	2	2.0	1.956394222630913e-08	genome_wide	raw	combined_db_spectrum_weight_raw	0.020159775526838737	9.704444476707404e-07	CTC	53	405
rna_coding	unlabeled_out_of_neutral_domain_T95	C[T>A]G	31	2	3.0	6.639717822616087e-08	genome_wide	raw	combined_db_spectrum_weight_raw	0.020159775526838737	3.2935474969830997e-06	CTG	41	179
rna_coding	unlabeled_out_of_neutral_domain_T95	C[T>A]T	53	3	4.0	4.8759363702493525e-08	genome_wide	raw	combined_db_spectrum_weight_raw	0.020159775526838737	2.4186461618870765e-06	CTT	81	325
rna_coding	unlabeled_out_of_neutral_domain_T95	C[T>C]A	31	16	21.0	1.6539893502461148e-07	genome_wide	raw	combined_db_spectrum_weight_raw	0.020159775526838737	8.204403605804819e-06	CTA	76	503
rna_coding	unlabeled_out_of_neutral_domain_T95	C[T>C]C	26	18	60.0	5.869182667892739e-07	genome_wide	raw	combined_db_spectrum_weight_raw	0.020159775526838737	2.9113333430122214e-05	CTC	53	405
rna_coding	unlabeled_out_of_neutral_domain_T95	C[T>C]G	27	13	22.0	4.869126403251797e-07	genome_wide	raw	combined_db_spectrum_weight_raw	0.020159775526838737	2.415268164454273e-05	CTG	41	179
rna_coding	unlabeled_out_of_neutral_domain_T95	C[T>C]T	49	24	80.0	9.751872740498705e-07	genome_wide	raw	combined_db_spectrum_weight_raw	0.020159775526838737	4.837292323774153e-05	CTT	81	325
rna_coding	unlabeled_out_of_neutral_domain_T95	C[T>G]A	40	1	1.0	7.876139763076737e-09	genome_wide	raw	combined_db_spectrum_weight_raw	0.020159775526838737	3.906858859907057e-07	CTA	76	503
rna_coding	unlabeled_out_of_neutral_domain_T95	C[T>G]C	31	0	0.0	0.0	genome_wide	raw	combined_db_spectrum_weight_raw	0.020159775526838737	0.0	CTC	53	405
rna_coding	unlabeled_out_of_neutral_domain_T95	C[T>G]G	30	1	2.0	4.426478548410725e-08	genome_wide	raw	combined_db_spectrum_weight_raw	0.020159775526838737	2.1956983313220665e-06	CTG	41	179
rna_coding	unlabeled_out_of_neutral_domain_T95	C[T>G]T	52	0	0.0	0.0	genome_wide	raw	combined_db_spectrum_weight_raw	0.020159775526838737	0.0	CTT	81	325
rna_coding	unlabeled_out_of_neutral_domain_T95	G[A>C]A	49	0	0.0	0.0	genome_wide	raw	combined_db_spectrum_weight_raw	0.020159775526838737	0.0	GAA	71	201
rna_coding	unlabeled_out_of_neutral_domain_T95	G[A>C]C	26	1	1.0	2.4760614380172493e-08	genome_wide	raw	combined_db_spectrum_weight_raw	0.020159775526838737	1.228218754083281e-06	GAC	39	160
rna_coding	unlabeled_out_of_neutral_domain_T95	G[A>C]G	36	3	3.0	8.311255176561395e-08	genome_wide	raw	combined_db_spectrum_weight_raw	0.020159775526838737	4.122692321398426e-06	GAG	54	143
rna_coding	unlabeled_out_of_neutral_domain_T95	G[A>C]T	43	4	6.0	1.7607548003678218e-07	genome_wide	raw	combined_db_spectrum_weight_raw	0.020159775526838737	8.734000029036665e-06	GAT	50	135
rna_coding	unlabeled_out_of_neutral_domain_T95	G[A>G]A	48	17	248456.0	0.004897053298658815	genome_wide	raw	combined_db_spectrum_weight_raw	0.020159775526838737	0.2429120945389179	GAA	71	201
rna_coding	unlabeled_out_of_neutral_domain_T95	G[A>G]C	23	14	43.0	1.064706418347417e-06	genome_wide	raw	combined_db_spectrum_weight_raw	0.020159775526838737	5.2813406425581074e-05	GAC	39	160
rna_coding	unlabeled_out_of_neutral_domain_T95	G[A>G]G	36	16	63.0	1.7453635870778931e-06	genome_wide	raw	combined_db_spectrum_weight_raw	0.020159775526838737	8.657653874936693e-05	GAG	54	143
rna_coding	unlabeled_out_of_neutral_domain_T95	G[A>G]T	41	16	24.0	7.043019201471287e-07	genome_wide	raw	combined_db_spectrum_weight_raw	0.020159775526838737	3.493600011614666e-05	GAT	50	135
rna_coding	unlabeled_out_of_neutral_domain_T95	G[A>T]A	48	3	4.0	7.883976718064873e-08	genome_wide	raw	combined_db_spectrum_weight_raw	0.020159775526838737	3.9107462816582074e-06	GAA	71	201
rna_coding	unlabeled_out_of_neutral_domain_T95	G[A>T]C	28	2	2.0	4.9521228760344985e-08	genome_wide	raw	combined_db_spectrum_weight_raw	0.020159775526838737	2.456437508166562e-06	GAC	39	160
rna_coding	unlabeled_out_of_neutral_domain_T95	G[A>T]G	34	2	2.0	5.540836784374264e-08	genome_wide	raw	combined_db_spectrum_weight_raw	0.020159775526838737	2.74846154759895e-06	GAG	54	143
rna_coding	unlabeled_out_of_neutral_domain_T95	G[A>T]T	43	0	0.0	0.0	genome_wide	raw	combined_db_spectrum_weight_raw	0.020159775526838737	0.0	GAT	50	135
rna_coding	unlabeled_out_of_neutral_domain_T95	G[C>A]A	31	1	5.0	9.806183912939602e-08	genome_wide	raw	combined_db_spectrum_weight_raw	0.020159775526838737	4.864232689438737e-06	GCA	52	202
rna_coding	unlabeled_out_of_neutral_domain_T95	G[C>A]C	23	2	2.0	3.00128659153606e-08	genome_wide	raw	combined_db_spectrum_weight_raw	0.020159775526838737	1.4887500049494316e-06	GCC	43	264
rna_coding	unlabeled_out_of_neutral_domain_T95	G[C>A]G	15	1	1.0	6.494587378405899e-08	genome_wide	raw	combined_db_spectrum_weight_raw	0.020159775526838737	3.221557387759425e-06	GCG	19	61
rna_coding	unlabeled_out_of_neutral_domain_T95	G[C>A]T	37	1	1.0	2.153096902623695e-08	genome_wide	raw	combined_db_spectrum_weight_raw	0.020159775526838737	1.0680163078985052e-06	GCT	55	184
rna_coding	unlabeled_out_of_neutral_domain_T95	G[C>G]A	33	0	0.0	0.0	genome_wide	raw	combined_db_spectrum_weight_raw	0.020159775526838737	0.0	GCA	52	202
rna_coding	unlabeled_out_of_neutral_domain_T95	G[C>G]C	23	0	0.0	0.0	genome_wide	raw	combined_db_spectrum_weight_raw	0.020159775526838737	0.0	GCC	43	264
rna_coding	unlabeled_out_of_neutral_domain_T95	G[C>G]G	15	0	0.0	0.0	genome_wide	raw	combined_db_spectrum_weight_raw	0.020159775526838737	0.0	GCG	19	61
rna_coding	unlabeled_out_of_neutral_domain_T95	G[C>G]T	40	0	0.0	0.0	genome_wide	raw	combined_db_spectrum_weight_raw	0.020159775526838737	0.0	GCT	55	184
rna_coding	unlabeled_out_of_neutral_domain_T95	G[C>T]A	29	9	17.0	3.3341025303994643e-07	genome_wide	raw	combined_db_spectrum_weight_raw	0.020159775526838737	1.6538391144091705e-05	GCA	52	202
rna_coding	unlabeled_out_of_neutral_domain_T95	G[C>T]C	22	6	31.0	4.6519942168808925e-07	genome_wide	raw	combined_db_spectrum_weight_raw	0.020159775526838737	2.307562507671619e-05	GCC	43	264
rna_coding	unlabeled_out_of_neutral_domain_T95	G[C>T]G	13	2	31.0	2.013322087305829e-06	genome_wide	raw	combined_db_spectrum_weight_raw	0.020159775526838737	9.986827902054219e-05	GCG	19	61
rna_coding	unlabeled_out_of_neutral_domain_T95	G[C>T]T	32	10	1113.0	2.3963968526201724e-05	genome_wide	raw	combined_db_spectrum_weight_raw	0.020159775526838737	0.0011887021506910363	GCT	55	184
rna_coding	unlabeled_out_of_neutral_domain_T95	G[G>A]A	30	23	70.0	2.1169380233429916e-06	genome_wide	raw	combined_db_spectrum_weight_raw	0.020159775526838737	0.00010500801561628051	GGA	41	131
rna_coding	unlabeled_out_of_neutral_domain_T95	G[G>A]C	22	14	32.0	8.02369276116982e-07	genome_wide	raw	combined_db_spectrum_weight_raw	0.020159775526838737	3.9800506461432896e-05	GGC	35	158
rna_coding	unlabeled_out_of_neutral_domain_T95	G[G>A]G	19	8	13.0	4.0235998367780297e-07	genome_wide	raw	combined_db_spectrum_weight_raw	0.020159775526838737	1.9958554753853312e-05	GGG	38	128
rna_coding	unlabeled_out_of_neutral_domain_T95	G[G>A]T	35	21	42.0	1.3638633494652389e-06	genome_wide	raw	combined_db_spectrum_weight_raw	0.020159775526838737	6.765270514294793e-05	GGT	53	122
rna_coding	unlabeled_out_of_neutral_domain_T95	G[G>C]A	31	2	2.0	6.048394352408548e-08	genome_wide	raw	combined_db_spectrum_weight_raw	0.020159775526838737	3.000229017608015e-06	GGA	41	131
rna_coding	unlabeled_out_of_neutral_domain_T95	G[G>C]C	23	2	2.0	5.0148079757311375e-08	genome_wide	raw	combined_db_spectrum_weight_raw	0.020159775526838737	2.487531653839556e-06	GGC	35	158
rna_coding	unlabeled_out_of_neutral_domain_T95	G[G>C]G	27	0	0.0	0.0	genome_wide	raw	combined_db_spectrum_weight_raw	0.020159775526838737	0.0	GGG	38	128
rna_coding	unlabeled_out_of_neutral_domain_T95	G[G>C]T	33	1	1.0	3.2472936892029496e-08	genome_wide	raw	combined_db_spectrum_weight_raw	0.020159775526838737	1.6107786938797125e-06	GGT	53	122
rna_coding	unlabeled_out_of_neutral_domain_T95	G[G>T]A	30	0	0.0	0.0	genome_wide	raw	combined_db_spectrum_weight_raw	0.020159775526838737	0.0	GGA	41	131
rna_coding	unlabeled_out_of_neutral_domain_T95	G[G>T]C	21	1	2.0	5.0148079757311375e-08	genome_wide	raw	combined_db_spectrum_weight_raw	0.020159775526838737	2.487531653839556e-06	GGC	35	158
rna_coding	unlabeled_out_of_neutral_domain_T95	G[G>T]G	27	2	3.0	9.285230392564685e-08	genome_wide	raw	combined_db_spectrum_weight_raw	0.020159775526838737	4.6058203278123035e-06	GGG	38	128
rna_coding	unlabeled_out_of_neutral_domain_T95	G[G>T]T	32	1	1.0	3.2472936892029496e-08	genome_wide	raw	combined_db_spectrum_weight_raw	0.020159775526838737	1.6107786938797125e-06	GGT	53	122
rna_coding	unlabeled_out_of_neutral_domain_T95	G[T>A]A	43	0	0.0	0.0	genome_wide	raw	combined_db_spectrum_weight_raw	0.020159775526838737	0.0	GTA	59	167
rna_coding	unlabeled_out_of_neutral_domain_T95	G[T>A]C	25	1	1.0	3.444955044197912e-08	genome_wide	raw	combined_db_spectrum_weight_raw	0.020159775526838737	1.7088260926376083e-06	GTC	35	115
rna_coding	unlabeled_out_of_neutral_domain_T95	G[T>A]G	24	1	1.0	4.553676207847815e-08	genome_wide	raw	combined_db_spectrum_weight_raw	0.020159775526838737	2.258793110957758e-06	GTG	38	87
rna_coding	unlabeled_out_of_neutral_domain_T95	G[T>A]T	49	2	2.0	5.783501169091385e-08	genome_wide	raw	combined_db_spectrum_weight_raw	0.020159775526838737	2.868832126325912e-06	GTT	64	137
rna_coding	unlabeled_out_of_neutral_domain_T95	G[T>C]A	38	15	33.0	7.828505624389866e-07	genome_wide	raw	combined_db_spectrum_weight_raw	0.020159775526838737	3.88323055183217e-05	GTA	59	167
rna_coding	unlabeled_out_of_neutral_domain_T95	G[T>C]C	19	11	23.0	7.923396601655198e-07	genome_wide	raw	combined_db_spectrum_weight_raw	0.020159775526838737	3.930300013066499e-05	GTC	35	115
rna_coding	unlabeled_out_of_neutral_domain_T95	G[T>C]G	21	12	16.0	7.285881932556504e-07	genome_wide	raw	combined_db_spectrum_weight_raw	0.020159775526838737	3.614068977532413e-05	GTG	38	87
rna_coding	unlabeled_out_of_neutral_domain_T95	G[T>C]T	44	19	46.0	1.3302052688910186e-06	genome_wide	raw	combined_db_spectrum_weight_raw	0.020159775526838737	6.598313890549597e-05	GTT	64	137
rna_coding	unlabeled_out_of_neutral_domain_T95	G[T>G]A	44	2	2.0	4.744548863266585e-08	genome_wide	raw	combined_db_spectrum_weight_raw	0.020159775526838737	2.353473061716466e-06	GTA	59	167
rna_coding	unlabeled_out_of_neutral_domain_T95	G[T>G]C	25	0	0.0	0.0	genome_wide	raw	combined_db_spectrum_weight_raw	0.020159775526838737	0.0	GTC	35	115
rna_coding	unlabeled_out_of_neutral_domain_T95	G[T>G]G	22	2	2.0	9.10735241569563e-08	genome_wide	raw	combined_db_spectrum_weight_raw	0.020159775526838737	4.517586221915516e-06	GTG	38	87
rna_coding	unlabeled_out_of_neutral_domain_T95	G[T>G]T	50	2	3.0	8.675251753637078e-08	genome_wide	raw	combined_db_spectrum_weight_raw	0.020159775526838737	4.3032481894888675e-06	GTT	64	137
rna_coding	unlabeled_out_of_neutral_domain_T95	T[A>C]A	102	2	2.0	1.9709941795162182e-08	genome_wide	raw	combined_db_spectrum_weight_raw	0.020159775526838737	9.776865704145519e-07	TAA	137	402
rna_coding	unlabeled_out_of_neutral_domain_T95	T[A>C]C	42	2	2.0	2.1767573081470322e-08	genome_wide	raw	combined_db_spectrum_weight_raw	0.020159775526838737	1.0797527508424447e-06	TAC	60	364
rna_coding	unlabeled_out_of_neutral_domain_T95	T[A>C]G	55	3	3.0	4.2752139936988474e-08	genome_wide	raw	combined_db_spectrum_weight_raw	0.020159775526838737	2.1206654746761684e-06	TAG	85	278
rna_coding	unlabeled_out_of_neutral_domain_T95	T[A>C]T	35	2	4.0	4.802058546457696e-08	genome_wide	raw	combined_db_spectrum_weight_raw	0.020159775526838737	2.3820000079190904e-06	TAT	57	330
rna_coding	unlabeled_out_of_neutral_domain_T95	T[A>G]A	73	28	409297.0	0.004033610023467248	genome_wide	raw	combined_db_spectrum_weight_raw	0.020159775526838737	0.20008209010548245	TAA	137	402
rna_coding	unlabeled_out_of_neutral_domain_T95	T[A>G]C	31	12	36.0	3.918163154664658e-07	genome_wide	raw	combined_db_spectrum_weight_raw	0.020159775526838737	1.9435549515164007e-05	TAC	60	364
rna_coding	unlabeled_out_of_neutral_domain_T95	T[A>G]G	49	17	28.0	3.9901997274522577e-07	genome_wide	raw	combined_db_spectrum_weight_raw	0.020159775526838737	1.979287776364424e-05	TAG	85	278
rna_coding	unlabeled_out_of_neutral_domain_T95	T[A>G]T	26	5	8.0	9.60411709291539e-08	genome_wide	raw	combined_db_spectrum_weight_raw	0.020159775526838737	4.76400001583818e-06	TAT	57	330
rna_coding	unlabeled_out_of_neutral_domain_T95	T[A>T]A	100	6	14.0	1.379695925661353e-07	genome_wide	raw	combined_db_spectrum_weight_raw	0.020159775526838737	6.843805992901864e-06	TAA	137	402
rna_coding	unlabeled_out_of_neutral_domain_T95	T[A>T]C	39	2	2.0	2.1767573081470322e-08	genome_wide	raw	combined_db_spectrum_weight_raw	0.020159775526838737	1.0797527508424447e-06	TAC	60	364
rna_coding	unlabeled_out_of_neutral_domain_T95	T[A>T]G	53	0	0.0	0.0	genome_wide	raw	combined_db_spectrum_weight_raw	0.020159775526838737	0.0	TAG	85	278
rna_coding	unlabeled_out_of_neutral_domain_T95	T[A>T]T	34	3	5.0	6.002573183072119e-08	genome_wide	raw	combined_db_spectrum_weight_raw	0.020159775526838737	2.9775000098988623e-06	TAT	57	330
rna_coding	unlabeled_out_of_neutral_domain_T95	T[C>A]A	42	6	8.0	8.044057463609337e-08	genome_wide	raw	combined_db_spectrum_weight_raw	0.020159775526838737	3.99015229752944e-06	TCA	74	394
rna_coding	unlabeled_out_of_neutral_domain_T95	T[C>A]C	29	3	15.0	1.6834412043176763e-07	genome_wide	raw	combined_db_spectrum_weight_raw	0.020159775526838737	8.350495778469898e-06	TCC	44	353
rna_coding	unlabeled_out_of_neutral_domain_T95	T[C>A]G	14	2	3.0	9.904245752068998e-08	genome_wide	raw	combined_db_spectrum_weight_raw	0.020159775526838737	4.9128750163331245e-06	TCG	18	120
rna_coding	unlabeled_out_of_neutral_domain_T95	T[C>A]T	29	4	9.0	1.1538927089789123e-07	genome_wide	raw	combined_db_spectrum_weight_raw	0.020159775526838737	5.723737883106552e-06	TCT	48	309
rna_coding	unlabeled_out_of_neutral_domain_T95	T[C>G]A	43	1	1.0	1.0055071829511671e-08	genome_wide	raw	combined_db_spectrum_weight_raw	0.020159775526838737	4.9876903719118e-07	TCA	74	394
rna_coding	unlabeled_out_of_neutral_domain_T95	T[C>G]C	28	0	0.0	0.0	genome_wide	raw	combined_db_spectrum_weight_raw	0.020159775526838737	0.0	TCC	44	353
rna_coding	unlabeled_out_of_neutral_domain_T95	T[C>G]G	15	0	0.0	0.0	genome_wide	raw	combined_db_spectrum_weight_raw	0.020159775526838737	0.0	TCG	18	120
rna_coding	unlabeled_out_of_neutral_domain_T95	T[C>G]T	28	0	0.0	0.0	genome_wide	raw	combined_db_spectrum_weight_raw	0.020159775526838737	0.0	TCT	48	309
rna_coding	unlabeled_out_of_neutral_domain_T95	T[C>T]A	34	12	54.0	5.429738787936303e-07	genome_wide	raw	combined_db_spectrum_weight_raw	0.020159775526838737	2.6933528008323724e-05	TCA	74	394
rna_coding	unlabeled_out_of_neutral_domain_T95	T[C>T]C	24	3	6.0	6.733764817270706e-08	genome_wide	raw	combined_db_spectrum_weight_raw	0.020159775526838737	3.3401983113879594e-06	TCC	44	353
rna_coding	unlabeled_out_of_neutral_domain_T95	T[C>T]G	14	3	7.0	2.310990675482766e-07	genome_wide	raw	combined_db_spectrum_weight_raw	0.020159775526838737	1.1463375038110622e-05	TCG	18	120
rna_coding	unlabeled_out_of_neutral_domain_T95	T[C>T]T	24	4	6.0	7.692618059859415e-08	genome_wide	raw	combined_db_spectrum_weight_raw	0.020159775526838737	3.815825255404368e-06	TCT	48	309
rna_coding	unlabeled_out_of_neutral_domain_T95	T[G>A]A	32	13	22.0	4.1306806928060276e-07	genome_wide	raw	combined_db_spectrum_weight_raw	0.020159775526838737	2.0489715707929618e-05	TGA	54	211
rna_coding	unlabeled_out_of_neutral_domain_T95	T[G>A]C	25	9	15.0	4.642615196282342e-07	genome_wide	raw	combined_db_spectrum_weight_raw	0.020159775526838737	2.3029101639061516e-05	TGC	33	128
rna_coding	unlabeled_out_of_neutral_domain_T95	T[G>A]G	34	16	38.0	1.0830542117370414e-06	genome_wide	raw	combined_db_spectrum_weight_raw	0.020159775526838737	5.372352535846294e-05	TGG	48	139
rna_coding	unlabeled_out_of_neutral_domain_T95	T[G>A]T	35	13	43.0	1.3849839588259085e-06	genome_wide	raw	combined_db_spectrum_weight_raw	0.020159775526838737	6.87003660820567e-05	TGT	45	123
rna_coding	unlabeled_out_of_neutral_domain_T95	T[G>C]A	36	1	5.0	9.387910665468244e-08	genome_wide	raw	combined_db_spectrum_weight_raw	0.020159775526838737	4.656753569984004e-06	TGA	54	211
rna_coding	unlabeled_out_of_neutral_domain_T95	T[G>C]C	24	0	0.0	0.0	genome_wide	raw	combined_db_spectrum_weight_raw	0.020159775526838737	0.0	TGC	33	128
rna_coding	unlabeled_out_of_neutral_domain_T95	T[G>C]G	40	1	1.0	2.8501426624658984e-08	genome_wide	raw	combined_db_spectrum_weight_raw	0.020159775526838737	1.4137769831174457e-06	TGG	48	139
rna_coding	unlabeled_out_of_neutral_domain_T95	T[G>C]T	37	3	7.0	2.254625049251479e-07	genome_wide	raw	combined_db_spectrum_weight_raw	0.020159775526838737	1.1183780524985972e-05	TGT	45	123
rna_coding	unlabeled_out_of_neutral_domain_T95	T[G>T]A	35	1	1.0	1.877582133093649e-08	genome_wide	raw	combined_db_spectrum_weight_raw	0.020159775526838737	9.313507139968008e-07	TGA	54	211
rna_coding	unlabeled_out_of_neutral_domain_T95	T[G>T]C	25	0	0.0	0.0	genome_wide	raw	combined_db_spectrum_weight_raw	0.020159775526838737	0.0	TGC	33	128
rna_coding	unlabeled_out_of_neutral_domain_T95	T[G>T]G	40	1	1.0	2.8501426624658984e-08	genome_wide	raw	combined_db_spectrum_weight_raw	0.020159775526838737	1.4137769831174457e-06	TGG	48	139
rna_coding	unlabeled_out_of_neutral_domain_T95	T[G>T]T	36	1	1.0	3.220892927502113e-08	genome_wide	raw	combined_db_spectrum_weight_raw	0.020159775526838737	1.5976829321408534e-06	TGT	45	123
rna_coding	unlabeled_out_of_neutral_domain_T95	T[T>A]A	72	4	5724.0	6.650076561271899e-05	genome_wide	raw	combined_db_spectrum_weight_raw	0.020159775526838737	0.003298685817418276	TTA	112	341
rna_coding	unlabeled_out_of_neutral_domain_T95	T[T>A]C	40	1	1.0	1.2862656820868828e-08	genome_wide	raw	combined_db_spectrum_weight_raw	0.020159775526838737	6.380357164068992e-07	TTC	54	308
rna_coding	unlabeled_out_of_neutral_domain_T95	T[T>A]G	41	2	2.0	5.0467494278058586e-08	genome_wide	raw	combined_db_spectrum_weight_raw	0.020159775526838737	2.503375804500955e-06	TTG	55	157
rna_coding	unlabeled_out_of_neutral_domain_T95	T[T>A]T	51	1	1.0	1.390069579237754e-08	genome_wide	raw	combined_db_spectrum_weight_raw	0.020159775526838737	6.895263180818419e-07	TTT	87	285
rna_coding	unlabeled_out_of_neutral_domain_T95	T[T>C]A	60	21	44.0	5.111868775261418e-07	genome_wide	raw	combined_db_spectrum_weight_raw	0.020159775526838737	2.5356774277848382e-05	TTA	112	341
rna_coding	unlabeled_out_of_neutral_domain_T95	T[T>C]C	35	13	22.0	2.829784500591142e-07	genome_wide	raw	combined_db_spectrum_weight_raw	0.020159775526838737	1.4036785760951784e-05	TTC	54	308
rna_coding	unlabeled_out_of_neutral_domain_T95	T[T>C]G	37	18	43.0	1.0850511269782595e-06	genome_wide	raw	combined_db_spectrum_weight_raw	0.020159775526838737	5.3822579796770525e-05	TTG	55	157
rna_coding	unlabeled_out_of_neutral_domain_T95	T[T>C]T	47	17	37.0	5.14325744317969e-07	genome_wide	raw	combined_db_spectrum_weight_raw	0.020159775526838737	2.551247376902815e-05	TTT	87	285
rna_coding	unlabeled_out_of_neutral_domain_T95	T[T>G]A	73	1	2.0	2.3235767160279173e-08	genome_wide	raw	combined_db_spectrum_weight_raw	0.020159775526838737	1.1525806489931083e-06	TTA	112	341
rna_coding	unlabeled_out_of_neutral_domain_T95	T[T>G]C	41	2	3.0	3.8587970462606486e-08	genome_wide	raw	combined_db_spectrum_weight_raw	0.020159775526838737	1.914107149220698e-06	TTC	54	308
rna_coding	unlabeled_out_of_neutral_domain_T95	T[T>G]G	43	1	1.0	2.5233747139029293e-08	genome_wide	raw	combined_db_spectrum_weight_raw	0.020159775526838737	1.2516879022504776e-06	TTG	55	157
rna_coding	unlabeled_out_of_neutral_domain_T95	T[T>G]T	55	1	1.0	1.390069579237754e-08	genome_wide	raw	combined_db_spectrum_weight_raw	0.020159775526838737	6.895263180818419e-07	TTT	87	285
control_region	expanded_neutral_like_T95	A[A>C]A	27	7	1782.0	1.4407645657295472e-05	genome_wide	raw	combined_db_spectrum_weight_raw	0.02938222129824984	0.0004903524995965389	AAA	30	490
control_region	expanded_neutral_like_T95	A[A>C]C	29	11	8502.0	7.290553886068452e-05	genome_wide	raw	combined_db_spectrum_weight_raw	0.02938222129824984	0.00248128070783495	AAC	32	462
control_region	expanded_neutral_like_T95	A[A>C]G	12	4	198.0	3.883248829524082e-06	genome_wide	raw	combined_db_spectrum_weight_raw	0.02938222129824984	0.0001321632149627635	AAG	13	202
control_region	expanded_neutral_like_T95	A[A>C]T	17	3	12.0	1.3060543848882194e-07	genome_wide	raw	combined_db_spectrum_weight_raw	0.02938222129824984	4.445049853892479e-06	AAT	21	364
control_region	expanded_neutral_like_T95	A[A>G]A	26	20	7100.0	5.740419986913459e-05	genome_wide	raw	combined_db_spectrum_weight_raw	0.02938222129824984	0.001953705245306075	AAA	30	490
control_region	expanded_neutral_like_T95	A[A>G]C	30	24	19116.0	0.00016392169852515233	genome_wide	raw	combined_db_spectrum_weight_raw	0.02938222129824984	0.005578941662076324	AAC	32	462
control_region	expanded_neutral_like_T95	A[A>G]G	12	8	5949.0	0.00011667397619615538	genome_wide	raw	combined_db_spectrum_weight_raw	0.02938222129824984	0.0039709038677448495	AAG	13	202
control_region	expanded_neutral_like_T95	A[A>G]T	19	14	14325.0	0.0001559102421960312	genome_wide	raw	combined_db_spectrum_weight_raw	0.02938222129824984	0.0053062782630841476	AAT	21	364
control_region	expanded_neutral_like_T95	A[A>T]A	25	9	128.0	1.0348926173590463e-06	genome_wide	raw	combined_db_spectrum_weight_raw	0.02938222129824984	3.522172836608136e-05	AAA	30	490
control_region	expanded_neutral_like_T95	A[A>T]C	28	9	66.0	5.659569001182283e-07	genome_wide	raw	combined_db_spectrum_weight_raw	0.02938222129824984	1.9261882700200738e-05	AAC	32	462
control_region	expanded_neutral_like_T95	A[A>T]G	12	4	808.0	1.5846793203310394e-05	genome_wide	raw	combined_db_spectrum_weight_raw	0.02938222129824984	0.0005393327156056208	AAG	13	202
control_region	expanded_neutral_like_T95	A[A>T]T	18	6	132.0	1.4366598233770415e-06	genome_wide	raw	combined_db_spectrum_weight_raw	0.02938222129824984	4.889554839281727e-05	AAT	21	364
control_region	expanded_neutral_like_T95	A[C>A]A	43	6	598.0	5.574342550340951e-06	genome_wide	raw	combined_db_spectrum_weight_raw	0.02938222129824984	0.0001897182140777419	ACA	45	425
control_region	expanded_neutral_like_T95	A[C>A]C	37	16	3429.0	2.8720218760122274e-05	genome_wide	raw	combined_db_spectrum_weight_raw	0.02938222129824984	0.0009774692821414765	ACC	41	473
control_region	expanded_neutral_like_T95	A[C>A]G	5	0	0.0	0.0	genome_wide	raw	combined_db_spectrum_weight_raw	0.02938222129824984	0.0	ACG	7	117
control_region	expanded_neutral_like_T95	A[C>A]T	21	8	160.0	1.6211553149166645e-06	genome_wide	raw	combined_db_spectrum_weight_raw	0.02938222129824984	5.517470236374637e-05	ACT	21	391
control_region	expanded_neutral_like_T95	A[C>G]A	41	10	647.0	6.031103060318721e-06	genome_wide	raw	combined_db_spectrum_weight_raw	0.02938222129824984	0.00020526368646872742	ACA	45	425
control_region	expanded_neutral_like_T95	A[C>G]C	39	12	887.0	7.429231274490655e-06	genome_wide	raw	combined_db_spectrum_weight_raw	0.02938222129824984	0.0002528478428869903	ACC	41	473
control_region	expanded_neutral_like_T95	A[C>G]G	6	2	3.0	1.0158200771352818e-07	genome_wide	raw	combined_db_spectrum_weight_raw	0.02938222129824984	3.4572609974719284e-06	ACG	7	117
control_region	expanded_neutral_like_T95	A[C>G]T	21	5	102.0	1.0334865132593736e-06	genome_wide	raw	combined_db_spectrum_weight_raw	0.02938222129824984	3.517387275688831e-05	ACT	21	391
control_region	expanded_neutral_like_T95	A[C>T]A	41	31	22695.0	0.0002115546892641938	genome_wide	raw	combined_db_spectrum_weight_raw	0.02938222129824984	0.007200091753335038	ACA	45	425
control_region	expanded_neutral_like_T95	A[C>T]C	37	30	76554.0	0.00064119207552126	genome_wide	raw	combined_db_spectrum_weight_raw	0.02938222129824984	0.021822450692638842	ACC	41	473
control_region	expanded_neutral_like_T95	A[C>T]G	5	4	47.0	1.5914514541786081e-06	genome_wide	raw	combined_db_spectrum_weight_raw	0.02938222129824984	5.416375562706021e-05	ACG	7	117
control_region	expanded_neutral_like_T95	A[C>T]T	21	17	32841.0	0.0003327522606073636	genome_wide	raw	combined_db_spectrum_weight_raw	0.02938222129824984	0.011324952502048716	ACT	21	391
control_region	expanded_neutral_like_T95	A[G>A]A	7	6	788.0	1.773760375597811e-05	genome_wide	raw	combined_db_spectrum_weight_raw	0.02938222129824984	0.0006036849146267459	AGA	9	176
control_region	expanded_neutral_like_T95	A[G>A]C	18	15	22332.0	0.000319395835574303	genome_wide	raw	combined_db_spectrum_weight_raw	0.02938222129824984	0.010870377441249749	AGC	18	277
control_region	expanded_neutral_like_T95	A[G>A]G	5	4	11909.0	0.00025095672906678653	genome_wide	raw	combined_db_spectrum_weight_raw	0.02938222129824984	0.008541108125195927	AGG	6	188
control_region	expanded_neutral_like_T95	A[G>A]T	10	6	2345.0	5.104495887604791e-05	genome_wide	raw	combined_db_spectrum_weight_raw	0.02938222129824984	0.001737273651229644	AGT	11	182
control_region	expanded_neutral_like_T95	A[G>C]A	7	0	0.0	0.0	genome_wide	raw	combined_db_spectrum_weight_raw	0.02938222129824984	0.0	AGA	9	176
control_region	expanded_neutral_like_T95	A[G>C]C	18	5	7.0	1.0011511951549889e-07	genome_wide	raw	combined_db_spectrum_weight_raw	0.02938222129824984	3.4073366509380375e-06	AGC	18	277
control_region	expanded_neutral_like_T95	A[G>C]G	4	0	0.0	0.0	genome_wide	raw	combined_db_spectrum_weight_raw	0.02938222129824984	0.0	AGG	6	188
control_region	expanded_neutral_like_T95	A[G>C]T	11	3	64.0	1.3931246772141008e-06	genome_wide	raw	combined_db_spectrum_weight_raw	0.02938222129824984	4.7413865108186444e-05	AGT	11	182
control_region	expanded_neutral_like_T95	A[G>T]A	8	2	14.0	3.151350921112863e-07	genome_wide	raw	combined_db_spectrum_weight_raw	0.02938222129824984	1.072536650352087e-05	AGA	9	176
control_region	expanded_neutral_like_T95	A[G>T]C	17	3	11.0	1.573237592386411e-07	genome_wide	raw	combined_db_spectrum_weight_raw	0.02938222129824984	5.354386165759772e-06	AGC	18	277
control_region	expanded_neutral_like_T95	A[G>T]G	5	3	46.0	9.69351711904625e-07	genome_wide	raw	combined_db_spectrum_weight_raw	0.02938222129824984	3.299109696523744e-05	AGG	6	188
control_region	expanded_neutral_like_T95	A[G>T]T	11	1	9.0	1.959081577332329e-07	genome_wide	raw	combined_db_spectrum_weight_raw	0.02938222129824984	6.667574780838718e-06	AGT	11	182
control_region	expanded_neutral_like_T95	A[T>A]A	22	1	1.0	1.0974233520298057e-08	genome_wide	raw	combined_db_spectrum_weight_raw	0.02938222129824984	3.7349911053020827e-07	ATA	24	361
control_region	expanded_neutral_like_T95	A[T>A]C	19	4	9.0	1.0187224202128111e-07	genome_wide	raw	combined_db_spectrum_weight_raw	0.02938222129824984	3.4671388860361336e-06	ATC	24	350
control_region	expanded_neutral_like_T95	A[T>A]G	11	2	30.0	6.752894830956134e-07	genome_wide	raw	combined_db_spectrum_weight_raw	0.02938222129824984	2.2982928221830427e-05	ATG	13	176
control_region	expanded_neutral_like_T95	A[T>A]T	22	6	78.0	9.0354522650454e-07	genome_wide	raw	combined_db_spectrum_weight_raw	0.02938222129824984	3.0751426766987144e-05	ATT	23	342
control_region	expanded_neutral_like_T95	A[T>C]A	22	17	42333.0	0.0004645722276147777	genome_wide	raw	combined_db_spectrum_weight_raw	0.02938222129824984	0.01581133784607531	ATA	24	361
control_region	expanded_neutral_like_T95	A[T>C]C	22	19	24514.0	0.000277477348989965	genome_wide	raw	combined_db_spectrum_weight_raw	0.02938222129824984	0.009443715850254419	ATC	24	350
control_region	expanded_neutral_like_T95	A[T>C]G	11	7	6905.0	0.0001554291293591737	genome_wide	raw	combined_db_spectrum_weight_raw	0.02938222129824984	0.00528990397905797	ATG	13	176
control_region	expanded_neutral_like_T95	A[T>C]T	22	17	5074.0	5.8776775375436364e-05	genome_wide	raw	combined_db_spectrum_weight_raw	0.02938222129824984	0.0020004197360986254	ATT	23	342
control_region	expanded_neutral_like_T95	A[T>G]A	20	3	39.0	4.2799510729162424e-07	genome_wide	raw	combined_db_spectrum_weight_raw	0.02938222129824984	1.4566465310678124e-05	ATA	24	361
control_region	expanded_neutral_like_T95	A[T>G]C	19	6	20.0	2.2638276004729136e-07	genome_wide	raw	combined_db_spectrum_weight_raw	0.02938222129824984	7.704753080080297e-06	ATC	24	350
control_region	expanded_neutral_like_T95	A[T>G]G	11	2	26.0	5.852508853495317e-07	genome_wide	raw	combined_db_spectrum_weight_raw	0.02938222129824984	1.9918537792253043e-05	ATG	13	176
control_region	expanded_neutral_like_T95	A[T>G]T	22	1	107.0	1.2394787081536639e-06	genome_wide	raw	combined_db_spectrum_weight_raw	0.02938222129824984	4.218464953932852e-05	ATT	23	342
control_region	expanded_neutral_like_T95	C[A>C]A	28	12	259.0	2.4199996696093115e-06	genome_wide	raw	combined_db_spectrum_weight_raw	0.02938222129824984	8.236272013081119e-05	CAA	32	424
control_region	expanded_neutral_like_T95	C[A>C]C	38	18	3041.0	2.854863633368893e-05	genome_wide	raw	combined_db_spectrum_weight_raw	0.02938222129824984	0.0009716296138369033	CAC	45	422
control_region	expanded_neutral_like_T95	C[A>C]G	18	6	481.0	9.527884413490375e-06	genome_wide	raw	combined_db_spectrum_weight_raw	0.02938222129824984	0.0003242737952578795	CAG	18	200
control_region	expanded_neutral_like_T95	C[A>C]T	29	8	64.0	6.307181374451898e-07	genome_wide	raw	combined_db_spectrum_weight_raw	0.02938222129824984	2.146597873057197e-05	CAT	34	402
control_region	expanded_neutral_like_T95	C[A>G]A	31	22	6428.0	6.006084122103728e-05	genome_wide	raw	combined_db_spectrum_weight_raw	0.02938222129824984	0.002044121872590171	CAA	32	424
control_region	expanded_neutral_like_T95	C[A>G]C	39	32	264431.0	0.002482454605180433	genome_wide	raw	combined_db_spectrum_weight_raw	0.02938222129824984	0.08448832305705563	CAC	45	422
control_region	expanded_neutral_like_T95	C[A>G]G	16	11	2208.0	4.373714924113669e-05	genome_wide	raw	combined_db_spectrum_weight_raw	0.02938222129824984	0.0014885582950715133	CAG	18	200
control_region	expanded_neutral_like_T95	C[A>G]T	30	15	593.0	5.843997742265587e-06	genome_wide	raw	combined_db_spectrum_weight_raw	0.02938222129824984	0.00019889570917545592	CAT	34	402
control_region	expanded_neutral_like_T95	C[A>T]A	27	11	292.0	2.728339395852969e-06	genome_wide	raw	combined_db_spectrum_weight_raw	0.02938222129824984	9.285681188492999e-05	CAA	32	424
control_region	expanded_neutral_like_T95	C[A>T]C	42	17	1433.0	1.3452875983615993e-05	genome_wide	raw	combined_db_spectrum_weight_raw	0.02938222129824984	0.0004578576904400797	CAC	45	422
control_region	expanded_neutral_like_T95	C[A>T]G	15	1	3.0	5.942547451241398e-08	genome_wide	raw	combined_db_spectrum_weight_raw	0.02938222129824984	2.022497683521078e-06	CAG	18	200
control_region	expanded_neutral_like_T95	C[A>T]T	30	4	8.0	7.883976718064873e-08	genome_wide	raw	combined_db_spectrum_weight_raw	0.02938222129824984	2.683247341321496e-06	CAT	34	402
control_region	expanded_neutral_like_T95	C[C>A]A	39	14	363.0	3.383756431059808e-06	genome_wide	raw	combined_db_spectrum_weight_raw	0.02938222129824984	0.00011516339750872961	CCA	43	425
control_region	expanded_neutral_like_T95	C[C>A]C	56	17	197.0	1.3740397275757693e-06	genome_wide	raw	combined_db_spectrum_weight_raw	0.02938222129824984	4.676432437249441e-05	CCC	63	568
control_region	expanded_neutral_like_T95	C[C>A]G	8	2	78.0	2.25556545594564e-06	genome_wide	raw	combined_db_spectrum_weight_raw	0.02938222129824984	7.676633543291682e-05	CCG	11	137
control_region	expanded_neutral_like_T95	C[C>A]T	20	8	98.0	7.353152149263346e-07	genome_wide	raw	combined_db_spectrum_weight_raw	0.02938222129824984	2.5025855174882025e-05	CCT	25	528
control_region	expanded_neutral_like_T95	C[C>G]A	39	8	54.0	5.033687252816243e-07	genome_wide	raw	combined_db_spectrum_weight_raw	0.02938222129824984	1.713174508394325e-05	CCA	43	425
control_region	expanded_neutral_like_T95	C[C>G]C	58	7	52.0	3.6269068951238583e-07	genome_wide	raw	combined_db_spectrum_weight_raw	0.02938222129824984	1.2343882575480759e-05	CCC	63	568
control_region	expanded_neutral_like_T95	C[C>G]G	8	1	1.0	2.8917505845456926e-08	genome_wide	raw	combined_db_spectrum_weight_raw	0.02938222129824984	9.841837876014978e-07	CCG	11	137
control_region	expanded_neutral_like_T95	C[C>G]T	23	4	273.0	2.0483780987233607e-06	genome_wide	raw	combined_db_spectrum_weight_raw	0.02938222129824984	6.971488227288564e-05	CCT	25	528
control_region	expanded_neutral_like_T95	C[C>T]A	41	33	17143.0	0.0001598009269907942	genome_wide	raw	combined_db_spectrum_weight_raw	0.02938222129824984	0.005438694555074799	CCA	43	425
control_region	expanded_neutral_like_T95	C[C>T]C	61	43	61900.0	0.00043174141693878235	genome_wide	raw	combined_db_spectrum_weight_raw	0.02938222129824984	0.014693967911966517	CCC	63	568
control_region	expanded_neutral_like_T95	C[C>T]G	9	7	407.0	1.176942487910097e-05	genome_wide	raw	combined_db_spectrum_weight_raw	0.02938222129824984	0.00040056280155380963	CCG	11	137
control_region	expanded_neutral_like_T95	C[C>T]T	23	20	80885.0	0.0006068976648909855	genome_wide	raw	combined_db_spectrum_weight_raw	0.02938222129824984	0.02065526832469727	CCT	25	528
control_region	expanded_neutral_like_T95	C[G>A]A	6	5	176.0	5.668771552403719e-06	genome_wide	raw	combined_db_spectrum_weight_raw	0.02938222129824984	0.00019293202834672613	CGA	6	123
control_region	expanded_neutral_like_T95	C[G>A]C	10	9	12819.0	0.00034314196296154724	genome_wide	raw	combined_db_spectrum_weight_raw	0.02938222129824984	0.01167855756984536	CGC	10	148
control_region	expanded_neutral_like_T95	C[G>A]G	5	4	21049.0	0.0009927355658823826	genome_wide	raw	combined_db_spectrum_weight_raw	0.02938222129824984	0.03378694741304379	CGG	5	84
control_region	expanded_neutral_like_T95	C[G>A]T	6	4	136.0	6.734887111406918e-06	genome_wide	raw	combined_db_spectrum_weight_raw	0.02938222129824984	0.00022921640413238882	CGT	7	80
control_region	expanded_neutral_like_T95	C[G>C]A	4	0	0.0	0.0	genome_wide	raw	combined_db_spectrum_weight_raw	0.02938222129824984	0.0	CGA	6	123
control_region	expanded_neutral_like_T95	C[G>C]C	9	4	36.0	9.636563434445512e-07	genome_wide	raw	combined_db_spectrum_weight_raw	0.02938222129824984	3.279725973277424e-05	CGC	10	148
control_region	expanded_neutral_like_T95	C[G>C]G	5	1	2730.0	0.00012875519477689696	genome_wide	raw	combined_db_spectrum_weight_raw	0.02938222129824984	0.004382078314295669	CGG	5	84
control_region	expanded_neutral_like_T95	C[G>C]T	6	1	48.0	2.377018980496559e-06	genome_wide	raw	combined_db_spectrum_weight_raw	0.02938222129824984	8.089990734084311e-05	CGT	7	80
control_region	expanded_neutral_like_T95	C[G>T]A	5	1	27.0	8.696410904255705e-07	genome_wide	raw	combined_db_spectrum_weight_raw	0.02938222129824984	2.9597527075918214e-05	CGA	6	123
control_region	expanded_neutral_like_T95	C[G>T]C	9	4	10.0	2.676823176234864e-07	genome_wide	raw	combined_db_spectrum_weight_raw	0.02938222129824984	9.110349925770622e-06	CGC	10	148
control_region	expanded_neutral_like_T95	C[G>T]G	4	0	0.0	0.0	genome_wide	raw	combined_db_spectrum_weight_raw	0.02938222129824984	0.0	CGG	5	84
control_region	expanded_neutral_like_T95	C[G>T]T	6	1	31.0	1.5351580915706944e-06	genome_wide	raw	combined_db_spectrum_weight_raw	0.02938222129824984	5.224785682429451e-05	CGT	7	80
control_region	expanded_neutral_like_T95	C[T>A]A	18	5	29.0	2.2840805312922538e-07	genome_wide	raw	combined_db_spectrum_weight_raw	0.02938222129824984	7.773682282585986e-06	CTA	21	503
control_region	expanded_neutral_like_T95	C[T>A]C	21	8	130.0	1.2716562447100935e-06	genome_wide	raw	combined_db_spectrum_weight_raw	0.02938222129824984	4.327978582020414e-05	CTC	21	405
control_region	expanded_neutral_like_T95	C[T>A]G	12	1	2.0	4.426478548410725e-08	genome_wide	raw	combined_db_spectrum_weight_raw	0.02938222129824984	1.506515965378829e-06	CTG	13	179
control_region	expanded_neutral_like_T95	C[T>A]T	15	3	367.0	4.473671619703781e-06	genome_wide	raw	combined_db_spectrum_weight_raw	0.02938222129824984	0.0001522577743286637	CTT	17	325
control_region	expanded_neutral_like_T95	C[T>C]A	19	17	84033.0	0.0006618556527106274	genome_wide	raw	combined_db_spectrum_weight_raw	0.02938222129824984	0.022525718732846485	CTA	21	503
control_region	expanded_neutral_like_T95	C[T>C]C	20	20	79056.0	0.0007733235083215473	genome_wide	raw	combined_db_spectrum_weight_raw	0.02938222129824984	0.026319436521554294	CTC	21	405
control_region	expanded_neutral_like_T95	C[T>C]G	12	11	2366.0	5.236524122769887e-05	genome_wide	raw	combined_db_spectrum_weight_raw	0.02938222129824984	0.0017822083870431544	CTG	13	179
control_region	expanded_neutral_like_T95	C[T>C]T	15	11	66181.0	0.0008067358622986811	genome_wide	raw	combined_db_spectrum_weight_raw	0.02938222129824984	0.027456598808842762	CTT	17	325
control_region	expanded_neutral_like_T95	C[T>G]A	18	0	0.0	0.0	genome_wide	raw	combined_db_spectrum_weight_raw	0.02938222129824984	0.0	CTA	21	503
control_region	expanded_neutral_like_T95	C[T>G]C	21	4	59.0	5.771362956761193e-07	genome_wide	raw	combined_db_spectrum_weight_raw	0.02938222129824984	1.9642364333784952e-05	CTC	21	405
control_region	expanded_neutral_like_T95	C[T>G]G	12	1	15.0	3.3198589113080435e-07	genome_wide	raw	combined_db_spectrum_weight_raw	0.02938222129824984	1.1298869740341217e-05	CTG	13	179
control_region	expanded_neutral_like_T95	C[T>G]T	15	1	2.0	2.4379681851246762e-08	genome_wide	raw	combined_db_spectrum_weight_raw	0.02938222129824984	8.297426393932627e-07	CTT	17	325
control_region	expanded_neutral_like_T95	G[A>C]A	7	1	4.0	7.883976718064873e-08	genome_wide	raw	combined_db_spectrum_weight_raw	0.02938222129824984	2.683247341321496e-06	GAA	8	201
control_region	expanded_neutral_like_T95	G[A>C]C	8	3	831.0	2.057607054992334e-05	genome_wide	raw	combined_db_spectrum_weight_raw	0.02938222129824984	0.0007002898229191731	GAC	10	160
control_region	expanded_neutral_like_T95	G[A>C]G	5	0	0.0	0.0	genome_wide	raw	combined_db_spectrum_weight_raw	0.02938222129824984	0.0	GAG	5	143
control_region	expanded_neutral_like_T95	G[A>C]T	7	0	0.0	0.0	genome_wide	raw	combined_db_spectrum_weight_raw	0.02938222129824984	0.0	GAT	9	135
control_region	expanded_neutral_like_T95	G[A>G]A	7	6	4723.0	9.309005509855098e-05	genome_wide	raw	combined_db_spectrum_weight_raw	0.02938222129824984	0.0031682442982653566	GAA	8	201
control_region	expanded_neutral_like_T95	G[A>G]C	8	5	10247.0	0.0002537220155536275	genome_wide	raw	combined_db_spectrum_weight_raw	0.02938222129824984	0.008635222401266868	GAC	10	160
control_region	expanded_neutral_like_T95	G[A>G]G	5	3	6038.0	0.00016727786252025904	genome_wide	raw	combined_db_spectrum_weight_raw	0.02938222129824984	0.0056931659734733185	GAG	5	143
control_region	expanded_neutral_like_T95	G[A>G]T	7	5	150.0	4.401887000919555e-06	genome_wide	raw	combined_db_spectrum_weight_raw	0.02938222129824984	0.00014981464322378355	GAT	9	135
control_region	expanded_neutral_like_T95	G[A>T]A	7	1	4.0	7.883976718064873e-08	genome_wide	raw	combined_db_spectrum_weight_raw	0.02938222129824984	2.683247341321496e-06	GAA	8	201
control_region	expanded_neutral_like_T95	G[A>T]C	9	4	66.0	1.6342005490913844e-06	genome_wide	raw	combined_db_spectrum_weight_raw	0.02938222129824984	5.561868629682964e-05	GAC	10	160
control_region	expanded_neutral_like_T95	G[A>T]G	5	0	0.0	0.0	genome_wide	raw	combined_db_spectrum_weight_raw	0.02938222129824984	0.0	GAG	5	143
control_region	expanded_neutral_like_T95	G[A>T]T	7	1	9.0	2.6411322005517327e-07	genome_wide	raw	combined_db_spectrum_weight_raw	0.02938222129824984	8.988878593427013e-06	GAT	9	135
control_region	expanded_neutral_like_T95	G[C>A]A	15	2	70.0	1.3728657478115441e-06	genome_wide	raw	combined_db_spectrum_weight_raw	0.02938222129824984	4.672436892622952e-05	GCA	16	202
control_region	expanded_neutral_like_T95	G[C>A]C	14	4	474.0	7.113049221940462e-06	genome_wide	raw	combined_db_spectrum_weight_raw	0.02938222129824984	0.00024208684393661387	GCC	14	264
control_region	expanded_neutral_like_T95	G[C>A]G	4	2	2653.0	0.00017230140314910853	genome_wide	raw	combined_db_spectrum_weight_raw	0.02938222129824984	0.005864138092220131	GCG	4	61
control_region	expanded_neutral_like_T95	G[C>A]T	11	1	8.0	1.722477522098956e-07	genome_wide	raw	combined_db_spectrum_weight_raw	0.02938222129824984	5.862312126148052e-06	GCT	11	184
control_region	expanded_neutral_like_T95	G[C>G]A	15	2	4.0	7.84494713035168e-08	genome_wide	raw	combined_db_spectrum_weight_raw	0.02938222129824984	2.669963938641687e-06	GCA	16	202
control_region	expanded_neutral_like_T95	G[C>G]C	14	3	70.0	1.0504503070376207e-06	genome_wide	raw	combined_db_spectrum_weight_raw	0.02938222129824984	3.5751221678402885e-05	GCC	14	264
control_region	expanded_neutral_like_T95	G[C>G]G	4	0	0.0	0.0	genome_wide	raw	combined_db_spectrum_weight_raw	0.02938222129824984	0.0	GCG	4	61
control_region	expanded_neutral_like_T95	G[C>G]T	11	0	0.0	0.0	genome_wide	raw	combined_db_spectrum_weight_raw	0.02938222129824984	0.0	GCT	11	184
control_region	expanded_neutral_like_T95	G[C>T]A	16	10	2417.0	4.740309303515003e-05	genome_wide	raw	combined_db_spectrum_weight_raw	0.02938222129824984	0.0016133257099242393	GCA	16	202
control_region	expanded_neutral_like_T95	G[C>T]C	13	10	32178.0	0.00048287699971223663	genome_wide	raw	combined_db_spectrum_weight_raw	0.02938222129824984	0.016434325873823544	GCC	14	264
control_region	expanded_neutral_like_T95	G[C>T]G	4	2	175.0	1.1365527912210325e-05	genome_wide	raw	combined_db_spectrum_weight_raw	0.02938222129824984	0.00038681649684829363	GCG	4	61
control_region	expanded_neutral_like_T95	G[C>T]T	10	8	372.0	8.009520477760145e-06	genome_wide	raw	combined_db_spectrum_weight_raw	0.02938222129824984	0.0002725975138658844	GCT	11	184
control_region	expanded_neutral_like_T95	G[G>A]A	7	4	3007.0	9.093760908846251e-05	genome_wide	raw	combined_db_spectrum_weight_raw	0.02938222129824984	0.0030949875492864536	GGA	8	131
control_region	expanded_neutral_like_T95	G[G>A]C	4	3	13781.0	0.00034554534356775405	genome_wide	raw	combined_db_spectrum_weight_raw	0.02938222129824984	0.011760354673672563	GGC	4	158
control_region	expanded_neutral_like_T95	G[G>A]G	13	12	12865.0	0.00039818163000114885	genome_wide	raw	combined_db_spectrum_weight_raw	0.02938222129824984	0.013551787863801387	GGG	15	128
control_region	expanded_neutral_like_T95	G[G>A]T	10	7	6010.0	0.0001951623507210973	genome_wide	raw	combined_db_spectrum_weight_raw	0.02938222129824984	0.006642191845880698	GGT	10	122
control_region	expanded_neutral_like_T95	G[G>C]A	7	1	4.0	1.2096788704817096e-07	genome_wide	raw	combined_db_spectrum_weight_raw	0.02938222129824984	4.117043630577258e-06	GGA	8	131
control_region	expanded_neutral_like_T95	G[G>C]C	2	1	109.0	2.73307034677347e-06	genome_wide	raw	combined_db_spectrum_weight_raw	0.02938222129824984	9.301782595096941e-05	GGC	4	158
control_region	expanded_neutral_like_T95	G[G>C]G	14	3	4.0	1.2380307190086245e-07	genome_wide	raw	combined_db_spectrum_weight_raw	0.02938222129824984	4.213536840668912e-06	GGG	15	128
control_region	expanded_neutral_like_T95	G[G>C]T	8	3	97.0	3.149874878526861e-06	genome_wide	raw	combined_db_spectrum_weight_raw	0.02938222129824984	0.00010720342912652707	GGT	10	122
control_region	expanded_neutral_like_T95	G[G>T]A	7	0	0.0	0.0	genome_wide	raw	combined_db_spectrum_weight_raw	0.02938222129824984	0.0	GGA	8	131
control_region	expanded_neutral_like_T95	G[G>T]C	3	1	2273.0	5.699329264418438e-05	genome_wide	raw	combined_db_spectrum_weight_raw	0.02938222129824984	0.0019397203521702151	GGC	4	158
control_region	expanded_neutral_like_T95	G[G>T]G	13	2	11.0	3.4045844772737175e-07	genome_wide	raw	combined_db_spectrum_weight_raw	0.02938222129824984	1.1587226311839509e-05	GGG	15	128
control_region	expanded_neutral_like_T95	G[G>T]T	8	4	163.0	5.293088713400808e-06	genome_wide	raw	combined_db_spectrum_weight_raw	0.02938222129824984	0.00018014596853220527	GGT	10	122
control_region	expanded_neutral_like_T95	G[T>A]A	19	8	157.0	3.7244708576642692e-06	genome_wide	raw	combined_db_spectrum_weight_raw	0.02938222129824984	0.00012675933585341685	GTA	19	167
control_region	expanded_neutral_like_T95	G[T>A]C	8	3	63.0	2.1703216778446845e-06	genome_wide	raw	combined_db_spectrum_weight_raw	0.02938222129824984	7.386513278946546e-05	GTC	10	115
control_region	expanded_neutral_like_T95	G[T>A]G	4	2	9.0	4.0983085870630335e-07	genome_wide	raw	combined_db_spectrum_weight_raw	0.02938222129824984	1.3948259886352262e-05	GTG	5	87
control_region	expanded_neutral_like_T95	G[T>A]T	2	1	1.0	2.8917505845456926e-08	genome_wide	raw	combined_db_spectrum_weight_raw	0.02938222129824984	9.841837876014978e-07	GTT	5	137
control_region	expanded_neutral_like_T95	G[T>C]A	19	16	124524.0	0.002954051013247041	genome_wide	raw	combined_db_spectrum_weight_raw	0.02938222129824984	0.10053872317076994	GTA	19	167
control_region	expanded_neutral_like_T95	G[T>C]C	9	9	33765.0	0.001163189070673425	genome_wide	raw	combined_db_spectrum_weight_raw	0.02938222129824984	0.0395881937878778	GTC	10	115
control_region	expanded_neutral_like_T95	G[T>C]G	5	5	15684.0	0.0007141985764388513	genome_wide	raw	combined_db_spectrum_weight_raw	0.02938222129824984	0.024307167561949873	GTG	5	87
control_region	expanded_neutral_like_T95	G[T>C]T	4	3	41.0	1.185617739663734e-06	genome_wide	raw	combined_db_spectrum_weight_raw	0.02938222129824984	4.0351535291661407e-05	GTT	5	137
control_region	expanded_neutral_like_T95	G[T>G]A	19	9	508.0	1.2051154112697127e-05	genome_wide	raw	combined_db_spectrum_weight_raw	0.02938222129824984	0.0004101512268378074	GTA	19	167
control_region	expanded_neutral_like_T95	G[T>G]C	8	2	12.0	4.1339460530374946e-07	genome_wide	raw	combined_db_spectrum_weight_raw	0.02938222129824984	1.4069549102755326e-05	GTC	10	115
control_region	expanded_neutral_like_T95	G[T>G]G	5	4	29.0	1.3205661002758663e-06	genome_wide	raw	combined_db_spectrum_weight_raw	0.02938222129824984	4.4944392967135064e-05	GTG	5	87
control_region	expanded_neutral_like_T95	G[T>G]T	2	0	0.0	0.0	genome_wide	raw	combined_db_spectrum_weight_raw	0.02938222129824984	0.0	GTT	5	137
control_region	expanded_neutral_like_T95	T[A>C]A	23	4	15.0	1.4782456346371636e-07	genome_wide	raw	combined_db_spectrum_weight_raw	0.02938222129824984	5.031088764977805e-06	TAA	26	402
control_region	expanded_neutral_like_T95	T[A>C]C	27	11	349.0	3.798441502716571e-06	genome_wide	raw	combined_db_spectrum_weight_raw	0.02938222129824984	0.00012927686658403958	TAC	27	364
control_region	expanded_neutral_like_T95	T[A>C]G	9	2	2.0	2.8501426624658984e-08	genome_wide	raw	combined_db_spectrum_weight_raw	0.02938222129824984	9.70022869794282e-07	TAG	9	278
control_region	expanded_neutral_like_T95	T[A>C]T	16	3	30.0	3.601543909843272e-07	genome_wide	raw	combined_db_spectrum_weight_raw	0.02938222129824984	1.2257561718309563e-05	TAT	20	330
control_region	expanded_neutral_like_T95	T[A>G]A	23	19	17433.0	0.00017180170765753117	genome_wide	raw	combined_db_spectrum_weight_raw	0.02938222129824984	0.005847131362657206	TAA	26	402
control_region	expanded_neutral_like_T95	T[A>G]C	26	21	12905.0	0.00014045526530818725	genome_wide	raw	combined_db_spectrum_weight_raw	0.02938222129824984	0.004780280697040203	TAC	27	364
control_region	expanded_neutral_like_T95	T[A>G]G	9	7	6736.0	9.599280487185146e-05	genome_wide	raw	combined_db_spectrum_weight_raw	0.02938222129824984	0.0032670370254671414	TAG	9	278
control_region	expanded_neutral_like_T95	T[A>G]T	16	10	173468.0	0.002082508729842309	genome_wide	raw	combined_db_spectrum_weight_raw	0.02938222129824984	0.07087649053839078	TAT	20	330
control_region	expanded_neutral_like_T95	T[A>T]A	23	6	34.0	3.350690105177571e-07	genome_wide	raw	combined_db_spectrum_weight_raw	0.02938222129824984	1.1403801200616359e-05	TAA	26	402
control_region	expanded_neutral_like_T95	T[A>T]C	27	8	136.0	1.480194969539982e-06	genome_wide	raw	combined_db_spectrum_weight_raw	0.02938222129824984	5.037723167744809e-05	TAC	27	364
control_region	expanded_neutral_like_T95	T[A>T]G	9	3	27.0	3.847692594328963e-07	genome_wide	raw	combined_db_spectrum_weight_raw	0.02938222129824984	1.3095308742222806e-05	TAG	9	278
control_region	expanded_neutral_like_T95	T[A>T]T	16	2	14.0	1.6807204912601936e-07	genome_wide	raw	combined_db_spectrum_weight_raw	0.02938222129824984	5.720195468544463e-06	TAT	20	330
control_region	expanded_neutral_like_T95	T[C>A]A	20	13	333.0	3.348338919227387e-06	genome_wide	raw	combined_db_spectrum_weight_raw	0.02938222129824984	0.00011395799130499475	TCA	25	394
control_region	expanded_neutral_like_T95	T[C>A]C	22	8	273.0	3.0638629918581715e-06	genome_wide	raw	combined_db_spectrum_weight_raw	0.02938222129824984	0.00010427608453281479	TCC	24	353
control_region	expanded_neutral_like_T95	T[C>A]G	6	2	22.0	7.263113551517264e-07	genome_wide	raw	combined_db_spectrum_weight_raw	0.02938222129824984	2.4719416131924283e-05	TCG	6	120
control_region	expanded_neutral_like_T95	T[C>A]T	12	1	6.0	7.692618059859415e-08	genome_wide	raw	combined_db_spectrum_weight_raw	0.02938222129824984	2.618119978668062e-06	TCT	15	309
control_region	expanded_neutral_like_T95	T[C>G]A	19	9	540.0	5.429738787936303e-06	genome_wide	raw	combined_db_spectrum_weight_raw	0.02938222129824984	0.00018479674265674823	TCA	25	394
control_region	expanded_neutral_like_T95	T[C>G]C	22	2	4.0	4.489176544847137e-08	genome_wide	raw	combined_db_spectrum_weight_raw	0.02938222129824984	1.5278547184295205e-06	TCC	24	353
control_region	expanded_neutral_like_T95	T[C>G]G	6	0	0.0	0.0	genome_wide	raw	combined_db_spectrum_weight_raw	0.02938222129824984	0.0	TCG	6	120
control_region	expanded_neutral_like_T95	T[C>G]T	12	0	0.0	0.0	genome_wide	raw	combined_db_spectrum_weight_raw	0.02938222129824984	0.0	TCT	15	309
control_region	expanded_neutral_like_T95	T[C>T]A	19	17	28992.0	0.0002915166424812024	genome_wide	raw	combined_db_spectrum_weight_raw	0.02938222129824984	0.00992153178352675	TCA	25	394
control_region	expanded_neutral_like_T95	T[C>T]C	20	15	57774.0	0.0006483942142549963	genome_wide	raw	combined_db_spectrum_weight_raw	0.02938222129824984	0.02206756962563678	TCC	24	353
control_region	expanded_neutral_like_T95	T[C>T]G	6	4	3144.0	0.00010379649548168309	genome_wide	raw	combined_db_spectrum_weight_raw	0.02938222129824984	0.003532629287216816	TCG	6	120
control_region	expanded_neutral_like_T95	T[C>T]T	12	7	8881.0	0.00011386356831601911	genome_wide	raw	combined_db_spectrum_weight_raw	0.02938222129824984	0.0038752539217585097	TCT	15	309
control_region	expanded_neutral_like_T95	T[G>A]A	8	6	15325.0	0.00028773946189660166	genome_wide	raw	combined_db_spectrum_weight_raw	0.02938222129824984	0.009792978514995424	TGA	9	211
control_region	expanded_neutral_like_T95	T[G>A]C	13	11	5031.0	0.00015571331368330977	genome_wide	raw	combined_db_spectrum_weight_raw	0.02938222129824984	0.005299575961351325	TGC	13	128
control_region	expanded_neutral_like_T95	T[G>A]G	9	5	253.0	7.2108609360387226e-06	genome_wide	raw	combined_db_spectrum_weight_raw	0.02938222129824984	0.00024541578605795334	TGG	11	139
control_region	expanded_neutral_like_T95	T[G>A]T	10	7	14763.0	0.0004755004228871369	genome_wide	raw	combined_db_spectrum_weight_raw	0.02938222129824984	0.01618327008228817	TGT	10	123
control_region	expanded_neutral_like_T95	T[G>C]A	8	0	0.0	0.0	genome_wide	raw	combined_db_spectrum_weight_raw	0.02938222129824984	0.0	TGA	9	211
control_region	expanded_neutral_like_T95	T[G>C]C	12	3	37.0	1.145178415082978e-06	genome_wide	raw	combined_db_spectrum_weight_raw	0.02938222129824984	3.8975215776187444e-05	TGC	13	128
control_region	expanded_neutral_like_T95	T[G>C]G	7	1	2.0	5.700285324931797e-08	genome_wide	raw	combined_db_spectrum_weight_raw	0.02938222129824984	1.940045739588564e-06	TGG	11	139
control_region	expanded_neutral_like_T95	T[G>C]T	9	2	75.0	2.415669695626585e-06	genome_wide	raw	combined_db_spectrum_weight_raw	0.02938222129824984	8.221535298866171e-05	TGT	10	123
control_region	expanded_neutral_like_T95	T[G>T]A	8	2	8.0	1.502065706474919e-07	genome_wide	raw	combined_db_spectrum_weight_raw	0.02938222129824984	5.112158441759439e-06	TGA	9	211
control_region	expanded_neutral_like_T95	T[G>T]C	13	1	1.0	3.0950767975215613e-08	genome_wide	raw	combined_db_spectrum_weight_raw	0.02938222129824984	1.053384210167228e-06	TGC	13	128
control_region	expanded_neutral_like_T95	T[G>T]G	7	2	133.0	3.7906897410796447e-06	genome_wide	raw	combined_db_spectrum_weight_raw	0.02938222129824984	0.0001290130416826395	TGG	11	139
control_region	expanded_neutral_like_T95	T[G>T]T	9	1	17.0	5.475517976753592e-07	genome_wide	raw	combined_db_spectrum_weight_raw	0.02938222129824984	1.863548001076332e-05	TGT	10	123
control_region	expanded_neutral_like_T95	T[T>A]A	16	3	16.0	1.8588613728223338e-07	genome_wide	raw	combined_db_spectrum_weight_raw	0.02938222129824984	6.326483467514614e-06	TTA	18	341
control_region	expanded_neutral_like_T95	T[T>A]C	10	4	18.0	2.315278227756389e-07	genome_wide	raw	combined_db_spectrum_weight_raw	0.02938222129824984	7.879861104627577e-06	TTC	15	308
control_region	expanded_neutral_like_T95	T[T>A]G	12	2	706.0	1.781502548015468e-05	genome_wide	raw	combined_db_spectrum_weight_raw	0.02938222129824984	0.0006063199000279749	TTG	12	157
control_region	expanded_neutral_like_T95	T[T>A]T	19	5	99.0	1.3761688834453764e-06	genome_wide	raw	combined_db_spectrum_weight_raw	0.02938222129824984	4.683678846048812e-05	TTT	20	285
control_region	expanded_neutral_like_T95	T[T>C]A	17	14	25467.0	0.0002958726411354148	genome_wide	raw	combined_db_spectrum_weight_raw	0.02938222129824984	0.010069784654199665	TTA	18	341
control_region	expanded_neutral_like_T95	T[T>C]C	12	11	6543.0	8.416036357894474e-05	genome_wide	raw	combined_db_spectrum_weight_raw	0.02938222129824984	0.002864329511532124	TTC	15	308
control_region	expanded_neutral_like_T95	T[T>C]G	12	9	5406.0	0.00013641363703359235	genome_wide	raw	combined_db_spectrum_weight_raw	0.02938222129824984	0.004642727166503162	TTG	12	157
control_region	expanded_neutral_like_T95	T[T>C]T	18	13	17111.0	0.00023785480570337207	genome_wide	raw	combined_db_spectrum_weight_raw	0.02938222129824984	0.008095194821691031	TTT	20	285
control_region	expanded_neutral_like_T95	T[T>G]A	16	2	3.0	3.485365074041876e-08	genome_wide	raw	combined_db_spectrum_weight_raw	0.02938222129824984	1.18621565015899e-06	TTA	18	341
control_region	expanded_neutral_like_T95	T[T>G]C	10	0	0.0	0.0	genome_wide	raw	combined_db_spectrum_weight_raw	0.02938222129824984	0.0	TTC	15	308
control_region	expanded_neutral_like_T95	T[T>G]G	12	3	34.0	8.57947402726996e-07	genome_wide	raw	combined_db_spectrum_weight_raw	0.02938222129824984	2.9199541927692845e-05	TTG	12	157
control_region	expanded_neutral_like_T95	T[T>G]T	19	3	48.0	6.672333980341218e-07	genome_wide	raw	combined_db_spectrum_weight_raw	0.02938222129824984	2.2708745920236663e-05	TTT	20	285
control_region	unlabeled_out_of_neutral_domain_T95	A[A>C]A	3	0	0.0	0.0	genome_wide	raw	combined_db_spectrum_weight_raw	0.02938222129824984	0.0	AAA	30	490
control_region	unlabeled_out_of_neutral_domain_T95	A[A>C]C	3	2	3356.0	2.877805086055719e-05	genome_wide	raw	combined_db_spectrum_weight_raw	0.02938222129824984	0.0009794375506344498	AAC	32	462
control_region	unlabeled_out_of_neutral_domain_T95	A[A>C]G	1	0	0.0	0.0	genome_wide	raw	combined_db_spectrum_weight_raw	0.02938222129824984	0.0	AAG	13	202
control_region	unlabeled_out_of_neutral_domain_T95	A[A>C]T	4	2	2.0	2.1767573081470322e-08	genome_wide	raw	combined_db_spectrum_weight_raw	0.02938222129824984	7.408416423154131e-07	AAT	21	364
control_region	unlabeled_out_of_neutral_domain_T95	A[A>G]A	4	2	3.0	2.425529571935265e-08	genome_wide	raw	combined_db_spectrum_weight_raw	0.02938222129824984	8.25509258580032e-07	AAA	30	490
control_region	unlabeled_out_of_neutral_domain_T95	A[A>G]C	2	1	3.0	2.5725313641737655e-08	genome_wide	raw	combined_db_spectrum_weight_raw	0.02938222129824984	8.755401227363974e-07	AAC	32	462
control_region	unlabeled_out_of_neutral_domain_T95	A[A>G]G	1	1	2.0	3.92247356517584e-08	genome_wide	raw	combined_db_spectrum_weight_raw	0.02938222129824984	1.3349819693208434e-06	AAG	13	202
control_region	unlabeled_out_of_neutral_domain_T95	A[A>G]T	2	1	1.0	1.0883786540735161e-08	genome_wide	raw	combined_db_spectrum_weight_raw	0.02938222129824984	3.7042082115770654e-07	AAT	21	364
control_region	unlabeled_out_of_neutral_domain_T95	A[A>T]A	5	2	2.0	1.61701971462351e-08	genome_wide	raw	combined_db_spectrum_weight_raw	0.02938222129824984	5.503395057200212e-07	AAA	30	490
control_region	unlabeled_out_of_neutral_domain_T95	A[A>T]C	4	3	4.0	3.4300418188983536e-08	genome_wide	raw	combined_db_spectrum_weight_raw	0.02938222129824984	1.1673868303151963e-06	AAC	32	462
control_region	unlabeled_out_of_neutral_domain_T95	A[A>T]G	1	0	0.0	0.0	genome_wide	raw	combined_db_spectrum_weight_raw	0.02938222129824984	0.0	AAG	13	202
control_region	unlabeled_out_of_neutral_domain_T95	A[A>T]T	3	1	2.0	2.1767573081470322e-08	genome_wide	raw	combined_db_spectrum_weight_raw	0.02938222129824984	7.408416423154131e-07	AAT	21	364
control_region	unlabeled_out_of_neutral_domain_T95	A[C>A]A	2	0	0.0	0.0	genome_wide	raw	combined_db_spectrum_weight_raw	0.02938222129824984	0.0	ACA	45	425
control_region	unlabeled_out_of_neutral_domain_T95	A[C>A]C	4	2	2.0	1.6751367022526845e-08	genome_wide	raw	combined_db_spectrum_weight_raw	0.02938222129824984	5.701191496888169e-07	ACC	41	473
control_region	unlabeled_out_of_neutral_domain_T95	A[C>A]G	2	0	0.0	0.0	genome_wide	raw	combined_db_spectrum_weight_raw	0.02938222129824984	0.0	ACG	7	117
control_region	unlabeled_out_of_neutral_domain_T95	A[C>A]T	0	0	0.0	0.0	genome_wide	raw	combined_db_spectrum_weight_raw	0.02938222129824984	0.0	ACT	21	391
control_region	unlabeled_out_of_neutral_domain_T95	A[C>G]A	4	2	2.0	1.864328612154164e-08	genome_wide	raw	combined_db_spectrum_weight_raw	0.02938222129824984	6.345090771830832e-07	ACA	45	425
control_region	unlabeled_out_of_neutral_domain_T95	A[C>G]C	2	0	0.0	0.0	genome_wide	raw	combined_db_spectrum_weight_raw	0.02938222129824984	0.0	ACC	41	473
control_region	unlabeled_out_of_neutral_domain_T95	A[C>G]G	1	0	0.0	0.0	genome_wide	raw	combined_db_spectrum_weight_raw	0.02938222129824984	0.0	ACG	7	117
control_region	unlabeled_out_of_neutral_domain_T95	A[C>G]T	0	0	0.0	0.0	genome_wide	raw	combined_db_spectrum_weight_raw	0.02938222129824984	0.0	ACT	21	391
control_region	unlabeled_out_of_neutral_domain_T95	A[C>T]A	4	3	3.0	2.796492918231246e-08	genome_wide	raw	combined_db_spectrum_weight_raw	0.02938222129824984	9.517636157746248e-07	ACA	45	425
control_region	unlabeled_out_of_neutral_domain_T95	A[C>T]C	4	3	3.0	2.5127050533790267e-08	genome_wide	raw	combined_db_spectrum_weight_raw	0.02938222129824984	8.551787245332253e-07	ACC	41	473
control_region	unlabeled_out_of_neutral_domain_T95	A[C>T]G	2	0	0.0	0.0	genome_wide	raw	combined_db_spectrum_weight_raw	0.02938222129824984	0.0	ACG	7	117
control_region	unlabeled_out_of_neutral_domain_T95	A[C>T]T	0	0	0.0	0.0	genome_wide	raw	combined_db_spectrum_weight_raw	0.02938222129824984	0.0	ACT	21	391
control_region	unlabeled_out_of_neutral_domain_T95	A[G>A]A	2	2	55.0	1.2380307190086247e-06	genome_wide	raw	combined_db_spectrum_weight_raw	0.02938222129824984	4.213536840668912e-05	AGA	9	176
control_region	unlabeled_out_of_neutral_domain_T95	A[G>A]C	0	0	0.0	0.0	genome_wide	raw	combined_db_spectrum_weight_raw	0.02938222129824984	0.0	AGC	18	277
control_region	unlabeled_out_of_neutral_domain_T95	A[G>A]G	1	0	0.0	0.0	genome_wide	raw	combined_db_spectrum_weight_raw	0.02938222129824984	0.0	AGG	6	188
control_region	unlabeled_out_of_neutral_domain_T95	A[G>A]T	1	1	1.0	2.1767573081470322e-08	genome_wide	raw	combined_db_spectrum_weight_raw	0.02938222129824984	7.408416423154131e-07	AGT	11	182
control_region	unlabeled_out_of_neutral_domain_T95	A[G>C]A	2	1	1.0	2.2509649436520446e-08	genome_wide	raw	combined_db_spectrum_weight_raw	0.02938222129824984	7.660976073943476e-07	AGA	9	176
control_region	unlabeled_out_of_neutral_domain_T95	A[G>C]C	0	0	0.0	0.0	genome_wide	raw	combined_db_spectrum_weight_raw	0.02938222129824984	0.0	AGC	18	277
control_region	unlabeled_out_of_neutral_domain_T95	A[G>C]G	2	0	0.0	0.0	genome_wide	raw	combined_db_spectrum_weight_raw	0.02938222129824984	0.0	AGG	6	188
control_region	unlabeled_out_of_neutral_domain_T95	A[G>C]T	0	0	0.0	0.0	genome_wide	raw	combined_db_spectrum_weight_raw	0.02938222129824984	0.0	AGT	11	182
control_region	unlabeled_out_of_neutral_domain_T95	A[G>T]A	1	0	0.0	0.0	genome_wide	raw	combined_db_spectrum_weight_raw	0.02938222129824984	0.0	AGA	9	176
control_region	unlabeled_out_of_neutral_domain_T95	A[G>T]C	1	1	1.0	1.4302159930785556e-08	genome_wide	raw	combined_db_spectrum_weight_raw	0.02938222129824984	4.86762378705434e-07	AGC	18	277
control_region	unlabeled_out_of_neutral_domain_T95	A[G>T]G	1	0	0.0	0.0	genome_wide	raw	combined_db_spectrum_weight_raw	0.02938222129824984	0.0	AGG	6	188
control_region	unlabeled_out_of_neutral_domain_T95	A[G>T]T	0	0	0.0	0.0	genome_wide	raw	combined_db_spectrum_weight_raw	0.02938222129824984	0.0	AGT	11	182
control_region	unlabeled_out_of_neutral_domain_T95	A[T>A]A	2	0	0.0	0.0	genome_wide	raw	combined_db_spectrum_weight_raw	0.02938222129824984	0.0	ATA	24	361
control_region	unlabeled_out_of_neutral_domain_T95	A[T>A]C	5	0	0.0	0.0	genome_wide	raw	combined_db_spectrum_weight_raw	0.02938222129824984	0.0	ATC	24	350
control_region	unlabeled_out_of_neutral_domain_T95	A[T>A]G	2	0	0.0	0.0	genome_wide	raw	combined_db_spectrum_weight_raw	0.02938222129824984	0.0	ATG	13	176
control_region	unlabeled_out_of_neutral_domain_T95	A[T>A]T	1	0	0.0	0.0	genome_wide	raw	combined_db_spectrum_weight_raw	0.02938222129824984	0.0	ATT	23	342
control_region	unlabeled_out_of_neutral_domain_T95	A[T>C]A	2	2	2.0	2.1948467040596114e-08	genome_wide	raw	combined_db_spectrum_weight_raw	0.02938222129824984	7.469982210604165e-07	ATA	24	361
control_region	unlabeled_out_of_neutral_domain_T95	A[T>C]C	2	1	1.0	1.1319138002364568e-08	genome_wide	raw	combined_db_spectrum_weight_raw	0.02938222129824984	3.852376540040148e-07	ATC	24	350
control_region	unlabeled_out_of_neutral_domain_T95	A[T>C]G	2	0	0.0	0.0	genome_wide	raw	combined_db_spectrum_weight_raw	0.02938222129824984	0.0	ATG	13	176
control_region	unlabeled_out_of_neutral_domain_T95	A[T>C]T	1	1	2.0	2.316782632062923e-08	genome_wide	raw	combined_db_spectrum_weight_raw	0.02938222129824984	7.884981222304397e-07	ATT	23	342
control_region	unlabeled_out_of_neutral_domain_T95	A[T>G]A	4	2	2.0	2.1948467040596114e-08	genome_wide	raw	combined_db_spectrum_weight_raw	0.02938222129824984	7.469982210604165e-07	ATA	24	361
control_region	unlabeled_out_of_neutral_domain_T95	A[T>G]C	5	0	0.0	0.0	genome_wide	raw	combined_db_spectrum_weight_raw	0.02938222129824984	0.0	ATC	24	350
control_region	unlabeled_out_of_neutral_domain_T95	A[T>G]G	2	0	0.0	0.0	genome_wide	raw	combined_db_spectrum_weight_raw	0.02938222129824984	0.0	ATG	13	176
control_region	unlabeled_out_of_neutral_domain_T95	A[T>G]T	1	0	0.0	0.0	genome_wide	raw	combined_db_spectrum_weight_raw	0.02938222129824984	0.0	ATT	23	342
control_region	unlabeled_out_of_neutral_domain_T95	C[A>C]A	4	4	41.0	3.830887507875744e-07	genome_wide	raw	combined_db_spectrum_weight_raw	0.02938222129824984	1.3038113997541539e-05	CAA	32	424
control_region	unlabeled_out_of_neutral_domain_T95	C[A>C]C	7	4	972.0	9.125049166835132e-06	genome_wide	raw	combined_db_spectrum_weight_raw	0.02938222129824984	0.00031056362533688587	CAC	45	422
control_region	unlabeled_out_of_neutral_domain_T95	C[A>C]G	0	0	0.0	0.0	genome_wide	raw	combined_db_spectrum_weight_raw	0.02938222129824984	0.0	CAG	18	200
control_region	unlabeled_out_of_neutral_domain_T95	C[A>C]T	5	1	1.0	9.854970897581091e-09	genome_wide	raw	combined_db_spectrum_weight_raw	0.02938222129824984	3.35405917665187e-07	CAT	34	402
control_region	unlabeled_out_of_neutral_domain_T95	C[A>G]A	1	0	0.0	0.0	genome_wide	raw	combined_db_spectrum_weight_raw	0.02938222129824984	0.0	CAA	32	424
control_region	unlabeled_out_of_neutral_domain_T95	C[A>G]C	6	3	3.0	2.8163731996404733e-08	genome_wide	raw	combined_db_spectrum_weight_raw	0.02938222129824984	9.585297078298948e-07	CAC	45	422
control_region	unlabeled_out_of_neutral_domain_T95	C[A>G]G	2	1	7.0	1.3865944052896597e-07	genome_wide	raw	combined_db_spectrum_weight_raw	0.02938222129824984	4.719161261549182e-06	CAG	18	200
control_region	unlabeled_out_of_neutral_domain_T95	C[A>G]T	4	0	0.0	0.0	genome_wide	raw	combined_db_spectrum_weight_raw	0.02938222129824984	0.0	CAT	34	402
control_region	unlabeled_out_of_neutral_domain_T95	C[A>T]A	5	4	4.0	3.737451227195848e-08	genome_wide	raw	combined_db_spectrum_weight_raw	0.02938222129824984	1.2720111217113699e-06	CAA	32	424
control_region	unlabeled_out_of_neutral_domain_T95	C[A>T]C	3	0	0.0	0.0	genome_wide	raw	combined_db_spectrum_weight_raw	0.02938222129824984	0.0	CAC	45	422
control_region	unlabeled_out_of_neutral_domain_T95	C[A>T]G	3	2	2.0	3.961698300827599e-08	genome_wide	raw	combined_db_spectrum_weight_raw	0.02938222129824984	1.348331789014052e-06	CAG	18	200
control_region	unlabeled_out_of_neutral_domain_T95	C[A>T]T	4	0	0.0	0.0	genome_wide	raw	combined_db_spectrum_weight_raw	0.02938222129824984	0.0	CAT	34	402
control_region	unlabeled_out_of_neutral_domain_T95	C[C>A]A	4	1	26.0	2.4236271958004136e-07	genome_wide	raw	combined_db_spectrum_weight_raw	0.02938222129824984	8.248618003380083e-06	CCA	43	425
control_region	unlabeled_out_of_neutral_domain_T95	C[C>A]C	7	3	3.0	2.0924462856483794e-08	genome_wide	raw	combined_db_spectrum_weight_raw	0.02938222129824984	7.121470716623513e-07	CCC	63	568
control_region	unlabeled_out_of_neutral_domain_T95	C[C>A]G	3	1	2.0	5.783501169091385e-08	genome_wide	raw	combined_db_spectrum_weight_raw	0.02938222129824984	1.9683675752029956e-06	CCG	11	137
control_region	unlabeled_out_of_neutral_domain_T95	C[C>A]T	5	3	3.0	2.250964943652045e-08	genome_wide	raw	combined_db_spectrum_weight_raw	0.02938222129824984	7.660976073943477e-07	CCT	25	528
control_region	unlabeled_out_of_neutral_domain_T95	C[C>G]A	4	1	1.0	9.32164306077082e-09	genome_wide	raw	combined_db_spectrum_weight_raw	0.02938222129824984	3.172545385915416e-07	CCA	43	425
control_region	unlabeled_out_of_neutral_domain_T95	C[C>G]C	5	1	2.0	1.394964190432253e-08	genome_wide	raw	combined_db_spectrum_weight_raw	0.02938222129824984	4.747647144415676e-07	CCC	63	568
control_region	unlabeled_out_of_neutral_domain_T95	C[C>G]G	3	1	1.0	2.8917505845456926e-08	genome_wide	raw	combined_db_spectrum_weight_raw	0.02938222129824984	9.841837876014978e-07	CCG	11	137
control_region	unlabeled_out_of_neutral_domain_T95	C[C>G]T	2	0	0.0	0.0	genome_wide	raw	combined_db_spectrum_weight_raw	0.02938222129824984	0.0	CCT	25	528
control_region	unlabeled_out_of_neutral_domain_T95	C[C>T]A	2	1	5.0	4.6608215303854106e-08	genome_wide	raw	combined_db_spectrum_weight_raw	0.02938222129824984	1.5862726929577082e-06	CCA	43	425
control_region	unlabeled_out_of_neutral_domain_T95	C[C>T]C	2	0	0.0	0.0	genome_wide	raw	combined_db_spectrum_weight_raw	0.02938222129824984	0.0	CCC	63	568
control_region	unlabeled_out_of_neutral_domain_T95	C[C>T]G	2	0	0.0	0.0	genome_wide	raw	combined_db_spectrum_weight_raw	0.02938222129824984	0.0	CCG	11	137
control_region	unlabeled_out_of_neutral_domain_T95	C[C>T]T	2	1	1.0	7.50321647884015e-09	genome_wide	raw	combined_db_spectrum_weight_raw	0.02938222129824984	2.5536586913144923e-07	CCT	25	528
control_region	unlabeled_out_of_neutral_domain_T95	C[G>A]A	0	0	0.0	0.0	genome_wide	raw	combined_db_spectrum_weight_raw	0.02938222129824984	0.0	CGA	6	123
control_region	unlabeled_out_of_neutral_domain_T95	C[G>A]C	0	0	0.0	0.0	genome_wide	raw	combined_db_spectrum_weight_raw	0.02938222129824984	0.0	CGC	10	148
control_region	unlabeled_out_of_neutral_domain_T95	C[G>A]G	0	0	0.0	0.0	genome_wide	raw	combined_db_spectrum_weight_raw	0.02938222129824984	0.0	CGG	5	84
control_region	unlabeled_out_of_neutral_domain_T95	C[G>A]T	1	0	0.0	0.0	genome_wide	raw	combined_db_spectrum_weight_raw	0.02938222129824984	0.0	CGT	7	80
control_region	unlabeled_out_of_neutral_domain_T95	C[G>C]A	2	1	13.0	4.1871608057527466e-07	genome_wide	raw	combined_db_spectrum_weight_raw	0.02938222129824984	1.425066118470136e-05	CGA	6	123
control_region	unlabeled_out_of_neutral_domain_T95	C[G>C]C	1	0	0.0	0.0	genome_wide	raw	combined_db_spectrum_weight_raw	0.02938222129824984	0.0	CGC	10	148
control_region	unlabeled_out_of_neutral_domain_T95	C[G>C]G	0	0	0.0	0.0	genome_wide	raw	combined_db_spectrum_weight_raw	0.02938222129824984	0.0	CGG	5	84
control_region	unlabeled_out_of_neutral_domain_T95	C[G>C]T	1	0	0.0	0.0	genome_wide	raw	combined_db_spectrum_weight_raw	0.02938222129824984	0.0	CGT	7	80
control_region	unlabeled_out_of_neutral_domain_T95	C[G>T]A	1	0	0.0	0.0	genome_wide	raw	combined_db_spectrum_weight_raw	0.02938222129824984	0.0	CGA	6	123
control_region	unlabeled_out_of_neutral_domain_T95	C[G>T]C	1	0	0.0	0.0	genome_wide	raw	combined_db_spectrum_weight_raw	0.02938222129824984	0.0	CGC	10	148
control_region	unlabeled_out_of_neutral_domain_T95	C[G>T]G	1	1	1.0	4.716307500985237e-08	genome_wide	raw	combined_db_spectrum_weight_raw	0.02938222129824984	1.6051568916833952e-06	CGG	5	84
control_region	unlabeled_out_of_neutral_domain_T95	C[G>T]T	1	0	0.0	0.0	genome_wide	raw	combined_db_spectrum_weight_raw	0.02938222129824984	0.0	CGT	7	80
control_region	unlabeled_out_of_neutral_domain_T95	C[T>A]A	3	1	1.0	7.876139763076737e-09	genome_wide	raw	combined_db_spectrum_weight_raw	0.02938222129824984	2.6805800974434435e-07	CTA	21	503
control_region	unlabeled_out_of_neutral_domain_T95	C[T>A]C	0	0	0.0	0.0	genome_wide	raw	combined_db_spectrum_weight_raw	0.02938222129824984	0.0	CTC	21	405
control_region	unlabeled_out_of_neutral_domain_T95	C[T>A]G	1	0	0.0	0.0	genome_wide	raw	combined_db_spectrum_weight_raw	0.02938222129824984	0.0	CTG	13	179
control_region	unlabeled_out_of_neutral_domain_T95	C[T>A]T	2	0	0.0	0.0	genome_wide	raw	combined_db_spectrum_weight_raw	0.02938222129824984	0.0	CTT	17	325
control_region	unlabeled_out_of_neutral_domain_T95	C[T>C]A	2	2	4.0	3.150455905230695e-08	genome_wide	raw	combined_db_spectrum_weight_raw	0.02938222129824984	1.0722320389773774e-06	CTA	21	503
control_region	unlabeled_out_of_neutral_domain_T95	C[T>C]C	1	1	401.0	3.92257041637498e-06	genome_wide	raw	combined_db_spectrum_weight_raw	0.02938222129824984	0.00013350149318386046	CTC	21	405
control_region	unlabeled_out_of_neutral_domain_T95	C[T>C]G	1	1	1.0	2.2132392742053624e-08	genome_wide	raw	combined_db_spectrum_weight_raw	0.02938222129824984	7.532579826894145e-07	CTG	13	179
control_region	unlabeled_out_of_neutral_domain_T95	C[T>C]T	2	2	3.0	3.656952277687014e-08	genome_wide	raw	combined_db_spectrum_weight_raw	0.02938222129824984	1.244613959089894e-06	CTT	17	325
control_region	unlabeled_out_of_neutral_domain_T95	C[T>G]A	3	0	0.0	0.0	genome_wide	raw	combined_db_spectrum_weight_raw	0.02938222129824984	0.0	CTA	21	503
control_region	unlabeled_out_of_neutral_domain_T95	C[T>G]C	0	0	0.0	0.0	genome_wide	raw	combined_db_spectrum_weight_raw	0.02938222129824984	0.0	CTC	21	405
control_region	unlabeled_out_of_neutral_domain_T95	C[T>G]G	1	0	0.0	0.0	genome_wide	raw	combined_db_spectrum_weight_raw	0.02938222129824984	0.0	CTG	13	179
control_region	unlabeled_out_of_neutral_domain_T95	C[T>G]T	2	0	0.0	0.0	genome_wide	raw	combined_db_spectrum_weight_raw	0.02938222129824984	0.0	CTT	17	325
control_region	unlabeled_out_of_neutral_domain_T95	G[A>C]A	1	0	0.0	0.0	genome_wide	raw	combined_db_spectrum_weight_raw	0.02938222129824984	0.0	GAA	8	201
control_region	unlabeled_out_of_neutral_domain_T95	G[A>C]C	2	1	2.0	4.9521228760344985e-08	genome_wide	raw	combined_db_spectrum_weight_raw	0.02938222129824984	1.6854147362675649e-06	GAC	10	160
control_region	unlabeled_out_of_neutral_domain_T95	G[A>C]G	0	0	0.0	0.0	genome_wide	raw	combined_db_spectrum_weight_raw	0.02938222129824984	0.0	GAG	5	143
control_region	unlabeled_out_of_neutral_domain_T95	G[A>C]T	2	0	0.0	0.0	genome_wide	raw	combined_db_spectrum_weight_raw	0.02938222129824984	0.0	GAT	9	135
control_region	unlabeled_out_of_neutral_domain_T95	G[A>G]A	1	0	0.0	0.0	genome_wide	raw	combined_db_spectrum_weight_raw	0.02938222129824984	0.0	GAA	8	201
control_region	unlabeled_out_of_neutral_domain_T95	G[A>G]C	2	2	6.0	1.4856368628103495e-07	genome_wide	raw	combined_db_spectrum_weight_raw	0.02938222129824984	5.056244208802694e-06	GAC	10	160
control_region	unlabeled_out_of_neutral_domain_T95	G[A>G]G	0	0	0.0	0.0	genome_wide	raw	combined_db_spectrum_weight_raw	0.02938222129824984	0.0	GAG	5	143
control_region	unlabeled_out_of_neutral_domain_T95	G[A>G]T	2	0	0.0	0.0	genome_wide	raw	combined_db_spectrum_weight_raw	0.02938222129824984	0.0	GAT	9	135
control_region	unlabeled_out_of_neutral_domain_T95	G[A>T]A	1	0	0.0	0.0	genome_wide	raw	combined_db_spectrum_weight_raw	0.02938222129824984	0.0	GAA	8	201
control_region	unlabeled_out_of_neutral_domain_T95	G[A>T]C	1	0	0.0	0.0	genome_wide	raw	combined_db_spectrum_weight_raw	0.02938222129824984	0.0	GAC	10	160
control_region	unlabeled_out_of_neutral_domain_T95	G[A>T]G	0	0	0.0	0.0	genome_wide	raw	combined_db_spectrum_weight_raw	0.02938222129824984	0.0	GAG	5	143
control_region	unlabeled_out_of_neutral_domain_T95	G[A>T]T	2	0	0.0	0.0	genome_wide	raw	combined_db_spectrum_weight_raw	0.02938222129824984	0.0	GAT	9	135
control_region	unlabeled_out_of_neutral_domain_T95	G[C>A]A	1	0	0.0	0.0	genome_wide	raw	combined_db_spectrum_weight_raw	0.02938222129824984	0.0	GCA	16	202
control_region	unlabeled_out_of_neutral_domain_T95	G[C>A]C	0	0	0.0	0.0	genome_wide	raw	combined_db_spectrum_weight_raw	0.02938222129824984	0.0	GCC	14	264
control_region	unlabeled_out_of_neutral_domain_T95	G[C>A]G	0	0	0.0	0.0	genome_wide	raw	combined_db_spectrum_weight_raw	0.02938222129824984	0.0	GCG	4	61
control_region	unlabeled_out_of_neutral_domain_T95	G[C>A]T	0	0	0.0	0.0	genome_wide	raw	combined_db_spectrum_weight_raw	0.02938222129824984	0.0	GCT	11	184
control_region	unlabeled_out_of_neutral_domain_T95	G[C>G]A	1	0	0.0	0.0	genome_wide	raw	combined_db_spectrum_weight_raw	0.02938222129824984	0.0	GCA	16	202
control_region	unlabeled_out_of_neutral_domain_T95	G[C>G]C	0	0	0.0	0.0	genome_wide	raw	combined_db_spectrum_weight_raw	0.02938222129824984	0.0	GCC	14	264
control_region	unlabeled_out_of_neutral_domain_T95	G[C>G]G	0	0	0.0	0.0	genome_wide	raw	combined_db_spectrum_weight_raw	0.02938222129824984	0.0	GCG	4	61
control_region	unlabeled_out_of_neutral_domain_T95	G[C>G]T	0	0	0.0	0.0	genome_wide	raw	combined_db_spectrum_weight_raw	0.02938222129824984	0.0	GCT	11	184
control_region	unlabeled_out_of_neutral_domain_T95	G[C>T]A	0	0	0.0	0.0	genome_wide	raw	combined_db_spectrum_weight_raw	0.02938222129824984	0.0	GCA	16	202
control_region	unlabeled_out_of_neutral_domain_T95	G[C>T]C	1	1	1.0	1.50064329576803e-08	genome_wide	raw	combined_db_spectrum_weight_raw	0.02938222129824984	5.107317382628985e-07	GCC	14	264
control_region	unlabeled_out_of_neutral_domain_T95	G[C>T]G	0	0	0.0	0.0	genome_wide	raw	combined_db_spectrum_weight_raw	0.02938222129824984	0.0	GCG	4	61
control_region	unlabeled_out_of_neutral_domain_T95	G[C>T]T	1	1	1.0	2.153096902623695e-08	genome_wide	raw	combined_db_spectrum_weight_raw	0.02938222129824984	7.327890157685065e-07	GCT	11	184
control_region	unlabeled_out_of_neutral_domain_T95	G[G>A]A	1	0	0.0	0.0	genome_wide	raw	combined_db_spectrum_weight_raw	0.02938222129824984	0.0	GGA	8	131
control_region	unlabeled_out_of_neutral_domain_T95	G[G>A]C	0	0	0.0	0.0	genome_wide	raw	combined_db_spectrum_weight_raw	0.02938222129824984	0.0	GGC	4	158
control_region	unlabeled_out_of_neutral_domain_T95	G[G>A]G	2	1	1.0	3.0950767975215613e-08	genome_wide	raw	combined_db_spectrum_weight_raw	0.02938222129824984	1.053384210167228e-06	GGG	15	128
control_region	unlabeled_out_of_neutral_domain_T95	G[G>A]T	0	0	0.0	0.0	genome_wide	raw	combined_db_spectrum_weight_raw	0.02938222129824984	0.0	GGT	10	122
control_region	unlabeled_out_of_neutral_domain_T95	G[G>C]A	1	0	0.0	0.0	genome_wide	raw	combined_db_spectrum_weight_raw	0.02938222129824984	0.0	GGA	8	131
control_region	unlabeled_out_of_neutral_domain_T95	G[G>C]C	2	1	1083.0	2.715518518858411e-05	genome_wide	raw	combined_db_spectrum_weight_raw	0.02938222129824984	0.0009242046376596318	GGC	4	158
control_region	unlabeled_out_of_neutral_domain_T95	G[G>C]G	1	0	0.0	0.0	genome_wide	raw	combined_db_spectrum_weight_raw	0.02938222129824984	0.0	GGG	15	128
control_region	unlabeled_out_of_neutral_domain_T95	G[G>C]T	2	0	0.0	0.0	genome_wide	raw	combined_db_spectrum_weight_raw	0.02938222129824984	0.0	GGT	10	122
control_region	unlabeled_out_of_neutral_domain_T95	G[G>T]A	1	0	0.0	0.0	genome_wide	raw	combined_db_spectrum_weight_raw	0.02938222129824984	0.0	GGA	8	131
control_region	unlabeled_out_of_neutral_domain_T95	G[G>T]C	1	0	0.0	0.0	genome_wide	raw	combined_db_spectrum_weight_raw	0.02938222129824984	0.0	GGC	4	158
control_region	unlabeled_out_of_neutral_domain_T95	G[G>T]G	2	1	1.0	3.0950767975215613e-08	genome_wide	raw	combined_db_spectrum_weight_raw	0.02938222129824984	1.053384210167228e-06	GGG	15	128
control_region	unlabeled_out_of_neutral_domain_T95	G[G>T]T	2	0	0.0	0.0	genome_wide	raw	combined_db_spectrum_weight_raw	0.02938222129824984	0.0	GGT	10	122
control_region	unlabeled_out_of_neutral_domain_T95	G[T>A]A	0	0	0.0	0.0	genome_wide	raw	combined_db_spectrum_weight_raw	0.02938222129824984	0.0	GTA	19	167
control_region	unlabeled_out_of_neutral_domain_T95	G[T>A]C	2	0	0.0	0.0	genome_wide	raw	combined_db_spectrum_weight_raw	0.02938222129824984	0.0	GTC	10	115
control_region	unlabeled_out_of_neutral_domain_T95	G[T>A]G	1	0	0.0	0.0	genome_wide	raw	combined_db_spectrum_weight_raw	0.02938222129824984	0.0	GTG	5	87
control_region	unlabeled_out_of_neutral_domain_T95	G[T>A]T	3	0	0.0	0.0	genome_wide	raw	combined_db_spectrum_weight_raw	0.02938222129824984	0.0	GTT	5	137
control_region	unlabeled_out_of_neutral_domain_T95	G[T>C]A	0	0	0.0	0.0	genome_wide	raw	combined_db_spectrum_weight_raw	0.02938222129824984	0.0	GTA	19	167
control_region	unlabeled_out_of_neutral_domain_T95	G[T>C]C	1	1	162033.0	0.005581964006765203	genome_wide	raw	combined_db_spectrum_weight_raw	0.02938222129824984	0.18997760414722947	GTC	10	115
control_region	unlabeled_out_of_neutral_domain_T95	G[T>C]G	0	0	0.0	0.0	genome_wide	raw	combined_db_spectrum_weight_raw	0.02938222129824984	0.0	GTG	5	87
control_region	unlabeled_out_of_neutral_domain_T95	G[T>C]T	1	1	1.0	2.8917505845456926e-08	genome_wide	raw	combined_db_spectrum_weight_raw	0.02938222129824984	9.841837876014978e-07	GTT	5	137
control_region	unlabeled_out_of_neutral_domain_T95	G[T>G]A	0	0	0.0	0.0	genome_wide	raw	combined_db_spectrum_weight_raw	0.02938222129824984	0.0	GTA	19	167
control_region	unlabeled_out_of_neutral_domain_T95	G[T>G]C	2	0	0.0	0.0	genome_wide	raw	combined_db_spectrum_weight_raw	0.02938222129824984	0.0	GTC	10	115
control_region	unlabeled_out_of_neutral_domain_T95	G[T>G]G	0	0	0.0	0.0	genome_wide	raw	combined_db_spectrum_weight_raw	0.02938222129824984	0.0	GTG	5	87
control_region	unlabeled_out_of_neutral_domain_T95	G[T>G]T	3	0	0.0	0.0	genome_wide	raw	combined_db_spectrum_weight_raw	0.02938222129824984	0.0	GTT	5	137
control_region	unlabeled_out_of_neutral_domain_T95	T[A>C]A	3	0	0.0	0.0	genome_wide	raw	combined_db_spectrum_weight_raw	0.02938222129824984	0.0	TAA	26	402
control_region	unlabeled_out_of_neutral_domain_T95	T[A>C]C	0	0	0.0	0.0	genome_wide	raw	combined_db_spectrum_weight_raw	0.02938222129824984	0.0	TAC	27	364
control_region	unlabeled_out_of_neutral_domain_T95	T[A>C]G	0	0	0.0	0.0	genome_wide	raw	combined_db_spectrum_weight_raw	0.02938222129824984	0.0	TAG	9	278
control_region	unlabeled_out_of_neutral_domain_T95	T[A>C]T	4	1	1.0	1.2005146366144238e-08	genome_wide	raw	combined_db_spectrum_weight_raw	0.02938222129824984	4.085853906103187e-07	TAT	20	330
control_region	unlabeled_out_of_neutral_domain_T95	T[A>G]A	3	0	0.0	0.0	genome_wide	raw	combined_db_spectrum_weight_raw	0.02938222129824984	0.0	TAA	26	402
control_region	unlabeled_out_of_neutral_domain_T95	T[A>G]C	1	1	28.0	3.0474602314058455e-07	genome_wide	raw	combined_db_spectrum_weight_raw	0.02938222129824984	1.0371782992415785e-05	TAC	27	364
control_region	unlabeled_out_of_neutral_domain_T95	T[A>G]G	0	0	0.0	0.0	genome_wide	raw	combined_db_spectrum_weight_raw	0.02938222129824984	0.0	TAG	9	278
control_region	unlabeled_out_of_neutral_domain_T95	T[A>G]T	4	2	3.0	3.601543909843271e-08	genome_wide	raw	combined_db_spectrum_weight_raw	0.02938222129824984	1.2257561718309562e-06	TAT	20	330
control_region	unlabeled_out_of_neutral_domain_T95	T[A>T]A	3	0	0.0	0.0	genome_wide	raw	combined_db_spectrum_weight_raw	0.02938222129824984	0.0	TAA	26	402
control_region	unlabeled_out_of_neutral_domain_T95	T[A>T]C	0	0	0.0	0.0	genome_wide	raw	combined_db_spectrum_weight_raw	0.02938222129824984	0.0	TAC	27	364
control_region	unlabeled_out_of_neutral_domain_T95	T[A>T]G	0	0	0.0	0.0	genome_wide	raw	combined_db_spectrum_weight_raw	0.02938222129824984	0.0	TAG	9	278
control_region	unlabeled_out_of_neutral_domain_T95	T[A>T]T	4	1	1.0	1.2005146366144238e-08	genome_wide	raw	combined_db_spectrum_weight_raw	0.02938222129824984	4.085853906103187e-07	TAT	20	330
control_region	unlabeled_out_of_neutral_domain_T95	T[C>A]A	5	0	0.0	0.0	genome_wide	raw	combined_db_spectrum_weight_raw	0.02938222129824984	0.0	TCA	25	394
control_region	unlabeled_out_of_neutral_domain_T95	T[C>A]C	2	1	1.0	1.1222941362117843e-08	genome_wide	raw	combined_db_spectrum_weight_raw	0.02938222129824984	3.8196367960738013e-07	TCC	24	353
control_region	unlabeled_out_of_neutral_domain_T95	T[C>A]G	0	0	0.0	0.0	genome_wide	raw	combined_db_spectrum_weight_raw	0.02938222129824984	0.0	TCG	6	120
control_region	unlabeled_out_of_neutral_domain_T95	T[C>A]T	3	1	1.0	1.2821030099765692e-08	genome_wide	raw	combined_db_spectrum_weight_raw	0.02938222129824984	4.363533297780103e-07	TCT	15	309
control_region	unlabeled_out_of_neutral_domain_T95	T[C>G]A	6	0	0.0	0.0	genome_wide	raw	combined_db_spectrum_weight_raw	0.02938222129824984	0.0	TCA	25	394
control_region	unlabeled_out_of_neutral_domain_T95	T[C>G]C	2	0	0.0	0.0	genome_wide	raw	combined_db_spectrum_weight_raw	0.02938222129824984	0.0	TCC	24	353
control_region	unlabeled_out_of_neutral_domain_T95	T[C>G]G	0	0	0.0	0.0	genome_wide	raw	combined_db_spectrum_weight_raw	0.02938222129824984	0.0	TCG	6	120
control_region	unlabeled_out_of_neutral_domain_T95	T[C>G]T	3	1	1.0	1.2821030099765692e-08	genome_wide	raw	combined_db_spectrum_weight_raw	0.02938222129824984	4.363533297780103e-07	TCT	15	309
control_region	unlabeled_out_of_neutral_domain_T95	T[C>T]A	6	1	1.0	1.0055071829511671e-08	genome_wide	raw	combined_db_spectrum_weight_raw	0.02938222129824984	3.422161901050893e-07	TCA	25	394
control_region	unlabeled_out_of_neutral_domain_T95	T[C>T]C	4	2	2.0	2.2445882724235686e-08	genome_wide	raw	combined_db_spectrum_weight_raw	0.02938222129824984	7.639273592147603e-07	TCC	24	353
control_region	unlabeled_out_of_neutral_domain_T95	T[C>T]G	0	0	0.0	0.0	genome_wide	raw	combined_db_spectrum_weight_raw	0.02938222129824984	0.0	TCG	6	120
control_region	unlabeled_out_of_neutral_domain_T95	T[C>T]T	3	2	2.0	2.5642060199531384e-08	genome_wide	raw	combined_db_spectrum_weight_raw	0.02938222129824984	8.727066595560206e-07	TCT	15	309
control_region	unlabeled_out_of_neutral_domain_T95	T[G>A]A	1	0	0.0	0.0	genome_wide	raw	combined_db_spectrum_weight_raw	0.02938222129824984	0.0	TGA	9	211
control_region	unlabeled_out_of_neutral_domain_T95	T[G>A]C	0	0	0.0	0.0	genome_wide	raw	combined_db_spectrum_weight_raw	0.02938222129824984	0.0	TGC	13	128
control_region	unlabeled_out_of_neutral_domain_T95	T[G>A]G	2	0	0.0	0.0	genome_wide	raw	combined_db_spectrum_weight_raw	0.02938222129824984	0.0	TGG	11	139
control_region	unlabeled_out_of_neutral_domain_T95	T[G>A]T	0	0	0.0	0.0	genome_wide	raw	combined_db_spectrum_weight_raw	0.02938222129824984	0.0	TGT	10	123
control_region	unlabeled_out_of_neutral_domain_T95	T[G>C]A	1	0	0.0	0.0	genome_wide	raw	combined_db_spectrum_weight_raw	0.02938222129824984	0.0	TGA	9	211
control_region	unlabeled_out_of_neutral_domain_T95	T[G>C]C	1	1	1.0	3.0950767975215613e-08	genome_wide	raw	combined_db_spectrum_weight_raw	0.02938222129824984	1.053384210167228e-06	TGC	13	128
control_region	unlabeled_out_of_neutral_domain_T95	T[G>C]G	4	1	914.0	2.6050303934938313e-05	genome_wide	raw	combined_db_spectrum_weight_raw	0.02938222129824984	0.0008866009029919737	TGG	11	139
control_region	unlabeled_out_of_neutral_domain_T95	T[G>C]T	1	1	4.0	1.2883571710008452e-07	genome_wide	raw	combined_db_spectrum_weight_raw	0.02938222129824984	4.384818826061957e-06	TGT	10	123
control_region	unlabeled_out_of_neutral_domain_T95	T[G>T]A	1	0	0.0	0.0	genome_wide	raw	combined_db_spectrum_weight_raw	0.02938222129824984	0.0	TGA	9	211
control_region	unlabeled_out_of_neutral_domain_T95	T[G>T]C	0	0	0.0	0.0	genome_wide	raw	combined_db_spectrum_weight_raw	0.02938222129824984	0.0	TGC	13	128
control_region	unlabeled_out_of_neutral_domain_T95	T[G>T]G	4	1	1.0	2.8501426624658984e-08	genome_wide	raw	combined_db_spectrum_weight_raw	0.02938222129824984	9.70022869794282e-07	TGG	11	139
control_region	unlabeled_out_of_neutral_domain_T95	T[G>T]T	1	1	1.0	3.220892927502113e-08	genome_wide	raw	combined_db_spectrum_weight_raw	0.02938222129824984	1.0962047065154893e-06	TGT	10	123
control_region	unlabeled_out_of_neutral_domain_T95	T[T>A]A	2	1	1.0	1.1617883580139587e-08	genome_wide	raw	combined_db_spectrum_weight_raw	0.02938222129824984	3.9540521671966336e-07	TTA	18	341
control_region	unlabeled_out_of_neutral_domain_T95	T[T>A]C	5	0	0.0	0.0	genome_wide	raw	combined_db_spectrum_weight_raw	0.02938222129824984	0.0	TTC	15	308
control_region	unlabeled_out_of_neutral_domain_T95	T[T>A]G	0	0	0.0	0.0	genome_wide	raw	combined_db_spectrum_weight_raw	0.02938222129824984	0.0	TTG	12	157
control_region	unlabeled_out_of_neutral_domain_T95	T[T>A]T	1	0	0.0	0.0	genome_wide	raw	combined_db_spectrum_weight_raw	0.02938222129824984	0.0	TTT	20	285
control_region	unlabeled_out_of_neutral_domain_T95	T[T>C]A	1	1	2.0	2.3235767160279173e-08	genome_wide	raw	combined_db_spectrum_weight_raw	0.02938222129824984	7.908104334393267e-07	TTA	18	341
control_region	unlabeled_out_of_neutral_domain_T95	T[T>C]C	3	1	1.0	1.2862656820868828e-08	genome_wide	raw	combined_db_spectrum_weight_raw	0.02938222129824984	4.377700613681987e-07	TTC	15	308
control_region	unlabeled_out_of_neutral_domain_T95	T[T>C]G	0	0	0.0	0.0	genome_wide	raw	combined_db_spectrum_weight_raw	0.02938222129824984	0.0	TTG	12	157
control_region	unlabeled_out_of_neutral_domain_T95	T[T>C]T	2	1	1.0	1.390069579237754e-08	genome_wide	raw	combined_db_spectrum_weight_raw	0.02938222129824984	4.7309887333826383e-07	TTT	20	285
control_region	unlabeled_out_of_neutral_domain_T95	T[T>G]A	2	1	2.0	2.3235767160279173e-08	genome_wide	raw	combined_db_spectrum_weight_raw	0.02938222129824984	7.908104334393267e-07	TTA	18	341
control_region	unlabeled_out_of_neutral_domain_T95	T[T>G]C	5	0	0.0	0.0	genome_wide	raw	combined_db_spectrum_weight_raw	0.02938222129824984	0.0	TTC	15	308
control_region	unlabeled_out_of_neutral_domain_T95	T[T>G]G	0	0	0.0	0.0	genome_wide	raw	combined_db_spectrum_weight_raw	0.02938222129824984	0.0	TTG	12	157
control_region	unlabeled_out_of_neutral_domain_T95	T[T>G]T	1	0	0.0	0.0	genome_wide	raw	combined_db_spectrum_weight_raw	0.02938222129824984	0.0	TTT	20	285
