functional_class	reference_group	comparison_group	substitution_type_192	frequency_difference	bootstrap_median_difference	ci_lower	ci_upper	bootstrap_se	z_score	p_value	p_value_method	q_value_bh	ci_excludes_zero	significant_fdr_05	n_bootstrap_units	confidence_level	n_simulations	resampling_method	bootstrap_unit	opportunities_resampled	uncertainty_model
control_region	expanded_neutral_like_T95	unlabeled_out_of_neutral_domain_T95	A[C>A]A	-0.00013170057816085413	-0.00012204881546390238	-0.00043927639776840377	-7.983798410456414e-06	0.00012695596828558238	-1.0373720900194225	0.14446388402899274	centered_position_bootstrap	0.2015496125968508	True	False	1122	0.95	4000	position_bootstrap	mtDNA_position	False	paired nonparametric bootstrap of whole mtDNA positions
control_region	expanded_neutral_like_T95	unlabeled_out_of_neutral_domain_T95	A[C>A]C	-0.0007869151410397123	-0.0007277099275506266	-0.0022299164662618258	-0.00010087619918617759	0.0005836984316352644	-1.3481535984859931	0.11247188202949263	centered_position_bootstrap	0.19728401233025078	True	False	1122	0.95	4000	position_bootstrap	mtDNA_position	False	paired nonparametric bootstrap of whole mtDNA positions
control_region	expanded_neutral_like_T95	unlabeled_out_of_neutral_domain_T95	A[C>A]G	-4.012543004223721e-06	-3.9026009097726655e-06	-1.2380821252048563e-05	3.139372518742769e-06	3.8811266018245995e-06	-1.0338603750615452	0.32066983254186454	centered_position_bootstrap	0.33461199917411955	False	False	1122	0.95	4000	position_bootstrap	mtDNA_position	False	paired nonparametric bootstrap of whole mtDNA positions
control_region	expanded_neutral_like_T95	unlabeled_out_of_neutral_domain_T95	A[C>A]T	-7.712999330341151e-05	-7.393505558218427e-05	-0.00018869241759195742	-1.3713873490316098e-05	4.533952839661236e-05	-1.7011644371046093	0.0667333166708323	centered_position_bootstrap	0.19728401233025078	True	False	1122	0.95	4000	position_bootstrap	mtDNA_position	False	paired nonparametric bootstrap of whole mtDNA positions
control_region	expanded_neutral_like_T95	unlabeled_out_of_neutral_domain_T95	C[C>A]A	-7.81668261210404e-05	-7.142040438101201e-05	-0.0002636328979072792	-3.699706190815822e-07	7.335343974140891e-05	-1.0656190956634073	0.16870782304423895	centered_position_bootstrap	0.20244938765308676	True	False	1122	0.95	4000	position_bootstrap	mtDNA_position	False	paired nonparametric bootstrap of whole mtDNA positions
control_region	expanded_neutral_like_T95	unlabeled_out_of_neutral_domain_T95	C[C>A]C	-3.403230918397156e-05	-3.349558022460311e-05	-7.08365735348463e-05	-1.3300122987548649e-05	1.4889988343603598e-05	-2.285583332816447	0.032491877030742314	centered_position_bootstrap	0.19728401233025078	True	False	1122	0.95	4000	position_bootstrap	mtDNA_position	False	paired nonparametric bootstrap of whole mtDNA positions
control_region	expanded_neutral_like_T95	unlabeled_out_of_neutral_domain_T95	C[C>A]G	-6.809163885955405e-05	-6.49257278479846e-05	-0.00025072480666096233	2.0919362428983786e-06	7.155569011908928e-05	-0.9515894367901414	0.25868532866783306	centered_position_bootstrap	0.2774725313085137	False	False	1122	0.95	4000	position_bootstrap	mtDNA_position	False	paired nonparametric bootstrap of whole mtDNA positions
control_region	expanded_neutral_like_T95	unlabeled_out_of_neutral_domain_T95	C[C>A]T	-3.932292144139247e-05	-3.810232023611487e-05	-8.576220979838446e-05	-1.1285976591491734e-05	1.9438369262178187e-05	-2.0229537216326188	0.04223944013996501	centered_position_bootstrap	0.19728401233025078	True	False	1122	0.95	4000	position_bootstrap	mtDNA_position	False	paired nonparametric bootstrap of whole mtDNA positions
control_region	expanded_neutral_like_T95	unlabeled_out_of_neutral_domain_T95	G[C>A]A	-4.7983326758842e-05	-4.4308708423821236e-05	-0.00015083326322052468	-4.853308234492784e-06	4.032295911494252e-05	-1.18997533445061	0.12896775806048488	centered_position_bootstrap	0.19728401233025078	True	False	1122	0.95	4000	position_bootstrap	mtDNA_position	False	paired nonparametric bootstrap of whole mtDNA positions
control_region	expanded_neutral_like_T95	unlabeled_out_of_neutral_domain_T95	G[C>A]C	-0.0003236784690073801	-0.0002912224259250999	-0.0009472380729051783	-1.0744411987629171e-05	0.0002567012297732223	-1.2609151475173204	0.11872031992002	centered_position_bootstrap	0.19728401233025078	True	False	1122	0.95	4000	position_bootstrap	mtDNA_position	False	paired nonparametric bootstrap of whole mtDNA positions
control_region	expanded_neutral_like_T95	unlabeled_out_of_neutral_domain_T95	G[C>A]G	-0.0062144259777914875	-0.005939408417251822	-0.022941100211268706	-1.9659627387188697e-06	0.0066920200631178095	-0.9286322992427176	0.18595351162209448	centered_position_bootstrap	0.2075760129735008	True	False	1122	0.95	4000	position_bootstrap	mtDNA_position	False	paired nonparametric bootstrap of whole mtDNA positions
control_region	expanded_neutral_like_T95	unlabeled_out_of_neutral_domain_T95	G[C>A]T	-1.5320618743399662e-05	-1.4667875456151542e-05	-3.73152004750505e-05	-4.6298561453939186e-06	8.611022857716933e-06	-1.7791868627627434	0.06898275431142215	centered_position_bootstrap	0.19728401233025078	True	False	1122	0.95	4000	position_bootstrap	mtDNA_position	False	paired nonparametric bootstrap of whole mtDNA positions
control_region	expanded_neutral_like_T95	unlabeled_out_of_neutral_domain_T95	T[C>A]A	-0.00012545884459872833	-0.00011759895682612053	-0.00031059442625706147	-1.732843161721996e-05	7.809621847952713e-05	-1.6064650381454422	0.07273181704573857	centered_position_bootstrap	0.19728401233025078	True	False	1122	0.95	4000	position_bootstrap	mtDNA_position	False	paired nonparametric bootstrap of whole mtDNA positions
control_region	expanded_neutral_like_T95	unlabeled_out_of_neutral_domain_T95	T[C>A]C	-0.00011118087907536559	-0.00010528007014936269	-0.0003609607690910514	-6.975039832203335e-06	0.00010039999583248819	-1.1073793196253185	0.14121469632591852	centered_position_bootstrap	0.2015496125968508	True	False	1122	0.95	4000	position_bootstrap	mtDNA_position	False	paired nonparametric bootstrap of whole mtDNA positions
control_region	expanded_neutral_like_T95	unlabeled_out_of_neutral_domain_T95	T[C>A]G	-4.057126815381762e-05	-3.792972035543648e-05	-0.00013502682500573206	-2.8317417303206726e-06	3.701757523957248e-05	-1.0960001537444348	0.15121219695076232	centered_position_bootstrap	0.2015496125968508	True	False	1122	0.95	4000	position_bootstrap	mtDNA_position	False	paired nonparametric bootstrap of whole mtDNA positions
control_region	expanded_neutral_like_T95	unlabeled_out_of_neutral_domain_T95	T[C>A]T	-8.738426986976102e-06	-8.390095912962393e-06	-2.143302083651657e-05	-1.6322731091026686e-06	5.105780498812303e-06	-1.711477214699852	0.07848037990502374	centered_position_bootstrap	0.19728401233025078	True	False	1122	0.95	4000	position_bootstrap	mtDNA_position	False	paired nonparametric bootstrap of whole mtDNA positions
control_region	expanded_neutral_like_T95	unlabeled_out_of_neutral_domain_T95	T[G>T]T	-2.247024082365284e-05	-2.051270598732809e-05	-6.81398801255784e-05	-2.8102828027490606e-06	1.7970265200632646e-05	-1.2504123101567677	0.11947013246688327	centered_position_bootstrap	0.19728401233025078	True	False	1122	0.95	4000	position_bootstrap	mtDNA_position	False	paired nonparametric bootstrap of whole mtDNA positions
control_region	expanded_neutral_like_T95	unlabeled_out_of_neutral_domain_T95	G[G>T]T	-0.00015448290566261324	-0.00013961963466118922	-0.0004352466162447682	-3.0639391667311114e-06	0.00011338058156741432	-1.3625164338283107	0.11147213196700825	centered_position_bootstrap	0.19728401233025078	True	False	1122	0.95	4000	position_bootstrap	mtDNA_position	False	paired nonparametric bootstrap of whole mtDNA positions
control_region	expanded_neutral_like_T95	unlabeled_out_of_neutral_domain_T95	C[G>T]T	-4.681300171594341e-05	-4.312995696833808e-05	-0.00015999058180584777	0.0	4.509544299570163e-05	-1.0380871903266475	0.17795551112221944	centered_position_bootstrap	0.2058280610570249	False	False	1122	0.95	4000	position_bootstrap	mtDNA_position	False	paired nonparametric bootstrap of whole mtDNA positions
control_region	expanded_neutral_like_T95	unlabeled_out_of_neutral_domain_T95	A[G>T]T	-1.6171764229144088e-05	-1.527868819075878e-05	-3.8604319985020724e-05	-4.426538990962567e-06	9.084103584719583e-06	-1.780226753066389	0.06248437890527368	centered_position_bootstrap	0.19728401233025078	True	False	1122	0.95	4000	position_bootstrap	mtDNA_position	False	paired nonparametric bootstrap of whole mtDNA positions
control_region	expanded_neutral_like_T95	unlabeled_out_of_neutral_domain_T95	T[G>T]G	-0.00011405349508975304	-0.000108479652042953	-0.0004179857136750985	2.458146704731446e-06	0.00012376833427916632	-0.921507878036874	0.29142714321419644	centered_position_bootstrap	0.30743962361058086	False	False	1122	0.95	4000	position_bootstrap	mtDNA_position	False	paired nonparametric bootstrap of whole mtDNA positions
control_region	expanded_neutral_like_T95	unlabeled_out_of_neutral_domain_T95	G[G>T]G	-1.2483467124251574e-05	-1.1919375608427613e-05	-2.820633442938019e-05	-3.2422756675713167e-06	6.522815597072211e-06	-1.9138157347043236	0.053486628342914275	centered_position_bootstrap	0.19728401233025078	True	False	1122	0.95	4000	position_bootstrap	mtDNA_position	False	paired nonparametric bootstrap of whole mtDNA positions
control_region	expanded_neutral_like_T95	unlabeled_out_of_neutral_domain_T95	C[G>T]G	-5.61756020591321e-06	-5.3004117628746126e-06	-1.6785196723388318e-05	2.0688915633659913e-06	4.811917372570728e-06	-1.1674265726038586	0.26393401649587606	centered_position_bootstrap	0.28152961759560113	False	False	1122	0.95	4000	position_bootstrap	mtDNA_position	False	paired nonparametric bootstrap of whole mtDNA positions
control_region	expanded_neutral_like_T95	unlabeled_out_of_neutral_domain_T95	A[G>T]G	-7.334036935497801e-05	-6.725838493006974e-05	-0.0002271576876510274	-1.5923554759610744e-06	6.229282850013883e-05	-1.177348518615021	0.15021244688827792	centered_position_bootstrap	0.2015496125968508	True	False	1122	0.95	4000	position_bootstrap	mtDNA_position	False	paired nonparametric bootstrap of whole mtDNA positions
control_region	expanded_neutral_like_T95	unlabeled_out_of_neutral_domain_T95	T[G>T]C	-9.362600343188683e-06	-9.315739267617047e-06	-1.7323426615897963e-05	-4.300182801972843e-06	3.3745755376597785e-06	-2.7744527389306914	0.01324668832791802	centered_position_bootstrap	0.19728401233025078	True	False	1122	0.95	4000	position_bootstrap	mtDNA_position	False	paired nonparametric bootstrap of whole mtDNA positions
control_region	expanded_neutral_like_T95	unlabeled_out_of_neutral_domain_T95	G[G>T]C	-0.005322638295102766	-0.005077951635027482	-0.0179288861961164	3.355950185246575e-06	0.0052628606074081085	-1.0113584022367064	0.29667583104223944	centered_position_bootstrap	0.311266445683661	False	False	1122	0.95	4000	position_bootstrap	mtDNA_position	False	paired nonparametric bootstrap of whole mtDNA positions
control_region	expanded_neutral_like_T95	unlabeled_out_of_neutral_domain_T95	C[G>T]C	-1.3107640480464155e-05	-1.2831055780590255e-05	-2.8173760694689415e-05	-3.700895497681079e-06	6.315974602757863e-06	-2.0753155775421765	0.03974006498375406	centered_position_bootstrap	0.19728401233025078	True	False	1122	0.95	4000	position_bootstrap	mtDNA_position	False	paired nonparametric bootstrap of whole mtDNA positions
control_region	expanded_neutral_like_T95	unlabeled_out_of_neutral_domain_T95	A[G>T]C	-1.2483467124251576e-05	-1.2037954444336931e-05	-2.5089282139370335e-05	-4.840476528950686e-06	5.240223751394694e-06	-2.382239331083731	0.026243439140214948	centered_position_bootstrap	0.19728401233025078	True	False	1122	0.95	4000	position_bootstrap	mtDNA_position	False	paired nonparametric bootstrap of whole mtDNA positions
control_region	expanded_neutral_like_T95	unlabeled_out_of_neutral_domain_T95	T[G>T]A	-1.352375605127254e-05	-1.2597879652607674e-05	-3.3099195165517376e-05	-2.4108142359165383e-06	8.023072686431544e-06	-1.685608068108823	0.06973256685828542	centered_position_bootstrap	0.19728401233025078	True	False	1122	0.95	4000	position_bootstrap	mtDNA_position	False	paired nonparametric bootstrap of whole mtDNA positions
control_region	expanded_neutral_like_T95	unlabeled_out_of_neutral_domain_T95	G[G>T]A	-7.021950257391512e-06	-6.928379771597963e-06	-1.5871515351964263e-05	-1.110187539615543e-06	3.8172023007472185e-06	-1.8395541300016935	0.06348412896775806	centered_position_bootstrap	0.19728401233025078	True	False	1122	0.95	4000	position_bootstrap	mtDNA_position	False	paired nonparametric bootstrap of whole mtDNA positions
control_region	expanded_neutral_like_T95	unlabeled_out_of_neutral_domain_T95	C[G>T]A	-4.681300171594341e-05	-4.460684722194248e-05	-0.00016333894588981609	0.0	4.600015318955914e-05	-1.0176705612921473	0.20894776305923518	centered_position_bootstrap	0.22924554575641803	False	False	1122	0.95	4000	position_bootstrap	mtDNA_position	False	paired nonparametric bootstrap of whole mtDNA positions
control_region	expanded_neutral_like_T95	unlabeled_out_of_neutral_domain_T95	A[G>T]A	-1.9765489613398332e-05	-1.875988009374125e-05	-4.996198542953386e-05	-2.834772941214272e-06	1.2532258267811713e-05	-1.5771690297960665	0.08172956760809798	centered_position_bootstrap	0.19728401233025078	True	False	1122	0.95	4000	position_bootstrap	mtDNA_position	False	paired nonparametric bootstrap of whole mtDNA positions
control_region	expanded_neutral_like_T95	unlabeled_out_of_neutral_domain_T95	A[C>G]A	-0.00014023094736242606	-0.00012580178118353315	-0.0003873880115561732	-1.3900593042302536e-05	0.00010349445653456389	-1.3549609520930557	0.09872531867033242	centered_position_bootstrap	0.19728401233025078	True	False	1122	0.95	4000	position_bootstrap	mtDNA_position	False	paired nonparametric bootstrap of whole mtDNA positions
control_region	expanded_neutral_like_T95	unlabeled_out_of_neutral_domain_T95	A[C>G]C	-0.00020826076860946534	-0.00019598485032352276	-0.0005871068290582882	-3.3692823331812594e-05	0.0001488765534033352	-1.3988822541132242	0.10297425643589103	centered_position_bootstrap	0.19728401233025078	True	False	1122	0.95	4000	position_bootstrap	mtDNA_position	False	paired nonparametric bootstrap of whole mtDNA positions
control_region	expanded_neutral_like_T95	unlabeled_out_of_neutral_domain_T95	A[C>G]G	-8.025086008447443e-06	-7.893427276195972e-06	-1.8972292013186154e-05	0.0	4.738023292512426e-06	-1.693762464428914	0.09322669332666833	centered_position_bootstrap	0.19728401233025078	False	False	1122	0.95	4000	position_bootstrap	mtDNA_position	False	paired nonparametric bootstrap of whole mtDNA positions
control_region	expanded_neutral_like_T95	unlabeled_out_of_neutral_domain_T95	A[C>G]T	-5.260889716648878e-05	-4.960418236287187e-05	-0.00015964855420823584	-8.489171744157125e-06	4.219672957008698e-05	-1.246752952242605	0.12396900774806298	centered_position_bootstrap	0.19728401233025078	True	False	1122	0.95	4000	position_bootstrap	mtDNA_position	False	paired nonparametric bootstrap of whole mtDNA positions
control_region	expanded_neutral_like_T95	unlabeled_out_of_neutral_domain_T95	C[C>G]A	-1.7636526227867053e-05	-1.7193085855134582e-05	-3.6836633041304995e-05	-7.20696365451712e-06	7.672089555182188e-06	-2.298790453502239	0.03399150212446888	centered_position_bootstrap	0.19728401233025078	True	False	1122	0.95	4000	position_bootstrap	mtDNA_position	False	paired nonparametric bootstrap of whole mtDNA positions
control_region	expanded_neutral_like_T95	unlabeled_out_of_neutral_domain_T95	C[C>G]C	-1.4415432274433368e-05	-1.439723691827161e-05	-2.6216499910995803e-05	-7.714473675121846e-06	4.731461261218103e-06	-3.046718863068986	0.011497125718570358	centered_position_bootstrap	0.19728401233025078	True	False	1122	0.95	4000	position_bootstrap	mtDNA_position	False	paired nonparametric bootstrap of whole mtDNA positions
control_region	expanded_neutral_like_T95	unlabeled_out_of_neutral_domain_T95	C[C>G]G	-4.255727428722129e-06	-4.179537508523728e-06	-1.131602929961361e-05	1.0621391780594418e-06	3.136198558875595e-06	-1.3569700224107981	0.1804548862784304	centered_position_bootstrap	0.20680544149676866	False	False	1122	0.95	4000	position_bootstrap	mtDNA_position	False	paired nonparametric bootstrap of whole mtDNA positions
control_region	expanded_neutral_like_T95	unlabeled_out_of_neutral_domain_T95	C[C>G]T	-0.00010860616398098871	-9.985168720173602e-05	-0.0003509758243896066	-6.432287504654953e-06	9.701551958323395e-05	-1.1194720643413205	0.1374656335916021	centered_position_bootstrap	0.2015496125968508	True	False	1122	0.95	4000	position_bootstrap	mtDNA_position	False	paired nonparametric bootstrap of whole mtDNA positions
control_region	expanded_neutral_like_T95	unlabeled_out_of_neutral_domain_T95	G[C>G]A	-9.362600343188683e-06	-9.308152328200516e-06	-1.7806639181093242e-05	-4.0187496570263505e-06	3.6003469422354645e-06	-2.6004717027008013	0.018745313671582105	centered_position_bootstrap	0.19728401233025078	True	False	1122	0.95	4000	position_bootstrap	mtDNA_position	False	paired nonparametric bootstrap of whole mtDNA positions
control_region	expanded_neutral_like_T95	unlabeled_out_of_neutral_domain_T95	G[C>G]C	-5.4169330557020235e-05	-4.956379479940027e-05	-0.000148484009802204	-6.245982692118975e-06	3.874995482011851e-05	-1.39791983780317	0.0997250687328168	centered_position_bootstrap	0.19728401233025078	True	False	1122	0.95	4000	position_bootstrap	mtDNA_position	False	paired nonparametric bootstrap of whole mtDNA positions
control_region	expanded_neutral_like_T95	unlabeled_out_of_neutral_domain_T95	G[C>G]G	-9.362600343188683e-06	-9.058471915851967e-06	-2.2691559114805147e-05	-1.8741557047296867e-06	5.382063084526883e-06	-1.739593199883816	0.08247938015496126	centered_position_bootstrap	0.19728401233025078	True	False	1122	0.95	4000	position_bootstrap	mtDNA_position	False	paired nonparametric bootstrap of whole mtDNA positions
control_region	expanded_neutral_like_T95	unlabeled_out_of_neutral_domain_T95	G[C>G]T	-9.362600343188683e-06	-9.413639612343447e-06	-1.7956230016265633e-05	-4.076812684369153e-06	3.633598678962579e-06	-2.5766743029149763	0.018745313671582105	centered_position_bootstrap	0.19728401233025078	True	False	1122	0.95	4000	position_bootstrap	mtDNA_position	False	paired nonparametric bootstrap of whole mtDNA positions
control_region	expanded_neutral_like_T95	unlabeled_out_of_neutral_domain_T95	T[C>G]A	-0.00020373018346778573	-0.00019223309047780538	-0.0006772857723959801	-7.762034834356544e-06	0.0001919658585784405	-1.06128342287771	0.15496125968507873	centered_position_bootstrap	0.20244938765308676	True	False	1122	0.95	4000	position_bootstrap	mtDNA_position	False	paired nonparametric bootstrap of whole mtDNA positions
control_region	expanded_neutral_like_T95	unlabeled_out_of_neutral_domain_T95	T[C>G]C	-8.582383647922958e-06	-8.650186839080823e-06	-1.5683680111352746e-05	-4.136576972805908e-06	2.9564416126059787e-06	-2.902943731859446	0.01274681329667583	centered_position_bootstrap	0.19728401233025078	True	False	1122	0.95	4000	position_bootstrap	mtDNA_position	False	paired nonparametric bootstrap of whole mtDNA positions
control_region	expanded_neutral_like_T95	unlabeled_out_of_neutral_domain_T95	T[C>G]G	-9.362600343188683e-06	-9.22579187644301e-06	-1.9943035028821835e-05	-2.5644717587286898e-06	4.4806997234332236e-06	-2.0895397864364864	0.041989502624343915	centered_position_bootstrap	0.19728401233025078	True	False	1122	0.95	4000	position_bootstrap	mtDNA_position	False	paired nonparametric bootstrap of whole mtDNA positions
control_region	expanded_neutral_like_T95	unlabeled_out_of_neutral_domain_T95	T[C>G]T	-5.61756020591321e-06	-5.63930668855474e-06	-1.240120294780756e-05	-1.1589632516047352e-06	2.8286347486765165e-06	-1.985961675872644	0.053236690827293175	centered_position_bootstrap	0.19728401233025078	True	False	1122	0.95	4000	position_bootstrap	mtDNA_position	False	paired nonparametric bootstrap of whole mtDNA positions
control_region	expanded_neutral_like_T95	unlabeled_out_of_neutral_domain_T95	T[G>C]T	-7.302828267687173e-05	-6.910226390409465e-05	-0.0002532333225504968	3.226814282265743e-06	7.39489597459033e-05	-0.9875498306913968	0.24468882779305173	centered_position_bootstrap	0.265425169131446	False	False	1122	0.95	4000	position_bootstrap	mtDNA_position	False	paired nonparametric bootstrap of whole mtDNA positions
control_region	expanded_neutral_like_T95	unlabeled_out_of_neutral_domain_T95	G[G>C]T	-9.362600343188684e-05	-8.728304295757406e-05	-0.00027375144739499814	-3.0639391667311114e-06	7.321029622517987e-05	-1.2788638792542575	0.1269682579355161	centered_position_bootstrap	0.19728401233025078	True	False	1122	0.95	4000	position_bootstrap	mtDNA_position	False	paired nonparametric bootstrap of whole mtDNA positions
control_region	expanded_neutral_like_T95	unlabeled_out_of_neutral_domain_T95	C[G>C]T	-6.95507454065445e-05	-6.43613380131943e-05	-0.00024385236078719534	0.0	6.954754227953977e-05	-1.000046056652755	0.1854536365908523	centered_position_bootstrap	0.2075760129735008	False	False	1122	0.95	4000	position_bootstrap	mtDNA_position	False	paired nonparametric bootstrap of whole mtDNA positions
control_region	expanded_neutral_like_T95	unlabeled_out_of_neutral_domain_T95	A[G>C]T	-6.128247497359865e-05	-5.655091591997314e-05	-0.00017677528753367545	-6.370902108156088e-06	4.662975228351232e-05	-1.3142354821230164	0.11022244438890277	centered_position_bootstrap	0.19728401233025078	True	False	1122	0.95	4000	position_bootstrap	mtDNA_position	False	paired nonparametric bootstrap of whole mtDNA positions
control_region	expanded_neutral_like_T95	unlabeled_out_of_neutral_domain_T95	T[G>C]G	0.000773691246541683	0.0007167010130809569	-9.8712970339046e-06	0.002774292480947088	0.000833986396936816	0.9277024773826125	0.5418645338665333	centered_position_bootstrap	0.5504655582136212	False	False	1122	0.95	4000	position_bootstrap	mtDNA_position	False	paired nonparametric bootstrap of whole mtDNA positions
control_region	expanded_neutral_like_T95	unlabeled_out_of_neutral_domain_T95	G[G>C]G	-8.738426986976104e-06	-8.673088656019624e-06	-1.715437738925298e-05	-3.6438589277048463e-06	3.3917053516297378e-06	-2.576411003030446	0.021494626343414147	centered_position_bootstrap	0.19728401233025078	True	False	1122	0.95	4000	position_bootstrap	mtDNA_position	False	paired nonparametric bootstrap of whole mtDNA positions
control_region	expanded_neutral_like_T95	unlabeled_out_of_neutral_domain_T95	C[G>C]G	-0.005119469867655572	-0.0048359378163080405	-0.017144535991038243	-2.2941781430320547e-06	0.005148472821748177	-0.9943666879292651	0.1664583854036491	centered_position_bootstrap	0.20244938765308676	True	False	1122	0.95	4000	position_bootstrap	mtDNA_position	False	paired nonparametric bootstrap of whole mtDNA positions
control_region	expanded_neutral_like_T95	unlabeled_out_of_neutral_domain_T95	A[G>C]G	-3.120866781062894e-06	-3.083347362457726e-06	-1.2049439487913534e-05	4.434796709504108e-06	4.138881441758067e-06	-0.7540362837108106	0.49487628092976754	centered_position_bootstrap	0.5108400319275019	False	False	1122	0.95	4000	position_bootstrap	mtDNA_position	False	paired nonparametric bootstrap of whole mtDNA positions
control_region	expanded_neutral_like_T95	unlabeled_out_of_neutral_domain_T95	T[G>C]C	-3.240900118796082e-05	-3.013773134439921e-05	-8.051730508310009e-05	-5.802633182639395e-06	1.9957041889123713e-05	-1.6239381250997544	0.07398150462384404	centered_position_bootstrap	0.19728401233025078	True	False	1122	0.95	4000	position_bootstrap	mtDNA_position	False	paired nonparametric bootstrap of whole mtDNA positions
control_region	expanded_neutral_like_T95	unlabeled_out_of_neutral_domain_T95	G[G>C]C	0.002279793183566444	0.002155839482111008	-0.0006901184779820251	0.00908117290780713	0.0027018419090350616	0.8437922203896273	0.5191202199450138	centered_position_bootstrap	0.5330004397296398	False	False	1122	0.95	4000	position_bootstrap	mtDNA_position	False	paired nonparametric bootstrap of whole mtDNA positions
control_region	expanded_neutral_like_T95	unlabeled_out_of_neutral_domain_T95	C[G>C]C	-3.745040137275474e-05	-3.537220380869528e-05	-8.928374327630691e-05	-6.212788670359333e-06	2.1906384420162596e-05	-1.709565606740903	0.06423394151462135	centered_position_bootstrap	0.19728401233025078	True	False	1122	0.95	4000	position_bootstrap	mtDNA_position	False	paired nonparametric bootstrap of whole mtDNA positions
control_region	expanded_neutral_like_T95	unlabeled_out_of_neutral_domain_T95	A[G>C]C	-1.0402889270209648e-05	-1.0363928953869847e-05	-1.891072509928356e-05	-5.229069877772095e-06	3.404003071612345e-06	-3.056075171307704	0.00899775056235941	centered_position_bootstrap	0.19728401233025078	True	False	1122	0.95	4000	position_bootstrap	mtDNA_position	False	paired nonparametric bootstrap of whole mtDNA positions
control_region	expanded_neutral_like_T95	unlabeled_out_of_neutral_domain_T95	T[G>C]A	-7.282022489146752e-06	-7.129282161794688e-06	-1.5743227570431586e-05	-1.6845995012533896e-06	3.626324164799886e-06	-2.0081002575092732	0.04773806548362909	centered_position_bootstrap	0.19728401233025078	True	False	1122	0.95	4000	position_bootstrap	mtDNA_position	False	paired nonparametric bootstrap of whole mtDNA positions
control_region	expanded_neutral_like_T95	unlabeled_out_of_neutral_domain_T95	G[G>C]A	-1.0532925386087269e-05	-1.0042801364551328e-05	-2.5466886674097344e-05	-1.291489049064117e-06	6.255643223370162e-06	-1.6837477794030533	0.07998000499875031	centered_position_bootstrap	0.19728401233025078	True	False	1122	0.95	4000	position_bootstrap	mtDNA_position	False	paired nonparametric bootstrap of whole mtDNA positions
control_region	expanded_neutral_like_T95	unlabeled_out_of_neutral_domain_T95	C[G>C]A	1.5604333905314468e-05	1.4545178864280792e-05	-1.0975581009132105e-05	6.799303534771388e-05	2.180077397587595e-05	0.715769720954941	0.5626093476630842	centered_position_bootstrap	0.5685315513226956	False	False	1122	0.95	4000	position_bootstrap	mtDNA_position	False	paired nonparametric bootstrap of whole mtDNA positions
control_region	expanded_neutral_like_T95	unlabeled_out_of_neutral_domain_T95	A[G>C]A	-5.201444635104823e-06	-5.102106593764928e-06	-1.3211210003162573e-05	8.905690137198425e-07	3.501948424575684e-06	-1.4853001827789796	0.1422144463884029	centered_position_bootstrap	0.2015496125968508	False	False	1122	0.95	4000	position_bootstrap	mtDNA_position	False	paired nonparametric bootstrap of whole mtDNA positions
control_region	expanded_neutral_like_T95	unlabeled_out_of_neutral_domain_T95	A[C>T]A	-0.004723119786460585	-0.004494399884087587	-0.010051485452981354	-0.0014284337865593344	0.0022657261336305893	-2.084594301294605	0.04023994001499625	centered_position_bootstrap	0.19728401233025078	True	False	1122	0.95	4000	position_bootstrap	mtDNA_position	False	paired nonparametric bootstrap of whole mtDNA positions
control_region	expanded_neutral_like_T95	unlabeled_out_of_neutral_domain_T95	A[C>T]C	-0.017482258401792586	-0.01665389094977617	-0.04109339093163506	-0.00348429730672571	0.009863122796577252	-1.772487148579288	0.05923519120219945	centered_position_bootstrap	0.19728401233025078	True	False	1122	0.95	4000	position_bootstrap	mtDNA_position	False	paired nonparametric bootstrap of whole mtDNA positions
control_region	expanded_neutral_like_T95	unlabeled_out_of_neutral_domain_T95	A[C>T]G	-6.152565939809706e-05	-5.7364852216705e-05	-0.0002020909631302265	0.0	5.70275516490406e-05	-1.0788760453322412	0.18745313671582103	centered_position_bootstrap	0.2080404754302754	False	False	1122	0.95	4000	position_bootstrap	mtDNA_position	False	paired nonparametric bootstrap of whole mtDNA positions
control_region	expanded_neutral_like_T95	unlabeled_out_of_neutral_domain_T95	A[C>T]T	-0.01464355277485868	-0.01345161026294854	-0.041271730776306734	-0.001776249814579882	0.010509170103455631	-1.3934071511549306	0.10972256935766059	centered_position_bootstrap	0.19728401233025078	True	False	1122	0.95	4000	position_bootstrap	mtDNA_position	False	paired nonparametric bootstrap of whole mtDNA positions
control_region	expanded_neutral_like_T95	unlabeled_out_of_neutral_domain_T95	C[C>T]A	-0.0037330647182318593	-0.0035760346714290405	-0.008656540941989898	-0.0010608534011686355	0.001990677734687536	-1.8752732565313064	0.05773556610847288	centered_position_bootstrap	0.19728401233025078	True	False	1122	0.95	4000	position_bootstrap	mtDNA_position	False	paired nonparametric bootstrap of whole mtDNA positions
control_region	expanded_neutral_like_T95	unlabeled_out_of_neutral_domain_T95	C[C>T]C	-0.009201504172204292	-0.009044313888592243	-0.01915818757629313	-0.0034266345849922	0.004050193086134371	-2.271868026170202	0.03399150212446888	centered_position_bootstrap	0.19728401233025078	True	False	1122	0.95	4000	position_bootstrap	mtDNA_position	False	paired nonparametric bootstrap of whole mtDNA positions
control_region	expanded_neutral_like_T95	unlabeled_out_of_neutral_domain_T95	C[C>T]G	-0.00034641621269798124	-0.00030825237591353735	-0.001047677339008725	-1.3325754519942089e-05	0.00027670344240735267	-1.2519403795056514	0.11947013246688327	centered_position_bootstrap	0.19728401233025078	True	False	1122	0.95	4000	position_bootstrap	mtDNA_position	False	paired nonparametric bootstrap of whole mtDNA positions
control_region	expanded_neutral_like_T95	unlabeled_out_of_neutral_domain_T95	C[C>T]T	-0.03029213165436639	-0.028729503021978638	-0.08879488563394286	-0.0021969477270679153	0.02383642792053046	-1.2708335223448306	0.12096975756060985	centered_position_bootstrap	0.19728401233025078	True	False	1122	0.95	4000	position_bootstrap	mtDNA_position	False	paired nonparametric bootstrap of whole mtDNA positions
control_region	expanded_neutral_like_T95	unlabeled_out_of_neutral_domain_T95	G[C>T]A	-0.001417848789471636	-0.0013514255059676001	-0.0035783130883112265	-7.89021755265284e-05	0.0008952684033034979	-1.5837136485995054	0.07948012996750813	centered_position_bootstrap	0.19728401233025078	True	False	1122	0.95	4000	position_bootstrap	mtDNA_position	False	paired nonparametric bootstrap of whole mtDNA positions
control_region	expanded_neutral_like_T95	unlabeled_out_of_neutral_domain_T95	G[C>T]C	-0.021520605645986558	-0.02050329559921814	-0.05145959298998415	-0.0018995884052234026	0.012736728486137654	-1.6896494001115798	0.06698325418645339	centered_position_bootstrap	0.19728401233025078	True	False	1122	0.95	4000	position_bootstrap	mtDNA_position	False	paired nonparametric bootstrap of whole mtDNA positions
control_region	expanded_neutral_like_T95	unlabeled_out_of_neutral_domain_T95	G[C>T]G	-0.0004142950651860992	-0.00039562319075801084	-0.0014592842052898575	-2.1195095300335864e-06	0.00042112613702568303	-0.9837790361628226	0.1754561359660085	centered_position_bootstrap	0.2058280610570249	True	False	1122	0.95	4000	position_bootstrap	mtDNA_position	False	paired nonparametric bootstrap of whole mtDNA positions
control_region	expanded_neutral_like_T95	unlabeled_out_of_neutral_domain_T95	G[C>T]T	-0.0003174772661826708	-0.00030069855776676383	-0.0010551146391870325	-1.5425796667250455e-05	0.00030067584661578716	-1.0558788467912854	0.1517120719820045	centered_position_bootstrap	0.2015496125968508	True	False	1122	0.95	4000	position_bootstrap	mtDNA_position	False	paired nonparametric bootstrap of whole mtDNA positions
control_region	expanded_neutral_like_T95	unlabeled_out_of_neutral_domain_T95	T[C>T]A	-0.010856122349934142	-0.010282799979064006	-0.03056091923338963	-0.0012031443665289079	0.00799035723113462	-1.3586529407762895	0.10997250687328168	centered_position_bootstrap	0.19728401233025078	True	False	1122	0.95	4000	position_bootstrap	mtDNA_position	False	paired nonparametric bootstrap of whole mtDNA positions
control_region	expanded_neutral_like_T95	unlabeled_out_of_neutral_domain_T95	T[C>T]C	-0.022538509784488583	-0.021133443022196767	-0.06039633950090538	-0.00034948216716389685	0.015292598454486892	-1.4738181906473664	0.08372906773306674	centered_position_bootstrap	0.19728401233025078	True	False	1122	0.95	4000	position_bootstrap	mtDNA_position	False	paired nonparametric bootstrap of whole mtDNA positions
control_region	expanded_neutral_like_T95	unlabeled_out_of_neutral_domain_T95	T[C>T]G	-0.004909123446611932	-0.004730840758027604	-0.017170030542028245	-1.949884603806895e-05	0.0049322343846871525	-0.9953143066057502	0.16195951012246937	centered_position_bootstrap	0.20244938765308676	True	False	1122	0.95	4000	position_bootstrap	mtDNA_position	False	paired nonparametric bootstrap of whole mtDNA positions
control_region	expanded_neutral_like_T95	unlabeled_out_of_neutral_domain_T95	T[C>T]T	-0.005544531923236338	-0.0052290058716070315	-0.01931632330747418	-3.208337038288754e-05	0.005606457209711998	-0.9889546492268972	0.16470882279430143	centered_position_bootstrap	0.20244938765308676	True	False	1122	0.95	4000	position_bootstrap	mtDNA_position	False	paired nonparametric bootstrap of whole mtDNA positions
control_region	expanded_neutral_like_T95	unlabeled_out_of_neutral_domain_T95	T[G>A]T	-0.01382481566675241	-0.012628679878130286	-0.039198350981941764	-0.0001851215529704996	0.010516406902692049	-1.3145949747544912	0.1094726318420395	centered_position_bootstrap	0.19728401233025078	True	False	1122	0.95	4000	position_bootstrap	mtDNA_position	False	paired nonparametric bootstrap of whole mtDNA positions
control_region	expanded_neutral_like_T95	unlabeled_out_of_neutral_domain_T95	G[G>A]T	-0.005629731586359355	-0.005308073145334291	-0.01896437667407463	-5.9047062973109e-05	0.005702797382337078	-0.9871877271663158	0.16795801049737566	centered_position_bootstrap	0.20244938765308676	True	False	1122	0.95	4000	position_bootstrap	mtDNA_position	False	paired nonparametric bootstrap of whole mtDNA positions
control_region	expanded_neutral_like_T95	unlabeled_out_of_neutral_domain_T95	C[G>A]T	-0.00018323946385954992	-0.00016697492193563023	-0.0005256368678497393	-1.6636364389641358e-06	0.00014116407970253864	-1.2980601314843878	0.12946763309172707	centered_position_bootstrap	0.19728401233025078	True	False	1122	0.95	4000	position_bootstrap	mtDNA_position	False	paired nonparametric bootstrap of whole mtDNA positions
control_region	expanded_neutral_like_T95	unlabeled_out_of_neutral_domain_T95	A[G>A]T	-0.0019984896005279112	-0.0018021138547219303	-0.005971163498847853	-7.234060992728931e-05	0.0015783513795393275	-1.2661880151878533	0.10997250687328168	centered_position_bootstrap	0.19728401233025078	True	False	1122	0.95	4000	position_bootstrap	mtDNA_position	False	paired nonparametric bootstrap of whole mtDNA positions
control_region	expanded_neutral_like_T95	unlabeled_out_of_neutral_domain_T95	T[G>A]G	-0.00021704209886482857	-0.00021075881803179466	-0.0005416215644862763	-2.5151958149087483e-05	0.00013423727958420417	-1.6168541223206383	0.07823044238940265	centered_position_bootstrap	0.19728401233025078	True	False	1122	0.95	4000	position_bootstrap	mtDNA_position	False	paired nonparametric bootstrap of whole mtDNA positions
control_region	expanded_neutral_like_T95	unlabeled_out_of_neutral_domain_T95	G[G>A]G	-0.008029366054318615	-0.007542947441099691	-0.02718095037481702	-9.136388270707509e-05	0.007853863921210872	-1.0223459605193521	0.1564608847788053	centered_position_bootstrap	0.20244938765308676	True	False	1122	0.95	4000	position_bootstrap	mtDNA_position	False	paired nonparametric bootstrap of whole mtDNA positions
control_region	expanded_neutral_like_T95	unlabeled_out_of_neutral_domain_T95	C[G>A]G	-0.039416547444824354	-0.03723687091889957	-0.1320364346635224	-5.241708436576018e-06	0.03965293123065609	-0.994038680660032	0.1664583854036491	centered_position_bootstrap	0.20244938765308676	True	False	1122	0.95	4000	position_bootstrap	mtDNA_position	False	paired nonparametric bootstrap of whole mtDNA positions
control_region	expanded_neutral_like_T95	unlabeled_out_of_neutral_domain_T95	A[G>A]G	-0.018583201247839	-0.01727963066528327	-0.06591904399011557	-2.046278359113039e-06	0.01941786533557622	-0.9570156619529131	0.18395401149712573	centered_position_bootstrap	0.2075760129735008	True	False	1122	0.95	4000	position_bootstrap	mtDNA_position	False	paired nonparametric bootstrap of whole mtDNA positions
control_region	expanded_neutral_like_T95	unlabeled_out_of_neutral_domain_T95	T[G>A]C	-0.0036247667328668186	-0.003409008641756875	-0.01135519198981404	-0.00023848421195283459	0.003224890273247775	-1.123996919503351	0.13896525868532866	centered_position_bootstrap	0.2015496125968508	True	False	1122	0.95	4000	position_bootstrap	mtDNA_position	False	paired nonparametric bootstrap of whole mtDNA positions
control_region	expanded_neutral_like_T95	unlabeled_out_of_neutral_domain_T95	G[G>A]C	-0.03225883948245661	-0.03077743034948408	-0.10859419100878506	-2.48911457193894e-06	0.0318736659900795	-1.0120843800175665	0.1759560109972507	centered_position_bootstrap	0.2058280610570249	True	False	1122	0.95	4000	position_bootstrap	mtDNA_position	False	paired nonparametric bootstrap of whole mtDNA positions
control_region	expanded_neutral_like_T95	unlabeled_out_of_neutral_domain_T95	C[G>A]C	-0.01200285363996789	-0.01104313421306155	-0.038264068852674714	-0.00023680522431781395	0.011033630966326634	-1.0878425856908946	0.15121219695076232	centered_position_bootstrap	0.2015496125968508	True	False	1122	0.95	4000	position_bootstrap	mtDNA_position	False	paired nonparametric bootstrap of whole mtDNA positions
control_region	expanded_neutral_like_T95	unlabeled_out_of_neutral_domain_T95	A[G>A]C	-0.011617426592506622	-0.010641195180671623	-0.030085646570054303	-0.0013487769774149533	0.007719014184760238	-1.505040192236345	0.08647838040489877	centered_position_bootstrap	0.19728401233025078	True	False	1122	0.95	4000	position_bootstrap	mtDNA_position	False	paired nonparametric bootstrap of whole mtDNA positions
control_region	expanded_neutral_like_T95	unlabeled_out_of_neutral_domain_T95	T[G>A]A	-0.015943468095523303	-0.014829201537063946	-0.04311149910068313	-8.219933214043178e-05	0.011557975508153453	-1.3794343208528301	0.10347413146713322	centered_position_bootstrap	0.19728401233025078	True	False	1122	0.95	4000	position_bootstrap	mtDNA_position	False	paired nonparametric bootstrap of whole mtDNA positions
control_region	expanded_neutral_like_T95	unlabeled_out_of_neutral_domain_T95	G[G>A]A	-0.003521508054081843	-0.0033322581281391107	-0.01212047381438425	-1.3522162122501696e-05	0.003607098018472467	-0.9762717941258304	0.1709572606848288	centered_position_bootstrap	0.20291223490423688	True	False	1122	0.95	4000	position_bootstrap	mtDNA_position	False	paired nonparametric bootstrap of whole mtDNA positions
control_region	expanded_neutral_like_T95	unlabeled_out_of_neutral_domain_T95	C[G>A]A	-0.00027619671012406614	-0.00026928405051686516	-0.0006645227513135307	-3.7548986307954126e-05	0.0001586402059212023	-1.7410259178638168	0.06798300424893776	centered_position_bootstrap	0.19728401233025078	True	False	1122	0.95	4000	position_bootstrap	mtDNA_position	False	paired nonparametric bootstrap of whole mtDNA positions
control_region	expanded_neutral_like_T95	unlabeled_out_of_neutral_domain_T95	A[G>A]A	-0.0007635720724333881	-0.000671878509152464	-0.002426285822316227	6.016482186315737e-05	0.0006743366178721785	-1.1323307265187315	0.18570357410647337	centered_position_bootstrap	0.2075760129735008	False	False	1122	0.95	4000	position_bootstrap	mtDNA_position	False	paired nonparametric bootstrap of whole mtDNA positions
control_region	expanded_neutral_like_T95	unlabeled_out_of_neutral_domain_T95	A[T>A]A	-7.802166952657234e-06	-7.852906629873612e-06	-1.4143304054748752e-05	-3.9498543603259735e-06	2.6327225138566553e-06	-2.963535622000626	0.00899775056235941	centered_position_bootstrap	0.19728401233025078	True	False	1122	0.95	4000	position_bootstrap	mtDNA_position	False	paired nonparametric bootstrap of whole mtDNA positions
control_region	expanded_neutral_like_T95	unlabeled_out_of_neutral_domain_T95	A[T>A]C	-7.412058605024374e-06	-7.402988660773694e-06	-1.5059523171372558e-05	-2.5440671421698563e-06	3.182929951731151e-06	-2.32869045735457	0.029742564358910272	centered_position_bootstrap	0.19728401233025078	True	False	1122	0.95	4000	position_bootstrap	mtDNA_position	False	paired nonparametric bootstrap of whole mtDNA positions
control_region	expanded_neutral_like_T95	unlabeled_out_of_neutral_domain_T95	A[T>A]G	-2.6647400976767788e-05	-2.4607954489921817e-05	-7.77057736311741e-05	-2.7866900619416285e-06	1.9840600582139003e-05	-1.3430743120123305	0.10797300674831292	centered_position_bootstrap	0.19728401233025078	True	False	1122	0.95	4000	position_bootstrap	mtDNA_position	False	paired nonparametric bootstrap of whole mtDNA positions
control_region	expanded_neutral_like_T95	unlabeled_out_of_neutral_domain_T95	A[T>A]T	-3.785747095289336e-05	-3.668670061137539e-05	-9.05508524249245e-05	-7.702378194595578e-06	2.1541315090852714e-05	-1.75743545801292	0.06198450387403149	centered_position_bootstrap	0.19728401233025078	True	False	1122	0.95	4000	position_bootstrap	mtDNA_position	False	paired nonparametric bootstrap of whole mtDNA positions
control_region	expanded_neutral_like_T95	unlabeled_out_of_neutral_domain_T95	C[T>A]A	-1.7387686351636124e-05	-1.6400543665940255e-05	-4.240846344057053e-05	-4.798622111163512e-06	9.868113661556552e-06	-1.762007101658522	0.06298425393651587	centered_position_bootstrap	0.19728401233025078	True	False	1122	0.95	4000	position_bootstrap	mtDNA_position	False	paired nonparametric bootstrap of whole mtDNA positions
control_region	expanded_neutral_like_T95	unlabeled_out_of_neutral_domain_T95	C[T>A]C	-6.375484995599912e-05	-6.160130877735015e-05	-0.00014467453787857826	-1.3658545451747022e-05	3.3799383452728594e-05	-1.886272571958772	0.051487128217945516	centered_position_bootstrap	0.19728401233025078	True	False	1122	0.95	4000	position_bootstrap	mtDNA_position	False	paired nonparametric bootstrap of whole mtDNA positions
control_region	expanded_neutral_like_T95	unlabeled_out_of_neutral_domain_T95	C[T>A]G	-8.642400316789554e-06	-8.614169276736999e-06	-1.7426919568143737e-05	-3.2674402174173326e-06	3.63205645391816e-06	-2.3794785203479907	0.026743314171457137	centered_position_bootstrap	0.19728401233025078	True	False	1122	0.95	4000	position_bootstrap	mtDNA_position	False	paired nonparametric bootstrap of whole mtDNA positions
control_region	expanded_neutral_like_T95	unlabeled_out_of_neutral_domain_T95	C[T>A]T	-0.00020762943114012547	-0.00018965593267436515	-0.0006727614034097878	-4.13295426453537e-06	0.000201512294237708	-1.0303561473782914	0.15846038490377407	centered_position_bootstrap	0.20244938765308676	True	False	1122	0.95	4000	position_bootstrap	mtDNA_position	False	paired nonparametric bootstrap of whole mtDNA positions
control_region	expanded_neutral_like_T95	unlabeled_out_of_neutral_domain_T95	G[T>A]A	-8.278509777135255e-05	-7.419953917289023e-05	-0.00024583166049528467	-6.249568550063958e-06	6.662267340503975e-05	-1.2425964546341692	0.12571857035741066	centered_position_bootstrap	0.19728401233025078	True	False	1122	0.95	4000	position_bootstrap	mtDNA_position	False	paired nonparametric bootstrap of whole mtDNA positions
control_region	expanded_neutral_like_T95	unlabeled_out_of_neutral_domain_T95	G[T>A]C	-6.179316226504532e-05	-5.690535323563891e-05	-0.00012767554042792423	-3.395522852918966e-06	3.408763531906246e-05	-1.8127735082430136	0.043989002749312674	centered_position_bootstrap	0.19728401233025078	True	False	1122	0.95	4000	position_bootstrap	mtDNA_position	False	paired nonparametric bootstrap of whole mtDNA positions
control_region	expanded_neutral_like_T95	unlabeled_out_of_neutral_domain_T95	G[T>A]G	-1.8725200686377365e-05	-1.712121370061581e-05	-5.6493468774364727e-05	1.8534749948666674e-06	1.6022180731311237e-05	-1.1687048723513505	0.21419645088727818	centered_position_bootstrap	0.23366885551339436	False	False	1122	0.95	4000	position_bootstrap	mtDNA_position	False	paired nonparametric bootstrap of whole mtDNA positions
control_region	expanded_neutral_like_T95	unlabeled_out_of_neutral_domain_T95	G[T>A]T	1.8725200686377373e-06	1.910188194638551e-06	-6.671335519187451e-06	1.1140204714150029e-05	4.518961973679248e-06	0.41436951218980256	0.7490627343164209	centered_position_bootstrap	0.7490627343164209	False	False	1122	0.95	4000	position_bootstrap	mtDNA_position	False	paired nonparametric bootstrap of whole mtDNA positions
control_region	expanded_neutral_like_T95	unlabeled_out_of_neutral_domain_T95	T[T>A]A	-1.4043900514783021e-05	-1.3395396383418008e-05	-3.3997427175356774e-05	-3.919020826910596e-06	8.139908070535542e-06	-1.725314388453412	0.07073231692076981	centered_position_bootstrap	0.19728401233025078	True	False	1122	0.95	4000	position_bootstrap	mtDNA_position	False	paired nonparametric bootstrap of whole mtDNA positions
control_region	expanded_neutral_like_T95	unlabeled_out_of_neutral_domain_T95	T[T>A]C	-1.1859293768039e-05	-1.0885583838951883e-05	-3.641930506551561e-05	0.0	9.816388662830918e-06	-1.2081116768474542	0.16745813546613347	centered_position_bootstrap	0.20244938765308676	False	False	1122	0.95	4000	position_bootstrap	mtDNA_position	False	paired nonparametric bootstrap of whole mtDNA positions
control_region	expanded_neutral_like_T95	unlabeled_out_of_neutral_domain_T95	T[T>A]G	-0.0005586351538102581	-0.0005330813231822763	-0.002061309497695863	-5.462829769799921e-06	0.0005901544948647664	-0.9465913733966713	0.17120719820044988	centered_position_bootstrap	0.20291223490423688	True	False	1122	0.95	4000	position_bootstrap	mtDNA_position	False	paired nonparametric bootstrap of whole mtDNA positions
control_region	expanded_neutral_like_T95	unlabeled_out_of_neutral_domain_T95	T[T>A]T	-5.2430561921856625e-05	-4.833269874901561e-05	-0.00014410597584331913	-8.188148388491604e-06	3.7586236174346636e-05	-1.3949404691295357	0.09997500624843789	centered_position_bootstrap	0.19728401233025078	True	False	1122	0.95	4000	position_bootstrap	mtDNA_position	False	paired nonparametric bootstrap of whole mtDNA positions
control_region	expanded_neutral_like_T95	unlabeled_out_of_neutral_domain_T95	T[A>T]T	-1.123512041182642e-05	-1.068489301881035e-05	-2.763905305455111e-05	-2.3969207170049115e-06	6.805982808555333e-06	-1.6507712005536546	0.07673081729567609	centered_position_bootstrap	0.19728401233025078	True	False	1122	0.95	4000	position_bootstrap	mtDNA_position	False	paired nonparametric bootstrap of whole mtDNA positions
control_region	expanded_neutral_like_T95	unlabeled_out_of_neutral_domain_T95	G[A>T]T	-1.3523756051272538e-05	-1.1926507306067955e-05	-4.134078824558611e-05	0.0	1.1031964077256808e-05	-1.2258702037611542	0.160959760059985	centered_position_bootstrap	0.20244938765308676	False	False	1122	0.95	4000	position_bootstrap	mtDNA_position	False	paired nonparametric bootstrap of whole mtDNA positions
control_region	expanded_neutral_like_T95	unlabeled_out_of_neutral_domain_T95	C[A>T]T	-8.261117949872367e-06	-8.291964478551599e-06	-1.494677122029342e-05	-4.145785114827517e-06	2.747541248743017e-06	-3.0067311832540375	0.007748062984253936	centered_position_bootstrap	0.19728401233025078	True	False	1122	0.95	4000	position_bootstrap	mtDNA_position	False	paired nonparametric bootstrap of whole mtDNA positions
control_region	expanded_neutral_like_T95	unlabeled_out_of_neutral_domain_T95	A[A>T]T	-6.241733562125787e-05	-5.765897709620521e-05	-0.0001754390860057565	-8.292341513153517e-06	4.6229615689172646e-05	-1.3501590850532752	0.1094726318420395	centered_position_bootstrap	0.19728401233025078	True	False	1122	0.95	4000	position_bootstrap	mtDNA_position	False	paired nonparametric bootstrap of whole mtDNA positions
control_region	expanded_neutral_like_T95	unlabeled_out_of_neutral_domain_T95	T[A>T]G	-3.432953459169183e-05	-3.225442551276315e-05	-9.883843706322951e-05	-4.723972358067691e-06	2.616052370088801e-05	-1.3122648072418568	0.11197200699825044	centered_position_bootstrap	0.19728401233025078	True	False	1122	0.95	4000	position_bootstrap	mtDNA_position	False	paired nonparametric bootstrap of whole mtDNA positions
control_region	expanded_neutral_like_T95	unlabeled_out_of_neutral_domain_T95	G[A>T]G	-9.362600343188683e-06	-9.061297445174922e-06	-2.102286340380042e-05	-1.871817462276485e-06	4.923536862925521e-06	-1.9016005371442493	0.05873531617095726	centered_position_bootstrap	0.19728401233025078	True	False	1122	0.95	4000	position_bootstrap	mtDNA_position	False	paired nonparametric bootstrap of whole mtDNA positions
control_region	expanded_neutral_like_T95	unlabeled_out_of_neutral_domain_T95	C[A>T]G	-7.282022489146752e-06	-7.1790139496571806e-06	-1.497526102957144e-05	-2.3462728749053393e-06	3.2962308790821255e-06	-2.209196732958984	0.03274181454636341	centered_position_bootstrap	0.19728401233025078	True	False	1122	0.95	4000	position_bootstrap	mtDNA_position	False	paired nonparametric bootstrap of whole mtDNA positions
control_region	expanded_neutral_like_T95	unlabeled_out_of_neutral_domain_T95	A[A>T]G	-0.0005869630215152904	-0.0005445945210334659	-0.00206957846888258	-4.961166035629014e-06	0.0005900929419561996	-0.9946958856506006	0.1604598850287428	centered_position_bootstrap	0.20244938765308676	True	False	1122	0.95	4000	position_bootstrap	mtDNA_position	False	paired nonparametric bootstrap of whole mtDNA positions
control_region	expanded_neutral_like_T95	unlabeled_out_of_neutral_domain_T95	T[A>T]C	-5.374826122941651e-05	-5.0832652084903724e-05	-0.00013805352574935016	-9.064369593955728e-06	3.4884892615023244e-05	-1.5407317380208796	0.08122969257685579	centered_position_bootstrap	0.19728401233025078	True	False	1122	0.95	4000	position_bootstrap	mtDNA_position	False	paired nonparametric bootstrap of whole mtDNA positions
control_region	expanded_neutral_like_T95	unlabeled_out_of_neutral_domain_T95	G[A>T]C	-6.553820240232078e-05	-6.139420896466032e-05	-0.00017047660477642477	-5.826395714346175e-06	4.332634723589291e-05	-1.5126639235358128	0.08872781804548863	centered_position_bootstrap	0.19728401233025078	True	False	1122	0.95	4000	position_bootstrap	mtDNA_position	False	paired nonparametric bootstrap of whole mtDNA positions
control_region	expanded_neutral_like_T95	unlabeled_out_of_neutral_domain_T95	C[A>T]C	-0.0003027240777631007	-0.0002776119826878042	-0.0007710569035783949	-4.443298366724752e-05	0.0001919434489588412	-1.5771524342464764	0.08397900524868783	centered_position_bootstrap	0.19728401233025078	True	False	1122	0.95	4000	position_bootstrap	mtDNA_position	False	paired nonparametric bootstrap of whole mtDNA positions
control_region	expanded_neutral_like_T95	unlabeled_out_of_neutral_domain_T95	A[A>T]C	-2.3406500857971707e-05	-2.2522503728888597e-05	-5.007759811525521e-05	-8.136849800061972e-06	1.0775954387995052e-05	-2.172104670751735	0.03874031492126968	centered_position_bootstrap	0.19728401233025078	True	False	1122	0.95	4000	position_bootstrap	mtDNA_position	False	paired nonparametric bootstrap of whole mtDNA positions
control_region	expanded_neutral_like_T95	unlabeled_out_of_neutral_domain_T95	T[A>T]A	-1.7284800633579107e-05	-1.6791418583847328e-05	-3.77876643423342e-05	-5.838676300680343e-06	8.209028186213052e-06	-2.1055842715473543	0.042989252686828294	centered_position_bootstrap	0.19728401233025078	True	False	1122	0.95	4000	position_bootstrap	mtDNA_position	False	paired nonparametric bootstrap of whole mtDNA positions
control_region	expanded_neutral_like_T95	unlabeled_out_of_neutral_domain_T95	G[A>T]A	-1.0532925386087269e-05	-1.0114031468716147e-05	-2.6091875018059364e-05	-1.792465477118073e-06	6.365371567260874e-06	-1.654722787945553	0.08247938015496126	centered_position_bootstrap	0.19728401233025078	True	False	1122	0.95	4000	position_bootstrap	mtDNA_position	False	paired nonparametric bootstrap of whole mtDNA positions
control_region	expanded_neutral_like_T95	unlabeled_out_of_neutral_domain_T95	C[A>T]A	-8.865212199956783e-05	-8.379174177602839e-05	-0.00022101496234792662	-1.6000341296325426e-05	5.343996668641404e-05	-1.6589105026913449	0.06923269182704324	centered_position_bootstrap	0.19728401233025078	True	False	1122	0.95	4000	position_bootstrap	mtDNA_position	False	paired nonparametric bootstrap of whole mtDNA positions
control_region	expanded_neutral_like_T95	unlabeled_out_of_neutral_domain_T95	A[A>T]A	-4.338004825677422e-05	-4.123416538170817e-05	-0.0001000700359026349	-9.338891124318172e-06	2.423545002260698e-05	-1.7899419328425525	0.058485378655336165	centered_position_bootstrap	0.19728401233025078	True	False	1122	0.95	4000	position_bootstrap	mtDNA_position	False	paired nonparametric bootstrap of whole mtDNA positions
control_region	expanded_neutral_like_T95	unlabeled_out_of_neutral_domain_T95	A[T>C]A	-0.016515627005384836	-0.015191410883559915	-0.050151216740747205	-0.0011950246924242209	0.013481541280369826	-1.2250548110128088	0.12146963259185203	centered_position_bootstrap	0.19728401233025078	True	False	1122	0.95	4000	position_bootstrap	mtDNA_position	False	paired nonparametric bootstrap of whole mtDNA positions
control_region	expanded_neutral_like_T95	unlabeled_out_of_neutral_domain_T95	A[T>C]C	-0.009563506142219605	-0.008923968542332886	-0.02472208244341172	-0.0012213282450087703	0.006244783837013039	-1.5314391005075934	0.07923019245188703	centered_position_bootstrap	0.19728401233025078	True	False	1122	0.95	4000	position_bootstrap	mtDNA_position	False	paired nonparametric bootstrap of whole mtDNA positions
control_region	expanded_neutral_like_T95	unlabeled_out_of_neutral_domain_T95	A[T>C]G	-0.004974421582338787	-0.004489697968319715	-0.01531112103433988	-3.891032530163011e-05	0.004245364083043777	-1.17173026506888	0.1279680079980005	centered_position_bootstrap	0.19728401233025078	True	False	1122	0.95	4000	position_bootstrap	mtDNA_position	False	paired nonparametric bootstrap of whole mtDNA positions
control_region	expanded_neutral_like_T95	unlabeled_out_of_neutral_domain_T95	A[T>C]T	-0.002066692258363867	-0.0019484447576964038	-0.006396551358579172	-0.0002245800281465634	0.0017107124873758112	-1.2080886026231792	0.12746813296675832	centered_position_bootstrap	0.19728401233025078	True	False	1122	0.95	4000	position_bootstrap	mtDNA_position	False	paired nonparametric bootstrap of whole mtDNA positions
control_region	expanded_neutral_like_T95	unlabeled_out_of_neutral_domain_T95	C[T>C]A	-0.03746422235421372	-0.0345528175482751	-0.10890833889606111	-0.001956854841119731	0.02991653175105284	-1.2522916314621013	0.1184703824043989	centered_position_bootstrap	0.19728401233025078	True	False	1122	0.95	4000	position_bootstrap	mtDNA_position	False	paired nonparametric bootstrap of whole mtDNA positions
control_region	expanded_neutral_like_T95	unlabeled_out_of_neutral_domain_T95	C[T>C]C	-0.03506739666635742	-0.03346302579120139	-0.08463890025003461	-0.0042524168147614	0.021019359757841354	-1.6683380022208047	0.06998250437390652	centered_position_bootstrap	0.19728401233025078	True	False	1122	0.95	4000	position_bootstrap	mtDNA_position	False	paired nonparametric bootstrap of whole mtDNA positions
control_region	expanded_neutral_like_T95	unlabeled_out_of_neutral_domain_T95	C[T>C]G	-0.0017039932624603404	-0.0015770194204063161	-0.004681277205269573	-4.7684033193828484e-05	0.0012756477852377056	-1.3357866349784133	0.11197200699825044	centered_position_bootstrap	0.19728401233025078	True	False	1122	0.95	4000	position_bootstrap	mtDNA_position	False	paired nonparametric bootstrap of whole mtDNA positions
control_region	expanded_neutral_like_T95	unlabeled_out_of_neutral_domain_T95	C[T>C]T	-0.036449153877230196	-0.032691634505687336	-0.10535310981422291	-0.0010366730433394073	0.029763818502302444	-1.2246128256161284	0.12246938265433642	centered_position_bootstrap	0.19728401233025078	True	False	1122	0.95	4000	position_bootstrap	mtDNA_position	False	paired nonparametric bootstrap of whole mtDNA positions
control_region	expanded_neutral_like_T95	unlabeled_out_of_neutral_domain_T95	G[T>C]A	-0.06136297541769773	-0.05829106741495755	-0.14215429077146177	-0.007075665907513736	0.0347687234910993	-1.7648900867300028	0.05773556610847288	centered_position_bootstrap	0.19728401233025078	True	False	1122	0.95	4000	position_bootstrap	mtDNA_position	False	paired nonparametric bootstrap of whole mtDNA positions
control_region	expanded_neutral_like_T95	unlabeled_out_of_neutral_domain_T95	G[T>C]C	0.1200922020820126	0.10905342549356281	-0.10004313600632876	0.37460552260978813	0.1306270939162941	0.9193514031550586	0.5333666583354162	centered_position_bootstrap	0.5447148851085102	False	False	1122	0.95	4000	position_bootstrap	mtDNA_position	False	paired nonparametric bootstrap of whole mtDNA positions
control_region	expanded_neutral_like_T95	unlabeled_out_of_neutral_domain_T95	G[T>C]G	-0.02936860475651426	-0.027820899774466803	-0.1021293781063161	-1.0128288091793509e-05	0.030187790279500352	-0.9728636804681138	0.17795551112221944	centered_position_bootstrap	0.2058280610570249	True	False	1122	0.95	4000	position_bootstrap	mtDNA_position	False	paired nonparametric bootstrap of whole mtDNA positions
control_region	expanded_neutral_like_T95	unlabeled_out_of_neutral_domain_T95	G[T>C]T	-7.67733228141472e-05	-6.931515887542933e-05	-0.00022833094467802613	0.0	6.268956123621723e-05	-1.2246587996502591	0.16320919770057485	centered_position_bootstrap	0.20244938765308676	False	False	1122	0.95	4000	position_bootstrap	mtDNA_position	False	paired nonparametric bootstrap of whole mtDNA positions
control_region	expanded_neutral_like_T95	unlabeled_out_of_neutral_domain_T95	T[T>C]A	-0.013247039196684966	-0.012245054942052816	-0.035820529926209356	-0.0007827454124579525	0.008984090177875732	-1.4744998029190752	0.08772806798300425	centered_position_bootstrap	0.19728401233025078	True	False	1122	0.95	4000	position_bootstrap	mtDNA_position	False	paired nonparametric bootstrap of whole mtDNA positions
control_region	expanded_neutral_like_T95	unlabeled_out_of_neutral_domain_T95	T[T>C]C	-0.0040827179229864785	-0.0037570561495933776	-0.012353228198001902	-0.0002709027398507124	0.003276827382658316	-1.2459362200746706	0.11722069482629342	centered_position_bootstrap	0.19728401233025078	True	False	1122	0.95	4000	position_bootstrap	mtDNA_position	False	paired nonparametric bootstrap of whole mtDNA positions
control_region	expanded_neutral_like_T95	unlabeled_out_of_neutral_domain_T95	T[T>C]G	-0.0042201921046922984	-0.003846931748318699	-0.012411966173999015	-0.00025489757041296986	0.0032452833903765872	-1.3004078833936845	0.11247188202949263	centered_position_bootstrap	0.19728401233025078	True	False	1122	0.95	4000	position_bootstrap	mtDNA_position	False	paired nonparametric bootstrap of whole mtDNA positions
control_region	expanded_neutral_like_T95	unlabeled_out_of_neutral_domain_T95	T[T>C]T	-0.008011577113666556	-0.007451887194321491	-0.024999200364024192	-0.00029691550543136015	0.007147731917001573	-1.1208558472387924	0.1374656335916021	centered_position_bootstrap	0.2015496125968508	True	False	1122	0.95	4000	position_bootstrap	mtDNA_position	False	paired nonparametric bootstrap of whole mtDNA positions
control_region	expanded_neutral_like_T95	unlabeled_out_of_neutral_domain_T95	T[A>G]T	-0.08120604594662989	-0.0781272548246938	-0.23692154523584621	-7.644357680841298e-05	0.06995185916727341	-1.1608847414969306	0.13071732066983255	centered_position_bootstrap	0.19761988636699093	True	False	1122	0.95	4000	position_bootstrap	mtDNA_position	False	paired nonparametric bootstrap of whole mtDNA positions
control_region	expanded_neutral_like_T95	unlabeled_out_of_neutral_domain_T95	G[A>G]T	-0.0001560433390531447	-0.00014421552325271755	-0.0004093324736293923	-1.5813900047874632e-05	0.00010159682917257002	-1.535907570383846	0.0902274431392152	centered_position_bootstrap	0.19728401233025078	True	False	1122	0.95	4000	position_bootstrap	mtDNA_position	False	paired nonparametric bootstrap of whole mtDNA positions
control_region	expanded_neutral_like_T95	unlabeled_out_of_neutral_domain_T95	C[A>G]T	-0.00016632384139076366	-0.00016458533060592447	-0.00034344311397302874	-6.205313472676017e-05	7.286253464462513e-05	-2.282707322796009	0.032491877030742314	centered_position_bootstrap	0.19728401233025078	True	False	1122	0.95	4000	position_bootstrap	mtDNA_position	False	paired nonparametric bootstrap of whole mtDNA positions
control_region	expanded_neutral_like_T95	unlabeled_out_of_neutral_domain_T95	A[A>G]T	-0.006387968462724163	-0.0059025076098212555	-0.018601685973422002	-0.00030935813652497164	0.0049304625668497954	-1.29561240474149	0.11147213196700825	centered_position_bootstrap	0.19728401233025078	True	False	1122	0.95	4000	position_bootstrap	mtDNA_position	False	paired nonparametric bootstrap of whole mtDNA positions
control_region	expanded_neutral_like_T95	unlabeled_out_of_neutral_domain_T95	T[A>G]G	-0.00700946679026726	-0.006301244441086441	-0.020433451767898222	-0.00024788766916815407	0.005419477528945499	-1.2933842335962475	0.11097225693576605	centered_position_bootstrap	0.19728401233025078	True	False	1122	0.95	4000	position_bootstrap	mtDNA_position	False	paired nonparametric bootstrap of whole mtDNA positions
control_region	expanded_neutral_like_T95	unlabeled_out_of_neutral_domain_T95	G[A>G]G	-0.011310021214571928	-0.01067870137650499	-0.04115416341660688	-2.229814429627277e-06	0.011975663016380693	-0.9444171232191254	0.18095476130967258	centered_position_bootstrap	0.20680544149676866	True	False	1122	0.95	4000	position_bootstrap	mtDNA_position	False	paired nonparametric bootstrap of whole mtDNA positions
control_region	expanded_neutral_like_T95	unlabeled_out_of_neutral_domain_T95	C[A>G]G	-0.0011469185420406136	-0.0010680055396844108	-0.003487511246059975	-0.0001308761392440391	0.0008969047963340007	-1.2787517100237578	0.12071982004498875	centered_position_bootstrap	0.19728401233025078	True	False	1122	0.95	4000	position_bootstrap	mtDNA_position	False	paired nonparametric bootstrap of whole mtDNA positions
control_region	expanded_neutral_like_T95	unlabeled_out_of_neutral_domain_T95	A[A>G]G	-0.00428591035710122	-0.004017450604830931	-0.012604425292760962	-0.0005395857598265332	0.0032950175129163924	-1.3007246062579487	0.11272181954511372	centered_position_bootstrap	0.19728401233025078	True	False	1122	0.95	4000	position_bootstrap	mtDNA_position	False	paired nonparametric bootstrap of whole mtDNA positions
control_region	expanded_neutral_like_T95	unlabeled_out_of_neutral_domain_T95	T[A>G]C	-0.004467000652628022	-0.004150256500638782	-0.011833503870182147	-0.0004958468507759981	0.002950659628230449	-1.5138989973258772	0.08597850537365659	centered_position_bootstrap	0.19728401233025078	True	False	1122	0.95	4000	position_bootstrap	mtDNA_position	False	paired nonparametric bootstrap of whole mtDNA positions
control_region	expanded_neutral_like_T95	unlabeled_out_of_neutral_domain_T95	G[A>G]C	-0.009591047791562486	-0.008776391605570467	-0.03012011537672359	-0.0002168694898394476	0.008910640309176834	-1.0763589886671687	0.1522119470132467	centered_position_bootstrap	0.2015496125968508	True	False	1122	0.95	4000	position_bootstrap	mtDNA_position	False	paired nonparametric bootstrap of whole mtDNA positions
control_region	expanded_neutral_like_T95	unlabeled_out_of_neutral_domain_T95	C[A>G]C	-0.05501713631000155	-0.05212205675038043	-0.170128951927503	-0.0011036130430914619	0.0504639424177029	-1.0902266781816354	0.14346413396650837	centered_position_bootstrap	0.2015496125968508	True	False	1122	0.95	4000	position_bootstrap	mtDNA_position	False	paired nonparametric bootstrap of whole mtDNA positions
control_region	expanded_neutral_like_T95	unlabeled_out_of_neutral_domain_T95	A[A>G]C	-0.005593568542533788	-0.005112274379071413	-0.014743811065039346	-0.0010787255361640157	0.0038197740194164803	-1.4643715869318044	0.09597600599850037	centered_position_bootstrap	0.19728401233025078	True	False	1122	0.95	4000	position_bootstrap	mtDNA_position	False	paired nonparametric bootstrap of whole mtDNA positions
control_region	expanded_neutral_like_T95	unlabeled_out_of_neutral_domain_T95	T[A>G]A	-0.006277983630121211	-0.00606988778210533	-0.014196114019432935	-0.0017376030752568673	0.0031632545772412772	-1.9846596209137037	0.04873781554611347	centered_position_bootstrap	0.19728401233025078	True	False	1122	0.95	4000	position_bootstrap	mtDNA_position	False	paired nonparametric bootstrap of whole mtDNA positions
control_region	expanded_neutral_like_T95	unlabeled_out_of_neutral_domain_T95	G[A>G]A	-0.0055274451776100185	-0.005151256543532132	-0.018488297984395375	-0.00016641742124520975	0.005130913013198588	-1.0772829637515593	0.14521369657585603	centered_position_bootstrap	0.2015496125968508	True	False	1122	0.95	4000	position_bootstrap	mtDNA_position	False	paired nonparametric bootstrap of whole mtDNA positions
control_region	expanded_neutral_like_T95	unlabeled_out_of_neutral_domain_T95	C[A>G]A	-0.0018830529940238236	-0.0017926060149516534	-0.004377164749610094	-0.00040135603247809336	0.0010346126618891297	-1.8200560107059793	0.05623594101474631	centered_position_bootstrap	0.19728401233025078	True	False	1122	0.95	4000	position_bootstrap	mtDNA_position	False	paired nonparametric bootstrap of whole mtDNA positions
control_region	expanded_neutral_like_T95	unlabeled_out_of_neutral_domain_T95	A[A>G]A	-0.002216127501232761	-0.00207632530213116	-0.006596333940699266	-0.000263615357946297	0.0017286963215250599	-1.2819646074549915	0.11997000749812547	centered_position_bootstrap	0.19728401233025078	True	False	1122	0.95	4000	position_bootstrap	mtDNA_position	False	paired nonparametric bootstrap of whole mtDNA positions
control_region	expanded_neutral_like_T95	unlabeled_out_of_neutral_domain_T95	A[T>G]A	-2.0285634076908807e-05	-1.8829061998825733e-05	-5.759909227673379e-05	-3.490454831961655e-06	1.4923312937274395e-05	-1.35932511515193	0.10372406898275431	centered_position_bootstrap	0.19728401233025078	True	False	1122	0.95	4000	position_bootstrap	mtDNA_position	False	paired nonparametric bootstrap of whole mtDNA positions
control_region	expanded_neutral_like_T95	unlabeled_out_of_neutral_domain_T95	A[T>G]C	-1.092303373372013e-05	-1.0674203357815237e-05	-2.333103497929923e-05	-3.4814181673122716e-06	5.199529676614838e-06	-2.1007734185741946	0.03699075231192202	centered_position_bootstrap	0.19728401233025078	True	False	1122	0.95	4000	position_bootstrap	mtDNA_position	False	paired nonparametric bootstrap of whole mtDNA positions
control_region	expanded_neutral_like_T95	unlabeled_out_of_neutral_domain_T95	A[T>G]G	-2.3766600871171272e-05	-2.2148687633868454e-05	-7.526955045343828e-05	-2.124281622779685e-06	2.006545223989532e-05	-1.1844537858916087	0.12746813296675832	centered_position_bootstrap	0.19728401233025078	True	False	1122	0.95	4000	position_bootstrap	mtDNA_position	False	paired nonparametric bootstrap of whole mtDNA positions
control_region	expanded_neutral_like_T95	unlabeled_out_of_neutral_domain_T95	A[T>G]T	-5.169783667760707e-05	-4.982234704207887e-05	-0.00017287375130479692	-5.045053801938933e-06	4.782576533177439e-05	-1.0809620362365673	0.147713071732067	centered_position_bootstrap	0.2015496125968508	True	False	1122	0.95	4000	position_bootstrap	mtDNA_position	False	paired nonparametric bootstrap of whole mtDNA positions
control_region	expanded_neutral_like_T95	unlabeled_out_of_neutral_domain_T95	C[T>G]A	-6.687571673706201e-06	-6.781612994217724e-06	-1.2877991794149253e-05	-2.7458006931693824e-06	2.567857625651249e-06	-2.604338966032094	0.020494876280929768	centered_position_bootstrap	0.19728401233025078	True	False	1122	0.95	4000	position_bootstrap	mtDNA_position	False	paired nonparametric bootstrap of whole mtDNA positions
control_region	expanded_neutral_like_T95	unlabeled_out_of_neutral_domain_T95	C[T>G]C	-3.388369648011142e-05	-3.185532670319294e-05	-9.339183764262638e-05	-6.357462489105171e-06	2.3887608306665785e-05	-1.418463332331862	0.0997250687328168	centered_position_bootstrap	0.19728401233025078	True	False	1122	0.95	4000	position_bootstrap	mtDNA_position	False	paired nonparametric bootstrap of whole mtDNA positions
control_region	expanded_neutral_like_T95	unlabeled_out_of_neutral_domain_T95	C[T>G]G	-1.8005000659978234e-05	-1.6971313605475048e-05	-5.009253391971062e-05	-3.643303651504128e-06	1.2705685483690243e-05	-1.4170821938800942	0.09722569357660585	centered_position_bootstrap	0.19728401233025078	True	False	1122	0.95	4000	position_bootstrap	mtDNA_position	False	paired nonparametric bootstrap of whole mtDNA positions
control_region	expanded_neutral_like_T95	unlabeled_out_of_neutral_domain_T95	C[T>G]T	-7.710376753214208e-06	-7.672643729257748e-06	-1.4519409781578756e-05	-3.050896131407076e-06	2.931413711405676e-06	-2.630258814446534	0.016745813546613347	centered_position_bootstrap	0.19728401233025078	True	False	1122	0.95	4000	position_bootstrap	mtDNA_position	False	paired nonparametric bootstrap of whole mtDNA positions
control_region	expanded_neutral_like_T95	unlabeled_out_of_neutral_domain_T95	G[T>G]A	-0.0002552540514616704	-0.00023510564222679225	-0.0007092512203041013	-3.1599531855647556e-05	0.00019396752449040873	-1.3159628248711919	0.10847288177955511	centered_position_bootstrap	0.19728401233025078	True	False	1122	0.95	4000	position_bootstrap	mtDNA_position	False	paired nonparametric bootstrap of whole mtDNA positions
control_region	expanded_neutral_like_T95	unlabeled_out_of_neutral_domain_T95	G[T>G]C	-1.4980160549101891e-05	-1.432584283886104e-05	-2.9404712579950414e-05	-1.2584472055830171e-06	7.2131389921355765e-06	-2.0767880066410243	0.03749062734316421	centered_position_bootstrap	0.19728401233025078	True	False	1122	0.95	4000	position_bootstrap	mtDNA_position	False	paired nonparametric bootstrap of whole mtDNA positions
control_region	expanded_neutral_like_T95	unlabeled_out_of_neutral_domain_T95	G[T>G]G	-5.617560205913209e-05	-5.272604825478749e-05	-0.0001769622336523507	-2.241283342677658e-06	5.028373182010209e-05	-1.117172493483759	0.15021244688827792	centered_position_bootstrap	0.2015496125968508	True	False	1122	0.95	4000	position_bootstrap	mtDNA_position	False	paired nonparametric bootstrap of whole mtDNA positions
control_region	expanded_neutral_like_T95	unlabeled_out_of_neutral_domain_T95	G[T>G]T	1.8725200686377373e-06	1.910188194638551e-06	-6.671335519187451e-06	1.1140204714150029e-05	4.518961973679248e-06	0.41436951218980256	0.7490627343164209	centered_position_bootstrap	0.7490627343164209	False	False	1122	0.95	4000	position_bootstrap	mtDNA_position	False	paired nonparametric bootstrap of whole mtDNA positions
control_region	expanded_neutral_like_T95	unlabeled_out_of_neutral_domain_T95	T[T>G]A	-7.282022489146752e-06	-7.296769880019795e-06	-1.464531732703103e-05	-2.354549511783241e-06	3.0921799982509224e-06	-2.3549801412808424	0.028242939265183703	centered_position_bootstrap	0.19728401233025078	True	False	1122	0.95	4000	position_bootstrap	mtDNA_position	False	paired nonparametric bootstrap of whole mtDNA positions
control_region	expanded_neutral_like_T95	unlabeled_out_of_neutral_domain_T95	T[T>G]C	-3.120866781062894e-06	-3.173777373884262e-06	-9.047151312954836e-06	1.6278786352662995e-06	2.739990447403298e-06	-1.1390064458146394	0.25218695326168455	centered_position_bootstrap	0.27202188216990697	False	False	1122	0.95	4000	position_bootstrap	mtDNA_position	False	paired nonparametric bootstrap of whole mtDNA positions
control_region	expanded_neutral_like_T95	unlabeled_out_of_neutral_domain_T95	T[T>G]G	-3.354931789642611e-05	-3.241590813212616e-05	-7.988597842713548e-05	-6.899082240723987e-06	1.8773131209059695e-05	-1.787092282199338	0.058485378655336165	centered_position_bootstrap	0.19728401233025078	True	False	1122	0.95	4000	position_bootstrap	mtDNA_position	False	paired nonparametric bootstrap of whole mtDNA positions
control_region	expanded_neutral_like_T95	unlabeled_out_of_neutral_domain_T95	T[T>G]T	-2.9492191081044354e-05	-2.733556540121504e-05	-7.877232499134945e-05	-5.3496972955641195e-06	2.0073617201539676e-05	-1.4692016284330789	0.09547613096725818	centered_position_bootstrap	0.19728401233025078	True	False	1122	0.95	4000	position_bootstrap	mtDNA_position	False	paired nonparametric bootstrap of whole mtDNA positions
control_region	expanded_neutral_like_T95	unlabeled_out_of_neutral_domain_T95	T[A>C]T	-1.825707066921793e-05	-1.7861892785901662e-05	-3.86753250637191e-05	-4.384327929309737e-06	8.86353843371951e-06	-2.0597948331518094	0.03824043989002749	centered_position_bootstrap	0.19728401233025078	True	False	1122	0.95	4000	position_bootstrap	mtDNA_position	False	paired nonparametric bootstrap of whole mtDNA positions
control_region	expanded_neutral_like_T95	unlabeled_out_of_neutral_domain_T95	G[A>C]T	-5.201444635104823e-06	-5.1526869288803966e-06	-1.3009877909724494e-05	9.14576613900998e-07	3.522069219086697e-06	-1.4768149946961016	0.15046238440389903	centered_position_bootstrap	0.2015496125968508	False	False	1122	0.95	4000	position_bootstrap	mtDNA_position	False	paired nonparametric bootstrap of whole mtDNA positions
control_region	expanded_neutral_like_T95	unlabeled_out_of_neutral_domain_T95	C[A>C]T	-2.2029647866326313e-05	-2.1621971972190767e-05	-4.733731232116134e-05	-7.247075248834247e-06	1.031647678567133e-05	-2.135384814409076	0.03749062734316421	centered_position_bootstrap	0.19728401233025078	True	False	1122	0.95	4000	position_bootstrap	mtDNA_position	False	paired nonparametric bootstrap of whole mtDNA positions
control_region	expanded_neutral_like_T95	unlabeled_out_of_neutral_domain_T95	A[A>C]T	-9.808438454769096e-06	-9.464009605660339e-06	-2.1403215363480123e-05	-2.8645649209661773e-06	4.734668573268033e-06	-2.071620917702159	0.04173956510872282	centered_position_bootstrap	0.19728401233025078	True	False	1122	0.95	4000	position_bootstrap	mtDNA_position	False	paired nonparametric bootstrap of whole mtDNA positions
control_region	expanded_neutral_like_T95	unlabeled_out_of_neutral_domain_T95	T[A>C]G	-9.362600343188683e-06	-9.266241091222377e-06	-1.8437619816299017e-05	-3.7792762743185455e-06	3.780834208035007e-06	-2.4763318960909046	0.022494376405898527	centered_position_bootstrap	0.19728401233025078	True	False	1122	0.95	4000	position_bootstrap	mtDNA_position	False	paired nonparametric bootstrap of whole mtDNA positions
control_region	expanded_neutral_like_T95	unlabeled_out_of_neutral_domain_T95	G[A>C]G	-9.362600343188683e-06	-9.061297445174922e-06	-2.102286340380042e-05	-1.871817462276485e-06	4.923536862925521e-06	-1.9016005371442493	0.05873531617095726	centered_position_bootstrap	0.19728401233025078	True	False	1122	0.95	4000	position_bootstrap	mtDNA_position	False	paired nonparametric bootstrap of whole mtDNA positions
control_region	expanded_neutral_like_T95	unlabeled_out_of_neutral_domain_T95	C[A>C]G	-0.0002564312205106678	-0.00024149300828026315	-0.0008927071163736476	-8.494028182920069e-06	0.00025205773973217425	-1.0173511068659926	0.1664583854036491	centered_position_bootstrap	0.20244938765308676	True	False	1122	0.95	4000	position_bootstrap	mtDNA_position	False	paired nonparametric bootstrap of whole mtDNA positions
control_region	expanded_neutral_like_T95	unlabeled_out_of_neutral_domain_T95	A[A>C]G	-0.00014764100541182155	-0.00013662452205377365	-0.00048376363310539776	-6.982907725233304e-06	0.00013360642478482709	-1.105044204645077	0.14496375906023495	centered_position_bootstrap	0.2015496125968508	True	False	1122	0.95	4000	position_bootstrap	mtDNA_position	False	paired nonparametric bootstrap of whole mtDNA positions
control_region	expanded_neutral_like_T95	unlabeled_out_of_neutral_domain_T95	T[A>C]C	-0.00012656848612088402	-0.00011743906520461682	-0.0004188153228250347	-1.1195018741589817e-05	0.00011859707280427676	-1.0672142501338346	0.14446388402899274	centered_position_bootstrap	0.2015496125968508	True	False	1122	0.95	4000	position_bootstrap	mtDNA_position	False	paired nonparametric bootstrap of whole mtDNA positions
control_region	expanded_neutral_like_T95	unlabeled_out_of_neutral_domain_T95	G[A>C]C	-0.0007799046085876174	-0.0007389705193882564	-0.002861305097951591	-9.115722388654568e-07	0.0008342669382820825	-0.9348382068137475	0.19270182454386403	centered_position_bootstrap	0.21263649604840168	True	False	1122	0.95	4000	position_bootstrap	mtDNA_position	False	paired nonparametric bootstrap of whole mtDNA positions
control_region	expanded_neutral_like_T95	unlabeled_out_of_neutral_domain_T95	C[A>C]C	-0.0004340085403531465	-0.0004140168466997302	-0.0013740879168873505	0.0002890383366474103	0.00041796486110351954	-1.0383852346038567	0.2669332666833292	centered_position_bootstrap	0.2831557304044155	False	False	1122	0.95	4000	position_bootstrap	mtDNA_position	False	paired nonparametric bootstrap of whole mtDNA positions
control_region	expanded_neutral_like_T95	unlabeled_out_of_neutral_domain_T95	A[A>C]C	-0.001510597049121349	-0.001328781364763489	-0.0064668196526131445	0.0020035863155774096	0.002133275933570753	-0.7081114193197023	0.4498875281179705	centered_position_bootstrap	0.46691029945216395	False	False	1122	0.95	4000	position_bootstrap	mtDNA_position	False	paired nonparametric bootstrap of whole mtDNA positions
control_region	expanded_neutral_like_T95	unlabeled_out_of_neutral_domain_T95	T[A>C]A	-1.1163100409186506e-05	-1.0680331074312301e-05	-2.4250370758611732e-05	-4.110900638303996e-06	5.169221218582505e-06	-2.1595323429101825	0.039990002499375156	centered_position_bootstrap	0.19728401233025078	True	False	1122	0.95	4000	position_bootstrap	mtDNA_position	False	paired nonparametric bootstrap of whole mtDNA positions
control_region	expanded_neutral_like_T95	unlabeled_out_of_neutral_domain_T95	G[A>C]A	-1.0532925386087269e-05	-1.0172990147932954e-05	-2.6181208766122572e-05	-1.651287083396147e-06	6.410310598515309e-06	-1.6431224703100653	0.0894776305923519	centered_position_bootstrap	0.19728401233025078	True	False	1122	0.95	4000	position_bootstrap	mtDNA_position	False	paired nonparametric bootstrap of whole mtDNA positions
control_region	expanded_neutral_like_T95	unlabeled_out_of_neutral_domain_T95	C[A>C]A	-6.846401500956725e-05	-6.344121978353644e-05	-0.0001789439574569414	2.3228324559957365e-06	4.8390899500516385e-05	-1.414811787262534	0.12271932016995751	centered_position_bootstrap	0.19728401233025078	False	False	1122	0.95	4000	position_bootstrap	mtDNA_position	False	paired nonparametric bootstrap of whole mtDNA positions
control_region	expanded_neutral_like_T95	unlabeled_out_of_neutral_domain_T95	A[A>C]A	-0.0005614439339132147	-0.0005320585773707584	-0.0019921212783078237	-1.077286806789667e-05	0.0005758700721093198	-0.9749489704452524	0.16770807298175455	centered_position_bootstrap	0.20244938765308676	True	False	1122	0.95	4000	position_bootstrap	mtDNA_position	False	paired nonparametric bootstrap of whole mtDNA positions
protein_coding	expanded_neutral_like_T95	unlabeled_out_of_neutral_domain_T95	A[C>A]A	6.984692914496058e-06	7.171177689849128e-06	-2.4191750249015074e-06	1.5330344534923524e-05	4.531069644846473e-06	1.5415108267956719	0.11972006998250437	centered_position_bootstrap	0.19638787782046083	False	False	11341	0.95	4000	position_bootstrap	mtDNA_position	False	paired nonparametric bootstrap of whole mtDNA positions
protein_coding	expanded_neutral_like_T95	unlabeled_out_of_neutral_domain_T95	A[C>A]C	1.5172605969301511e-05	1.511439993622148e-05	9.269873898936689e-06	2.2636339325739346e-05	3.433327310149374e-06	4.419213374865036	0.00024993751562109475	centered_position_bootstrap	0.003199200199950013	True	True	11341	0.95	4000	position_bootstrap	mtDNA_position	False	paired nonparametric bootstrap of whole mtDNA positions
protein_coding	expanded_neutral_like_T95	unlabeled_out_of_neutral_domain_T95	A[C>A]G	-7.4035005030929095e-06	-7.398809461561596e-06	-1.8729195558572387e-05	2.7993206605241656e-06	5.430500475201826e-06	-1.3633182681597604	0.17720569857535617	centered_position_bootstrap	0.25581574531179235	False	False	11341	0.95	4000	position_bootstrap	mtDNA_position	False	paired nonparametric bootstrap of whole mtDNA positions
protein_coding	expanded_neutral_like_T95	unlabeled_out_of_neutral_domain_T95	A[C>A]T	-9.107064952189208e-05	-8.751083020126394e-05	-0.00030405249974484373	2.2112929499084615e-06	8.872344246670303e-05	-1.0264553199237048	0.2129467633091727	centered_position_bootstrap	0.29843633982015444	False	False	11341	0.95	4000	position_bootstrap	mtDNA_position	False	paired nonparametric bootstrap of whole mtDNA positions
protein_coding	expanded_neutral_like_T95	unlabeled_out_of_neutral_domain_T95	C[C>A]A	-0.0008201085307291494	-0.0007756719447835525	-0.0025590602717194618	-5.151963589085042e-05	0.000720249351831571	-1.1386452881125677	0.12171957010747313	centered_position_bootstrap	0.19638787782046083	True	False	11341	0.95	4000	position_bootstrap	mtDNA_position	False	paired nonparametric bootstrap of whole mtDNA positions
protein_coding	expanded_neutral_like_T95	unlabeled_out_of_neutral_domain_T95	C[C>A]C	-0.0001820190123688077	-0.00017121214948789392	-0.0004452315397423902	-3.75693004564328e-05	0.00010958294081437479	-1.6610159484324676	0.07523119220194951	centered_position_bootstrap	0.14891122580179697	True	False	11341	0.95	4000	position_bootstrap	mtDNA_position	False	paired nonparametric bootstrap of whole mtDNA positions
protein_coding	expanded_neutral_like_T95	unlabeled_out_of_neutral_domain_T95	C[C>A]G	-0.0011515854024299482	-0.0010999328038966303	-0.0026584948586089105	-0.0001749363148157904	0.0006612972834241754	-1.7414034977840482	0.06423394151462135	centered_position_bootstrap	0.13710857999785767	True	False	11341	0.95	4000	position_bootstrap	mtDNA_position	False	paired nonparametric bootstrap of whole mtDNA positions
protein_coding	expanded_neutral_like_T95	unlabeled_out_of_neutral_domain_T95	C[C>A]T	-0.00465566687456309	-0.004438028621504931	-0.015450697289251872	-7.362033116870035e-05	0.004526693869894551	-1.0284916560243431	0.15696075981004748	centered_position_bootstrap	0.23181896833483936	True	False	11341	0.95	4000	position_bootstrap	mtDNA_position	False	paired nonparametric bootstrap of whole mtDNA positions
protein_coding	expanded_neutral_like_T95	unlabeled_out_of_neutral_domain_T95	G[C>A]A	-1.172827523306621e-05	-9.62055801093412e-06	-8.400962500072532e-05	2.5065791501964737e-05	2.954920931725383e-05	-0.3969065671824272	0.6378405398650338	centered_position_bootstrap	0.6998021923090656	False	False	11341	0.95	4000	position_bootstrap	mtDNA_position	False	paired nonparametric bootstrap of whole mtDNA positions
protein_coding	expanded_neutral_like_T95	unlabeled_out_of_neutral_domain_T95	G[C>A]C	1.4829334341036773e-05	1.601247721501739e-05	-8.255647889909861e-06	3.15551440085991e-05	1.0192620877889727e-05	1.4549088520701485	0.13646588352911773	centered_position_bootstrap	0.20961159710072486	False	False	11341	0.95	4000	position_bootstrap	mtDNA_position	False	paired nonparametric bootstrap of whole mtDNA positions
protein_coding	expanded_neutral_like_T95	unlabeled_out_of_neutral_domain_T95	G[C>A]G	-0.00016352347057143251	-0.00014990227549103752	-0.00043937937157087747	-2.4794612196313663e-05	0.00011408350944891965	-1.4333664116867773	0.09622594351412148	centered_position_bootstrap	0.16795801049737566	True	False	11341	0.95	4000	position_bootstrap	mtDNA_position	False	paired nonparametric bootstrap of whole mtDNA positions
protein_coding	expanded_neutral_like_T95	unlabeled_out_of_neutral_domain_T95	G[C>A]T	-0.0011788845501946638	-0.0011325617217377926	-0.0038710576730514217	-5.246445741355192e-06	0.001151050768949526	-1.0241811933895317	0.17620594851287177	centered_position_bootstrap	0.25581574531179235	True	False	11341	0.95	4000	position_bootstrap	mtDNA_position	False	paired nonparametric bootstrap of whole mtDNA positions
protein_coding	expanded_neutral_like_T95	unlabeled_out_of_neutral_domain_T95	T[C>A]A	-0.00016495742957676235	-0.00015407309127340698	-0.00038796004289341394	-4.7267347650019354e-05	9.232971327634141e-05	-1.7866126052297737	0.06498375406148463	centered_position_bootstrap	0.13710857999785767	True	False	11341	0.95	4000	position_bootstrap	mtDNA_position	False	paired nonparametric bootstrap of whole mtDNA positions
protein_coding	expanded_neutral_like_T95	unlabeled_out_of_neutral_domain_T95	T[C>A]C	-0.0007195131668511005	-0.0006823134911881862	-0.0016858989593990807	-0.00012542677871903133	0.00041706707671032583	-1.7251737359044497	0.060484878780304924	centered_position_bootstrap	0.13348387041170742	True	False	11341	0.95	4000	position_bootstrap	mtDNA_position	False	paired nonparametric bootstrap of whole mtDNA positions
protein_coding	expanded_neutral_like_T95	unlabeled_out_of_neutral_domain_T95	T[C>A]G	-0.0030773765112014784	-0.0026738326925346808	-0.008640447485202714	-8.398550756057415e-05	0.002388717017461	-1.288296809001036	0.11747063234191452	centered_position_bootstrap	0.19567521912625294	True	False	11341	0.95	4000	position_bootstrap	mtDNA_position	False	paired nonparametric bootstrap of whole mtDNA positions
protein_coding	expanded_neutral_like_T95	unlabeled_out_of_neutral_domain_T95	T[C>A]T	-0.0009414796524540938	-0.0009206847832250682	-0.0017727459577575938	-0.0003399088856631848	0.00037055531223794406	-2.54072636759163	0.014496375906023495	centered_position_bootstrap	0.06050661247731545	True	False	11341	0.95	4000	position_bootstrap	mtDNA_position	False	paired nonparametric bootstrap of whole mtDNA positions
protein_coding	expanded_neutral_like_T95	unlabeled_out_of_neutral_domain_T95	T[G>T]T	6.9512504723609866e-06	7.087281756054936e-06	-1.0532781786591993e-05	2.2689834468929312e-05	8.420959542150649e-06	0.825470118644661	0.4158960259935016	centered_position_bootstrap	0.511872031992002	False	False	11341	0.95	4000	position_bootstrap	mtDNA_position	False	paired nonparametric bootstrap of whole mtDNA positions
protein_coding	expanded_neutral_like_T95	unlabeled_out_of_neutral_domain_T95	G[G>T]T	-1.281857714225213e-05	-1.000178223304264e-05	-5.79606898849704e-05	1.942142182313127e-05	2.040952888111241e-05	-0.6280682526736237	0.5486128467883029	centered_position_bootstrap	0.6389675308445615	False	False	11341	0.95	4000	position_bootstrap	mtDNA_position	False	paired nonparametric bootstrap of whole mtDNA positions
protein_coding	expanded_neutral_like_T95	unlabeled_out_of_neutral_domain_T95	C[G>T]T	-3.363335805473123e-05	-2.838247032171472e-05	-0.00018451805131553377	4.24714291893832e-05	6.26177587244705e-05	-0.5371217165840143	0.6243439140214946	centered_position_bootstrap	0.6929134768331038	False	False	11341	0.95	4000	position_bootstrap	mtDNA_position	False	paired nonparametric bootstrap of whole mtDNA positions
protein_coding	expanded_neutral_like_T95	unlabeled_out_of_neutral_domain_T95	A[G>T]T	2.9799708546730142e-05	2.9618530774268158e-05	1.8928532035004583e-05	4.319373323547085e-05	6.36598410797508e-06	4.681084344743827	0.0004998750312421895	centered_position_bootstrap	0.005051368736763178	True	True	11341	0.95	4000	position_bootstrap	mtDNA_position	False	paired nonparametric bootstrap of whole mtDNA positions
protein_coding	expanded_neutral_like_T95	unlabeled_out_of_neutral_domain_T95	T[G>T]G	2.3634251606027392e-06	2.6120608117177878e-06	-1.2531732094937616e-05	1.5762546022804335e-05	7.297976869146707e-06	0.32384662256117497	0.7628092976755811	centered_position_bootstrap	0.8013734271350196	False	False	11341	0.95	4000	position_bootstrap	mtDNA_position	False	paired nonparametric bootstrap of whole mtDNA positions
protein_coding	expanded_neutral_like_T95	unlabeled_out_of_neutral_domain_T95	G[G>T]G	9.065192396832406e-06	1.0564998402499976e-05	-2.210602471433795e-05	3.1712044542783094e-05	1.391965692787899e-05	0.6512511367055449	0.5106223444138965	centered_position_bootstrap	0.6051820378238774	False	False	11341	0.95	4000	position_bootstrap	mtDNA_position	False	paired nonparametric bootstrap of whole mtDNA positions
protein_coding	expanded_neutral_like_T95	unlabeled_out_of_neutral_domain_T95	C[G>T]G	2.6079174185961216e-05	2.6112284085301117e-05	6.3204607845119e-06	4.703811226481693e-05	1.0202614715394577e-05	2.5561265335846435	0.0142464383904024	centered_position_bootstrap	0.06050661247731545	True	False	11341	0.95	4000	position_bootstrap	mtDNA_position	False	paired nonparametric bootstrap of whole mtDNA positions
protein_coding	expanded_neutral_like_T95	unlabeled_out_of_neutral_domain_T95	A[G>T]G	3.6543716768983467e-05	3.6638995088419e-05	2.59286315804495e-05	5.125340405751317e-05	6.414632906497373e-06	5.6969303312693675	0.00024993751562109475	centered_position_bootstrap	0.003199200199950013	True	True	11341	0.95	4000	position_bootstrap	mtDNA_position	False	paired nonparametric bootstrap of whole mtDNA positions
protein_coding	expanded_neutral_like_T95	unlabeled_out_of_neutral_domain_T95	T[G>T]C	3.4586709667357103e-06	3.4359659740330557e-06	-7.317061065577209e-06	1.4781659451986019e-05	5.572725782960731e-06	0.6206425906171459	0.5393651587103224	centered_position_bootstrap	0.6353258311189074	False	False	11341	0.95	4000	position_bootstrap	mtDNA_position	False	paired nonparametric bootstrap of whole mtDNA positions
protein_coding	expanded_neutral_like_T95	unlabeled_out_of_neutral_domain_T95	G[G>T]C	3.885631196245176e-05	3.8973866247749944e-05	2.6925434372114494e-05	5.506054622375756e-05	7.225278455645531e-06	5.377828993163725	0.00024993751562109475	centered_position_bootstrap	0.003199200199950013	True	True	11341	0.95	4000	position_bootstrap	mtDNA_position	False	paired nonparametric bootstrap of whole mtDNA positions
protein_coding	expanded_neutral_like_T95	unlabeled_out_of_neutral_domain_T95	C[G>T]C	-7.008778062477078e-05	-6.00563022583965e-05	-0.00020950636151046244	1.6136802318421538e-05	6.072639098841356e-05	-1.1541568580642863	0.22819295176205948	centered_position_bootstrap	0.31466419109508337	False	False	11341	0.95	4000	position_bootstrap	mtDNA_position	False	paired nonparametric bootstrap of whole mtDNA positions
protein_coding	expanded_neutral_like_T95	unlabeled_out_of_neutral_domain_T95	A[G>T]C	1.7994259745498104e-05	1.9019259121548076e-05	-1.1234722059092708e-05	4.33843508634344e-05	1.372118632369403e-05	1.3114215725228686	0.18220444888777806	centered_position_bootstrap	0.2610690610929357	False	False	11341	0.95	4000	position_bootstrap	mtDNA_position	False	paired nonparametric bootstrap of whole mtDNA positions
protein_coding	expanded_neutral_like_T95	unlabeled_out_of_neutral_domain_T95	T[G>T]A	-0.0005080560209186832	-0.0004731368440413537	-0.0016410489558355544	2.9331836082574936e-05	0.00047371609657930787	-1.072490516128422	0.2329417645588603	centered_position_bootstrap	0.3171972964205757	False	False	11341	0.95	4000	position_bootstrap	mtDNA_position	False	paired nonparametric bootstrap of whole mtDNA positions
protein_coding	expanded_neutral_like_T95	unlabeled_out_of_neutral_domain_T95	G[G>T]A	3.840565885979445e-05	3.8937516084909925e-05	2.1864953867053096e-05	5.766089849904487e-05	9.154027227375555e-06	4.195493186314816	0.00024993751562109475	centered_position_bootstrap	0.003199200199950013	True	True	11341	0.95	4000	position_bootstrap	mtDNA_position	False	paired nonparametric bootstrap of whole mtDNA positions
protein_coding	expanded_neutral_like_T95	unlabeled_out_of_neutral_domain_T95	C[G>T]A	1.342192066515133e-05	1.4360908193765074e-05	-1.3330184714893578e-05	3.771562277290242e-05	1.3170380045060867e-05	1.0190989644360942	0.3134216445888528	centered_position_bootstrap	0.40387218631583716	False	False	11341	0.95	4000	position_bootstrap	mtDNA_position	False	paired nonparametric bootstrap of whole mtDNA positions
protein_coding	expanded_neutral_like_T95	unlabeled_out_of_neutral_domain_T95	A[G>T]A	4.3183570835704304e-05	4.334709286820335e-05	3.071244122198363e-05	6.057556847783696e-05	7.68986857047763e-06	5.615644850094246	0.00024993751562109475	centered_position_bootstrap	0.003199200199950013	True	True	11341	0.95	4000	position_bootstrap	mtDNA_position	False	paired nonparametric bootstrap of whole mtDNA positions
protein_coding	expanded_neutral_like_T95	unlabeled_out_of_neutral_domain_T95	A[C>G]A	1.0395822012273202e-05	1.037604786771475e-05	3.880599268724753e-06	1.7670439993625984e-05	3.4896734259624813e-06	2.979024322141533	0.0047488127968008	centered_position_bootstrap	0.031440415758129434	True	True	11341	0.95	4000	position_bootstrap	mtDNA_position	False	paired nonparametric bootstrap of whole mtDNA positions
protein_coding	expanded_neutral_like_T95	unlabeled_out_of_neutral_domain_T95	A[C>G]C	9.482878730813447e-06	9.560235883513836e-06	-3.3051639008372694e-07	1.9276136985421924e-05	4.9857471575011846e-06	1.9019975203809147	0.05873531617095726	centered_position_bootstrap	0.1311300081956255	False	False	11341	0.95	4000	position_bootstrap	mtDNA_position	False	paired nonparametric bootstrap of whole mtDNA positions
protein_coding	expanded_neutral_like_T95	unlabeled_out_of_neutral_domain_T95	A[C>G]G	-8.542500580491816e-06	-8.51059157950424e-06	-1.9949463129806395e-05	1.579943070873826e-06	5.437855886481218e-06	-1.5709317714227955	0.12471882029492627	centered_position_bootstrap	0.1985845002164093	False	False	11341	0.95	4000	position_bootstrap	mtDNA_position	False	paired nonparametric bootstrap of whole mtDNA positions
protein_coding	expanded_neutral_like_T95	unlabeled_out_of_neutral_domain_T95	A[C>G]T	-5.829782062820087e-06	-4.024499771729654e-06	-4.062235208023659e-05	1.384777248490003e-05	1.4350023392087565e-05	-0.40625592750145345	0.6788302924268933	centered_position_bootstrap	0.7322214390222669	False	False	11341	0.95	4000	position_bootstrap	mtDNA_position	False	paired nonparametric bootstrap of whole mtDNA positions
protein_coding	expanded_neutral_like_T95	unlabeled_out_of_neutral_domain_T95	C[C>G]A	-4.222652953610221e-05	-4.104232631607563e-05	-8.351855415651233e-05	-1.5013943093714078e-05	1.7601457829622632e-05	-2.3990359176406657	0.023744063984004	centered_position_bootstrap	0.07409912227825398	True	False	11341	0.95	4000	position_bootstrap	mtDNA_position	False	paired nonparametric bootstrap of whole mtDNA positions
protein_coding	expanded_neutral_like_T95	unlabeled_out_of_neutral_domain_T95	C[C>G]C	1.0582500719116704e-06	1.130631570545805e-06	-5.706256117633042e-06	7.338660255664481e-06	3.2992649706036894e-06	0.3207532833345104	0.7475631092226943	centered_position_bootstrap	0.7974006498375406	False	False	11341	0.95	4000	position_bootstrap	mtDNA_position	False	paired nonparametric bootstrap of whole mtDNA positions
protein_coding	expanded_neutral_like_T95	unlabeled_out_of_neutral_domain_T95	C[C>G]G	-2.3893968656643042e-05	-2.3928741019189215e-05	-3.687142211499165e-05	-1.3424231305960392e-05	6.156001338313588e-06	-3.8814105688919	0.0012496875781054736	centered_position_bootstrap	0.011425714999821474	True	True	11341	0.95	4000	position_bootstrap	mtDNA_position	False	paired nonparametric bootstrap of whole mtDNA positions
protein_coding	expanded_neutral_like_T95	unlabeled_out_of_neutral_domain_T95	C[C>G]T	1.156450316114403e-05	1.1613977820257992e-05	6.8417310093763725e-06	1.7766242946293853e-05	2.7533764621221342e-06	4.200116954668385	0.0004998750312421895	centered_position_bootstrap	0.005051368736763178	True	True	11341	0.95	4000	position_bootstrap	mtDNA_position	False	paired nonparametric bootstrap of whole mtDNA positions
protein_coding	expanded_neutral_like_T95	unlabeled_out_of_neutral_domain_T95	G[C>G]A	1.3505286632015632e-05	1.4248674915735382e-05	-5.904881930375643e-06	2.8550297521701685e-05	8.855982611122085e-06	1.5249901930763234	0.11822044488877781	centered_position_bootstrap	0.19567521912625294	False	False	11341	0.95	4000	position_bootstrap	mtDNA_position	False	paired nonparametric bootstrap of whole mtDNA positions
protein_coding	expanded_neutral_like_T95	unlabeled_out_of_neutral_domain_T95	G[C>G]C	1.2512250850249777e-05	1.3967809936050731e-05	-1.4221533677586027e-05	3.344399126695322e-05	1.2113592374159303e-05	1.0329100124700326	0.2894276430892277	centered_position_bootstrap	0.3764464289333072	False	False	11341	0.95	4000	position_bootstrap	mtDNA_position	False	paired nonparametric bootstrap of whole mtDNA positions
protein_coding	expanded_neutral_like_T95	unlabeled_out_of_neutral_domain_T95	G[C>G]G	-5.621119300892993e-05	-5.378495950878988e-05	-0.00011940808174933741	-1.5119506558502835e-05	2.7037884955065478e-05	-2.0789789253984865	0.040989752561859535	centered_position_bootstrap	0.09962066445413963	True	False	11341	0.95	4000	position_bootstrap	mtDNA_position	False	paired nonparametric bootstrap of whole mtDNA positions
protein_coding	expanded_neutral_like_T95	unlabeled_out_of_neutral_domain_T95	G[C>G]T	-4.040043009577306e-07	8.766855452933792e-07	-2.686725500754213e-05	1.7843051907363775e-05	1.1900378960810169e-05	-0.033948860140351894	0.976255936015996	centered_position_bootstrap	0.976255936015996	False	False	11341	0.95	4000	position_bootstrap	mtDNA_position	False	paired nonparametric bootstrap of whole mtDNA positions
protein_coding	expanded_neutral_like_T95	unlabeled_out_of_neutral_domain_T95	T[C>G]A	-0.00012637089634243197	-0.00011975022428725776	-0.00039372138806593527	-5.576322331316696e-06	0.00011024824397704148	-1.1462395389149955	0.14746313421644588	centered_position_bootstrap	0.2219445138715321	True	False	11341	0.95	4000	position_bootstrap	mtDNA_position	False	paired nonparametric bootstrap of whole mtDNA positions
protein_coding	expanded_neutral_like_T95	unlabeled_out_of_neutral_domain_T95	T[C>G]C	-2.2136306081701684e-05	-2.154348858758967e-05	-4.1742660050702084e-05	-8.789519170432622e-06	8.522019939206794e-06	-2.597542160146843	0.01699575106223444	centered_position_bootstrap	0.06367638859515891	True	False	11341	0.95	4000	position_bootstrap	mtDNA_position	False	paired nonparametric bootstrap of whole mtDNA positions
protein_coding	expanded_neutral_like_T95	unlabeled_out_of_neutral_domain_T95	T[C>G]G	-4.3329461277716813e-05	-4.094711251244204e-05	-9.881339434833493e-05	-1.445944656061581e-05	2.2609246651162443e-05	-1.9164486966879568	0.04973756560859785	centered_position_bootstrap	0.1164586902054974	True	False	11341	0.95	4000	position_bootstrap	mtDNA_position	False	paired nonparametric bootstrap of whole mtDNA positions
protein_coding	expanded_neutral_like_T95	unlabeled_out_of_neutral_domain_T95	T[C>G]T	-1.4783564790601478e-05	-1.4603997778173959e-05	-2.4322759879669457e-05	-7.3249044776628575e-06	4.381164887618462e-06	-3.3743456751379224	0.0034991252186953262	centered_position_bootstrap	0.02488266822183343	True	True	11341	0.95	4000	position_bootstrap	mtDNA_position	False	paired nonparametric bootstrap of whole mtDNA positions
protein_coding	expanded_neutral_like_T95	unlabeled_out_of_neutral_domain_T95	T[G>C]T	-6.881737967637377e-05	-6.71259482295395e-05	-0.00013387013392221058	-1.9027870293462732e-05	2.977971042123659e-05	-2.3108814257407464	0.02074481379655086	centered_position_bootstrap	0.06987726752522395	True	False	11341	0.95	4000	position_bootstrap	mtDNA_position	False	paired nonparametric bootstrap of whole mtDNA positions
protein_coding	expanded_neutral_like_T95	unlabeled_out_of_neutral_domain_T95	G[G>C]T	-4.566618106927319e-05	-4.417065019100314e-05	-0.00010844864586890589	1.193006284349333e-06	2.752921408898995e-05	-1.6588261808584266	0.09397650587353162	centered_position_bootstrap	0.16553659750200067	False	False	11341	0.95	4000	position_bootstrap	mtDNA_position	False	paired nonparametric bootstrap of whole mtDNA positions
protein_coding	expanded_neutral_like_T95	unlabeled_out_of_neutral_domain_T95	C[G>C]T	-0.0001745298580137405	-0.00016183541576016792	-0.0006100299783195839	3.1085471992442185e-05	0.00018015061754882744	-0.9687996654601336	0.3549112721819545	centered_position_bootstrap	0.448308975387732	False	False	11341	0.95	4000	position_bootstrap	mtDNA_position	False	paired nonparametric bootstrap of whole mtDNA positions
protein_coding	expanded_neutral_like_T95	unlabeled_out_of_neutral_domain_T95	A[G>C]T	-1.027576156783798e-05	-8.113424288639997e-06	-9.830491364266989e-05	3.925163056281616e-05	3.818242538487072e-05	-0.26912280883837236	0.6748312921769558	centered_position_bootstrap	0.732020384734325	False	False	11341	0.95	4000	position_bootstrap	mtDNA_position	False	paired nonparametric bootstrap of whole mtDNA positions
protein_coding	expanded_neutral_like_T95	unlabeled_out_of_neutral_domain_T95	T[G>C]G	-1.4771407253767095e-05	-1.278970956575515e-05	-5.602751332522969e-05	1.2624501514093742e-05	1.7940319179869822e-05	-0.8233636818647883	0.4226443389152712	centered_position_bootstrap	0.513593120707165	False	False	11341	0.95	4000	position_bootstrap	mtDNA_position	False	paired nonparametric bootstrap of whole mtDNA positions
protein_coding	expanded_neutral_like_T95	unlabeled_out_of_neutral_domain_T95	G[G>C]G	2.0072926021557476e-05	2.0194503867836245e-05	5.80119847717724e-06	3.5479387920737806e-05	7.460097160917453e-06	2.6907057091316595	0.007998000499875032	centered_position_bootstrap	0.04516517929341195	True	True	11341	0.95	4000	position_bootstrap	mtDNA_position	False	paired nonparametric bootstrap of whole mtDNA positions
protein_coding	expanded_neutral_like_T95	unlabeled_out_of_neutral_domain_T95	C[G>C]G	-9.779690319735459e-06	-7.756087023952404e-06	-0.00012616200220190563	5.1195054238912034e-05	4.881769890923166e-05	-0.20033083365766904	0.6658335416145964	centered_position_bootstrap	0.7263638635795597	False	False	11341	0.95	4000	position_bootstrap	mtDNA_position	False	paired nonparametric bootstrap of whole mtDNA positions
protein_coding	expanded_neutral_like_T95	unlabeled_out_of_neutral_domain_T95	A[G>C]G	3.813257401980884e-05	3.823788347557142e-05	2.7389766212280995e-05	5.3099216558296904e-05	6.546887756426265e-06	5.824534563370028	0.00024993751562109475	centered_position_bootstrap	0.003199200199950013	True	True	11341	0.95	4000	position_bootstrap	mtDNA_position	False	paired nonparametric bootstrap of whole mtDNA positions
protein_coding	expanded_neutral_like_T95	unlabeled_out_of_neutral_domain_T95	T[G>C]C	-8.934899997400586e-05	-8.693494886586787e-05	-0.00017132711133167365	-2.755141504112547e-05	3.704031404938929e-05	-2.41220956860324	0.019745063734066485	centered_position_bootstrap	0.06769736137394224	True	False	11341	0.95	4000	position_bootstrap	mtDNA_position	False	paired nonparametric bootstrap of whole mtDNA positions
protein_coding	expanded_neutral_like_T95	unlabeled_out_of_neutral_domain_T95	G[G>C]C	-0.0021198721948999452	-0.0018727959948651024	-0.00634043274557523	3.961308742504983e-05	0.0017566155322375817	-1.206793493508307	0.24293926518370407	centered_position_bootstrap	0.3284812599666984	False	False	11341	0.95	4000	position_bootstrap	mtDNA_position	False	paired nonparametric bootstrap of whole mtDNA positions
protein_coding	expanded_neutral_like_T95	unlabeled_out_of_neutral_domain_T95	C[G>C]C	-2.200430321940478e-05	-1.8995774222401193e-05	-8.434495303900559e-05	2.2904717825184492e-05	2.7741574106669045e-05	-0.7931887042456963	0.41914521369657587	centered_position_bootstrap	0.5125852294888061	False	False	11341	0.95	4000	position_bootstrap	mtDNA_position	False	paired nonparametric bootstrap of whole mtDNA positions
protein_coding	expanded_neutral_like_T95	unlabeled_out_of_neutral_domain_T95	A[G>C]C	-0.0010828784372216172	-0.001023965095670049	-0.003576182661059093	2.1216633908542982e-05	0.0010632007557530726	-1.0185079641470032	0.24843789052736817	centered_position_bootstrap	0.33356695791087193	False	False	11341	0.95	4000	position_bootstrap	mtDNA_position	False	paired nonparametric bootstrap of whole mtDNA positions
protein_coding	expanded_neutral_like_T95	unlabeled_out_of_neutral_domain_T95	T[G>C]A	-3.633565212899444e-05	-3.182219893544698e-05	-0.0001395455641417804	2.3488655205466084e-05	4.531870779213321e-05	-0.8017804103254215	0.48137965508622843	centered_position_bootstrap	0.5740676632084215	False	False	11341	0.95	4000	position_bootstrap	mtDNA_position	False	paired nonparametric bootstrap of whole mtDNA positions
protein_coding	expanded_neutral_like_T95	unlabeled_out_of_neutral_domain_T95	G[G>C]A	3.604223369919172e-05	3.7210348972912116e-05	8.463588970583623e-06	6.175530426040036e-05	1.3380475573969937e-05	2.6936436974861664	0.010747313171707074	centered_position_bootstrap	0.05430221392020416	True	False	11341	0.95	4000	position_bootstrap	mtDNA_position	False	paired nonparametric bootstrap of whole mtDNA positions
protein_coding	expanded_neutral_like_T95	unlabeled_out_of_neutral_domain_T95	C[G>C]A	2.334247072200232e-06	3.822480234384484e-06	-4.8608740939488e-05	4.107446331091385e-05	2.295889055906256e-05	0.10167072603945293	0.9237690577355661	centered_position_bootstrap	0.9286055449488413	False	False	11341	0.95	4000	position_bootstrap	mtDNA_position	False	paired nonparametric bootstrap of whole mtDNA positions
protein_coding	expanded_neutral_like_T95	unlabeled_out_of_neutral_domain_T95	A[G>C]A	2.6843841330302677e-05	2.772885583518802e-05	5.7291416171149335e-06	4.664771473322285e-05	1.0341266770061992e-05	2.5957981673981863	0.012996750812296926	centered_position_bootstrap	0.06050661247731545	True	False	11341	0.95	4000	position_bootstrap	mtDNA_position	False	paired nonparametric bootstrap of whole mtDNA positions
protein_coding	expanded_neutral_like_T95	unlabeled_out_of_neutral_domain_T95	A[C>T]A	-0.006748512833154724	-0.006549638517289921	-0.01300667494215594	-0.002792125166545954	0.0026346674842908395	-2.561428671129324	0.01949512621844539	centered_position_bootstrap	0.06769736137394224	True	False	11341	0.95	4000	position_bootstrap	mtDNA_position	False	paired nonparametric bootstrap of whole mtDNA positions
protein_coding	expanded_neutral_like_T95	unlabeled_out_of_neutral_domain_T95	A[C>T]C	-0.002218118280358271	-0.0022185824664871815	-0.003285980158244375	-0.0014626488941703578	0.000480100836023905	-4.620109181080092	0.00024993751562109475	centered_position_bootstrap	0.003199200199950013	True	True	11341	0.95	4000	position_bootstrap	mtDNA_position	False	paired nonparametric bootstrap of whole mtDNA positions
protein_coding	expanded_neutral_like_T95	unlabeled_out_of_neutral_domain_T95	A[C>T]G	-0.004330478294270651	-0.004225031450312191	-0.008120057053852566	-0.001868347892583879	0.0016304802860369933	-2.655952562785171	0.015996000999750064	centered_position_bootstrap	0.06267820799902066	True	False	11341	0.95	4000	position_bootstrap	mtDNA_position	False	paired nonparametric bootstrap of whole mtDNA positions
protein_coding	expanded_neutral_like_T95	unlabeled_out_of_neutral_domain_T95	A[C>T]T	0.020221780797471754	0.01929731582986749	-0.006402697632930297	0.0761358692549163	0.023987103766633464	0.8430271947045417	0.5888527868032992	centered_position_bootstrap	0.6689925151848134	False	False	11341	0.95	4000	position_bootstrap	mtDNA_position	False	paired nonparametric bootstrap of whole mtDNA positions
protein_coding	expanded_neutral_like_T95	unlabeled_out_of_neutral_domain_T95	C[C>T]A	-0.0058028390159892106	-0.005583080394860489	-0.011698838621389884	-0.0023289555683172923	0.0024862314698217347	-2.333989850271375	0.02749312671832042	centered_position_bootstrap	0.07650261347706551	True	False	11341	0.95	4000	position_bootstrap	mtDNA_position	False	paired nonparametric bootstrap of whole mtDNA positions
protein_coding	expanded_neutral_like_T95	unlabeled_out_of_neutral_domain_T95	C[C>T]C	-0.021370889868890935	-0.02051808640921334	-0.06370878114472334	-0.0010943706963302705	0.018502444187592868	-1.1550306355320101	0.12721819545113722	centered_position_bootstrap	0.1985845002164093	True	False	11341	0.95	4000	position_bootstrap	mtDNA_position	False	paired nonparametric bootstrap of whole mtDNA positions
protein_coding	expanded_neutral_like_T95	unlabeled_out_of_neutral_domain_T95	C[C>T]G	-0.008006037802279114	-0.007748537333057486	-0.023995078667831127	-0.0010908710615219976	0.006674534886820997	-1.199489992641614	0.12671832041989503	centered_position_bootstrap	0.1985845002164093	True	False	11341	0.95	4000	position_bootstrap	mtDNA_position	False	paired nonparametric bootstrap of whole mtDNA positions
protein_coding	expanded_neutral_like_T95	unlabeled_out_of_neutral_domain_T95	C[C>T]T	-0.0032495131115517517	-0.0031829581623588577	-0.005623848380137661	-0.001651845204528399	0.0010346455433363421	-3.14070179152688	0.005498625343664084	centered_position_bootstrap	0.034056002128500136	True	True	11341	0.95	4000	position_bootstrap	mtDNA_position	False	paired nonparametric bootstrap of whole mtDNA positions
protein_coding	expanded_neutral_like_T95	unlabeled_out_of_neutral_domain_T95	G[C>T]A	-0.0021046923009156986	-0.0020559985110492097	-0.004009984534135224	-0.0007927273701551446	0.0008405301165905224	-2.5040058165352246	0.018245438640339916	centered_position_bootstrap	0.06487267072120859	True	False	11341	0.95	4000	position_bootstrap	mtDNA_position	False	paired nonparametric bootstrap of whole mtDNA positions
protein_coding	expanded_neutral_like_T95	unlabeled_out_of_neutral_domain_T95	G[C>T]C	-0.002777256272057293	-0.0026318183844882795	-0.005700511692044631	-0.0010415792040198643	0.0012326554906185087	-2.2530677007439857	0.029742564358910272	centered_position_bootstrap	0.0774206448387903	True	False	11341	0.95	4000	position_bootstrap	mtDNA_position	False	paired nonparametric bootstrap of whole mtDNA positions
protein_coding	expanded_neutral_like_T95	unlabeled_out_of_neutral_domain_T95	G[C>T]G	-0.005656890060080494	-0.005417684445138335	-0.013893615275143713	-0.0014993804638464001	0.003397146427389247	-1.6651887638614067	0.06898275431142215	centered_position_bootstrap	0.14090094497652184	True	False	11341	0.95	4000	position_bootstrap	mtDNA_position	False	paired nonparametric bootstrap of whole mtDNA positions
protein_coding	expanded_neutral_like_T95	unlabeled_out_of_neutral_domain_T95	G[C>T]T	-0.004261033362201206	-0.0039428398732664766	-0.009598337558880636	-0.0011405859931103428	0.0021987330866030923	-1.937949352817645	0.04848787803049238	centered_position_bootstrap	0.11493422940561157	True	False	11341	0.95	4000	position_bootstrap	mtDNA_position	False	paired nonparametric bootstrap of whole mtDNA positions
protein_coding	expanded_neutral_like_T95	unlabeled_out_of_neutral_domain_T95	T[C>T]A	-0.007815541529391807	-0.007567025263818307	-0.014624795445472377	-0.003079071174437668	0.0030389587767856987	-2.5717826740836185	0.015496125968507872	centered_position_bootstrap	0.06267820799902066	True	False	11341	0.95	4000	position_bootstrap	mtDNA_position	False	paired nonparametric bootstrap of whole mtDNA positions
protein_coding	expanded_neutral_like_T95	unlabeled_out_of_neutral_domain_T95	T[C>T]C	-0.002106943599159861	-0.002060476637670801	-0.003431230309602072	-0.001210238387534419	0.0005798335209944095	-3.633704370086212	0.0022494376405898524	centered_position_bootstrap	0.01799550112471882	True	True	11341	0.95	4000	position_bootstrap	mtDNA_position	False	paired nonparametric bootstrap of whole mtDNA positions
protein_coding	expanded_neutral_like_T95	unlabeled_out_of_neutral_domain_T95	T[C>T]G	-0.005965186629312946	-0.005535637665944727	-0.013004770502748845	-0.0018667414597091747	0.0029705291127154884	-2.0081225946511303	0.039990002499375156	centered_position_bootstrap	0.09843692922923115	True	False	11341	0.95	4000	position_bootstrap	mtDNA_position	False	paired nonparametric bootstrap of whole mtDNA positions
protein_coding	expanded_neutral_like_T95	unlabeled_out_of_neutral_domain_T95	T[C>T]T	0.008414960695281838	0.008012291962106332	-0.004195756315209542	0.03546829985173461	0.011484954669591676	0.7326942889519489	0.6123469132716821	centered_position_bootstrap	0.6875474113927659	False	False	11341	0.95	4000	position_bootstrap	mtDNA_position	False	paired nonparametric bootstrap of whole mtDNA positions
protein_coding	expanded_neutral_like_T95	unlabeled_out_of_neutral_domain_T95	T[G>A]T	-0.017852896588164722	-0.017263515074361073	-0.033951263578529026	-0.0070302638891785105	0.006942957677446706	-2.5713676242269967	0.017745563609097726	centered_position_bootstrap	0.06428581533861819	True	False	11341	0.95	4000	position_bootstrap	mtDNA_position	False	paired nonparametric bootstrap of whole mtDNA positions
protein_coding	expanded_neutral_like_T95	unlabeled_out_of_neutral_domain_T95	G[G>A]T	-0.03189662573528024	-0.030245028818963262	-0.07486180507551896	-0.006838268981069688	0.018304315690090632	-1.7425740615120644	0.06398400399900026	centered_position_bootstrap	0.13710857999785767	True	False	11341	0.95	4000	position_bootstrap	mtDNA_position	False	paired nonparametric bootstrap of whole mtDNA positions
protein_coding	expanded_neutral_like_T95	unlabeled_out_of_neutral_domain_T95	C[G>A]T	-0.025501357482903515	-0.023986180924781775	-0.061392365499347346	-0.005873381637463023	0.01545398783415597	-1.650147376623471	0.06798300424893776	centered_position_bootstrap	0.14035200877200052	True	False	11341	0.95	4000	position_bootstrap	mtDNA_position	False	paired nonparametric bootstrap of whole mtDNA positions
protein_coding	expanded_neutral_like_T95	unlabeled_out_of_neutral_domain_T95	A[G>A]T	-0.022559406946031504	-0.021245840804355393	-0.04658724068644892	-0.007332080324060533	0.010500222616570075	-2.1484693962993893	0.030242439390152462	centered_position_bootstrap	0.0774206448387903	True	False	11341	0.95	4000	position_bootstrap	mtDNA_position	False	paired nonparametric bootstrap of whole mtDNA positions
protein_coding	expanded_neutral_like_T95	unlabeled_out_of_neutral_domain_T95	T[G>A]G	-0.012158640738720772	-0.01177441742227681	-0.02408410711550458	-0.004056378078263249	0.005224223070376991	-2.327358647387042	0.024493876530867282	centered_position_bootstrap	0.07409912227825398	True	False	11341	0.95	4000	position_bootstrap	mtDNA_position	False	paired nonparametric bootstrap of whole mtDNA positions
protein_coding	expanded_neutral_like_T95	unlabeled_out_of_neutral_domain_T95	G[G>A]G	-0.015158296714989049	-0.013929163073135398	-0.036738489088939605	-0.002123379040488132	0.009561509741196433	-1.5853455286123348	0.07923019245188703	centered_position_bootstrap	0.15061581139368624	True	False	11341	0.95	4000	position_bootstrap	mtDNA_position	False	paired nonparametric bootstrap of whole mtDNA positions
protein_coding	expanded_neutral_like_T95	unlabeled_out_of_neutral_domain_T95	C[G>A]G	-0.003969739295619284	-0.003893725892064679	-0.008132678385332071	-0.0012248280864927367	0.0017394981341306574	-2.2821175934191076	0.029242689327668082	centered_position_bootstrap	0.0774206448387903	True	False	11341	0.95	4000	position_bootstrap	mtDNA_position	False	paired nonparametric bootstrap of whole mtDNA positions
protein_coding	expanded_neutral_like_T95	unlabeled_out_of_neutral_domain_T95	A[G>A]G	-0.006241031281242047	-0.006003440297898377	-0.012890951903314131	-0.0018105836794693013	0.002835132859648446	-2.2013188059257054	0.030242439390152462	centered_position_bootstrap	0.0774206448387903	True	False	11341	0.95	4000	position_bootstrap	mtDNA_position	False	paired nonparametric bootstrap of whole mtDNA positions
protein_coding	expanded_neutral_like_T95	unlabeled_out_of_neutral_domain_T95	T[G>A]C	-0.05400311202945026	-0.05169292867177492	-0.10695283173631025	-0.01777408725479715	0.023032534497456507	-2.3446447908463504	0.022494376405898527	centered_position_bootstrap	0.0732020384734325	True	False	11341	0.95	4000	position_bootstrap	mtDNA_position	False	paired nonparametric bootstrap of whole mtDNA positions
protein_coding	expanded_neutral_like_T95	unlabeled_out_of_neutral_domain_T95	G[G>A]C	-0.09260300359777214	-0.08543167969272675	-0.21346654556629666	-0.013136100148515928	0.05629920599116782	-1.6448367604384977	0.06473381654586353	centered_position_bootstrap	0.13710857999785767	True	False	11341	0.95	4000	position_bootstrap	mtDNA_position	False	paired nonparametric bootstrap of whole mtDNA positions
protein_coding	expanded_neutral_like_T95	unlabeled_out_of_neutral_domain_T95	C[G>A]C	-0.023252436196461015	-0.02240877613076352	-0.04586328833849596	-0.007531248962149626	0.009904986863612809	-2.3475484134039295	0.02324418895276181	centered_position_bootstrap	0.07409912227825398	True	False	11341	0.95	4000	position_bootstrap	mtDNA_position	False	paired nonparametric bootstrap of whole mtDNA positions
protein_coding	expanded_neutral_like_T95	unlabeled_out_of_neutral_domain_T95	A[G>A]C	-0.010724578808316869	-0.010400126424087528	-0.019503528735284336	-0.005020926800491509	0.003834160825497961	-2.797112405143834	0.010747313171707074	centered_position_bootstrap	0.05430221392020416	True	False	11341	0.95	4000	position_bootstrap	mtDNA_position	False	paired nonparametric bootstrap of whole mtDNA positions
protein_coding	expanded_neutral_like_T95	unlabeled_out_of_neutral_domain_T95	T[G>A]A	-0.031087883609125504	-0.028732261246351594	-0.07193618278313343	-0.004500540949126933	0.01738730584444158	-1.7879643854694003	0.053236690827293175	centered_position_bootstrap	0.12314993540771432	True	False	11341	0.95	4000	position_bootstrap	mtDNA_position	False	paired nonparametric bootstrap of whole mtDNA positions
protein_coding	expanded_neutral_like_T95	unlabeled_out_of_neutral_domain_T95	G[G>A]A	-0.00192678236218138	-0.0018168041538783053	-0.006055434215541039	-1.8136226789926635e-05	0.0017063394144676005	-1.129190561880422	0.15096225943514122	centered_position_bootstrap	0.2246880140430009	True	False	11341	0.95	4000	position_bootstrap	mtDNA_position	False	paired nonparametric bootstrap of whole mtDNA positions
protein_coding	expanded_neutral_like_T95	unlabeled_out_of_neutral_domain_T95	C[G>A]A	-0.011583117534025604	-0.010604625773672629	-0.03000517960607912	-0.0018265161578902309	0.00755275728978416	-1.533627665977417	0.07873031742064483	centered_position_bootstrap	0.15061581139368624	True	False	11341	0.95	4000	position_bootstrap	mtDNA_position	False	paired nonparametric bootstrap of whole mtDNA positions
protein_coding	expanded_neutral_like_T95	unlabeled_out_of_neutral_domain_T95	A[G>A]A	-0.017437992752871837	-0.015734328076297998	-0.044488729537785966	-0.00225992187682991	0.011259716837814838	-1.5487061534538564	0.07698075481129718	centered_position_bootstrap	0.15061581139368624	True	False	11341	0.95	4000	position_bootstrap	mtDNA_position	False	paired nonparametric bootstrap of whole mtDNA positions
protein_coding	expanded_neutral_like_T95	unlabeled_out_of_neutral_domain_T95	A[T>A]A	3.430778458939455e-05	3.440496910959736e-05	2.5701674994056407e-05	4.654930779370739e-05	5.35845506499912e-06	6.4025515140529	0.00024993751562109475	centered_position_bootstrap	0.003199200199950013	True	True	11341	0.95	4000	position_bootstrap	mtDNA_position	False	paired nonparametric bootstrap of whole mtDNA positions
protein_coding	expanded_neutral_like_T95	unlabeled_out_of_neutral_domain_T95	A[T>A]C	2.4304726828893383e-05	2.551909303502544e-05	1.2690662892886882e-06	4.239529230980773e-05	1.0529834553490501e-05	2.3081774652230114	0.02224443889027743	centered_position_bootstrap	0.0732020384734325	True	False	11341	0.95	4000	position_bootstrap	mtDNA_position	False	paired nonparametric bootstrap of whole mtDNA positions
protein_coding	expanded_neutral_like_T95	unlabeled_out_of_neutral_domain_T95	A[T>A]G	-4.68778544251782e-06	-2.4991136144786913e-06	-7.672341384735031e-05	3.505979399453535e-05	3.187220145307804e-05	-0.14708069191326914	0.7553111722069482	centered_position_bootstrap	0.8012140611256026	False	False	11341	0.95	4000	position_bootstrap	mtDNA_position	False	paired nonparametric bootstrap of whole mtDNA positions
protein_coding	expanded_neutral_like_T95	unlabeled_out_of_neutral_domain_T95	A[T>A]T	3.554745160256147e-05	3.5750233837518225e-05	2.6682926575371933e-05	4.781098203142441e-05	5.459756093414553e-06	6.510813119552737	0.00024993751562109475	centered_position_bootstrap	0.003199200199950013	True	True	11341	0.95	4000	position_bootstrap	mtDNA_position	False	paired nonparametric bootstrap of whole mtDNA positions
protein_coding	expanded_neutral_like_T95	unlabeled_out_of_neutral_domain_T95	C[T>A]A	-0.00027635694204671587	-0.0002665714809270757	-0.0009805576251830993	1.681294224533671e-05	0.00029169725227522306	-0.9474101654751508	0.40414896275931017	centered_position_bootstrap	0.5006232312889519	False	False	11341	0.95	4000	position_bootstrap	mtDNA_position	False	paired nonparametric bootstrap of whole mtDNA positions
protein_coding	expanded_neutral_like_T95	unlabeled_out_of_neutral_domain_T95	C[T>A]C	-0.0006614699409735851	-0.000604155253812467	-0.002104192867274787	1.5228664879881371e-05	0.0006011389558835142	-1.1003611303170335	0.2229442639340165	centered_position_bootstrap	0.31018332373428387	False	False	11341	0.95	4000	position_bootstrap	mtDNA_position	False	paired nonparametric bootstrap of whole mtDNA positions
protein_coding	expanded_neutral_like_T95	unlabeled_out_of_neutral_domain_T95	C[T>A]G	1.6391497081599616e-05	1.742289903333831e-05	-2.745399392496722e-06	3.223491777696404e-05	8.810931071900177e-06	1.8603592455598004	0.0664833791552112	centered_position_bootstrap	0.13874792171522338	False	False	11341	0.95	4000	position_bootstrap	mtDNA_position	False	paired nonparametric bootstrap of whole mtDNA positions
protein_coding	expanded_neutral_like_T95	unlabeled_out_of_neutral_domain_T95	C[T>A]T	-0.00048042368087650297	-0.00046229525864403955	-0.0017233301035359761	2.494932928564003e-05	0.000501379643061085	-0.9582034043970371	0.37715571107223195	centered_position_bootstrap	0.473293441345546	False	False	11341	0.95	4000	position_bootstrap	mtDNA_position	False	paired nonparametric bootstrap of whole mtDNA positions
protein_coding	expanded_neutral_like_T95	unlabeled_out_of_neutral_domain_T95	G[T>A]A	3.652566157295137e-05	3.6482821675080454e-05	2.306561416989626e-05	5.327222558904469e-05	7.597439260245644e-06	4.8076279811903895	0.00024993751562109475	centered_position_bootstrap	0.003199200199950013	True	True	11341	0.95	4000	position_bootstrap	mtDNA_position	False	paired nonparametric bootstrap of whole mtDNA positions
protein_coding	expanded_neutral_like_T95	unlabeled_out_of_neutral_domain_T95	G[T>A]C	-0.00010466597139812114	-9.672292352414782e-05	-0.0003273388102690674	3.311975504314463e-05	9.445039303468128e-05	-1.1081581350295577	0.27218195451137217	centered_position_bootstrap	0.3579379127820785	False	False	11341	0.95	4000	position_bootstrap	mtDNA_position	False	paired nonparametric bootstrap of whole mtDNA positions
protein_coding	expanded_neutral_like_T95	unlabeled_out_of_neutral_domain_T95	G[T>A]G	-4.72685032120547e-05	-4.3606004510703465e-05	-0.0001730631198258308	1.9462965799355713e-05	5.219280253781232e-05	-0.9056517549102658	0.3839040239940015	centered_position_bootstrap	0.47863358835615766	False	False	11341	0.95	4000	position_bootstrap	mtDNA_position	False	paired nonparametric bootstrap of whole mtDNA positions
protein_coding	expanded_neutral_like_T95	unlabeled_out_of_neutral_domain_T95	G[T>A]T	2.0853751417082973e-06	3.3443861573821755e-06	-2.7918304685725667e-05	2.5629846658565737e-05	1.3622651018248581e-05	0.15308144787051933	0.8867783054236441	centered_position_bootstrap	0.8961128139017877	False	False	11341	0.95	4000	position_bootstrap	mtDNA_position	False	paired nonparametric bootstrap of whole mtDNA positions
protein_coding	expanded_neutral_like_T95	unlabeled_out_of_neutral_domain_T95	T[T>A]A	-1.926583543240145e-05	-1.8343749102180857e-05	-4.1188510174241184e-05	-4.085661702322242e-06	9.592940506890344e-06	-2.0083347143207377	0.045238690327418146	centered_position_bootstrap	0.10857285678580356	True	False	11341	0.95	4000	position_bootstrap	mtDNA_position	False	paired nonparametric bootstrap of whole mtDNA positions
protein_coding	expanded_neutral_like_T95	unlabeled_out_of_neutral_domain_T95	T[T>A]C	-4.190610999051909e-05	-3.7541064096670624e-05	-0.00014150742983192708	1.059703773670221e-05	4.071311696787968e-05	-1.0293024241691102	0.290177455636091	centered_position_bootstrap	0.3764464289333072	False	False	11341	0.95	4000	position_bootstrap	mtDNA_position	False	paired nonparametric bootstrap of whole mtDNA positions
protein_coding	expanded_neutral_like_T95	unlabeled_out_of_neutral_domain_T95	T[T>A]G	-7.352878277430732e-05	-6.863121657125931e-05	-0.00018719188062319954	-1.4098945351985096e-05	4.6741629848282334e-05	-1.5730898347570001	0.07798050487378155	centered_position_bootstrap	0.15061581139368624	True	False	11341	0.95	4000	position_bootstrap	mtDNA_position	False	paired nonparametric bootstrap of whole mtDNA positions
protein_coding	expanded_neutral_like_T95	unlabeled_out_of_neutral_domain_T95	T[T>A]T	8.763261831448339e-06	9.312298408477136e-06	-5.955044873454731e-06	2.1725052485784124e-05	6.9999185985112035e-06	1.251909105530481	0.19995001249687577	centered_position_bootstrap	0.2822823705838246	False	False	11341	0.95	4000	position_bootstrap	mtDNA_position	False	paired nonparametric bootstrap of whole mtDNA positions
protein_coding	expanded_neutral_like_T95	unlabeled_out_of_neutral_domain_T95	T[A>T]T	-1.494656228049161e-05	-1.3313585524514566e-05	-5.127538221719692e-05	7.4496953578392335e-06	1.5706755814611982e-05	-0.9516008561479535	0.34716320919770055	centered_position_bootstrap	0.4414260673242285	False	False	11341	0.95	4000	position_bootstrap	mtDNA_position	False	paired nonparametric bootstrap of whole mtDNA positions
protein_coding	expanded_neutral_like_T95	unlabeled_out_of_neutral_domain_T95	G[A>T]T	-0.0013757622250666448	-0.0013271057519979837	-0.004798531356179059	-2.929542715910692e-06	0.0013966718842348936	-0.9850289395782437	0.18695326168457885	centered_position_bootstrap	0.2658890832847344	True	False	11341	0.95	4000	position_bootstrap	mtDNA_position	False	paired nonparametric bootstrap of whole mtDNA positions
protein_coding	expanded_neutral_like_T95	unlabeled_out_of_neutral_domain_T95	C[A>T]T	-9.66512525741694e-06	-8.882643234584014e-06	-3.254707900965785e-05	7.919020014075348e-06	1.032902546433048e-05	-0.9357247971547552	0.3416645838540365	centered_position_bootstrap	0.4373306673331667	False	False	11341	0.95	4000	position_bootstrap	mtDNA_position	False	paired nonparametric bootstrap of whole mtDNA positions
protein_coding	expanded_neutral_like_T95	unlabeled_out_of_neutral_domain_T95	A[A>T]T	-2.5951335096814374e-06	-1.287204587747161e-06	-3.209295741718373e-05	2.007527516312999e-05	1.3259235452592659e-05	-0.19572271108391812	0.8402899275181205	centered_position_bootstrap	0.8581684366142508	False	False	11341	0.95	4000	position_bootstrap	mtDNA_position	False	paired nonparametric bootstrap of whole mtDNA positions
protein_coding	expanded_neutral_like_T95	unlabeled_out_of_neutral_domain_T95	T[A>T]G	-0.00010047785655458625	-9.849971760715666e-05	-0.00016641018772771022	-5.494130034084054e-05	2.8796151122258147e-05	-3.489280776725794	0.0034991252186953262	centered_position_bootstrap	0.02488266822183343	True	True	11341	0.95	4000	position_bootstrap	mtDNA_position	False	paired nonparametric bootstrap of whole mtDNA positions
protein_coding	expanded_neutral_like_T95	unlabeled_out_of_neutral_domain_T95	G[A>T]G	-2.2481361283782124e-05	-2.228467081964688e-05	-3.9132873319358335e-05	-9.055905522619411e-06	7.60613275166301e-06	-2.9556887866395423	0.006248437890527368	centered_position_bootstrap	0.036354547726704683	True	True	11341	0.95	4000	position_bootstrap	mtDNA_position	False	paired nonparametric bootstrap of whole mtDNA positions
protein_coding	expanded_neutral_like_T95	unlabeled_out_of_neutral_domain_T95	C[A>T]G	-0.003968951947669814	-0.0037626193402546023	-0.010625218913052797	-7.636430404684616e-05	0.002844275508570969	-1.3954175450689406	0.08847788052986753	centered_position_bootstrap	0.16026182133711855	True	False	11341	0.95	4000	position_bootstrap	mtDNA_position	False	paired nonparametric bootstrap of whole mtDNA positions
protein_coding	expanded_neutral_like_T95	unlabeled_out_of_neutral_domain_T95	A[A>T]G	-0.00011956150812460897	-0.00011256184962704985	-0.0003740891288167993	-3.8242330191771885e-06	0.00010439738751245273	-1.1452538322412276	0.13996500874781304	centered_position_bootstrap	0.21328001333000082	True	False	11341	0.95	4000	position_bootstrap	mtDNA_position	False	paired nonparametric bootstrap of whole mtDNA positions
protein_coding	expanded_neutral_like_T95	unlabeled_out_of_neutral_domain_T95	T[A>T]C	-0.00016277553651569384	-0.00014928348008352195	-0.0004416394651736815	-1.0688703093301131e-05	0.00012031095967162235	-1.3529568458266363	0.10697325668582855	centered_position_bootstrap	0.18338272574713463	True	False	11341	0.95	4000	position_bootstrap	mtDNA_position	False	paired nonparametric bootstrap of whole mtDNA positions
protein_coding	expanded_neutral_like_T95	unlabeled_out_of_neutral_domain_T95	G[A>T]C	-0.0003155491971183112	-0.00029158320442789924	-0.0008106323759629729	-2.8378958266231182e-05	0.0002060378036407076	-1.5315111670893733	0.0854786303424144	centered_position_bootstrap	0.15780670217061118	True	False	11341	0.95	4000	position_bootstrap	mtDNA_position	False	paired nonparametric bootstrap of whole mtDNA positions
protein_coding	expanded_neutral_like_T95	unlabeled_out_of_neutral_domain_T95	C[A>T]C	-0.00018291525021472637	-0.00016979942681439442	-0.0004886547569982747	-2.2248948033623607e-05	0.00012596941115062442	-1.4520608498837113	0.09347663084228942	centered_position_bootstrap	0.16553659750200067	True	False	11341	0.95	4000	position_bootstrap	mtDNA_position	False	paired nonparametric bootstrap of whole mtDNA positions
protein_coding	expanded_neutral_like_T95	unlabeled_out_of_neutral_domain_T95	A[A>T]C	-4.927010106793978e-06	-3.415807305515539e-06	-3.934763753675045e-05	1.9682461301373184e-05	1.541333314490329e-05	-0.3196589641237455	0.7428142964258935	centered_position_bootstrap	0.7967617034288912	False	False	11341	0.95	4000	position_bootstrap	mtDNA_position	False	paired nonparametric bootstrap of whole mtDNA positions
protein_coding	expanded_neutral_like_T95	unlabeled_out_of_neutral_domain_T95	T[A>T]A	-8.480525576280403e-05	-8.193464094822871e-05	-0.00015783661610293414	-4.023418974924179e-05	3.079413813284074e-05	-2.753941526045262	0.01374656335916021	centered_position_bootstrap	0.06050661247731545	True	False	11341	0.95	4000	position_bootstrap	mtDNA_position	False	paired nonparametric bootstrap of whole mtDNA positions
protein_coding	expanded_neutral_like_T95	unlabeled_out_of_neutral_domain_T95	G[A>T]A	-5.078434229394305e-06	-4.781333467924207e-06	-2.5175446411538637e-05	1.1331109895983815e-05	9.198215076626987e-06	-0.5521108374926782	0.585603599100225	centered_position_bootstrap	0.6689925151848134	False	False	11341	0.95	4000	position_bootstrap	mtDNA_position	False	paired nonparametric bootstrap of whole mtDNA positions
protein_coding	expanded_neutral_like_T95	unlabeled_out_of_neutral_domain_T95	C[A>T]A	-7.031400121935539e-05	-6.55917016000921e-05	-0.00016596227063863097	-5.902229524390267e-06	4.146945559691625e-05	-1.6955612319295572	0.07298175456135966	centered_position_bootstrap	0.14596350912271933	True	False	11341	0.95	4000	position_bootstrap	mtDNA_position	False	paired nonparametric bootstrap of whole mtDNA positions
protein_coding	expanded_neutral_like_T95	unlabeled_out_of_neutral_domain_T95	A[A>T]A	2.811509484731873e-06	4.1794181943644544e-06	-3.350930505299407e-05	2.4555353529022847e-05	1.533823656806924e-05	0.1833006990246065	0.8042989252686829	centered_position_bootstrap	0.8335980520998784	False	False	11341	0.95	4000	position_bootstrap	mtDNA_position	False	paired nonparametric bootstrap of whole mtDNA positions
protein_coding	expanded_neutral_like_T95	unlabeled_out_of_neutral_domain_T95	A[T>C]A	-0.01787912074115642	-0.01692713406410237	-0.03763666766405697	-0.00639352208438983	0.008375707354048202	-2.134640094906726	0.03624093976505874	centered_position_bootstrap	0.0915560583538326	True	False	11341	0.95	4000	position_bootstrap	mtDNA_position	False	paired nonparametric bootstrap of whole mtDNA positions
protein_coding	expanded_neutral_like_T95	unlabeled_out_of_neutral_domain_T95	A[T>C]C	-0.003877525832639935	-0.0038217269663199218	-0.006428102669625836	-0.002119758843311029	0.0011282115547859033	-3.4368783196656407	0.003749062734316421	centered_position_bootstrap	0.025707858749598318	True	True	11341	0.95	4000	position_bootstrap	mtDNA_position	False	paired nonparametric bootstrap of whole mtDNA positions
protein_coding	expanded_neutral_like_T95	unlabeled_out_of_neutral_domain_T95	A[T>C]G	-0.0029454918530486983	-0.0028609221902304452	-0.005104291803460735	-0.0014513908577965756	0.0009454313476851756	-3.1155005175791293	0.006248437890527368	centered_position_bootstrap	0.036354547726704683	True	True	11341	0.95	4000	position_bootstrap	mtDNA_position	False	paired nonparametric bootstrap of whole mtDNA positions
protein_coding	expanded_neutral_like_T95	unlabeled_out_of_neutral_domain_T95	A[T>C]T	-0.011999090325541386	-0.012158613143973093	-0.03301426298690166	0.008132115048917572	0.010258755703819535	-1.1696438312761352	0.22944263934016496	centered_position_bootstrap	0.31466419109508337	False	False	11341	0.95	4000	position_bootstrap	mtDNA_position	False	paired nonparametric bootstrap of whole mtDNA positions
protein_coding	expanded_neutral_like_T95	unlabeled_out_of_neutral_domain_T95	C[T>C]A	-0.004459385473822409	-0.004380069604631342	-0.0071617145501347325	-0.002460485854901986	0.0012103779814947064	-3.684291636167633	0.0014996250937265683	centered_position_bootstrap	0.013087637181613687	True	True	11341	0.95	4000	position_bootstrap	mtDNA_position	False	paired nonparametric bootstrap of whole mtDNA positions
protein_coding	expanded_neutral_like_T95	unlabeled_out_of_neutral_domain_T95	C[T>C]C	-0.01111286847075334	-0.010341737564542413	-0.02536189112238415	-0.002366035262585703	0.006000837412824345	-1.8518862795722664	0.05398650337415646	centered_position_bootstrap	0.12339772199807192	True	False	11341	0.95	4000	position_bootstrap	mtDNA_position	False	paired nonparametric bootstrap of whole mtDNA positions
protein_coding	expanded_neutral_like_T95	unlabeled_out_of_neutral_domain_T95	C[T>C]G	-0.0016928985706833465	-0.0016415096678798072	-0.003166933531636896	-0.0007111510382572734	0.0006326177143021083	-2.676021446144485	0.0142464383904024	centered_position_bootstrap	0.06050661247731545	True	False	11341	0.95	4000	position_bootstrap	mtDNA_position	False	paired nonparametric bootstrap of whole mtDNA positions
protein_coding	expanded_neutral_like_T95	unlabeled_out_of_neutral_domain_T95	C[T>C]T	-0.008368198289886322	-0.008180823128001238	-0.013652758988871532	-0.0047617839638297785	0.0022854430224780497	-3.6615212926257468	0.0022494376405898524	centered_position_bootstrap	0.01799550112471882	True	True	11341	0.95	4000	position_bootstrap	mtDNA_position	False	paired nonparametric bootstrap of whole mtDNA positions
protein_coding	expanded_neutral_like_T95	unlabeled_out_of_neutral_domain_T95	G[T>C]A	-0.007496354895766313	-0.007191053770769231	-0.015057258727916259	-0.0022074302512132943	0.003309698515017621	-2.264966087319407	0.026243439140214948	centered_position_bootstrap	0.07409912227825398	True	False	11341	0.95	4000	position_bootstrap	mtDNA_position	False	paired nonparametric bootstrap of whole mtDNA positions
protein_coding	expanded_neutral_like_T95	unlabeled_out_of_neutral_domain_T95	G[T>C]C	-0.008296297578047201	-0.00802276739119432	-0.016668778269835604	-0.0023400924957351684	0.0037179696979220424	-2.2314053776941667	0.02599350162459385	centered_position_bootstrap	0.07409912227825398	True	False	11341	0.95	4000	position_bootstrap	mtDNA_position	False	paired nonparametric bootstrap of whole mtDNA positions
protein_coding	expanded_neutral_like_T95	unlabeled_out_of_neutral_domain_T95	G[T>C]G	-0.009265700913726634	-0.008598537011548057	-0.02269938329046376	-0.0018757602500946249	0.005488418686941859	-1.6882277833088335	0.07198200449887528	centered_position_bootstrap	0.14547941961877953	True	False	11341	0.95	4000	position_bootstrap	mtDNA_position	False	paired nonparametric bootstrap of whole mtDNA positions
protein_coding	expanded_neutral_like_T95	unlabeled_out_of_neutral_domain_T95	G[T>C]T	-0.009495408145245108	-0.00924344189837953	-0.017726790645127395	-0.0035396462948306296	0.00369179037902425	-2.57203339582752	0.012996750812296926	centered_position_bootstrap	0.06050661247731545	True	False	11341	0.95	4000	position_bootstrap	mtDNA_position	False	paired nonparametric bootstrap of whole mtDNA positions
protein_coding	expanded_neutral_like_T95	unlabeled_out_of_neutral_domain_T95	T[T>C]A	-0.01563780979486957	-0.015078286771363338	-0.029196302016433265	-0.0068728636041262324	0.005729574890885125	-2.7293141450593352	0.01374656335916021	centered_position_bootstrap	0.06050661247731545	True	False	11341	0.95	4000	position_bootstrap	mtDNA_position	False	paired nonparametric bootstrap of whole mtDNA positions
protein_coding	expanded_neutral_like_T95	unlabeled_out_of_neutral_domain_T95	T[T>C]C	-0.009915859495244771	-0.00942106798332519	-0.019786373915879348	-0.0035915185659251307	0.004245268202677329	-2.3357439440436805	0.024493876530867282	centered_position_bootstrap	0.07409912227825398	True	False	11341	0.95	4000	position_bootstrap	mtDNA_position	False	paired nonparametric bootstrap of whole mtDNA positions
protein_coding	expanded_neutral_like_T95	unlabeled_out_of_neutral_domain_T95	T[T>C]G	-0.0035798013099262766	-0.0035381001816692527	-0.005977600022383578	-0.0019243240286451902	0.001041637759306324	-3.436704629745984	0.0029992501874531365	centered_position_bootstrap	0.02303424143964009	True	True	11341	0.95	4000	position_bootstrap	mtDNA_position	False	paired nonparametric bootstrap of whole mtDNA positions
protein_coding	expanded_neutral_like_T95	unlabeled_out_of_neutral_domain_T95	T[T>C]T	-0.00582172694335885	-0.005555347491894106	-0.01162251025326198	-0.002008915804182383	0.0025069252810464866	-2.3222578620008325	0.02474381404648838	centered_position_bootstrap	0.07409912227825398	True	False	11341	0.95	4000	position_bootstrap	mtDNA_position	False	paired nonparametric bootstrap of whole mtDNA positions
protein_coding	expanded_neutral_like_T95	unlabeled_out_of_neutral_domain_T95	T[A>G]T	-0.009562063218944507	-0.009128055044735132	-0.019201069564498498	-0.0034629815896712653	0.0041027734419375	-2.330633985587297	0.025743564108972758	centered_position_bootstrap	0.07409912227825398	True	False	11341	0.95	4000	position_bootstrap	mtDNA_position	False	paired nonparametric bootstrap of whole mtDNA positions
protein_coding	expanded_neutral_like_T95	unlabeled_out_of_neutral_domain_T95	G[A>G]T	-0.010198801521990434	-0.009810786661745608	-0.0192582841098741	-0.00393970929473162	0.004025328787105629	-2.533656767283295	0.017245688577855536	centered_position_bootstrap	0.06367638859515891	True	False	11341	0.95	4000	position_bootstrap	mtDNA_position	False	paired nonparametric bootstrap of whole mtDNA positions
protein_coding	expanded_neutral_like_T95	unlabeled_out_of_neutral_domain_T95	C[A>G]T	-0.002780988775239577	-0.002723199622009947	-0.004993888100731488	-0.0014233488783354203	0.0009238657752538826	-3.0101653830345088	0.00899775056235941	centered_position_bootstrap	0.04935908879922876	True	True	11341	0.95	4000	position_bootstrap	mtDNA_position	False	paired nonparametric bootstrap of whole mtDNA positions
protein_coding	expanded_neutral_like_T95	unlabeled_out_of_neutral_domain_T95	A[A>G]T	-0.00891817630602025	-0.00870994943226227	-0.015892371408414978	-0.003995400011843252	0.0030639069646552293	-2.9107203348205393	0.009747563109222694	centered_position_bootstrap	0.0519870032491877	True	False	11341	0.95	4000	position_bootstrap	mtDNA_position	False	paired nonparametric bootstrap of whole mtDNA positions
protein_coding	expanded_neutral_like_T95	unlabeled_out_of_neutral_domain_T95	T[A>G]G	-0.07990081808526861	-0.07643269051860829	-0.2064578461945892	-0.009050071073564484	0.05775686274773884	-1.3833995526080871	0.09272681829542614	centered_position_bootstrap	0.16553659750200067	True	False	11341	0.95	4000	position_bootstrap	mtDNA_position	False	paired nonparametric bootstrap of whole mtDNA positions
protein_coding	expanded_neutral_like_T95	unlabeled_out_of_neutral_domain_T95	G[A>G]G	-0.011044112841948247	-0.010672200749128405	-0.021225671850548376	-0.0038581681138429836	0.004477276075755604	-2.4667035615141057	0.01699575106223444	centered_position_bootstrap	0.06367638859515891	True	False	11341	0.95	4000	position_bootstrap	mtDNA_position	False	paired nonparametric bootstrap of whole mtDNA positions
protein_coding	expanded_neutral_like_T95	unlabeled_out_of_neutral_domain_T95	C[A>G]G	-0.005598914147414311	-0.0053406858011538026	-0.011893078221163323	-0.0015568110838572523	0.002688558259320044	-2.082496865375838	0.0379905023744064	centered_position_bootstrap	0.09472956436215621	True	False	11341	0.95	4000	position_bootstrap	mtDNA_position	False	paired nonparametric bootstrap of whole mtDNA positions
protein_coding	expanded_neutral_like_T95	unlabeled_out_of_neutral_domain_T95	A[A>G]G	-0.012017321816617674	-0.011474356444871358	-0.03647475759265315	-0.0013642039387861179	0.010186475406498462	-1.1797330614425499	0.1284678830292427	centered_position_bootstrap	0.19891801243237578	True	False	11341	0.95	4000	position_bootstrap	mtDNA_position	False	paired nonparametric bootstrap of whole mtDNA positions
protein_coding	expanded_neutral_like_T95	unlabeled_out_of_neutral_domain_T95	T[A>G]C	-0.01198505790351614	-0.011834625751742479	-0.020791399406613148	-0.006058177107866612	0.0037649619706664455	-3.1833144655627517	0.005498625343664084	centered_position_bootstrap	0.034056002128500136	True	True	11341	0.95	4000	position_bootstrap	mtDNA_position	False	paired nonparametric bootstrap of whole mtDNA positions
protein_coding	expanded_neutral_like_T95	unlabeled_out_of_neutral_domain_T95	G[A>G]C	-0.011655731544298643	-0.011281592400115894	-0.0219582716521071	-0.00460276801662196	0.004466306954315378	-2.609702302936611	0.015996000999750064	centered_position_bootstrap	0.06267820799902066	True	False	11341	0.95	4000	position_bootstrap	mtDNA_position	False	paired nonparametric bootstrap of whole mtDNA positions
protein_coding	expanded_neutral_like_T95	unlabeled_out_of_neutral_domain_T95	C[A>G]C	0.03300249941689859	0.03168606302961097	-0.009513031205366819	0.11592032300079856	0.036583219589944725	0.9021212399241555	0.5583604098975257	centered_position_bootstrap	0.6458144500019574	False	False	11341	0.95	4000	position_bootstrap	mtDNA_position	False	paired nonparametric bootstrap of whole mtDNA positions
protein_coding	expanded_neutral_like_T95	unlabeled_out_of_neutral_domain_T95	A[A>G]C	0.01112472691394329	0.007581379407526272	-0.05313485327460807	0.09822625293087638	0.03997472101912925	0.27829404759622295	0.7820544863784054	centered_position_bootstrap	0.8160568553513794	False	False	11341	0.95	4000	position_bootstrap	mtDNA_position	False	paired nonparametric bootstrap of whole mtDNA positions
protein_coding	expanded_neutral_like_T95	unlabeled_out_of_neutral_domain_T95	T[A>G]A	-0.01940987739039541	-0.018017275151329313	-0.049011783221468846	0.0002964971859219293	0.012862841797834059	-1.5089882698910118	0.1042239440139965	centered_position_bootstrap	0.18027925451069665	False	False	11341	0.95	4000	position_bootstrap	mtDNA_position	False	paired nonparametric bootstrap of whole mtDNA positions
protein_coding	expanded_neutral_like_T95	unlabeled_out_of_neutral_domain_T95	G[A>G]A	-0.004417065833212418	-0.004251951759732669	-0.008128390282169615	-0.001829255511515533	0.001623099598307815	-2.7213769492750113	0.011997000749812546	centered_position_bootstrap	0.05906215753753869	True	False	11341	0.95	4000	position_bootstrap	mtDNA_position	False	paired nonparametric bootstrap of whole mtDNA positions
protein_coding	expanded_neutral_like_T95	unlabeled_out_of_neutral_domain_T95	C[A>G]A	-0.0020658522702748892	-0.0019784688332119705	-0.004142076640982168	-0.0006555642727289117	0.0009228415792029729	-2.238577364556001	0.02549362659335166	centered_position_bootstrap	0.07409912227825398	True	False	11341	0.95	4000	position_bootstrap	mtDNA_position	False	paired nonparametric bootstrap of whole mtDNA positions
protein_coding	expanded_neutral_like_T95	unlabeled_out_of_neutral_domain_T95	A[A>G]A	-0.0061041385300385	-0.005534159721232739	-0.01553548320773403	-0.0010096211560180009	0.003943709069491623	-1.5478166422720872	0.0802299425143714	centered_position_bootstrap	0.15102106826234618	True	False	11341	0.95	4000	position_bootstrap	mtDNA_position	False	paired nonparametric bootstrap of whole mtDNA positions
protein_coding	expanded_neutral_like_T95	unlabeled_out_of_neutral_domain_T95	A[T>G]A	1.4104311442306653e-05	1.5476464953390133e-05	-2.790984634645165e-05	4.096903240835798e-05	1.9102059655587657e-05	0.7383660032796996	0.5491127218195451	centered_position_bootstrap	0.6389675308445615	False	False	11341	0.95	4000	position_bootstrap	mtDNA_position	False	paired nonparametric bootstrap of whole mtDNA positions
protein_coding	expanded_neutral_like_T95	unlabeled_out_of_neutral_domain_T95	A[T>G]C	-0.00022829681338588126	-0.0002150849356907962	-0.0005703885427257882	4.251744389111624e-06	0.00015043908199451062	-1.5175366025845038	0.12071982004498875	centered_position_bootstrap	0.19638787782046083	False	False	11341	0.95	4000	position_bootstrap	mtDNA_position	False	paired nonparametric bootstrap of whole mtDNA positions
protein_coding	expanded_neutral_like_T95	unlabeled_out_of_neutral_domain_T95	A[T>G]G	2.343892721258912e-05	2.366379050104483e-05	1.2173588178228556e-05	3.671899056776153e-05	6.210746967534663e-06	3.7739304684462343	0.0004998750312421895	centered_position_bootstrap	0.005051368736763178	True	True	11341	0.95	4000	position_bootstrap	mtDNA_position	False	paired nonparametric bootstrap of whole mtDNA positions
protein_coding	expanded_neutral_like_T95	unlabeled_out_of_neutral_domain_T95	A[T>G]T	3.3049522571030124e-05	3.340928849685208e-05	2.3809958497941534e-05	4.559446620586175e-05	5.622132979924314e-06	5.878466889531852	0.00024993751562109475	centered_position_bootstrap	0.003199200199950013	True	True	11341	0.95	4000	position_bootstrap	mtDNA_position	False	paired nonparametric bootstrap of whole mtDNA positions
protein_coding	expanded_neutral_like_T95	unlabeled_out_of_neutral_domain_T95	C[T>G]A	-6.516969378493682e-05	-6.23234396667858e-05	-0.00027472754128082127	2.8362114249008234e-05	8.781364521243611e-05	-0.7421363004266622	0.5978505373656586	centered_position_bootstrap	0.6752194304365086	False	False	11341	0.95	4000	position_bootstrap	mtDNA_position	False	paired nonparametric bootstrap of whole mtDNA positions
protein_coding	expanded_neutral_like_T95	unlabeled_out_of_neutral_domain_T95	C[T>G]C	1.2431471792772794e-05	1.2882233328668233e-05	-2.1018468853328967e-06	2.6555503773378088e-05	7.281732367979385e-06	1.7072134987326397	0.08672831792051987	centered_position_bootstrap	0.15858892419752205	False	False	11341	0.95	4000	position_bootstrap	mtDNA_position	False	paired nonparametric bootstrap of whole mtDNA positions
protein_coding	expanded_neutral_like_T95	unlabeled_out_of_neutral_domain_T95	C[T>G]G	1.9059880327441378e-06	2.7161104157200046e-06	-2.3858562946029837e-05	2.258278581582256e-05	1.1823755322790462e-05	0.16119988791296433	0.8770307423144214	centered_position_bootstrap	0.890951865208301	False	False	11341	0.95	4000	position_bootstrap	mtDNA_position	False	paired nonparametric bootstrap of whole mtDNA positions
protein_coding	expanded_neutral_like_T95	unlabeled_out_of_neutral_domain_T95	C[T>G]T	2.258848826062791e-05	2.2690407266670178e-05	1.0345066765545985e-05	3.5576407635838393e-05	6.235966308454127e-06	3.622291581339142	0.000999750062484379	centered_position_bootstrap	0.009597600599850039	True	True	11341	0.95	4000	position_bootstrap	mtDNA_position	False	paired nonparametric bootstrap of whole mtDNA positions
protein_coding	expanded_neutral_like_T95	unlabeled_out_of_neutral_domain_T95	G[T>G]A	4.135994031054788e-05	4.126119148824935e-05	2.8605242315452048e-05	5.841968377538311e-05	7.551276102491222e-06	5.477212030017407	0.00024993751562109475	centered_position_bootstrap	0.003199200199950013	True	True	11341	0.95	4000	position_bootstrap	mtDNA_position	False	paired nonparametric bootstrap of whole mtDNA positions
protein_coding	expanded_neutral_like_T95	unlabeled_out_of_neutral_domain_T95	G[T>G]C	-5.672220385446565e-05	-4.9003258869974934e-05	-0.0001734337937624891	2.0610668244641047e-05	5.1052463688259466e-05	-1.111057131362498	0.25893526618345414	centered_position_bootstrap	0.34524702157793885	False	False	11341	0.95	4000	position_bootstrap	mtDNA_position	False	paired nonparametric bootstrap of whole mtDNA positions
protein_coding	expanded_neutral_like_T95	unlabeled_out_of_neutral_domain_T95	G[T>G]G	-3.5451377409041034e-05	-3.3065529372998246e-05	-0.00011093506908433166	1.7828721167898845e-05	3.2883352625191284e-05	-1.0780949805550677	0.2681829542614346	centered_position_bootstrap	0.35511122219445135	False	False	11341	0.95	4000	position_bootstrap	mtDNA_position	False	paired nonparametric bootstrap of whole mtDNA positions
protein_coding	expanded_neutral_like_T95	unlabeled_out_of_neutral_domain_T95	G[T>G]T	1.2512250850249777e-05	1.3145842825387317e-05	-5.62480572271799e-06	2.9436139706089885e-05	8.831468558394133e-06	1.4167803200020606	0.16145963509122718	centered_position_bootstrap	0.23664312929401235	False	False	11341	0.95	4000	position_bootstrap	mtDNA_position	False	paired nonparametric bootstrap of whole mtDNA positions
protein_coding	expanded_neutral_like_T95	unlabeled_out_of_neutral_domain_T95	T[T>G]A	-2.688256106846717e-06	-2.688924017305989e-06	-9.680426275323347e-06	3.834729284675397e-06	3.4214833382318893e-06	-0.7856990203073501	0.4348912771807048	centered_position_bootstrap	0.5251517309351907	False	False	11341	0.95	4000	position_bootstrap	mtDNA_position	False	paired nonparametric bootstrap of whole mtDNA positions
protein_coding	expanded_neutral_like_T95	unlabeled_out_of_neutral_domain_T95	T[T>G]C	4.965178908829277e-06	5.177592844532495e-06	-9.296473483060465e-06	1.7408669978080494e-05	6.811156634124651e-06	0.7289773493026396	0.4446388402899275	centered_position_bootstrap	0.533566608347913	False	False	11341	0.95	4000	position_bootstrap	mtDNA_position	False	paired nonparametric bootstrap of whole mtDNA positions
protein_coding	expanded_neutral_like_T95	unlabeled_out_of_neutral_domain_T95	T[T>G]G	-1.2604934189881258e-05	-1.2680227449698516e-05	-2.3927757144166306e-05	-1.9703933256092996e-06	5.567363214010996e-06	-2.264076135388346	0.029242689327668082	centered_position_bootstrap	0.0774206448387903	True	False	11341	0.95	4000	position_bootstrap	mtDNA_position	False	paired nonparametric bootstrap of whole mtDNA positions
protein_coding	expanded_neutral_like_T95	unlabeled_out_of_neutral_domain_T95	T[T>G]T	7.96660166495304e-06	9.69448606338231e-06	-2.16818322231345e-05	2.767218460620327e-05	1.3070112735982095e-05	0.6095281521957298	0.5703574106473381	centered_position_bootstrap	0.6557402565526282	False	False	11341	0.95	4000	position_bootstrap	mtDNA_position	False	paired nonparametric bootstrap of whole mtDNA positions
protein_coding	expanded_neutral_like_T95	unlabeled_out_of_neutral_domain_T95	T[A>C]T	4.483968684147484e-06	4.3123447491145085e-06	-1.3277550767823225e-05	2.4783494742953846e-05	9.652092112713732e-06	0.4645592511742819	0.6163459135216196	centered_position_bootstrap	0.6880140430008777	False	False	11341	0.95	4000	position_bootstrap	mtDNA_position	False	paired nonparametric bootstrap of whole mtDNA positions
protein_coding	expanded_neutral_like_T95	unlabeled_out_of_neutral_domain_T95	G[A>C]T	-6.468321492175908e-05	-6.168430239804587e-05	-0.00019354262555378447	-1.6760271469506777e-06	5.4195570071465164e-05	-1.1935147990225834	0.14796300924768807	centered_position_bootstrap	0.2219445138715321	True	False	11341	0.95	4000	position_bootstrap	mtDNA_position	False	paired nonparametric bootstrap of whole mtDNA positions
protein_coding	expanded_neutral_like_T95	unlabeled_out_of_neutral_domain_T95	C[A>C]T	-7.973728337368975e-05	-7.694595044350718e-05	-0.0001630458100238242	-2.5364350522746343e-05	3.5585624527400524e-05	-2.2407161440230716	0.029742564358910272	centered_position_bootstrap	0.0774206448387903	True	False	11341	0.95	4000	position_bootstrap	mtDNA_position	False	paired nonparametric bootstrap of whole mtDNA positions
protein_coding	expanded_neutral_like_T95	unlabeled_out_of_neutral_domain_T95	A[A>C]T	2.2985468228606994e-05	2.3019647621648015e-05	1.5463355433240163e-05	3.2776977019420905e-05	4.355148569157928e-06	5.277769027533142	0.00024993751562109475	centered_position_bootstrap	0.003199200199950013	True	True	11341	0.95	4000	position_bootstrap	mtDNA_position	False	paired nonparametric bootstrap of whole mtDNA positions
protein_coding	expanded_neutral_like_T95	unlabeled_out_of_neutral_domain_T95	T[A>C]G	-6.199147962236683e-05	-6.162571070130001e-05	-8.97440405100234e-05	-4.255690001757059e-05	1.2201463032711568e-05	-5.080659545184909	0.00024993751562109475	centered_position_bootstrap	0.003199200199950013	True	True	11341	0.95	4000	position_bootstrap	mtDNA_position	False	paired nonparametric bootstrap of whole mtDNA positions
protein_coding	expanded_neutral_like_T95	unlabeled_out_of_neutral_domain_T95	G[A>C]G	-5.245650966215827e-05	-4.956468022699556e-05	-0.0001369922491938261	-8.655491405316669e-06	3.644620764132769e-05	-1.4392858148203027	0.0849787553111722	centered_position_bootstrap	0.15780670217061118	True	False	11341	0.95	4000	position_bootstrap	mtDNA_position	False	paired nonparametric bootstrap of whole mtDNA positions
protein_coding	expanded_neutral_like_T95	unlabeled_out_of_neutral_domain_T95	C[A>C]G	-0.0005283657265822048	-0.0005074416947175837	-0.0015611112308293615	-6.254405759434568e-05	0.0004253808989905508	-1.2421002631665925	0.11497125718570357	centered_position_bootstrap	0.1936358015759218	True	False	11341	0.95	4000	position_bootstrap	mtDNA_position	False	paired nonparametric bootstrap of whole mtDNA positions
protein_coding	expanded_neutral_like_T95	unlabeled_out_of_neutral_domain_T95	A[A>C]G	-1.6683001133666345e-06	-1.7996194369036964e-06	-1.2049443564200616e-05	8.238238029517178e-06	5.2478608034221786e-06	-0.317900984012137	0.7638090477380655	centered_position_bootstrap	0.8013734271350196	False	False	11341	0.95	4000	position_bootstrap	mtDNA_position	False	paired nonparametric bootstrap of whole mtDNA positions
protein_coding	expanded_neutral_like_T95	unlabeled_out_of_neutral_domain_T95	T[A>C]C	-0.00016019725452230904	-0.00014982302620185014	-0.0004843118155140995	-4.815381722637938e-06	0.00013458612418179849	-1.1902954743381653	0.12571857035741066	centered_position_bootstrap	0.1985845002164093	True	False	11341	0.95	4000	position_bootstrap	mtDNA_position	False	paired nonparametric bootstrap of whole mtDNA positions
protein_coding	expanded_neutral_like_T95	unlabeled_out_of_neutral_domain_T95	G[A>C]C	1.7033694851190859e-06	1.9884593726132926e-06	-1.3955109422080056e-05	1.5261222127618198e-05	7.336157708605142e-06	0.2321882316026376	0.8175456135966008	centered_position_bootstrap	0.8394051219815366	False	False	11341	0.95	4000	position_bootstrap	mtDNA_position	False	paired nonparametric bootstrap of whole mtDNA positions
protein_coding	expanded_neutral_like_T95	unlabeled_out_of_neutral_domain_T95	C[A>C]C	-4.388118376363385e-05	-4.1184886072634594e-05	-0.00010102294353959976	-8.153460386881755e-06	2.4198847671126818e-05	-1.8133584028462346	0.05623594101474631	centered_position_bootstrap	0.12702706676272107	True	False	11341	0.95	4000	position_bootstrap	mtDNA_position	False	paired nonparametric bootstrap of whole mtDNA positions
protein_coding	expanded_neutral_like_T95	unlabeled_out_of_neutral_domain_T95	A[A>C]C	-4.1263709644399546e-05	-3.840473338297211e-05	-0.00019171862668963599	2.811976021743808e-05	6.30027504650148e-05	-0.654950924203113	0.6378405398650338	centered_position_bootstrap	0.6998021923090656	False	False	11341	0.95	4000	position_bootstrap	mtDNA_position	False	paired nonparametric bootstrap of whole mtDNA positions
protein_coding	expanded_neutral_like_T95	unlabeled_out_of_neutral_domain_T95	T[A>C]A	-3.137993070380102e-05	-3.129831548207774e-05	-4.533700340562758e-05	-2.2174171687638164e-05	5.992253766913226e-06	-5.23674929741263	0.0004998750312421895	centered_position_bootstrap	0.005051368736763178	True	True	11341	0.95	4000	position_bootstrap	mtDNA_position	False	paired nonparametric bootstrap of whole mtDNA positions
protein_coding	expanded_neutral_like_T95	unlabeled_out_of_neutral_domain_T95	G[A>C]A	-3.1251902950118832e-06	-1.9554184055812413e-06	-3.525403596007775e-05	1.648693271030082e-05	1.3602066509216455e-05	-0.22975849242424484	0.8075481129717571	centered_position_bootstrap	0.8335980520998784	False	False	11341	0.95	4000	position_bootstrap	mtDNA_position	False	paired nonparametric bootstrap of whole mtDNA positions
protein_coding	expanded_neutral_like_T95	unlabeled_out_of_neutral_domain_T95	C[A>C]A	-8.713553261154569e-05	-8.063349763514075e-05	-0.00022929797462507305	-9.576781983328196e-07	5.972988763780844e-05	-1.458826327280578	0.1094726318420395	centered_position_bootstrap	0.1860065956962087	True	False	11341	0.95	4000	position_bootstrap	mtDNA_position	False	paired nonparametric bootstrap of whole mtDNA positions
protein_coding	expanded_neutral_like_T95	unlabeled_out_of_neutral_domain_T95	A[A>C]A	1.950484705032741e-05	1.960823506313339e-05	1.2984037186471224e-05	2.8425627909494185e-05	3.977253043826032e-06	4.904100100094252	0.00024993751562109475	centered_position_bootstrap	0.003199200199950013	True	True	11341	0.95	4000	position_bootstrap	mtDNA_position	False	paired nonparametric bootstrap of whole mtDNA positions
rna_coding	expanded_neutral_like_T95	unlabeled_out_of_neutral_domain_T95	A[C>A]A	-2.8768806084130617e-05	-2.6534007854296007e-05	-0.00010630174460200256	1.4139763828390296e-05	3.0495315181915227e-05	-0.9433844481525973	0.28517870532366907	centered_position_bootstrap	0.40260523104517987	False	False	4014	0.95	4000	position_bootstrap	mtDNA_position	False	paired nonparametric bootstrap of whole mtDNA positions
rna_coding	expanded_neutral_like_T95	unlabeled_out_of_neutral_domain_T95	A[C>A]C	8.59507599354177e-06	8.386587115719286e-06	-6.7272646312036336e-06	2.9212658850929937e-05	9.157905687035874e-06	0.9385416586795758	0.3096725818545364	centered_position_bootstrap	0.4339936913581824	False	False	4014	0.95	4000	position_bootstrap	mtDNA_position	False	paired nonparametric bootstrap of whole mtDNA positions
rna_coding	expanded_neutral_like_T95	unlabeled_out_of_neutral_domain_T95	A[C>A]G	1.765704500401668e-05	1.7087766557082693e-05	-8.819609827354904e-06	5.6592800943855736e-05	1.6896429810520056e-05	1.0450163260538656	0.25218695326168455	centered_position_bootstrap	0.3724607309711034	False	False	4014	0.95	4000	position_bootstrap	mtDNA_position	False	paired nonparametric bootstrap of whole mtDNA positions
rna_coding	expanded_neutral_like_T95	unlabeled_out_of_neutral_domain_T95	A[C>A]T	4.381803447687962e-06	4.485067456392091e-06	-1.450265855022195e-05	2.566116423526113e-05	1.0120201351426778e-05	0.43297591574798083	0.6393401649587603	centered_position_bootstrap	0.7054788027131149	False	False	4014	0.95	4000	position_bootstrap	mtDNA_position	False	paired nonparametric bootstrap of whole mtDNA positions
rna_coding	expanded_neutral_like_T95	unlabeled_out_of_neutral_domain_T95	C[C>A]A	-5.2143461027486754e-05	-4.8138069044501066e-05	-0.00016619130550815116	1.1307924970199989e-05	4.630866217220993e-05	-1.1259980008400743	0.2264433891527118	centered_position_bootstrap	0.35931512989521214	False	False	4014	0.95	4000	position_bootstrap	mtDNA_position	False	paired nonparametric bootstrap of whole mtDNA positions
rna_coding	expanded_neutral_like_T95	unlabeled_out_of_neutral_domain_T95	C[C>A]C	-0.00016193621437107685	-0.00015027435856507243	-0.00046356141186285564	-8.668159482595942e-06	0.00012199471904912895	-1.3274034780625457	0.11872031992002	centered_position_bootstrap	0.283333421963658	True	False	4014	0.95	4000	position_bootstrap	mtDNA_position	False	paired nonparametric bootstrap of whole mtDNA positions
rna_coding	expanded_neutral_like_T95	unlabeled_out_of_neutral_domain_T95	C[C>A]G	-2.4209464048475994e-05	-1.7735396507433893e-05	-0.000239456154723161	0.00010626595291199321	8.951623184612229e-05	-0.27044775622472444	0.7680579855036241	centered_position_bootstrap	0.7971196390091666	False	False	4014	0.95	4000	position_bootstrap	mtDNA_position	False	paired nonparametric bootstrap of whole mtDNA positions
rna_coding	expanded_neutral_like_T95	unlabeled_out_of_neutral_domain_T95	C[C>A]T	-4.2459675408096355e-05	-3.645451483425263e-05	-0.0001953478527982584	2.7668656613435363e-05	5.930868709376701e-05	-0.7159098858649092	0.46988252936765806	centered_position_bootstrap	0.5858275690817555	False	False	4014	0.95	4000	position_bootstrap	mtDNA_position	False	paired nonparametric bootstrap of whole mtDNA positions
rna_coding	expanded_neutral_like_T95	unlabeled_out_of_neutral_domain_T95	G[C>A]A	9.168081059777893e-06	9.168720033783437e-06	-1.6817512079688564e-05	4.048644726248782e-05	1.4149152642946165e-05	0.647959725301889	0.4686328417895526	centered_position_bootstrap	0.5858275690817555	False	False	4014	0.95	4000	position_bootstrap	mtDNA_position	False	paired nonparametric bootstrap of whole mtDNA positions
rna_coding	expanded_neutral_like_T95	unlabeled_out_of_neutral_domain_T95	G[C>A]C	-4.850554514184814e-05	-4.1921847006607424e-05	-0.00019853395884449152	1.6431686675555378e-05	5.705988928932825e-05	-0.8500813048531447	0.35391152211947013	centered_position_bootstrap	0.48123180472487515	False	False	4014	0.95	4000	position_bootstrap	mtDNA_position	False	paired nonparametric bootstrap of whole mtDNA positions
rna_coding	expanded_neutral_like_T95	unlabeled_out_of_neutral_domain_T95	G[C>A]G	3.4500936619690475e-05	3.4643546734667224e-05	8.372129536084355e-06	8.263401327489261e-05	1.9027628579903703e-05	1.8132021273596397	0.06448387903024244	centered_position_bootstrap	0.283333421963658	True	False	4014	0.95	4000	position_bootstrap	mtDNA_position	False	paired nonparametric bootstrap of whole mtDNA positions
rna_coding	expanded_neutral_like_T95	unlabeled_out_of_neutral_domain_T95	G[C>A]T	1.1918505377711254e-05	1.2957514871462068e-05	-1.578032237790772e-05	4.314410185752852e-05	1.4811201458000018e-05	0.8046953794740046	0.37490627343164207	centered_position_bootstrap	0.49987503124218946	False	False	4014	0.95	4000	position_bootstrap	mtDNA_position	False	paired nonparametric bootstrap of whole mtDNA positions
rna_coding	expanded_neutral_like_T95	unlabeled_out_of_neutral_domain_T95	T[C>A]A	-5.9592526888556285e-05	-5.414299843410663e-05	-0.00019742262434990906	8.939778959756648e-06	5.510219033055862e-05	-1.0814910719711883	0.21344663834041488	centered_position_bootstrap	0.3459975342298879	False	False	4014	0.95	4000	position_bootstrap	mtDNA_position	False	paired nonparametric bootstrap of whole mtDNA positions
rna_coding	expanded_neutral_like_T95	unlabeled_out_of_neutral_domain_T95	T[C>A]C	-1.896125855544972e-05	-1.381039218950966e-05	-0.00012789178152942582	6.642390197421007e-05	4.8918429384513536e-05	-0.38760971670632627	0.665083729067733	centered_position_bootstrap	0.7096892443555777	False	False	4014	0.95	4000	position_bootstrap	mtDNA_position	False	paired nonparametric bootstrap of whole mtDNA positions
rna_coding	expanded_neutral_like_T95	unlabeled_out_of_neutral_domain_T95	T[C>A]G	-0.0006886247551566502	-0.0006389132832725378	-0.002936397614505146	7.849657170386352e-05	0.0008553179067825777	-0.8051097138221134	0.5478630342414397	centered_position_bootstrap	0.6522813741009191	False	False	4014	0.95	4000	position_bootstrap	mtDNA_position	False	paired nonparametric bootstrap of whole mtDNA positions
rna_coding	expanded_neutral_like_T95	unlabeled_out_of_neutral_domain_T95	T[C>A]T	-2.2347197583208605e-05	-2.0277487685204777e-05	-9.762260076426811e-05	2.7101254144042796e-05	3.1356140629162974e-05	-0.7126896720964587	0.4313921519620095	centered_position_bootstrap	0.5558878736691666	False	False	4014	0.95	4000	position_bootstrap	mtDNA_position	False	paired nonparametric bootstrap of whole mtDNA positions
rna_coding	expanded_neutral_like_T95	unlabeled_out_of_neutral_domain_T95	T[G>T]T	3.575551613313377e-05	3.624422265481813e-05	1.5804632679993864e-05	7.520724562615665e-05	1.5691086438308184e-05	2.278715133825299	0.03549112721819545	centered_position_bootstrap	0.283333421963658	True	False	4014	0.95	4000	position_bootstrap	mtDNA_position	False	paired nonparametric bootstrap of whole mtDNA positions
rna_coding	expanded_neutral_like_T95	unlabeled_out_of_neutral_domain_T95	G[G>T]T	1.2368260297624893e-05	1.1853587495701352e-05	-4.158821090839925e-06	3.662950109449848e-05	1.0401634769344024e-05	1.1890688888709071	0.2039490127468133	centered_position_bootstrap	0.34329879068694363	False	False	4014	0.95	4000	position_bootstrap	mtDNA_position	False	paired nonparametric bootstrap of whole mtDNA positions
rna_coding	expanded_neutral_like_T95	unlabeled_out_of_neutral_domain_T95	C[G>T]T	1.4188696878227688e-05	1.3816283401484044e-05	-1.2461661495580625e-05	4.8779292497904344e-05	1.5122553722586915e-05	0.9382474110199769	0.3284178955261185	centered_position_bootstrap	0.4504016852929625	False	False	4014	0.95	4000	position_bootstrap	mtDNA_position	False	paired nonparametric bootstrap of whole mtDNA positions
rna_coding	expanded_neutral_like_T95	unlabeled_out_of_neutral_domain_T95	A[G>T]T	2.11214019351845e-05	2.1085737020173884e-05	6.936680641104396e-06	4.785146170056972e-05	1.0657259779302226e-05	1.9818792421861564	0.04973756560859785	centered_position_bootstrap	0.283333421963658	True	False	4014	0.95	4000	position_bootstrap	mtDNA_position	False	paired nonparametric bootstrap of whole mtDNA positions
rna_coding	expanded_neutral_like_T95	unlabeled_out_of_neutral_domain_T95	T[G>T]G	3.848684028219259e-05	3.9046018220295354e-05	1.6917457735809516e-05	8.24908036933179e-05	1.643599861893597e-05	2.341618612564969	0.03824043989002749	centered_position_bootstrap	0.283333421963658	True	False	4014	0.95	4000	position_bootstrap	mtDNA_position	False	paired nonparametric bootstrap of whole mtDNA positions
rna_coding	expanded_neutral_like_T95	unlabeled_out_of_neutral_domain_T95	G[G>T]G	2.665981466066991e-05	2.6733164045979637e-05	6.747220301519625e-06	6.292530320468698e-05	1.4305519712399265e-05	1.8636033640611183	0.06223444138965259	centered_position_bootstrap	0.283333421963658	True	False	4014	0.95	4000	position_bootstrap	mtDNA_position	False	paired nonparametric bootstrap of whole mtDNA positions
rna_coding	expanded_neutral_like_T95	unlabeled_out_of_neutral_domain_T95	C[G>T]G	3.4500936619690475e-05	3.4509706035094244e-05	8.24795690397156e-06	8.303645961779274e-05	1.902874864411505e-05	1.8130953992269194	0.06523369157710572	centered_position_bootstrap	0.283333421963658	True	False	4014	0.95	4000	position_bootstrap	mtDNA_position	False	paired nonparametric bootstrap of whole mtDNA positions
rna_coding	expanded_neutral_like_T95	unlabeled_out_of_neutral_domain_T95	A[G>T]G	-2.018456555902713e-05	-1.724610526102804e-05	-0.0001568745067914624	5.258805622044754e-05	5.505471334740549e-05	-0.3666273845012826	0.6555861034741315	centered_position_bootstrap	0.7096892443555777	False	False	4014	0.95	4000	position_bootstrap	mtDNA_position	False	paired nonparametric bootstrap of whole mtDNA positions
rna_coding	expanded_neutral_like_T95	unlabeled_out_of_neutral_domain_T95	T[G>T]C	3.069918051834717e-05	3.073071512801716e-05	1.0081879577173148e-05	7.039712177240566e-05	1.559598795867652e-05	1.9684024250139465	0.054236440889777554	centered_position_bootstrap	0.283333421963658	True	False	4014	0.95	4000	position_bootstrap	mtDNA_position	False	paired nonparametric bootstrap of whole mtDNA positions
rna_coding	expanded_neutral_like_T95	unlabeled_out_of_neutral_domain_T95	G[G>T]C	1.362114900309858e-05	1.338762341554623e-05	-6.802889086541121e-06	4.529714370123051e-05	1.2891003292873489e-05	1.0566399444354138	0.2561859535116221	centered_position_bootstrap	0.3734404744678493	False	False	4014	0.95	4000	position_bootstrap	mtDNA_position	False	paired nonparametric bootstrap of whole mtDNA positions
rna_coding	expanded_neutral_like_T95	unlabeled_out_of_neutral_domain_T95	C[G>T]C	2.3837010755422512e-05	2.3840457606893617e-05	0.0	6.527675742961621e-05	1.6862265675469172e-05	1.4136303634511012	0.13871532116970758	centered_position_bootstrap	0.283333421963658	False	False	4014	0.95	4000	position_bootstrap	mtDNA_position	False	paired nonparametric bootstrap of whole mtDNA positions
rna_coding	expanded_neutral_like_T95	unlabeled_out_of_neutral_domain_T95	A[G>T]C	2.280701646352154e-05	2.2600246408858453e-05	8.763989140890085e-06	4.962616414868506e-05	1.061808254515282e-05	2.1479411528904526	0.03949012746813297	centered_position_bootstrap	0.283333421963658	True	False	4014	0.95	4000	position_bootstrap	mtDNA_position	False	paired nonparametric bootstrap of whole mtDNA positions
rna_coding	expanded_neutral_like_T95	unlabeled_out_of_neutral_domain_T95	T[G>T]A	1.765704500401667e-05	1.7529886272195516e-05	1.1279478063041196e-06	4.4410963859408184e-05	1.1125864856450566e-05	1.5870267374117393	0.09672581854536366	centered_position_bootstrap	0.283333421963658	True	False	4014	0.95	4000	position_bootstrap	mtDNA_position	False	paired nonparametric bootstrap of whole mtDNA positions
rna_coding	expanded_neutral_like_T95	unlabeled_out_of_neutral_domain_T95	G[G>T]A	-2.1802143983618152e-05	-1.7790728798606768e-05	-0.00015742444811321448	5.698210362750923e-05	5.62882075715658e-05	-0.38733057818369027	0.6653336665833541	centered_position_bootstrap	0.7096892443555777	False	False	4014	0.95	4000	position_bootstrap	mtDNA_position	False	paired nonparametric bootstrap of whole mtDNA positions
rna_coding	expanded_neutral_like_T95	unlabeled_out_of_neutral_domain_T95	C[G>T]A	-0.000170500840820036	-0.0001569001806038651	-0.0007827186278267863	5.336074154743459e-05	0.00023255045933004328	-0.7331778286365609	0.5503624093976506	centered_position_bootstrap	0.6522813741009191	False	False	4014	0.95	4000	position_bootstrap	mtDNA_position	False	paired nonparametric bootstrap of whole mtDNA positions
rna_coding	expanded_neutral_like_T95	unlabeled_out_of_neutral_domain_T95	A[G>T]A	-2.3411349849075684e-05	-1.9876578269111544e-05	-0.00010100789421709972	1.957584029044877e-05	3.1840025325495004e-05	-0.7352805033835731	0.4266433391652087	centered_position_bootstrap	0.5534832508089194	False	False	4014	0.95	4000	position_bootstrap	mtDNA_position	False	paired nonparametric bootstrap of whole mtDNA positions
rna_coding	expanded_neutral_like_T95	unlabeled_out_of_neutral_domain_T95	A[C>G]A	-1.3699431468633627e-06	6.343143297199753e-07	-4.6110255011500087e-05	2.9367662318406857e-05	1.9409329242248438e-05	-0.0705816841872823	0.9372656835791052	centered_position_bootstrap	0.9471316381430958	False	False	4014	0.95	4000	position_bootstrap	mtDNA_position	False	paired nonparametric bootstrap of whole mtDNA positions
rna_coding	expanded_neutral_like_T95	unlabeled_out_of_neutral_domain_T95	A[C>G]C	2.8650253311805876e-06	2.7224529984083196e-06	-9.767082136312346e-06	1.710577518610039e-05	6.660219955655875e-06	0.43016977671249446	0.6323419145213697	centered_position_bootstrap	0.7040089688560519	False	False	4014	0.95	4000	position_bootstrap	mtDNA_position	False	paired nonparametric bootstrap of whole mtDNA positions
rna_coding	expanded_neutral_like_T95	unlabeled_out_of_neutral_domain_T95	A[C>G]G	8.828522502008339e-06	9.047961586796425e-06	-1.5401382299676647e-05	3.9559266572359664e-05	1.3724739317765838e-05	0.6432561156611809	0.49912521869532617	centered_position_bootstrap	0.6182712386419524	False	False	4014	0.95	4000	position_bootstrap	mtDNA_position	False	paired nonparametric bootstrap of whole mtDNA positions
rna_coding	expanded_neutral_like_T95	unlabeled_out_of_neutral_domain_T95	A[C>G]T	8.763606895375938e-07	1.1201010546533668e-06	-1.6881859734400774e-05	1.786596436533909e-05	8.752875878490237e-06	0.10012259989784697	0.9337665583604099	centered_position_bootstrap	0.9471316381430958	False	False	4014	0.95	4000	position_bootstrap	mtDNA_position	False	paired nonparametric bootstrap of whole mtDNA positions
rna_coding	expanded_neutral_like_T95	unlabeled_out_of_neutral_domain_T95	C[C>G]A	3.7245329305347686e-06	3.8979179516781e-06	-1.2368920045053246e-05	2.161519454921064e-05	8.589373607171273e-06	0.4336210183505296	0.6493376655836041	centered_position_bootstrap	0.7096892443555777	False	False	4014	0.95	4000	position_bootstrap	mtDNA_position	False	paired nonparametric bootstrap of whole mtDNA positions
rna_coding	expanded_neutral_like_T95	unlabeled_out_of_neutral_domain_T95	C[C>G]C	1.0363917719748917e-05	1.0549957114211893e-05	-6.034235969817505e-06	3.201079717563494e-05	9.47594109674539e-06	1.0937085418680486	0.242689327668083	centered_position_bootstrap	0.36740814796300925	False	False	4014	0.95	4000	position_bootstrap	mtDNA_position	False	paired nonparametric bootstrap of whole mtDNA positions
rna_coding	expanded_neutral_like_T95	unlabeled_out_of_neutral_domain_T95	C[C>G]G	2.6071730513743374e-05	2.5901327697915968e-05	5.474447212872008e-06	6.459051283424607e-05	1.4902423855493049e-05	1.7494959723705152	0.0757310672331917	centered_position_bootstrap	0.283333421963658	True	False	4014	0.95	4000	position_bootstrap	mtDNA_position	False	paired nonparametric bootstrap of whole mtDNA positions
rna_coding	expanded_neutral_like_T95	unlabeled_out_of_neutral_domain_T95	C[C>G]T	1.266341196381821e-05	1.2881995322164976e-05	-6.980346581723385e-07	3.3336200765025095e-05	8.647147700053668e-06	1.4644611614231609	0.12346913271682079	centered_position_bootstrap	0.283333421963658	False	False	4014	0.95	4000	position_bootstrap	mtDNA_position	False	paired nonparametric bootstrap of whole mtDNA positions
rna_coding	expanded_neutral_like_T95	unlabeled_out_of_neutral_domain_T95	G[C>G]A	1.6044141854611307e-05	1.601081436884965e-05	0.0	4.1225679576389695e-05	1.0578103886510081e-05	1.516731356275664	0.11447138215446138	centered_position_bootstrap	0.283333421963658	False	False	4014	0.95	4000	position_bootstrap	mtDNA_position	False	paired nonparametric bootstrap of whole mtDNA positions
rna_coding	expanded_neutral_like_T95	unlabeled_out_of_neutral_domain_T95	G[C>G]C	4.157618155015552e-06	4.101547752875836e-06	-1.5177049629872215e-05	2.6482588559846654e-05	1.0408482993105508e-05	0.3994451600458514	0.6698325418645339	centered_position_bootstrap	0.7105405968949751	False	False	4014	0.95	4000	position_bootstrap	mtDNA_position	False	paired nonparametric bootstrap of whole mtDNA positions
rna_coding	expanded_neutral_like_T95	unlabeled_out_of_neutral_domain_T95	G[C>G]G	3.4500936619690475e-05	3.4643546734667224e-05	8.372129536084355e-06	8.263401327489261e-05	1.9027628579903703e-05	1.8132021273596397	0.06448387903024244	centered_position_bootstrap	0.283333421963658	True	False	4014	0.95	4000	position_bootstrap	mtDNA_position	False	paired nonparametric bootstrap of whole mtDNA positions
rna_coding	expanded_neutral_like_T95	unlabeled_out_of_neutral_domain_T95	G[C>G]T	2.383701075542251e-05	2.3850830298549794e-05	6.3350191241232e-06	5.5557268604094604e-05	1.2789814346841012e-05	1.8637495517133968	0.06248437890527368	centered_position_bootstrap	0.283333421963658	True	False	4014	0.95	4000	position_bootstrap	mtDNA_position	False	paired nonparametric bootstrap of whole mtDNA positions
rna_coding	expanded_neutral_like_T95	unlabeled_out_of_neutral_domain_T95	T[C>G]A	8.858348591542153e-06	8.78666218908004e-06	-5.212268507901591e-06	2.895891266461135e-05	8.475941214310466e-06	1.0451168038525378	0.25743564108972755	centered_position_bootstrap	0.3734404744678493	False	False	4014	0.95	4000	position_bootstrap	mtDNA_position	False	paired nonparametric bootstrap of whole mtDNA positions
rna_coding	expanded_neutral_like_T95	unlabeled_out_of_neutral_domain_T95	T[C>G]C	1.6252507333242622e-05	1.6307873639561717e-05	-8.304112274507671e-07	4.5273084473394186e-05	1.175415213250457e-05	1.3827035034112278	0.13421644588852788	centered_position_bootstrap	0.283333421963658	False	False	4014	0.95	4000	position_bootstrap	mtDNA_position	False	paired nonparametric bootstrap of whole mtDNA positions
rna_coding	expanded_neutral_like_T95	unlabeled_out_of_neutral_domain_T95	T[C>G]G	3.972835125903752e-05	3.9436832997147524e-05	1.20475032516825e-05	9.442231151646858e-05	2.1570779923697475e-05	1.8417670292668598	0.05898525368657836	centered_position_bootstrap	0.283333421963658	True	False	4014	0.95	4000	position_bootstrap	mtDNA_position	False	paired nonparametric bootstrap of whole mtDNA positions
rna_coding	expanded_neutral_like_T95	unlabeled_out_of_neutral_domain_T95	T[C>G]T	6.207554884224611e-06	6.396272459207803e-06	-1.542284933176304e-05	3.060596460785837e-05	1.1436353164583385e-05	0.5427914646295156	0.5553611597100725	centered_position_bootstrap	0.6541677464069565	False	False	4014	0.95	4000	position_bootstrap	mtDNA_position	False	paired nonparametric bootstrap of whole mtDNA positions
rna_coding	expanded_neutral_like_T95	unlabeled_out_of_neutral_domain_T95	T[G>C]T	2.648556750602501e-05	2.857732348650255e-05	-1.763614790416637e-05	7.781745545485234e-05	2.3506058112163175e-05	1.1267549573665052	0.23194201449637591	centered_position_bootstrap	0.362055827506538	False	False	4014	0.95	4000	position_bootstrap	mtDNA_position	False	paired nonparametric bootstrap of whole mtDNA positions
rna_coding	expanded_neutral_like_T95	unlabeled_out_of_neutral_domain_T95	G[G>C]T	1.4617034897193051e-05	1.4097809993030802e-05	-1.8657079386626745e-06	4.0628391524676034e-05	1.0791774411701127e-05	1.354460753121779	0.1507123219195201	centered_position_bootstrap	0.284698056255167	False	False	4014	0.95	4000	position_bootstrap	mtDNA_position	False	paired nonparametric bootstrap of whole mtDNA positions
rna_coding	expanded_neutral_like_T95	unlabeled_out_of_neutral_domain_T95	C[G>C]T	-0.00010215861752323934	-9.470158670302052e-05	-0.0003317443531270709	3.537357994764207e-05	0.00010391068510112306	-0.9831387159445762	0.43514121469632594	centered_position_bootstrap	0.5569807548112973	False	False	4014	0.95	4000	position_bootstrap	mtDNA_position	False	paired nonparametric bootstrap of whole mtDNA positions
rna_coding	expanded_neutral_like_T95	unlabeled_out_of_neutral_domain_T95	A[G>C]T	1.885839458498616e-05	1.8769137005569205e-05	3.5244630304225087e-06	4.5328584864567886e-05	1.0661041550613331e-05	1.7689073338149812	0.07073231692076981	centered_position_bootstrap	0.283333421963658	True	False	4014	0.95	4000	position_bootstrap	mtDNA_position	False	paired nonparametric bootstrap of whole mtDNA positions
rna_coding	expanded_neutral_like_T95	unlabeled_out_of_neutral_domain_T95	T[G>C]G	3.972835125903752e-05	4.010937990239619e-05	1.8561917150180008e-05	8.301197837681337e-05	1.6497230578119997e-05	2.4081830626607457	0.03274181454636341	centered_position_bootstrap	0.283333421963658	True	False	4014	0.95	4000	position_bootstrap	mtDNA_position	False	paired nonparametric bootstrap of whole mtDNA positions
rna_coding	expanded_neutral_like_T95	unlabeled_out_of_neutral_domain_T95	G[G>C]G	2.50915902688658e-05	2.5028678357689443e-05	5.8316176964887465e-06	5.921308904909786e-05	1.3599689874527995e-05	1.8450119451519222	0.06323419145213696	centered_position_bootstrap	0.283333421963658	True	False	4014	0.95	4000	position_bootstrap	mtDNA_position	False	paired nonparametric bootstrap of whole mtDNA positions
rna_coding	expanded_neutral_like_T95	unlabeled_out_of_neutral_domain_T95	C[G>C]G	3.4500936619690475e-05	3.4509706035094244e-05	8.24795690397156e-06	8.303645961779274e-05	1.902874864411505e-05	1.8130953992269194	0.06523369157710572	centered_position_bootstrap	0.283333421963658	True	False	4014	0.95	4000	position_bootstrap	mtDNA_position	False	paired nonparametric bootstrap of whole mtDNA positions
rna_coding	expanded_neutral_like_T95	unlabeled_out_of_neutral_domain_T95	A[G>C]G	2.8835093655753042e-05	2.8900724359421855e-05	1.2349223877643237e-05	6.17527215206082e-05	1.2697365180406695e-05	2.270950960774797	0.04023994001499625	centered_position_bootstrap	0.283333421963658	True	False	4014	0.95	4000	position_bootstrap	mtDNA_position	False	paired nonparametric bootstrap of whole mtDNA positions
rna_coding	expanded_neutral_like_T95	unlabeled_out_of_neutral_domain_T95	T[G>C]C	1.6252507333242616e-05	1.703631857471374e-05	-1.5853469358297327e-05	5.69016415789011e-05	1.787485416922134e-05	0.9092385973826718	0.32366908272931766	centered_position_bootstrap	0.45018961087066367	False	False	4014	0.95	4000	position_bootstrap	mtDNA_position	False	paired nonparametric bootstrap of whole mtDNA positions
rna_coding	expanded_neutral_like_T95	unlabeled_out_of_neutral_domain_T95	G[G>C]C	1.8729079879260548e-05	1.8515779499707113e-05	0.0	5.22927960353134e-05	1.3178655139234112e-05	1.4211677657079205	0.13821544613846537	centered_position_bootstrap	0.283333421963658	False	False	4014	0.95	4000	position_bootstrap	mtDNA_position	False	paired nonparametric bootstrap of whole mtDNA positions
rna_coding	expanded_neutral_like_T95	unlabeled_out_of_neutral_domain_T95	C[G>C]C	2.3837010755422512e-05	2.3840457606893617e-05	0.0	6.527675742961621e-05	1.6862265675469172e-05	1.4136303634511012	0.13871532116970758	centered_position_bootstrap	0.283333421963658	False	False	4014	0.95	4000	position_bootstrap	mtDNA_position	False	paired nonparametric bootstrap of whole mtDNA positions
rna_coding	expanded_neutral_like_T95	unlabeled_out_of_neutral_domain_T95	A[G>C]C	-1.471420417001383e-06	1.0086551559970072e-06	-6.800997738830436e-05	4.178778486044201e-05	2.7687578677629775e-05	-0.05314370151804641	0.94976255936016	centered_position_bootstrap	0.9547351382049777	False	False	4014	0.95	4000	position_bootstrap	mtDNA_position	False	paired nonparametric bootstrap of whole mtDNA positions
rna_coding	expanded_neutral_like_T95	unlabeled_out_of_neutral_domain_T95	T[G>C]A	6.621391876506258e-06	7.814557921288193e-06	-3.400250670755111e-05	4.481632398510543e-05	1.9907313064112033e-05	0.3326110286798569	0.704573856535866	centered_position_bootstrap	0.7432867057960784	False	False	4014	0.95	4000	position_bootstrap	mtDNA_position	False	paired nonparametric bootstrap of whole mtDNA positions
rna_coding	expanded_neutral_like_T95	unlabeled_out_of_neutral_domain_T95	G[G>C]A	3.052300157706541e-05	3.076700411332455e-05	1.0833257299996265e-05	6.630806759535594e-05	1.4354934329507524e-05	2.1263072945115007	0.0427393151712072	centered_position_bootstrap	0.283333421963658	True	False	4014	0.95	4000	position_bootstrap	mtDNA_position	False	paired nonparametric bootstrap of whole mtDNA positions
rna_coding	expanded_neutral_like_T95	unlabeled_out_of_neutral_domain_T95	C[G>C]A	2.9796263444278142e-05	2.998543231674898e-05	1.0158031933141827e-05	6.851211029875885e-05	1.4774761847803911e-05	2.016700082966616	0.05498625343664084	centered_position_bootstrap	0.283333421963658	True	False	4014	0.95	4000	position_bootstrap	mtDNA_position	False	paired nonparametric bootstrap of whole mtDNA positions
rna_coding	expanded_neutral_like_T95	unlabeled_out_of_neutral_domain_T95	A[G>C]A	1.2060392346493534e-05	1.2151985762304516e-05	-6.877079693529039e-06	3.8265426429093324e-05	1.1296530581530133e-05	1.0676191472638792	0.2416895776055986	centered_position_bootstrap	0.36740814796300925	False	False	4014	0.95	4000	position_bootstrap	mtDNA_position	False	paired nonparametric bootstrap of whole mtDNA positions
rna_coding	expanded_neutral_like_T95	unlabeled_out_of_neutral_domain_T95	A[C>T]A	-0.0031556640387997562	-0.00297046090441152	-0.008692422759220149	-0.0005626315561878984	0.0021728414401157776	-1.452321361576945	0.10097475631092227	centered_position_bootstrap	0.283333421963658	True	False	4014	0.95	4000	position_bootstrap	mtDNA_position	False	paired nonparametric bootstrap of whole mtDNA positions
rna_coding	expanded_neutral_like_T95	unlabeled_out_of_neutral_domain_T95	A[C>T]C	-0.004121052436370161	-0.0039496193258747436	-0.01103414440534273	-0.0010307425697494317	0.0025720848333390138	-1.6022225950534914	0.08447888027993002	centered_position_bootstrap	0.283333421963658	True	False	4014	0.95	4000	position_bootstrap	mtDNA_position	False	paired nonparametric bootstrap of whole mtDNA positions
rna_coding	expanded_neutral_like_T95	unlabeled_out_of_neutral_domain_T95	A[C>T]G	-0.0007151103226626753	-0.0006628591873007428	-0.0021934519601829695	2.3868014541797477e-05	0.0005963964223788292	-1.1990519993569635	0.16795801049737566	centered_position_bootstrap	0.29859201866200114	False	False	4014	0.95	4000	position_bootstrap	mtDNA_position	False	paired nonparametric bootstrap of whole mtDNA positions
rna_coding	expanded_neutral_like_T95	unlabeled_out_of_neutral_domain_T95	A[C>T]T	-0.00833857196095019	-0.0076659620039153	-0.027250400802361425	-0.0006803689334176425	0.007297638286732093	-1.1426398011683627	0.13571607098225444	centered_position_bootstrap	0.283333421963658	True	False	4014	0.95	4000	position_bootstrap	mtDNA_position	False	paired nonparametric bootstrap of whole mtDNA positions
rna_coding	expanded_neutral_like_T95	unlabeled_out_of_neutral_domain_T95	C[C>T]A	-0.009123615866637968	-0.008923025347214134	-0.02458522249704411	-0.0016602373295685937	0.005994284593516041	-1.5220525025633407	0.09297675581104724	centered_position_bootstrap	0.283333421963658	True	False	4014	0.95	4000	position_bootstrap	mtDNA_position	False	paired nonparametric bootstrap of whole mtDNA positions
rna_coding	expanded_neutral_like_T95	unlabeled_out_of_neutral_domain_T95	C[C>T]C	-0.001464551122772019	-0.0014491918247116775	-0.0034577036607371728	-0.0005005646631532982	0.000773470273058106	-1.8934808146944728	0.05923519120219945	centered_position_bootstrap	0.283333421963658	True	False	4014	0.95	4000	position_bootstrap	mtDNA_position	False	paired nonparametric bootstrap of whole mtDNA positions
rna_coding	expanded_neutral_like_T95	unlabeled_out_of_neutral_domain_T95	C[C>T]G	-0.005797235506377366	-0.0052378455841842215	-0.020916437909512527	6.850026989286728e-05	0.005729183575672882	-1.011878120120543	0.18895276180954762	centered_position_bootstrap	0.32683720961651475	False	False	4014	0.95	4000	position_bootstrap	mtDNA_position	False	paired nonparametric bootstrap of whole mtDNA positions
rna_coding	expanded_neutral_like_T95	unlabeled_out_of_neutral_domain_T95	C[C>T]T	-0.00040895371577271745	-0.0003986766104438261	-0.0009028003965154239	-0.00016468639018556798	0.000194702663383999	-2.1004012408713972	0.046238440389902526	centered_position_bootstrap	0.283333421963658	True	False	4014	0.95	4000	position_bootstrap	mtDNA_position	False	paired nonparametric bootstrap of whole mtDNA positions
rna_coding	expanded_neutral_like_T95	unlabeled_out_of_neutral_domain_T95	G[C>T]A	-0.0002830645027206423	-0.0002598038355385399	-0.0008291028586071308	-2.443203714555806e-05	0.00021457426967043494	-1.3191912672260364	0.1132216945763559	centered_position_bootstrap	0.283333421963658	True	False	4014	0.95	4000	position_bootstrap	mtDNA_position	False	paired nonparametric bootstrap of whole mtDNA positions
rna_coding	expanded_neutral_like_T95	unlabeled_out_of_neutral_domain_T95	G[C>T]C	-0.0007553006314944923	-0.0006774763169716106	-0.0025255089310048046	-3.7252862905129934e-05	0.0006930540625566634	-1.0898148821294005	0.15396150962259436	centered_position_bootstrap	0.284698056255167	True	False	4014	0.95	4000	position_bootstrap	mtDNA_position	False	paired nonparametric bootstrap of whole mtDNA positions
rna_coding	expanded_neutral_like_T95	unlabeled_out_of_neutral_domain_T95	G[C>T]G	-0.00022896076120340042	-0.00019444425612726067	-0.0012158466457157585	0.00030171565144248365	0.00039732912113196495	-0.5762496354435488	0.5706073481629592	centered_position_bootstrap	0.6629240893369472	False	False	4014	0.95	4000	position_bootstrap	mtDNA_position	False	paired nonparametric bootstrap of whole mtDNA positions
rna_coding	expanded_neutral_like_T95	unlabeled_out_of_neutral_domain_T95	G[C>T]T	0.000581839762530086	0.0004976628299311709	-0.0013071229331960259	0.004023444639397168	0.0014081416865905328	0.41319688783510644	0.6640839790052487	centered_position_bootstrap	0.7096892443555777	False	False	4014	0.95	4000	position_bootstrap	mtDNA_position	False	paired nonparametric bootstrap of whole mtDNA positions
rna_coding	expanded_neutral_like_T95	unlabeled_out_of_neutral_domain_T95	T[C>T]A	-0.0008600651177970015	-0.000853624593054619	-0.0019669868620168646	-0.0003362861888715866	0.0004264160741743785	-2.0169622345082767	0.052486878280429895	centered_position_bootstrap	0.283333421963658	True	False	4014	0.95	4000	position_bootstrap	mtDNA_position	False	paired nonparametric bootstrap of whole mtDNA positions
rna_coding	expanded_neutral_like_T95	unlabeled_out_of_neutral_domain_T95	T[C>T]C	-0.002565187407430127	-0.0023772089436283196	-0.0076836513813431885	-7.480761667252867e-05	0.0020257925940802956	-1.2662635922976682	0.11472131967008248	centered_position_bootstrap	0.283333421963658	True	False	4014	0.95	4000	position_bootstrap	mtDNA_position	False	paired nonparametric bootstrap of whole mtDNA positions
rna_coding	expanded_neutral_like_T95	unlabeled_out_of_neutral_domain_T95	T[C>T]G	-0.00026816637099850326	-0.0002472064589423414	-0.0011943771289865985	8.207717810709471e-05	0.00035380535419376276	-0.7579488773130352	0.5161209697575606	centered_position_bootstrap	0.6352258089323823	False	False	4014	0.95	4000	position_bootstrap	mtDNA_position	False	paired nonparametric bootstrap of whole mtDNA positions
rna_coding	expanded_neutral_like_T95	unlabeled_out_of_neutral_domain_T95	T[C>T]T	-0.00021353988801732667	-0.0002037594211613814	-0.0005523567756555799	-5.617712152349682e-05	0.00012896062613695255	-1.6558533748940807	0.07798050487378155	centered_position_bootstrap	0.283333421963658	True	False	4014	0.95	4000	position_bootstrap	mtDNA_position	False	paired nonparametric bootstrap of whole mtDNA positions
rna_coding	expanded_neutral_like_T95	unlabeled_out_of_neutral_domain_T95	T[G>A]T	-0.0005350084636217053	-0.0004700962089597294	-0.001816859674438881	5.2023468292781824e-05	0.0005019441393533206	-1.0658725178283446	0.2086978255436141	centered_position_bootstrap	0.34329879068694363	False	False	4014	0.95	4000	position_bootstrap	mtDNA_position	False	paired nonparametric bootstrap of whole mtDNA positions
rna_coding	expanded_neutral_like_T95	unlabeled_out_of_neutral_domain_T95	G[G>A]T	-0.014907126820537341	-0.013601739294563646	-0.05442375787350687	3.9054350514596205e-05	0.015109629207958086	-0.9865977923988969	0.23069232691827044	centered_position_bootstrap	0.362055827506538	False	False	4014	0.95	4000	position_bootstrap	mtDNA_position	False	paired nonparametric bootstrap of whole mtDNA positions
rna_coding	expanded_neutral_like_T95	unlabeled_out_of_neutral_domain_T95	C[G>A]T	-0.10627050187854971	-0.09922328527867508	-0.32662875450286194	-9.487285799172007e-05	0.0975413865087938	-1.0894914013649881	0.15821044738815296	centered_position_bootstrap	0.28929910379547974	True	False	4014	0.95	4000	position_bootstrap	mtDNA_position	False	paired nonparametric bootstrap of whole mtDNA positions
rna_coding	expanded_neutral_like_T95	unlabeled_out_of_neutral_domain_T95	A[G>A]T	-0.007986907274633338	-0.007356699471848617	-0.02306393311960537	-0.0009733040585438826	0.005895325469907249	-1.3547864855642984	0.11022244438890277	centered_position_bootstrap	0.283333421963658	True	False	4014	0.95	4000	position_bootstrap	mtDNA_position	False	paired nonparametric bootstrap of whole mtDNA positions
rna_coding	expanded_neutral_like_T95	unlabeled_out_of_neutral_domain_T95	T[G>A]G	-0.0029845923883351938	-0.002768239912871463	-0.008901430451657658	-0.00018380441706272545	0.0023131829033978166	-1.2902535220847209	0.1089727568107973	centered_position_bootstrap	0.283333421963658	True	False	4014	0.95	4000	position_bootstrap	mtDNA_position	False	paired nonparametric bootstrap of whole mtDNA positions
rna_coding	expanded_neutral_like_T95	unlabeled_out_of_neutral_domain_T95	G[G>A]G	-0.00231469920230287	-0.002058491679894082	-0.007526828107800765	-0.00019079826741088993	0.0020558396813045144	-1.12591425457558	0.1417145713571607	centered_position_bootstrap	0.284698056255167	True	False	4014	0.95	4000	position_bootstrap	mtDNA_position	False	paired nonparametric bootstrap of whole mtDNA positions
rna_coding	expanded_neutral_like_T95	unlabeled_out_of_neutral_domain_T95	C[G>A]G	-0.006988007889879125	-0.006436958173389388	-0.027382488011128928	0.00013719784904850588	0.008114284148931243	-0.8611983215795489	0.4648837790552362	centered_position_bootstrap	0.5858275690817555	False	False	4014	0.95	4000	position_bootstrap	mtDNA_position	False	paired nonparametric bootstrap of whole mtDNA positions
rna_coding	expanded_neutral_like_T95	unlabeled_out_of_neutral_domain_T95	A[G>A]G	-0.0007862368870135328	-0.0007311166872703424	-0.0029767855066423253	3.983621943492882e-05	0.0008632860144371525	-0.9107490146543675	0.24493876530867284	centered_position_bootstrap	0.36740814796300925	False	False	4014	0.95	4000	position_bootstrap	mtDNA_position	False	paired nonparametric bootstrap of whole mtDNA positions
rna_coding	expanded_neutral_like_T95	unlabeled_out_of_neutral_domain_T95	T[G>A]C	-0.005738940922782784	-0.005112841501299756	-0.020107053119817628	1.3118482972532722e-05	0.005477076398306946	-1.047811004527303	0.17470632341914522	centered_position_bootstrap	0.3077395788667512	False	False	4014	0.95	4000	position_bootstrap	mtDNA_position	False	paired nonparametric bootstrap of whole mtDNA positions
rna_coding	expanded_neutral_like_T95	unlabeled_out_of_neutral_domain_T95	G[G>A]C	-0.0012923065116689776	-0.0012294700765331985	-0.004118269343462641	3.4537581126358966e-05	0.0011160328261616925	-1.1579466852364306	0.21644588852786803	centered_position_bootstrap	0.34631342164458884	False	False	4014	0.95	4000	position_bootstrap	mtDNA_position	False	paired nonparametric bootstrap of whole mtDNA positions
rna_coding	expanded_neutral_like_T95	unlabeled_out_of_neutral_domain_T95	C[G>A]C	-0.002547580524485781	-0.0023448558469613846	-0.008147830126890628	9.282997627676421e-05	0.0022359165239189795	-1.1393898194466292	0.24468882779305173	centered_position_bootstrap	0.36740814796300925	False	False	4014	0.95	4000	position_bootstrap	mtDNA_position	False	paired nonparametric bootstrap of whole mtDNA positions
rna_coding	expanded_neutral_like_T95	unlabeled_out_of_neutral_domain_T95	A[G>A]C	-0.04586491010814182	-0.04479126674238862	-0.1142284763098853	-0.008249866977808983	0.027788786890798164	-1.6504826312993637	0.07523119220194951	centered_position_bootstrap	0.283333421963658	True	False	4014	0.95	4000	position_bootstrap	mtDNA_position	False	paired nonparametric bootstrap of whole mtDNA positions
rna_coding	expanded_neutral_like_T95	unlabeled_out_of_neutral_domain_T95	T[G>A]A	-0.0010605262655537513	-0.0010068620402181043	-0.0030968785214591245	-0.00013099804808316547	0.0007554627847962805	-1.4038100709881225	0.09672581854536366	centered_position_bootstrap	0.283333421963658	True	False	4014	0.95	4000	position_bootstrap	mtDNA_position	False	paired nonparametric bootstrap of whole mtDNA positions
rna_coding	expanded_neutral_like_T95	unlabeled_out_of_neutral_domain_T95	G[G>A]A	-0.029630567150002646	-0.027459268333250072	-0.11105092434106732	6.806829403252294e-05	0.03228919428744349	-0.9176620167795663	0.25868532866783306	centered_position_bootstrap	0.3734404744678493	False	False	4014	0.95	4000	position_bootstrap	mtDNA_position	False	paired nonparametric bootstrap of whole mtDNA positions
rna_coding	expanded_neutral_like_T95	unlabeled_out_of_neutral_domain_T95	C[G>A]A	-0.08790063250858964	-0.079863381296754	-0.27802985498132865	-0.0006117108113868289	0.0821734457796899	-1.069696319468634	0.15346163459135218	centered_position_bootstrap	0.284698056255167	True	False	4014	0.95	4000	position_bootstrap	mtDNA_position	False	paired nonparametric bootstrap of whole mtDNA positions
rna_coding	expanded_neutral_like_T95	unlabeled_out_of_neutral_domain_T95	A[G>A]A	-0.013203291880034771	-0.011662920343704392	-0.040479025993709075	-0.00085076395446389	0.011050061414830456	-1.1948614025180377	0.12571857035741066	centered_position_bootstrap	0.283333421963658	True	False	4014	0.95	4000	position_bootstrap	mtDNA_position	False	paired nonparametric bootstrap of whole mtDNA positions
rna_coding	expanded_neutral_like_T95	unlabeled_out_of_neutral_domain_T95	A[T>A]A	-0.0002678315815216012	-0.00023513221998050306	-0.0009641974982335881	1.4532965160685781e-05	0.0002575234026742902	-1.0400281245908691	0.20669832541864533	centered_position_bootstrap	0.34329879068694363	False	False	4014	0.95	4000	position_bootstrap	mtDNA_position	False	paired nonparametric bootstrap of whole mtDNA positions
rna_coding	expanded_neutral_like_T95	unlabeled_out_of_neutral_domain_T95	A[T>A]C	-2.437876099986393e-05	-1.9744935251512624e-05	-0.00012927168789592374	3.118876705947076e-05	4.2577460675448224e-05	-0.5725743295424296	0.5746063484128968	centered_position_bootstrap	0.6629240893369472	False	False	4014	0.95	4000	position_bootstrap	mtDNA_position	False	paired nonparametric bootstrap of whole mtDNA positions
rna_coding	expanded_neutral_like_T95	unlabeled_out_of_neutral_domain_T95	A[T>A]G	1.9864175629518763e-05	2.1066194858136074e-05	-1.575660358458564e-05	6.203303104393083e-05	1.8862572436565482e-05	1.0531000316272692	0.2509372656835791	centered_position_bootstrap	0.3724607309711034	False	False	4014	0.95	4000	position_bootstrap	mtDNA_position	False	paired nonparametric bootstrap of whole mtDNA positions
rna_coding	expanded_neutral_like_T95	unlabeled_out_of_neutral_domain_T95	A[T>A]T	1.7143055680269618e-05	1.682249812093795e-05	2.5934519810640543e-06	4.2185109594887e-05	1.0067292951357603e-05	1.7028466106132163	0.07923019245188703	centered_position_bootstrap	0.283333421963658	True	False	4014	0.95	4000	position_bootstrap	mtDNA_position	False	paired nonparametric bootstrap of whole mtDNA positions
rna_coding	expanded_neutral_like_T95	unlabeled_out_of_neutral_domain_T95	C[T>A]A	-0.00016544767333533385	-0.00014943270017303998	-0.0006374647723941312	7.236119772364167e-06	0.00018863136169265242	-0.8770952605691674	0.26493376655836043	centered_position_bootstrap	0.3796065908895911	False	False	4014	0.95	4000	position_bootstrap	mtDNA_position	False	paired nonparametric bootstrap of whole mtDNA positions
rna_coding	expanded_neutral_like_T95	unlabeled_out_of_neutral_domain_T95	C[T>A]C	-3.7104780892874665e-05	-3.391968898372854e-05	-0.00012826229426142526	1.8019021257775388e-05	3.748747223252382e-05	-0.9897914872127032	0.26793301674581355	centered_position_bootstrap	0.38106029048293477	False	False	4014	0.95	4000	position_bootstrap	mtDNA_position	False	paired nonparametric bootstrap of whole mtDNA positions
rna_coding	expanded_neutral_like_T95	unlabeled_out_of_neutral_domain_T95	C[T>A]G	3.1976477842639955e-05	3.2163504004687266e-05	1.1390326454318957e-05	7.219567691797024e-05	1.5466928431894076e-05	2.0674096982760863	0.051487128217945516	centered_position_bootstrap	0.283333421963658	True	False	4014	0.95	4000	position_bootstrap	mtDNA_position	False	paired nonparametric bootstrap of whole mtDNA positions
rna_coding	expanded_neutral_like_T95	unlabeled_out_of_neutral_domain_T95	C[T>A]T	1.839275521251737e-05	1.8327833946994668e-05	4.974749642651848e-06	4.3125115877210826e-05	9.951217365295495e-06	1.8482919764833423	0.05998500374906274	centered_position_bootstrap	0.283333421963658	True	False	4014	0.95	4000	position_bootstrap	mtDNA_position	False	paired nonparametric bootstrap of whole mtDNA positions
rna_coding	expanded_neutral_like_T95	unlabeled_out_of_neutral_domain_T95	G[T>A]A	2.7271156372729137e-05	2.712418371211573e-05	1.1073246808502801e-05	5.943564912667227e-05	1.2437523092795367e-05	2.1926517176499867	0.04348912771807048	centered_position_bootstrap	0.283333421963658	True	False	4014	0.95	4000	position_bootstrap	mtDNA_position	False	paired nonparametric bootstrap of whole mtDNA positions
rna_coding	expanded_neutral_like_T95	unlabeled_out_of_neutral_domain_T95	G[T>A]C	2.5539654380809838e-05	2.550846715812127e-05	5.86027487586457e-06	6.101152812342468e-05	1.434050729944719e-05	1.7809449726924487	0.06773306673331667	centered_position_bootstrap	0.283333421963658	True	False	4014	0.95	4000	position_bootstrap	mtDNA_position	False	paired nonparametric bootstrap of whole mtDNA positions
rna_coding	expanded_neutral_like_T95	unlabeled_out_of_neutral_domain_T95	G[T>A]G	-0.00018191402944927706	-0.00016511046316992065	-0.0008083033832984662	3.6821760053072975e-05	0.00023445594363918128	-0.775898561689849	0.5451137215696076	centered_position_bootstrap	0.6522813741009191	False	False	4014	0.95	4000	position_bootstrap	mtDNA_position	False	paired nonparametric bootstrap of whole mtDNA positions
rna_coding	expanded_neutral_like_T95	unlabeled_out_of_neutral_domain_T95	G[T>A]T	3.165852990954552e-05	3.1843394162016584e-05	1.5025971962549405e-05	6.793363499303469e-05	1.3576283026507584e-05	2.331899670015165	0.03649087728067983	centered_position_bootstrap	0.283333421963658	True	False	4014	0.95	4000	position_bootstrap	mtDNA_position	False	paired nonparametric bootstrap of whole mtDNA positions
rna_coding	expanded_neutral_like_T95	unlabeled_out_of_neutral_domain_T95	T[T>A]A	0.0023863614562069186	0.002112541999579989	-0.0019026939810095145	0.011406554801509637	0.0036043604564517566	0.6620762504303264	0.5493626593351663	centered_position_bootstrap	0.6522813741009191	False	False	4014	0.95	4000	position_bootstrap	mtDNA_position	False	paired nonparametric bootstrap of whole mtDNA positions
rna_coding	expanded_neutral_like_T95	unlabeled_out_of_neutral_domain_T95	T[T>A]C	1.5449914378514593e-05	1.7428220495404077e-05	-2.394689549158046e-05	5.3365758649323404e-05	1.9128712164650023e-05	0.8076818891690016	0.37340664833791554	centered_position_bootstrap	0.49987503124218946	False	False	4014	0.95	4000	position_bootstrap	mtDNA_position	False	paired nonparametric bootstrap of whole mtDNA positions
rna_coding	expanded_neutral_like_T95	unlabeled_out_of_neutral_domain_T95	T[T>A]G	-6.067602737743912e-05	-5.371381854378378e-05	-0.00029850640427218136	4.755743704186067e-05	9.901016207490616e-05	-0.612826260515912	0.5766058485378656	centered_position_bootstrap	0.6629240893369472	False	False	4014	0.95	4000	position_bootstrap	mtDNA_position	False	paired nonparametric bootstrap of whole mtDNA positions
rna_coding	expanded_neutral_like_T95	unlabeled_out_of_neutral_domain_T95	T[T>A]T	-1.027457360147522e-05	-7.940010793204101e-06	-6.925391763341365e-05	2.5119015542485174e-05	2.450946956195337e-05	-0.4192083217265822	0.6548362909272681	centered_position_bootstrap	0.7096892443555777	False	False	4014	0.95	4000	position_bootstrap	mtDNA_position	False	paired nonparametric bootstrap of whole mtDNA positions
rna_coding	expanded_neutral_like_T95	unlabeled_out_of_neutral_domain_T95	T[A>T]T	1.2545795134432898e-05	1.2205031307732791e-05	-4.346642365662052e-06	3.806087619803316e-05	1.0545486059032675e-05	1.1896839144447846	0.20119970007498125	centered_position_bootstrap	0.34329879068694363	False	False	4014	0.95	4000	position_bootstrap	mtDNA_position	False	paired nonparametric bootstrap of whole mtDNA positions
rna_coding	expanded_neutral_like_T95	unlabeled_out_of_neutral_domain_T95	G[A>T]T	4.290661935976052e-05	4.290280218936447e-05	2.165332610430151e-05	8.819202015614699e-05	1.7240650393398793e-05	2.4886891376318885	0.02949262684328918	centered_position_bootstrap	0.283333421963658	True	False	4014	0.95	4000	position_bootstrap	mtDNA_position	False	paired nonparametric bootstrap of whole mtDNA positions
rna_coding	expanded_neutral_like_T95	unlabeled_out_of_neutral_domain_T95	C[A>T]T	5.417502444414202e-06	5.439869559268676e-06	-1.1081521844874526e-05	2.5213644002434727e-05	9.208692799735148e-06	0.5883030916798544	0.535616095976006	centered_position_bootstrap	0.650875255869577	False	False	4014	0.95	4000	position_bootstrap	mtDNA_position	False	paired nonparametric bootstrap of whole mtDNA positions
rna_coding	expanded_neutral_like_T95	unlabeled_out_of_neutral_domain_T95	A[A>T]T	1.506937461549699e-05	1.5625508982579503e-05	-4.3358525308479035e-06	4.3242243566375514e-05	1.192229596093104e-05	1.2639658220932293	0.16745813546613347	centered_position_bootstrap	0.29859201866200114	False	False	4014	0.95	4000	position_bootstrap	mtDNA_position	False	paired nonparametric bootstrap of whole mtDNA positions
rna_coding	expanded_neutral_like_T95	unlabeled_out_of_neutral_domain_T95	T[A>T]G	1.2619593929341335e-05	1.2764726895423185e-05	-9.871997665733298e-07	3.375496222076456e-05	8.725556383634083e-06	1.4462795694049984	0.13071732066983255	centered_position_bootstrap	0.283333421963658	False	False	4014	0.95	4000	position_bootstrap	mtDNA_position	False	paired nonparametric bootstrap of whole mtDNA positions
rna_coding	expanded_neutral_like_T95	unlabeled_out_of_neutral_domain_T95	G[A>T]G	-7.504244126707087e-05	-6.820910957954467e-05	-0.0003379737862960306	3.257512232931517e-05	0.00010312306115955668	-0.7276979603132786	0.5608597850537366	centered_position_bootstrap	0.6566163337214478	False	False	4014	0.95	4000	position_bootstrap	mtDNA_position	False	paired nonparametric bootstrap of whole mtDNA positions
rna_coding	expanded_neutral_like_T95	unlabeled_out_of_neutral_domain_T95	C[A>T]G	-4.729565626075899e-06	-2.4804893316145213e-06	-5.691207913158085e-05	3.28662741504538e-05	2.222465457564081e-05	-0.21280716017335582	0.8255436140964759	centered_position_bootstrap	0.8521740532608784	False	False	4014	0.95	4000	position_bootstrap	mtDNA_position	False	paired nonparametric bootstrap of whole mtDNA positions
rna_coding	expanded_neutral_like_T95	unlabeled_out_of_neutral_domain_T95	A[A>T]G	2.314272888875971e-06	4.210469914614857e-06	-4.755673167889922e-05	3.8199972199171744e-05	2.2401312830654106e-05	0.10330969914000328	0.8975256185953512	centered_position_bootstrap	0.9215236297877402	False	False	4014	0.95	4000	position_bootstrap	mtDNA_position	False	paired nonparametric bootstrap of whole mtDNA positions
rna_coding	expanded_neutral_like_T95	unlabeled_out_of_neutral_domain_T95	T[A>T]C	-1.986417562951878e-06	0.0	-4.981201346448481e-05	3.227055079041979e-05	2.073653189306123e-05	-0.09579314290334945	0.9277680579855037	centered_position_bootstrap	0.9471316381430958	False	False	4014	0.95	4000	position_bootstrap	mtDNA_position	False	paired nonparametric bootstrap of whole mtDNA positions
rna_coding	expanded_neutral_like_T95	unlabeled_out_of_neutral_domain_T95	G[A>T]C	-1.2224108079703848e-05	-7.376321846798468e-06	-0.00010697193689512815	4.531008483934503e-05	3.9126962522296917e-05	-0.31242159604742664	0.72831792051987	centered_position_bootstrap	0.7599839170642122	False	False	4014	0.95	4000	position_bootstrap	mtDNA_position	False	paired nonparametric bootstrap of whole mtDNA positions
rna_coding	expanded_neutral_like_T95	unlabeled_out_of_neutral_domain_T95	C[A>T]C	-0.00023746719048015608	-0.000210089191487632	-0.0008319600662223257	9.615861467633857e-06	0.0002315315023512003	-1.0256366328930573	0.20894776305923518	centered_position_bootstrap	0.34329879068694363	False	False	4014	0.95	4000	position_bootstrap	mtDNA_position	False	paired nonparametric bootstrap of whole mtDNA positions
rna_coding	expanded_neutral_like_T95	unlabeled_out_of_neutral_domain_T95	A[A>T]C	-3.7430016888679975e-05	-3.334635009548697e-05	-0.00012738470230468503	1.1397181206864561e-05	3.593419395549191e-05	-1.041626728431443	0.2411897025743564	centered_position_bootstrap	0.36740814796300925	False	False	4014	0.95	4000	position_bootstrap	mtDNA_position	False	paired nonparametric bootstrap of whole mtDNA positions
rna_coding	expanded_neutral_like_T95	unlabeled_out_of_neutral_domain_T95	T[A>T]A	1.913920571603267e-05	1.9136633651997512e-05	-5.525052127429824e-07	4.8537760616648224e-05	1.241901881475661e-05	1.5411205991000638	0.11122219445138715	centered_position_bootstrap	0.283333421963658	False	False	4014	0.95	4000	position_bootstrap	mtDNA_position	False	paired nonparametric bootstrap of whole mtDNA positions
rna_coding	expanded_neutral_like_T95	unlabeled_out_of_neutral_domain_T95	G[A>T]A	1.9304621386433722e-05	1.9377328456324633e-05	3.7838079631778196e-06	4.4006507040749934e-05	1.0319793352519095e-05	1.8706403051880298	0.06198450387403149	centered_position_bootstrap	0.283333421963658	True	False	4014	0.95	4000	position_bootstrap	mtDNA_position	False	paired nonparametric bootstrap of whole mtDNA positions
rna_coding	expanded_neutral_like_T95	unlabeled_out_of_neutral_domain_T95	C[A>T]A	-3.170978494987399e-05	-3.0013223130426674e-05	-9.229574820072205e-05	2.9677483508052224e-06	2.4661888409291378e-05	-1.285780894942632	0.14846288427893026	centered_position_bootstrap	0.284698056255167	False	False	4014	0.95	4000	position_bootstrap	mtDNA_position	False	paired nonparametric bootstrap of whole mtDNA positions
rna_coding	expanded_neutral_like_T95	unlabeled_out_of_neutral_domain_T95	A[A>T]A	-8.840649593357258e-06	-5.83951721907833e-06	-7.784368718147908e-05	3.203077386026465e-05	2.8681220953506775e-05	-0.3082382583254823	0.7158210447388152	centered_position_bootstrap	0.7510253584144947	False	False	4014	0.95	4000	position_bootstrap	mtDNA_position	False	paired nonparametric bootstrap of whole mtDNA positions
rna_coding	expanded_neutral_like_T95	unlabeled_out_of_neutral_domain_T95	A[T>C]A	-0.007538789440879271	-0.007454424822033194	-0.016965079920972986	-0.0031505122733747407	0.003566963846104086	-2.1135031825773334	0.04673831542114471	centered_position_bootstrap	0.283333421963658	True	False	4014	0.95	4000	position_bootstrap	mtDNA_position	False	paired nonparametric bootstrap of whole mtDNA positions
rna_coding	expanded_neutral_like_T95	unlabeled_out_of_neutral_domain_T95	A[T>C]C	-0.022125079982987624	-0.020147029273065317	-0.07534435857348588	-0.0013947167170110782	0.021723223139613865	-1.0184989511358904	0.142464383904024	centered_position_bootstrap	0.284698056255167	True	False	4014	0.95	4000	position_bootstrap	mtDNA_position	False	paired nonparametric bootstrap of whole mtDNA positions
rna_coding	expanded_neutral_like_T95	unlabeled_out_of_neutral_domain_T95	A[T>C]G	-0.0007065971045357386	-0.0006650874922505448	-0.0020495271707263846	-5.05754722827819e-05	0.0005197846182364372	-1.3594036447887439	0.1184703824043989	centered_position_bootstrap	0.283333421963658	True	False	4014	0.95	4000	position_bootstrap	mtDNA_position	False	paired nonparametric bootstrap of whole mtDNA positions
rna_coding	expanded_neutral_like_T95	unlabeled_out_of_neutral_domain_T95	A[T>C]T	-0.0014947111881225552	-0.0015024656623115365	-0.0033308336326994055	-0.0006614767292927328	0.0006798747612689951	-2.1985095980510545	0.04373906523369158	centered_position_bootstrap	0.283333421963658	True	False	4014	0.95	4000	position_bootstrap	mtDNA_position	False	paired nonparametric bootstrap of whole mtDNA positions
rna_coding	expanded_neutral_like_T95	unlabeled_out_of_neutral_domain_T95	C[T>C]A	-0.007715664007676234	-0.007046575357164533	-0.02358105621616971	-0.0014797402583145082	0.006037058414598906	-1.2780502486141427	0.11472131967008248	centered_position_bootstrap	0.283333421963658	True	False	4014	0.95	4000	position_bootstrap	mtDNA_position	False	paired nonparametric bootstrap of whole mtDNA positions
rna_coding	expanded_neutral_like_T95	unlabeled_out_of_neutral_domain_T95	C[T>C]C	-0.020747194455615858	-0.01952877925689988	-0.054625987091266155	-0.005354698624653196	0.01264339155850493	-1.6409516670912305	0.08197950512371907	centered_position_bootstrap	0.283333421963658	True	False	4014	0.95	4000	position_bootstrap	mtDNA_position	False	paired nonparametric bootstrap of whole mtDNA positions
rna_coding	expanded_neutral_like_T95	unlabeled_out_of_neutral_domain_T95	C[T>C]G	-0.003489796513644479	-0.0032350248074271546	-0.011091884182712182	-0.00010645178631804754	0.002952750232868335	-1.1818800231723126	0.13146713321669581	centered_position_bootstrap	0.283333421963658	True	False	4014	0.95	4000	position_bootstrap	mtDNA_position	False	paired nonparametric bootstrap of whole mtDNA positions
rna_coding	expanded_neutral_like_T95	unlabeled_out_of_neutral_domain_T95	C[T>C]T	-0.004866723029232096	-0.004608176521427134	-0.01328636121531038	-0.000988396078775076	0.003258729678544446	-1.4934417731162901	0.09597600599850037	centered_position_bootstrap	0.283333421963658	True	False	4014	0.95	4000	position_bootstrap	mtDNA_position	False	paired nonparametric bootstrap of whole mtDNA positions
rna_coding	expanded_neutral_like_T95	unlabeled_out_of_neutral_domain_T95	G[T>C]A	-0.021266451756585637	-0.018930679997714153	-0.07380715090811955	-0.0008631002952433611	0.020856494118816335	-1.0196561145623917	0.1517120719820045	centered_position_bootstrap	0.284698056255167	True	False	4014	0.95	4000	position_bootstrap	mtDNA_position	False	paired nonparametric bootstrap of whole mtDNA positions
rna_coding	expanded_neutral_like_T95	unlabeled_out_of_neutral_domain_T95	G[T>C]C	-0.008739669729113124	-0.00820972620238959	-0.026499221360773113	-0.0009370804817632926	0.006717527503488504	-1.3010247780265125	0.10672331917020744	centered_position_bootstrap	0.283333421963658	True	False	4014	0.95	4000	position_bootstrap	mtDNA_position	False	paired nonparametric bootstrap of whole mtDNA positions
rna_coding	expanded_neutral_like_T95	unlabeled_out_of_neutral_domain_T95	G[T>C]G	-0.002063783299614212	-0.0019902432632686673	-0.005430481274727748	-0.0005242190135161624	0.0012627966796707162	-1.6342957919024297	0.07823044238940265	centered_position_bootstrap	0.283333421963658	True	False	4014	0.95	4000	position_bootstrap	mtDNA_position	False	paired nonparametric bootstrap of whole mtDNA positions
rna_coding	expanded_neutral_like_T95	unlabeled_out_of_neutral_domain_T95	G[T>C]T	-0.008810382647179992	-0.00805856355075949	-0.026920185651504218	-0.0006713463318070676	0.006997470873857524	-1.2590810031229265	0.11647088227943014	centered_position_bootstrap	0.283333421963658	True	False	4014	0.95	4000	position_bootstrap	mtDNA_position	False	paired nonparametric bootstrap of whole mtDNA positions
rna_coding	expanded_neutral_like_T95	unlabeled_out_of_neutral_domain_T95	T[T>C]A	-0.0058315544169515775	-0.005369800091014589	-0.01810805070051852	-0.0010671400140231618	0.004637224271648948	-1.257552810763224	0.12246938265433642	centered_position_bootstrap	0.283333421963658	True	False	4014	0.95	4000	position_bootstrap	mtDNA_position	False	paired nonparametric bootstrap of whole mtDNA positions
rna_coding	expanded_neutral_like_T95	unlabeled_out_of_neutral_domain_T95	T[T>C]C	-0.0013827673368770556	-0.0013038594573195866	-0.0038018005378089937	-9.958538916608758e-05	0.000986102273824565	-1.4022554998418555	0.09697575606098476	centered_position_bootstrap	0.283333421963658	True	False	4014	0.95	4000	position_bootstrap	mtDNA_position	False	paired nonparametric bootstrap of whole mtDNA positions
rna_coding	expanded_neutral_like_T95	unlabeled_out_of_neutral_domain_T95	T[T>C]G	-0.0005959252688855628	-0.0005668125343655001	-0.0016526372931042143	-6.437377098869486e-05	0.0004237453946993947	-1.4063286028354658	0.11047238190452387	centered_position_bootstrap	0.283333421963658	True	False	4014	0.95	4000	position_bootstrap	mtDNA_position	False	paired nonparametric bootstrap of whole mtDNA positions
rna_coding	expanded_neutral_like_T95	unlabeled_out_of_neutral_domain_T95	T[T>C]T	-0.017165387630197933	-0.015963062490862236	-0.061308177737309115	-0.00042498393136446437	0.016920254650119135	-1.0144875467389654	0.15421144713821544	centered_position_bootstrap	0.284698056255167	True	False	4014	0.95	4000	position_bootstrap	mtDNA_position	False	paired nonparametric bootstrap of whole mtDNA positions
rna_coding	expanded_neutral_like_T95	unlabeled_out_of_neutral_domain_T95	T[A>G]T	-0.0010339826156628448	-0.0009482890633240594	-0.0029362692341838395	-0.0002183979129739393	0.0007370909581427343	-1.4027883590760568	0.09822544363909022	centered_position_bootstrap	0.283333421963658	True	False	4014	0.95	4000	position_bootstrap	mtDNA_position	False	paired nonparametric bootstrap of whole mtDNA positions
rna_coding	expanded_neutral_like_T95	unlabeled_out_of_neutral_domain_T95	G[A>G]T	-0.003033259618627515	-0.002816597900229654	-0.008767294094121941	-0.00029673283502403805	0.0022286320750779373	-1.3610409957513687	0.11297175706073481	centered_position_bootstrap	0.283333421963658	True	False	4014	0.95	4000	position_bootstrap	mtDNA_position	False	paired nonparametric bootstrap of whole mtDNA positions
rna_coding	expanded_neutral_like_T95	unlabeled_out_of_neutral_domain_T95	C[A>G]T	-0.0022742675261650837	-0.002114786298080292	-0.007860618066512988	-0.0001942632867289329	0.002131506905174379	-1.066976382128598	0.1464633841539615	centered_position_bootstrap	0.284698056255167	True	False	4014	0.95	4000	position_bootstrap	mtDNA_position	False	paired nonparametric bootstrap of whole mtDNA positions
rna_coding	expanded_neutral_like_T95	unlabeled_out_of_neutral_domain_T95	A[A>G]T	-0.00463588760898562	-0.004410725295712478	-0.012183886947731598	-0.0009956958054592499	0.0028928931240717053	-1.6025091180902926	0.07348162959260185	centered_position_bootstrap	0.283333421963658	True	False	4014	0.95	4000	position_bootstrap	mtDNA_position	False	paired nonparametric bootstrap of whole mtDNA positions
rna_coding	expanded_neutral_like_T95	unlabeled_out_of_neutral_domain_T95	T[A>G]G	-0.010505811946176658	-0.009584131287660098	-0.03239545887808817	-0.00017544496766293177	0.008651918645248119	-1.2142753968157978	0.12221944513871533	centered_position_bootstrap	0.283333421963658	True	False	4014	0.95	4000	position_bootstrap	mtDNA_position	False	paired nonparametric bootstrap of whole mtDNA positions
rna_coding	expanded_neutral_like_T95	unlabeled_out_of_neutral_domain_T95	G[A>G]G	-0.0007868420679914931	-0.0007439280957152343	-0.0021632488967857086	-0.00012931494567140273	0.00053099856706316	-1.481815802900089	0.09797550612346913	centered_position_bootstrap	0.283333421963658	True	False	4014	0.95	4000	position_bootstrap	mtDNA_position	False	paired nonparametric bootstrap of whole mtDNA positions
rna_coding	expanded_neutral_like_T95	unlabeled_out_of_neutral_domain_T95	C[A>G]G	-0.00132049472280039	-0.0011972196517179962	-0.004525055076952546	-0.000155700886236571	0.0011740405875903552	-1.124743673053606	0.13696575856035992	centered_position_bootstrap	0.283333421963658	True	False	4014	0.95	4000	position_bootstrap	mtDNA_position	False	paired nonparametric bootstrap of whole mtDNA positions
rna_coding	expanded_neutral_like_T95	unlabeled_out_of_neutral_domain_T95	A[A>G]G	-0.0005583183344413282	-0.000512562233465382	-0.0016142535225182899	-6.181916347370125e-05	0.0004022871331964315	-1.387860282791368	0.10622344413896526	centered_position_bootstrap	0.283333421963658	True	False	4014	0.95	4000	position_bootstrap	mtDNA_position	False	paired nonparametric bootstrap of whole mtDNA positions
rna_coding	expanded_neutral_like_T95	unlabeled_out_of_neutral_domain_T95	T[A>G]C	-0.001714278356827469	-0.0016938395451678808	-0.0041232899800013375	-0.0005776802259712092	0.0009181583982817973	-1.8670834575335769	0.06198450387403149	centered_position_bootstrap	0.283333421963658	True	False	4014	0.95	4000	position_bootstrap	mtDNA_position	False	paired nonparametric bootstrap of whole mtDNA positions
rna_coding	expanded_neutral_like_T95	unlabeled_out_of_neutral_domain_T95	G[A>G]C	-0.0015524617261223892	-0.0014917028150962933	-0.003825687359350388	-0.0003949802564403227	0.0008881998965363044	-1.7478742478765124	0.06573356660834791	centered_position_bootstrap	0.283333421963658	True	False	4014	0.95	4000	position_bootstrap	mtDNA_position	False	paired nonparametric bootstrap of whole mtDNA positions
rna_coding	expanded_neutral_like_T95	unlabeled_out_of_neutral_domain_T95	C[A>G]C	-0.004112787272384452	-0.0040265188044069505	-0.009587205827419355	-0.0014754973093158558	0.002170085021785481	-1.8952194181777147	0.058485378655336165	centered_position_bootstrap	0.283333421963658	True	False	4014	0.95	4000	position_bootstrap	mtDNA_position	False	paired nonparametric bootstrap of whole mtDNA positions
rna_coding	expanded_neutral_like_T95	unlabeled_out_of_neutral_domain_T95	A[A>G]C	-0.026294586864297684	-0.024539972944136765	-0.07609908563593606	-0.0035074362432533945	0.01924888242568652	-1.3660318704637668	0.10572356910772307	centered_position_bootstrap	0.283333421963658	True	False	4014	0.95	4000	position_bootstrap	mtDNA_position	False	paired nonparametric bootstrap of whole mtDNA positions
rna_coding	expanded_neutral_like_T95	unlabeled_out_of_neutral_domain_T95	T[A>G]A	0.17499019284363482	0.16492048705560675	-0.005338426547312	0.4166718479881444	0.1158834475619679	1.5100533900672912	0.2091977005748563	centered_position_bootstrap	0.34329879068694363	False	False	4014	0.95	4000	position_bootstrap	mtDNA_position	False	paired nonparametric bootstrap of whole mtDNA positions
rna_coding	expanded_neutral_like_T95	unlabeled_out_of_neutral_domain_T95	G[A>G]A	0.20775969268625824	0.19858009746924515	-0.0021709680255923387	0.499414211085738	0.16162937394216953	1.2854080147621805	0.43864033991502127	centered_position_bootstrap	0.5577413593621462	False	False	4014	0.95	4000	position_bootstrap	mtDNA_position	False	paired nonparametric bootstrap of whole mtDNA positions
rna_coding	expanded_neutral_like_T95	unlabeled_out_of_neutral_domain_T95	C[A>G]A	-0.00026898645164375866	-0.00026065741008245266	-0.000680017335919939	-6.613024304466457e-05	0.00016349637843344767	-1.6452135161712556	0.07873031742064483	centered_position_bootstrap	0.283333421963658	True	False	4014	0.95	4000	position_bootstrap	mtDNA_position	False	paired nonparametric bootstrap of whole mtDNA positions
rna_coding	expanded_neutral_like_T95	unlabeled_out_of_neutral_domain_T95	A[A>G]A	-0.020244432705855263	-0.01850072685865862	-0.06981774869542932	-0.0008509377520998587	0.01882671525263631	-1.0753034947517162	0.14871282179455136	centered_position_bootstrap	0.284698056255167	True	False	4014	0.95	4000	position_bootstrap	mtDNA_position	False	paired nonparametric bootstrap of whole mtDNA positions
rna_coding	expanded_neutral_like_T95	unlabeled_out_of_neutral_domain_T95	A[T>G]A	1.3391579076080064e-05	1.3196863883736326e-05	0.0	3.462874136541372e-05	8.654932935524724e-06	1.5472770471869832	0.10647338165458635	centered_position_bootstrap	0.283333421963658	False	False	4014	0.95	4000	position_bootstrap	mtDNA_position	False	paired nonparametric bootstrap of whole mtDNA positions
rna_coding	expanded_neutral_like_T95	unlabeled_out_of_neutral_domain_T95	A[T>G]C	6.771878055517763e-06	6.968078398234092e-06	-2.0689823962536985e-05	3.4081790213261357e-05	1.3614233921726855e-05	0.49741161305525783	0.5913521619595101	centered_position_bootstrap	0.6718320419895026	False	False	4014	0.95	4000	position_bootstrap	mtDNA_position	False	paired nonparametric bootstrap of whole mtDNA positions
rna_coding	expanded_neutral_like_T95	unlabeled_out_of_neutral_domain_T95	A[T>G]G	3.2634002819923676e-05	3.275528387648504e-05	1.2803092503354756e-05	7.239446378812059e-05	1.5385062020465443e-05	2.1211486035294125	0.048987753061734564	centered_position_bootstrap	0.283333421963658	True	False	4014	0.95	4000	position_bootstrap	mtDNA_position	False	paired nonparametric bootstrap of whole mtDNA positions
rna_coding	expanded_neutral_like_T95	unlabeled_out_of_neutral_domain_T95	A[T>G]T	1.5510383710720128e-05	1.5321390107054757e-05	1.5789438638255526e-06	3.926575385087005e-05	9.45395706083774e-06	1.6406234564963966	0.08847788052986753	centered_position_bootstrap	0.283333421963658	True	False	4014	0.95	4000	position_bootstrap	mtDNA_position	False	paired nonparametric bootstrap of whole mtDNA positions
rna_coding	expanded_neutral_like_T95	unlabeled_out_of_neutral_domain_T95	C[T>G]A	-1.3329907330334957e-05	-1.1501488937925443e-05	-5.715460776307653e-05	1.1948590625863892e-05	1.7800499960587042e-05	-0.748850164874546	0.4016495876030992	centered_position_bootstrap	0.5281967179438017	False	False	4014	0.95	4000	position_bootstrap	mtDNA_position	False	paired nonparametric bootstrap of whole mtDNA positions
rna_coding	expanded_neutral_like_T95	unlabeled_out_of_neutral_domain_T95	C[T>G]C	-0.002493891030921091	-0.0022377125782945375	-0.009341739461859204	-5.358459169015675e-06	0.002780012415060846	-0.8970790984278778	0.18245438640339914	centered_position_bootstrap	0.31846583808593304	True	False	4014	0.95	4000	position_bootstrap	mtDNA_position	False	paired nonparametric bootstrap of whole mtDNA positions
rna_coding	expanded_neutral_like_T95	unlabeled_out_of_neutral_domain_T95	C[T>G]G	-1.4534762655745462e-06	1.7458679817206924e-06	-8.986968922234364e-05	5.764925388456126e-05	3.7727359257346304e-05	-0.038525788557319286	0.9662584353911522	centered_position_bootstrap	0.9662584353911522	False	False	4014	0.95	4000	position_bootstrap	mtDNA_position	False	paired nonparametric bootstrap of whole mtDNA positions
rna_coding	expanded_neutral_like_T95	unlabeled_out_of_neutral_domain_T95	C[T>G]T	1.692133479551598e-05	1.6882057944441622e-05	4.121220723543332e-06	4.081833221824238e-05	9.370761615736291e-06	1.8057587514658398	0.06398400399900026	centered_position_bootstrap	0.283333421963658	True	False	4014	0.95	4000	position_bootstrap	mtDNA_position	False	paired nonparametric bootstrap of whole mtDNA positions
rna_coding	expanded_neutral_like_T95	unlabeled_out_of_neutral_domain_T95	G[T>G]A	2.929124202996834e-05	2.8990744869075147e-05	1.2838622567971071e-05	6.17805713417876e-05	1.2948336231183843e-05	2.2621626058354445	0.03649087728067983	centered_position_bootstrap	0.283333421963658	True	False	4014	0.95	4000	position_bootstrap	mtDNA_position	False	paired nonparametric bootstrap of whole mtDNA positions
rna_coding	expanded_neutral_like_T95	unlabeled_out_of_neutral_domain_T95	G[T>G]C	2.5539654380809838e-05	2.550846715812127e-05	5.86027487586457e-06	6.101152812342468e-05	1.434050729944719e-05	1.7809449726924487	0.06773306673331667	centered_position_bootstrap	0.283333421963658	True	False	4014	0.95	4000	position_bootstrap	mtDNA_position	False	paired nonparametric bootstrap of whole mtDNA positions
rna_coding	expanded_neutral_like_T95	unlabeled_out_of_neutral_domain_T95	G[T>G]G	-1.4114019526237012e-05	-1.1818331905524123e-05	-6.824853477254545e-05	2.259869717498897e-05	2.3460104692545705e-05	-0.601617925887673	0.5216195951012247	centered_position_bootstrap	0.6379042182129627	False	False	4014	0.95	4000	position_bootstrap	mtDNA_position	False	paired nonparametric bootstrap of whole mtDNA positions
rna_coding	expanded_neutral_like_T95	unlabeled_out_of_neutral_domain_T95	G[T>G]T	3.44519296074466e-05	3.4487900037581814e-05	1.708548462570646e-05	7.238721430157376e-05	1.4575584011617744e-05	2.363674044208866	0.03549112721819545	centered_position_bootstrap	0.283333421963658	True	False	4014	0.95	4000	position_bootstrap	mtDNA_position	False	paired nonparametric bootstrap of whole mtDNA positions
rna_coding	expanded_neutral_like_T95	unlabeled_out_of_neutral_domain_T95	T[T>G]A	1.3301903323338453e-05	1.3393385152428441e-05	-3.847361157593268e-06	3.594347515369122e-05	9.866041710740081e-06	1.3482512757733554	0.16395901024743814	centered_position_bootstrap	0.2969823581840389	False	False	4014	0.95	4000	position_bootstrap	mtDNA_position	False	paired nonparametric bootstrap of whole mtDNA positions
rna_coding	expanded_neutral_like_T95	unlabeled_out_of_neutral_domain_T95	T[T>G]C	3.2003394069780224e-05	3.206638790522208e-05	1.4159856793014566e-05	6.828022623359024e-05	1.4197710044278314e-05	2.2541236558551647	0.0379905023744064	centered_position_bootstrap	0.283333421963658	True	False	4014	0.95	4000	position_bootstrap	mtDNA_position	False	paired nonparametric bootstrap of whole mtDNA positions
rna_coding	expanded_neutral_like_T95	unlabeled_out_of_neutral_domain_T95	T[T>G]G	-2.600401173318819e-05	-2.2753865305356773e-05	-0.00019459065468458776	6.11980967120573e-05	7.095250337762135e-05	-0.36649886184833247	0.6340914771307173	centered_position_bootstrap	0.7040089688560519	False	False	4014	0.95	4000	position_bootstrap	mtDNA_position	False	paired nonparametric bootstrap of whole mtDNA positions
rna_coding	expanded_neutral_like_T95	unlabeled_out_of_neutral_domain_T95	T[T>G]T	1.575434618892867e-05	1.5947973415208713e-05	3.6278786312671602e-06	3.84019119756538e-05	8.785973099517043e-06	1.7931247922662854	0.07448137965508622	centered_position_bootstrap	0.283333421963658	True	False	4014	0.95	4000	position_bootstrap	mtDNA_position	False	paired nonparametric bootstrap of whole mtDNA positions
rna_coding	expanded_neutral_like_T95	unlabeled_out_of_neutral_domain_T95	T[A>C]T	-1.7773209773779938e-05	-1.4758431235889778e-05	-0.00011399288166035813	3.4035319735360755e-05	4.032701555817437e-05	-0.4407271286450869	0.6343414146463384	centered_position_bootstrap	0.7040089688560519	False	False	4014	0.95	4000	position_bootstrap	mtDNA_position	False	paired nonparametric bootstrap of whole mtDNA positions
rna_coding	expanded_neutral_like_T95	unlabeled_out_of_neutral_domain_T95	G[A>C]T	4.529032043530277e-05	4.5271448455195336e-05	2.2877944763859056e-05	9.264311508523897e-05	1.8150549170396164e-05	2.495258959391268	0.029742564358910272	centered_position_bootstrap	0.283333421963658	True	False	4014	0.95	4000	position_bootstrap	mtDNA_position	False	paired nonparametric bootstrap of whole mtDNA positions
rna_coding	expanded_neutral_like_T95	unlabeled_out_of_neutral_domain_T95	C[A>C]T	2.6004011733188196e-05	2.280306021361543e-05	-2.326605981393382e-05	0.00010412780938513455	3.276867128443016e-05	0.7935632027150228	0.37940514871282177	centered_position_bootstrap	0.502384748640426	False	False	4014	0.95	4000	position_bootstrap	mtDNA_position	False	paired nonparametric bootstrap of whole mtDNA positions
rna_coding	expanded_neutral_like_T95	unlabeled_out_of_neutral_domain_T95	A[A>C]T	2.7398862937267254e-05	2.732259609880557e-05	9.636377821704087e-06	6.435405750578971e-05	1.4170847422440178e-05	1.9334667942214885	0.05373656585853537	centered_position_bootstrap	0.283333421963658	True	False	4014	0.95	4000	position_bootstrap	mtDNA_position	False	paired nonparametric bootstrap of whole mtDNA positions
rna_coding	expanded_neutral_like_T95	unlabeled_out_of_neutral_domain_T95	T[A>C]G	1.7527213790751853e-05	1.7538830178299278e-05	4.353362068033725e-06	4.04212978814414e-05	9.263649850857861e-06	1.8920419136015534	0.05548612846788303	centered_position_bootstrap	0.283333421963658	True	False	4014	0.95	4000	position_bootstrap	mtDNA_position	False	paired nonparametric bootstrap of whole mtDNA positions
rna_coding	expanded_neutral_like_T95	unlabeled_out_of_neutral_domain_T95	G[A>C]G	1.4346349065763549e-05	1.4531038783670642e-05	-6.475469874142748e-06	4.27023303009724e-05	1.228395532665868e-05	1.1678932952995242	0.21444638840289929	centered_position_bootstrap	0.3459975342298879	False	False	4014	0.95	4000	position_bootstrap	mtDNA_position	False	paired nonparametric bootstrap of whole mtDNA positions
rna_coding	expanded_neutral_like_T95	unlabeled_out_of_neutral_domain_T95	C[A>C]G	8.51321812693661e-06	8.507696493261653e-06	-1.3880586749018862e-05	3.3825750830637514e-05	1.1625897674479436e-05	0.7322632940099225	0.4176455886028493	centered_position_bootstrap	0.5454962789914766	False	False	4014	0.95	4000	position_bootstrap	mtDNA_position	False	paired nonparametric bootstrap of whole mtDNA positions
rna_coding	expanded_neutral_like_T95	unlabeled_out_of_neutral_domain_T95	A[A>C]G	2.0249887777664752e-05	2.008342704199251e-05	7.954470962198814e-06	4.400430959417696e-05	9.262594123973948e-06	2.1862004862388273	0.03699075231192202	centered_position_bootstrap	0.283333421963658	True	False	4014	0.95	4000	position_bootstrap	mtDNA_position	False	paired nonparametric bootstrap of whole mtDNA positions
rna_coding	expanded_neutral_like_T95	unlabeled_out_of_neutral_domain_T95	T[A>C]C	2.383701075542251e-05	2.3926757183732666e-05	7.922847564620795e-06	5.372150517868557e-05	1.1823667047558104e-05	2.016042117859321	0.0519870032491877	centered_position_bootstrap	0.283333421963658	True	False	4014	0.95	4000	position_bootstrap	mtDNA_position	False	paired nonparametric bootstrap of whole mtDNA positions
rna_coding	expanded_neutral_like_T95	unlabeled_out_of_neutral_domain_T95	G[A>C]C	-9.320882410774187e-05	-8.015216573156843e-05	-0.00038295002949662217	2.6756534746159014e-05	0.00010961649535218968	-0.8503174983680041	0.3559110222444389	centered_position_bootstrap	0.48123180472487515	False	False	4014	0.95	4000	position_bootstrap	mtDNA_position	False	paired nonparametric bootstrap of whole mtDNA positions
rna_coding	expanded_neutral_like_T95	unlabeled_out_of_neutral_domain_T95	C[A>C]C	-0.0005950223518114937	-0.0005451786911867622	-0.001923930840844074	-4.189166826062931e-05	0.0005113264783162249	-1.1636838244146392	0.13396650837290677	centered_position_bootstrap	0.283333421963658	True	False	4014	0.95	4000	position_bootstrap	mtDNA_position	False	paired nonparametric bootstrap of whole mtDNA positions
rna_coding	expanded_neutral_like_T95	unlabeled_out_of_neutral_domain_T95	A[A>C]C	-1.3297505999925782e-05	-1.2234218010186472e-05	-4.8568346943270615e-05	1.021675959822507e-05	1.495633324704029e-05	-0.8890886409312407	0.32591852036990754	centered_position_bootstrap	0.45018961087066367	False	False	4014	0.95	4000	position_bootstrap	mtDNA_position	False	paired nonparametric bootstrap of whole mtDNA positions
rna_coding	expanded_neutral_like_T95	unlabeled_out_of_neutral_domain_T95	T[A>C]A	-0.00012570978299848734	-0.00011665760501013476	-0.0006004039917104672	4.8234193058163896e-05	0.00018561709898611939	-0.6772532470615115	0.5808547863034241	centered_position_bootstrap	0.6638340414896275	False	False	4014	0.95	4000	position_bootstrap	mtDNA_position	False	paired nonparametric bootstrap of whole mtDNA positions
rna_coding	expanded_neutral_like_T95	unlabeled_out_of_neutral_domain_T95	G[A>C]A	2.2661946844943933e-05	2.280869797191603e-05	8.579561879076781e-06	4.86971881377303e-05	1.02878085819091e-05	2.202796316097337	0.03974006498375406	centered_position_bootstrap	0.283333421963658	True	False	4014	0.95	4000	position_bootstrap	mtDNA_position	False	paired nonparametric bootstrap of whole mtDNA positions
rna_coding	expanded_neutral_like_T95	unlabeled_out_of_neutral_domain_T95	C[A>C]A	1.2574569893915548e-05	1.2718169418204872e-05	-8.634154589049898e-07	3.375555209535116e-05	8.797128384177334e-06	1.4293948371303056	0.13196700824793803	centered_position_bootstrap	0.283333421963658	False	False	4014	0.95	4000	position_bootstrap	mtDNA_position	False	paired nonparametric bootstrap of whole mtDNA positions
rna_coding	expanded_neutral_like_T95	unlabeled_out_of_neutral_domain_T95	A[A>C]A	-4.191122770184178e-05	-3.817762552755826e-05	-0.00022198617934075847	3.483386669660873e-05	7.058501702532865e-05	-0.5937694636639729	0.6100974756310922	centered_position_bootstrap	0.6890512665951158	False	False	4014	0.95	4000	position_bootstrap	mtDNA_position	False	paired nonparametric bootstrap of whole mtDNA positions
