functional_class	spectrum_group_primary_T95	substitution_type_192	n_variants	weighted_frequency	bootstrap_median	ci_lower	ci_upper	n_bootstrap_units	n_positions	n_effective_positions	top_position_share	MutSpec	MutSpec_median	MutSpec_q05	MutSpec_q95	confidence_level	n_simulations	resampling_method	bootstrap_unit	opportunities_resampled	uncertainty_model
control_region	expanded_neutral_like_T95	A[C>A]A	43	0.00013211669373166252	0.00012253072676728202	9.529401089380612e-06	0.000365946952352292	1122	43	1.2359121796620447	0.8992125984251969	0.00013211669373166252	0.00012253072676728202	9.529401089380612e-06	0.000365946952352292	0.9	4000	position_bootstrap	mtDNA_position	False	paired nonparametric bootstrap of whole mtDNA positions
control_region	expanded_neutral_like_T95	A[C>A]C	37	0.000787828565463438	0.0007289996186974012	0.00013895809705557956	0.0019259353068192195	1122	37	2.2200184204174924	0.6492753623188405	0.000787828565463438	0.0007289996186974012	0.00013895809705557956	0.0019259353068192195	0.9	4000	position_bootstrap	mtDNA_position	False	paired nonparametric bootstrap of whole mtDNA positions
control_region	expanded_neutral_like_T95	A[C>A]G	5	6.687571673706201e-06	6.566963035829357e-06	2.153624141143266e-06	1.3239877056831905e-05	1122	5	4.999999999999999	0.2	6.687571673706201e-06	6.566963035829357e-06	2.153624141143266e-06	1.3239877056831905e-05	0.9	4000	position_bootstrap	mtDNA_position	False	paired nonparametric bootstrap of whole mtDNA positions
control_region	expanded_neutral_like_T95	A[C>A]T	21	7.712999330341151e-05	7.393505558218427e-05	1.7749968599528457e-05	0.0001635882612259314	1122	21	3.5574705812433147	0.3930635838150289	7.712999330341151e-05	7.393505558218427e-05	1.7749968599528457e-05	0.0001635882612259314	0.9	4000	position_bootstrap	mtDNA_position	False	paired nonparametric bootstrap of whole mtDNA positions
control_region	expanded_neutral_like_T95	C[C>A]A	39	8.448113798040021e-05	7.778440672992747e-05	1.2178668540327995e-05	0.00022883881329554602	1122	39	1.6399843130419618	0.7783505154639175	8.448113798040021e-05	7.778440672992747e-05	1.2178668540327995e-05	0.00022883881329554602	0.9	4000	position_bootstrap	mtDNA_position	False	paired nonparametric bootstrap of whole mtDNA positions
control_region	expanded_neutral_like_T95	C[C>A]C	56	3.507259811099252e-05	3.453651517467262e-05	1.6526090304702634e-05	6.447857656167411e-05	1122	56	8.256151793655498	0.2669491525423729	3.507259811099252e-05	3.453651517467262e-05	1.6526090304702634e-05	6.447857656167411e-05	0.9	4000	position_bootstrap	mtDNA_position	False	paired nonparametric bootstrap of whole mtDNA positions
control_region	expanded_neutral_like_T95	C[C>A]G	8	7.149622080253176e-05	6.823875588646016e-05	3.4186404442190753e-06	0.00021196897885735977	1122	8	1.1886792452830193	0.9166666666666666	7.149622080253176e-05	6.823875588646016e-05	3.4186404442190753e-06	0.00021196897885735977	0.9	4000	position_bootstrap	mtDNA_position	False	paired nonparametric bootstrap of whole mtDNA positions
control_region	expanded_neutral_like_T95	C[C>A]T	20	4.1195441510030204e-05	3.993896320697569e-05	1.603309312676902e-05	7.840920555689037e-05	1122	20	5.811719500480307	0.3181818181818182	4.1195441510030204e-05	3.993896320697569e-05	1.603309312676902e-05	7.840920555689037e-05	0.9	4000	position_bootstrap	mtDNA_position	False	paired nonparametric bootstrap of whole mtDNA positions
control_region	expanded_neutral_like_T95	G[C>A]A	15	4.856848928029129e-05	4.4939172421857666e-05	6.733815929157636e-06	0.0001257879343319188	1122	15	1.7090052096254031	0.7590361445783133	4.856848928029129e-05	4.4939172421857666e-05	6.733815929157636e-06	0.0001257879343319188	0.9	4000	position_bootstrap	mtDNA_position	False	paired nonparametric bootstrap of whole mtDNA positions
control_region	expanded_neutral_like_T95	G[C>A]C	14	0.0003236784690073801	0.0002912224259250999	1.5319456214393503e-05	0.0008250783154987586	1122	14	1.8034674960736614	0.7045454545454546	0.0003236784690073801	0.0002912224259250999	1.5319456214393503e-05	0.0008250783154987586	0.9	4000	position_bootstrap	mtDNA_position	False	paired nonparametric bootstrap of whole mtDNA positions
control_region	expanded_neutral_like_T95	G[C>A]G	4	0.0062144259777914875	0.005939408417251822	2.8073283999080693e-06	0.019148304949424756	1122	4	1.0037755725836528	0.9981167608286252	0.0062144259777914875	0.005939408417251822	2.8073283999080693e-06	0.019148304949424756	0.9	4000	position_bootstrap	mtDNA_position	False	paired nonparametric bootstrap of whole mtDNA positions
control_region	expanded_neutral_like_T95	G[C>A]T	11	1.5320618743399662e-05	1.4667875456151542e-05	5.452944857157717e-06	3.2836509857724435e-05	1122	11	4.378378378378377	0.4444444444444444	1.5320618743399662e-05	1.4667875456151542e-05	5.452944857157717e-06	3.2836509857724435e-05	0.9	4000	position_bootstrap	mtDNA_position	False	paired nonparametric bootstrap of whole mtDNA positions
control_region	expanded_neutral_like_T95	T[C>A]A	20	0.00012733136466736608	0.00011974773398517256	2.5993214194028694e-05	0.00027471922663411527	1122	20	3.289885593943878	0.4117647058823529	0.00012733136466736608	0.00011974773398517256	2.5993214194028694e-05	0.00027471922663411527	0.9	4000	position_bootstrap	mtDNA_position	False	paired nonparametric bootstrap of whole mtDNA positions
control_region	expanded_neutral_like_T95	T[C>A]C	22	0.00011196109577063131	0.0001059567320375391	9.491585868376087e-06	0.00030499331088735756	1122	22	1.3874075696070327	0.8466898954703833	0.00011196109577063131	0.0001059567320375391	9.491585868376087e-06	0.00030499331088735756	0.9	4000	position_bootstrap	mtDNA_position	False	paired nonparametric bootstrap of whole mtDNA positions
control_region	expanded_neutral_like_T95	T[C>A]G	6	4.057126815381762e-05	3.792972035543648e-05	3.930455893200777e-06	0.00011486533824838102	1122	6	1.5156950672645744	0.8076923076923077	4.057126815381762e-05	3.792972035543648e-05	3.930455893200777e-06	0.00011486533824838102	0.9	4000	position_bootstrap	mtDNA_position	False	paired nonparametric bootstrap of whole mtDNA positions
control_region	expanded_neutral_like_T95	T[C>A]T	12	1.061094705561384e-05	1.0323483155922195e-05	4.44815770168679e-06	2.0826083472030313e-05	1122	12	6.1489361702127665	0.35294117647058826	1.061094705561384e-05	1.0323483155922195e-05	4.44815770168679e-06	2.0826083472030313e-05	0.9	4000	position_bootstrap	mtDNA_position	False	paired nonparametric bootstrap of whole mtDNA positions
control_region	expanded_neutral_like_T95	T[G>T]T	9	2.3406500857971707e-05	2.1388199172597617e-05	4.65884240267127e-06	5.885297093872564e-05	1122	9	2.1043771043771042	0.68	2.3406500857971707e-05	2.1388199172597617e-05	4.65884240267127e-06	5.885297093872564e-05	0.9	4000	position_bootstrap	mtDNA_position	False	paired nonparametric bootstrap of whole mtDNA positions
control_region	expanded_neutral_like_T95	G[G>T]T	8	0.00015635542573125098	0.00014109701218912226	2.1120060918980138e-05	0.0003748068087033588	1122	8	2.3521126760563384	0.5868263473053892	0.00015635542573125098	0.00014109701218912226	2.1120060918980138e-05	0.0003748068087033588	0.9	4000	position_bootstrap	mtDNA_position	False	paired nonparametric bootstrap of whole mtDNA positions
control_region	expanded_neutral_like_T95	C[G>T]T	6	4.8150516050684645e-05	4.4603009681150934e-05	3.3705578342957133e-06	0.00013568682430882531	1122	6	1.3416149068322984	0.8611111111111112	4.8150516050684645e-05	4.4603009681150934e-05	3.3705578342957133e-06	0.00013568682430882531	0.9	4000	position_bootstrap	mtDNA_position	False	paired nonparametric bootstrap of whole mtDNA positions
control_region	expanded_neutral_like_T95	A[G>T]T	11	1.6171764229144088e-05	1.527868819075878e-05	5.3683060037842625e-06	3.37611069301601e-05	1122	11	3.967032967032967	0.47368421052631576	1.6171764229144088e-05	1.527868819075878e-05	5.3683060037842625e-06	3.37611069301601e-05	0.9	4000	position_bootstrap	mtDNA_position	False	paired nonparametric bootstrap of whole mtDNA positions
control_region	expanded_neutral_like_T95	T[G>T]G	7	0.00011745807703273074	0.00011193143775634114	2.734626501269422e-06	0.00035097634846521455	1122	7	1.092598967297762	0.9565217391304348	0.00011745807703273074	0.00011193143775634114	2.734626501269422e-06	0.00035097634846521455	0.9	4000	position_bootstrap	mtDNA_position	False	paired nonparametric bootstrap of whole mtDNA positions
control_region	expanded_neutral_like_T95	G[G>T]G	13	1.3731813836676733e-05	1.3198688088615418e-05	5.56037380804638e-06	2.665222964948469e-05	1122	13	5.761904761904763	0.36363636363636365	1.3731813836676733e-05	1.3198688088615418e-05	5.56037380804638e-06	2.665222964948469e-05	0.9	4000	position_bootstrap	mtDNA_position	False	paired nonparametric bootstrap of whole mtDNA positions
control_region	expanded_neutral_like_T95	C[G>T]G	4	7.4900802745509465e-06	7.157601217520078e-06	1.8247700677479737e-06	1.5881018182594264e-05	1122	4	4.0	0.25	7.4900802745509465e-06	7.157601217520078e-06	1.8247700677479737e-06	1.5881018182594264e-05	0.9	4000	position_bootstrap	mtDNA_position	False	paired nonparametric bootstrap of whole mtDNA positions
control_region	expanded_neutral_like_T95	A[G>T]G	5	7.490080274550946e-05	6.872303147106737e-05	6.446984701216763e-06	0.0001955201911972087	1122	5	1.631728045325779	0.7708333333333334	7.490080274550946e-05	6.872303147106737e-05	6.446984701216763e-06	0.0001955201911972087	0.9	4000	position_bootstrap	mtDNA_position	False	paired nonparametric bootstrap of whole mtDNA positions
control_region	expanded_neutral_like_T95	T[G>T]C	13	9.362600343188683e-06	9.315739267617047e-06	4.948433554949018e-06	1.593339905783293e-05	1122	13	12.999999999999996	0.07692307692307693	9.362600343188683e-06	9.315739267617047e-06	4.948433554949018e-06	1.593339905783293e-05	0.9	4000	position_bootstrap	mtDNA_position	False	paired nonparametric bootstrap of whole mtDNA positions
control_region	expanded_neutral_like_T95	G[G>T]C	3	0.005324978945188563	0.005080835476470981	1.6778716389736825e-06	0.015449509450041529	1122	3	1.0017601752510534	0.9991208791208791	0.005324978945188563	0.005080835476470981	1.6778716389736825e-06	0.015449509450041529	0.9	4000	position_bootstrap	mtDNA_position	False	paired nonparametric bootstrap of whole mtDNA positions
control_region	expanded_neutral_like_T95	C[G>T]C	9	1.4043900514783023e-05	1.381520766881028e-05	5.7732770916163396e-06	2.592387820895826e-05	1122	9	7.258064516129031	0.2	1.4043900514783023e-05	1.381520766881028e-05	5.7732770916163396e-06	2.592387820895826e-05	0.9	4000	position_bootstrap	mtDNA_position	False	paired nonparametric bootstrap of whole mtDNA positions
control_region	expanded_neutral_like_T95	A[G>T]C	17	1.3003611587762058e-05	1.2546667589526072e-05	6.277814912103131e-06	2.3187185983984266e-05	1122	17	8.561643835616438	0.28	1.3003611587762058e-05	1.2546667589526072e-05	6.277814912103131e-06	2.3187185983984266e-05	0.9	4000	position_bootstrap	mtDNA_position	False	paired nonparametric bootstrap of whole mtDNA positions
control_region	expanded_neutral_like_T95	T[G>T]A	8	1.4564044978293505e-05	1.3644040125408659e-05	4.615933554263171e-06	2.9665232171637226e-05	1122	8	4.260869565217392	0.42857142857142855	1.4564044978293505e-05	1.3644040125408659e-05	4.615933554263171e-06	2.9665232171637226e-05	0.9	4000	position_bootstrap	mtDNA_position	False	paired nonparametric bootstrap of whole mtDNA positions
control_region	expanded_neutral_like_T95	G[G>T]A	7	8.192275300290098e-06	8.109077588977388e-06	3.278070438388888e-06	1.5237225665066044e-05	1122	7	7.0	0.14285714285714285	8.192275300290098e-06	8.109077588977388e-06	3.278070438388888e-06	1.5237225665066044e-05	0.9	4000	position_bootstrap	mtDNA_position	False	paired nonparametric bootstrap of whole mtDNA positions
control_region	expanded_neutral_like_T95	C[G>T]A	5	4.8373435106474856e-05	4.6114544383098474e-05	2.8921998284378972e-06	0.0001409121856384269	1122	5	1.311050477489768	0.8709677419354839	4.8373435106474856e-05	4.6114544383098474e-05	2.8921998284378972e-06	0.0001409121856384269	0.9	4000	position_bootstrap	mtDNA_position	False	paired nonparametric bootstrap of whole mtDNA positions
control_region	expanded_neutral_like_T95	A[G>T]A	8	2.0805778540419295e-05	1.9794545095488977e-05	5.264477360509583e-06	4.525810688623703e-05	1122	8	3.571428571428571	0.45	2.0805778540419295e-05	1.9794545095488977e-05	5.264477360509583e-06	4.525810688623703e-05	0.9	4000	position_bootstrap	mtDNA_position	False	paired nonparametric bootstrap of whole mtDNA positions
control_region	expanded_neutral_like_T95	A[C>G]A	41	0.00014106317850404282	0.00012659778856908044	1.8677836909270117e-05	0.000336942744590727	1122	41	2.2337528548520322	0.6342182890855457	0.00014106317850404282	0.00012659778856908044	1.8677836909270117e-05	0.000336942744590727	0.9	4000	position_bootstrap	mtDNA_position	False	paired nonparametric bootstrap of whole mtDNA positions
control_region	expanded_neutral_like_T95	A[C>G]C	39	0.0002087174808213282	0.0001963849415820173	4.402166166022579e-05	0.0004986417041279819	1122	39	2.49209767971887	0.6094091903719913	0.0002087174808213282	0.0001963849415820173	4.402166166022579e-05	0.0004986417041279819	0.9	4000	position_bootstrap	mtDNA_position	False	paired nonparametric bootstrap of whole mtDNA positions
control_region	expanded_neutral_like_T95	A[C>G]G	6	9.362600343188683e-06	9.12123470786555e-06	3.3240811566531394e-06	1.8157121195882614e-05	1122	6	5.444444444444445	0.2857142857142857	9.362600343188683e-06	9.12123470786555e-06	3.3240811566531394e-06	1.8157121195882614e-05	0.9	4000	position_bootstrap	mtDNA_position	False	paired nonparametric bootstrap of whole mtDNA positions
control_region	expanded_neutral_like_T95	A[C>G]T	21	5.260889716648878e-05	4.960418236287187e-05	9.842622640742128e-06	0.00013637991064182278	1122	21	1.9021857923497278	0.7203389830508474	5.260889716648878e-05	4.960418236287187e-05	9.842622640742128e-06	0.00013637991064182278	0.9	4000	position_bootstrap	mtDNA_position	False	paired nonparametric bootstrap of whole mtDNA positions
control_region	expanded_neutral_like_T95	C[C>G]A	39	1.8507465794675303e-05	1.811639493358147e-05	9.083516224632439e-06	3.419622499666832e-05	1122	39	8.821733821733828	0.2823529411764706	1.8507465794675303e-05	1.811639493358147e-05	9.083516224632439e-06	3.419622499666832e-05	0.9	4000	position_bootstrap	mtDNA_position	False	paired nonparametric bootstrap of whole mtDNA positions
control_region	expanded_neutral_like_T95	C[C>G]C	58	1.5307108497594194e-05	1.5285652317152605e-05	9.252035075974228e-06	2.4739252089105163e-05	1122	58	20.600000000000012	0.1262135922330097	1.5307108497594194e-05	1.5285652317152605e-05	9.252035075974228e-06	2.4739252089105163e-05	0.9	4000	position_bootstrap	mtDNA_position	False	paired nonparametric bootstrap of whole mtDNA positions
control_region	expanded_neutral_like_T95	C[C>G]G	8	6.809163885955406e-06	6.6982629517998344e-06	2.926676882462726e-06	1.2389232237149073e-05	1122	8	8.0	0.125	6.809163885955406e-06	6.6982629517998344e-06	2.926676882462726e-06	1.2389232237149073e-05	0.9	4000	position_bootstrap	mtDNA_position	False	paired nonparametric bootstrap of whole mtDNA positions
control_region	expanded_neutral_like_T95	C[C>G]T	23	0.00010935517200844381	0.00010071108801979018	9.991525702621874e-06	0.00029832869889808	1122	23	1.5810124235119578	0.7876712328767124	0.00010935517200844381	0.00010071108801979018	9.991525702621874e-06	0.00029832869889808	0.9	4000	position_bootstrap	mtDNA_position	False	paired nonparametric bootstrap of whole mtDNA positions
control_region	expanded_neutral_like_T95	G[C>G]A	15	9.947762864637976e-06	9.890925604575054e-06	5.2362085474410066e-06	1.6984498333769986e-05	1122	15	12.565217391304348	0.17647058823529413	9.947762864637976e-06	9.890925604575054e-06	5.2362085474410066e-06	1.6984498333769986e-05	0.9	4000	position_bootstrap	mtDNA_position	False	paired nonparametric bootstrap of whole mtDNA positions
control_region	expanded_neutral_like_T95	G[C>G]C	14	5.4169330557020235e-05	4.956379479940027e-05	7.867703058748229e-06	0.00012979025355018095	1122	14	2.2585197934595524	0.6296296296296297	5.4169330557020235e-05	4.956379479940027e-05	7.867703058748229e-06	0.00012979025355018095	0.9	4000	position_bootstrap	mtDNA_position	False	paired nonparametric bootstrap of whole mtDNA positions
control_region	expanded_neutral_like_T95	G[C>G]G	4	9.362600343188683e-06	9.058471915851967e-06	2.276945715302989e-06	1.9769079074838034e-05	1122	4	4.0	0.25	9.362600343188683e-06	9.058471915851967e-06	2.276945715302989e-06	1.9769079074838034e-05	0.9	4000	position_bootstrap	mtDNA_position	False	paired nonparametric bootstrap of whole mtDNA positions
control_region	expanded_neutral_like_T95	G[C>G]T	11	9.362600343188683e-06	9.413639612343447e-06	4.81221939677201e-06	1.6354336746579046e-05	1122	11	11.0	0.09090909090909091	9.362600343188683e-06	9.413639612343447e-06	4.81221939677201e-06	1.6354336746579046e-05	0.9	4000	position_bootstrap	mtDNA_position	False	paired nonparametric bootstrap of whole mtDNA positions
control_region	expanded_neutral_like_T95	T[C>G]A	19	0.000205977207550151	0.00019425529117253297	1.2091117194853995e-05	0.0005914123043508858	1122	19	1.3312385579495845	0.8636363636363636	0.000205977207550151	0.00019425529117253297	1.2091117194853995e-05	0.0005914123043508858	0.9	4000	position_bootstrap	mtDNA_position	False	paired nonparametric bootstrap of whole mtDNA positions
control_region	expanded_neutral_like_T95	T[C>G]C	22	9.362600343188683e-06	9.412890212941312e-06	5.537111153195808e-06	1.5143521041893098e-05	1122	22	19.199999999999996	0.125	9.362600343188683e-06	9.412890212941312e-06	5.537111153195808e-06	1.5143521041893098e-05	0.9	4000	position_bootstrap	mtDNA_position	False	paired nonparametric bootstrap of whole mtDNA positions
control_region	expanded_neutral_like_T95	T[C>G]G	6	9.362600343188683e-06	9.22579187644301e-06	3.4574124204833084e-06	1.8109458392824155e-05	1122	6	5.999999999999999	0.16666666666666666	9.362600343188683e-06	9.22579187644301e-06	3.4574124204833084e-06	1.8109458392824155e-05	0.9	4000	position_bootstrap	mtDNA_position	False	paired nonparametric bootstrap of whole mtDNA positions
control_region	expanded_neutral_like_T95	T[C>G]T	12	7.4900802745509465e-06	7.537520401649847e-06	3.98456627136295e-06	1.3129231007950711e-05	1122	12	11.999999999999996	0.08333333333333333	7.4900802745509465e-06	7.537520401649847e-06	3.98456627136295e-06	1.3129231007950711e-05	0.9	4000	position_bootstrap	mtDNA_position	False	paired nonparametric bootstrap of whole mtDNA positions
control_region	expanded_neutral_like_T95	T[G>C]T	9	7.67733228141472e-05	7.249238964358051e-05	4.746376593201628e-06	0.00022243105130233712	1122	9	1.259176029962547	0.8902439024390244	7.67733228141472e-05	7.249238964358051e-05	4.746376593201628e-06	0.00022243105130233712	0.9	4000	position_bootstrap	mtDNA_position	False	paired nonparametric bootstrap of whole mtDNA positions
control_region	expanded_neutral_like_T95	G[G>C]T	8	9.549852350052457e-05	8.93608979653839e-05	1.0123559752270301e-05	0.00023907154626884712	1122	8	2.0634668782229277	0.6568627450980392	9.549852350052457e-05	8.93608979653839e-05	1.0123559752270301e-05	0.00023907154626884712	0.9	4000	position_bootstrap	mtDNA_position	False	paired nonparametric bootstrap of whole mtDNA positions
control_region	expanded_neutral_like_T95	C[G>C]T	6	7.088825974128573e-05	6.576254470998138e-05	3.3705578342957133e-06	0.00020544022862694202	1122	6	1.2165439584235602	0.9056603773584906	7.088825974128573e-05	6.576254470998138e-05	3.3705578342957133e-06	0.00020544022862694202	0.9	4000	position_bootstrap	mtDNA_position	False	paired nonparametric bootstrap of whole mtDNA positions
control_region	expanded_neutral_like_T95	A[G>C]T	11	6.128247497359865e-05	5.655091591997314e-05	9.214940488928593e-06	0.00015075565289756054	1122	11	2.052256532066508	0.6805555555555556	6.128247497359865e-05	5.655091591997314e-05	9.214940488928593e-06	0.00015075565289756054	0.9	4000	position_bootstrap	mtDNA_position	False	paired nonparametric bootstrap of whole mtDNA positions
control_region	expanded_neutral_like_T95	T[G>C]G	7	6.809163885955406e-06	6.658997267206323e-06	2.6156379353587837e-06	1.2932629620342368e-05	1122	7	6.4	0.25	6.809163885955406e-06	6.658997267206323e-06	2.6156379353587837e-06	1.2932629620342368e-05	0.9	4000	position_bootstrap	mtDNA_position	False	paired nonparametric bootstrap of whole mtDNA positions
control_region	expanded_neutral_like_T95	G[G>C]G	14	9.362600343188683e-06	9.27824840638563e-06	5.054330308844396e-06	1.6049007139508594e-05	1122	14	13.235294117647058	0.13333333333333333	9.362600343188683e-06	9.27824840638563e-06	5.054330308844396e-06	1.6049007139508594e-05	0.9	4000	position_bootstrap	mtDNA_position	False	paired nonparametric bootstrap of whole mtDNA positions
control_region	expanded_neutral_like_T95	C[G>C]G	5	0.005119469867655572	0.0048359378163080405	3.6892162081657492e-06	0.015076253791226521	1122	5	1.0029320114682811	0.9985369422092173	0.005119469867655572	0.0048359378163080405	3.6892162081657492e-06	0.015076253791226521	0.9	4000	position_bootstrap	mtDNA_position	False	paired nonparametric bootstrap of whole mtDNA positions
control_region	expanded_neutral_like_T95	A[G>C]G	4	6.241733562125788e-06	6.085258136017942e-06	1.5037662423086514e-06	1.3023025279368556e-05	1122	4	4.0	0.25	6.241733562125788e-06	6.085258136017942e-06	1.5037662423086514e-06	1.3023025279368556e-05	0.9	4000	position_bootstrap	mtDNA_position	False	paired nonparametric bootstrap of whole mtDNA positions
control_region	expanded_neutral_like_T95	T[G>C]C	12	3.312920121435995e-05	3.0982143469042476e-05	8.502661176486834e-06	7.238952761427901e-05	1122	12	3.660899653979239	0.43478260869565216	3.312920121435995e-05	3.0982143469042476e-05	8.502661176486834e-06	7.238952761427901e-05	0.9	4000	position_bootstrap	mtDNA_position	False	paired nonparametric bootstrap of whole mtDNA positions
control_region	expanded_neutral_like_T95	G[G>C]C	2	0.00025747150943768876	0.0002454790388772829	0.0	0.0007436904345538282	1122	2	1.0183470796162262	0.990909090909091	0.00025747150943768876	0.0002454790388772829	0.0	0.0007436904345538282	0.9	4000	position_bootstrap	mtDNA_position	False	paired nonparametric bootstrap of whole mtDNA positions
control_region	expanded_neutral_like_T95	C[G>C]C	9	3.83866614070736e-05	3.6258352138719596e-05	1.0367947981753818e-05	8.02826439196416e-05	1122	9	4.0119331742243425	0.3902439024390244	3.83866614070736e-05	3.6258352138719596e-05	1.0367947981753818e-05	8.02826439196416e-05	0.9	4000	position_bootstrap	mtDNA_position	False	paired nonparametric bootstrap of whole mtDNA positions
control_region	expanded_neutral_like_T95	A[G>C]C	18	1.0402889270209648e-05	1.0363928953869847e-05	5.895849370753865e-06	1.691007773705958e-05	1122	18	16.66666666666666	0.1	1.0402889270209648e-05	1.0363928953869847e-05	5.895849370753865e-06	1.691007773705958e-05	0.9	4000	position_bootstrap	mtDNA_position	False	paired nonparametric bootstrap of whole mtDNA positions
control_region	expanded_neutral_like_T95	T[G>C]A	8	8.322311416167717e-06	8.226737307371295e-06	3.4592480669601084e-06	1.5063886000385647e-05	1122	8	8.0	0.125	8.322311416167717e-06	8.226737307371295e-06	3.4592480669601084e-06	1.5063886000385647e-05	0.9	4000	position_bootstrap	mtDNA_position	False	paired nonparametric bootstrap of whole mtDNA positions
control_region	expanded_neutral_like_T95	G[G>C]A	7	1.1703250428985854e-05	1.1169295570586992e-05	3.760507854916455e-06	2.3837107121703047e-05	1122	7	4.545454545454544	0.4	1.1703250428985854e-05	1.1169295570586992e-05	3.760507854916455e-06	2.3837107121703047e-05	0.9	4000	position_bootstrap	mtDNA_position	False	paired nonparametric bootstrap of whole mtDNA positions
control_region	expanded_neutral_like_T95	C[G>C]A	4	6.241733562125788e-06	6.096937623210683e-06	1.527598270397758e-06	1.3224521916013902e-05	1122	4	4.0	0.25	6.241733562125788e-06	6.096937623210683e-06	1.527598270397758e-06	1.3224521916013902e-05	0.9	4000	position_bootstrap	mtDNA_position	False	paired nonparametric bootstrap of whole mtDNA positions
control_region	expanded_neutral_like_T95	A[G>C]A	7	7.282022489146752e-06	7.143079815529858e-06	3.0071001751278447e-06	1.3589640179964978e-05	1122	7	7.0	0.14285714285714285	7.282022489146752e-06	7.143079815529858e-06	3.0071001751278447e-06	1.3589640179964978e-05	0.9	4000	position_bootstrap	mtDNA_position	False	paired nonparametric bootstrap of whole mtDNA positions
control_region	expanded_neutral_like_T95	A[C>T]A	41	0.004723952017602201	0.004495200693397034	0.001748852369960371	0.009079870164489339	1122	41	5.74494331577526	0.3332746091169346	0.004723952017602201	0.004495200693397034	0.001748852369960371	0.009079870164489339	0.9	4000	position_bootstrap	mtDNA_position	False	paired nonparametric bootstrap of whole mtDNA positions
control_region	expanded_neutral_like_T95	A[C>T]C	37	0.017483171826216313	0.016654334465418322	0.004906494673691456	0.03618447840772504	1122	37	3.974476122451682	0.3806507229529395	0.017483171826216313	0.016654334465418322	0.004906494673691456	0.03618447840772504	0.9	4000	position_bootstrap	mtDNA_position	False	paired nonparametric bootstrap of whole mtDNA positions
control_region	expanded_neutral_like_T95	A[C>T]G	5	6.420068806757953e-05	6.012961737407579e-05	4.466900663684208e-06	0.0001751070218150391	1122	5	1.4883720930232558	0.8125	6.420068806757953e-05	6.012961737407579e-05	4.466900663684208e-06	0.0001751070218150391	0.9	4000	position_bootstrap	mtDNA_position	False	paired nonparametric bootstrap of whole mtDNA positions
control_region	expanded_neutral_like_T95	A[C>T]T	21	0.01464355277485868	0.01345161026294854	0.0025681447528602274	0.03554051975890002	1122	21	2.4001360178052638	0.6107474501446186	0.01464355277485868	0.01345161026294854	0.0025681447528602274	0.03554051975890002	0.9	4000	position_bootstrap	mtDNA_position	False	paired nonparametric bootstrap of whole mtDNA positions
control_region	expanded_neutral_like_T95	C[C>T]A	41	0.003734371127582072	0.003576846574695099	0.001303444067194659	0.007695144520123925	1122	41	4.790167598576854	0.4042912949682234	0.003734371127582072	0.003576846574695099	0.001303444067194659	0.007695144520123925	0.9	4000	position_bootstrap	mtDNA_position	False	paired nonparametric bootstrap of whole mtDNA positions
control_region	expanded_neutral_like_T95	C[C>T]C	61	0.009201801397612012	0.009044688369992306	0.004044794848055306	0.01707161224990451	1122	61	7.231562208505462	0.25039568461513617	0.009201801397612012	0.009044688369992306	0.004044794848055306	0.01707161224990451	0.9	4000	position_bootstrap	mtDNA_position	False	paired nonparametric bootstrap of whole mtDNA positions
control_region	expanded_neutral_like_T95	C[C>T]G	9	0.0003481185036694701	0.0003103918544743561	2.8276859172156148e-05	0.0008864509581319947	1122	9	1.8163566674267344	0.7212713936430318	0.0003481185036694701	0.0003103918544743561	2.8276859172156148e-05	0.0008864509581319947	0.9	4000	position_bootstrap	mtDNA_position	False	paired nonparametric bootstrap of whole mtDNA positions
control_region	expanded_neutral_like_T95	C[C>T]T	23	0.030292880662393846	0.02872990394801761	0.003360865968373784	0.0766296594835609	1122	23	1.8552635937636617	0.7176095341707052	0.030292880662393846	0.02872990394801761	0.003360865968373784	0.0766296594835609	0.9	4000	position_bootstrap	mtDNA_position	False	paired nonparametric bootstrap of whole mtDNA positions
control_region	expanded_neutral_like_T95	G[C>T]A	16	0.001417848789471636	0.0013514255059676001	0.00021469035637689945	0.003129893988321315	1122	16	3.226187551963898	0.4077589764754437	0.001417848789471636	0.0013514255059676001	0.00021469035637689945	0.003129893988321315	0.9	4000	position_bootstrap	mtDNA_position	False	paired nonparametric bootstrap of whole mtDNA positions
control_region	expanded_neutral_like_T95	G[C>T]C	13	0.021521274403153927	0.02050329559921814	0.0044511627281956035	0.04533387423856543	1122	13	3.262067543379434	0.40520804201236754	0.021521274403153927	0.02050329559921814	0.0044511627281956035	0.04533387423856543	0.9	4000	position_bootstrap	mtDNA_position	False	paired nonparametric bootstrap of whole mtDNA positions
control_region	expanded_neutral_like_T95	G[C>T]G	4	0.0004142950651860992	0.00039562319075801084	2.934159112096693e-06	0.0012269233970531035	1122	4	1.1335070009768804	0.9378531073446328	0.0004142950651860992	0.00039562319075801084	2.934159112096693e-06	0.0012269233970531035	0.9	4000	position_bootstrap	mtDNA_position	False	paired nonparametric bootstrap of whole mtDNA positions
control_region	expanded_neutral_like_T95	G[C>T]T	10	0.0003183284116684152	0.00030126344936842953	2.1351342238156745e-05	0.0009181642989986692	1122	10	1.3029416696164091	0.8743315508021391	0.0003183284116684152	0.00030126344936842953	2.1351342238156745e-05	0.0009181642989986692	0.9	4000	position_bootstrap	mtDNA_position	False	paired nonparametric bootstrap of whole mtDNA positions
control_region	expanded_neutral_like_T95	T[C>T]A	19	0.010858369374016507	0.010284086476159474	0.0016564546901027067	0.026754880476352026	1122	19	2.1508087184939333	0.6599986204042215	0.010858369374016507	0.010284086476159474	0.0016564546901027067	0.026754880476352026	0.9	4000	position_bootstrap	mtDNA_position	False	paired nonparametric bootstrap of whole mtDNA positions
control_region	expanded_neutral_like_T95	T[C>T]C	20	0.022540070217879116	0.021134640660918	0.0008690665490106797	0.05071842748361453	1122	20	2.5726732814113644	0.5074508039253016	0.022540070217879116	0.021134640660918	0.0008690665490106797	0.05071842748361453	0.9	4000	position_bootstrap	mtDNA_position	False	paired nonparametric bootstrap of whole mtDNA positions
control_region	expanded_neutral_like_T95	T[C>T]G	6	0.004909123446611932	0.004730840758027604	0.00010300727533674698	0.01422922407135099	1122	6	1.122494909976446	0.9431023521932613	0.004909123446611932	0.004730840758027604	0.00010300727533674698	0.01422922407135099	0.9	4000	position_bootstrap	mtDNA_position	False	paired nonparametric bootstrap of whole mtDNA positions
control_region	expanded_neutral_like_T95	T[C>T]T	12	0.005546404443304976	0.005232160339355384	5.168944087423891e-05	0.01640154168142888	1122	12	1.1622533146248628	0.9255007877560207	0.005546404443304976	0.005232160339355384	5.168944087423891e-05	0.01640154168142888	0.9	4000	position_bootstrap	mtDNA_position	False	paired nonparametric bootstrap of whole mtDNA positions
control_region	expanded_neutral_like_T95	T[G>A]T	10	0.01382481566675241	0.012628679878130286	0.000607189100542484	0.03432097460653354	1122	10	2.0625951184869447	0.6555600704320736	0.01382481566675241	0.012628679878130286	0.000607189100542484	0.03432097460653354	0.9	4000	position_bootstrap	mtDNA_position	False	paired nonparametric bootstrap of whole mtDNA positions
control_region	expanded_neutral_like_T95	G[G>A]T	10	0.005629731586359355	0.005308073145334291	7.893092142168092e-05	0.01651676499964508	1122	10	1.053830135536157	0.9740562115416598	0.005629731586359355	0.005308073145334291	7.893092142168092e-05	0.01651676499964508	0.9	4000	position_bootstrap	mtDNA_position	False	paired nonparametric bootstrap of whole mtDNA positions
control_region	expanded_neutral_like_T95	C[G>A]T	6	0.00018457697819429116	0.00016824478510048547	5.416786447212689e-06	0.00045689037623861047	1122	6	2.1169408626056025	0.5434782608695652	0.00018457697819429116	0.00016824478510048547	5.416786447212689e-06	0.00045689037623861047	0.9	4000	position_bootstrap	mtDNA_position	False	paired nonparametric bootstrap of whole mtDNA positions
control_region	expanded_neutral_like_T95	A[G>A]T	10	0.001999340746013656	0.0018035875359627262	0.00011514791034475974	0.004995328425066277	1122	10	1.9378962285521628	0.6700723712217965	0.001999340746013656	0.0018035875359627262	0.00011514791034475974	0.004995328425066277	0.9	4000	position_bootstrap	mtDNA_position	False	paired nonparametric bootstrap of whole mtDNA positions
control_region	expanded_neutral_like_T95	T[G>A]G	9	0.0002187443898363174	0.0002126112081927036	4.6070653355687496e-05	0.00047586928803115326	1122	9	3.4524593591552963	0.3968871595330739	0.0002187443898363174	0.0002126112081927036	4.6070653355687496e-05	0.00047586928803115326	0.9	4000	position_bootstrap	mtDNA_position	False	paired nonparametric bootstrap of whole mtDNA positions
control_region	expanded_neutral_like_T95	G[G>A]G	13	0.00803061440103104	0.007544161117899943	0.00017055570716556831	0.0231456683598092	1122	13	1.1671959454952474	0.9242188714441163	0.00803061440103104	0.007544161117899943	0.00017055570716556831	0.0231456683598092	0.9	4000	position_bootstrap	mtDNA_position	False	paired nonparametric bootstrap of whole mtDNA positions
control_region	expanded_neutral_like_T95	C[G>A]G	5	0.039416547444824354	0.03723687091889957	1.524118375365408e-05	0.11611061689246037	1122	5	1.0022836693063788	0.9988598574821853	0.039416547444824354	0.03723687091889957	1.524118375365408e-05	0.11611061689246037	0.9	4000	position_bootstrap	mtDNA_position	False	paired nonparametric bootstrap of whole mtDNA positions
control_region	expanded_neutral_like_T95	A[G>A]G	5	0.018584761681229533	0.01727978369377458	1.1921764600159784e-05	0.05553148358756762	1122	5	1.0091156842524154	0.9954659949622167	0.018584761681229533	0.01727978369377458	1.1921764600159784e-05	0.05553148358756762	0.9	4000	position_bootstrap	mtDNA_position	False	paired nonparametric bootstrap of whole mtDNA positions
control_region	expanded_neutral_like_T95	T[G>A]C	13	0.0036247667328668186	0.003409008641756875	0.00032359702474658744	0.009717209805404463	1122	13	1.4547551823497142	0.8249552950526525	0.0036247667328668186	0.003409008641756875	0.00032359702474658744	0.009717209805404463	0.9	4000	position_bootstrap	mtDNA_position	False	paired nonparametric bootstrap of whole mtDNA positions
control_region	expanded_neutral_like_T95	G[G>A]C	4	0.03225883948245661	0.03077743034948408	6.494181264923742e-06	0.09358721978307141	1122	4	1.0023251041369232	0.9988390654476854	0.03225883948245661	0.03077743034948408	6.494181264923742e-06	0.09358721978307141	0.9	4000	position_bootstrap	mtDNA_position	False	paired nonparametric bootstrap of whole mtDNA positions
control_region	expanded_neutral_like_T95	C[G>A]C	10	0.01200285363996789	0.01104313421306155	0.0003881083955619092	0.033192449983458334	1122	10	1.4205367740700672	0.8290171606864275	0.01200285363996789	0.01104313421306155	0.0003881083955619092	0.033192449983458334	0.9	4000	position_bootstrap	mtDNA_position	False	paired nonparametric bootstrap of whole mtDNA positions
control_region	expanded_neutral_like_T95	A[G>A]C	18	0.011617426592506622	0.010641195180671623	0.0020680559275104773	0.026327891457207184	1122	18	2.6483749495670907	0.5683904186254757	0.011617426592506622	0.010641195180671623	0.0020680559275104773	0.026327891457207184	0.9	4000	position_bootstrap	mtDNA_position	False	paired nonparametric bootstrap of whole mtDNA positions
control_region	expanded_neutral_like_T95	T[G>A]A	8	0.015944508384450325	0.014830171763100109	0.00019687164038432876	0.038129669193220916	1122	8	2.2293976014340533	0.544790239446728	0.015944508384450325	0.014830171763100109	0.00019687164038432876	0.038129669193220916	0.9	4000	position_bootstrap	mtDNA_position	False	paired nonparametric bootstrap of whole mtDNA positions
control_region	expanded_neutral_like_T95	G[G>A]A	7	0.0035226783791247416	0.0033322581281391107	2.927782662445421e-05	0.010392744206599646	1122	7	1.0472750458380062	0.9770764119601328	0.0035226783791247416	0.0033322581281391107	2.927782662445421e-05	0.010392744206599646	0.9	4000	position_bootstrap	mtDNA_position	False	paired nonparametric bootstrap of whole mtDNA positions
control_region	expanded_neutral_like_T95	C[G>A]A	6	0.00027619671012406614	0.00026928405051686516	7.529733143410521e-05	0.0005836177013992642	1122	6	3.9873997709049256	0.3050847457627119	0.00027619671012406614	0.00026928405051686516	7.529733143410521e-05	0.0005836177013992642	0.9	4000	position_bootstrap	mtDNA_position	False	paired nonparametric bootstrap of whole mtDNA positions
control_region	expanded_neutral_like_T95	A[G>A]A	7	0.0008207879634195411	0.0007245313574067316	4.773119607394941e-05	0.0021060474021181675	1122	7	1.7502621790239914	0.7287705956907478	0.0008207879634195411	0.0007245313574067316	4.773119607394941e-05	0.0021060474021181675	0.9	4000	position_bootstrap	mtDNA_position	False	paired nonparametric bootstrap of whole mtDNA positions
control_region	expanded_neutral_like_T95	A[T>A]A	22	8.582383647922958e-06	8.608408342541946e-06	5.282285521525979e-06	1.3913011787967496e-05	1122	22	22.0	0.045454545454545456	8.582383647922958e-06	8.608408342541946e-06	5.282285521525979e-06	1.3913011787967496e-05	0.9	4000	position_bootstrap	mtDNA_position	False	paired nonparametric bootstrap of whole mtDNA positions
control_region	expanded_neutral_like_T95	A[T>A]C	19	9.362600343188683e-06	9.33715983924478e-06	5.232691187401772e-06	1.593473780199515e-05	1122	19	14.400000000000006	0.16666666666666666	9.362600343188683e-06	9.33715983924478e-06	5.232691187401772e-06	1.593473780199515e-05	0.9	4000	position_bootstrap	mtDNA_position	False	paired nonparametric bootstrap of whole mtDNA positions
control_region	expanded_neutral_like_T95	A[T>A]G	11	2.8087801029566046e-05	2.6000296859381324e-05	5.535385750264773e-06	6.72532281303079e-05	1122	11	2.449275362318841	0.6153846153846154	2.8087801029566046e-05	2.6000296859381324e-05	5.535385750264773e-06	6.72532281303079e-05	0.9	4000	position_bootstrap	mtDNA_position	False	paired nonparametric bootstrap of whole mtDNA positions
control_region	expanded_neutral_like_T95	A[T>A]T	22	3.8264540533032e-05	3.7099270968829445e-05	1.0551343563723153e-05	7.949507285204113e-05	1122	22	4.117427772600186	0.3404255319148936	3.8264540533032e-05	3.7099270968829445e-05	1.0551343563723153e-05	7.949507285204113e-05	0.9	4000	position_bootstrap	mtDNA_position	False	paired nonparametric bootstrap of whole mtDNA positions
control_region	expanded_neutral_like_T95	C[T>A]A	18	1.8725200686377365e-05	1.7686728126964402e-05	7.279975708151975e-06	3.8018426421105966e-05	1122	18	4.767567567567568	0.42857142857142855	1.8725200686377365e-05	1.7686728126964402e-05	7.279975708151975e-06	3.8018426421105966e-05	0.9	4000	position_bootstrap	mtDNA_position	False	paired nonparametric bootstrap of whole mtDNA positions
control_region	expanded_neutral_like_T95	C[T>A]C	21	6.375484995599912e-05	6.160130877735015e-05	1.8054794007947035e-05	0.000127972615695747	1122	21	4.097174914846723	0.3776223776223776	6.375484995599912e-05	6.160130877735015e-05	1.8054794007947035e-05	0.000127972615695747	0.9	4000	position_bootstrap	mtDNA_position	False	paired nonparametric bootstrap of whole mtDNA positions
control_region	expanded_neutral_like_T95	C[T>A]G	12	9.362600343188683e-06	9.343720794617296e-06	4.814937428065999e-06	1.6659075950040217e-05	1122	12	11.266666666666664	0.15384615384615385	9.362600343188683e-06	9.343720794617296e-06	4.814937428065999e-06	1.6659075950040217e-05	0.9	4000	position_bootstrap	mtDNA_position	False	paired nonparametric bootstrap of whole mtDNA positions
control_region	expanded_neutral_like_T95	C[T>A]T	15	0.00020873091353344178	0.00019075265897784075	6.610144196142586e-06	0.0005861146931810079	1122	15	1.157340488103583	0.9287598944591029	0.00020873091353344178	0.00019075265897784075	6.610144196142586e-06	0.0005861146931810079	0.9	4000	position_bootstrap	mtDNA_position	False	paired nonparametric bootstrap of whole mtDNA positions
control_region	expanded_neutral_like_T95	G[T>A]A	19	8.278509777135255e-05	7.419953917289023e-05	7.5393976995040214e-06	0.00021504594827196388	1122	19	1.8353492001560674	0.7142857142857143	8.278509777135255e-05	7.419953917289023e-05	7.5393976995040214e-06	0.00021504594827196388	0.9	4000	position_bootstrap	mtDNA_position	False	paired nonparametric bootstrap of whole mtDNA positions
control_region	expanded_neutral_like_T95	G[T>A]C	8	6.366568233368305e-05	5.886460346412291e-05	9.785195187228299e-06	0.00011879774153281773	1122	8	2.107566089334549	0.6617647058823529	6.366568233368305e-05	5.886460346412291e-05	9.785195187228299e-06	0.00011879774153281773	0.9	4000	position_bootstrap	mtDNA_position	False	paired nonparametric bootstrap of whole mtDNA positions
control_region	expanded_neutral_like_T95	G[T>A]G	4	2.0597720755015102e-05	1.9027760848912423e-05	2.044133339171107e-06	5.136317725890575e-05	1122	4	1.8059701492537317	0.7272727272727273	2.0597720755015102e-05	1.9027760848912423e-05	2.044133339171107e-06	5.136317725890575e-05	0.9	4000	position_bootstrap	mtDNA_position	False	paired nonparametric bootstrap of whole mtDNA positions
control_region	expanded_neutral_like_T95	G[T>A]T	2	3.7450401372754733e-06	3.5239008788320712e-06	0.0	9.303289672028213e-06	1122	2	2.0	0.5	3.7450401372754733e-06	3.5239008788320712e-06	0.0	9.303289672028213e-06	0.9	4000	position_bootstrap	mtDNA_position	False	paired nonparametric bootstrap of whole mtDNA positions
control_region	expanded_neutral_like_T95	T[T>A]A	16	1.5084189441803986e-05	1.4530771130130702e-05	5.791860285824622e-06	3.146886641717606e-05	1122	16	4.497326203208556	0.4482758620689655	1.5084189441803986e-05	1.4530771130130702e-05	5.791860285824622e-06	3.146886641717606e-05	0.9	4000	position_bootstrap	mtDNA_position	False	paired nonparametric bootstrap of whole mtDNA positions
control_region	expanded_neutral_like_T95	T[T>A]C	10	1.4980160549101893e-05	1.4045901205583707e-05	4.027434533580959e-06	3.540410660264048e-05	1122	10	3.096774193548388	0.5416666666666666	1.4980160549101893e-05	1.4045901205583707e-05	4.027434533580959e-06	3.540410660264048e-05	0.9	4000	position_bootstrap	mtDNA_position	False	paired nonparametric bootstrap of whole mtDNA positions
control_region	expanded_neutral_like_T95	T[T>A]G	12	0.0005586351538102581	0.0005330813231822763	6.969951666869595e-06	0.0017143967573695284	1122	12	1.0670818520152867	0.9678770949720671	0.0005586351538102581	0.0005330813231822763	6.969951666869595e-06	0.0017143967573695284	0.9	4000	position_bootstrap	mtDNA_position	False	paired nonparametric bootstrap of whole mtDNA positions
control_region	expanded_neutral_like_T95	T[T>A]T	19	5.289869193901606e-05	4.895606794670185e-05	1.101816517524557e-05	0.00012533365710493827	1122	19	2.3979342723004717	0.6283185840707964	5.289869193901606e-05	4.895606794670185e-05	1.101816517524557e-05	0.00012533365710493827	0.9	4000	position_bootstrap	mtDNA_position	False	paired nonparametric bootstrap of whole mtDNA positions
control_region	expanded_neutral_like_T95	T[A>T]T	16	1.3107640480464156e-05	1.2626380205549552e-05	5.12615192138764e-06	2.6511746724962812e-05	1122	16	4.839506172839511	0.42857142857142855	1.3107640480464156e-05	1.2626380205549552e-05	5.12615192138764e-06	2.6511746724962812e-05	0.9	4000	position_bootstrap	mtDNA_position	False	paired nonparametric bootstrap of whole mtDNA positions
control_region	expanded_neutral_like_T95	G[A>T]T	7	1.5604333905314468e-05	1.3945342566371267e-05	3.415167169500192e-06	3.7943446236167706e-05	1122	7	2.586206896551725	0.6	1.5604333905314468e-05	1.3945342566371267e-05	3.415167169500192e-06	3.7943446236167706e-05	0.9	4000	position_bootstrap	mtDNA_position	False	paired nonparametric bootstrap of whole mtDNA positions
control_region	expanded_neutral_like_T95	C[A>T]T	30	9.362600343188683e-06	9.43025824818118e-06	5.823904938924588e-06	1.498363932681008e-05	1122	30	24.08333333333334	0.11764705882352941	9.362600343188683e-06	9.43025824818118e-06	5.823904938924588e-06	1.498363932681008e-05	0.9	4000	position_bootstrap	mtDNA_position	False	paired nonparametric bootstrap of whole mtDNA positions
control_region	expanded_neutral_like_T95	A[A>T]T	18	6.420068806757953e-05	5.932140814196243e-05	1.3426984004917395e-05	0.00015395343771980059	1122	18	2.4150943396226423	0.625	6.420068806757953e-05	5.932140814196243e-05	1.3426984004917395e-05	0.00015395343771980059	0.9	4000	position_bootstrap	mtDNA_position	False	paired nonparametric bootstrap of whole mtDNA positions
control_region	expanded_neutral_like_T95	T[A>T]G	9	3.432953459169183e-05	3.225442551276315e-05	6.173824646741507e-06	8.439517884189402e-05	1122	9	1.9981651376146787	0.696969696969697	3.432953459169183e-05	3.225442551276315e-05	6.173824646741507e-06	8.439517884189402e-05	0.9	4000	position_bootstrap	mtDNA_position	False	paired nonparametric bootstrap of whole mtDNA positions
control_region	expanded_neutral_like_T95	G[A>T]G	5	9.362600343188683e-06	9.061297445174922e-06	2.865520806010718e-06	1.8740468433351465e-05	1122	5	4.999999999999999	0.2	9.362600343188683e-06	9.061297445174922e-06	2.865520806010718e-06	1.8740468433351465e-05	0.9	4000	position_bootstrap	mtDNA_position	False	paired nonparametric bootstrap of whole mtDNA positions
control_region	expanded_neutral_like_T95	C[A>T]G	15	8.842455879678199e-06	8.78557847903045e-06	4.656882166785685e-06	1.5531305060424032e-05	1122	15	12.565217391304348	0.17647058823529413	8.842455879678199e-06	8.78557847903045e-06	4.656882166785685e-06	1.5531305060424032e-05	0.9	4000	position_bootstrap	mtDNA_position	False	paired nonparametric bootstrap of whole mtDNA positions
control_region	expanded_neutral_like_T95	A[A>T]G	12	0.0005876832215416896	0.0005447769032888681	7.4639417626165675e-06	0.0017318458583850842	1122	12	1.21578895474315	0.9031862745098039	0.0005876832215416896	0.0005447769032888681	7.4639417626165675e-06	0.0017318458583850842	0.9	4000	position_bootstrap	mtDNA_position	False	paired nonparametric bootstrap of whole mtDNA positions
control_region	expanded_neutral_like_T95	T[A>T]C	27	5.374826122941651e-05	5.0832652084903724e-05	1.0843518640959761e-05	0.00011963917307558808	1122	27	3.140112403607372	0.4645161290322581	5.374826122941651e-05	5.0832652084903724e-05	1.0843518640959761e-05	0.00011963917307558808	0.9	4000	position_bootstrap	mtDNA_position	False	paired nonparametric bootstrap of whole mtDNA positions
control_region	expanded_neutral_like_T95	G[A>T]C	9	6.647446243663965e-05	6.223599105613782e-05	1.0844563073442734e-05	0.00015164037624455407	1122	9	3.1447286338116043	0.4507042253521127	6.647446243663965e-05	6.223599105613782e-05	1.0844563073442734e-05	0.00015164037624455407	0.9	4000	position_bootstrap	mtDNA_position	False	paired nonparametric bootstrap of whole mtDNA positions
control_region	expanded_neutral_like_T95	C[A>T]C	42	0.0003033482511193133	0.00027792155308009234	6.470704783406107e-05	0.0006846992921024028	1122	42	3.0698548949837106	0.5054869684499315	0.0003033482511193133	0.00027792155308009234	6.470704783406107e-05	0.0006846992921024028	0.9	4000	position_bootstrap	mtDNA_position	False	paired nonparametric bootstrap of whole mtDNA positions
control_region	expanded_neutral_like_T95	A[A>T]C	28	2.486940716159494e-05	2.412051521377806e-05	1.1298878015458439e-05	4.594559841611379e-05	1122	28	7.4407826982492296	0.29411764705882354	2.486940716159494e-05	2.412051521377806e-05	1.1298878015458439e-05	4.594559841611379e-05	0.9	4000	position_bootstrap	mtDNA_position	False	paired nonparametric bootstrap of whole mtDNA positions
control_region	expanded_neutral_like_T95	T[A>T]A	23	1.83651006731778e-05	1.7971925895942075e-05	8.06138603182254e-06	3.472381119731794e-05	1122	23	6.899204244031832	0.3137254901960784	1.83651006731778e-05	1.7971925895942075e-05	8.06138603182254e-06	3.472381119731794e-05	0.9	4000	position_bootstrap	mtDNA_position	False	paired nonparametric bootstrap of whole mtDNA positions
control_region	expanded_neutral_like_T95	G[A>T]A	7	1.1703250428985854e-05	1.1277137344188442e-05	3.981776646336127e-06	2.3948890062766588e-05	1122	7	4.545454545454544	0.4	1.1703250428985854e-05	1.1277137344188442e-05	3.981776646336127e-06	2.3948890062766588e-05	0.9	4000	position_bootstrap	mtDNA_position	False	paired nonparametric bootstrap of whole mtDNA positions
control_region	expanded_neutral_like_T95	C[A>T]A	27	9.011502830319106e-05	8.51903939635999e-05	2.2521536356849044e-05	0.00019018684682715388	1122	27	3.9235668789808917	0.38636363636363635	9.011502830319106e-05	8.51903939635999e-05	2.2521536356849044e-05	0.00019018684682715388	0.9	4000	position_bootstrap	mtDNA_position	False	paired nonparametric bootstrap of whole mtDNA positions
control_region	expanded_neutral_like_T95	A[A>T]A	25	4.494048164730567e-05	4.298942818365946e-05	1.3830395819642557e-05	9.071714602012844e-05	1122	25	4.591674047829936	0.3680555555555556	4.494048164730567e-05	4.298942818365946e-05	1.3830395819642557e-05	9.071714602012844e-05	0.9	4000	position_bootstrap	mtDNA_position	False	paired nonparametric bootstrap of whole mtDNA positions
control_region	expanded_neutral_like_T95	A[T>C]A	22	0.0165164072220801	0.015191958611730873	0.0016793103060896168	0.042613330513598335	1122	22	1.7291570436719386	0.7478624403609051	0.0165164072220801	0.015191958611730873	0.0016793103060896168	0.042613330513598335	0.9	4000	position_bootstrap	mtDNA_position	False	paired nonparametric bootstrap of whole mtDNA positions
control_region	expanded_neutral_like_T95	A[T>C]C	22	0.009564286358914872	0.008925524923126586	0.001731765438019655	0.021727456024085712	1122	22	2.960434318180636	0.5125423175755598	0.009564286358914872	0.008925524923126586	0.001731765438019655	0.021727456024085712	0.9	4000	position_bootstrap	mtDNA_position	False	paired nonparametric bootstrap of whole mtDNA positions
control_region	expanded_neutral_like_T95	A[T>C]G	11	0.0049758619823915854	0.004491276620228467	9.780674209647622e-05	0.013350373309252483	1122	11	1.57476363591497	0.7747865103488204	0.0049758619823915854	0.004491276620228467	9.780674209647622e-05	0.013350373309252483	0.9	4000	position_bootstrap	mtDNA_position	False	paired nonparametric bootstrap of whole mtDNA positions
control_region	expanded_neutral_like_T95	A[T>C]T	22	0.002067506397524144	0.0019489014059937278	0.00029801302455127905	0.005440462678653614	1122	22	1.7930526185406555	0.7385312069304981	0.002067506397524144	0.0019489014059937278	0.00029801302455127905	0.005440462678653614	0.9	4000	position_bootstrap	mtDNA_position	False	paired nonparametric bootstrap of whole mtDNA positions
control_region	expanded_neutral_like_T95	C[T>C]A	19	0.03746600570666004	0.03455658689987427	0.0032346037139463976	0.09599230503342186	1122	19	1.6983601431490416	0.7543166537752127	0.03746600570666004	0.03455658689987427	0.0032346037139463976	0.09599230503342186	0.9	4000	position_bootstrap	mtDNA_position	False	paired nonparametric bootstrap of whole mtDNA positions
control_region	expanded_neutral_like_T95	C[T>C]C	20	0.03524617774910117	0.033593020014486	0.007328238918378507	0.07568092175738705	1122	20	3.169393139427433	0.47604229912973084	0.03524617774910117	0.033593020014486	0.007328238918378507	0.07568092175738705	0.9	4000	position_bootstrap	mtDNA_position	False	paired nonparametric bootstrap of whole mtDNA positions
control_region	expanded_neutral_like_T95	C[T>C]G	12	0.0017047134624867395	0.0015773793252339466	6.3936722222739e-05	0.00407373302651897	1122	12	2.1721986561319073	0.5268272074355724	0.0017047134624867395	0.0015773793252339466	6.3936722222739e-05	0.00407373302651897	0.9	4000	position_bootstrap	mtDNA_position	False	paired nonparametric bootstrap of whole mtDNA positions
control_region	expanded_neutral_like_T95	C[T>C]T	15	0.036450806100820174	0.03269262910618456	0.002416029541482017	0.09301674576906749	1122	15	1.610064376287779	0.7729999244541814	0.036450806100820174	0.03269262910618456	0.002416029541482017	0.09301674576906749	0.9	4000	position_bootstrap	mtDNA_position	False	paired nonparametric bootstrap of whole mtDNA positions
control_region	expanded_neutral_like_T95	G[T>C]A	19	0.06136297541769773	0.05829106741495755	0.011412789929931609	0.1254459575243122	1122	19	3.527509973486062	0.367309900664113	0.06136297541769773	0.05829106741495755	0.011412789929931609	0.1254459575243122	0.9	4000	position_bootstrap	mtDNA_position	False	paired nonparametric bootstrap of whole mtDNA positions
control_region	expanded_neutral_like_T95	G[T>C]C	9	0.03161282005877659	0.02962982281639904	0.000556650822827572	0.09250906120413922	1122	9	1.0953358162618392	0.9551606693321487	0.03161282005877659	0.02962982281639904	0.000556650822827572	0.09250906120413922	0.9	4000	position_bootstrap	mtDNA_position	False	paired nonparametric bootstrap of whole mtDNA positions
control_region	expanded_neutral_like_T95	G[T>C]G	5	0.02936860475651426	0.027820899774466803	1.6241524250035574e-05	0.08522999760972409	1122	5	1.0031946802804679	0.9984060188727365	0.02936860475651426	0.027820899774466803	1.6241524250035574e-05	0.08522999760972409	0.9	4000	position_bootstrap	mtDNA_position	False	paired nonparametric bootstrap of whole mtDNA positions
control_region	expanded_neutral_like_T95	G[T>C]T	4	7.864584288278493e-05	7.117878372153353e-05	5.218548554808398e-06	0.00020381455739377794	1122	4	1.8110882956878853	0.7142857142857143	7.864584288278493e-05	7.117878372153353e-05	5.218548554808398e-06	0.00020381455739377794	0.9	4000	position_bootstrap	mtDNA_position	False	paired nonparametric bootstrap of whole mtDNA positions
control_region	expanded_neutral_like_T95	T[T>C]A	17	0.013248079485611986	0.012245635253561985	0.0019421011707451042	0.030767543320027194	1122	17	2.6181614641246145	0.5405967805261092	0.013248079485611986	0.012245635253561985	0.0019421011707451042	0.030767543320027194	0.9	4000	position_bootstrap	mtDNA_position	False	paired nonparametric bootstrap of whole mtDNA positions
control_region	expanded_neutral_like_T95	T[T>C]C	12	0.004084590443055116	0.0037589628632804465	0.0003756482505519144	0.010447494309667014	1122	12	1.88480822232531	0.7041564792176039	0.004084590443055116	0.0037589628632804465	0.0003756482505519144	0.010447494309667014	0.9	4000	position_bootstrap	mtDNA_position	False	paired nonparametric bootstrap of whole mtDNA positions
control_region	expanded_neutral_like_T95	T[T>C]G	12	0.0042201921046922984	0.003846931748318699	0.0005337290495858806	0.010442968305520509	1122	12	2.0747165206536096	0.6650027731558513	0.0042201921046922984	0.003846931748318699	0.0005337290495858806	0.010442968305520509	0.9	4000	position_bootstrap	mtDNA_position	False	paired nonparametric bootstrap of whole mtDNA positions
control_region	expanded_neutral_like_T95	T[T>C]T	18	0.008012513373700875	0.007452295271542936	0.00039003026715445544	0.021801637861630183	1122	18	1.3907946935822335	0.8420191633559243	0.008012513373700875	0.007452295271542936	0.00039003026715445544	0.021801637861630183	0.9	4000	position_bootstrap	mtDNA_position	False	paired nonparametric bootstrap of whole mtDNA positions
control_region	expanded_neutral_like_T95	T[A>G]T	16	0.08120838659671568	0.0781290413110608	0.00017378441178174712	0.20994292978827736	1122	16	1.1662241811363598	0.9234755640614732	0.08120838659671568	0.0781290413110608	0.00017378441178174712	0.20994292978827736	0.9	4000	position_bootstrap	mtDNA_position	False	paired nonparametric bootstrap of whole mtDNA positions
control_region	expanded_neutral_like_T95	G[A>G]T	7	0.00015812391690718663	0.00014646097819185218	2.843809786929464e-05	0.00035807375501999584	1122	7	3.162332329592115	0.45394736842105265	0.00015812391690718663	0.00014646097819185218	2.843809786929464e-05	0.00035807375501999584	0.9	4000	position_bootstrap	mtDNA_position	False	paired nonparametric bootstrap of whole mtDNA positions
control_region	expanded_neutral_like_T95	C[A>G]T	30	0.00016742532378407997	0.0001655440976169341	7.41560651369752e-05	0.0003052988680327838	1122	30	7.557427321421271	0.22697368421052633	0.00016742532378407997	0.0001655440976169341	7.41560651369752e-05	0.0003052988680327838	0.9	4000	position_bootstrap	mtDNA_position	False	paired nonparametric bootstrap of whole mtDNA positions
control_region	expanded_neutral_like_T95	A[A>G]T	19	0.006388860138947324	0.005903001949942731	0.00043589946488672326	0.015995270013146868	1122	19	2.0361659112766315	0.6468946266573622	0.006388860138947324	0.005903001949942731	0.00043589946488672326	0.015995270013146868	0.9	4000	position_bootstrap	mtDNA_position	False	paired nonparametric bootstrap of whole mtDNA positions
control_region	expanded_neutral_like_T95	T[A>G]G	9	0.00700946679026726	0.006301244441086441	0.0008111873276336187	0.01760618606324809	1122	9	1.9953467766816708	0.6783912140100921	0.00700946679026726	0.006301244441086441	0.0008111873276336187	0.01760618606324809	0.9	4000	position_bootstrap	mtDNA_position	False	paired nonparametric bootstrap of whole mtDNA positions
control_region	expanded_neutral_like_T95	G[A>G]G	5	0.011310021214571928	0.01067870137650499	4.045944078307831e-06	0.03420087770074951	1122	5	1.0103224504296286	0.9948675496688741	0.011310021214571928	0.01067870137650499	4.045944078307831e-06	0.03420087770074951	0.9	4000	position_bootstrap	mtDNA_position	False	paired nonparametric bootstrap of whole mtDNA positions
control_region	expanded_neutral_like_T95	C[A>G]G	16	0.0011510796977486975	0.001073807821288784	0.00018804543469782905	0.0028890609804239735	1122	16	2.1028272458130184	0.6719385449615906	0.0011510796977486975	0.001073807821288784	0.00018804543469782905	0.0028890609804239735	0.9	4000	position_bootstrap	mtDNA_position	False	paired nonparametric bootstrap of whole mtDNA positions
control_region	expanded_neutral_like_T95	A[A>G]G	12	0.004287350757154018	0.0040182669316404275	0.0007267250314081827	0.010601752904532125	1122	12	2.04231723434602	0.6875524945405678	0.004287350757154018	0.0040182669316404275	0.0007267250314081827	0.010601752904532125	0.9	4000	position_bootstrap	mtDNA_position	False	paired nonparametric bootstrap of whole mtDNA positions
control_region	expanded_neutral_like_T95	T[A>G]C	26	0.0044767100159468845	0.00416409702755161	0.0008763180208596191	0.010276588623379554	1122	26	3.0012319831290903	0.506584043377227	0.0044767100159468845	0.00416409702755161	0.0008763180208596191	0.010276588623379554	0.9	4000	position_bootstrap	mtDNA_position	False	paired nonparametric bootstrap of whole mtDNA positions
control_region	expanded_neutral_like_T95	G[A>G]C	8	0.0095966653517684	0.008782378568032254	0.0004590703327562562	0.025800496722666516	1122	8	1.3376559498350977	0.860390243902439	0.0095966653517684	0.008782378568032254	0.0004590703327562562	0.025800496722666516	0.9	4000	position_bootstrap	mtDNA_position	False	paired nonparametric bootstrap of whole mtDNA positions
control_region	expanded_neutral_like_T95	C[A>G]C	39	0.05501838465671398	0.05212285110077606	0.001495966212370835	0.14846365571727738	1122	39	1.1198532372932886	0.9445616741920602	0.05501838465671398	0.05212285110077606	0.001495966212370835	0.14846365571727738	0.9	4000	position_bootstrap	mtDNA_position	False	paired nonparametric bootstrap of whole mtDNA positions
control_region	expanded_neutral_like_T95	A[A>G]C	30	0.005594738867576687	0.005113684582107287	0.0013450167598578605	0.013079577096988747	1122	30	2.6025038410771293	0.602342851166196	0.005594738867576687	0.005113684582107287	0.0013450167598578605	0.013079577096988747	0.9	4000	position_bootstrap	mtDNA_position	False	paired nonparametric bootstrap of whole mtDNA positions
control_region	expanded_neutral_like_T95	T[A>G]A	23	0.00627906393016081	0.006070727520464633	0.002206807851207037	0.012455839391657467	1122	23	5.257755466350656	0.286402477490394	0.00627906393016081	0.006070727520464633	0.002206807851207037	0.012455839391657467	0.9	4000	position_bootstrap	mtDNA_position	False	paired nonparametric bootstrap of whole mtDNA positions
control_region	expanded_neutral_like_T95	G[A>G]A	7	0.005528615502652917	0.005151256543532132	0.0002746439470581527	0.015580202082741924	1122	7	1.37253890879712	0.8482218458933107	0.005528615502652917	0.005151256543532132	0.0002746439470581527	0.015580202082741924	0.9	4000	position_bootstrap	mtDNA_position	False	paired nonparametric bootstrap of whole mtDNA positions
control_region	expanded_neutral_like_T95	C[A>G]A	31	0.0018833455752845483	0.0017931909389383286	0.0005436848365508066	0.0038715290023309847	1122	31	4.462218437682839	0.359484231784993	0.0018833455752845483	0.0017931909389383286	0.0005436848365508066	0.0038715290023309847	0.9	4000	position_bootstrap	mtDNA_position	False	paired nonparametric bootstrap of whole mtDNA positions
control_region	expanded_neutral_like_T95	A[A>G]A	26	0.0022176879346232927	0.0020777850170495466	0.00035095957675184157	0.005583099751158032	1122	26	2.0337780786531754	0.686462144666479	0.0022176879346232927	0.0020777850170495466	0.00035095957675184157	0.005583099751158032	0.9	4000	position_bootstrap	mtDNA_position	False	paired nonparametric bootstrap of whole mtDNA positions
control_region	expanded_neutral_like_T95	A[T>G]A	20	2.1846067467440255e-05	2.0385262256571052e-05	5.884871196036785e-06	5.1339475263201384e-05	1122	20	2.5047923322683716	0.625	2.1846067467440255e-05	2.0385262256571052e-05	5.884871196036785e-06	5.1339475263201384e-05	0.9	4000	position_bootstrap	mtDNA_position	False	paired nonparametric bootstrap of whole mtDNA positions
control_region	expanded_neutral_like_T95	A[T>G]C	19	1.2873575471884438e-05	1.2559857023881837e-05	6.214489639900455e-06	2.3189369639752744e-05	1122	19	8.853658536585364	0.2727272727272727	1.2873575471884438e-05	1.2559857023881837e-05	6.214489639900455e-06	2.3189369639752744e-05	0.9	4000	position_bootstrap	mtDNA_position	False	paired nonparametric bootstrap of whole mtDNA positions
control_region	expanded_neutral_like_T95	A[T>G]G	11	2.520700092396953e-05	2.3514817340808077e-05	4.495145819180592e-06	6.517694865748749e-05	1122	11	1.9291338582677162	0.7142857142857143	2.520700092396953e-05	2.3514817340808077e-05	4.495145819180592e-06	6.517694865748749e-05	0.9	4000	position_bootstrap	mtDNA_position	False	paired nonparametric bootstrap of whole mtDNA positions
control_region	expanded_neutral_like_T95	A[T>G]T	22	5.210490625774571e-05	5.014319445863326e-05	6.217597339219461e-06	0.00014689463052550914	1122	22	1.4284219703574543	0.8359375	5.210490625774571e-05	5.014319445863326e-05	6.217597339219461e-06	0.00014689463052550914	0.9	4000	position_bootstrap	mtDNA_position	False	paired nonparametric bootstrap of whole mtDNA positions
control_region	expanded_neutral_like_T95	C[T>G]A	18	8.025086008447441e-06	8.091395778589065e-06	4.730402237900073e-06	1.3221248371148861e-05	1122	18	18.0	0.05555555555555555	8.025086008447441e-06	8.091395778589065e-06	4.730402237900073e-06	1.3221248371148861e-05	0.9	4000	position_bootstrap	mtDNA_position	False	paired nonparametric bootstrap of whole mtDNA positions
control_region	expanded_neutral_like_T95	C[T>G]C	21	3.388369648011142e-05	3.185532670319294e-05	7.574554887911322e-06	8.137640958931368e-05	1122	21	2.249221183800623	0.6578947368421053	3.388369648011142e-05	3.185532670319294e-05	7.574554887911322e-06	8.137640958931368e-05	0.9	4000	position_bootstrap	mtDNA_position	False	paired nonparametric bootstrap of whole mtDNA positions
control_region	expanded_neutral_like_T95	C[T>G]G	12	1.8725200686377365e-05	1.761828418349094e-05	5.239864875279698e-06	4.4137441294141204e-05	1122	12	2.864406779661017	0.5769230769230769	1.8725200686377365e-05	1.761828418349094e-05	5.239864875279698e-06	4.4137441294141204e-05	0.9	4000	position_bootstrap	mtDNA_position	False	paired nonparametric bootstrap of whole mtDNA positions
control_region	expanded_neutral_like_T95	C[T>G]T	15	8.811859146530524e-06	8.796967684607882e-06	4.955501237049975e-06	1.4303190465827185e-05	1122	15	14.222222222222221	0.125	8.811859146530524e-06	8.796967684607882e-06	4.955501237049975e-06	1.4303190465827185e-05	0.9	4000	position_bootstrap	mtDNA_position	False	paired nonparametric bootstrap of whole mtDNA positions
control_region	expanded_neutral_like_T95	G[T>G]A	19	0.0002552540514616704	0.00023510564222679225	4.173907488202468e-05	0.0006202843960559382	1122	19	2.0305424385518838	0.6891891891891891	0.0002552540514616704	0.00023510564222679225	4.173907488202468e-05	0.0006202843960559382	0.9	4000	position_bootstrap	mtDNA_position	False	paired nonparametric bootstrap of whole mtDNA positions
control_region	expanded_neutral_like_T95	G[T>G]C	8	1.6852680617739628e-05	1.6105998902304672e-05	5.62373462713789e-06	2.8480258135831665e-05	1122	8	4.153846153846154	0.3333333333333333	1.6852680617739628e-05	1.6105998902304672e-05	5.62373462713789e-06	2.8480258135831665e-05	0.9	4000	position_bootstrap	mtDNA_position	False	paired nonparametric bootstrap of whole mtDNA positions
control_region	expanded_neutral_like_T95	G[T>G]G	5	5.617560205913209e-05	5.272604825478749e-05	3.52144677919696e-06	0.00015030031909557328	1122	5	1.323529411764706	0.8666666666666667	5.617560205913209e-05	5.272604825478749e-05	3.52144677919696e-06	0.00015030031909557328	0.9	4000	position_bootstrap	mtDNA_position	False	paired nonparametric bootstrap of whole mtDNA positions
control_region	expanded_neutral_like_T95	G[T>G]T	2	3.7450401372754733e-06	3.5239008788320712e-06	0.0	9.303289672028213e-06	1122	2	2.0	0.5	3.7450401372754733e-06	3.5239008788320712e-06	0.0	9.303289672028213e-06	0.9	4000	position_bootstrap	mtDNA_position	False	paired nonparametric bootstrap of whole mtDNA positions
control_region	expanded_neutral_like_T95	T[T>G]A	16	8.842455879678199e-06	8.877101109579076e-06	4.9929301408370834e-06	1.482782152527069e-05	1122	16	15.210526315789474	0.11764705882352941	8.842455879678199e-06	8.877101109579076e-06	4.9929301408370834e-06	1.482782152527069e-05	0.9	4000	position_bootstrap	mtDNA_position	False	paired nonparametric bootstrap of whole mtDNA positions
control_region	expanded_neutral_like_T95	T[T>G]C	10	6.241733562125788e-06	6.230713360029545e-06	3.0121276738880254e-06	1.1097978447013477e-05	1122	10	9.999999999999996	0.1	6.241733562125788e-06	6.230713360029545e-06	3.0121276738880254e-06	1.1097978447013477e-05	0.9	4000	position_bootstrap	mtDNA_position	False	paired nonparametric bootstrap of whole mtDNA positions
control_region	expanded_neutral_like_T95	T[T>G]G	12	3.354931789642611e-05	3.241590813212616e-05	9.796006508020924e-06	6.913006556594052e-05	1122	12	4.231121281464531	0.32558139534883723	3.354931789642611e-05	3.241590813212616e-05	9.796006508020924e-06	6.913006556594052e-05	0.9	4000	position_bootstrap	mtDNA_position	False	paired nonparametric bootstrap of whole mtDNA positions
control_region	expanded_neutral_like_T95	T[T>G]T	19	2.9960321098203786e-05	2.7804368250591147e-05	6.952573040514817e-06	6.908958314427854e-05	1122	19	2.5568039950062422	0.609375	2.9960321098203786e-05	2.7804368250591147e-05	6.952573040514817e-06	6.908958314427854e-05	0.9	4000	position_bootstrap	mtDNA_position	False	paired nonparametric bootstrap of whole mtDNA positions
control_region	expanded_neutral_like_T95	T[A>C]T	16	2.0129590737855666e-05	1.9827417188405097e-05	7.833485171770692e-06	3.67719377593352e-05	1122	16	5.486646884272999	0.27906976744186046	2.0129590737855666e-05	1.9827417188405097e-05	7.833485171770692e-06	3.67719377593352e-05	0.9	4000	position_bootstrap	mtDNA_position	False	paired nonparametric bootstrap of whole mtDNA positions
control_region	expanded_neutral_like_T95	G[A>C]T	7	7.282022489146752e-06	7.229510273013008e-06	2.950578383504708e-06	1.3599800192363063e-05	1122	7	7.0	0.14285714285714285	7.282022489146752e-06	7.229510273013008e-06	2.950578383504708e-06	1.3599800192363063e-05	0.9	4000	position_bootstrap	mtDNA_position	False	paired nonparametric bootstrap of whole mtDNA positions
control_region	expanded_neutral_like_T95	C[A>C]T	29	2.3406500857971707e-05	2.3016474314823377e-05	1.0433377301120036e-05	4.3238898492080584e-05	1122	29	7.232232232232234	0.23529411764705882	2.3406500857971707e-05	2.3016474314823377e-05	1.0433377301120036e-05	4.3238898492080584e-05	0.9	4000	position_bootstrap	mtDNA_position	False	paired nonparametric bootstrap of whole mtDNA positions
control_region	expanded_neutral_like_T95	A[A>C]T	17	1.159179090109075e-05	1.1244812362657108e-05	5.514552032730145e-06	2.0947449520228127e-05	1122	17	8.894736842105265	0.2692307692307692	1.159179090109075e-05	1.1244812362657108e-05	5.514552032730145e-06	2.0947449520228127e-05	0.9	4000	position_bootstrap	mtDNA_position	False	paired nonparametric bootstrap of whole mtDNA positions
control_region	expanded_neutral_like_T95	T[A>C]G	9	9.362600343188683e-06	9.266241091222377e-06	4.5093049964639065e-06	1.693846395059444e-05	1122	9	9.0	0.1111111111111111	9.362600343188683e-06	9.266241091222377e-06	4.5093049964639065e-06	1.693846395059444e-05	0.9	4000	position_bootstrap	mtDNA_position	False	paired nonparametric bootstrap of whole mtDNA positions
control_region	expanded_neutral_like_T95	G[A>C]G	5	9.362600343188683e-06	9.061297445174922e-06	2.865520806010718e-06	1.8740468433351465e-05	1122	5	4.999999999999999	0.2	9.362600343188683e-06	9.061297445174922e-06	2.865520806010718e-06	1.8740468433351465e-05	0.9	4000	position_bootstrap	mtDNA_position	False	paired nonparametric bootstrap of whole mtDNA positions
control_region	expanded_neutral_like_T95	C[A>C]G	18	0.0002564312205106678	0.00024149300828026315	1.0268666791925445e-05	0.0007444935927409117	1122	18	1.24403826565867	0.8945233265720081	0.0002564312205106678	0.00024149300828026315	1.0268666791925445e-05	0.0007444935927409117	0.9	4000	position_bootstrap	mtDNA_position	False	paired nonparametric bootstrap of whole mtDNA positions
control_region	expanded_neutral_like_T95	A[A>C]G	12	0.00014836120543822067	0.00013742555076473324	1.0200931158545217e-05	0.0004063044480365814	1122	12	1.5235154735406047	0.8009708737864077	0.00014836120543822067	0.00013742555076473324	1.0200931158545217e-05	0.0004063044480365814	0.9	4000	position_bootstrap	mtDNA_position	False	paired nonparametric bootstrap of whole mtDNA positions
control_region	expanded_neutral_like_T95	T[A>C]C	27	0.00012656848612088402	0.00011743906520461682	1.2980056010226375e-05	0.00035641814548960734	1122	27	1.4092365951955335	0.8410958904109589	0.00012656848612088402	0.00011743906520461682	1.2980056010226375e-05	0.00035641814548960734	0.9	4000	position_bootstrap	mtDNA_position	False	paired nonparametric bootstrap of whole mtDNA positions
control_region	expanded_neutral_like_T95	G[A>C]C	8	0.000782713388690574	0.0007419521677184807	6.057783769090876e-06	0.002419795728941813	1122	8	1.0802001836149895	0.9617224880382775	0.000782713388690574	0.0007419521677184807	6.057783769090876e-06	0.002419795728941813	0.9	4000	position_bootstrap	mtDNA_position	False	paired nonparametric bootstrap of whole mtDNA positions
control_region	expanded_neutral_like_T95	C[A>C]C	38	0.0006368648811222346	0.0006014195008574184	0.00015444649719666896	0.00134593581824247	1122	38	3.709812369761713	0.38908853315909836	0.0006368648811222346	0.0006014195008574184	0.00015444649719666896	0.00134593581824247	0.9	4000	position_bootstrap	mtDNA_position	False	paired nonparametric bootstrap of whole mtDNA positions
control_region	expanded_neutral_like_T95	A[A>C]C	29	0.0024927923413739866	0.0022372734763091073	0.00011947144162298923	0.006105112863782545	1122	29	1.9613538416844116	0.6539906103286385	0.0024927923413739866	0.0022372734763091073	0.00011947144162298923	0.006105112863782545	0.9	4000	position_bootstrap	mtDNA_position	False	paired nonparametric bootstrap of whole mtDNA positions
control_region	expanded_neutral_like_T95	T[A>C]A	23	1.22434004487852e-05	1.184612177163815e-05	5.956097787117471e-06	2.293718101414161e-05	1122	23	7.917808219178081	0.3235294117647059	1.22434004487852e-05	1.184612177163815e-05	5.956097787117471e-06	2.293718101414161e-05	0.9	4000	position_bootstrap	mtDNA_position	False	paired nonparametric bootstrap of whole mtDNA positions
control_region	expanded_neutral_like_T95	G[A>C]A	7	1.1703250428985854e-05	1.1273053282604652e-05	3.9133027793470306e-06	2.451944227282293e-05	1122	7	4.545454545454545	0.4	1.1703250428985854e-05	1.1273053282604652e-05	3.9133027793470306e-06	2.451944227282293e-05	0.9	4000	position_bootstrap	mtDNA_position	False	paired nonparametric bootstrap of whole mtDNA positions
control_region	expanded_neutral_like_T95	C[A>C]A	28	8.045984669927774e-05	7.549711742128152e-05	1.932665512788617e-05	0.00017239483619023674	1122	28	3.644051462439167	0.44	8.045984669927774e-05	7.549711742128152e-05	1.932665512788617e-05	0.00017239483619023674	0.9	4000	position_bootstrap	mtDNA_position	False	paired nonparametric bootstrap of whole mtDNA positions
control_region	expanded_neutral_like_T95	A[A>C]A	27	0.0005623801939475335	0.000532355400966432	1.652724547541114e-05	0.001671814460332318	1122	27	1.143603968095207	0.9345172031076582	0.0005623801939475335	0.000532355400966432	1.652724547541114e-05	0.001671814460332318	0.9	4000	position_bootstrap	mtDNA_position	False	paired nonparametric bootstrap of whole mtDNA positions
control_region	unlabeled_out_of_neutral_domain_T95	A[C>A]A	2	4.161155708083859e-07	3.9073618699733296e-07	0.0	1.0198997014119202e-06	1122	2	2.0	0.5	4.161155708083859e-07	3.9073618699733296e-07	0.0	1.0198997014119202e-06	0.9	4000	position_bootstrap	mtDNA_position	False	paired nonparametric bootstrap of whole mtDNA positions
control_region	unlabeled_out_of_neutral_domain_T95	A[C>A]C	4	9.134244237257251e-07	8.918623865111416e-07	2.2827216548638917e-07	1.9217821206288456e-06	1122	4	4.0	0.25	9.134244237257251e-07	8.918623865111416e-07	2.2827216548638917e-07	1.9217821206288456e-06	0.9	4000	position_bootstrap	mtDNA_position	False	paired nonparametric bootstrap of whole mtDNA positions
control_region	unlabeled_out_of_neutral_domain_T95	A[C>A]G	2	2.6750286694824805e-06	2.4893796830099826e-06	0.0	6.714602723934074e-06	1122	2	2.0	0.5	2.6750286694824805e-06	2.4893796830099826e-06	0.0	6.714602723934074e-06	0.9	4000	position_bootstrap	mtDNA_position	False	paired nonparametric bootstrap of whole mtDNA positions
control_region	unlabeled_out_of_neutral_domain_T95	A[C>A]T	0	0.0	0.0	0.0	0.0	1122	0	0.0	0.0	0.0	0.0	0.0	0.0	0.9	4000	position_bootstrap	mtDNA_position	False	paired nonparametric bootstrap of whole mtDNA positions
control_region	unlabeled_out_of_neutral_domain_T95	C[C>A]A	4	6.314311859359809e-06	5.922801602048792e-06	2.2644072093951478e-07	1.833702410823298e-05	1122	4	1.2385861561119291	0.896551724137931	6.314311859359809e-06	5.922801602048792e-06	2.2644072093951478e-07	1.833702410823298e-05	0.9	4000	position_bootstrap	mtDNA_position	False	paired nonparametric bootstrap of whole mtDNA positions
control_region	unlabeled_out_of_neutral_domain_T95	C[C>A]C	7	1.0402889270209647e-06	1.0165352315532605e-06	4.124661032128247e-07	1.9572099922833265e-06	1122	7	7.0	0.14285714285714285	1.0402889270209647e-06	1.0165352315532605e-06	4.124661032128247e-07	1.9572099922833265e-06	0.9	4000	position_bootstrap	mtDNA_position	False	paired nonparametric bootstrap of whole mtDNA positions
control_region	unlabeled_out_of_neutral_domain_T95	C[C>A]G	3	3.404581942977703e-06	3.17452081379976e-06	0.0	7.79273296062564e-06	1122	3	2.6666666666666665	0.5	3.404581942977703e-06	3.17452081379976e-06	0.0	7.79273296062564e-06	0.9	4000	position_bootstrap	mtDNA_position	False	paired nonparametric bootstrap of whole mtDNA positions
control_region	unlabeled_out_of_neutral_domain_T95	C[C>A]T	5	1.8725200686377366e-06	1.7820226377706008e-06	6.129964225630372e-07	3.7777397854645676e-06	1122	5	4.999999999999999	0.2	1.8725200686377366e-06	1.7820226377706008e-06	6.129964225630372e-07	3.7777397854645676e-06	0.9	4000	position_bootstrap	mtDNA_position	False	paired nonparametric bootstrap of whole mtDNA positions
control_region	unlabeled_out_of_neutral_domain_T95	G[C>A]A	1	5.851625214492927e-07	5.482807466625575e-07	0.0	1.7860027456972492e-06	1122	1	1.0	1.0	5.851625214492927e-07	5.482807466625575e-07	0.0	1.7860027456972492e-06	0.9	4000	position_bootstrap	mtDNA_position	False	paired nonparametric bootstrap of whole mtDNA positions
control_region	unlabeled_out_of_neutral_domain_T95	G[C>A]C	0	0.0	0.0	0.0	0.0	1122	0	0.0	0.0	0.0	0.0	0.0	0.0	0.9	4000	position_bootstrap	mtDNA_position	False	paired nonparametric bootstrap of whole mtDNA positions
control_region	unlabeled_out_of_neutral_domain_T95	G[C>A]G	0	0.0	0.0	0.0	0.0	1122	0	0.0	0.0	0.0	0.0	0.0	0.0	0.9	4000	position_bootstrap	mtDNA_position	False	paired nonparametric bootstrap of whole mtDNA positions
control_region	unlabeled_out_of_neutral_domain_T95	G[C>A]T	0	0.0	0.0	0.0	0.0	1122	0	0.0	0.0	0.0	0.0	0.0	0.0	0.9	4000	position_bootstrap	mtDNA_position	False	paired nonparametric bootstrap of whole mtDNA positions
control_region	unlabeled_out_of_neutral_domain_T95	T[C>A]A	5	1.8725200686377366e-06	1.8052996965428067e-06	6.181405262987218e-07	3.7455960972225053e-06	1122	5	4.999999999999999	0.2	1.8725200686377366e-06	1.8052996965428067e-06	6.181405262987218e-07	3.7455960972225053e-06	0.9	4000	position_bootstrap	mtDNA_position	False	paired nonparametric bootstrap of whole mtDNA positions
control_region	unlabeled_out_of_neutral_domain_T95	T[C>A]C	2	7.802166952657235e-07	7.450898910796087e-07	0.0	1.907348432414067e-06	1122	2	2.0	0.5	7.802166952657235e-07	7.450898910796087e-07	0.0	1.907348432414067e-06	0.9	4000	position_bootstrap	mtDNA_position	False	paired nonparametric bootstrap of whole mtDNA positions
control_region	unlabeled_out_of_neutral_domain_T95	T[C>A]G	0	0.0	0.0	0.0	0.0	1122	0	0.0	0.0	0.0	0.0	0.0	0.0	0.9	4000	position_bootstrap	mtDNA_position	False	paired nonparametric bootstrap of whole mtDNA positions
control_region	unlabeled_out_of_neutral_domain_T95	T[C>A]T	3	1.8725200686377366e-06	1.780492435988416e-06	0.0	4.209666553742867e-06	1122	3	3.0	0.3333333333333333	1.8725200686377366e-06	1.780492435988416e-06	0.0	4.209666553742867e-06	0.9	4000	position_bootstrap	mtDNA_position	False	paired nonparametric bootstrap of whole mtDNA positions
control_region	unlabeled_out_of_neutral_domain_T95	T[G>T]T	1	9.362600343188683e-07	8.737284624597186e-07	0.0	2.9051743704149366e-06	1122	1	1.0	1.0	9.362600343188683e-07	8.737284624597186e-07	0.0	2.9051743704149366e-06	0.9	4000	position_bootstrap	mtDNA_position	False	paired nonparametric bootstrap of whole mtDNA positions
control_region	unlabeled_out_of_neutral_domain_T95	G[G>T]T	2	1.8725200686377366e-06	1.8187124071530951e-06	0.0	4.591713548260549e-06	1122	2	2.0	0.5	1.8725200686377366e-06	1.8187124071530951e-06	0.0	4.591713548260549e-06	0.9	4000	position_bootstrap	mtDNA_position	False	paired nonparametric bootstrap of whole mtDNA positions
control_region	unlabeled_out_of_neutral_domain_T95	C[G>T]T	1	1.3375143347412402e-06	1.2826650838338225e-06	0.0	4.0995609008619786e-06	1122	1	1.0	1.0	1.3375143347412402e-06	1.2826650838338225e-06	0.0	4.0995609008619786e-06	0.9	4000	position_bootstrap	mtDNA_position	False	paired nonparametric bootstrap of whole mtDNA positions
control_region	unlabeled_out_of_neutral_domain_T95	A[G>T]T	0	0.0	0.0	0.0	0.0	1122	0	0.0	0.0	0.0	0.0	0.0	0.0	0.9	4000	position_bootstrap	mtDNA_position	False	paired nonparametric bootstrap of whole mtDNA positions
control_region	unlabeled_out_of_neutral_domain_T95	T[G>T]G	4	3.404581942977703e-06	3.303617986053002e-06	8.384100951738746e-07	7.2964440084029485e-06	1122	4	4.0	0.25	3.404581942977703e-06	3.303617986053002e-06	8.384100951738746e-07	7.2964440084029485e-06	0.9	4000	position_bootstrap	mtDNA_position	False	paired nonparametric bootstrap of whole mtDNA positions
control_region	unlabeled_out_of_neutral_domain_T95	G[G>T]G	2	1.2483467124251576e-06	1.135735577441457e-06	0.0	3.088891301223723e-06	1122	2	2.0	0.5	1.2483467124251576e-06	1.135735577441457e-06	0.0	3.088891301223723e-06	0.9	4000	position_bootstrap	mtDNA_position	False	paired nonparametric bootstrap of whole mtDNA positions
control_region	unlabeled_out_of_neutral_domain_T95	C[G>T]G	1	1.8725200686377366e-06	1.768395188709408e-06	0.0	5.5184956304396705e-06	1122	1	1.0	1.0	1.8725200686377366e-06	1.768395188709408e-06	0.0	5.5184956304396705e-06	0.9	4000	position_bootstrap	mtDNA_position	False	paired nonparametric bootstrap of whole mtDNA positions
control_region	unlabeled_out_of_neutral_domain_T95	A[G>T]G	1	1.560433390531447e-06	1.4607687968895012e-06	0.0	4.913320458886269e-06	1122	1	1.0	1.0	1.560433390531447e-06	1.4607687968895012e-06	0.0	4.913320458886269e-06	0.9	4000	position_bootstrap	mtDNA_position	False	paired nonparametric bootstrap of whole mtDNA positions
control_region	unlabeled_out_of_neutral_domain_T95	T[G>T]C	0	0.0	0.0	0.0	0.0	1122	0	0.0	0.0	0.0	0.0	0.0	0.0	0.9	4000	position_bootstrap	mtDNA_position	False	paired nonparametric bootstrap of whole mtDNA positions
control_region	unlabeled_out_of_neutral_domain_T95	G[G>T]C	1	2.3406500857971706e-06	2.2274989062507534e-06	0.0	7.079558173721906e-06	1122	1	1.0	1.0	2.3406500857971706e-06	2.2274989062507534e-06	0.0	7.079558173721906e-06	0.9	4000	position_bootstrap	mtDNA_position	False	paired nonparametric bootstrap of whole mtDNA positions
control_region	unlabeled_out_of_neutral_domain_T95	C[G>T]C	1	9.362600343188683e-07	8.994048176593485e-07	0.0	2.9325906176079548e-06	1122	1	1.0	1.0	9.362600343188683e-07	8.994048176593485e-07	0.0	2.9325906176079548e-06	0.9	4000	position_bootstrap	mtDNA_position	False	paired nonparametric bootstrap of whole mtDNA positions
control_region	unlabeled_out_of_neutral_domain_T95	A[G>T]C	1	5.201444635104823e-07	4.892647446187925e-07	0.0	1.636647960887506e-06	1122	1	1.0	1.0	5.201444635104823e-07	4.892647446187925e-07	0.0	1.636647960887506e-06	0.9	4000	position_bootstrap	mtDNA_position	False	paired nonparametric bootstrap of whole mtDNA positions
control_region	unlabeled_out_of_neutral_domain_T95	T[G>T]A	1	1.0402889270209647e-06	9.713757149522104e-07	0.0	3.310706964898101e-06	1122	1	1.0	1.0	1.0402889270209647e-06	9.713757149522104e-07	0.0	3.310706964898101e-06	0.9	4000	position_bootstrap	mtDNA_position	False	paired nonparametric bootstrap of whole mtDNA positions
control_region	unlabeled_out_of_neutral_domain_T95	G[G>T]A	1	1.1703250428985853e-06	1.1049961056921953e-06	0.0	3.6702442867404224e-06	1122	1	1.0	1.0	1.1703250428985853e-06	1.1049961056921953e-06	0.0	3.6702442867404224e-06	0.9	4000	position_bootstrap	mtDNA_position	False	paired nonparametric bootstrap of whole mtDNA positions
control_region	unlabeled_out_of_neutral_domain_T95	C[G>T]A	1	1.560433390531447e-06	1.480638882530658e-06	0.0	4.908817544221024e-06	1122	1	1.0	1.0	1.560433390531447e-06	1.480638882530658e-06	0.0	4.908817544221024e-06	0.9	4000	position_bootstrap	mtDNA_position	False	paired nonparametric bootstrap of whole mtDNA positions
control_region	unlabeled_out_of_neutral_domain_T95	A[G>T]A	1	1.0402889270209647e-06	9.896539023937334e-07	0.0	3.1432713177319805e-06	1122	1	1.0	1.0	1.0402889270209647e-06	9.896539023937334e-07	0.0	3.1432713177319805e-06	0.9	4000	position_bootstrap	mtDNA_position	False	paired nonparametric bootstrap of whole mtDNA positions
control_region	unlabeled_out_of_neutral_domain_T95	A[C>G]A	4	8.322311416167718e-07	8.092990214595734e-07	2.1509733776789925e-07	1.7312295491639413e-06	1122	4	4.0	0.25	8.322311416167718e-07	8.092990214595734e-07	2.1509733776789925e-07	1.7312295491639413e-06	0.9	4000	position_bootstrap	mtDNA_position	False	paired nonparametric bootstrap of whole mtDNA positions
control_region	unlabeled_out_of_neutral_domain_T95	A[C>G]C	2	4.5671221186286256e-07	4.251251440063637e-07	0.0	1.1371840852719696e-06	1122	2	2.0	0.5	4.5671221186286256e-07	4.251251440063637e-07	0.0	1.1371840852719696e-06	0.9	4000	position_bootstrap	mtDNA_position	False	paired nonparametric bootstrap of whole mtDNA positions
control_region	unlabeled_out_of_neutral_domain_T95	A[C>G]G	1	1.3375143347412402e-06	1.2759822177792844e-06	0.0	4.145053851040102e-06	1122	1	1.0	1.0	1.3375143347412402e-06	1.2759822177792844e-06	0.0	4.145053851040102e-06	0.9	4000	position_bootstrap	mtDNA_position	False	paired nonparametric bootstrap of whole mtDNA positions
control_region	unlabeled_out_of_neutral_domain_T95	A[C>G]T	0	0.0	0.0	0.0	0.0	1122	0	0.0	0.0	0.0	0.0	0.0	0.0	0.9	4000	position_bootstrap	mtDNA_position	False	paired nonparametric bootstrap of whole mtDNA positions
control_region	unlabeled_out_of_neutral_domain_T95	C[C>G]A	4	8.709395668082495e-07	8.376312813404195e-07	2.172379746980998e-07	1.8834348500837451e-06	1122	4	4.0	0.25	8.709395668082495e-07	8.376312813404195e-07	2.172379746980998e-07	1.8834348500837451e-06	0.9	4000	position_bootstrap	mtDNA_position	False	paired nonparametric bootstrap of whole mtDNA positions
control_region	unlabeled_out_of_neutral_domain_T95	C[C>G]C	5	8.916762231608268e-07	8.60718594746648e-07	2.608662230895977e-07	1.7943229052913665e-06	1122	5	4.499999999999999	0.3333333333333333	8.916762231608268e-07	8.60718594746648e-07	2.608662230895977e-07	1.7943229052913665e-06	0.9	4000	position_bootstrap	mtDNA_position	False	paired nonparametric bootstrap of whole mtDNA positions
control_region	unlabeled_out_of_neutral_domain_T95	C[C>G]G	3	2.5534364572332767e-06	2.4120836117947796e-06	5.688136333996022e-07	5.781256934158804e-06	1122	3	3.0	0.3333333333333333	2.5534364572332767e-06	2.4120836117947796e-06	5.688136333996022e-07	5.781256934158804e-06	0.9	4000	position_bootstrap	mtDNA_position	False	paired nonparametric bootstrap of whole mtDNA positions
control_region	unlabeled_out_of_neutral_domain_T95	C[C>G]T	2	7.490080274550947e-07	6.918159450786314e-07	0.0	1.882364035651923e-06	1122	2	2.0	0.5	7.490080274550947e-07	6.918159450786314e-07	0.0	1.882364035651923e-06	0.9	4000	position_bootstrap	mtDNA_position	False	paired nonparametric bootstrap of whole mtDNA positions
control_region	unlabeled_out_of_neutral_domain_T95	G[C>G]A	1	5.851625214492927e-07	5.482807466625575e-07	0.0	1.7860027456972492e-06	1122	1	1.0	1.0	5.851625214492927e-07	5.482807466625575e-07	0.0	1.7860027456972492e-06	0.9	4000	position_bootstrap	mtDNA_position	False	paired nonparametric bootstrap of whole mtDNA positions
control_region	unlabeled_out_of_neutral_domain_T95	G[C>G]C	0	0.0	0.0	0.0	0.0	1122	0	0.0	0.0	0.0	0.0	0.0	0.0	0.9	4000	position_bootstrap	mtDNA_position	False	paired nonparametric bootstrap of whole mtDNA positions
control_region	unlabeled_out_of_neutral_domain_T95	G[C>G]G	0	0.0	0.0	0.0	0.0	1122	0	0.0	0.0	0.0	0.0	0.0	0.0	0.9	4000	position_bootstrap	mtDNA_position	False	paired nonparametric bootstrap of whole mtDNA positions
control_region	unlabeled_out_of_neutral_domain_T95	G[C>G]T	0	0.0	0.0	0.0	0.0	1122	0	0.0	0.0	0.0	0.0	0.0	0.0	0.9	4000	position_bootstrap	mtDNA_position	False	paired nonparametric bootstrap of whole mtDNA positions
control_region	unlabeled_out_of_neutral_domain_T95	T[C>G]A	6	2.2470240823652835e-06	2.2091666795161377e-06	8.423473591080623e-07	4.339898887907854e-06	1122	6	5.999999999999999	0.16666666666666666	2.2470240823652835e-06	2.2091666795161377e-06	8.423473591080623e-07	4.339898887907854e-06	0.9	4000	position_bootstrap	mtDNA_position	False	paired nonparametric bootstrap of whole mtDNA positions
control_region	unlabeled_out_of_neutral_domain_T95	T[C>G]C	2	7.802166952657235e-07	7.377991785018238e-07	0.0	1.940495225437687e-06	1122	2	2.0	0.5	7.802166952657235e-07	7.377991785018238e-07	0.0	1.940495225437687e-06	0.9	4000	position_bootstrap	mtDNA_position	False	paired nonparametric bootstrap of whole mtDNA positions
control_region	unlabeled_out_of_neutral_domain_T95	T[C>G]G	0	0.0	0.0	0.0	0.0	1122	0	0.0	0.0	0.0	0.0	0.0	0.0	0.9	4000	position_bootstrap	mtDNA_position	False	paired nonparametric bootstrap of whole mtDNA positions
control_region	unlabeled_out_of_neutral_domain_T95	T[C>G]T	3	1.8725200686377366e-06	1.751235590457048e-06	3.9072037676911124e-07	4.253236502120888e-06	1122	3	3.0	0.3333333333333333	1.8725200686377366e-06	1.751235590457048e-06	3.9072037676911124e-07	4.253236502120888e-06	0.9	4000	position_bootstrap	mtDNA_position	False	paired nonparametric bootstrap of whole mtDNA positions
control_region	unlabeled_out_of_neutral_domain_T95	T[G>C]T	1	3.7450401372754733e-06	3.615903584091905e-06	0.0	1.1541546427910996e-05	1122	1	1.0	1.0	3.7450401372754733e-06	3.615903584091905e-06	0.0	1.1541546427910996e-05	0.9	4000	position_bootstrap	mtDNA_position	False	paired nonparametric bootstrap of whole mtDNA positions
control_region	unlabeled_out_of_neutral_domain_T95	G[G>C]T	2	1.8725200686377366e-06	1.8187124071530951e-06	0.0	4.591713548260549e-06	1122	2	2.0	0.5	1.8725200686377366e-06	1.8187124071530951e-06	0.0	4.591713548260549e-06	0.9	4000	position_bootstrap	mtDNA_position	False	paired nonparametric bootstrap of whole mtDNA positions
control_region	unlabeled_out_of_neutral_domain_T95	C[G>C]T	1	1.3375143347412402e-06	1.2826650838338225e-06	0.0	4.0995609008619786e-06	1122	1	1.0	1.0	1.3375143347412402e-06	1.2826650838338225e-06	0.0	4.0995609008619786e-06	0.9	4000	position_bootstrap	mtDNA_position	False	paired nonparametric bootstrap of whole mtDNA positions
control_region	unlabeled_out_of_neutral_domain_T95	A[G>C]T	0	0.0	0.0	0.0	0.0	1122	0	0.0	0.0	0.0	0.0	0.0	0.0	0.9	4000	position_bootstrap	mtDNA_position	False	paired nonparametric bootstrap of whole mtDNA positions
control_region	unlabeled_out_of_neutral_domain_T95	T[G>C]G	4	0.0007805004104276383	0.0007225907892485636	8.903275461339611e-07	0.0023614326241253062	1122	4	1.0065717100451401	0.9967284623773174	0.0007805004104276383	0.0007225907892485636	8.903275461339611e-07	0.0023614326241253062	0.9	4000	position_bootstrap	mtDNA_position	False	paired nonparametric bootstrap of whole mtDNA positions
control_region	unlabeled_out_of_neutral_domain_T95	G[G>C]G	1	6.241733562125788e-07	5.793218095858797e-07	0.0	1.8879588607687773e-06	1122	1	1.0	1.0	6.241733562125788e-07	5.793218095858797e-07	0.0	1.8879588607687773e-06	0.9	4000	position_bootstrap	mtDNA_position	False	paired nonparametric bootstrap of whole mtDNA positions
control_region	unlabeled_out_of_neutral_domain_T95	C[G>C]G	0	0.0	0.0	0.0	0.0	1122	0	0.0	0.0	0.0	0.0	0.0	0.0	0.9	4000	position_bootstrap	mtDNA_position	False	paired nonparametric bootstrap of whole mtDNA positions
control_region	unlabeled_out_of_neutral_domain_T95	A[G>C]G	2	3.120866781062894e-06	2.9025647465508914e-06	0.0	7.869131848559908e-06	1122	2	2.0	0.5	3.120866781062894e-06	2.9025647465508914e-06	0.0	7.869131848559908e-06	0.9	4000	position_bootstrap	mtDNA_position	False	paired nonparametric bootstrap of whole mtDNA positions
control_region	unlabeled_out_of_neutral_domain_T95	T[G>C]C	1	7.202000263991294e-07	6.855781057410597e-07	0.0	2.1771516542164714e-06	1122	1	1.0	1.0	7.202000263991294e-07	6.855781057410597e-07	0.0	2.1771516542164714e-06	0.9	4000	position_bootstrap	mtDNA_position	False	paired nonparametric bootstrap of whole mtDNA positions
control_region	unlabeled_out_of_neutral_domain_T95	G[G>C]C	2	0.002537264693004133	0.0024215387949018683	0.0	0.007682532297254974	1122	2	1.001846720493823	0.9990774907749077	0.002537264693004133	0.0024215387949018683	0.0	0.007682532297254974	0.9	4000	position_bootstrap	mtDNA_position	False	paired nonparametric bootstrap of whole mtDNA positions
control_region	unlabeled_out_of_neutral_domain_T95	C[G>C]C	1	9.362600343188683e-07	8.994048176593485e-07	0.0	2.9325906176079548e-06	1122	1	1.0	1.0	9.362600343188683e-07	8.994048176593485e-07	0.0	2.9325906176079548e-06	0.9	4000	position_bootstrap	mtDNA_position	False	paired nonparametric bootstrap of whole mtDNA positions
control_region	unlabeled_out_of_neutral_domain_T95	A[G>C]C	0	0.0	0.0	0.0	0.0	1122	0	0.0	0.0	0.0	0.0	0.0	0.0	0.9	4000	position_bootstrap	mtDNA_position	False	paired nonparametric bootstrap of whole mtDNA positions
control_region	unlabeled_out_of_neutral_domain_T95	T[G>C]A	1	1.0402889270209647e-06	9.713757149522104e-07	0.0	3.310706964898101e-06	1122	1	1.0	1.0	1.0402889270209647e-06	9.713757149522104e-07	0.0	3.310706964898101e-06	0.9	4000	position_bootstrap	mtDNA_position	False	paired nonparametric bootstrap of whole mtDNA positions
control_region	unlabeled_out_of_neutral_domain_T95	G[G>C]A	1	1.1703250428985853e-06	1.1049961056921953e-06	0.0	3.6702442867404224e-06	1122	1	1.0	1.0	1.1703250428985853e-06	1.1049961056921953e-06	0.0	3.6702442867404224e-06	0.9	4000	position_bootstrap	mtDNA_position	False	paired nonparametric bootstrap of whole mtDNA positions
control_region	unlabeled_out_of_neutral_domain_T95	C[G>C]A	2	2.1846067467440255e-05	2.0986867350871943e-05	0.0	6.317690488769131e-05	1122	2	1.1529411764705884	0.9285714285714286	2.1846067467440255e-05	2.0986867350871943e-05	0.0	6.317690488769131e-05	0.9	4000	position_bootstrap	mtDNA_position	False	paired nonparametric bootstrap of whole mtDNA positions
control_region	unlabeled_out_of_neutral_domain_T95	A[G>C]A	2	2.0805778540419294e-06	1.9420011362078713e-06	0.0	5.17721609376607e-06	1122	2	2.0	0.5	2.0805778540419294e-06	1.9420011362078713e-06	0.0	5.17721609376607e-06	0.9	4000	position_bootstrap	mtDNA_position	False	paired nonparametric bootstrap of whole mtDNA positions
control_region	unlabeled_out_of_neutral_domain_T95	A[C>T]A	4	8.322311416167718e-07	7.999544721556175e-07	2.0507584826518818e-07	1.733171028195466e-06	1122	4	4.0	0.25	8.322311416167718e-07	7.999544721556175e-07	2.0507584826518818e-07	1.733171028195466e-06	0.9	4000	position_bootstrap	mtDNA_position	False	paired nonparametric bootstrap of whole mtDNA positions
control_region	unlabeled_out_of_neutral_domain_T95	A[C>T]C	4	9.134244237257251e-07	8.785252984735026e-07	2.2645338389609043e-07	1.8931363164683666e-06	1122	4	4.0	0.25	9.134244237257251e-07	8.785252984735026e-07	2.2645338389609043e-07	1.8931363164683666e-06	0.9	4000	position_bootstrap	mtDNA_position	False	paired nonparametric bootstrap of whole mtDNA positions
control_region	unlabeled_out_of_neutral_domain_T95	A[C>T]G	2	2.6750286694824805e-06	2.4893796830099826e-06	0.0	6.714602723934074e-06	1122	2	2.0	0.5	2.6750286694824805e-06	2.4893796830099826e-06	0.0	6.714602723934074e-06	0.9	4000	position_bootstrap	mtDNA_position	False	paired nonparametric bootstrap of whole mtDNA positions
control_region	unlabeled_out_of_neutral_domain_T95	A[C>T]T	0	0.0	0.0	0.0	0.0	1122	0	0.0	0.0	0.0	0.0	0.0	0.0	0.9	4000	position_bootstrap	mtDNA_position	False	paired nonparametric bootstrap of whole mtDNA positions
control_region	unlabeled_out_of_neutral_domain_T95	C[C>T]A	2	1.3064093502123742e-06	1.2130009758700603e-06	0.0	3.6776351102864693e-06	1122	2	1.3846153846153844	0.8333333333333334	1.3064093502123742e-06	1.2130009758700603e-06	0.0	3.6776351102864693e-06	0.9	4000	position_bootstrap	mtDNA_position	False	paired nonparametric bootstrap of whole mtDNA positions
control_region	unlabeled_out_of_neutral_domain_T95	C[C>T]C	2	2.972254077202756e-07	2.787448670824989e-07	0.0	7.330241485783233e-07	1122	2	2.0	0.5	2.972254077202756e-07	2.787448670824989e-07	0.0	7.330241485783233e-07	0.9	4000	position_bootstrap	mtDNA_position	False	paired nonparametric bootstrap of whole mtDNA positions
control_region	unlabeled_out_of_neutral_domain_T95	C[C>T]G	2	1.7022909714888515e-06	1.579369031503557e-06	0.0	4.20536480308304e-06	1122	2	2.0	0.5	1.7022909714888515e-06	1.579369031503557e-06	0.0	4.20536480308304e-06	0.9	4000	position_bootstrap	mtDNA_position	False	paired nonparametric bootstrap of whole mtDNA positions
control_region	unlabeled_out_of_neutral_domain_T95	C[C>T]T	2	7.490080274550947e-07	6.96940360248293e-07	0.0	1.8960007771403096e-06	1122	2	2.0	0.5	7.490080274550947e-07	6.96940360248293e-07	0.0	1.8960007771403096e-06	0.9	4000	position_bootstrap	mtDNA_position	False	paired nonparametric bootstrap of whole mtDNA positions
control_region	unlabeled_out_of_neutral_domain_T95	G[C>T]A	0	0.0	0.0	0.0	0.0	1122	0	0.0	0.0	0.0	0.0	0.0	0.0	0.9	4000	position_bootstrap	mtDNA_position	False	paired nonparametric bootstrap of whole mtDNA positions
control_region	unlabeled_out_of_neutral_domain_T95	G[C>T]C	1	6.687571673706201e-07	6.400666963251877e-07	0.0	2.0739652955687546e-06	1122	1	1.0	1.0	6.687571673706201e-07	6.400666963251877e-07	0.0	2.0739652955687546e-06	0.9	4000	position_bootstrap	mtDNA_position	False	paired nonparametric bootstrap of whole mtDNA positions
control_region	unlabeled_out_of_neutral_domain_T95	G[C>T]G	0	0.0	0.0	0.0	0.0	1122	0	0.0	0.0	0.0	0.0	0.0	0.0	0.9	4000	position_bootstrap	mtDNA_position	False	paired nonparametric bootstrap of whole mtDNA positions
control_region	unlabeled_out_of_neutral_domain_T95	G[C>T]T	1	8.511454857444257e-07	7.993631326223257e-07	0.0	2.6754311427424345e-06	1122	1	1.0	1.0	8.511454857444257e-07	7.993631326223257e-07	0.0	2.6754311427424345e-06	0.9	4000	position_bootstrap	mtDNA_position	False	paired nonparametric bootstrap of whole mtDNA positions
control_region	unlabeled_out_of_neutral_domain_T95	T[C>T]A	6	2.2470240823652835e-06	2.2281525543268062e-06	8.379336958885118e-07	4.333061049920835e-06	1122	6	5.999999999999999	0.16666666666666666	2.2470240823652835e-06	2.2281525543268062e-06	8.379336958885118e-07	4.333061049920835e-06	0.9	4000	position_bootstrap	mtDNA_position	False	paired nonparametric bootstrap of whole mtDNA positions
control_region	unlabeled_out_of_neutral_domain_T95	T[C>T]C	4	1.560433390531447e-06	1.4987292644447846e-06	3.842022672168367e-07	3.247819967137441e-06	1122	4	4.0	0.25	1.560433390531447e-06	1.4987292644447846e-06	3.842022672168367e-07	3.247819967137441e-06	0.9	4000	position_bootstrap	mtDNA_position	False	paired nonparametric bootstrap of whole mtDNA positions
control_region	unlabeled_out_of_neutral_domain_T95	T[C>T]G	0	0.0	0.0	0.0	0.0	1122	0	0.0	0.0	0.0	0.0	0.0	0.0	0.9	4000	position_bootstrap	mtDNA_position	False	paired nonparametric bootstrap of whole mtDNA positions
control_region	unlabeled_out_of_neutral_domain_T95	T[C>T]T	3	1.8725200686377366e-06	1.7732633251953795e-06	4.4228318222092865e-07	4.243869171071745e-06	1122	3	3.0	0.3333333333333333	1.8725200686377366e-06	1.7732633251953795e-06	4.4228318222092865e-07	4.243869171071745e-06	0.9	4000	position_bootstrap	mtDNA_position	False	paired nonparametric bootstrap of whole mtDNA positions
control_region	unlabeled_out_of_neutral_domain_T95	T[G>A]T	0	0.0	0.0	0.0	0.0	1122	0	0.0	0.0	0.0	0.0	0.0	0.0	0.9	4000	position_bootstrap	mtDNA_position	False	paired nonparametric bootstrap of whole mtDNA positions
control_region	unlabeled_out_of_neutral_domain_T95	G[G>A]T	0	0.0	0.0	0.0	0.0	1122	0	0.0	0.0	0.0	0.0	0.0	0.0	0.9	4000	position_bootstrap	mtDNA_position	False	paired nonparametric bootstrap of whole mtDNA positions
control_region	unlabeled_out_of_neutral_domain_T95	C[G>A]T	1	1.3375143347412402e-06	1.2826650838338225e-06	0.0	4.0995609008619786e-06	1122	1	1.0	1.0	1.3375143347412402e-06	1.2826650838338225e-06	0.0	4.0995609008619786e-06	0.9	4000	position_bootstrap	mtDNA_position	False	paired nonparametric bootstrap of whole mtDNA positions
control_region	unlabeled_out_of_neutral_domain_T95	A[G>A]T	1	8.511454857444257e-07	7.985529427940676e-07	0.0	2.676104041336111e-06	1122	1	1.0	1.0	8.511454857444257e-07	7.985529427940676e-07	0.0	2.676104041336111e-06	0.9	4000	position_bootstrap	mtDNA_position	False	paired nonparametric bootstrap of whole mtDNA positions
control_region	unlabeled_out_of_neutral_domain_T95	T[G>A]G	2	1.7022909714888515e-06	1.5880511640918573e-06	0.0	4.3333097077636555e-06	1122	2	2.0	0.5	1.7022909714888515e-06	1.5880511640918573e-06	0.0	4.3333097077636555e-06	0.9	4000	position_bootstrap	mtDNA_position	False	paired nonparametric bootstrap of whole mtDNA positions
control_region	unlabeled_out_of_neutral_domain_T95	G[G>A]G	2	1.2483467124251576e-06	1.1584227689862845e-06	0.0	3.1270215200203292e-06	1122	2	2.0	0.5	1.2483467124251576e-06	1.1584227689862845e-06	0.0	3.1270215200203292e-06	0.9	4000	position_bootstrap	mtDNA_position	False	paired nonparametric bootstrap of whole mtDNA positions
control_region	unlabeled_out_of_neutral_domain_T95	C[G>A]G	0	0.0	0.0	0.0	0.0	1122	0	0.0	0.0	0.0	0.0	0.0	0.0	0.9	4000	position_bootstrap	mtDNA_position	False	paired nonparametric bootstrap of whole mtDNA positions
control_region	unlabeled_out_of_neutral_domain_T95	A[G>A]G	1	1.560433390531447e-06	1.484183163323648e-06	0.0	4.855139910966644e-06	1122	1	1.0	1.0	1.560433390531447e-06	1.484183163323648e-06	0.0	4.855139910966644e-06	0.9	4000	position_bootstrap	mtDNA_position	False	paired nonparametric bootstrap of whole mtDNA positions
control_region	unlabeled_out_of_neutral_domain_T95	T[G>A]C	0	0.0	0.0	0.0	0.0	1122	0	0.0	0.0	0.0	0.0	0.0	0.0	0.9	4000	position_bootstrap	mtDNA_position	False	paired nonparametric bootstrap of whole mtDNA positions
control_region	unlabeled_out_of_neutral_domain_T95	G[G>A]C	0	0.0	0.0	0.0	0.0	1122	0	0.0	0.0	0.0	0.0	0.0	0.0	0.9	4000	position_bootstrap	mtDNA_position	False	paired nonparametric bootstrap of whole mtDNA positions
control_region	unlabeled_out_of_neutral_domain_T95	C[G>A]C	0	0.0	0.0	0.0	0.0	1122	0	0.0	0.0	0.0	0.0	0.0	0.0	0.9	4000	position_bootstrap	mtDNA_position	False	paired nonparametric bootstrap of whole mtDNA positions
control_region	unlabeled_out_of_neutral_domain_T95	A[G>A]C	0	0.0	0.0	0.0	0.0	1122	0	0.0	0.0	0.0	0.0	0.0	0.0	0.9	4000	position_bootstrap	mtDNA_position	False	paired nonparametric bootstrap of whole mtDNA positions
control_region	unlabeled_out_of_neutral_domain_T95	T[G>A]A	1	1.0402889270209647e-06	9.713757149522104e-07	0.0	3.310706964898101e-06	1122	1	1.0	1.0	1.0402889270209647e-06	9.713757149522104e-07	0.0	3.310706964898101e-06	0.9	4000	position_bootstrap	mtDNA_position	False	paired nonparametric bootstrap of whole mtDNA positions
control_region	unlabeled_out_of_neutral_domain_T95	G[G>A]A	1	1.1703250428985853e-06	1.1049961056921953e-06	0.0	3.6702442867404224e-06	1122	1	1.0	1.0	1.1703250428985853e-06	1.1049961056921953e-06	0.0	3.6702442867404224e-06	0.9	4000	position_bootstrap	mtDNA_position	False	paired nonparametric bootstrap of whole mtDNA positions
control_region	unlabeled_out_of_neutral_domain_T95	C[G>A]A	0	0.0	0.0	0.0	0.0	1122	0	0.0	0.0	0.0	0.0	0.0	0.0	0.9	4000	position_bootstrap	mtDNA_position	False	paired nonparametric bootstrap of whole mtDNA positions
control_region	unlabeled_out_of_neutral_domain_T95	A[G>A]A	2	5.7215890986153055e-05	5.2713314544662054e-05	0.0	0.00017486287447878365	1122	2	1.1559037065341995	0.9272727272727272	5.7215890986153055e-05	5.2713314544662054e-05	0.0	0.00017486287447878365	0.9	4000	position_bootstrap	mtDNA_position	False	paired nonparametric bootstrap of whole mtDNA positions
control_region	unlabeled_out_of_neutral_domain_T95	A[T>A]A	2	7.802166952657235e-07	7.172222822036966e-07	0.0	1.9147046728779645e-06	1122	2	2.0	0.5	7.802166952657235e-07	7.172222822036966e-07	0.0	1.9147046728779645e-06	0.9	4000	position_bootstrap	mtDNA_position	False	paired nonparametric bootstrap of whole mtDNA positions
control_region	unlabeled_out_of_neutral_domain_T95	A[T>A]C	5	1.9505417381643085e-06	1.8823221025237087e-06	6.194456876705662e-07	3.832960404043079e-06	1122	5	4.999999999999999	0.2	1.9505417381643085e-06	1.8823221025237087e-06	6.194456876705662e-07	3.832960404043079e-06	0.9	4000	position_bootstrap	mtDNA_position	False	paired nonparametric bootstrap of whole mtDNA positions
control_region	unlabeled_out_of_neutral_domain_T95	A[T>A]G	2	1.4404000527982589e-06	1.370110525054436e-06	0.0	3.6249934088783205e-06	1122	2	2.0	0.5	1.4404000527982589e-06	1.370110525054436e-06	0.0	3.6249934088783205e-06	0.9	4000	position_bootstrap	mtDNA_position	False	paired nonparametric bootstrap of whole mtDNA positions
control_region	unlabeled_out_of_neutral_domain_T95	A[T>A]T	1	4.0706958013863835e-07	3.8327876387096215e-07	0.0	1.241795579701058e-06	1122	1	1.0	1.0	4.0706958013863835e-07	3.8327876387096215e-07	0.0	1.241795579701058e-06	0.9	4000	position_bootstrap	mtDNA_position	False	paired nonparametric bootstrap of whole mtDNA positions
control_region	unlabeled_out_of_neutral_domain_T95	C[T>A]A	3	1.3375143347412402e-06	1.2765901288544677e-06	3.1843708747638155e-07	2.9254538663499236e-06	1122	3	3.0	0.3333333333333333	1.3375143347412402e-06	1.2765901288544677e-06	3.1843708747638155e-07	2.9254538663499236e-06	0.9	4000	position_bootstrap	mtDNA_position	False	paired nonparametric bootstrap of whole mtDNA positions
control_region	unlabeled_out_of_neutral_domain_T95	C[T>A]C	0	0.0	0.0	0.0	0.0	1122	0	0.0	0.0	0.0	0.0	0.0	0.0	0.9	4000	position_bootstrap	mtDNA_position	False	paired nonparametric bootstrap of whole mtDNA positions
control_region	unlabeled_out_of_neutral_domain_T95	C[T>A]G	1	7.202000263991294e-07	6.761229388195116e-07	0.0	2.2501706655893078e-06	1122	1	1.0	1.0	7.202000263991294e-07	6.761229388195116e-07	0.0	2.2501706655893078e-06	0.9	4000	position_bootstrap	mtDNA_position	False	paired nonparametric bootstrap of whole mtDNA positions
control_region	unlabeled_out_of_neutral_domain_T95	C[T>A]T	2	1.1014823933163155e-06	1.0269979155393853e-06	0.0	2.704690730170692e-06	1122	2	2.0	0.5	1.1014823933163155e-06	1.0269979155393853e-06	0.0	2.704690730170692e-06	0.9	4000	position_bootstrap	mtDNA_position	False	paired nonparametric bootstrap of whole mtDNA positions
control_region	unlabeled_out_of_neutral_domain_T95	G[T>A]A	0	0.0	0.0	0.0	0.0	1122	0	0.0	0.0	0.0	0.0	0.0	0.0	0.9	4000	position_bootstrap	mtDNA_position	False	paired nonparametric bootstrap of whole mtDNA positions
control_region	unlabeled_out_of_neutral_domain_T95	G[T>A]C	2	1.8725200686377366e-06	1.7993549624187485e-06	0.0	4.687563473254923e-06	1122	2	2.0	0.5	1.8725200686377366e-06	1.7993549624187485e-06	0.0	4.687563473254923e-06	0.9	4000	position_bootstrap	mtDNA_position	False	paired nonparametric bootstrap of whole mtDNA positions
control_region	unlabeled_out_of_neutral_domain_T95	G[T>A]G	1	1.8725200686377366e-06	1.774133177072858e-06	0.0	5.84240896393313e-06	1122	1	1.0	1.0	1.8725200686377366e-06	1.774133177072858e-06	0.0	5.84240896393313e-06	0.9	4000	position_bootstrap	mtDNA_position	False	paired nonparametric bootstrap of whole mtDNA positions
control_region	unlabeled_out_of_neutral_domain_T95	G[T>A]T	3	5.6175602059132105e-06	5.472858439948835e-06	1.2262327374988044e-06	1.2340794281112894e-05	1122	3	3.0	0.3333333333333333	5.6175602059132105e-06	5.472858439948835e-06	1.2262327374988044e-06	1.2340794281112894e-05	0.9	4000	position_bootstrap	mtDNA_position	False	paired nonparametric bootstrap of whole mtDNA positions
control_region	unlabeled_out_of_neutral_domain_T95	T[T>A]A	2	1.0402889270209647e-06	9.620526045623112e-07	0.0	2.598807656176888e-06	1122	2	2.0	0.5	1.0402889270209647e-06	9.620526045623112e-07	0.0	2.598807656176888e-06	0.9	4000	position_bootstrap	mtDNA_position	False	paired nonparametric bootstrap of whole mtDNA positions
control_region	unlabeled_out_of_neutral_domain_T95	T[T>A]C	5	3.120866781062894e-06	3.027305593925554e-06	1.0383015586608757e-06	6.148269369166379e-06	1122	5	4.999999999999999	0.2	3.120866781062894e-06	3.027305593925554e-06	1.0383015586608757e-06	6.148269369166379e-06	0.9	4000	position_bootstrap	mtDNA_position	False	paired nonparametric bootstrap of whole mtDNA positions
control_region	unlabeled_out_of_neutral_domain_T95	T[T>A]G	0	0.0	0.0	0.0	0.0	1122	0	0.0	0.0	0.0	0.0	0.0	0.0	0.9	4000	position_bootstrap	mtDNA_position	False	paired nonparametric bootstrap of whole mtDNA positions
control_region	unlabeled_out_of_neutral_domain_T95	T[T>A]T	1	4.6813001715943416e-07	4.4012278309234235e-07	0.0	1.4100532512290667e-06	1122	1	1.0	1.0	4.6813001715943416e-07	4.4012278309234235e-07	0.0	1.4100532512290667e-06	0.9	4000	position_bootstrap	mtDNA_position	False	paired nonparametric bootstrap of whole mtDNA positions
control_region	unlabeled_out_of_neutral_domain_T95	T[A>T]T	4	1.8725200686377366e-06	1.8167153650449788e-06	4.642379812826151e-07	3.857640826220002e-06	1122	4	4.0	0.25	1.8725200686377366e-06	1.8167153650449788e-06	4.642379812826151e-07	3.857640826220002e-06	0.9	4000	position_bootstrap	mtDNA_position	False	paired nonparametric bootstrap of whole mtDNA positions
control_region	unlabeled_out_of_neutral_domain_T95	G[A>T]T	2	2.0805778540419294e-06	1.9867625721148098e-06	0.0	5.197170575896434e-06	1122	2	2.0	0.5	2.0805778540419294e-06	1.9867625721148098e-06	0.0	5.197170575896434e-06	0.9	4000	position_bootstrap	mtDNA_position	False	paired nonparametric bootstrap of whole mtDNA positions
control_region	unlabeled_out_of_neutral_domain_T95	C[A>T]T	4	1.1014823933163155e-06	1.0531319829368158e-06	2.7501663473459324e-07	2.3045484439802778e-06	1122	4	4.0	0.25	1.1014823933163155e-06	1.0531319829368158e-06	2.7501663473459324e-07	2.3045484439802778e-06	0.9	4000	position_bootstrap	mtDNA_position	False	paired nonparametric bootstrap of whole mtDNA positions
control_region	unlabeled_out_of_neutral_domain_T95	A[A>T]T	3	1.7833524463216536e-06	1.6305917810110295e-06	0.0	4.039375245928772e-06	1122	3	2.6666666666666665	0.5	1.7833524463216536e-06	1.6305917810110295e-06	0.0	4.039375245928772e-06	0.9	4000	position_bootstrap	mtDNA_position	False	paired nonparametric bootstrap of whole mtDNA positions
control_region	unlabeled_out_of_neutral_domain_T95	T[A>T]G	0	0.0	0.0	0.0	0.0	1122	0	0.0	0.0	0.0	0.0	0.0	0.0	0.9	4000	position_bootstrap	mtDNA_position	False	paired nonparametric bootstrap of whole mtDNA positions
control_region	unlabeled_out_of_neutral_domain_T95	G[A>T]G	0	0.0	0.0	0.0	0.0	1122	0	0.0	0.0	0.0	0.0	0.0	0.0	0.9	4000	position_bootstrap	mtDNA_position	False	paired nonparametric bootstrap of whole mtDNA positions
control_region	unlabeled_out_of_neutral_domain_T95	C[A>T]G	3	1.560433390531447e-06	1.4935189108743023e-06	0.0	3.5264966225413013e-06	1122	3	3.0	0.3333333333333333	1.560433390531447e-06	1.4935189108743023e-06	0.0	3.5264966225413013e-06	0.9	4000	position_bootstrap	mtDNA_position	False	paired nonparametric bootstrap of whole mtDNA positions
control_region	unlabeled_out_of_neutral_domain_T95	A[A>T]G	1	7.202000263991294e-07	6.877925992256953e-07	0.0	2.2547117656486176e-06	1122	1	1.0	1.0	7.202000263991294e-07	6.877925992256953e-07	0.0	2.2547117656486176e-06	0.9	4000	position_bootstrap	mtDNA_position	False	paired nonparametric bootstrap of whole mtDNA positions
control_region	unlabeled_out_of_neutral_domain_T95	T[A>T]C	0	0.0	0.0	0.0	0.0	1122	0	0.0	0.0	0.0	0.0	0.0	0.0	0.9	4000	position_bootstrap	mtDNA_position	False	paired nonparametric bootstrap of whole mtDNA positions
control_region	unlabeled_out_of_neutral_domain_T95	G[A>T]C	1	9.362600343188683e-07	8.857104927918534e-07	0.0	2.9450850568526475e-06	1122	1	1.0	1.0	9.362600343188683e-07	8.857104927918534e-07	0.0	2.9450850568526475e-06	0.9	4000	position_bootstrap	mtDNA_position	False	paired nonparametric bootstrap of whole mtDNA positions
control_region	unlabeled_out_of_neutral_domain_T95	C[A>T]C	3	6.241733562125788e-07	5.842251792886796e-07	0.0	1.4145686182042608e-06	1122	3	3.0	0.3333333333333333	6.241733562125788e-07	5.842251792886796e-07	0.0	1.4145686182042608e-06	0.9	4000	position_bootstrap	mtDNA_position	False	paired nonparametric bootstrap of whole mtDNA positions
control_region	unlabeled_out_of_neutral_domain_T95	A[A>T]C	4	1.4629063036232317e-06	1.4017182423396432e-06	2.9732345639080905e-07	3.1374927914722436e-06	1122	4	3.571428571428571	0.4	1.4629063036232317e-06	1.4017182423396432e-06	2.9732345639080905e-07	3.1374927914722436e-06	0.9	4000	position_bootstrap	mtDNA_position	False	paired nonparametric bootstrap of whole mtDNA positions
control_region	unlabeled_out_of_neutral_domain_T95	T[A>T]A	3	1.0803000395986942e-06	1.0343821088168874e-06	2.2169382520862914e-07	2.444626776235947e-06	1122	3	3.0	0.3333333333333333	1.0803000395986942e-06	1.0343821088168874e-06	2.2169382520862914e-07	2.444626776235947e-06	0.9	4000	position_bootstrap	mtDNA_position	False	paired nonparametric bootstrap of whole mtDNA positions
control_region	unlabeled_out_of_neutral_domain_T95	G[A>T]A	1	1.1703250428985853e-06	1.1130123561727398e-06	0.0	3.600048787263515e-06	1122	1	1.0	1.0	1.1703250428985853e-06	1.1130123561727398e-06	0.0	3.600048787263515e-06	0.9	4000	position_bootstrap	mtDNA_position	False	paired nonparametric bootstrap of whole mtDNA positions
control_region	unlabeled_out_of_neutral_domain_T95	C[A>T]A	5	1.4629063036232317e-06	1.4152326115738947e-06	4.7018110235892165e-07	2.897726610483319e-06	1122	5	4.999999999999999	0.2	1.4629063036232317e-06	1.4152326115738947e-06	4.7018110235892165e-07	2.897726610483319e-06	0.9	4000	position_bootstrap	mtDNA_position	False	paired nonparametric bootstrap of whole mtDNA positions
control_region	unlabeled_out_of_neutral_domain_T95	A[A>T]A	5	1.560433390531447e-06	1.5456128259073776e-06	5.076043865323361e-07	3.1980127925014964e-06	1122	5	4.999999999999999	0.2	1.560433390531447e-06	1.5456128259073776e-06	5.076043865323361e-07	3.1980127925014964e-06	0.9	4000	position_bootstrap	mtDNA_position	False	paired nonparametric bootstrap of whole mtDNA positions
control_region	unlabeled_out_of_neutral_domain_T95	A[T>C]A	2	7.802166952657235e-07	7.37157272296029e-07	0.0	1.973063837873041e-06	1122	2	2.0	0.5	7.802166952657235e-07	7.37157272296029e-07	0.0	1.973063837873041e-06	0.9	4000	position_bootstrap	mtDNA_position	False	paired nonparametric bootstrap of whole mtDNA positions
control_region	unlabeled_out_of_neutral_domain_T95	A[T>C]C	2	7.802166952657235e-07	7.365340388216665e-07	0.0	1.919071400047099e-06	1122	2	2.0	0.5	7.802166952657235e-07	7.365340388216665e-07	0.0	1.919071400047099e-06	0.9	4000	position_bootstrap	mtDNA_position	False	paired nonparametric bootstrap of whole mtDNA positions
control_region	unlabeled_out_of_neutral_domain_T95	A[T>C]G	2	1.4404000527982589e-06	1.370110525054436e-06	0.0	3.6249934088783205e-06	1122	2	2.0	0.5	1.4404000527982589e-06	1.370110525054436e-06	0.0	3.6249934088783205e-06	0.9	4000	position_bootstrap	mtDNA_position	False	paired nonparametric bootstrap of whole mtDNA positions
control_region	unlabeled_out_of_neutral_domain_T95	A[T>C]T	1	8.141391602772767e-07	7.654309271171171e-07	0.0	2.5021651141784476e-06	1122	1	1.0	1.0	8.141391602772767e-07	7.654309271171171e-07	0.0	2.5021651141784476e-06	0.9	4000	position_bootstrap	mtDNA_position	False	paired nonparametric bootstrap of whole mtDNA positions
control_region	unlabeled_out_of_neutral_domain_T95	C[T>C]A	2	1.7833524463216536e-06	1.6043091186051782e-06	0.0	4.982017991177654e-06	1122	2	1.6	0.75	1.7833524463216536e-06	1.6043091186051782e-06	0.0	4.982017991177654e-06	0.9	4000	position_bootstrap	mtDNA_position	False	paired nonparametric bootstrap of whole mtDNA positions
control_region	unlabeled_out_of_neutral_domain_T95	C[T>C]C	1	0.00017878108274374578	0.00017184154860129373	0.0	0.0005809921697591103	1122	1	1.0	1.0	0.00017878108274374578	0.00017184154860129373	0.0	0.0005809921697591103	0.9	4000	position_bootstrap	mtDNA_position	False	paired nonparametric bootstrap of whole mtDNA positions
control_region	unlabeled_out_of_neutral_domain_T95	C[T>C]G	1	7.202000263991294e-07	6.831352364217002e-07	0.0	2.251015948257907e-06	1122	1	1.0	1.0	7.202000263991294e-07	6.831352364217002e-07	0.0	2.251015948257907e-06	0.9	4000	position_bootstrap	mtDNA_position	False	paired nonparametric bootstrap of whole mtDNA positions
control_region	unlabeled_out_of_neutral_domain_T95	C[T>C]T	2	1.6522235899744732e-06	1.4541320807047607e-06	0.0	4.3130497726668264e-06	1122	2	1.7999999999999998	0.6666666666666666	1.6522235899744732e-06	1.4541320807047607e-06	0.0	4.3130497726668264e-06	0.9	4000	position_bootstrap	mtDNA_position	False	paired nonparametric bootstrap of whole mtDNA positions
control_region	unlabeled_out_of_neutral_domain_T95	G[T>C]A	0	0.0	0.0	0.0	0.0	1122	0	0.0	0.0	0.0	0.0	0.0	0.0	0.9	4000	position_bootstrap	mtDNA_position	False	paired nonparametric bootstrap of whole mtDNA positions
control_region	unlabeled_out_of_neutral_domain_T95	G[T>C]C	1	0.15170502214078918	0.14417367355255672	0.0	0.35363642269036527	1122	1	1.0	1.0	0.15170502214078918	0.14417367355255672	0.0	0.35363642269036527	0.9	4000	position_bootstrap	mtDNA_position	False	paired nonparametric bootstrap of whole mtDNA positions
control_region	unlabeled_out_of_neutral_domain_T95	G[T>C]G	0	0.0	0.0	0.0	0.0	1122	0	0.0	0.0	0.0	0.0	0.0	0.0	0.9	4000	position_bootstrap	mtDNA_position	False	paired nonparametric bootstrap of whole mtDNA positions
control_region	unlabeled_out_of_neutral_domain_T95	G[T>C]T	1	1.8725200686377366e-06	1.7706973044036387e-06	0.0	5.81915934802889e-06	1122	1	1.0	1.0	1.8725200686377366e-06	1.7706973044036387e-06	0.0	5.81915934802889e-06	0.9	4000	position_bootstrap	mtDNA_position	False	paired nonparametric bootstrap of whole mtDNA positions
control_region	unlabeled_out_of_neutral_domain_T95	T[T>C]A	1	1.0402889270209647e-06	9.873621461510249e-07	0.0	3.3279056149565007e-06	1122	1	1.0	1.0	1.0402889270209647e-06	9.873621461510249e-07	0.0	3.3279056149565007e-06	0.9	4000	position_bootstrap	mtDNA_position	False	paired nonparametric bootstrap of whole mtDNA positions
control_region	unlabeled_out_of_neutral_domain_T95	T[T>C]C	3	1.8725200686377366e-06	1.7831655439709841e-06	0.0	4.175211455755707e-06	1122	3	3.0	0.3333333333333333	1.8725200686377366e-06	1.7831655439709841e-06	0.0	4.175211455755707e-06	0.9	4000	position_bootstrap	mtDNA_position	False	paired nonparametric bootstrap of whole mtDNA positions
control_region	unlabeled_out_of_neutral_domain_T95	T[T>C]G	0	0.0	0.0	0.0	0.0	1122	0	0.0	0.0	0.0	0.0	0.0	0.0	0.9	4000	position_bootstrap	mtDNA_position	False	paired nonparametric bootstrap of whole mtDNA positions
control_region	unlabeled_out_of_neutral_domain_T95	T[T>C]T	2	9.362600343188683e-07	8.592943471423062e-07	0.0	2.307970906137862e-06	1122	2	2.0	0.5	9.362600343188683e-07	8.592943471423062e-07	0.0	2.307970906137862e-06	0.9	4000	position_bootstrap	mtDNA_position	False	paired nonparametric bootstrap of whole mtDNA positions
control_region	unlabeled_out_of_neutral_domain_T95	T[A>G]T	4	2.3406500857971706e-06	2.2582319469923604e-06	4.879906207097214e-07	5.066146756550568e-06	1122	4	3.571428571428571	0.4	2.3406500857971706e-06	2.2582319469923604e-06	4.879906207097214e-07	5.066146756550568e-06	0.9	4000	position_bootstrap	mtDNA_position	False	paired nonparametric bootstrap of whole mtDNA positions
control_region	unlabeled_out_of_neutral_domain_T95	G[A>G]T	2	2.0805778540419294e-06	1.9867625721148098e-06	0.0	5.197170575896434e-06	1122	2	2.0	0.5	2.0805778540419294e-06	1.9867625721148098e-06	0.0	5.197170575896434e-06	0.9	4000	position_bootstrap	mtDNA_position	False	paired nonparametric bootstrap of whole mtDNA positions
control_region	unlabeled_out_of_neutral_domain_T95	C[A>G]T	4	1.1014823933163155e-06	1.0531319829368158e-06	2.7501663473459324e-07	2.3045484439802778e-06	1122	4	4.0	0.25	1.1014823933163155e-06	1.0531319829368158e-06	2.7501663473459324e-07	2.3045484439802778e-06	0.9	4000	position_bootstrap	mtDNA_position	False	paired nonparametric bootstrap of whole mtDNA positions
control_region	unlabeled_out_of_neutral_domain_T95	A[A>G]T	2	8.916762231608268e-07	8.291114488048124e-07	0.0	2.2556784967400664e-06	1122	2	2.0	0.5	8.916762231608268e-07	8.291114488048124e-07	0.0	2.2556784967400664e-06	0.9	4000	position_bootstrap	mtDNA_position	False	paired nonparametric bootstrap of whole mtDNA positions
control_region	unlabeled_out_of_neutral_domain_T95	T[A>G]G	0	0.0	0.0	0.0	0.0	1122	0	0.0	0.0	0.0	0.0	0.0	0.0	0.9	4000	position_bootstrap	mtDNA_position	False	paired nonparametric bootstrap of whole mtDNA positions
control_region	unlabeled_out_of_neutral_domain_T95	G[A>G]G	0	0.0	0.0	0.0	0.0	1122	0	0.0	0.0	0.0	0.0	0.0	0.0	0.9	4000	position_bootstrap	mtDNA_position	False	paired nonparametric bootstrap of whole mtDNA positions
control_region	unlabeled_out_of_neutral_domain_T95	C[A>G]G	2	4.161155708083859e-06	3.782653894984127e-06	0.0	1.1688063130402948e-05	1122	2	1.28	0.875	4.161155708083859e-06	3.782653894984127e-06	0.0	1.1688063130402948e-05	0.9	4000	position_bootstrap	mtDNA_position	False	paired nonparametric bootstrap of whole mtDNA positions
control_region	unlabeled_out_of_neutral_domain_T95	A[A>G]G	1	1.4404000527982589e-06	1.3755851984513905e-06	0.0	4.509423531297235e-06	1122	1	1.0	1.0	1.4404000527982589e-06	1.3755851984513905e-06	0.0	4.509423531297235e-06	0.9	4000	position_bootstrap	mtDNA_position	False	paired nonparametric bootstrap of whole mtDNA positions
control_region	unlabeled_out_of_neutral_domain_T95	T[A>G]C	1	9.709363318862337e-06	9.348339735019266e-06	0.0	3.101202948052295e-05	1122	1	1.0	1.0	9.709363318862337e-06	9.348339735019266e-06	0.0	3.101202948052295e-05	0.9	4000	position_bootstrap	mtDNA_position	False	paired nonparametric bootstrap of whole mtDNA positions
control_region	unlabeled_out_of_neutral_domain_T95	G[A>G]C	2	5.6175602059132105e-06	5.075383323347411e-06	0.0	1.4482165683591509e-05	1122	2	1.7999999999999998	0.6666666666666666	5.6175602059132105e-06	5.075383323347411e-06	0.0	1.4482165683591509e-05	0.9	4000	position_bootstrap	mtDNA_position	False	paired nonparametric bootstrap of whole mtDNA positions
control_region	unlabeled_out_of_neutral_domain_T95	C[A>G]C	6	1.2483467124251576e-06	1.2173113370488655e-06	4.6563464620516587e-07	2.44779959047763e-06	1122	6	5.999999999999999	0.16666666666666666	1.2483467124251576e-06	1.2173113370488655e-06	4.6563464620516587e-07	2.44779959047763e-06	0.9	4000	position_bootstrap	mtDNA_position	False	paired nonparametric bootstrap of whole mtDNA positions
control_region	unlabeled_out_of_neutral_domain_T95	A[A>G]C	2	1.1703250428985853e-06	1.0281905961622914e-06	0.0	3.059257497562105e-06	1122	2	1.6	0.75	1.1703250428985853e-06	1.0281905961622914e-06	0.0	3.059257497562105e-06	0.9	4000	position_bootstrap	mtDNA_position	False	paired nonparametric bootstrap of whole mtDNA positions
control_region	unlabeled_out_of_neutral_domain_T95	T[A>G]A	3	1.0803000395986942e-06	1.0343821088168874e-06	2.2169382520862914e-07	2.444626776235947e-06	1122	3	3.0	0.3333333333333333	1.0803000395986942e-06	1.0343821088168874e-06	2.2169382520862914e-07	2.444626776235947e-06	0.9	4000	position_bootstrap	mtDNA_position	False	paired nonparametric bootstrap of whole mtDNA positions
control_region	unlabeled_out_of_neutral_domain_T95	G[A>G]A	1	1.1703250428985853e-06	1.1130123561727398e-06	0.0	3.600048787263515e-06	1122	1	1.0	1.0	1.1703250428985853e-06	1.1130123561727398e-06	0.0	3.600048787263515e-06	0.9	4000	position_bootstrap	mtDNA_position	False	paired nonparametric bootstrap of whole mtDNA positions
control_region	unlabeled_out_of_neutral_domain_T95	C[A>G]A	1	2.9258126072464633e-07	2.762732873574701e-07	0.0	9.034051863193386e-07	1122	1	1.0	1.0	2.9258126072464633e-07	2.762732873574701e-07	0.0	9.034051863193386e-07	0.9	4000	position_bootstrap	mtDNA_position	False	paired nonparametric bootstrap of whole mtDNA positions
control_region	unlabeled_out_of_neutral_domain_T95	A[A>G]A	4	1.560433390531447e-06	1.4932754914547528e-06	3.4918102307505274e-07	3.390568614120832e-06	1122	4	3.571428571428571	0.4	1.560433390531447e-06	1.4932754914547528e-06	3.4918102307505274e-07	3.390568614120832e-06	0.9	4000	position_bootstrap	mtDNA_position	False	paired nonparametric bootstrap of whole mtDNA positions
control_region	unlabeled_out_of_neutral_domain_T95	A[T>G]A	4	1.560433390531447e-06	1.5208613521084174e-06	3.930723070110687e-07	3.1911654673750766e-06	1122	4	4.0	0.25	1.560433390531447e-06	1.5208613521084174e-06	3.930723070110687e-07	3.1911654673750766e-06	0.9	4000	position_bootstrap	mtDNA_position	False	paired nonparametric bootstrap of whole mtDNA positions
control_region	unlabeled_out_of_neutral_domain_T95	A[T>G]C	5	1.9505417381643085e-06	1.8823221025237087e-06	6.194456876705662e-07	3.832960404043079e-06	1122	5	4.999999999999999	0.2	1.9505417381643085e-06	1.8823221025237087e-06	6.194456876705662e-07	3.832960404043079e-06	0.9	4000	position_bootstrap	mtDNA_position	False	paired nonparametric bootstrap of whole mtDNA positions
control_region	unlabeled_out_of_neutral_domain_T95	A[T>G]G	2	1.4404000527982589e-06	1.370110525054436e-06	0.0	3.6249934088783205e-06	1122	2	2.0	0.5	1.4404000527982589e-06	1.370110525054436e-06	0.0	3.6249934088783205e-06	0.9	4000	position_bootstrap	mtDNA_position	False	paired nonparametric bootstrap of whole mtDNA positions
control_region	unlabeled_out_of_neutral_domain_T95	A[T>G]T	1	4.0706958013863835e-07	3.8327876387096215e-07	0.0	1.241795579701058e-06	1122	1	1.0	1.0	4.0706958013863835e-07	3.8327876387096215e-07	0.0	1.241795579701058e-06	0.9	4000	position_bootstrap	mtDNA_position	False	paired nonparametric bootstrap of whole mtDNA positions
control_region	unlabeled_out_of_neutral_domain_T95	C[T>G]A	3	1.3375143347412402e-06	1.2891060881424723e-06	2.673142947252482e-07	3.012344035961756e-06	1122	3	3.0	0.3333333333333333	1.3375143347412402e-06	1.2891060881424723e-06	2.673142947252482e-07	3.012344035961756e-06	0.9	4000	position_bootstrap	mtDNA_position	False	paired nonparametric bootstrap of whole mtDNA positions
control_region	unlabeled_out_of_neutral_domain_T95	C[T>G]C	0	0.0	0.0	0.0	0.0	1122	0	0.0	0.0	0.0	0.0	0.0	0.0	0.9	4000	position_bootstrap	mtDNA_position	False	paired nonparametric bootstrap of whole mtDNA positions
control_region	unlabeled_out_of_neutral_domain_T95	C[T>G]G	1	7.202000263991294e-07	6.761229388195116e-07	0.0	2.2501706655893078e-06	1122	1	1.0	1.0	7.202000263991294e-07	6.761229388195116e-07	0.0	2.2501706655893078e-06	0.9	4000	position_bootstrap	mtDNA_position	False	paired nonparametric bootstrap of whole mtDNA positions
control_region	unlabeled_out_of_neutral_domain_T95	C[T>G]T	2	1.1014823933163155e-06	1.0269979155393853e-06	0.0	2.704690730170692e-06	1122	2	2.0	0.5	1.1014823933163155e-06	1.0269979155393853e-06	0.0	2.704690730170692e-06	0.9	4000	position_bootstrap	mtDNA_position	False	paired nonparametric bootstrap of whole mtDNA positions
control_region	unlabeled_out_of_neutral_domain_T95	G[T>G]A	0	0.0	0.0	0.0	0.0	1122	0	0.0	0.0	0.0	0.0	0.0	0.0	0.9	4000	position_bootstrap	mtDNA_position	False	paired nonparametric bootstrap of whole mtDNA positions
control_region	unlabeled_out_of_neutral_domain_T95	G[T>G]C	2	1.8725200686377366e-06	1.7993549624187485e-06	0.0	4.687563473254923e-06	1122	2	2.0	0.5	1.8725200686377366e-06	1.7993549624187485e-06	0.0	4.687563473254923e-06	0.9	4000	position_bootstrap	mtDNA_position	False	paired nonparametric bootstrap of whole mtDNA positions
control_region	unlabeled_out_of_neutral_domain_T95	G[T>G]G	0	0.0	0.0	0.0	0.0	1122	0	0.0	0.0	0.0	0.0	0.0	0.0	0.9	4000	position_bootstrap	mtDNA_position	False	paired nonparametric bootstrap of whole mtDNA positions
control_region	unlabeled_out_of_neutral_domain_T95	G[T>G]T	3	5.6175602059132105e-06	5.472858439948835e-06	1.2262327374988044e-06	1.2340794281112894e-05	1122	3	3.0	0.3333333333333333	5.6175602059132105e-06	5.472858439948835e-06	1.2262327374988044e-06	1.2340794281112894e-05	0.9	4000	position_bootstrap	mtDNA_position	False	paired nonparametric bootstrap of whole mtDNA positions
control_region	unlabeled_out_of_neutral_domain_T95	T[T>G]A	2	1.560433390531447e-06	1.4043063608738098e-06	0.0	4.090792076439469e-06	1122	2	1.7999999999999998	0.6666666666666666	1.560433390531447e-06	1.4043063608738098e-06	0.0	4.090792076439469e-06	0.9	4000	position_bootstrap	mtDNA_position	False	paired nonparametric bootstrap of whole mtDNA positions
control_region	unlabeled_out_of_neutral_domain_T95	T[T>G]C	5	3.120866781062894e-06	3.027305593925554e-06	1.0383015586608757e-06	6.148269369166379e-06	1122	5	4.999999999999999	0.2	3.120866781062894e-06	3.027305593925554e-06	1.0383015586608757e-06	6.148269369166379e-06	0.9	4000	position_bootstrap	mtDNA_position	False	paired nonparametric bootstrap of whole mtDNA positions
control_region	unlabeled_out_of_neutral_domain_T95	T[T>G]G	0	0.0	0.0	0.0	0.0	1122	0	0.0	0.0	0.0	0.0	0.0	0.0	0.9	4000	position_bootstrap	mtDNA_position	False	paired nonparametric bootstrap of whole mtDNA positions
control_region	unlabeled_out_of_neutral_domain_T95	T[T>G]T	1	4.6813001715943416e-07	4.4012278309234235e-07	0.0	1.4100532512290667e-06	1122	1	1.0	1.0	4.6813001715943416e-07	4.4012278309234235e-07	0.0	1.4100532512290667e-06	0.9	4000	position_bootstrap	mtDNA_position	False	paired nonparametric bootstrap of whole mtDNA positions
control_region	unlabeled_out_of_neutral_domain_T95	T[A>C]T	4	1.8725200686377366e-06	1.830056986171946e-06	4.6834822884748543e-07	3.8561029102771695e-06	1122	4	4.0	0.25	1.8725200686377366e-06	1.830056986171946e-06	4.6834822884748543e-07	3.8561029102771695e-06	0.9	4000	position_bootstrap	mtDNA_position	False	paired nonparametric bootstrap of whole mtDNA positions
control_region	unlabeled_out_of_neutral_domain_T95	G[A>C]T	2	2.0805778540419294e-06	1.9867625721148098e-06	0.0	5.197170575896434e-06	1122	2	2.0	0.5	2.0805778540419294e-06	1.9867625721148098e-06	0.0	5.197170575896434e-06	0.9	4000	position_bootstrap	mtDNA_position	False	paired nonparametric bootstrap of whole mtDNA positions
control_region	unlabeled_out_of_neutral_domain_T95	C[A>C]T	5	1.3768529916453946e-06	1.3465237471671967e-06	4.6127562591509016e-07	2.7246618900366303e-06	1122	5	4.999999999999999	0.2	1.3768529916453946e-06	1.3465237471671967e-06	4.6127562591509016e-07	2.7246618900366303e-06	0.9	4000	position_bootstrap	mtDNA_position	False	paired nonparametric bootstrap of whole mtDNA positions
control_region	unlabeled_out_of_neutral_domain_T95	A[A>C]T	4	1.7833524463216536e-06	1.7059124050086275e-06	4.4357942223850296e-07	3.724858100515769e-06	1122	4	4.0	0.25	1.7833524463216536e-06	1.7059124050086275e-06	4.4357942223850296e-07	3.724858100515769e-06	0.9	4000	position_bootstrap	mtDNA_position	False	paired nonparametric bootstrap of whole mtDNA positions
control_region	unlabeled_out_of_neutral_domain_T95	T[A>C]G	0	0.0	0.0	0.0	0.0	1122	0	0.0	0.0	0.0	0.0	0.0	0.0	0.9	4000	position_bootstrap	mtDNA_position	False	paired nonparametric bootstrap of whole mtDNA positions
control_region	unlabeled_out_of_neutral_domain_T95	G[A>C]G	0	0.0	0.0	0.0	0.0	1122	0	0.0	0.0	0.0	0.0	0.0	0.0	0.9	4000	position_bootstrap	mtDNA_position	False	paired nonparametric bootstrap of whole mtDNA positions
control_region	unlabeled_out_of_neutral_domain_T95	C[A>C]G	0	0.0	0.0	0.0	0.0	1122	0	0.0	0.0	0.0	0.0	0.0	0.0	0.9	4000	position_bootstrap	mtDNA_position	False	paired nonparametric bootstrap of whole mtDNA positions
control_region	unlabeled_out_of_neutral_domain_T95	A[A>C]G	1	7.202000263991294e-07	6.877925992256953e-07	0.0	2.2547117656486176e-06	1122	1	1.0	1.0	7.202000263991294e-07	6.877925992256953e-07	0.0	2.2547117656486176e-06	0.9	4000	position_bootstrap	mtDNA_position	False	paired nonparametric bootstrap of whole mtDNA positions
control_region	unlabeled_out_of_neutral_domain_T95	T[A>C]C	0	0.0	0.0	0.0	0.0	1122	0	0.0	0.0	0.0	0.0	0.0	0.0	0.9	4000	position_bootstrap	mtDNA_position	False	paired nonparametric bootstrap of whole mtDNA positions
control_region	unlabeled_out_of_neutral_domain_T95	G[A>C]C	2	2.8087801029566053e-06	2.522962848816328e-06	0.0	7.153379324250227e-06	1122	2	1.7999999999999998	0.6666666666666666	2.8087801029566053e-06	2.522962848816328e-06	0.0	7.153379324250227e-06	0.9	4000	position_bootstrap	mtDNA_position	False	paired nonparametric bootstrap of whole mtDNA positions
control_region	unlabeled_out_of_neutral_domain_T95	C[A>C]C	7	0.00020285634076908814	0.0001929552468150213	1.0765833730789453e-06	0.0006144377202471701	1122	7	1.0485593993388493	0.9764102564102564	0.00020285634076908814	0.0001929552468150213	1.0765833730789453e-06	0.0006144377202471701	0.9	4000	position_bootstrap	mtDNA_position	False	paired nonparametric bootstrap of whole mtDNA positions
control_region	unlabeled_out_of_neutral_domain_T95	A[A>C]C	3	0.0009821952922526376	0.0009135052594798391	0.0	0.0029115450622726274	1122	3	1.0011924278433235	0.9994042299672327	0.0009821952922526376	0.0009135052594798391	0.0	0.0029115450622726274	0.9	4000	position_bootstrap	mtDNA_position	False	paired nonparametric bootstrap of whole mtDNA positions
control_region	unlabeled_out_of_neutral_domain_T95	T[A>C]A	3	1.0803000395986942e-06	1.0343821088168874e-06	2.2169382520862914e-07	2.444626776235947e-06	1122	3	3.0	0.3333333333333333	1.0803000395986942e-06	1.0343821088168874e-06	2.2169382520862914e-07	2.444626776235947e-06	0.9	4000	position_bootstrap	mtDNA_position	False	paired nonparametric bootstrap of whole mtDNA positions
control_region	unlabeled_out_of_neutral_domain_T95	G[A>C]A	1	1.1703250428985853e-06	1.1130123561727398e-06	0.0	3.600048787263515e-06	1122	1	1.0	1.0	1.1703250428985853e-06	1.1130123561727398e-06	0.0	3.600048787263515e-06	0.9	4000	position_bootstrap	mtDNA_position	False	paired nonparametric bootstrap of whole mtDNA positions
control_region	unlabeled_out_of_neutral_domain_T95	C[A>C]A	4	1.1995831689710498e-05	1.1414826590562405e-05	3.199304246147143e-07	3.601853856442807e-05	1122	4	1.1617138908085696	0.926829268292683	1.1995831689710498e-05	1.1414826590562405e-05	3.199304246147143e-07	3.601853856442807e-05	0.9	4000	position_bootstrap	mtDNA_position	False	paired nonparametric bootstrap of whole mtDNA positions
control_region	unlabeled_out_of_neutral_domain_T95	A[A>C]A	3	9.362600343188683e-07	9.021007389065574e-07	0.0	2.1446273689888436e-06	1122	3	3.0	0.3333333333333333	9.362600343188683e-07	9.021007389065574e-07	0.0	2.1446273689888436e-06	0.9	4000	position_bootstrap	mtDNA_position	False	paired nonparametric bootstrap of whole mtDNA positions
protein_coding	expanded_neutral_like_T95	A[C>A]A	111	2.225355649502232e-05	2.2287107151844606e-05	1.6027970429610816e-05	3.1172680647155e-05	11341	111	34.82189239332096	0.145985401459854	2.225355649502232e-05	2.2287107151844606e-05	1.6027970429610816e-05	3.1172680647155e-05	0.9	4000	position_bootstrap	mtDNA_position	False	paired nonparametric bootstrap of whole mtDNA positions
protein_coding	expanded_neutral_like_T95	A[C>A]C	108	1.663151038942666e-05	1.666472050584365e-05	1.282792799310028e-05	2.1670506410974967e-05	11341	108	96.98507462686571	0.03508771929824561	1.663151038942666e-05	1.666472050584365e-05	1.282792799310028e-05	2.1670506410974967e-05	0.9	4000	position_bootstrap	mtDNA_position	False	paired nonparametric bootstrap of whole mtDNA positions
protein_coding	expanded_neutral_like_T95	A[C>A]G	48	2.733600185757381e-05	2.7368450080052142e-05	1.9626997087468924e-05	3.736857684371959e-05	11341	48	48.000000000000036	0.020833333333333332	2.733600185757381e-05	2.7368450080052142e-05	1.9626997087468924e-05	3.736857684371959e-05	0.9	4000	position_bootstrap	mtDNA_position	False	paired nonparametric bootstrap of whole mtDNA positions
protein_coding	expanded_neutral_like_T95	A[C>A]T	123	0.00011911662809437788	0.00011505193501860493	2.723739746505163e-05	0.0002957281854186683	11341	123	1.9452041740124946	0.7156084656084656	0.00011911662809437788	0.00011505193501860493	2.723739746505163e-05	0.0002957281854186683	0.9	4000	position_bootstrap	mtDNA_position	False	paired nonparametric bootstrap of whole mtDNA positions
protein_coding	expanded_neutral_like_T95	C[C>A]A	163	0.0008420096038840681	0.0007962405051237208	8.306221972256645e-05	0.0022464161364097253	11341	163	1.4137175621772489	0.8390718562874252	0.0008420096038840681	0.0007962405051237208	8.306221972256645e-05	0.0022464161364097253	0.9	4000	position_bootstrap	mtDNA_position	False	paired nonparametric bootstrap of whole mtDNA positions
protein_coding	expanded_neutral_like_T95	C[C>A]C	187	0.00020765218077733487	0.00019651733082503843	7.354937187733968e-05	0.0004220030146716064	11341	187	3.959279326857153	0.4733861834654587	0.00020765218077733487	0.00019651733082503843	7.354937187733968e-05	0.0004220030146716064	0.9	4000	position_bootstrap	mtDNA_position	False	paired nonparametric bootstrap of whole mtDNA positions
protein_coding	expanded_neutral_like_T95	C[C>A]G	67	0.0011640518208595012	0.0011129866370732833	0.0002650868478901105	0.0024180666081193816	11341	67	3.46681075812309	0.4542614904060687	0.0011640518208595012	0.0011129866370732833	0.0002650868478901105	0.0024180666081193816	0.9	4000	position_bootstrap	mtDNA_position	False	paired nonparametric bootstrap of whole mtDNA positions
protein_coding	expanded_neutral_like_T95	C[C>A]T	193	0.004682725566425573	0.004465042306363285	0.0001319263127249617	0.01336805804675991	11341	193	1.131968188978399	0.9394106504903253	0.004682725566425573	0.004465042306363285	0.0001319263127249617	0.01336805804675991	0.9	4000	position_bootstrap	mtDNA_position	False	paired nonparametric bootstrap of whole mtDNA positions
protein_coding	expanded_neutral_like_T95	G[C>A]A	38	4.5491491813105285e-05	4.310616081439622e-05	1.2349789647353148e-05	0.00010502108369983611	11341	38	2.5584009993753902	0.6171875	4.5491491813105285e-05	4.310616081439622e-05	1.2349789647353148e-05	0.00010502108369983611	0.9	4000	position_bootstrap	mtDNA_position	False	paired nonparametric bootstrap of whole mtDNA positions
protein_coding	expanded_neutral_like_T95	G[C>A]C	46	2.2012293162476457e-05	2.080197524694782e-05	1.0258194681397045e-05	4.132800601093267e-05	11341	46	5.595164290142591	0.4105263157894737	2.2012293162476457e-05	2.080197524694782e-05	1.0258194681397045e-05	4.132800601093267e-05	0.9	4000	position_bootstrap	mtDNA_position	False	paired nonparametric bootstrap of whole mtDNA positions
protein_coding	expanded_neutral_like_T95	G[C>A]G	24	0.00018013132305134364	0.00016588250488456868	4.893135640022697e-05	0.0004047070266618594	11341	24	2.6869847276659	0.5957446808510638	0.00018013132305134364	0.00016588250488456868	4.893135640022697e-05	0.0004047070266618594	0.9	4000	position_bootstrap	mtDNA_position	False	paired nonparametric bootstrap of whole mtDNA positions
protein_coding	expanded_neutral_like_T95	G[C>A]T	47	0.001207164851261705	0.0011605471185797407	3.621648498950657e-05	0.0034310754526779693	11341	47	1.0921183549498672	0.9568273092369478	0.001207164851261705	0.0011605471185797407	3.621648498950657e-05	0.0034310754526779693	0.9	4000	position_bootstrap	mtDNA_position	False	paired nonparametric bootstrap of whole mtDNA positions
protein_coding	expanded_neutral_like_T95	T[C>A]A	183	0.00018280370119764014	0.00017145645484883455	7.022083545225833e-05	0.0003666042714678789	11341	183	4.151087406760469	0.4758135444151275	0.00018280370119764014	0.00017145645484883455	7.022083545225833e-05	0.0003666042714678789	0.9	4000	position_bootstrap	mtDNA_position	False	paired nonparametric bootstrap of whole mtDNA positions
protein_coding	expanded_neutral_like_T95	T[C>A]C	167	0.00074048440419166	0.0007037839962854944	0.00017921747249376722	0.0015122865793270946	11341	167	3.377200688830431	0.4778601933018656	0.00074048440419166	0.0007037839962854944	0.00017921747249376722	0.0015122865793270946	0.9	4000	position_bootstrap	mtDNA_position	False	paired nonparametric bootstrap of whole mtDNA positions
protein_coding	expanded_neutral_like_T95	T[C>A]G	69	0.0030901783974880766	0.0026863673101631745	0.00011506821889495432	0.007550359667372921	11341	69	1.8352821586937003	0.6859464627151052	0.0030901783974880766	0.0026863673101631745	0.00011506821889495432	0.007550359667372921	0.9	4000	position_bootstrap	mtDNA_position	False	paired nonparametric bootstrap of whole mtDNA positions
protein_coding	expanded_neutral_like_T95	T[C>A]T	155	0.0009613207525677958	0.00094074345329309	0.0004310262562639456	0.0016214666021997506	11341	155	7.669252668011053	0.21954674220963172	0.0009613207525677958	0.00094074345329309	0.0004310262562639456	0.0016214666021997506	0.9	4000	position_bootstrap	mtDNA_position	False	paired nonparametric bootstrap of whole mtDNA positions
protein_coding	expanded_neutral_like_T95	T[G>T]T	25	2.2939126558791257e-05	2.2382584674480482e-05	1.2995888549307006e-05	3.7284217243330635e-05	11341	25	11.967032967032964	0.24242424242424243	2.2939126558791257e-05	2.2382584674480482e-05	1.2995888549307006e-05	3.7284217243330635e-05	0.9	4000	position_bootstrap	mtDNA_position	False	paired nonparametric bootstrap of whole mtDNA positions
protein_coding	expanded_neutral_like_T95	G[G>T]T	21	4.326269785510092e-05	4.043412866884615e-05	1.636651806196252e-05	8.075227590383883e-05	11341	21	4.942372881355936	0.4074074074074074	4.326269785510092e-05	4.043412866884615e-05	1.636651806196252e-05	8.075227590383883e-05	0.9	4000	position_bootstrap	mtDNA_position	False	paired nonparametric bootstrap of whole mtDNA positions
protein_coding	expanded_neutral_like_T95	C[G>T]T	8	7.362978384954676e-05	6.85801106755525e-05	4.435133336722614e-06	0.00019507581798673218	11341	8	1.514892634495497	0.8024691358024691	7.362978384954676e-05	6.85801106755525e-05	4.435133336722614e-06	0.00019507581798673218	0.9	4000	position_bootstrap	mtDNA_position	False	paired nonparametric bootstrap of whole mtDNA positions
protein_coding	expanded_neutral_like_T95	A[G>T]T	17	8.734397332662282e-06	8.744696583277337e-06	5.244501837639256e-06	1.2982889630674368e-05	11341	17	17.000000000000004	0.058823529411764705	8.734397332662282e-06	8.744696583277337e-06	5.244501837639256e-06	1.2982889630674368e-05	0.9	4000	position_bootstrap	mtDNA_position	False	paired nonparametric bootstrap of whole mtDNA positions
protein_coding	expanded_neutral_like_T95	T[G>T]G	32	2.5406820476479404e-05	2.515504061110637e-05	1.6068534673269102e-05	3.774954055281334e-05	11341	32	18.676767676767668	0.16279069767441862	2.5406820476479404e-05	2.515504061110637e-05	1.6068534673269102e-05	3.774954055281334e-05	0.9	4000	position_bootstrap	mtDNA_position	False	paired nonparametric bootstrap of whole mtDNA positions
protein_coding	expanded_neutral_like_T95	G[G>T]G	18	2.6548063447866346e-05	2.5374053336063584e-05	1.0444998607049122e-05	5.256141791269494e-05	11341	18	4.630853994490358	0.43902439024390244	2.6548063447866346e-05	2.5374053336063584e-05	1.0444998607049122e-05	5.256141791269494e-05	0.9	4000	position_bootstrap	mtDNA_position	False	paired nonparametric bootstrap of whole mtDNA positions
protein_coding	expanded_neutral_like_T95	C[G>T]G	6	1.6299483866225764e-05	1.577865856952231e-05	5.53394727197181e-06	3.0322339771111734e-05	11341	6	5.0	0.25	1.6299483866225764e-05	1.577865856952231e-05	5.53394727197181e-06	3.0322339771111734e-05	0.9	4000	position_bootstrap	mtDNA_position	False	paired nonparametric bootstrap of whole mtDNA positions
protein_coding	expanded_neutral_like_T95	A[G>T]G	13	5.56100037788879e-06	5.522737337827769e-06	3.0934552362833634e-06	8.857950386718764e-06	11341	13	12.250000000000002	0.14285714285714285	5.56100037788879e-06	5.522737337827769e-06	3.0934552362833634e-06	8.857950386718764e-06	0.9	4000	position_bootstrap	mtDNA_position	False	paired nonparametric bootstrap of whole mtDNA positions
protein_coding	expanded_neutral_like_T95	T[G>T]C	37	2.248136128378212e-05	2.241909008534627e-05	1.563319901746148e-05	3.1381936972902027e-05	11341	37	33.80000000000003	0.07692307692307693	2.248136128378212e-05	2.241909008534627e-05	1.563319901746148e-05	3.1381936972902027e-05	0.9	4000	position_bootstrap	mtDNA_position	False	paired nonparametric bootstrap of whole mtDNA positions
protein_coding	expanded_neutral_like_T95	G[G>T]C	11	5.608127499735305e-06	5.464699998665127e-06	2.6721345010835152e-06	9.535043712921967e-06	11341	11	7.538461538461539	0.2857142857142857	5.608127499735305e-06	5.464699998665127e-06	2.6721345010835152e-06	9.535043712921967e-06	0.9	4000	position_bootstrap	mtDNA_position	False	paired nonparametric bootstrap of whole mtDNA positions
protein_coding	expanded_neutral_like_T95	C[G>T]C	23	0.0001092065419037126	9.896005028226226e-05	2.9464509702601497e-05	0.0002249039160404664	11341	23	3.4717710750193365	0.48880597014925375	0.0001092065419037126	9.896005028226226e-05	2.9464509702601497e-05	0.0002249039160404664	0.9	4000	position_bootstrap	mtDNA_position	False	paired nonparametric bootstrap of whole mtDNA positions
protein_coding	expanded_neutral_like_T95	A[G>T]C	19	2.712567513873594e-05	2.6177499080510402e-05	8.620255722743564e-06	5.266819569999154e-05	11341	19	4.764595983185429	0.32673267326732675	2.712567513873594e-05	2.6177499080510402e-05	8.620255722743564e-06	5.266819569999154e-05	0.9	4000	position_bootstrap	mtDNA_position	False	paired nonparametric bootstrap of whole mtDNA positions
protein_coding	expanded_neutral_like_T95	T[G>T]A	30	0.0005466425541530136	0.000510522231498683	1.3729071688707684e-05	0.0014923861258088588	11341	30	1.4147747521941239	0.8335294117647059	0.0005466425541530136	0.000510522231498683	1.3729071688707684e-05	0.0014923861258088588	0.9	4000	position_bootstrap	mtDNA_position	False	paired nonparametric bootstrap of whole mtDNA positions
protein_coding	expanded_neutral_like_T95	G[G>T]A	4	7.68113177195889e-06	7.0852050929111015e-06	1.161492829561075e-06	1.7326974004085895e-05	11341	4	2.315068493150685	0.6153846153846154	7.68113177195889e-06	7.0852050929111015e-06	1.161492829561075e-06	1.7326974004085895e-05	0.9	4000	position_bootstrap	mtDNA_position	False	paired nonparametric bootstrap of whole mtDNA positions
protein_coding	expanded_neutral_like_T95	C[G>T]A	9	2.859452663445285e-05	2.7802372995581215e-05	1.0754474547197838e-05	5.156502064226187e-05	11341	9	5.841849148418492	0.2653061224489796	2.859452663445285e-05	2.7802372995581215e-05	1.0754474547197838e-05	5.156502064226187e-05	0.9	4000	position_bootstrap	mtDNA_position	False	paired nonparametric bootstrap of whole mtDNA positions
protein_coding	expanded_neutral_like_T95	A[G>T]A	4	2.3342470722002323e-06	2.208562797062983e-06	5.642812252087466e-07	4.5671591017250024e-06	11341	4	4.0	0.25	2.3342470722002323e-06	2.208562797062983e-06	5.642812252087466e-07	4.5671591017250024e-06	0.9	4000	position_bootstrap	mtDNA_position	False	paired nonparametric bootstrap of whole mtDNA positions
protein_coding	expanded_neutral_like_T95	A[C>G]A	108	1.9329731554070482e-05	1.9440070783621718e-05	1.4788079078445648e-05	2.5724987045079134e-05	11341	108	76.54594594594568	0.06722689075630252	1.9329731554070482e-05	1.9440070783621718e-05	1.4788079078445648e-05	2.5724987045079134e-05	0.9	4000	position_bootstrap	mtDNA_position	False	paired nonparametric bootstrap of whole mtDNA positions
protein_coding	expanded_neutral_like_T95	A[C>G]C	112	2.3634251606027355e-05	2.365688010926718e-05	1.6721321964231434e-05	3.304469293869337e-05	11341	112	36.653631284916145	0.10493827160493827	2.3634251606027355e-05	2.365688010926718e-05	1.6721321964231434e-05	3.304469293869337e-05	0.9	4000	position_bootstrap	mtDNA_position	False	paired nonparametric bootstrap of whole mtDNA positions
protein_coding	expanded_neutral_like_T95	A[C>G]G	49	2.7905501896273265e-05	2.7941668642056872e-05	2.01162528453787e-05	3.8011160270846507e-05	11341	49	48.999999999999986	0.02040816326530612	2.7905501896273265e-05	2.7941668642056872e-05	2.01162528453787e-05	3.8011160270846507e-05	0.9	4000	position_bootstrap	mtDNA_position	False	paired nonparametric bootstrap of whole mtDNA positions
protein_coding	expanded_neutral_like_T95	A[C>G]T	109	3.60816241185351e-05	3.40795188108256e-05	1.805617444400001e-05	6.532139196998648e-05	11341	109	6.86131100353267	0.36681222707423583	3.60816241185351e-05	3.40795188108256e-05	1.805617444400001e-05	6.532139196998648e-05	0.9	4000	position_bootstrap	mtDNA_position	False	paired nonparametric bootstrap of whole mtDNA positions
protein_coding	expanded_neutral_like_T95	C[C>G]A	160	6.428516436839441e-05	6.33133501046728e-05	3.9301074953129344e-05	9.839197522044926e-05	11341	160	14.91612903225806	0.20833333333333334	6.428516436839441e-05	6.33133501046728e-05	3.9301074953129344e-05	9.839197522044926e-05	0.9	4000	position_bootstrap	mtDNA_position	False	paired nonparametric bootstrap of whole mtDNA positions
protein_coding	expanded_neutral_like_T95	C[C>G]C	181	2.4927668360586067e-05	2.490001758561894e-05	1.9340054361815723e-05	3.239380047087476e-05	11341	181	85.12121212121215	0.07547169811320754	2.4927668360586067e-05	2.490001758561894e-05	1.9340054361815723e-05	3.239380047087476e-05	0.9	4000	position_bootstrap	mtDNA_position	False	paired nonparametric bootstrap of whole mtDNA positions
protein_coding	expanded_neutral_like_T95	C[C>G]G	67	3.636038708619593e-05	3.64969091925985e-05	2.7075883374326922e-05	4.827414401739129e-05	11341	67	62.820512820512725	0.04285714285714286	3.636038708619593e-05	3.64969091925985e-05	2.7075883374326922e-05	4.827414401739129e-05	0.9	4000	position_bootstrap	mtDNA_position	False	paired nonparametric bootstrap of whole mtDNA positions
protein_coding	expanded_neutral_like_T95	C[C>G]T	159	1.7852000025455344e-05	1.7901693984841907e-05	1.4050897673968134e-05	2.2948228665998552e-05	11341	159	159.0	0.006289308176100629	1.7852000025455344e-05	1.7901693984841907e-05	1.4050897673968134e-05	2.2948228665998552e-05	0.9	4000	position_bootstrap	mtDNA_position	False	paired nonparametric bootstrap of whole mtDNA positions
protein_coding	expanded_neutral_like_T95	G[C>G]A	38	2.0613332227813332e-05	1.9942868604825496e-05	1.0367636227626929e-05	3.693719366373984e-05	11341	38	7.037656903765684	0.3620689655172414	2.0613332227813332e-05	1.9942868604825496e-05	1.0367636227626929e-05	3.693719366373984e-05	0.9	4000	position_bootstrap	mtDNA_position	False	paired nonparametric bootstrap of whole mtDNA positions
protein_coding	expanded_neutral_like_T95	G[C>G]C	46	2.571962674773565e-05	2.4282726537696672e-05	9.494555627969057e-06	4.8200115670723894e-05	11341	46	5.161709258483446	0.3783783783783784	2.571962674773565e-05	2.4282726537696672e-05	9.494555627969057e-06	4.8200115670723894e-05	0.9	4000	position_bootstrap	mtDNA_position	False	paired nonparametric bootstrap of whole mtDNA positions
protein_coding	expanded_neutral_like_T95	G[C>G]G	26	7.026399126116241e-05	6.785762735566188e-05	3.432925611238452e-05	0.00012155928124919466	11341	26	7.857142857142858	0.3090909090909091	7.026399126116241e-05	6.785762735566188e-05	3.432925611238452e-05	0.00012155928124919466	0.9	4000	position_bootstrap	mtDNA_position	False	paired nonparametric bootstrap of whole mtDNA positions
protein_coding	expanded_neutral_like_T95	G[C>G]T	46	2.9088309668956747e-05	2.7707916433696644e-05	1.4506967211953076e-05	5.182904201627062e-05	11341	46	6.6976744186046515	0.375	2.9088309668956747e-05	2.7707916433696644e-05	1.4506967211953076e-05	5.182904201627062e-05	0.9	4000	position_bootstrap	mtDNA_position	False	paired nonparametric bootstrap of whole mtDNA positions
protein_coding	expanded_neutral_like_T95	T[C>G]A	183	0.00014904048461760106	0.0001422256285256773	3.316032679843438e-05	0.0003743034153011987	11341	183	2.010046384120392	0.7022653721682848	0.00014904048461760106	0.0001422256285256773	3.316032679843438e-05	0.0003743034153011987	0.9	4000	position_bootstrap	mtDNA_position	False	paired nonparametric bootstrap of whole mtDNA positions
protein_coding	expanded_neutral_like_T95	T[C>G]C	168	4.177603628952723e-05	4.131672698036719e-05	2.930976398707595e-05	5.923041364200012e-05	11341	168	28.264244055630325	0.16733067729083664	4.177603628952723e-05	4.131672698036719e-05	2.930976398707595e-05	5.923041364200012e-05	0.9	4000	position_bootstrap	mtDNA_position	False	paired nonparametric bootstrap of whole mtDNA positions
protein_coding	expanded_neutral_like_T95	T[C>G]G	71	5.5638967322522726e-05	5.2934357632747735e-05	2.85561716552733e-05	9.9962663637043e-05	11341	71	6.653986451276706	0.3805309734513274	5.5638967322522726e-05	5.2934357632747735e-05	2.85561716552733e-05	9.9962663637043e-05	0.9	4000	position_bootstrap	mtDNA_position	False	paired nonparametric bootstrap of whole mtDNA positions
protein_coding	expanded_neutral_like_T95	T[C>G]T	153	3.2290417832103224e-05	3.226070810632297e-05	2.4967375648783245e-05	4.237290664292216e-05	11341	153	85.04938271604942	0.0783132530120482	3.2290417832103224e-05	3.226070810632297e-05	2.4967375648783245e-05	4.237290664292216e-05	0.9	4000	position_bootstrap	mtDNA_position	False	paired nonparametric bootstrap of whole mtDNA positions
protein_coding	expanded_neutral_like_T95	T[G>C]T	32	9.453700642410942e-05	9.31581461542564e-05	5.0852602718794734e-05	0.00015009088609252004	11341	32	11.53117206982544	0.15441176470588236	9.453700642410942e-05	9.31581461542564e-05	5.0852602718794734e-05	0.00015009088609252004	0.9	4000	position_bootstrap	mtDNA_position	False	paired nonparametric bootstrap of whole mtDNA positions
protein_coding	expanded_neutral_like_T95	G[G>C]T	23	7.530914071073123e-05	7.405779019060248e-05	3.610600688426171e-05	0.00012696747868048085	11341	23	8.335849056603772	0.20212765957446807	7.530914071073123e-05	7.405779019060248e-05	3.610600688426171e-05	0.00012696747868048085	0.9	4000	position_bootstrap	mtDNA_position	False	paired nonparametric bootstrap of whole mtDNA positions
protein_coding	expanded_neutral_like_T95	C[G>C]T	10	0.00021725331284002072	0.00020413963547125384	1.936375217214238e-05	0.0005671699788929574	11341	10	1.5953358469487502	0.7824267782426778	0.00021725331284002072	0.00020413963547125384	1.936375217214238e-05	0.0005671699788929574	0.9	4000	position_bootstrap	mtDNA_position	False	paired nonparametric bootstrap of whole mtDNA positions
protein_coding	expanded_neutral_like_T95	A[G>C]T	21	4.98374436040142e-05	4.743742028673278e-05	8.721912155064715e-06	0.0001219811502068656	11341	21	1.7544284915159445	0.7525773195876289	4.98374436040142e-05	4.743742028673278e-05	8.721912155064715e-06	0.0001219811502068656	0.9	4000	position_bootstrap	mtDNA_position	False	paired nonparametric bootstrap of whole mtDNA positions
protein_coding	expanded_neutral_like_T95	T[G>C]G	33	4.1950796600698555e-05	3.996126676886578e-05	1.8314779717540717e-05	7.540182837733857e-05	11341	33	5.882147024504076	0.38028169014084506	4.1950796600698555e-05	3.996126676886578e-05	1.8314779717540717e-05	7.540182837733857e-05	0.9	4000	position_bootstrap	mtDNA_position	False	paired nonparametric bootstrap of whole mtDNA positions
protein_coding	expanded_neutral_like_T95	G[G>C]G	18	1.5540329823141275e-05	1.5301433490755642e-05	8.384993311896506e-06	2.56723798556586e-05	11341	18	10.285714285714292	0.25	1.5540329823141275e-05	1.5301433490755642e-05	8.384993311896506e-06	2.56723798556586e-05	0.9	4000	position_bootstrap	mtDNA_position	False	paired nonparametric bootstrap of whole mtDNA positions
protein_coding	expanded_neutral_like_T95	C[G>C]G	6	5.215834837192244e-05	5.031153652630911e-05	2.134129380246258e-06	0.0001463108441136036	11341	6	1.1749856569133676	0.921875	5.215834837192244e-05	5.031153652630911e-05	2.134129380246258e-06	0.0001463108441136036	0.9	4000	position_bootstrap	mtDNA_position	False	paired nonparametric bootstrap of whole mtDNA positions
protein_coding	expanded_neutral_like_T95	A[G>C]G	12	4.766571752476106e-06	4.702510502301469e-06	2.6261015279957362e-06	7.659447115217462e-06	11341	12	11.999999999999996	0.08333333333333333	4.766571752476106e-06	4.702510502301469e-06	2.6261015279957362e-06	7.659447115217462e-06	0.9	4000	position_bootstrap	mtDNA_position	False	paired nonparametric bootstrap of whole mtDNA positions
protein_coding	expanded_neutral_like_T95	T[G>C]C	38	0.00011701836770789154	0.0001147387079832675	6.327921582747002e-05	0.00018543711737763443	11341	38	11.50125593078426	0.1625615763546798	0.00011701836770789154	0.0001147387079832675	6.327921582747002e-05	0.00018543711737763443	0.9	4000	position_bootstrap	mtDNA_position	False	paired nonparametric bootstrap of whole mtDNA positions
protein_coding	expanded_neutral_like_T95	G[G>C]C	15	0.002174751728290212	0.0019265134177431265	2.511245895539211e-05	0.005489793986120667	11341	15	1.619562345123453	0.7494934610425493	0.002174751728290212	0.0019265134177431265	2.511245895539211e-05	0.005489793986120667	0.9	4000	position_bootstrap	mtDNA_position	False	paired nonparametric bootstrap of whole mtDNA positions
protein_coding	expanded_neutral_like_T95	C[G>C]C	19	6.153055159500225e-05	5.820410105706951e-05	2.2398490620495302e-05	0.00011368520874036883	11341	19	5.007906874588183	0.37748344370860926	6.153055159500225e-05	5.820410105706951e-05	2.2398490620495302e-05	0.00011368520874036883	0.9	4000	position_bootstrap	mtDNA_position	False	paired nonparametric bootstrap of whole mtDNA positions
protein_coding	expanded_neutral_like_T95	A[G>C]C	25	0.001129341227310739	0.0010691457889049675	3.428172712954438e-05	0.0031472603003965295	11341	25	1.1964644329763319	0.9127229488703924	0.001129341227310739	0.0010691457889049675	3.428172712954438e-05	0.0031472603003965295	0.9	4000	position_bootstrap	mtDNA_position	False	paired nonparametric bootstrap of whole mtDNA positions
protein_coding	expanded_neutral_like_T95	T[G>C]A	30	7.46006309197054e-05	6.940435691948304e-05	1.9830141481488283e-05	0.00015993997168121384	11341	30	2.8508474576271188	0.5775862068965517	7.46006309197054e-05	6.940435691948304e-05	1.9830141481488283e-05	0.00015993997168121384	0.9	4000	position_bootstrap	mtDNA_position	False	paired nonparametric bootstrap of whole mtDNA positions
protein_coding	expanded_neutral_like_T95	G[G>C]A	5	1.358969467346573e-05	1.2763932325755562e-05	1.2686454089438393e-06	3.409283562643896e-05	11341	5	1.7574750830564785	0.7391304347826086	1.358969467346573e-05	1.2763932325755562e-05	1.2686454089438393e-06	3.409283562643896e-05	0.9	4000	position_bootstrap	mtDNA_position	False	paired nonparametric bootstrap of whole mtDNA positions
protein_coding	expanded_neutral_like_T95	C[G>C]A	11	4.2600009067654246e-05	4.10699884307192e-05	1.2185712598398059e-05	8.497455216659453e-05	11341	11	4.246215139442232	0.3287671232876712	4.2600009067654246e-05	4.10699884307192e-05	1.2185712598398059e-05	8.497455216659453e-05	0.9	4000	position_bootstrap	mtDNA_position	False	paired nonparametric bootstrap of whole mtDNA positions
protein_coding	expanded_neutral_like_T95	A[G>C]A	9	1.575616773735157e-05	1.4612360048460601e-05	4.4818151939253e-06	3.189047162877084e-05	11341	9	3.5911330049261085	0.48148148148148145	1.575616773735157e-05	1.4612360048460601e-05	4.4818151939253e-06	3.189047162877084e-05	0.9	4000	position_bootstrap	mtDNA_position	False	paired nonparametric bootstrap of whole mtDNA positions
protein_coding	expanded_neutral_like_T95	A[C>T]A	151	0.006777426213126359	0.006578136974846022	0.0032412078788890356	0.01166757188219943	11341	151	7.641775282142947	0.3046208417217908	0.006777426213126359	0.006578136974846022	0.0032412078788890356	0.01166757188219943	0.9	4000	position_bootstrap	mtDNA_position	False	paired nonparametric bootstrap of whole mtDNA positions
protein_coding	expanded_neutral_like_T95	A[C>T]C	181	0.0022452539025725987	0.0022439957587215634	0.0015765703915120337	0.0031444123058164478	11341	181	35.02503413746017	0.0737491877842755	0.0022452539025725987	0.0022439957587215634	0.0015765703915120337	0.0031444123058164478	0.9	4000	position_bootstrap	mtDNA_position	False	paired nonparametric bootstrap of whole mtDNA positions
protein_coding	expanded_neutral_like_T95	A[C>T]G	56	0.004348132795470334	0.004246714720486948	0.0021288005450958414	0.007426217313946751	11341	56	8.433032134454649	0.2736083824492469	0.004348132795470334	0.004246714720486948	0.0021288005450958414	0.007426217313946751	0.9	4000	position_bootstrap	mtDNA_position	False	paired nonparametric bootstrap of whole mtDNA positions
protein_coding	expanded_neutral_like_T95	A[C>T]T	220	0.004117559314802086	0.00405630480363404	0.002298859981775832	0.006537996933666341	11341	220	11.880331026858256	0.22071710098343092	0.004117559314802086	0.00405630480363404	0.002298859981775832	0.006537996933666341	0.9	4000	position_bootstrap	mtDNA_position	False	paired nonparametric bootstrap of whole mtDNA positions
protein_coding	expanded_neutral_like_T95	C[C>T]A	172	0.005823794719079888	0.005603887228065983	0.00264477310183503	0.01052423731954515	11341	172	6.479083302125649	0.35165846004004114	0.005823794719079888	0.005603887228065983	0.00264477310183503	0.01052423731954515	0.9	4000	position_bootstrap	mtDNA_position	False	paired nonparametric bootstrap of whole mtDNA positions
protein_coding	expanded_neutral_like_T95	C[C>T]C	208	0.02139781645405402	0.020544438369708692	0.0013011916929662195	0.05627280077658649	11341	208	1.211131437995443	0.9082261787009561	0.02139781645405402	0.020544438369708692	0.0013011916929662195	0.05627280077658649	0.9	4000	position_bootstrap	mtDNA_position	False	paired nonparametric bootstrap of whole mtDNA positions
protein_coding	expanded_neutral_like_T95	C[C>T]G	67	0.008018504220708666	0.007761592712872911	0.0012338464735422482	0.02112138346922059	11341	67	1.596453036103347	0.7899851007320076	0.008018504220708666	0.007761592712872911	0.0012338464735422482	0.02112138346922059	0.9	4000	position_bootstrap	mtDNA_position	False	paired nonparametric bootstrap of whole mtDNA positions
protein_coding	expanded_neutral_like_T95	C[C>T]T	319	0.0032618635518209347	0.0031942099207505356	0.0018504692835701801	0.005194385788443485	11341	319	12.50057842034467	0.20015833677543715	0.0032618635518209347	0.0031942099207505356	0.0018504692835701801	0.005194385788443485	0.9	4000	position_bootstrap	mtDNA_position	False	paired nonparametric bootstrap of whole mtDNA positions
protein_coding	expanded_neutral_like_T95	G[C>T]A	60	0.0021402325288946873	0.002091148841992874	0.0009856433457939768	0.0037067115276102174	11341	60	7.541297117401361	0.2153769511790103	0.0021402325288946873	0.002091148841992874	0.0009856433457939768	0.0037067115276102174	0.9	4000	position_bootstrap	mtDNA_position	False	paired nonparametric bootstrap of whole mtDNA positions
protein_coding	expanded_neutral_like_T95	G[C>T]C	88	0.0028145613162589636	0.0026681124847802136	0.0012355523300620977	0.005116927447390938	11341	88	5.954069848546706	0.36749814769078787	0.0028145613162589636	0.0026681124847802136	0.0012355523300620977	0.005116927447390938	0.9	4000	position_bootstrap	mtDNA_position	False	paired nonparametric bootstrap of whole mtDNA positions
protein_coding	expanded_neutral_like_T95	G[C>T]G	27	0.005693938346381834	0.005455793481679847	0.0017676386966942953	0.012039487047572465	11341	27	3.0011908163014027	0.566300201929549	0.005693938346381834	0.005455793481679847	0.0017676386966942953	0.012039487047572465	0.9	4000	position_bootstrap	mtDNA_position	False	paired nonparametric bootstrap of whole mtDNA positions
protein_coding	expanded_neutral_like_T95	G[C>T]T	73	0.004280829572948134	0.003963080324463946	0.0014361970528773498	0.008507587332925474	11341	73	4.269484879987304	0.43280483201208003	0.004280829572948134	0.003963080324463946	0.0014361970528773498	0.008507587332925474	0.9	4000	position_bootstrap	mtDNA_position	False	paired nonparametric bootstrap of whole mtDNA positions
protein_coding	expanded_neutral_like_T95	T[C>T]A	195	0.007832423137681826	0.007586022085834379	0.003592016516336456	0.01342677293936547	11341	195	7.671012941857067	0.26683225223745793	0.007832423137681826	0.007586022085834379	0.003592016516336456	0.01342677293936547	0.9	4000	position_bootstrap	mtDNA_position	False	paired nonparametric bootstrap of whole mtDNA positions
protein_coding	expanded_neutral_like_T95	T[C>T]C	181	0.0021260840141929115	0.0020803656120513842	0.0013296777214759008	0.0031820889532216683	11341	181	17.59802052423797	0.1843588539220291	0.0021260840141929115	0.0020803656120513842	0.0013296777214759008	0.0031820889532216683	0.9	4000	position_bootstrap	mtDNA_position	False	paired nonparametric bootstrap of whole mtDNA positions
protein_coding	expanded_neutral_like_T95	T[C>T]G	74	0.005976018994632375	0.005544726733810624	0.002226445011058261	0.011535259635501853	11341	74	4.487269519007222	0.43626925928977506	0.005976018994632375	0.005544726733810624	0.002226445011058261	0.011535259635501853	0.9	4000	position_bootstrap	mtDNA_position	False	paired nonparametric bootstrap of whole mtDNA positions
protein_coding	expanded_neutral_like_T95	T[C>T]T	191	0.002836888275080683	0.0027894196622233816	0.0016581847461024683	0.004378927605041162	11341	191	13.309853492965006	0.1879456939111355	0.002836888275080683	0.0027894196622233816	0.0016581847461024683	0.004378927605041162	0.9	4000	position_bootstrap	mtDNA_position	False	paired nonparametric bootstrap of whole mtDNA positions
protein_coding	expanded_neutral_like_T95	T[G>A]T	42	0.017929360343360692	0.017373784501888423	0.008360880754845356	0.03042607550463152	11341	42	7.1910567022525225	0.30337688520141126	0.017929360343360692	0.017373784501888423	0.008360880754845356	0.03042607550463152	0.9	4000	position_bootstrap	mtDNA_position	False	paired nonparametric bootstrap of whole mtDNA positions
protein_coding	expanded_neutral_like_T95	G[G>A]T	29	0.0319262686949217	0.030272409711901885	0.008781808103031372	0.06702784284346017	11341	29	3.2257216423099218	0.5207779171894604	0.0319262686949217	0.030272409711901885	0.008781808103031372	0.06702784284346017	0.9	4000	position_bootstrap	mtDNA_position	False	paired nonparametric bootstrap of whole mtDNA positions
protein_coding	expanded_neutral_like_T95	C[G>A]T	24	0.025615892702225033	0.024098131225001228	0.0070569840783225556	0.05441319066838759	11341	24	2.71043349397717	0.5932931156848829	0.025615892702225033	0.024098131225001228	0.0070569840783225556	0.05441319066838759	0.9	4000	position_bootstrap	mtDNA_position	False	paired nonparametric bootstrap of whole mtDNA positions
protein_coding	expanded_neutral_like_T95	A[G>A]T	58	0.02260770302540034	0.021298138065287936	0.008493738725255476	0.04207712498160979	11341	58	4.875128302921476	0.41086768783237126	0.02260770302540034	0.021298138065287936	0.008493738725255476	0.04207712498160979	0.9	4000	position_bootstrap	mtDNA_position	False	paired nonparametric bootstrap of whole mtDNA positions
protein_coding	expanded_neutral_like_T95	T[G>A]G	38	0.012184047559197251	0.011798595725728066	0.004988045025160203	0.02179756013185544	11341	38	6.2507882434584605	0.2839823480917511	0.012184047559197251	0.011798595725728066	0.004988045025160203	0.02179756013185544	0.9	4000	position_bootstrap	mtDNA_position	False	paired nonparametric bootstrap of whole mtDNA positions
protein_coding	expanded_neutral_like_T95	G[G>A]G	23	0.01519585251206164	0.013959492943075087	0.0028329718419496364	0.03322766025968503	11341	23	2.7028106536317273	0.557652974262826	0.01519585251206164	0.013959492943075087	0.0028329718419496364	0.03322766025968503	0.9	4000	position_bootstrap	mtDNA_position	False	paired nonparametric bootstrap of whole mtDNA positions
protein_coding	expanded_neutral_like_T95	C[G>A]G	11	0.00401130297947816	0.003938641342204029	0.001632713038162151	0.0072283982615120234	11341	11	6.1897270203412535	0.27387240958959774	0.00401130297947816	0.003938641342204029	0.001632713038162151	0.0072283982615120234	0.9	4000	position_bootstrap	mtDNA_position	False	paired nonparametric bootstrap of whole mtDNA positions
protein_coding	expanded_neutral_like_T95	A[G>A]G	26	0.006294257999144697	0.006054526488456444	0.002358063363748538	0.0114253814856204	11341	26	5.374177004910425	0.3247507257352013	0.006294257999144697	0.006054526488456444	0.002358063363748538	0.0114253814856204	0.9	4000	position_bootstrap	mtDNA_position	False	paired nonparametric bootstrap of whole mtDNA positions
protein_coding	expanded_neutral_like_T95	T[G>A]C	47	0.054061332990723646	0.05174942049794232	0.02189634294273803	0.09655784663819901	11341	47	5.734626591809427	0.3159494156785806	0.054061332990723646	0.05174942049794232	0.02189634294273803	0.09655784663819901	0.9	4000	position_bootstrap	mtDNA_position	False	paired nonparametric bootstrap of whole mtDNA positions
protein_coding	expanded_neutral_like_T95	G[G>A]C	25	0.09270875685919572	0.0855297596377506	0.016313626554988303	0.19590569211056846	11341	25	2.1119785015138617	0.6717494253270883	0.09270875685919572	0.0855297596377506	0.016313626554988303	0.19590569211056846	0.9	4000	position_bootstrap	mtDNA_position	False	paired nonparametric bootstrap of whole mtDNA positions
protein_coding	expanded_neutral_like_T95	C[G>A]C	49	0.02332293146418244	0.022480677904717118	0.009384417989028592	0.04164267533051173	11341	49	5.553187523255318	0.3301418687539311	0.02332293146418244	0.022480677904717118	0.009384417989028592	0.04164267533051173	0.9	4000	position_bootstrap	mtDNA_position	False	paired nonparametric bootstrap of whole mtDNA positions
protein_coding	expanded_neutral_like_T95	A[G>A]C	70	0.010819115814740978	0.010502583748515325	0.005619018574672452	0.018015885922731897	11341	70	9.192336096233046	0.27767848277231655	0.010819115814740978	0.010502583748515325	0.005619018574672452	0.018015885922731897	0.9	4000	position_bootstrap	mtDNA_position	False	paired nonparametric bootstrap of whole mtDNA positions
protein_coding	expanded_neutral_like_T95	T[G>A]A	31	0.03114029698343547	0.02879501179216768	0.006994834460698089	0.06285045956691186	11341	31	3.15237205763894	0.5016676476358642	0.03114029698343547	0.02879501179216768	0.006994834460698089	0.06285045956691186	0.9	4000	position_bootstrap	mtDNA_position	False	paired nonparametric bootstrap of whole mtDNA positions
protein_coding	expanded_neutral_like_T95	G[G>A]A	5	0.001994139979258558	0.0018854202643178678	0.00013114600619228454	0.005214391507363377	11341	5	1.3891089105288554	0.8441481481481482	0.001994139979258558	0.0018854202643178678	0.00013114600619228454	0.005214391507363377	0.9	4000	position_bootstrap	mtDNA_position	False	paired nonparametric bootstrap of whole mtDNA positions
protein_coding	expanded_neutral_like_T95	C[G>A]A	21	0.011629802475469608	0.010650608457131928	0.0024699339891945554	0.02570531418017719	11341	21	2.608974052631935	0.5929048120828943	0.011629802475469608	0.010650608457131928	0.0024699339891945554	0.02570531418017719	0.9	4000	position_bootstrap	mtDNA_position	False	paired nonparametric bootstrap of whole mtDNA positions
protein_coding	expanded_neutral_like_T95	A[G>A]A	23	0.01747767495309924	0.015773207792267745	0.0032547641975555664	0.03870386807471221	11341	23	2.569497244632947	0.5899165275459098	0.01747767495309924	0.015773207792267745	0.0032547641975555664	0.03870386807471221	0.9	4000	position_bootstrap	mtDNA_position	False	paired nonparametric bootstrap of whole mtDNA positions
protein_coding	expanded_neutral_like_T95	A[T>A]A	34	6.670958114604495e-06	6.689298518028071e-06	4.586002089643359e-06	9.433395406951431e-06	11341	34	33.10810810810813	0.05714285714285714	6.670958114604495e-06	6.689298518028071e-06	4.586002089643359e-06	9.433395406951431e-06	0.9	4000	position_bootstrap	mtDNA_position	False	paired nonparametric bootstrap of whole mtDNA positions
protein_coding	expanded_neutral_like_T95	A[T>A]C	30	1.8102831017382655e-05	1.7137914483070783e-05	6.445893802630339e-06	3.761676251561037e-05	11341	30	3.656426332288399	0.5092592592592593	1.8102831017382655e-05	1.7137914483070783e-05	6.445893802630339e-06	3.761676251561037e-05	0.9	4000	position_bootstrap	mtDNA_position	False	paired nonparametric bootstrap of whole mtDNA positions
protein_coding	expanded_neutral_like_T95	A[T>A]G	28	4.1018122622030943e-05	3.897126837579181e-05	8.117844049290837e-06	0.00010130878910449094	11341	28	1.8041237113402033	0.7428571428571429	4.1018122622030943e-05	3.897126837579181e-05	8.117844049290837e-06	0.00010130878910449094	0.9	4000	position_bootstrap	mtDNA_position	False	paired nonparametric bootstrap of whole mtDNA positions
protein_coding	expanded_neutral_like_T95	A[T>A]T	29	6.725193546430549e-06	6.676185229893876e-06	4.288628461936522e-06	9.855795694407638e-06	11341	29	20.76271186440677	0.11428571428571428	6.725193546430549e-06	6.676185229893876e-06	4.288628461936522e-06	9.855795694407638e-06	0.9	4000	position_bootstrap	mtDNA_position	False	paired nonparametric bootstrap of whole mtDNA positions
protein_coding	expanded_neutral_like_T95	C[T>A]A	83	0.000313914341876096	0.000303066002298938	2.3826028353866786e-05	0.0008751335447497081	11341	83	1.2741543193782376	0.8852031308237048	0.000313914341876096	0.000303066002298938	2.3826028353866786e-05	0.0008751335447497081	0.9	4000	position_bootstrap	mtDNA_position	False	paired nonparametric bootstrap of whole mtDNA positions
protein_coding	expanded_neutral_like_T95	C[T>A]C	59	0.0007003544283253978	0.0006444721957734561	3.0339368896245106e-05	0.001866293992886762	11341	59	1.4700253606345846	0.8136222910216718	0.0007003544283253978	0.0006444721957734561	3.0339368896245106e-05	0.001866293992886762	0.9	4000	position_bootstrap	mtDNA_position	False	paired nonparametric bootstrap of whole mtDNA positions
protein_coding	expanded_neutral_like_T95	C[T>A]G	27	2.0584670753636727e-05	1.9753960707577505e-05	9.95575575488733e-06	3.5721166924088944e-05	11341	27	7.515463917525775	0.3333333333333333	2.0584670753636727e-05	1.9753960707577505e-05	9.95575575488733e-06	3.5721166924088944e-05	0.9	4000	position_bootstrap	mtDNA_position	False	paired nonparametric bootstrap of whole mtDNA positions
protein_coding	expanded_neutral_like_T95	C[T>A]T	43	0.0005220450620234007	0.0005007431207408504	2.268632012726117e-05	0.0014916649265883752	11341	43	1.1772953042100598	0.921073717948718	0.0005220450620234007	0.0005007431207408504	2.268632012726117e-05	0.0014916649265883752	0.9	4000	position_bootstrap	mtDNA_position	False	paired nonparametric bootstrap of whole mtDNA positions
protein_coding	expanded_neutral_like_T95	G[T>A]A	7	6.982847065417173e-06	6.700530980254657e-06	2.284993212483252e-06	1.3644552952980782e-05	11341	7	4.567567567567567	0.38461538461538464	6.982847065417173e-06	6.700530980254657e-06	2.284993212483252e-06	1.3644552952980782e-05	0.9	4000	position_bootstrap	mtDNA_position	False	paired nonparametric bootstrap of whole mtDNA positions
protein_coding	expanded_neutral_like_T95	G[T>A]C	12	0.00014383130263096646	0.00013440941726133464	1.2409902654468812e-05	0.00031968396671935037	11341	12	2.457026807473599	0.48826291079812206	0.00014383130263096646	0.00013440941726133464	1.2409902654468812e-05	0.00031968396671935037	0.9	4000	position_bootstrap	mtDNA_position	False	paired nonparametric bootstrap of whole mtDNA positions
protein_coding	expanded_neutral_like_T95	G[T>A]G	14	7.949702812936474e-05	7.492718918816208e-05	1.8412085305544752e-05	0.00018145126122483347	11341	14	2.4622302158273386	0.6216216216216216	7.949702812936474e-05	7.492718918816208e-05	1.8412085305544752e-05	0.00018145126122483347	0.9	4000	position_bootstrap	mtDNA_position	False	paired nonparametric bootstrap of whole mtDNA positions
protein_coding	expanded_neutral_like_T95	G[T>A]T	20	3.128062712562444e-05	2.970461907756315e-05	1.3153049789145879e-05	5.62569270814032e-05	11341	20	6.3880126182965355	0.3333333333333333	3.128062712562444e-05	2.970461907756315e-05	1.3153049789145879e-05	5.62569270814032e-05	0.9	4000	position_bootstrap	mtDNA_position	False	paired nonparametric bootstrap of whole mtDNA positions
protein_coding	expanded_neutral_like_T95	T[T>A]A	109	4.2116012340598515e-05	4.1199119814641725e-05	2.8091531005379552e-05	6.226302439887558e-05	11341	109	23.43766578249334	0.13829787234042554	4.2116012340598515e-05	4.1199119814641725e-05	2.8091531005379552e-05	6.226302439887558e-05	0.9	4000	position_bootstrap	mtDNA_position	False	paired nonparametric bootstrap of whole mtDNA positions
protein_coding	expanded_neutral_like_T95	T[T>A]C	85	7.288882638161377e-05	6.82552993799453e-05	2.337418360021823e-05	0.0001516378928516735	11341	85	3.4088987876793793	0.5231607629427792	7.288882638161377e-05	6.82552993799453e-05	2.337418360021823e-05	0.0001516378928516735	0.9	4000	position_bootstrap	mtDNA_position	False	paired nonparametric bootstrap of whole mtDNA positions
protein_coding	expanded_neutral_like_T95	T[T>A]G	57	9.086056728539406e-05	8.550710334894054e-05	3.527356788614184e-05	0.00018060221792696464	11341	57	4.084755015695384	0.4797687861271676	9.086056728539406e-05	8.550710334894054e-05	3.527356788614184e-05	0.00018060221792696464	0.9	4000	position_bootstrap	mtDNA_position	False	paired nonparametric bootstrap of whole mtDNA positions
protein_coding	expanded_neutral_like_T95	T[T>A]T	55	2.416535838369089e-05	2.3595071860033674e-05	1.4642577314706697e-05	3.684440475115502e-05	11341	55	15.955684007707115	0.2087912087912088	2.416535838369089e-05	2.3595071860033674e-05	1.4642577314706697e-05	3.684440475115502e-05	0.9	4000	position_bootstrap	mtDNA_position	False	paired nonparametric bootstrap of whole mtDNA positions
protein_coding	expanded_neutral_like_T95	T[A>T]T	112	4.297136655641337e-05	4.129025213416819e-05	2.2699513601630383e-05	7.410586091939381e-05	11341	112	8.096112641567181	0.3347826086956522	4.297136655641337e-05	4.129025213416819e-05	2.2699513601630383e-05	7.410586091939381e-05	0.9	4000	position_bootstrap	mtDNA_position	False	paired nonparametric bootstrap of whole mtDNA positions
protein_coding	expanded_neutral_like_T95	G[A>T]T	42	0.001396908660714143	0.0013472207173265771	2.6944908226612188e-05	0.004155055177053965	11341	42	1.0536852443593712	0.9741763134461264	0.001396908660714143	0.0013472207173265771	2.6944908226612188e-05	0.004155055177053965	0.9	4000	position_bootstrap	mtDNA_position	False	paired nonparametric bootstrap of whole mtDNA positions
protein_coding	expanded_neutral_like_T95	C[A>T]T	111	4.0170676851139145e-05	3.9673683284771426e-05	2.46428401266155e-05	6.130665062339752e-05	11341	111	17.207198443579752	0.13909774436090225	4.0170676851139145e-05	3.9673683284771426e-05	2.46428401266155e-05	6.130665062339752e-05	0.9	4000	position_bootstrap	mtDNA_position	False	paired nonparametric bootstrap of whole mtDNA positions
protein_coding	expanded_neutral_like_T95	A[A>T]T	71	3.837090260743265e-05	3.7078437890768e-05	1.9505153216906194e-05	6.341355444606648e-05	11341	71	9.524116470326739	0.24154589371980675	3.837090260743265e-05	3.7078437890768e-05	1.9505153216906194e-05	6.341355444606648e-05	0.9	4000	position_bootstrap	mtDNA_position	False	paired nonparametric bootstrap of whole mtDNA positions
protein_coding	expanded_neutral_like_T95	T[A>T]G	169	0.0001040940261992243	0.00010210931658048553	6.422207542330457e-05	0.00015684810259250292	11341	169	16.776056192542107	0.1687344913151365	0.0001040940261992243	0.00010210931658048553	6.422207542330457e-05	0.00015684810259250292	0.9	4000	position_bootstrap	mtDNA_position	False	paired nonparametric bootstrap of whole mtDNA positions
protein_coding	expanded_neutral_like_T95	G[A>T]G	55	3.804538063409282e-05	3.800228642029775e-05	2.6639638913001288e-05	5.313685107726823e-05	11341	55	36.3	0.10606060606060606	3.804538063409282e-05	3.800228642029775e-05	2.6639638913001288e-05	5.313685107726823e-05	0.9	4000	position_bootstrap	mtDNA_position	False	paired nonparametric bootstrap of whole mtDNA positions
protein_coding	expanded_neutral_like_T95	C[A>T]G	97	0.003977364138919417	0.0037698579652341085	0.0001118280239211045	0.009266727550083656	11341	97	2.1253616169186538	0.5320777520394803	0.003977364138919417	0.0037698579652341085	0.0001118280239211045	0.009266727550083656	0.9	4000	position_bootstrap	mtDNA_position	False	paired nonparametric bootstrap of whole mtDNA positions
protein_coding	expanded_neutral_like_T95	A[A>T]G	47	0.00014069330956058637	0.00013356287437483446	2.833113038200826e-05	0.00034370752721167103	11341	47	2.089816840249434	0.6837944664031621	0.00014069330956058637	0.00013356287437483446	2.833113038200826e-05	0.00034370752721167103	0.9	4000	position_bootstrap	mtDNA_position	False	paired nonparametric bootstrap of whole mtDNA positions
protein_coding	expanded_neutral_like_T95	T[A>T]C	134	0.00019560566056479365	0.00018274150642461388	4.770257285440316e-05	0.00042574503411148295	11341	134	2.7870787242284734	0.5746924428822495	0.00019560566056479365	0.00018274150642461388	4.770257285440316e-05	0.00042574503411148295	0.9	4000	position_bootstrap	mtDNA_position	False	paired nonparametric bootstrap of whole mtDNA positions
protein_coding	expanded_neutral_like_T95	G[A>T]C	46	0.00034322895125149636	0.00032009766014112404	7.493848134020006e-05	0.000738048734599006	11341	46	3.0498197250807437	0.5186104218362283	0.00034322895125149636	0.00032009766014112404	7.493848134020006e-05	0.000738048734599006	0.9	4000	position_bootstrap	mtDNA_position	False	paired nonparametric bootstrap of whole mtDNA positions
protein_coding	expanded_neutral_like_T95	C[A>T]C	110	0.00021817416629147076	0.00020508118849363175	6.559990171013976e-05	0.000456701435753881	11341	110	3.199359136762644	0.5377558221594919	0.00021817416629147076	0.00020508118849363175	6.559990171013976e-05	0.000456701435753881	0.9	4000	position_bootstrap	mtDNA_position	False	paired nonparametric bootstrap of whole mtDNA positions
protein_coding	expanded_neutral_like_T95	A[A>T]C	82	4.095577151272493e-05	3.97470992427536e-05	1.9809004041138212e-05	7.019371966156768e-05	11341	82	7.660892161108715	0.2669172932330827	4.095577151272493e-05	3.97470992427536e-05	1.9809004041138212e-05	7.019371966156768e-05	0.9	4000	position_bootstrap	mtDNA_position	False	paired nonparametric bootstrap of whole mtDNA positions
protein_coding	expanded_neutral_like_T95	T[A>T]A	188	9.493422073681576e-05	9.268311588748031e-05	5.412248144435224e-05	0.00015328479337277834	11341	188	11.020837352884415	0.2615062761506276	9.493422073681576e-05	9.268311588748031e-05	5.412248144435224e-05	0.00015328479337277834	0.9	4000	position_bootstrap	mtDNA_position	False	paired nonparametric bootstrap of whole mtDNA positions
protein_coding	expanded_neutral_like_T95	G[A>T]A	48	3.43770932451307e-05	3.4033185607924596e-05	2.1457998189154463e-05	5.246828780515827e-05	11341	48	17.441441441441416	0.17045454545454544	3.43770932451307e-05	3.4033185607924596e-05	2.1457998189154463e-05	5.246828780515827e-05	0.9	4000	position_bootstrap	mtDNA_position	False	paired nonparametric bootstrap of whole mtDNA positions
protein_coding	expanded_neutral_like_T95	C[A>T]A	109	0.0001000881117835322	9.507038286052954e-05	4.221712595112017e-05	0.00017959227144736197	11341	109	6.249227727665882	0.3042016806722689	0.0001000881117835322	9.507038286052954e-05	4.221712595112017e-05	0.00017959227144736197	0.9	4000	position_bootstrap	mtDNA_position	False	paired nonparametric bootstrap of whole mtDNA positions
protein_coding	expanded_neutral_like_T95	A[A>T]A	78	3.180520104602938e-05	3.029199238479326e-05	1.3663802727966498e-05	6.243463204759332e-05	11341	78	4.585164450664797	0.4585635359116022	3.180520104602938e-05	3.029199238479326e-05	1.3663802727966498e-05	6.243463204759332e-05	0.9	4000	position_bootstrap	mtDNA_position	False	paired nonparametric bootstrap of whole mtDNA positions
protein_coding	expanded_neutral_like_T95	A[T>C]A	97	0.017945067927089366	0.016997465356283437	0.007349947304347988	0.03384862394210267	11341	97	4.929866602128891	0.42615585601852346	0.017945067927089366	0.016997465356283437	0.007349947304347988	0.03384862394210267	0.9	4000	position_bootstrap	mtDNA_position	False	paired nonparametric bootstrap of whole mtDNA positions
protein_coding	expanded_neutral_like_T95	A[T>C]C	102	0.003943232404480805	0.0038863269267253478	0.0023674351275783444	0.006011240802372421	11341	102	16.178407030399708	0.16063761955366632	0.003943232404480805	0.0038863269267253478	0.0023674351275783444	0.006011240802372421	0.9	4000	position_bootstrap	mtDNA_position	False	paired nonparametric bootstrap of whole mtDNA positions
protein_coding	expanded_neutral_like_T95	A[T>C]G	47	0.002982994136588841	0.0029009917462364644	0.0016741716371580406	0.004675794766639053	11341	47	11.638561739262347	0.19486642221058145	0.002982994136588841	0.0029009917462364644	0.0016741716371580406	0.004675794766639053	0.9	4000	position_bootstrap	mtDNA_position	False	paired nonparametric bootstrap of whole mtDNA positions
protein_coding	expanded_neutral_like_T95	A[T>C]T	104	0.01866625505908559	0.01824116280860815	0.008285303052205812	0.033068786607149445	11341	104	6.562809830191311	0.31769005095475833	0.01866625505908559	0.01824116280860815	0.008285303052205812	0.033068786607149445	0.9	4000	position_bootstrap	mtDNA_position	False	paired nonparametric bootstrap of whole mtDNA positions
protein_coding	expanded_neutral_like_T95	C[T>C]A	101	0.004503962948386253	0.004429002144040089	0.0027841627544163768	0.006775693971904364	11341	101	18.095644644683162	0.12152227562021042	0.004503962948386253	0.004429002144040089	0.0027841627544163768	0.006775693971904364	0.9	4000	position_bootstrap	mtDNA_position	False	paired nonparametric bootstrap of whole mtDNA positions
protein_coding	expanded_neutral_like_T95	C[T>C]C	69	0.01115449944605937	0.010384059977255096	0.0030676778654407395	0.022693799749464758	11341	69	3.7298976148229936	0.4470880957934842	0.01115449944605937	0.010384059977255096	0.0030676778654407395	0.022693799749464758	0.9	4000	position_bootstrap	mtDNA_position	False	paired nonparametric bootstrap of whole mtDNA positions
protein_coding	expanded_neutral_like_T95	C[T>C]G	29	0.0017302559361251316	0.0016785692742716314	0.0008453463393754367	0.0029111045620320536	11341	29	8.479146937571072	0.2590879048248513	0.0017302559361251316	0.0016785692742716314	0.0008453463393754367	0.0029111045620320536	0.9	4000	position_bootstrap	mtDNA_position	False	paired nonparametric bootstrap of whole mtDNA positions
protein_coding	expanded_neutral_like_T95	C[T>C]T	108	0.008410447129040459	0.008223162655133141	0.005260232441799639	0.012714606311699935	11341	108	17.194808072819672	0.1655227295334726	0.008410447129040459	0.008223162655133141	0.005260232441799639	0.012714606311699935	0.9	4000	position_bootstrap	mtDNA_position	False	paired nonparametric bootstrap of whole mtDNA positions
protein_coding	expanded_neutral_like_T95	G[T>C]A	25	0.007569943360994171	0.007266155359182213	0.0029146303915008453	0.013789922109846007	11341	25	5.955130529437055	0.2346555027318527	0.007569943360994171	0.007266155359182213	0.0029146303915008453	0.013789922109846007	0.9	4000	position_bootstrap	mtDNA_position	False	paired nonparametric bootstrap of whole mtDNA positions
protein_coding	expanded_neutral_like_T95	G[T>C]C	25	0.008488747912553425	0.008206696144036478	0.0031974025455258283	0.015297177862230048	11341	25	5.537189825210483	0.3026012250417628	0.008488747912553425	0.008206696144036478	0.0031974025455258283	0.015297177862230048	0.9	4000	position_bootstrap	mtDNA_position	False	paired nonparametric bootstrap of whole mtDNA positions
protein_coding	expanded_neutral_like_T95	G[T>C]G	21	0.009295780870316123	0.00862810187870203	0.0024149713151074615	0.019918612165960137	11341	21	3.1054136901983322	0.5253669247659771	0.009295780870316123	0.00862810187870203	0.0024149713151074615	0.019918612165960137	0.9	4000	position_bootstrap	mtDNA_position	False	paired nonparametric bootstrap of whole mtDNA positions
protein_coding	expanded_neutral_like_T95	G[T>C]T	32	0.009603152527566702	0.00934479659840206	0.004356431916597014	0.016385098263393582	11341	32	7.862555155623033	0.23648208469055373	0.009603152527566702	0.00934479659840206	0.004356431916597014	0.016385098263393582	0.9	4000	position_bootstrap	mtDNA_position	False	paired nonparametric bootstrap of whole mtDNA positions
protein_coding	expanded_neutral_like_T95	T[T>C]A	131	0.01565953986506658	0.015102392643558414	0.00783672320062215	0.026482222227741506	11341	131	8.936660924754243	0.2638121942147578	0.01565953986506658	0.015102392643558414	0.00783672320062215	0.026482222227741506	0.9	4000	position_bootstrap	mtDNA_position	False	paired nonparametric bootstrap of whole mtDNA positions
protein_coding	expanded_neutral_like_T95	T[T>C]C	97	0.009951807390544696	0.00945595614179483	0.004194559587124258	0.017820744001886477	11341	97	5.740438381534036	0.3578071365849764	0.009951807390544696	0.00945595614179483	0.004194559587124258	0.017820744001886477	0.9	4000	position_bootstrap	mtDNA_position	False	paired nonparametric bootstrap of whole mtDNA positions
protein_coding	expanded_neutral_like_T95	T[T>C]G	61	0.003602385150349814	0.0035611194856773358	0.0021412740354793485	0.0055971772445197404	11341	61	15.283116833333828	0.16970403848957574	0.003602385150349814	0.0035611194856773358	0.0021412740354793485	0.0055971772445197404	0.9	4000	position_bootstrap	mtDNA_position	False	paired nonparametric bootstrap of whole mtDNA positions
protein_coding	expanded_neutral_like_T95	T[T>C]T	75	0.005857842204239971	0.005592717016127244	0.00237395668724342	0.010479158799452864	11341	75	6.12048466139628	0.28024842467926925	0.005857842204239971	0.005592717016127244	0.00237395668724342	0.010479158799452864	0.9	4000	position_bootstrap	mtDNA_position	False	paired nonparametric bootstrap of whole mtDNA positions
protein_coding	expanded_neutral_like_T95	T[A>G]T	162	0.00959195634350549	0.009155501458055363	0.004055124219559406	0.017291910496468516	11341	162	5.990165866601616	0.3402415270744059	0.00959195634350549	0.009155501458055363	0.004055124219559406	0.017291910496468516	0.9	4000	position_bootstrap	mtDNA_position	False	paired nonparametric bootstrap of whole mtDNA positions
protein_coding	expanded_neutral_like_T95	G[A>G]T	52	0.010219947957637933	0.009829661397268322	0.004590333755121258	0.017682844896602868	11341	52	7.215045096532973	0.28383641674780913	0.010219947957637933	0.009829661397268322	0.004590333755121258	0.017682844896602868	0.9	4000	position_bootstrap	mtDNA_position	False	paired nonparametric bootstrap of whole mtDNA positions
protein_coding	expanded_neutral_like_T95	C[A>G]T	187	0.0028102861861761218	0.002754205430908454	0.0015961124311093772	0.004584165652402838	11341	187	11.65918283979942	0.25294212477833306	0.0028102861861761218	0.002754205430908454	0.0015961124311093772	0.004584165652402838	0.9	4000	position_bootstrap	mtDNA_position	False	paired nonparametric bootstrap of whole mtDNA positions
protein_coding	expanded_neutral_like_T95	A[A>G]T	153	0.009155816388835366	0.008961100680221535	0.0048266390265569005	0.014748913455331084	11341	153	10.346916485070924	0.23385904885307635	0.009155816388835366	0.008961100680221535	0.0048266390265569005	0.014748913455331084	0.9	4000	position_bootstrap	mtDNA_position	False	paired nonparametric bootstrap of whole mtDNA positions
protein_coding	expanded_neutral_like_T95	T[A>G]G	172	0.07990391765924973	0.07643498264399301	0.010649779273747639	0.18562243072217346	11341	172	1.5566987860904042	0.7981011676170526	0.07990391765924973	0.07643498264399301	0.010649779273747639	0.18562243072217346	0.9	4000	position_bootstrap	mtDNA_position	False	paired nonparametric bootstrap of whole mtDNA positions
protein_coding	expanded_neutral_like_T95	G[A>G]G	58	0.01106659420323203	0.010691030897566966	0.004687486300034875	0.019283043154651826	11341	58	6.593833445322806	0.2600791749140535	0.01106659420323203	0.010691030897566966	0.004687486300034875	0.019283043154651826	0.9	4000	position_bootstrap	mtDNA_position	False	paired nonparametric bootstrap of whole mtDNA positions
protein_coding	expanded_neutral_like_T95	C[A>G]G	100	0.005606525177592523	0.005348639931576549	0.0018740292164947678	0.0105891652271403	11341	100	4.873994095612265	0.3342383538153758	0.005606525177592523	0.005348639931576549	0.0018740292164947678	0.0105891652271403	0.9	4000	position_bootstrap	mtDNA_position	False	paired nonparametric bootstrap of whole mtDNA positions
protein_coding	expanded_neutral_like_T95	A[A>G]G	58	0.012040121918167017	0.011494931279149904	0.0015186491141082159	0.031826709020879695	11341	58	1.4650082365690373	0.8251350976860191	0.012040121918167017	0.011494931279149904	0.0015186491141082159	0.031826709020879695	0.9	4000	position_bootstrap	mtDNA_position	False	paired nonparametric bootstrap of whole mtDNA positions
protein_coding	expanded_neutral_like_T95	T[A>G]C	165	0.012011356379848665	0.011859335151440224	0.006860554747412852	0.01917078285915889	11341	165	12.087229878795634	0.22137950772753293	0.012011356379848665	0.011859335151440224	0.006860554747412852	0.01917078285915889	0.9	4000	position_bootstrap	mtDNA_position	False	paired nonparametric bootstrap of whole mtDNA positions
protein_coding	expanded_neutral_like_T95	G[A>G]C	59	0.011691076461114865	0.01131427884086204	0.00542285907473093	0.01994135424418143	11341	59	7.611659997882088	0.2806876957820354	0.011691076461114865	0.01131427884086204	0.00542285907473093	0.01994135424418143	0.9	4000	position_bootstrap	mtDNA_position	False	paired nonparametric bootstrap of whole mtDNA positions
protein_coding	expanded_neutral_like_T95	C[A>G]C	147	0.006259304433484235	0.006092251206795622	0.0032538961540687404	0.010295768176828703	11341	147	9.54218586111236	0.2409908247853787	0.006259304433484235	0.006092251206795622	0.0032538961540687404	0.010295768176828703	0.9	4000	position_bootstrap	mtDNA_position	False	paired nonparametric bootstrap of whole mtDNA positions
protein_coding	expanded_neutral_like_T95	A[A>G]C	184	0.027416655677386756	0.026024323882003625	0.009626585890853577	0.05215278425823678	11341	184	4.506956674144899	0.4106623386834095	0.027416655677386756	0.026024323882003625	0.009626585890853577	0.05215278425823678	0.9	4000	position_bootstrap	mtDNA_position	False	paired nonparametric bootstrap of whole mtDNA positions
protein_coding	expanded_neutral_like_T95	T[A>G]A	206	0.021837849876812924	0.020328061415460258	0.004125720844229549	0.044527997319539055	11341	206	3.128638837141844	0.4370969942249102	0.021837849876812924	0.020328061415460258	0.004125720844229549	0.044527997319539055	0.9	4000	position_bootstrap	mtDNA_position	False	paired nonparametric bootstrap of whole mtDNA positions
protein_coding	expanded_neutral_like_T95	G[A>G]A	53	0.0044502709800969195	0.004285004974062439	0.002143920326144082	0.007496628658095741	11341	53	8.836294251035344	0.20847963483146068	0.0044502709800969195	0.004285004974062439	0.002143920326144082	0.007496628658095741	0.9	4000	position_bootstrap	mtDNA_position	False	paired nonparametric bootstrap of whole mtDNA positions
protein_coding	expanded_neutral_like_T95	C[A>G]A	120	0.002093776012385925	0.0020067780501347734	0.0008193559669342934	0.0037942436598541606	11341	120	5.5630211815395	0.3449827267614686	0.002093776012385925	0.0020067780501347734	0.0008193559669342934	0.0037942436598541606	0.9	4000	position_bootstrap	mtDNA_position	False	paired nonparametric bootstrap of whole mtDNA positions
protein_coding	expanded_neutral_like_T95	A[A>G]A	104	0.006134889415027755	0.005564459470498611	0.0013519445649078053	0.01358920593777108	11341	104	2.584138764110253	0.598487669349526	0.006134889415027755	0.005564459470498611	0.0013519445649078053	0.01358920593777108	0.9	4000	position_bootstrap	mtDNA_position	False	paired nonparametric bootstrap of whole mtDNA positions
protein_coding	expanded_neutral_like_T95	A[T>G]A	36	2.630263485186915e-05	2.5161941116780886e-05	6.151737986613065e-06	6.262604425455195e-05	11341	36	2.049946178686762	0.6956521739130435	2.630263485186915e-05	2.5161941116780886e-05	6.151737986613065e-06	6.262604425455195e-05	0.9	4000	position_bootstrap	mtDNA_position	False	paired nonparametric bootstrap of whole mtDNA positions
protein_coding	expanded_neutral_like_T95	A[T>G]C	38	0.00027523007898650295	0.0002631243030013425	6.349575656358382e-05	0.0005682654628661704	11341	38	3.7119861222017234	0.40012180267965897	0.00027523007898650295	0.0002631243030013425	6.349575656358382e-05	0.0005682654628661704	0.9	4000	position_bootstrap	mtDNA_position	False	paired nonparametric bootstrap of whole mtDNA positions
protein_coding	expanded_neutral_like_T95	A[T>G]G	27	1.3282058753800498e-05	1.2939938328802746e-05	7.838673140202643e-06	2.0755006959364346e-05	11341	27	12.844444444444445	0.23529411764705882	1.3282058753800498e-05	1.2939938328802746e-05	7.838673140202643e-06	2.0755006959364346e-05	0.9	4000	position_bootstrap	mtDNA_position	False	paired nonparametric bootstrap of whole mtDNA positions
protein_coding	expanded_neutral_like_T95	A[T>G]T	30	8.646677416839277e-06	8.375935060529005e-06	4.927370738773194e-06	1.3722336896536481e-05	11341	30	11.705202312138724	0.24444444444444444	8.646677416839277e-06	8.375935060529005e-06	4.927370738773194e-06	1.3722336896536481e-05	0.9	4000	position_bootstrap	mtDNA_position	False	paired nonparametric bootstrap of whole mtDNA positions
protein_coding	expanded_neutral_like_T95	C[T>G]A	76	0.00010342910108776328	9.973378427551759e-05	1.3489611239760882e-05	0.0002755122279052015	11341	76	1.5016737446914818	0.8144796380090498	0.00010342910108776328	9.973378427551759e-05	1.3489611239760882e-05	0.0002755122279052015	0.9	4000	position_bootstrap	mtDNA_position	False	paired nonparametric bootstrap of whole mtDNA positions
protein_coding	expanded_neutral_like_T95	C[T>G]C	60	2.6742119554220557e-05	2.6456174379832154e-05	1.6240717530447534e-05	4.0705131510413396e-05	11341	60	16.90123456790122	0.15135135135135136	2.6742119554220557e-05	2.6456174379832154e-05	1.6240717530447534e-05	4.0705131510413396e-05	0.9	4000	position_bootstrap	mtDNA_position	False	paired nonparametric bootstrap of whole mtDNA positions
protein_coding	expanded_neutral_like_T95	C[T>G]G	27	3.4688982195943376e-05	3.404014756154322e-05	1.7824637581895406e-05	5.7469518226142434e-05	11341	27	10.390213299874533	0.21978021978021978	3.4688982195943376e-05	3.404014756154322e-05	1.7824637581895406e-05	5.7469518226142434e-05	0.9	4000	position_bootstrap	mtDNA_position	False	paired nonparametric bootstrap of whole mtDNA positions
protein_coding	expanded_neutral_like_T95	C[T>G]T	42	1.610475551915138e-05	1.567189038461952e-05	9.135023189254148e-06	2.6086640030858194e-05	11341	42	12.429769392033545	0.23376623376623376	1.610475551915138e-05	1.567189038461952e-05	9.135023189254148e-06	2.6086640030858194e-05	0.9	4000	position_bootstrap	mtDNA_position	False	paired nonparametric bootstrap of whole mtDNA positions
protein_coding	expanded_neutral_like_T95	G[T>G]A	6	3.75999457368617e-06	3.67309994762331e-06	1.36388661153012e-06	6.959398210967463e-06	11341	6	5.444444444444445	0.2857142857142857	3.75999457368617e-06	3.67309994762331e-06	1.36388661153012e-06	6.959398210967463e-06	0.9	4000	position_bootstrap	mtDNA_position	False	paired nonparametric bootstrap of whole mtDNA positions
protein_coding	expanded_neutral_like_T95	G[T>G]C	12	9.588753508731098e-05	8.836085030226881e-05	2.678333306150222e-05	0.0001921935438581352	11341	12	3.666181818181819	0.45774647887323944	9.588753508731098e-05	8.836085030226881e-05	2.678333306150222e-05	0.0001921935438581352	0.9	4000	position_bootstrap	mtDNA_position	False	paired nonparametric bootstrap of whole mtDNA positions
protein_coding	expanded_neutral_like_T95	G[T>G]G	13	6.87541864902614e-05	6.599795185194634e-05	2.294508379442403e-05	0.0001310387396416617	11341	13	4.665148063781321	0.375	6.87541864902614e-05	6.599795185194634e-05	2.294508379442403e-05	0.0001310387396416617	0.9	4000	position_bootstrap	mtDNA_position	False	paired nonparametric bootstrap of whole mtDNA positions
protein_coding	expanded_neutral_like_T95	G[T>G]T	20	2.085375141708296e-05	2.0096810986485444e-05	1.0458002863552093e-05	3.540818315200078e-05	11341	20	8.490566037735851	0.3	2.085375141708296e-05	2.0096810986485444e-05	1.0458002863552093e-05	3.540818315200078e-05	0.9	4000	position_bootstrap	mtDNA_position	False	paired nonparametric bootstrap of whole mtDNA positions
protein_coding	expanded_neutral_like_T95	T[T>G]A	110	2.5314411672806557e-05	2.537694861048357e-05	1.9725971493588614e-05	3.269067164966909e-05	11341	110	105.52892561983461	0.02654867256637168	2.5314411672806557e-05	2.537694861048357e-05	1.9725971493588614e-05	3.269067164966909e-05	0.9	4000	position_bootstrap	mtDNA_position	False	paired nonparametric bootstrap of whole mtDNA positions
protein_coding	expanded_neutral_like_T95	T[T>G]C	82	2.641475179497175e-05	2.6194268247493778e-05	1.6649206193968983e-05	3.957063942014271e-05	11341	82	18.44525547445252	0.13533834586466165	2.641475179497175e-05	2.6194268247493778e-05	1.6649206193968983e-05	3.957063942014271e-05	0.9	4000	position_bootstrap	mtDNA_position	False	paired nonparametric bootstrap of whole mtDNA positions
protein_coding	expanded_neutral_like_T95	T[T>G]G	57	3.0461924292213037e-05	3.0535009898892834e-05	2.267018834389321e-05	4.099434633742955e-05	11341	57	56.0666666666667	0.034482758620689655	3.0461924292213037e-05	3.0535009898892834e-05	2.267018834389321e-05	4.099434633742955e-05	0.9	4000	position_bootstrap	mtDNA_position	False	paired nonparametric bootstrap of whole mtDNA positions
protein_coding	expanded_neutral_like_T95	T[T>G]T	54	2.6289785494345036e-05	2.4984332001034103e-05	1.1309868187926347e-05	5.0779265961262565e-05	11341	54	4.518672199170123	0.46464646464646464	2.6289785494345036e-05	2.4984332001034103e-05	1.1309868187926347e-05	5.0779265961262565e-05	0.9	4000	position_bootstrap	mtDNA_position	False	paired nonparametric bootstrap of whole mtDNA positions
protein_coding	expanded_neutral_like_T95	T[A>C]T	111	2.9519460503970924e-05	2.9031127120197253e-05	1.9773234409699258e-05	4.349528134362127e-05	11341	111	21.44673539518902	0.1962025316455696	2.9519460503970924e-05	2.9031127120197253e-05	1.9773234409699258e-05	4.349528134362127e-05	0.9	4000	position_bootstrap	mtDNA_position	False	paired nonparametric bootstrap of whole mtDNA positions
protein_coding	expanded_neutral_like_T95	G[A>C]T	45	8.520769657962494e-05	8.209637939863811e-05	2.5039880533495976e-05	0.00019099653749013343	11341	45	2.5644213690394855	0.6204379562043796	8.520769657962494e-05	8.209637939863811e-05	2.5039880533495976e-05	0.00019099653749013343	0.9	4000	position_bootstrap	mtDNA_position	False	paired nonparametric bootstrap of whole mtDNA positions
protein_coding	expanded_neutral_like_T95	C[A>C]T	123	0.00011356522177464902	0.00011099479483193772	6.366582575834818e-05	0.00018327077041635858	11341	123	11.737318389373167	0.19414893617021275	0.00011356522177464902	0.00011099479483193772	6.366582575834818e-05	0.00018327077041635858	0.9	4000	position_bootstrap	mtDNA_position	False	paired nonparametric bootstrap of whole mtDNA positions
protein_coding	expanded_neutral_like_T95	A[A>C]T	62	1.3161034227670135e-05	1.3123234477056042e-05	9.37700479171322e-06	1.7985800259403908e-05	11341	62	41.66115702479348	0.09859154929577464	1.3161034227670135e-05	1.3123234477056042e-05	9.37700479171322e-06	1.7985800259403908e-05	0.9	4000	position_bootstrap	mtDNA_position	False	paired nonparametric bootstrap of whole mtDNA positions
protein_coding	expanded_neutral_like_T95	T[A>C]G	166	6.638254276228449e-05	6.5959942628162e-05	4.920365981443682e-05	8.99386425547614e-05	11341	166	48.10560815731979	0.08171206225680934	6.638254276228449e-05	6.5959942628162e-05	4.920365981443682e-05	8.99386425547614e-05	0.9	4000	position_bootstrap	mtDNA_position	False	paired nonparametric bootstrap of whole mtDNA positions
protein_coding	expanded_neutral_like_T95	G[A>C]G	54	6.859697417359159e-05	6.539676783971871e-05	2.684165721522432e-05	0.00013604163818792625	11341	54	3.7314888010540113	0.5126050420168067	6.859697417359159e-05	6.539676783971871e-05	2.684165721522432e-05	0.00013604163818792625	0.9	4000	position_bootstrap	mtDNA_position	False	paired nonparametric bootstrap of whole mtDNA positions
protein_coding	expanded_neutral_like_T95	C[A>C]G	95	0.0005375790789031985	0.0005164535037857738	8.2305019596927e-05	0.0013485164457000844	11341	95	1.674237607047368	0.7697466467958272	0.0005375790789031985	0.0005164535037857738	8.2305019596927e-05	0.0013485164457000844	0.9	4000	position_bootstrap	mtDNA_position	False	paired nonparametric bootstrap of whole mtDNA positions
protein_coding	expanded_neutral_like_T95	A[A>C]G	44	2.446840166271067e-05	2.4490032149409583e-05	1.7505988800116817e-05	3.331869306679445e-05	11341	44	44.00000000000004	0.022727272727272728	2.446840166271067e-05	2.4490032149409583e-05	1.7505988800116817e-05	3.331869306679445e-05	0.9	4000	position_bootstrap	mtDNA_position	False	paired nonparametric bootstrap of whole mtDNA positions
protein_coding	expanded_neutral_like_T95	T[A>C]C	131	0.00018494876165880316	0.00017421320546307244	3.3888333565312665e-05	0.0004441477669069008	11341	131	2.052248515465748	0.6886617100371747	0.00018494876165880316	0.00017421320546307244	3.3888333565312665e-05	0.0004441477669069008	0.9	4000	position_bootstrap	mtDNA_position	False	paired nonparametric bootstrap of whole mtDNA positions
protein_coding	expanded_neutral_like_T95	G[A>C]C	43	2.7253911761905418e-05	2.6905434292643488e-05	1.7325994965159478e-05	4.030967399876083e-05	11341	43	18.788990825688074	0.171875	2.7253911761905418e-05	2.6905434292643488e-05	1.7325994965159478e-05	4.030967399876083e-05	0.9	4000	position_bootstrap	mtDNA_position	False	paired nonparametric bootstrap of whole mtDNA positions
protein_coding	expanded_neutral_like_T95	C[A>C]C	96	7.713850198449319e-05	7.456764943186663e-05	4.488386608005148e-05	0.00012527014675859114	11341	96	11.337503952301368	0.2634730538922156	7.713850198449319e-05	7.456764943186663e-05	4.488386608005148e-05	0.00012527014675859114	0.9	4000	position_bootstrap	mtDNA_position	False	paired nonparametric bootstrap of whole mtDNA positions
protein_coding	expanded_neutral_like_T95	A[A>C]C	73	8.021788330123942e-05	7.645008584129741e-05	1.4289053536995829e-05	0.0002076192670927996	11341	73	1.7553204560298525	0.7523992322456814	8.021788330123942e-05	7.645008584129741e-05	1.4289053536995829e-05	0.0002076192670927996	0.9	4000	position_bootstrap	mtDNA_position	False	paired nonparametric bootstrap of whole mtDNA positions
protein_coding	expanded_neutral_like_T95	T[A>C]A	190	4.091307420875323e-05	4.089505487266428e-05	3.2142094370741966e-05	5.373289896330166e-05	11341	190	94.72321428571449	0.07766990291262135	4.091307420875323e-05	4.089505487266428e-05	3.2142094370741966e-05	5.373289896330166e-05	0.9	4000	position_bootstrap	mtDNA_position	False	paired nonparametric bootstrap of whole mtDNA positions
protein_coding	expanded_neutral_like_T95	G[A>C]A	48	3.1642551736995304e-05	3.014915224732717e-05	1.5350306985691496e-05	5.821434962828395e-05	11341	48	6.0806302131603385	0.3950617283950617	3.1642551736995304e-05	3.014915224732717e-05	1.5350306985691496e-05	5.821434962828395e-05	0.9	4000	position_bootstrap	mtDNA_position	False	paired nonparametric bootstrap of whole mtDNA positions
protein_coding	expanded_neutral_like_T95	C[A>C]A	105	0.0001167414278618006	0.00010986478930553901	3.7692392492865057e-05	0.000231300726535834	11341	105	4.286238074896768	0.4207492795389049	0.0001167414278618006	0.00010986478930553901	3.7692392492865057e-05	0.000231300726535834	0.9	4000	position_bootstrap	mtDNA_position	False	paired nonparametric bootstrap of whole mtDNA positions
protein_coding	expanded_neutral_like_T95	A[A>C]A	76	1.4408986109250878e-05	1.439704650107909e-05	1.0607381369151316e-05	1.9431120253608006e-05	11341	76	54.22580645161294	0.08536585365853659	1.4408986109250878e-05	1.439704650107909e-05	1.0607381369151316e-05	1.9431120253608006e-05	0.9	4000	position_bootstrap	mtDNA_position	False	paired nonparametric bootstrap of whole mtDNA positions
protein_coding	unlabeled_out_of_neutral_domain_T95	A[C>A]A	180	2.9238249409518378e-05	2.9402356579439157e-05	2.3242499338272166e-05	3.710041396779262e-05	11341	180	179.99999999999952	0.005555555555555556	2.9238249409518378e-05	2.9402356579439157e-05	2.3242499338272166e-05	3.710041396779262e-05	0.9	4000	position_bootstrap	mtDNA_position	False	paired nonparametric bootstrap of whole mtDNA positions
protein_coding	unlabeled_out_of_neutral_domain_T95	A[C>A]C	216	3.180411635872817e-05	3.1752086243804284e-05	2.536315657097471e-05	4.047173135025327e-05	11341	216	214.0720720720726	0.009174311926605505	3.180411635872817e-05	3.1752086243804284e-05	2.536315657097471e-05	4.047173135025327e-05	0.9	4000	position_bootstrap	mtDNA_position	False	paired nonparametric bootstrap of whole mtDNA positions
protein_coding	unlabeled_out_of_neutral_domain_T95	A[C>A]G	35	1.9932501354480902e-05	1.9908785257788345e-05	1.3722474556953497e-05	2.7905647836985247e-05	11341	35	35.00000000000002	0.02857142857142857	1.9932501354480902e-05	1.9908785257788345e-05	1.3722474556953497e-05	2.7905647836985247e-05	0.9	4000	position_bootstrap	mtDNA_position	False	paired nonparametric bootstrap of whole mtDNA positions
protein_coding	unlabeled_out_of_neutral_domain_T95	A[C>A]T	177	2.8045978572485797e-05	2.8161565503975035e-05	2.2284340386530982e-05	3.576919297078324e-05	11341	177	176.02222222222255	0.011235955056179775	2.8045978572485797e-05	2.8161565503975035e-05	2.2284340386530982e-05	3.576919297078324e-05	0.9	4000	position_bootstrap	mtDNA_position	False	paired nonparametric bootstrap of whole mtDNA positions
protein_coding	unlabeled_out_of_neutral_domain_T95	C[C>A]A	136	2.1901073154918683e-05	2.1944584745707996e-05	1.699835067655429e-05	2.823405094792288e-05	11341	136	127.95364238410582	0.02877697841726619	2.1901073154918683e-05	2.1944584745707996e-05	1.699835067655429e-05	2.823405094792288e-05	0.9	4000	position_bootstrap	mtDNA_position	False	paired nonparametric bootstrap of whole mtDNA positions
protein_coding	unlabeled_out_of_neutral_domain_T95	C[C>A]C	215	2.5633168408527178e-05	2.5752108052284798e-05	2.037192626902052e-05	3.23853136004284e-05	11341	215	210.28318584070843	0.013761467889908258	2.5633168408527178e-05	2.5752108052284798e-05	2.037192626902052e-05	3.23853136004284e-05	0.9	4000	position_bootstrap	mtDNA_position	False	paired nonparametric bootstrap of whole mtDNA positions
protein_coding	unlabeled_out_of_neutral_domain_T95	C[C>A]G	24	1.246641842955289e-05	1.2483697382043912e-05	8.154295396399531e-06	1.7883678386531637e-05	11341	24	23.999999999999993	0.041666666666666664	1.246641842955289e-05	1.2483697382043912e-05	8.154295396399531e-06	1.7883678386531637e-05	0.9	4000	position_bootstrap	mtDNA_position	False	paired nonparametric bootstrap of whole mtDNA positions
protein_coding	unlabeled_out_of_neutral_domain_T95	C[C>A]T	227	2.7058691862482626e-05	2.712420584913823e-05	2.1581311609111133e-05	3.427635058857942e-05	11341	227	195.55892255892314	0.024896265560165973	2.7058691862482626e-05	2.712420584913823e-05	2.1581311609111133e-05	3.427635058857942e-05	0.9	4000	position_bootstrap	mtDNA_position	False	paired nonparametric bootstrap of whole mtDNA positions
protein_coding	unlabeled_out_of_neutral_domain_T95	G[C>A]A	95	3.3763216580039075e-05	3.3837287141176445e-05	2.598298098497278e-05	4.4217678168040564e-05	11341	95	95.00000000000011	0.010526315789473684	3.3763216580039075e-05	3.3837287141176445e-05	2.598298098497278e-05	4.4217678168040564e-05	0.9	4000	position_bootstrap	mtDNA_position	False	paired nonparametric bootstrap of whole mtDNA positions
protein_coding	unlabeled_out_of_neutral_domain_T95	G[C>A]C	158	3.684162750351323e-05	3.694810081502301e-05	2.9130820048300038e-05	4.6946026875645787e-05	11341	158	157.02484472049687	0.012578616352201259	3.684162750351323e-05	3.694810081502301e-05	2.9130820048300038e-05	4.6946026875645787e-05	0.9	4000	position_bootstrap	mtDNA_position	False	paired nonparametric bootstrap of whole mtDNA positions
protein_coding	unlabeled_out_of_neutral_domain_T95	G[C>A]G	13	1.6607852479911117e-05	1.6620128130039734e-05	9.197691096282542e-06	2.5984180883587674e-05	11341	13	12.999999999999996	0.07692307692307693	1.6607852479911117e-05	1.6620128130039734e-05	9.197691096282542e-06	2.5984180883587674e-05	0.9	4000	position_bootstrap	mtDNA_position	False	paired nonparametric bootstrap of whole mtDNA positions
protein_coding	unlabeled_out_of_neutral_domain_T95	G[C>A]T	70	2.8280301067041283e-05	2.8199161755658996e-05	2.1111163992427082e-05	3.731318937851372e-05	11341	70	69.99999999999991	0.014285714285714285	2.8280301067041283e-05	2.8199161755658996e-05	2.1111163992427082e-05	3.731318937851372e-05	0.9	4000	position_bootstrap	mtDNA_position	False	paired nonparametric bootstrap of whole mtDNA positions
protein_coding	unlabeled_out_of_neutral_domain_T95	T[C>A]A	111	1.7846271620877796e-05	1.792213245149338e-05	1.3858896897061296e-05	2.3143335922581596e-05	11341	111	110.99999999999991	0.009009009009009009	1.7846271620877796e-05	1.792213245149338e-05	1.3858896897061296e-05	2.3143335922581596e-05	0.9	4000	position_bootstrap	mtDNA_position	False	paired nonparametric bootstrap of whole mtDNA positions
protein_coding	unlabeled_out_of_neutral_domain_T95	T[C>A]C	117	2.0971237340559484e-05	2.103075798097865e-05	1.6174469055025755e-05	2.7262220383339837e-05	11341	117	93.38823529411775	0.047619047619047616	2.0971237340559484e-05	2.103075798097865e-05	1.6174469055025755e-05	2.7262220383339837e-05	0.9	4000	position_bootstrap	mtDNA_position	False	paired nonparametric bootstrap of whole mtDNA positions
protein_coding	unlabeled_out_of_neutral_domain_T95	T[C>A]G	26	1.280188628659815e-05	1.267068723861131e-05	8.32218253461782e-06	1.8445664293303058e-05	11341	26	25.999999999999993	0.038461538461538464	1.280188628659815e-05	1.267068723861131e-05	8.32218253461782e-06	1.8445664293303058e-05	0.9	4000	position_bootstrap	mtDNA_position	False	paired nonparametric bootstrap of whole mtDNA positions
protein_coding	unlabeled_out_of_neutral_domain_T95	T[C>A]T	88	1.9841100113701978e-05	1.9870718276655216e-05	1.4922701985496894e-05	2.6215914326131526e-05	11341	88	69.36000000000007	0.049019607843137254	1.9841100113701978e-05	1.9870718276655216e-05	1.4922701985496894e-05	2.6215914326131526e-05	0.9	4000	position_bootstrap	mtDNA_position	False	paired nonparametric bootstrap of whole mtDNA positions
protein_coding	unlabeled_out_of_neutral_domain_T95	T[G>T]T	43	2.9890377031152244e-05	2.9847841537009064e-05	2.1349623426621645e-05	4.078450781444138e-05	11341	43	42.999999999999964	0.023255813953488372	2.9890377031152244e-05	2.9847841537009064e-05	2.1349623426621645e-05	4.078450781444138e-05	0.9	4000	position_bootstrap	mtDNA_position	False	paired nonparametric bootstrap of whole mtDNA positions
protein_coding	unlabeled_out_of_neutral_domain_T95	G[G>T]T	38	3.0444120712848793e-05	3.057595384370509e-05	2.136024204797796e-05	4.2075294020080844e-05	11341	38	37.999999999999986	0.02631578947368421	3.0444120712848793e-05	3.057595384370509e-05	2.136024204797796e-05	4.2075294020080844e-05	0.9	4000	position_bootstrap	mtDNA_position	False	paired nonparametric bootstrap of whole mtDNA positions
protein_coding	unlabeled_out_of_neutral_domain_T95	C[G>T]T	44	3.999642579481553e-05	4.016329846283133e-05	2.8581922065534382e-05	5.4715937246173155e-05	11341	44	44.00000000000004	0.022727272727272728	3.999642579481553e-05	4.016329846283133e-05	2.8581922065534382e-05	5.4715937246173155e-05	0.9	4000	position_bootstrap	mtDNA_position	False	paired nonparametric bootstrap of whole mtDNA positions
protein_coding	unlabeled_out_of_neutral_domain_T95	A[G>T]T	75	3.8534105879392426e-05	3.848757657970676e-05	2.9012775267762394e-05	5.055803840806749e-05	11341	75	74.9999999999999	0.013333333333333334	3.8534105879392426e-05	3.848757657970676e-05	2.9012775267762394e-05	5.055803840806749e-05	0.9	4000	position_bootstrap	mtDNA_position	False	paired nonparametric bootstrap of whole mtDNA positions
protein_coding	unlabeled_out_of_neutral_domain_T95	T[G>T]G	47	2.7770245637082144e-05	2.777203840711116e-05	1.999540897780592e-05	3.774552298686095e-05	11341	47	47.00000000000002	0.02127659574468085	2.7770245637082144e-05	2.777203840711116e-05	1.999540897780592e-05	3.774552298686095e-05	0.9	4000	position_bootstrap	mtDNA_position	False	paired nonparametric bootstrap of whole mtDNA positions
protein_coding	unlabeled_out_of_neutral_domain_T95	G[G>T]G	55	3.561325584469875e-05	3.5741884984200636e-05	2.6337490567688053e-05	4.7594213451627384e-05	11341	55	55.000000000000036	0.01818181818181818	3.561325584469875e-05	3.5741884984200636e-05	2.6337490567688053e-05	4.7594213451627384e-05	0.9	4000	position_bootstrap	mtDNA_position	False	paired nonparametric bootstrap of whole mtDNA positions
protein_coding	unlabeled_out_of_neutral_domain_T95	C[G>T]G	52	4.237865805218698e-05	4.2313943894388587e-05	3.099080869706725e-05	5.705196140847367e-05	11341	52	52.00000000000003	0.019230769230769232	4.237865805218698e-05	4.2313943894388587e-05	3.099080869706725e-05	5.705196140847367e-05	0.9	4000	position_bootstrap	mtDNA_position	False	paired nonparametric bootstrap of whole mtDNA positions
protein_coding	unlabeled_out_of_neutral_domain_T95	A[G>T]G	106	4.210471714687226e-05	4.2257711353160904e-05	3.2647887458464335e-05	5.478920088014047e-05	11341	106	106.00000000000013	0.009433962264150943	4.210471714687226e-05	4.2257711353160904e-05	3.2647887458464335e-05	5.478920088014047e-05	0.9	4000	position_bootstrap	mtDNA_position	False	paired nonparametric bootstrap of whole mtDNA positions
protein_coding	unlabeled_out_of_neutral_domain_T95	T[G>T]C	45	2.594003225051783e-05	2.5892277041257426e-05	1.8713615931023783e-05	3.532112701331582e-05	11341	45	44.99999999999996	0.022222222222222223	2.594003225051783e-05	2.5892277041257426e-05	1.8713615931023783e-05	3.532112701331582e-05	0.9	4000	position_bootstrap	mtDNA_position	False	paired nonparametric bootstrap of whole mtDNA positions
protein_coding	unlabeled_out_of_neutral_domain_T95	G[G>T]C	107	4.446443946218706e-05	4.473130172563794e-05	3.442720255825928e-05	5.779747682762572e-05	11341	107	94.05343511450384	0.04504504504504504	4.446443946218706e-05	4.473130172563794e-05	3.442720255825928e-05	5.779747682762572e-05	0.9	4000	position_bootstrap	mtDNA_position	False	paired nonparametric bootstrap of whole mtDNA positions
protein_coding	unlabeled_out_of_neutral_domain_T95	C[G>T]C	93	3.911876127894183e-05	3.9209321329313374e-05	2.9837869817088055e-05	5.146403794047503e-05	11341	93	85.33333333333353	0.041666666666666664	3.911876127894183e-05	3.9209321329313374e-05	2.9837869817088055e-05	5.146403794047503e-05	0.9	4000	position_bootstrap	mtDNA_position	False	paired nonparametric bootstrap of whole mtDNA positions
protein_coding	unlabeled_out_of_neutral_domain_T95	A[G>T]C	157	4.5119934884234046e-05	4.5421987862321666e-05	3.55579724829832e-05	5.779833706216807e-05	11341	157	134.40000000000032	0.02976190476190476	4.5119934884234046e-05	4.5421987862321666e-05	3.55579724829832e-05	5.779833706216807e-05	0.9	4000	position_bootstrap	mtDNA_position	False	paired nonparametric bootstrap of whole mtDNA positions
protein_coding	unlabeled_out_of_neutral_domain_T95	T[G>T]A	117	3.8586533234330375e-05	3.859671791896411e-05	2.9888841919121058e-05	5.039366881706287e-05	11341	117	112.50000000000016	0.025	3.8586533234330375e-05	3.859671791896411e-05	2.9888841919121058e-05	5.039366881706287e-05	0.9	4000	position_bootstrap	mtDNA_position	False	paired nonparametric bootstrap of whole mtDNA positions
protein_coding	unlabeled_out_of_neutral_domain_T95	G[G>T]A	76	4.6086790631753344e-05	4.628929393371281e-05	3.4964526858380836e-05	6.120915914950446e-05	11341	76	72.4285714285715	0.038461538461538464	4.6086790631753344e-05	4.628929393371281e-05	3.4964526858380836e-05	6.120915914950446e-05	0.9	4000	position_bootstrap	mtDNA_position	False	paired nonparametric bootstrap of whole mtDNA positions
protein_coding	unlabeled_out_of_neutral_domain_T95	C[G>T]A	72	4.201644729960418e-05	4.23092121011821e-05	3.17195153202979e-05	5.5568689137215657e-05	11341	72	71.99999999999986	0.013888888888888888	4.201644729960418e-05	4.23092121011821e-05	3.17195153202979e-05	5.5568689137215657e-05	0.9	4000	position_bootstrap	mtDNA_position	False	paired nonparametric bootstrap of whole mtDNA positions
protein_coding	unlabeled_out_of_neutral_domain_T95	A[G>T]A	77	4.5517817907904536e-05	4.5655078613568166e-05	3.439925360564061e-05	5.97801605108321e-05	11341	77	76.05000000000008	0.02564102564102564	4.5517817907904536e-05	4.5655078613568166e-05	3.439925360564061e-05	5.97801605108321e-05	0.9	4000	position_bootstrap	mtDNA_position	False	paired nonparametric bootstrap of whole mtDNA positions
protein_coding	unlabeled_out_of_neutral_domain_T95	A[C>G]A	183	2.9725553566343684e-05	2.986302401317753e-05	2.3648982567001413e-05	3.779500427920172e-05	11341	183	183.00000000000026	0.00546448087431694	2.9725553566343684e-05	2.986302401317753e-05	2.3648982567001413e-05	3.779500427920172e-05	0.9	4000	position_bootstrap	mtDNA_position	False	paired nonparametric bootstrap of whole mtDNA positions
protein_coding	unlabeled_out_of_neutral_domain_T95	A[C>G]C	212	3.31171303368408e-05	3.3072661609700366e-05	2.616742973223573e-05	4.217142242650989e-05	11341	212	177.0756013745704	0.02643171806167401	3.31171303368408e-05	3.3072661609700366e-05	2.616742973223573e-05	4.217142242650989e-05	0.9	4000	position_bootstrap	mtDNA_position	False	paired nonparametric bootstrap of whole mtDNA positions
protein_coding	unlabeled_out_of_neutral_domain_T95	A[C>G]G	34	1.936300131578145e-05	1.9374422864630964e-05	1.3353474596106698e-05	2.713144863041162e-05	11341	34	34.000000000000014	0.029411764705882353	1.936300131578145e-05	1.9374422864630964e-05	1.3353474596106698e-05	2.713144863041162e-05	0.9	4000	position_bootstrap	mtDNA_position	False	paired nonparametric bootstrap of whole mtDNA positions
protein_coding	unlabeled_out_of_neutral_domain_T95	A[C>G]T	190	3.0251842055715014e-05	3.0413344510985815e-05	2.4113156533427175e-05	3.8499157299956926e-05	11341	190	188.08163265306172	0.010416666666666666	3.0251842055715014e-05	3.0413344510985815e-05	2.4113156533427175e-05	3.8499157299956926e-05	0.9	4000	position_bootstrap	mtDNA_position	False	paired nonparametric bootstrap of whole mtDNA positions
protein_coding	unlabeled_out_of_neutral_domain_T95	C[C>G]A	140	2.2058634832292198e-05	2.2134090249104863e-05	1.7252972917762884e-05	2.8423828844363723e-05	11341	140	140.0000000000002	0.007142857142857143	2.2058634832292198e-05	2.2134090249104863e-05	1.7252972917762884e-05	2.8423828844363723e-05	0.9	4000	position_bootstrap	mtDNA_position	False	paired nonparametric bootstrap of whole mtDNA positions
protein_coding	unlabeled_out_of_neutral_domain_T95	C[C>G]C	221	2.5985918432497737e-05	2.6153290492753345e-05	2.063470295533672e-05	3.2823207288992056e-05	11341	221	221.00000000000014	0.004524886877828055	2.5985918432497737e-05	2.6153290492753345e-05	2.063470295533672e-05	3.2823207288992056e-05	0.9	4000	position_bootstrap	mtDNA_position	False	paired nonparametric bootstrap of whole mtDNA positions
protein_coding	unlabeled_out_of_neutral_domain_T95	C[C>G]G	24	1.246641842955289e-05	1.2483697382043912e-05	8.154295396399531e-06	1.7883678386531637e-05	11341	24	23.999999999999993	0.041666666666666664	1.246641842955289e-05	1.2483697382043912e-05	8.154295396399531e-06	1.7883678386531637e-05	0.9	4000	position_bootstrap	mtDNA_position	False	paired nonparametric bootstrap of whole mtDNA positions
protein_coding	unlabeled_out_of_neutral_domain_T95	C[C>G]T	262	2.9416503186599373e-05	2.94900429097603e-05	2.3631431398665032e-05	3.7050384434614784e-05	11341	262	261.99999999999875	0.003816793893129771	2.9416503186599373e-05	2.94900429097603e-05	2.3631431398665032e-05	3.7050384434614784e-05	0.9	4000	position_bootstrap	mtDNA_position	False	paired nonparametric bootstrap of whole mtDNA positions
protein_coding	unlabeled_out_of_neutral_domain_T95	G[C>G]A	95	3.4118618859828964e-05	3.418682967441237e-05	2.6300270491741394e-05	4.460464939466548e-05	11341	95	94.04081632653079	0.020833333333333332	3.4118618859828964e-05	3.418682967441237e-05	2.6300270491741394e-05	4.460464939466548e-05	0.9	4000	position_bootstrap	mtDNA_position	False	paired nonparametric bootstrap of whole mtDNA positions
protein_coding	unlabeled_out_of_neutral_domain_T95	G[C>G]C	158	3.8231877597985426e-05	3.830264786582299e-05	3.0237336445227037e-05	4.908140362967581e-05	11341	158	141.06217616580275	0.030303030303030304	3.8231877597985426e-05	3.830264786582299e-05	3.0237336445227037e-05	4.908140362967581e-05	0.9	4000	position_bootstrap	mtDNA_position	False	paired nonparametric bootstrap of whole mtDNA positions
protein_coding	unlabeled_out_of_neutral_domain_T95	G[C>G]G	11	1.4052798252232483e-05	1.3952110989617402e-05	7.280311076543604e-06	2.2954731273960088e-05	11341	11	11.0	0.09090909090909091	1.4052798252232483e-05	1.3952110989617402e-05	7.280311076543604e-06	2.2954731273960088e-05	0.9	4000	position_bootstrap	mtDNA_position	False	paired nonparametric bootstrap of whole mtDNA positions
protein_coding	unlabeled_out_of_neutral_domain_T95	G[C>G]T	71	2.8684305367999017e-05	2.8605741293248812e-05	2.1470939236563673e-05	3.77521060804529e-05	11341	71	70.99999999999999	0.014084507042253521	2.8684305367999017e-05	2.8605741293248812e-05	2.1470939236563673e-05	3.77521060804529e-05	0.9	4000	position_bootstrap	mtDNA_position	False	paired nonparametric bootstrap of whole mtDNA positions
protein_coding	unlabeled_out_of_neutral_domain_T95	T[C>G]A	111	2.2669588275169096e-05	2.2208646226680046e-05	1.5112078543747937e-05	3.460477923114021e-05	11341	111	18.56302521008403	0.2198581560283688	2.2669588275169096e-05	2.2208646226680046e-05	1.5112078543747937e-05	3.460477923114021e-05	0.9	4000	position_bootstrap	mtDNA_position	False	paired nonparametric bootstrap of whole mtDNA positions
protein_coding	unlabeled_out_of_neutral_domain_T95	T[C>G]C	115	1.9639730207825547e-05	1.9760339127086555e-05	1.524512514640589e-05	2.53651747383631e-05	11341	115	110.50793650793644	0.025423728813559324	1.9639730207825547e-05	1.9760339127086555e-05	1.524512514640589e-05	2.53651747383631e-05	0.9	4000	position_bootstrap	mtDNA_position	False	paired nonparametric bootstrap of whole mtDNA positions
protein_coding	unlabeled_out_of_neutral_domain_T95	T[C>G]G	25	1.2309506044805913e-05	1.2259693531820723e-05	7.920788949769964e-06	1.7887897703402028e-05	11341	25	25.000000000000004	0.04	1.2309506044805913e-05	1.2259693531820723e-05	7.920788949769964e-06	1.7887897703402028e-05	0.9	4000	position_bootstrap	mtDNA_position	False	paired nonparametric bootstrap of whole mtDNA positions
protein_coding	unlabeled_out_of_neutral_domain_T95	T[C>G]T	90	1.7506853041501746e-05	1.751790160992636e-05	1.3454999113169888e-05	2.2866270041803146e-05	11341	90	89.99999999999982	0.011111111111111112	1.7506853041501746e-05	1.751790160992636e-05	1.3454999113169888e-05	2.2866270041803146e-05	0.9	4000	position_bootstrap	mtDNA_position	False	paired nonparametric bootstrap of whole mtDNA positions
protein_coding	unlabeled_out_of_neutral_domain_T95	T[G>C]T	36	2.571962674773565e-05	2.5637726366640642e-05	1.7627987495276433e-05	3.5762234080856824e-05	11341	36	35.102564102564116	0.05405405405405406	2.571962674773565e-05	2.5637726366640642e-05	1.7627987495276433e-05	3.5762234080856824e-05	0.9	4000	position_bootstrap	mtDNA_position	False	paired nonparametric bootstrap of whole mtDNA positions
protein_coding	unlabeled_out_of_neutral_domain_T95	G[G>C]T	36	2.964295964145804e-05	2.9756652200801643e-05	2.0642803349934555e-05	4.0923191122248474e-05	11341	36	35.10256410256412	0.05405405405405406	2.964295964145804e-05	2.9756652200801643e-05	2.0642803349934555e-05	4.0923191122248474e-05	0.9	4000	position_bootstrap	mtDNA_position	False	paired nonparametric bootstrap of whole mtDNA positions
protein_coding	unlabeled_out_of_neutral_domain_T95	C[G>C]T	42	4.272345482628022e-05	4.268514148044922e-05	3.0017196242555084e-05	5.9823163912163485e-05	11341	42	36.21311475409839	0.06382978723404255	4.272345482628022e-05	4.268514148044922e-05	3.0017196242555084e-05	5.9823163912163485e-05	0.9	4000	position_bootstrap	mtDNA_position	False	paired nonparametric bootstrap of whole mtDNA positions
protein_coding	unlabeled_out_of_neutral_domain_T95	A[G>C]T	71	3.956168203617622e-05	3.957431125272599e-05	2.9045289241588373e-05	5.272544403201609e-05	11341	71	54.39449541284417	0.07792207792207792	3.956168203617622e-05	3.957431125272599e-05	2.9045289241588373e-05	5.272544403201609e-05	0.9	4000	position_bootstrap	mtDNA_position	False	paired nonparametric bootstrap of whole mtDNA positions
protein_coding	unlabeled_out_of_neutral_domain_T95	T[G>C]G	46	2.717938934693146e-05	2.7129802274879076e-05	1.9418665188108642e-05	3.6896765374462376e-05	11341	46	45.99999999999999	0.021739130434782608	2.717938934693146e-05	2.7129802274879076e-05	1.9418665188108642e-05	3.6896765374462376e-05	0.9	4000	position_bootstrap	mtDNA_position	False	paired nonparametric bootstrap of whole mtDNA positions
protein_coding	unlabeled_out_of_neutral_domain_T95	G[G>C]G	55	3.561325584469875e-05	3.5741884984200636e-05	2.6337490567688053e-05	4.7594213451627384e-05	11341	55	55.000000000000036	0.01818181818181818	3.561325584469875e-05	3.5741884984200636e-05	2.6337490567688053e-05	4.7594213451627384e-05	0.9	4000	position_bootstrap	mtDNA_position	False	paired nonparametric bootstrap of whole mtDNA positions
protein_coding	unlabeled_out_of_neutral_domain_T95	C[G>C]G	52	4.237865805218698e-05	4.2313943894388587e-05	3.099080869706725e-05	5.705196140847367e-05	11341	52	52.00000000000003	0.019230769230769232	4.237865805218698e-05	4.2313943894388587e-05	3.099080869706725e-05	5.705196140847367e-05	0.9	4000	position_bootstrap	mtDNA_position	False	paired nonparametric bootstrap of whole mtDNA positions
protein_coding	unlabeled_out_of_neutral_domain_T95	A[G>C]G	107	4.2899145772284946e-05	4.3044136708250626e-05	3.328810317527952e-05	5.5844669074595494e-05	11341	107	106.03636363636356	0.018518518518518517	4.2899145772284946e-05	4.3044136708250626e-05	3.328810317527952e-05	5.5844669074595494e-05	0.9	4000	position_bootstrap	mtDNA_position	False	paired nonparametric bootstrap of whole mtDNA positions
protein_coding	unlabeled_out_of_neutral_domain_T95	T[G>C]C	43	2.7669367733885686e-05	2.7557966354714227e-05	1.925076592847227e-05	3.8444225820467265e-05	11341	43	34.909090909090935	0.08333333333333333	2.7669367733885686e-05	2.7557966354714227e-05	1.925076592847227e-05	3.8444225820467265e-05	0.9	4000	position_bootstrap	mtDNA_position	False	paired nonparametric bootstrap of whole mtDNA positions
protein_coding	unlabeled_out_of_neutral_domain_T95	G[G>C]C	102	5.487953339026691e-05	5.4636403302772834e-05	3.959290450479078e-05	7.527921686435285e-05	11341	102	42.94965675057212	0.10948905109489052	5.487953339026691e-05	5.4636403302772834e-05	3.959290450479078e-05	7.527921686435285e-05	0.9	4000	position_bootstrap	mtDNA_position	False	paired nonparametric bootstrap of whole mtDNA positions
protein_coding	unlabeled_out_of_neutral_domain_T95	C[G>C]C	96	3.952624837559747e-05	3.964672567315062e-05	3.0400039989767134e-05	5.1697408437545886e-05	11341	96	95.04040404040398	0.020618556701030927	3.952624837559747e-05	3.964672567315062e-05	3.0400039989767134e-05	5.1697408437545886e-05	0.9	4000	position_bootstrap	mtDNA_position	False	paired nonparametric bootstrap of whole mtDNA positions
protein_coding	unlabeled_out_of_neutral_domain_T95	A[G>C]C	151	4.6462790089121965e-05	4.6577225249770873e-05	3.564303371138788e-05	6.1002837040978315e-05	11341	151	76.93830334190251	0.08092485549132948	4.6462790089121965e-05	4.6577225249770873e-05	3.564303371138788e-05	6.1002837040978315e-05	0.9	4000	position_bootstrap	mtDNA_position	False	paired nonparametric bootstrap of whole mtDNA positions
protein_coding	unlabeled_out_of_neutral_domain_T95	T[G>C]A	117	3.8264978790710955e-05	3.834666039370618e-05	2.9595628697088476e-05	4.9741265916339306e-05	11341	117	115.13008130081295	0.01680672268907563	3.8264978790710955e-05	3.834666039370618e-05	2.9595628697088476e-05	4.9741265916339306e-05	0.9	4000	position_bootstrap	mtDNA_position	False	paired nonparametric bootstrap of whole mtDNA positions
protein_coding	unlabeled_out_of_neutral_domain_T95	G[G>C]A	75	4.963192837265745e-05	4.971781974485622e-05	3.728814352764093e-05	6.640772111281452e-05	11341	75	58.799999999999926	0.05952380952380952	4.963192837265745e-05	4.971781974485622e-05	3.728814352764093e-05	6.640772111281452e-05	0.9	4000	position_bootstrap	mtDNA_position	False	paired nonparametric bootstrap of whole mtDNA positions
protein_coding	unlabeled_out_of_neutral_domain_T95	C[G>C]A	70	4.493425613985448e-05	4.51341871769152e-05	3.294367497699973e-05	6.086251985707665e-05	11341	70	49.00000000000011	0.09090909090909091	4.493425613985448e-05	4.51341871769152e-05	3.294367497699973e-05	6.086251985707665e-05	0.9	4000	position_bootstrap	mtDNA_position	False	paired nonparametric bootstrap of whole mtDNA positions
protein_coding	unlabeled_out_of_neutral_domain_T95	A[G>C]A	72	4.2600009067654246e-05	4.2766503417053856e-05	3.2107043134954345e-05	5.607980323456624e-05	11341	72	71.05333333333344	0.0273972602739726	4.2600009067654246e-05	4.2766503417053856e-05	3.2107043134954345e-05	5.607980323456624e-05	0.9	4000	position_bootstrap	mtDNA_position	False	paired nonparametric bootstrap of whole mtDNA positions
protein_coding	unlabeled_out_of_neutral_domain_T95	A[C>T]A	139	2.8913379971634837e-05	2.8970869156381248e-05	2.162834155087149e-05	3.8708797119744854e-05	11341	139	61.403100775193835	0.0898876404494382	2.8913379971634837e-05	2.8970869156381248e-05	2.162834155087149e-05	3.8708797119744854e-05	0.9	4000	position_bootstrap	mtDNA_position	False	paired nonparametric bootstrap of whole mtDNA positions
protein_coding	unlabeled_out_of_neutral_domain_T95	A[C>T]C	143	2.7135622214327703e-05	2.6963426579079927e-05	2.0740428409771797e-05	3.5903639443082135e-05	11341	143	79.71428571428577	0.06451612903225806	2.7135622214327703e-05	2.6963426579079927e-05	2.0740428409771797e-05	3.5903639443082135e-05	0.9	4000	position_bootstrap	mtDNA_position	False	paired nonparametric bootstrap of whole mtDNA positions
protein_coding	unlabeled_out_of_neutral_domain_T95	A[C>T]G	27	1.7654501199683085e-05	1.7600471270794176e-05	1.1252498756424522e-05	2.5800988076975918e-05	11341	27	21.355555555555554	0.12903225806451613	1.7654501199683085e-05	1.7600471270794176e-05	1.1252498756424522e-05	2.5800988076975918e-05	0.9	4000	position_bootstrap	mtDNA_position	False	paired nonparametric bootstrap of whole mtDNA positions
protein_coding	unlabeled_out_of_neutral_domain_T95	A[C>T]T	80	0.02433934011227384	0.02340482835079883	1.2793855679362198e-05	0.06970550739794155	11341	80	1.0012570433529406	0.9993720666774559	0.02433934011227384	0.02340482835079883	1.2793855679362198e-05	0.06970550739794155	0.9	4000	position_bootstrap	mtDNA_position	False	paired nonparametric bootstrap of whole mtDNA positions
protein_coding	unlabeled_out_of_neutral_domain_T95	C[C>T]A	128	2.095570309067759e-05	2.1015685360941232e-05	1.6300332869652506e-05	2.7141443832090478e-05	11341	128	121.99310344827603	0.022556390977443608	2.095570309067759e-05	2.1015685360941232e-05	1.6300332869652506e-05	2.7141443832090478e-05	0.9	4000	position_bootstrap	mtDNA_position	False	paired nonparametric bootstrap of whole mtDNA positions
protein_coding	unlabeled_out_of_neutral_domain_T95	C[C>T]C	193	2.6926585163085894e-05	2.6789157925708315e-05	2.0176649867127215e-05	3.631975764346048e-05	11341	193	57.81808158765148	0.11353711790393013	2.6926585163085894e-05	2.6789157925708315e-05	2.0176649867127215e-05	3.631975764346048e-05	0.9	4000	position_bootstrap	mtDNA_position	False	paired nonparametric bootstrap of whole mtDNA positions
protein_coding	unlabeled_out_of_neutral_domain_T95	C[C>T]G	24	1.246641842955289e-05	1.2483697382043912e-05	8.154295396399531e-06	1.7883678386531637e-05	11341	24	23.999999999999993	0.041666666666666664	1.246641842955289e-05	1.2483697382043912e-05	8.154295396399531e-06	1.7883678386531637e-05	0.9	4000	position_bootstrap	mtDNA_position	False	paired nonparametric bootstrap of whole mtDNA positions
protein_coding	unlabeled_out_of_neutral_domain_T95	C[C>T]T	101	1.2350440269182943e-05	1.2347072162506572e-05	9.392680015183937e-06	1.6234145005702094e-05	11341	101	87.68115942029002	0.03636363636363636	1.2350440269182943e-05	1.2347072162506572e-05	9.392680015183937e-06	1.6234145005702094e-05	0.9	4000	position_bootstrap	mtDNA_position	False	paired nonparametric bootstrap of whole mtDNA positions
protein_coding	unlabeled_out_of_neutral_domain_T95	G[C>T]A	72	3.55402279789885e-05	3.5394256695793955e-05	2.4190660840197164e-05	5.136868111524746e-05	11341	72	25.641025641025593	0.14	3.55402279789885e-05	3.5394256695793955e-05	2.4190660840197164e-05	5.136868111524746e-05	0.9	4000	position_bootstrap	mtDNA_position	False	paired nonparametric bootstrap of whole mtDNA positions
protein_coding	unlabeled_out_of_neutral_domain_T95	G[C>T]C	115	3.7305044201670626e-05	3.7214795585852596e-05	2.8048053387421555e-05	4.9889062066834456e-05	11341	115	63.06812652068143	0.062111801242236024	3.7305044201670626e-05	3.7214795585852596e-05	2.8048053387421555e-05	4.9889062066834456e-05	0.9	4000	position_bootstrap	mtDNA_position	False	paired nonparametric bootstrap of whole mtDNA positions
protein_coding	unlabeled_out_of_neutral_domain_T95	G[C>T]G	9	3.7048286301340174e-05	3.5348878682408465e-05	6.158567064081318e-06	9.287526058212299e-05	11341	9	1.8730512249443194	0.7241379310344828	3.7048286301340174e-05	3.5348878682408465e-05	6.158567064081318e-06	9.287526058212299e-05	0.9	4000	position_bootstrap	mtDNA_position	False	paired nonparametric bootstrap of whole mtDNA positions
protein_coding	unlabeled_out_of_neutral_domain_T95	G[C>T]T	43	1.97962107469289e-05	1.972646543917085e-05	1.3653291334422596e-05	2.736877147285745e-05	11341	43	34.79710144927536	0.08163265306122448	1.97962107469289e-05	1.972646543917085e-05	1.3653291334422596e-05	2.736877147285745e-05	0.9	4000	position_bootstrap	mtDNA_position	False	paired nonparametric bootstrap of whole mtDNA positions
protein_coding	unlabeled_out_of_neutral_domain_T95	T[C>T]A	99	1.688160829001954e-05	1.6973860251916063e-05	1.3004101640959578e-05	2.202662204827044e-05	11341	99	92.64705882352933	0.02857142857142857	1.688160829001954e-05	1.6973860251916063e-05	1.3004101640959578e-05	2.202662204827044e-05	0.9	4000	position_bootstrap	mtDNA_position	False	paired nonparametric bootstrap of whole mtDNA positions
protein_coding	unlabeled_out_of_neutral_domain_T95	T[C>T]C	103	1.9140415033050323e-05	1.9198484249454637e-05	1.4468111609087297e-05	2.5070646167653857e-05	11341	103	77.33918128654963	0.05217391304347826	1.9140415033050323e-05	1.9198484249454637e-05	1.4468111609087297e-05	2.5070646167653857e-05	0.9	4000	position_bootstrap	mtDNA_position	False	paired nonparametric bootstrap of whole mtDNA positions
protein_coding	unlabeled_out_of_neutral_domain_T95	T[C>T]G	22	1.0832365319429203e-05	1.0770817795646933e-05	6.7958305781475065e-06	1.5954086356772427e-05	11341	22	22.0	0.045454545454545456	1.0832365319429203e-05	1.0770817795646933e-05	6.7958305781475065e-06	1.5954086356772427e-05	0.9	4000	position_bootstrap	mtDNA_position	False	paired nonparametric bootstrap of whole mtDNA positions
protein_coding	unlabeled_out_of_neutral_domain_T95	T[C>T]T	52	0.011251848970362521	0.010828165921925936	8.64976234445637e-06	0.03366479751023537	11341	52	1.0019043627451347	0.9990491667242929	0.011251848970362521	0.010828165921925936	8.64976234445637e-06	0.03366479751023537	0.9	4000	position_bootstrap	mtDNA_position	False	paired nonparametric bootstrap of whole mtDNA positions
protein_coding	unlabeled_out_of_neutral_domain_T95	T[G>A]T	26	7.646375519597085e-05	7.275297240970573e-05	2.4344133199652476e-05	0.000162753405667088	11341	26	3.2916213275299278	0.5363636363636364	7.646375519597085e-05	7.275297240970573e-05	2.4344133199652476e-05	0.000162753405667088	0.9	4000	position_bootstrap	mtDNA_position	False	paired nonparametric bootstrap of whole mtDNA positions
protein_coding	unlabeled_out_of_neutral_domain_T95	G[G>A]T	30	2.964295964145804e-05	2.9569273325964964e-05	1.964028730671123e-05	4.2572897252546816e-05	11341	30	24.890909090909087	0.08108108108108109	2.964295964145804e-05	2.9569273325964964e-05	1.964028730671123e-05	4.2572897252546816e-05	0.9	4000	position_bootstrap	mtDNA_position	False	paired nonparametric bootstrap of whole mtDNA positions
protein_coding	unlabeled_out_of_neutral_domain_T95	C[G>A]T	26	0.00011453521932151719	0.00010844780724152716	4.667687167375166e-05	0.00020805112549253556	11341	26	5.88872403560831	0.3412698412698413	0.00011453521932151719	0.00010844780724152716	4.667687167375166e-05	0.00020805112549253556	0.9	4000	position_bootstrap	mtDNA_position	False	paired nonparametric bootstrap of whole mtDNA positions
protein_coding	unlabeled_out_of_neutral_domain_T95	A[G>A]T	32	4.82960793688385e-05	4.776635303122222e-05	2.752974147006388e-05	7.474498381902927e-05	11341	32	13.720496894409932	0.13829787234042554	4.82960793688385e-05	4.776635303122222e-05	2.752974147006388e-05	7.474498381902927e-05	0.9	4000	position_bootstrap	mtDNA_position	False	paired nonparametric bootstrap of whole mtDNA positions
protein_coding	unlabeled_out_of_neutral_domain_T95	T[G>A]G	41	2.5406820476479404e-05	2.542359817878798e-05	1.7999017633177797e-05	3.519005270501948e-05	11341	41	39.34042553191486	0.046511627906976744	2.5406820476479404e-05	2.542359817878798e-05	1.7999017633177797e-05	3.519005270501948e-05	0.9	4000	position_bootstrap	mtDNA_position	False	paired nonparametric bootstrap of whole mtDNA positions
protein_coding	unlabeled_out_of_neutral_domain_T95	G[G>A]G	50	3.755579707259141e-05	3.7778830028853866e-05	2.6804870483813753e-05	5.156871531466932e-05	11341	50	42.050000000000026	0.05172413793103448	3.755579707259141e-05	3.7778830028853866e-05	2.6804870483813753e-05	5.156871531466932e-05	0.9	4000	position_bootstrap	mtDNA_position	False	paired nonparametric bootstrap of whole mtDNA positions
protein_coding	unlabeled_out_of_neutral_domain_T95	C[G>A]G	45	4.156368385887569e-05	4.1381299837052284e-05	2.8927497715739837e-05	5.858789600114377e-05	11341	45	34.679999999999964	0.09803921568627451	4.156368385887569e-05	4.1381299837052284e-05	2.8927497715739837e-05	5.858789600114377e-05	0.9	4000	position_bootstrap	mtDNA_position	False	paired nonparametric bootstrap of whole mtDNA positions
protein_coding	unlabeled_out_of_neutral_domain_T95	A[G>A]G	91	5.322671790264984e-05	5.316644633818429e-05	3.7934774196859914e-05	7.374637245805924e-05	11341	91	41.37327188940086	0.08955223880597014	5.322671790264984e-05	5.316644633818429e-05	3.7934774196859914e-05	7.374637245805924e-05	0.9	4000	position_bootstrap	mtDNA_position	False	paired nonparametric bootstrap of whole mtDNA positions
protein_coding	unlabeled_out_of_neutral_domain_T95	T[G>A]C	33	5.822096127338446e-05	5.474146407210191e-05	1.7953173610872866e-05	0.0001246039594330855	11341	33	2.9389225007202526	0.5742574257425742	5.822096127338446e-05	5.474146407210191e-05	1.7953173610872866e-05	0.0001246039594330855	0.9	4000	position_bootstrap	mtDNA_position	False	paired nonparametric bootstrap of whole mtDNA positions
protein_coding	unlabeled_out_of_neutral_domain_T95	G[G>A]C	93	0.00010575326142358002	0.00010026409796267627	4.883108967186719e-05	0.0001946076960560768	11341	93	5.672798307016116	0.4015151515151515	0.00010575326142358002	0.00010026409796267627	4.883108967186719e-05	0.0001946076960560768	0.9	4000	position_bootstrap	mtDNA_position	False	paired nonparametric bootstrap of whole mtDNA positions
protein_coding	unlabeled_out_of_neutral_domain_T95	C[G>A]C	64	7.049526772142642e-05	6.932084064314168e-05	4.408693601802569e-05	0.00010966496070583262	11341	64	15.69428421604615	0.2023121387283237	7.049526772142642e-05	6.932084064314168e-05	4.408693601802569e-05	0.00010966496070583262	0.9	4000	position_bootstrap	mtDNA_position	False	paired nonparametric bootstrap of whole mtDNA positions
protein_coding	unlabeled_out_of_neutral_domain_T95	A[G>A]C	100	9.453700642410942e-05	9.157055506157056e-05	5.428455474677589e-05	0.00015072415809449675	11341	100	12.37060702875398	0.22443181818181818	9.453700642410942e-05	9.157055506157056e-05	5.428455474677589e-05	0.00015072415809449675	0.9	4000	position_bootstrap	mtDNA_position	False	paired nonparametric bootstrap of whole mtDNA positions
protein_coding	unlabeled_out_of_neutral_domain_T95	T[G>A]A	114	5.241337430996542e-05	5.076704520509855e-05	3.3384193649249174e-05	8.240742452333075e-05	11341	114	15.156303479749019	0.24539877300613497	5.241337430996542e-05	5.076704520509855e-05	3.3384193649249174e-05	8.240742452333075e-05	0.9	4000	position_bootstrap	mtDNA_position	False	paired nonparametric bootstrap of whole mtDNA positions
protein_coding	unlabeled_out_of_neutral_domain_T95	G[G>A]A	74	6.735761707717797e-05	6.679842550235809e-05	4.4090094781011015e-05	9.832734331933376e-05	11341	74	23.458483754512653	0.12280701754385964	6.735761707717797e-05	6.679842550235809e-05	4.4090094781011015e-05	9.832734331933376e-05	0.9	4000	position_bootstrap	mtDNA_position	False	paired nonparametric bootstrap of whole mtDNA positions
protein_coding	unlabeled_out_of_neutral_domain_T95	C[G>A]A	56	4.668494144400465e-05	4.681184198507072e-05	3.307664639291659e-05	6.475731446661628e-05	11341	56	35.955056179775276	0.075	4.668494144400465e-05	4.681184198507072e-05	3.307664639291659e-05	6.475731446661628e-05	0.9	4000	position_bootstrap	mtDNA_position	False	paired nonparametric bootstrap of whole mtDNA positions
protein_coding	unlabeled_out_of_neutral_domain_T95	A[G>A]A	57	3.968220022740395e-05	3.958089741178896e-05	2.8696312521843017e-05	5.3739042416385e-05	11341	57	46.24000000000001	0.058823529411764705	3.968220022740395e-05	3.958089741178896e-05	2.8696312521843017e-05	5.3739042416385e-05	0.9	4000	position_bootstrap	mtDNA_position	False	paired nonparametric bootstrap of whole mtDNA positions
protein_coding	unlabeled_out_of_neutral_domain_T95	A[T>A]A	214	4.097874270399904e-05	4.119545503086417e-05	3.281034625079663e-05	5.205680321429333e-05	11341	214	213.01843317972242	0.009302325581395349	4.097874270399904e-05	4.119545503086417e-05	3.281034625079663e-05	5.205680321429333e-05	0.9	4000	position_bootstrap	mtDNA_position	False	paired nonparametric bootstrap of whole mtDNA positions
protein_coding	unlabeled_out_of_neutral_domain_T95	A[T>A]C	252	4.240755784627604e-05	4.24881182431152e-05	3.409625508807957e-05	5.3535808272737696e-05	11341	252	251.01568627450837	0.007905138339920948	4.240755784627604e-05	4.24881182431152e-05	3.409625508807957e-05	5.3535808272737696e-05	0.9	4000	position_bootstrap	mtDNA_position	False	paired nonparametric bootstrap of whole mtDNA positions
protein_coding	unlabeled_out_of_neutral_domain_T95	A[T>A]G	93	3.6330337179513124e-05	3.6674151869754045e-05	2.7917030551413142e-05	4.7425990985939184e-05	11341	93	92.9999999999999	0.010752688172043012	3.6330337179513124e-05	3.6674151869754045e-05	2.7917030551413142e-05	4.7425990985939184e-05	0.9	4000	position_bootstrap	mtDNA_position	False	paired nonparametric bootstrap of whole mtDNA positions
protein_coding	unlabeled_out_of_neutral_domain_T95	A[T>A]T	217	4.227264514899202e-05	4.2427051726870514e-05	3.401069393358393e-05	5.372564257134984e-05	11341	217	212.2807017543867	0.013636363636363636	4.227264514899202e-05	4.2427051726870514e-05	3.401069393358393e-05	5.372564257134984e-05	0.9	4000	position_bootstrap	mtDNA_position	False	paired nonparametric bootstrap of whole mtDNA positions
protein_coding	unlabeled_out_of_neutral_domain_T95	C[T>A]A	321	3.755739982938011e-05	3.777387486147242e-05	3.042193260644916e-05	4.731378815821889e-05	11341	321	321.00000000000057	0.003115264797507788	3.755739982938011e-05	3.777387486147242e-05	3.042193260644916e-05	4.731378815821889e-05	0.9	4000	position_bootstrap	mtDNA_position	False	paired nonparametric bootstrap of whole mtDNA positions
protein_coding	unlabeled_out_of_neutral_domain_T95	C[T>A]C	268	3.8884487351812595e-05	3.918830418455185e-05	3.128372167274144e-05	4.944753144417439e-05	11341	268	267.01476014760226	0.007434944237918215	3.8884487351812595e-05	3.918830418455185e-05	3.128372167274144e-05	4.944753144417439e-05	0.9	4000	position_bootstrap	mtDNA_position	False	paired nonparametric bootstrap of whole mtDNA positions
protein_coding	unlabeled_out_of_neutral_domain_T95	C[T>A]G	97	3.697616783523634e-05	3.699581835597449e-05	2.8611607224278923e-05	4.810327998704117e-05	11341	97	96.99999999999994	0.010309278350515464	3.697616783523634e-05	3.699581835597449e-05	2.8611607224278923e-05	4.810327998704117e-05	0.9	4000	position_bootstrap	mtDNA_position	False	paired nonparametric bootstrap of whole mtDNA positions
protein_coding	unlabeled_out_of_neutral_domain_T95	C[T>A]T	183	4.1621381146897735e-05	4.171767791523059e-05	3.204271947116726e-05	5.4444082526284454e-05	11341	183	89.79818594104334	0.08040201005025126	4.1621381146897735e-05	4.171767791523059e-05	3.204271947116726e-05	5.4444082526284454e-05	0.9	4000	position_bootstrap	mtDNA_position	False	paired nonparametric bootstrap of whole mtDNA positions
protein_coding	unlabeled_out_of_neutral_domain_T95	G[T>A]A	81	4.350850863836854e-05	4.3608817718755264e-05	3.287079830231514e-05	5.698456397052722e-05	11341	81	81.00000000000007	0.012345679012345678	4.350850863836854e-05	4.3608817718755264e-05	3.287079830231514e-05	5.698456397052722e-05	0.9	4000	position_bootstrap	mtDNA_position	False	paired nonparametric bootstrap of whole mtDNA positions
protein_coding	unlabeled_out_of_neutral_domain_T95	G[T>A]C	58	3.9165331232845326e-05	3.903581097774631e-05	2.9167131795987346e-05	5.2414561022141304e-05	11341	58	58.000000000000036	0.017241379310344827	3.9165331232845326e-05	3.903581097774631e-05	2.9167131795987346e-05	5.2414561022141304e-05	0.9	4000	position_bootstrap	mtDNA_position	False	paired nonparametric bootstrap of whole mtDNA positions
protein_coding	unlabeled_out_of_neutral_domain_T95	G[T>A]G	30	3.2228524917310035e-05	3.20068630052421e-05	2.1934801309650487e-05	4.525040568329312e-05	11341	30	30.0	0.03333333333333333	3.2228524917310035e-05	3.20068630052421e-05	2.1934801309650487e-05	4.525040568329312e-05	0.9	4000	position_bootstrap	mtDNA_position	False	paired nonparametric bootstrap of whole mtDNA positions
protein_coding	unlabeled_out_of_neutral_domain_T95	G[T>A]T	48	3.336600226733274e-05	3.3290589813886386e-05	2.4166671302643707e-05	4.5557603363818175e-05	11341	48	48.000000000000036	0.020833333333333332	3.336600226733274e-05	3.3290589813886386e-05	2.4166671302643707e-05	4.5557603363818175e-05	0.9	4000	position_bootstrap	mtDNA_position	False	paired nonparametric bootstrap of whole mtDNA positions
protein_coding	unlabeled_out_of_neutral_domain_T95	T[T>A]A	102	2.2850176908197065e-05	2.298199745361771e-05	1.770248918338265e-05	2.950884448252887e-05	11341	102	102.0	0.00980392156862745	2.2850176908197065e-05	2.298199745361771e-05	1.770248918338265e-05	2.950884448252887e-05	0.9	4000	position_bootstrap	mtDNA_position	False	paired nonparametric bootstrap of whole mtDNA positions
protein_coding	unlabeled_out_of_neutral_domain_T95	T[T>A]C	153	3.098271639109468e-05	3.1075947116915016e-05	2.4421260966863017e-05	3.994243605868863e-05	11341	153	144.85714285714306	0.02564102564102564	3.098271639109468e-05	3.1075947116915016e-05	2.4421260966863017e-05	3.994243605868863e-05	0.9	4000	position_bootstrap	mtDNA_position	False	paired nonparametric bootstrap of whole mtDNA positions
protein_coding	unlabeled_out_of_neutral_domain_T95	T[T>A]G	33	1.733178451108673e-05	1.7383968644895884e-05	1.1797270261779386e-05	2.4296522316004662e-05	11341	33	32.999999999999986	0.030303030303030304	1.733178451108673e-05	1.7383968644895884e-05	1.1797270261779386e-05	2.4296522316004662e-05	0.9	4000	position_bootstrap	mtDNA_position	False	paired nonparametric bootstrap of whole mtDNA positions
protein_coding	unlabeled_out_of_neutral_domain_T95	T[T>A]T	123	3.292862021513923e-05	3.302929160515064e-05	2.5590186928316387e-05	4.254656078802282e-05	11341	123	122.03174603174595	0.016129032258064516	3.292862021513923e-05	3.302929160515064e-05	2.5590186928316387e-05	4.254656078802282e-05	0.9	4000	position_bootstrap	mtDNA_position	False	paired nonparametric bootstrap of whole mtDNA positions
protein_coding	unlabeled_out_of_neutral_domain_T95	T[A>T]T	140	2.802480427592176e-05	2.8065507542779346e-05	2.1545086233691047e-05	3.676096961246088e-05	11341	140	92.97520661157034	0.06666666666666667	2.802480427592176e-05	2.8065507542779346e-05	2.1545086233691047e-05	3.676096961246088e-05	0.9	4000	position_bootstrap	mtDNA_position	False	paired nonparametric bootstrap of whole mtDNA positions
protein_coding	unlabeled_out_of_neutral_domain_T95	G[A>T]T	34	2.114643564749816e-05	2.111485573578595e-05	1.4661395363293652e-05	2.9680966160574854e-05	11341	34	34.000000000000014	0.029411764705882353	2.114643564749816e-05	2.111485573578595e-05	1.4661395363293652e-05	2.9680966160574854e-05	0.9	4000	position_bootstrap	mtDNA_position	False	paired nonparametric bootstrap of whole mtDNA positions
protein_coding	unlabeled_out_of_neutral_domain_T95	C[A>T]T	202	3.0505551593722206e-05	3.07623719348861e-05	2.440041886680219e-05	3.863490426827022e-05	11341	202	202.00000000000006	0.0049504950495049506	3.0505551593722206e-05	3.07623719348861e-05	2.440041886680219e-05	3.863490426827022e-05	0.9	4000	position_bootstrap	mtDNA_position	False	paired nonparametric bootstrap of whole mtDNA positions
protein_coding	unlabeled_out_of_neutral_domain_T95	A[A>T]T	183	3.577576909775121e-05	3.5928449779802255e-05	2.8206575931875356e-05	4.5914815828196585e-05	11341	183	142.71647509578568	0.04145077720207254	3.577576909775121e-05	3.5928449779802255e-05	2.8206575931875356e-05	4.5914815828196585e-05	0.9	4000	position_bootstrap	mtDNA_position	False	paired nonparametric bootstrap of whole mtDNA positions
protein_coding	unlabeled_out_of_neutral_domain_T95	T[A>T]G	14	3.6161696446380655e-06	3.5655927246300033e-06	2.058022699893319e-06	5.579942474643143e-06	11341	14	14.0	0.07142857142857142	3.6161696446380655e-06	3.5655927246300033e-06	2.058022699893319e-06	5.579942474643143e-06	0.9	4000	position_bootstrap	mtDNA_position	False	paired nonparametric bootstrap of whole mtDNA positions
protein_coding	unlabeled_out_of_neutral_domain_T95	G[A>T]G	27	1.5564019350310696e-05	1.5430477778435704e-05	1.0380853979746761e-05	2.2303583382935716e-05	11341	27	27.000000000000018	0.037037037037037035	1.5564019350310696e-05	1.5430477778435704e-05	1.0380853979746761e-05	2.2303583382935716e-05	0.9	4000	position_bootstrap	mtDNA_position	False	paired nonparametric bootstrap of whole mtDNA positions
protein_coding	unlabeled_out_of_neutral_domain_T95	C[A>T]G	21	8.412191249602957e-06	8.307885894271393e-06	5.282114328620365e-06	1.2278181813868458e-05	11341	21	21.000000000000014	0.047619047619047616	8.412191249602957e-06	8.307885894271393e-06	5.282114328620365e-06	1.2278181813868458e-05	0.9	4000	position_bootstrap	mtDNA_position	False	paired nonparametric bootstrap of whole mtDNA positions
protein_coding	unlabeled_out_of_neutral_domain_T95	A[A>T]G	38	2.1131801435977398e-05	2.1001488126560484e-05	1.480209905070995e-05	2.9146713802015733e-05	11341	38	37.999999999999986	0.02631578947368421	2.1131801435977398e-05	2.1001488126560484e-05	1.480209905070995e-05	2.9146713802015733e-05	0.9	4000	position_bootstrap	mtDNA_position	False	paired nonparametric bootstrap of whole mtDNA positions
protein_coding	unlabeled_out_of_neutral_domain_T95	T[A>T]C	141	3.283012404909982e-05	3.301734321492521e-05	2.4411985053340035e-05	4.388459090577925e-05	11341	141	58.93537964458799	0.06806282722513089	3.283012404909982e-05	3.301734321492521e-05	2.4411985053340035e-05	4.388459090577925e-05	0.9	4000	position_bootstrap	mtDNA_position	False	paired nonparametric bootstrap of whole mtDNA positions
protein_coding	unlabeled_out_of_neutral_domain_T95	G[A>T]C	65	2.767975413318519e-05	2.767079303928146e-05	2.0646521618450587e-05	3.669786344639633e-05	11341	65	65.00000000000009	0.015384615384615385	2.767975413318519e-05	2.767079303928146e-05	2.0646521618450587e-05	3.669786344639633e-05	0.9	4000	position_bootstrap	mtDNA_position	False	paired nonparametric bootstrap of whole mtDNA positions
protein_coding	unlabeled_out_of_neutral_domain_T95	C[A>T]C	195	3.5258916076744396e-05	3.492214319985992e-05	2.6028123638301852e-05	4.917606446046301e-05	11341	195	42.73920130399348	0.13973799126637554	3.5258916076744396e-05	3.492214319985992e-05	2.6028123638301852e-05	4.917606446046301e-05	0.9	4000	position_bootstrap	mtDNA_position	False	paired nonparametric bootstrap of whole mtDNA positions
protein_coding	unlabeled_out_of_neutral_domain_T95	A[A>T]C	225	3.6028761405930955e-05	3.610693841679719e-05	2.8932814214123858e-05	4.592225872862636e-05	11341	225	204.31343283582075	0.021367521367521368	3.6028761405930955e-05	3.610693841679719e-05	2.8932814214123858e-05	4.592225872862636e-05	0.9	4000	position_bootstrap	mtDNA_position	False	paired nonparametric bootstrap of whole mtDNA positions
protein_coding	unlabeled_out_of_neutral_domain_T95	T[A>T]A	50	1.0128964974011723e-05	1.0154934975751428e-05	7.375108428641289e-06	1.382573771726054e-05	11341	50	49.075471698113134	0.0392156862745098	1.0128964974011723e-05	1.0154934975751428e-05	7.375108428641289e-06	1.382573771726054e-05	0.9	4000	position_bootstrap	mtDNA_position	False	paired nonparametric bootstrap of whole mtDNA positions
protein_coding	unlabeled_out_of_neutral_domain_T95	G[A>T]A	73	2.9298659015736394e-05	2.932828627337353e-05	2.193950073448602e-05	3.871543157580545e-05	11341	73	69.44444444444436	0.04	2.9298659015736394e-05	2.932828627337353e-05	2.193950073448602e-05	3.871543157580545e-05	0.9	4000	position_bootstrap	mtDNA_position	False	paired nonparametric bootstrap of whole mtDNA positions
protein_coding	unlabeled_out_of_neutral_domain_T95	C[A>T]A	172	2.977411056417681e-05	2.9972385929932052e-05	2.358521487896398e-05	3.808624038389558e-05	11341	172	162.32642487046587	0.022598870056497175	2.977411056417681e-05	2.9972385929932052e-05	2.358521487896398e-05	3.808624038389558e-05	0.9	4000	position_bootstrap	mtDNA_position	False	paired nonparametric bootstrap of whole mtDNA positions
protein_coding	unlabeled_out_of_neutral_domain_T95	A[A>T]A	191	3.461671053076125e-05	3.478504352367336e-05	2.7389703423497867e-05	4.4566779054778316e-05	11341	191	162.38075313807522	0.03553299492385787	3.461671053076125e-05	3.478504352367336e-05	2.7389703423497867e-05	4.4566779054778316e-05	0.9	4000	position_bootstrap	mtDNA_position	False	paired nonparametric bootstrap of whole mtDNA positions
protein_coding	unlabeled_out_of_neutral_domain_T95	A[T>C]A	147	6.594718593294729e-05	6.51351126001509e-05	4.3741207499974255e-05	9.762570593843065e-05	11341	147	22.553880934438684	0.17052023121387283	6.594718593294729e-05	6.51351126001509e-05	4.3741207499974255e-05	9.762570593843065e-05	0.9	4000	position_bootstrap	mtDNA_position	False	paired nonparametric bootstrap of whole mtDNA positions
protein_coding	unlabeled_out_of_neutral_domain_T95	A[T>C]C	177	6.570657184087038e-05	6.58787377141207e-05	4.8896686375719215e-05	8.844413375518318e-05	11341	177	58.74006116207948	0.05612244897959184	6.570657184087038e-05	6.58787377141207e-05	4.8896686375719215e-05	8.844413375518318e-05	0.9	4000	position_bootstrap	mtDNA_position	False	paired nonparametric bootstrap of whole mtDNA positions
protein_coding	unlabeled_out_of_neutral_domain_T95	A[T>C]G	73	3.750228354014258e-05	3.731686868453926e-05	2.5820799255748248e-05	5.3472018926363134e-05	11341	73	28.097560975609746	0.15625	3.750228354014258e-05	3.731686868453926e-05	2.5820799255748248e-05	5.3472018926363134e-05	0.9	4000	position_bootstrap	mtDNA_position	False	paired nonparametric bootstrap of whole mtDNA positions
protein_coding	unlabeled_out_of_neutral_domain_T95	A[T>C]T	141	0.006667164733544205	0.006454837062604026	4.438026533360017e-05	0.019983202218572086	11341	141	1.0163353918600306	0.9919303706265491	0.006667164733544205	0.006454837062604026	4.438026533360017e-05	0.019983202218572086	0.9	4000	position_bootstrap	mtDNA_position	False	paired nonparametric bootstrap of whole mtDNA positions
protein_coding	unlabeled_out_of_neutral_domain_T95	C[T>C]A	299	4.457747456384368e-05	4.475924276401975e-05	3.5474568016107904e-05	5.7199880071180244e-05	11341	299	155.2524064171129	0.03412073490813648	4.457747456384368e-05	4.475924276401975e-05	3.5474568016107904e-05	5.7199880071180244e-05	0.9	4000	position_bootstrap	mtDNA_position	False	paired nonparametric bootstrap of whole mtDNA positions
protein_coding	unlabeled_out_of_neutral_domain_T95	C[T>C]C	252	4.163097530602984e-05	4.1884065104723215e-05	3.2922602982238794e-05	5.345116937667016e-05	11341	252	174.98734177215152	0.03125	4.163097530602984e-05	4.1884065104723215e-05	3.2922602982238794e-05	5.345116937667016e-05	0.9	4000	position_bootstrap	mtDNA_position	False	paired nonparametric bootstrap of whole mtDNA positions
protein_coding	unlabeled_out_of_neutral_domain_T95	C[T>C]G	94	3.735736544178517e-05	3.75127643047165e-05	2.873829891089055e-05	4.897357094979384e-05	11341	94	88.9259259259259	0.030612244897959183	3.735736544178517e-05	3.75127643047165e-05	2.873829891089055e-05	4.897357094979384e-05	0.9	4000	position_bootstrap	mtDNA_position	False	paired nonparametric bootstrap of whole mtDNA positions
protein_coding	unlabeled_out_of_neutral_domain_T95	C[T>C]T	117	4.224883915413739e-05	4.17258275797883e-05	2.896299956608356e-05	6.117680405052227e-05	11341	117	25.37562189054724	0.15841584158415842	4.224883915413739e-05	4.17258275797883e-05	2.896299956608356e-05	6.117680405052227e-05	0.9	4000	position_bootstrap	mtDNA_position	False	paired nonparametric bootstrap of whole mtDNA positions
protein_coding	unlabeled_out_of_neutral_domain_T95	G[T>C]A	62	7.35884652278579e-05	7.316949812444194e-05	4.9039978053644566e-05	0.00010314475122667151	11341	62	28.05530642750376	0.0948905109489051	7.35884652278579e-05	7.316949812444194e-05	4.9039978053644566e-05	0.00010314475122667151	0.9	4000	position_bootstrap	mtDNA_position	False	paired nonparametric bootstrap of whole mtDNA positions
protein_coding	unlabeled_out_of_neutral_domain_T95	G[T>C]C	44	0.00019245033450622273	0.00018819852187417765	9.21348473632187e-05	0.00032960585669632587	11341	44	7.979664014146773	0.27017543859649124	0.00019245033450622273	0.00018819852187417765	9.21348473632187e-05	0.00032960585669632587	0.9	4000	position_bootstrap	mtDNA_position	False	paired nonparametric bootstrap of whole mtDNA positions
protein_coding	unlabeled_out_of_neutral_domain_T95	G[T>C]G	23	3.007995658948936e-05	2.947702901604166e-05	1.746911622413158e-05	4.694111980945206e-05	11341	23	13.517241379310342	0.21428571428571427	3.007995658948936e-05	2.947702901604166e-05	1.746911622413158e-05	4.694111980945206e-05	0.9	4000	position_bootstrap	mtDNA_position	False	paired nonparametric bootstrap of whole mtDNA positions
protein_coding	unlabeled_out_of_neutral_domain_T95	G[T>C]T	35	0.00010774438232159528	9.963884743180033e-05	3.5051052413891566e-05	0.0002191840660994031	11341	35	3.6752332874407245	0.4967741935483871	0.00010774438232159528	9.963884743180033e-05	3.5051052413891566e-05	0.0002191840660994031	0.9	4000	position_bootstrap	mtDNA_position	False	paired nonparametric bootstrap of whole mtDNA positions
protein_coding	unlabeled_out_of_neutral_domain_T95	T[T>C]A	79	2.1730070197010934e-05	2.1861898478821846e-05	1.61541168708575e-05	2.8939595476053858e-05	11341	79	58.44099378881985	0.05154639175257732	2.1730070197010934e-05	2.1861898478821846e-05	1.61541168708575e-05	2.8939595476053858e-05	0.9	4000	position_bootstrap	mtDNA_position	False	paired nonparametric bootstrap of whole mtDNA positions
protein_coding	unlabeled_out_of_neutral_domain_T95	T[T>C]C	140	3.594789529992396e-05	3.585431829179785e-05	2.7252424358275556e-05	4.765743437929399e-05	11341	140	72.640798226164	0.06629834254143646	3.594789529992396e-05	3.585431829179785e-05	2.7252424358275556e-05	4.765743437929399e-05	0.9	4000	position_bootstrap	mtDNA_position	False	paired nonparametric bootstrap of whole mtDNA positions
protein_coding	unlabeled_out_of_neutral_domain_T95	T[T>C]G	29	2.258384042353725e-05	2.1687259991062138e-05	1.1614781795298334e-05	3.975450421698871e-05	11341	29	8.145374449339213	0.32558139534883723	2.258384042353725e-05	2.1687259991062138e-05	1.1614781795298334e-05	3.975450421698871e-05	0.9	4000	position_bootstrap	mtDNA_position	False	paired nonparametric bootstrap of whole mtDNA positions
protein_coding	unlabeled_out_of_neutral_domain_T95	T[T>C]T	102	3.6115260881120454e-05	3.6095945576469595e-05	2.720578788696623e-05	4.798534004034828e-05	11341	102	70.5954198473281	0.04411764705882353	3.6115260881120454e-05	3.6095945576469595e-05	2.720578788696623e-05	4.798534004034828e-05	0.9	4000	position_bootstrap	mtDNA_position	False	paired nonparametric bootstrap of whole mtDNA positions
protein_coding	unlabeled_out_of_neutral_domain_T95	T[A>G]T	89	2.989312456098321e-05	2.9781992660263882e-05	2.10284818952258e-05	4.1634649814796625e-05	11341	89	34.97267759562847	0.10625	2.989312456098321e-05	2.9781992660263882e-05	2.10284818952258e-05	4.1634649814796625e-05	0.9	4000	position_bootstrap	mtDNA_position	False	paired nonparametric bootstrap of whole mtDNA positions
protein_coding	unlabeled_out_of_neutral_domain_T95	G[A>G]T	24	2.114643564749816e-05	2.0804109316024904e-05	1.1750837570675828e-05	3.412209863748642e-05	11341	24	11.795918367346939	0.23529411764705882	2.114643564749816e-05	2.0804109316024904e-05	1.1750837570675828e-05	3.412209863748642e-05	0.9	4000	position_bootstrap	mtDNA_position	False	paired nonparametric bootstrap of whole mtDNA positions
protein_coding	unlabeled_out_of_neutral_domain_T95	C[A>G]T	126	2.929741093654509e-05	2.9316461463966962e-05	2.1498203038283577e-05	3.944134317225159e-05	11341	126	56.00595238095248	0.07216494845360824	2.929741093654509e-05	2.9316461463966962e-05	2.1498203038283577e-05	3.944134317225159e-05	0.9	4000	position_bootstrap	mtDNA_position	False	paired nonparametric bootstrap of whole mtDNA positions
protein_coding	unlabeled_out_of_neutral_domain_T95	A[A>G]T	99	0.00023764008281511426	0.00022787956172443146	2.833197722801683e-05	0.0006312555355075526	11341	99	1.4017668742633056	0.84399375975039	0.00023764008281511426	0.00022787956172443146	2.833197722801683e-05	0.0006312555355075526	0.9	4000	position_bootstrap	mtDNA_position	False	paired nonparametric bootstrap of whole mtDNA positions
protein_coding	unlabeled_out_of_neutral_domain_T95	T[A>G]G	11	3.099573981118342e-06	3.0462785721110017e-06	1.6158473282370763e-06	4.975783934197954e-06	11341	11	10.285714285714285	0.16666666666666666	3.099573981118342e-06	3.0462785721110017e-06	1.6158473282370763e-06	4.975783934197954e-06	0.9	4000	position_bootstrap	mtDNA_position	False	paired nonparametric bootstrap of whole mtDNA positions
protein_coding	unlabeled_out_of_neutral_domain_T95	G[A>G]G	24	2.248136128378212e-05	2.1558908017558684e-05	1.1269310588912075e-05	3.821001037737891e-05	11341	24	8.403314917127073	0.3076923076923077	2.248136128378212e-05	2.1558908017558684e-05	1.1269310588912075e-05	3.821001037737891e-05	0.9	4000	position_bootstrap	mtDNA_position	False	paired nonparametric bootstrap of whole mtDNA positions
protein_coding	unlabeled_out_of_neutral_domain_T95	C[A>G]G	18	7.611030178212198e-06	7.534923837067753e-06	4.631163095391463e-06	1.1257134916169774e-05	11341	18	17.19047619047619	0.10526315789473684	7.611030178212198e-06	7.534923837067753e-06	4.631163095391463e-06	1.1257134916169774e-05	0.9	4000	position_bootstrap	mtDNA_position	False	paired nonparametric bootstrap of whole mtDNA positions
protein_coding	unlabeled_out_of_neutral_domain_T95	A[A>G]G	27	2.2800101549344036e-05	2.2530164896117908e-05	1.3923876036123766e-05	3.4102291765111555e-05	11341	27	18.472527472527474	0.0975609756097561	2.2800101549344036e-05	2.2530164896117908e-05	1.3923876036123766e-05	3.4102291765111555e-05	0.9	4000	position_bootstrap	mtDNA_position	False	paired nonparametric bootstrap of whole mtDNA positions
protein_coding	unlabeled_out_of_neutral_domain_T95	T[A>G]C	108	2.6298476332524986e-05	2.6399375615985454e-05	1.9576219400717958e-05	3.515766671700502e-05	11341	108	63.439024390243816	0.05228758169934641	2.6298476332524986e-05	2.6399375615985454e-05	1.9576219400717958e-05	3.515766671700502e-05	0.9	4000	position_bootstrap	mtDNA_position	False	paired nonparametric bootstrap of whole mtDNA positions
protein_coding	unlabeled_out_of_neutral_domain_T95	G[A>G]C	51	3.534491681622109e-05	3.4839266387676494e-05	2.2529212411509718e-05	5.280322344947074e-05	11341	51	18.87397260273974	0.18072289156626506	3.534491681622109e-05	3.4839266387676494e-05	2.2529212411509718e-05	5.280322344947074e-05	0.9	4000	position_bootstrap	mtDNA_position	False	paired nonparametric bootstrap of whole mtDNA positions
protein_coding	unlabeled_out_of_neutral_domain_T95	C[A>G]C	157	0.039261803850382825	0.038051446216020954	3.173413788328311e-05	0.1085323850163402	11341	157	1.0424601038382064	0.9792194448583911	0.039261803850382825	0.038051446216020954	3.173413788328311e-05	0.1085323850163402	0.9	4000	position_bootstrap	mtDNA_position	False	paired nonparametric bootstrap of whole mtDNA positions
protein_coding	unlabeled_out_of_neutral_domain_T95	A[A>G]C	120	0.038541382591330046	0.03694510662947073	3.7074225562460716e-05	0.10744956492891417	11341	120	1.0023210445811916	0.9988414782737227	0.038541382591330046	0.03694510662947073	3.7074225562460716e-05	0.10744956492891417	0.9	4000	position_bootstrap	mtDNA_position	False	paired nonparametric bootstrap of whole mtDNA positions
protein_coding	unlabeled_out_of_neutral_domain_T95	T[A>G]A	32	0.002427972486417516	0.0023298751183303953	4.7532264142195695e-06	0.007267129303072685	11341	32	1.0050907211804798	0.9974642126789366	0.002427972486417516	0.0023298751183303953	4.7532264142195695e-06	0.007267129303072685	0.9	4000	position_bootstrap	mtDNA_position	False	paired nonparametric bootstrap of whole mtDNA positions
protein_coding	unlabeled_out_of_neutral_domain_T95	G[A>G]A	68	3.3205146884501244e-05	3.294229296006277e-05	2.4121880134015753e-05	4.49805335313148e-05	11341	68	47.847682119205295	0.07058823529411765	3.3205146884501244e-05	3.294229296006277e-05	2.4121880134015753e-05	4.49805335313148e-05	0.9	4000	position_bootstrap	mtDNA_position	False	paired nonparametric bootstrap of whole mtDNA positions
protein_coding	unlabeled_out_of_neutral_domain_T95	C[A>G]A	160	2.792374211103588e-05	2.8085274266833995e-05	2.202396593791856e-05	3.5653752246141984e-05	11341	160	149.7608695652169	0.024096385542168676	2.792374211103588e-05	2.8085274266833995e-05	2.202396593791856e-05	3.5653752246141984e-05	0.9	4000	position_bootstrap	mtDNA_position	False	paired nonparametric bootstrap of whole mtDNA positions
protein_coding	unlabeled_out_of_neutral_domain_T95	A[A>G]A	165	3.075088498925492e-05	3.086375819575704e-05	2.4007301772813026e-05	3.9674765867562105e-05	11341	165	126.02880658436243	0.045714285714285714	3.075088498925492e-05	3.086375819575704e-05	2.4007301772813026e-05	3.9674765867562105e-05	0.9	4000	position_bootstrap	mtDNA_position	False	paired nonparametric bootstrap of whole mtDNA positions
protein_coding	unlabeled_out_of_neutral_domain_T95	A[T>G]A	212	4.04069462941758e-05	4.061701534815494e-05	3.2306558901497334e-05	5.143201694008481e-05	11341	212	211.99999999999963	0.0047169811320754715	4.04069462941758e-05	4.061701534815494e-05	3.2306558901497334e-05	5.143201694008481e-05	0.9	4000	position_bootstrap	mtDNA_position	False	paired nonparametric bootstrap of whole mtDNA positions
protein_coding	unlabeled_out_of_neutral_domain_T95	A[T>G]C	244	4.6933265600621696e-05	4.7100932118296e-05	3.6516721695500874e-05	6.102687957851344e-05	11341	244	109.49720670391022	0.06428571428571428	4.6933265600621696e-05	4.7100932118296e-05	3.6516721695500874e-05	6.102687957851344e-05	0.9	4000	position_bootstrap	mtDNA_position	False	paired nonparametric bootstrap of whole mtDNA positions
protein_coding	unlabeled_out_of_neutral_domain_T95	A[T>G]G	94	3.6720985966389615e-05	3.697334586043678e-05	2.8207265211212552e-05	4.7948086732935994e-05	11341	94	94.00000000000017	0.010638297872340425	3.6720985966389615e-05	3.697334586043678e-05	2.8207265211212552e-05	4.7948086732935994e-05	0.9	4000	position_bootstrap	mtDNA_position	False	paired nonparametric bootstrap of whole mtDNA positions
protein_coding	unlabeled_out_of_neutral_domain_T95	A[T>G]T	216	4.16961999878694e-05	4.190669833848782e-05	3.364411143507251e-05	5.28880869054959e-05	11341	216	215.01826484018162	0.009216589861751152	4.16961999878694e-05	4.190669833848782e-05	3.364411143507251e-05	5.28880869054959e-05	0.9	4000	position_bootstrap	mtDNA_position	False	paired nonparametric bootstrap of whole mtDNA positions
protein_coding	unlabeled_out_of_neutral_domain_T95	C[T>G]A	327	3.825940730282646e-05	3.8447769168861226e-05	3.102334985448226e-05	4.8146884933049815e-05	11341	327	326.9999999999975	0.0030581039755351682	3.825940730282646e-05	3.8447769168861226e-05	3.102334985448226e-05	4.8146884933049815e-05	0.9	4000	position_bootstrap	mtDNA_position	False	paired nonparametric bootstrap of whole mtDNA positions
protein_coding	unlabeled_out_of_neutral_domain_T95	C[T>G]C	267	3.917359134699335e-05	3.945720649318037e-05	3.160827477300657e-05	4.989343759852473e-05	11341	267	261.3558718861198	0.01107011070110701	3.917359134699335e-05	3.945720649318037e-05	3.160827477300657e-05	4.989343759852473e-05	0.9	4000	position_bootstrap	mtDNA_position	False	paired nonparametric bootstrap of whole mtDNA positions
protein_coding	unlabeled_out_of_neutral_domain_T95	C[T>G]G	96	3.6594970228687514e-05	3.6653895583945515e-05	2.8250068443704387e-05	4.7617428304545484e-05	11341	96	96.0000000000002	0.010416666666666666	3.6594970228687514e-05	3.6653895583945515e-05	2.8250068443704387e-05	4.7617428304545484e-05	0.9	4000	position_bootstrap	mtDNA_position	False	paired nonparametric bootstrap of whole mtDNA positions
protein_coding	unlabeled_out_of_neutral_domain_T95	C[T>G]T	184	3.869324377977929e-05	3.889402842868136e-05	3.093444586324024e-05	4.910142696152923e-05	11341	184	183.02139037433125	0.010810810810810811	3.869324377977929e-05	3.889402842868136e-05	3.093444586324024e-05	4.910142696152923e-05	0.9	4000	position_bootstrap	mtDNA_position	False	paired nonparametric bootstrap of whole mtDNA positions
protein_coding	unlabeled_out_of_neutral_domain_T95	G[T>G]A	82	4.5119934884234046e-05	4.5138780852895155e-05	3.415639924518651e-05	5.9208428244113334e-05	11341	82	78.39999999999988	0.03571428571428571	4.5119934884234046e-05	4.5138780852895155e-05	3.415639924518651e-05	5.9208428244113334e-05	0.9	4000	position_bootstrap	mtDNA_position	False	paired nonparametric bootstrap of whole mtDNA positions
protein_coding	unlabeled_out_of_neutral_domain_T95	G[T>G]C	58	3.9165331232845326e-05	3.91010092133261e-05	2.9088743601194644e-05	5.252263852966176e-05	11341	58	58.000000000000036	0.017241379310344827	3.9165331232845326e-05	3.91010092133261e-05	2.9088743601194644e-05	5.252263852966176e-05	0.9	4000	position_bootstrap	mtDNA_position	False	paired nonparametric bootstrap of whole mtDNA positions
protein_coding	unlabeled_out_of_neutral_domain_T95	G[T>G]G	31	3.330280908122036e-05	3.321686337887656e-05	2.276343718665988e-05	4.671145880183503e-05	11341	31	30.999999999999993	0.03225806451612903	3.330280908122036e-05	3.321686337887656e-05	2.276343718665988e-05	4.671145880183503e-05	0.9	4000	position_bootstrap	mtDNA_position	False	paired nonparametric bootstrap of whole mtDNA positions
protein_coding	unlabeled_out_of_neutral_domain_T95	G[T>G]T	48	3.336600226733274e-05	3.3290589813886386e-05	2.4166671302643707e-05	4.5557603363818175e-05	11341	48	48.000000000000036	0.020833333333333332	3.336600226733274e-05	3.3290589813886386e-05	2.4166671302643707e-05	4.5557603363818175e-05	0.9	4000	position_bootstrap	mtDNA_position	False	paired nonparametric bootstrap of whole mtDNA positions
protein_coding	unlabeled_out_of_neutral_domain_T95	T[T>G]A	101	2.262615556595984e-05	2.2702057001124446e-05	1.7480968872254532e-05	2.920451889151984e-05	11341	101	100.99999999999974	0.009900990099009901	2.262615556595984e-05	2.2702057001124446e-05	1.7480968872254532e-05	2.920451889151984e-05	0.9	4000	position_bootstrap	mtDNA_position	False	paired nonparametric bootstrap of whole mtDNA positions
protein_coding	unlabeled_out_of_neutral_domain_T95	T[T>G]C	156	3.137993070380103e-05	3.147233231000724e-05	2.470998688952728e-05	4.031319463397034e-05	11341	156	152.2195121951222	0.0189873417721519	3.137993070380103e-05	3.147233231000724e-05	2.470998688952728e-05	4.031319463397034e-05	0.9	4000	position_bootstrap	mtDNA_position	False	paired nonparametric bootstrap of whole mtDNA positions
protein_coding	unlabeled_out_of_neutral_domain_T95	T[T>G]G	33	1.785699010233178e-05	1.787701294961344e-05	1.2185842608973474e-05	2.5057443857893088e-05	11341	33	32.11111111111112	0.058823529411764705	1.785699010233178e-05	1.787701294961344e-05	1.2185842608973474e-05	2.5057443857893088e-05	0.9	4000	position_bootstrap	mtDNA_position	False	paired nonparametric bootstrap of whole mtDNA positions
protein_coding	unlabeled_out_of_neutral_domain_T95	T[T>G]T	124	3.4256387159298075e-05	3.428579808286817e-05	2.6533044430923254e-05	4.46960093766768e-05	11341	124	104.66037735849031	0.046511627906976744	3.4256387159298075e-05	3.428579808286817e-05	2.6533044430923254e-05	4.46960093766768e-05	0.9	4000	position_bootstrap	mtDNA_position	False	paired nonparametric bootstrap of whole mtDNA positions
protein_coding	unlabeled_out_of_neutral_domain_T95	T[A>C]T	142	3.400342918811841e-05	3.34979503771264e-05	2.3413192872487717e-05	5.027068378293789e-05	11341	142	23.425742574257534	0.19230769230769232	3.400342918811841e-05	3.34979503771264e-05	2.3413192872487717e-05	5.027068378293789e-05	0.9	4000	position_bootstrap	mtDNA_position	False	paired nonparametric bootstrap of whole mtDNA positions
protein_coding	unlabeled_out_of_neutral_domain_T95	G[A>C]T	31	2.052448165786586e-05	2.0402617982678457e-05	1.3768368874770314e-05	2.933198266377752e-05	11341	31	27.923076923076916	0.09090909090909091	2.052448165786586e-05	2.0402617982678457e-05	1.3768368874770314e-05	2.933198266377752e-05	0.9	4000	position_bootstrap	mtDNA_position	False	paired nonparametric bootstrap of whole mtDNA positions
protein_coding	unlabeled_out_of_neutral_domain_T95	C[A>C]T	189	3.382793840095928e-05	3.3927079918042686e-05	2.6317394146607644e-05	4.364553142032476e-05	11341	189	103.66942148760285	0.049107142857142856	3.382793840095928e-05	3.3927079918042686e-05	2.6317394146607644e-05	4.364553142032476e-05	0.9	4000	position_bootstrap	mtDNA_position	False	paired nonparametric bootstrap of whole mtDNA positions
protein_coding	unlabeled_out_of_neutral_domain_T95	A[A>C]T	193	3.614650245627713e-05	3.633471573641956e-05	2.867564649467286e-05	4.6081945710051524e-05	11341	193	189.17910447761145	0.015384615384615385	3.614650245627713e-05	3.633471573641956e-05	2.867564649467286e-05	4.6081945710051524e-05	0.9	4000	position_bootstrap	mtDNA_position	False	paired nonparametric bootstrap of whole mtDNA positions
protein_coding	unlabeled_out_of_neutral_domain_T95	T[A>C]G	17	4.391063139917651e-06	4.348023882986173e-06	2.650712657559388e-06	6.57101496439328e-06	11341	17	17.000000000000004	0.058823529411764705	4.391063139917651e-06	4.348023882986173e-06	2.650712657559388e-06	6.57101496439328e-06	0.9	4000	position_bootstrap	mtDNA_position	False	paired nonparametric bootstrap of whole mtDNA positions
protein_coding	unlabeled_out_of_neutral_domain_T95	G[A>C]G	28	1.6140464511433317e-05	1.601468882316711e-05	1.0842542592286438e-05	2.305552047047269e-05	11341	28	27.999999999999986	0.03571428571428571	1.6140464511433317e-05	1.601468882316711e-05	1.0842542592286438e-05	2.305552047047269e-05	0.9	4000	position_bootstrap	mtDNA_position	False	paired nonparametric bootstrap of whole mtDNA positions
protein_coding	unlabeled_out_of_neutral_domain_T95	C[A>C]G	23	9.213352320993716e-06	9.16850120962576e-06	5.909952509004483e-06	1.3371292015348245e-05	11341	23	23.000000000000004	0.043478260869565216	9.213352320993716e-06	9.16850120962576e-06	5.909952509004483e-06	1.3371292015348245e-05	0.9	4000	position_bootstrap	mtDNA_position	False	paired nonparametric bootstrap of whole mtDNA positions
protein_coding	unlabeled_out_of_neutral_domain_T95	A[A>C]G	41	2.2800101549344036e-05	2.2725307016233647e-05	1.6169056930085395e-05	3.1367826907741865e-05	11341	41	41.000000000000014	0.024390243902439025	2.2800101549344036e-05	2.2725307016233647e-05	1.6169056930085395e-05	3.1367826907741865e-05	0.9	4000	position_bootstrap	mtDNA_position	False	paired nonparametric bootstrap of whole mtDNA positions
protein_coding	unlabeled_out_of_neutral_domain_T95	T[A>C]C	144	2.4751507136494105e-05	2.493128000668945e-05	1.953128821265071e-05	3.175902200624428e-05	11341	144	143.99999999999955	0.006944444444444444	2.4751507136494105e-05	2.493128000668945e-05	1.953128821265071e-05	3.175902200624428e-05	0.9	4000	position_bootstrap	mtDNA_position	False	paired nonparametric bootstrap of whole mtDNA positions
protein_coding	unlabeled_out_of_neutral_domain_T95	G[A>C]C	68	2.8957281247024504e-05	2.8941699673200612e-05	2.17941330273026e-05	3.8326020817431775e-05	11341	68	68.00000000000004	0.014705882352941176	2.8957281247024504e-05	2.8941699673200612e-05	2.17941330273026e-05	3.8326020817431775e-05	0.9	4000	position_bootstrap	mtDNA_position	False	paired nonparametric bootstrap of whole mtDNA positions
protein_coding	unlabeled_out_of_neutral_domain_T95	C[A>C]C	211	3.325731822085934e-05	3.3545064668439676e-05	2.662099511874374e-05	4.2329090369780216e-05	11341	211	204.6315789473676	0.013888888888888888	3.325731822085934e-05	3.3545064668439676e-05	2.662099511874374e-05	4.2329090369780216e-05	0.9	4000	position_bootstrap	mtDNA_position	False	paired nonparametric bootstrap of whole mtDNA positions
protein_coding	unlabeled_out_of_neutral_domain_T95	A[A>C]C	234	3.895417365683988e-05	3.9024491814728826e-05	3.092795677473531e-05	4.936669487926787e-05	11341	234	175.3671232876712	0.03162055335968379	3.895417365683988e-05	3.9024491814728826e-05	3.092795677473531e-05	4.936669487926787e-05	0.9	4000	position_bootstrap	mtDNA_position	False	paired nonparametric bootstrap of whole mtDNA positions
protein_coding	unlabeled_out_of_neutral_domain_T95	T[A>C]A	48	9.533143504952211e-06	9.553856184475326e-06	6.923262429669199e-06	1.2982444709948857e-05	11341	48	48.000000000000036	0.020833333333333332	9.533143504952211e-06	9.553856184475326e-06	6.923262429669199e-06	1.2982444709948857e-05	0.9	4000	position_bootstrap	mtDNA_position	False	paired nonparametric bootstrap of whole mtDNA positions
protein_coding	unlabeled_out_of_neutral_domain_T95	G[A>C]A	73	2.851736144198342e-05	2.857908713329324e-05	2.1400882092523812e-05	3.761279239904691e-05	11341	73	73.0000000000001	0.0136986301369863	2.851736144198342e-05	2.857908713329324e-05	2.1400882092523812e-05	3.761279239904691e-05	0.9	4000	position_bootstrap	mtDNA_position	False	paired nonparametric bootstrap of whole mtDNA positions
protein_coding	unlabeled_out_of_neutral_domain_T95	C[A>C]A	176	2.9605895250254905e-05	2.9818276374951124e-05	2.347442524576634e-05	3.790870097227951e-05	11341	176	176.00000000000048	0.005681818181818182	2.9605895250254905e-05	2.9818276374951124e-05	2.347442524576634e-05	3.790870097227951e-05	0.9	4000	position_bootstrap	mtDNA_position	False	paired nonparametric bootstrap of whole mtDNA positions
protein_coding	unlabeled_out_of_neutral_domain_T95	A[A>C]A	193	3.391383315957829e-05	3.411159114640167e-05	2.6975058011760372e-05	4.334902413969387e-05	11341	193	193.00000000000045	0.0051813471502590676	3.391383315957829e-05	3.411159114640167e-05	2.6975058011760372e-05	4.334902413969387e-05	0.9	4000	position_bootstrap	mtDNA_position	False	paired nonparametric bootstrap of whole mtDNA positions
rna_coding	expanded_neutral_like_T95	A[C>A]A	34	6.712721419630477e-05	6.582800360655163e-05	2.8316753570584986e-05	0.00014146932525150758	4014	34	7.365030674846626	0.24489795918367346	6.712721419630477e-05	6.582800360655163e-05	2.8316753570584986e-05	0.00014146932525150758	0.9	4000	position_bootstrap	mtDNA_position	False	paired nonparametric bootstrap of whole mtDNA positions
rna_coding	expanded_neutral_like_T95	A[C>A]C	46	2.8650253311805903e-05	2.895045180666053e-05	1.7305936443981364e-05	5.1414127889916274e-05	4014	46	35.714285714285715	0.1	2.8650253311805903e-05	2.895045180666053e-05	1.7305936443981364e-05	5.1414127889916274e-05	0.9	4000	position_bootstrap	mtDNA_position	False	paired nonparametric bootstrap of whole mtDNA positions
rna_coding	expanded_neutral_like_T95	A[C>A]G	11	2.4278436880522925e-05	2.41817690323599e-05	1.1299271327174812e-05	4.812937080656856e-05	4014	11	11.0	0.09090909090909091	2.4278436880522925e-05	2.41817690323599e-05	1.1299271327174812e-05	4.812937080656856e-05	0.9	4000	position_bootstrap	mtDNA_position	False	paired nonparametric bootstrap of whole mtDNA positions
rna_coding	expanded_neutral_like_T95	A[C>A]T	30	3.067262413381573e-05	3.10981730634304e-05	1.7205066359732954e-05	5.7000106709721e-05	4014	30	23.113207547169797	0.11428571428571428	3.067262413381573e-05	3.10981730634304e-05	1.7205066359732954e-05	5.7000106709721e-05	0.9	4000	position_bootstrap	mtDNA_position	False	paired nonparametric bootstrap of whole mtDNA positions
rna_coding	expanded_neutral_like_T95	C[C>A]A	36	8.715407057451357e-05	8.359708119634409e-05	2.8465512035964365e-05	0.0001905666026317301	4014	36	4.936530833032818	0.3333333333333333	8.715407057451357e-05	8.359708119634409e-05	2.8465512035964365e-05	0.0001905666026317301	0.9	4000	position_bootstrap	mtDNA_position	False	paired nonparametric bootstrap of whole mtDNA positions
rna_coding	expanded_neutral_like_T95	C[C>A]C	38	0.00019756218153271375	0.00018755906306223416	5.825120230532539e-05	0.00045360442745862685	4014	38	4.365526303439861	0.39672131147540984	0.00019756218153271375	0.00018755906306223416	5.825120230532539e-05	0.00045360442745862685	0.9	4000	position_bootstrap	mtDNA_position	False	paired nonparametric bootstrap of whole mtDNA positions
rna_coding	expanded_neutral_like_T95	C[C>A]G	10	8.938879033283442e-05	8.34139662473959e-05	1.0163205652582173e-05	0.0002697887888346174	4014	10	1.5058823529411764	0.8125	8.938879033283442e-05	8.34139662473959e-05	1.0163205652582173e-05	0.0002697887888346174	0.9	4000	position_bootstrap	mtDNA_position	False	paired nonparametric bootstrap of whole mtDNA positions
rna_coding	expanded_neutral_like_T95	C[C>A]T	32	8.417444423008575e-05	7.62222558929729e-05	2.2785692158498478e-05	0.00020974912939568456	4014	32	2.83818626361414	0.584070796460177	8.417444423008575e-05	7.62222558929729e-05	2.2785692158498478e-05	0.00020974912939568456	0.9	4000	position_bootstrap	mtDNA_position	False	paired nonparametric bootstrap of whole mtDNA positions
rna_coding	expanded_neutral_like_T95	G[C>A]A	21	3.0942273576750375e-05	3.04294106489517e-05	1.55295610765712e-05	6.030556383909166e-05	4014	21	12.355932203389834	0.2222222222222222	3.0942273576750375e-05	3.04294106489517e-05	1.55295610765712e-05	6.030556383909166e-05	0.9	4000	position_bootstrap	mtDNA_position	False	paired nonparametric bootstrap of whole mtDNA positions
rna_coding	expanded_neutral_like_T95	G[C>A]C	20	8.038061766363405e-05	7.276145247539067e-05	2.1048034811385893e-05	0.0002077094235844287	4014	20	2.798668885191348	0.5862068965517241	8.038061766363405e-05	7.276145247539067e-05	2.1048034811385893e-05	0.0002077094235844287	0.9	4000	position_bootstrap	mtDNA_position	False	paired nonparametric bootstrap of whole mtDNA positions
rna_coding	expanded_neutral_like_T95	G[C>A]G	4	1.25457951344329e-05	1.2042553149385177e-05	3.138947683388683e-06	2.926112250588597e-05	4014	4	4.0	0.25	1.25457951344329e-05	1.2042553149385177e-05	3.138947683388683e-06	2.926112250588597e-05	0.9	4000	position_bootstrap	mtDNA_position	False	paired nonparametric bootstrap of whole mtDNA positions
rna_coding	expanded_neutral_like_T95	G[C>A]T	17	2.8171012710953877e-05	2.719355843021124e-05	1.1888427931722554e-05	5.9238861984469965e-05	4014	17	6.76	0.34615384615384615	2.8171012710953877e-05	2.719355843021124e-05	1.1888427931722554e-05	5.9238861984469965e-05	0.9	4000	position_bootstrap	mtDNA_position	False	paired nonparametric bootstrap of whole mtDNA positions
rna_coding	expanded_neutral_like_T95	T[C>A]A	32	9.502592125472488e-05	9.088342512989127e-05	3.1107528431782936e-05	0.00021483467686090184	4014	32	4.445721583652618	0.4152542372881356	9.502592125472488e-05	9.088342512989127e-05	3.1107528431782936e-05	0.00021483467686090184	0.9	4000	position_bootstrap	mtDNA_position	False	paired nonparametric bootstrap of whole mtDNA positions
rna_coding	expanded_neutral_like_T95	T[C>A]C	15	7.449065861069535e-05	7.018372071803297e-05	1.934001331639565e-05	0.00017207958065248156	4014	15	3.6140979689366777	0.4727272727272727	7.449065861069535e-05	7.018372071803297e-05	1.934001331639565e-05	0.00017207958065248156	0.9	4000	position_bootstrap	mtDNA_position	False	paired nonparametric bootstrap of whole mtDNA positions
rna_coding	expanded_neutral_like_T95	T[C>A]G	4	0.0007382851942304471	0.0006840779667614947	3.532324901960577e-06	0.0024697574364903174	4014	4	1.0273949961779227	0.9865470852017937	0.0007382851942304471	0.0006840779667614947	3.532324901960577e-06	0.0024697574364903174	0.9	4000	position_bootstrap	mtDNA_position	False	paired nonparametric bootstrap of whole mtDNA positions
rna_coding	expanded_neutral_like_T95	T[C>A]T	19	6.455857079593596e-05	6.247810843470911e-05	2.5414875808422554e-05	0.00013752426073188672	4014	19	6.595121951219511	0.2692307692307692	6.455857079593596e-05	6.247810843470911e-05	2.5414875808422554e-05	0.00013752426073188672	0.9	4000	position_bootstrap	mtDNA_position	False	paired nonparametric bootstrap of whole mtDNA positions
rna_coding	expanded_neutral_like_T95	T[G>T]T	9	1.1918505377711256e-05	1.181985897459062e-05	5.218126917492364e-06	2.3299035216784853e-05	4014	9	9.0	0.1111111111111111	1.1918505377711256e-05	1.181985897459062e-05	5.218126917492364e-06	2.3299035216784853e-05	0.9	4000	position_bootstrap	mtDNA_position	False	paired nonparametric bootstrap of whole mtDNA positions
rna_coding	expanded_neutral_like_T95	G[G>T]T	21	2.3612133295465693e-05	2.3817753862690757e-05	1.3445945358207366e-05	4.363068101091375e-05	4014	21	21.000000000000014	0.047619047619047616	2.3612133295465693e-05	2.3817753862690757e-05	1.3445945358207366e-05	4.363068101091375e-05	0.9	4000	position_bootstrap	mtDNA_position	False	paired nonparametric bootstrap of whole mtDNA positions
rna_coding	expanded_neutral_like_T95	C[G>T]T	8	2.2701915005164297e-05	2.2601961725774487e-05	9.304864854159689e-06	4.604703608680456e-05	4014	8	8.0	0.125	2.2701915005164297e-05	2.2601961725774487e-05	9.304864854159689e-06	4.604703608680456e-05	0.9	4000	position_bootstrap	mtDNA_position	False	paired nonparametric bootstrap of whole mtDNA positions
rna_coding	expanded_neutral_like_T95	A[G>T]T	25	2.0367066151785055e-05	2.031249148855083e-05	1.1468092976071418e-05	3.816003793430901e-05	4014	25	22.090909090909104	0.1111111111111111	2.0367066151785055e-05	2.031249148855083e-05	1.1468092976071418e-05	3.816003793430901e-05	0.9	4000	position_bootstrap	mtDNA_position	False	paired nonparametric bootstrap of whole mtDNA positions
rna_coding	expanded_neutral_like_T95	T[G>T]G	8	1.1173598791604303e-05	1.1065046037193934e-05	4.553875829079193e-06	2.31162330742879e-05	4014	8	7.363636363636364	0.2222222222222222	1.1173598791604303e-05	1.1065046037193934e-05	4.553875829079193e-06	2.31162330742879e-05	0.9	4000	position_bootstrap	mtDNA_position	False	paired nonparametric bootstrap of whole mtDNA positions
rna_coding	expanded_neutral_like_T95	G[G>T]G	11	1.7250468309845238e-05	1.7298855956026743e-05	8.039828423819077e-06	3.430158243336651e-05	4014	11	11.0	0.09090909090909091	1.7250468309845238e-05	1.7298855956026743e-05	8.039828423819077e-06	3.430158243336651e-05	0.9	4000	position_bootstrap	mtDNA_position	False	paired nonparametric bootstrap of whole mtDNA positions
rna_coding	expanded_neutral_like_T95	C[G>T]G	4	1.25457951344329e-05	1.2024893995386814e-05	3.0383484719420137e-06	2.8450006780731376e-05	4014	4	4.0	0.25	1.25457951344329e-05	1.2024893995386814e-05	3.0383484719420137e-06	2.8450006780731376e-05	0.9	4000	position_bootstrap	mtDNA_position	False	paired nonparametric bootstrap of whole mtDNA positions
rna_coding	expanded_neutral_like_T95	A[G>T]G	17	6.343720604265669e-05	5.903615877933925e-05	1.0169634068250914e-05	0.00017636487418577822	4014	17	1.7313195548489686	0.7575757575757576	6.343720604265669e-05	5.903615877933925e-05	1.0169634068250914e-05	0.00017636487418577822	0.9	4000	position_bootstrap	mtDNA_position	False	paired nonparametric bootstrap of whole mtDNA positions
rna_coding	expanded_neutral_like_T95	T[G>T]C	8	1.4446673185104552e-05	1.4357297009089242e-05	5.977736933434197e-06	2.949743041808989e-05	4014	8	8.0	0.125	1.4446673185104552e-05	1.4357297009089242e-05	5.977736933434197e-06	2.949743041808989e-05	0.9	4000	position_bootstrap	mtDNA_position	False	paired nonparametric bootstrap of whole mtDNA positions
rna_coding	expanded_neutral_like_T95	G[G>T]C	14	2.383701075542251e-05	2.371943956379646e-05	1.1897190799868306e-05	4.550930983546194e-05	4014	14	14.0	0.07142857142857142	2.383701075542251e-05	2.371943956379646e-05	1.1897190799868306e-05	4.550930983546194e-05	0.9	4000	position_bootstrap	mtDNA_position	False	paired nonparametric bootstrap of whole mtDNA positions
rna_coding	expanded_neutral_like_T95	C[G>T]C	6	1.7877758066566885e-05	1.7491973891218618e-05	6.337723854379967e-06	3.805913315890789e-05	4014	6	5.999999999999999	0.16666666666666666	1.7877758066566885e-05	1.7491973891218618e-05	6.337723854379967e-06	3.805913315890789e-05	0.9	4000	position_bootstrap	mtDNA_position	False	paired nonparametric bootstrap of whole mtDNA positions
rna_coding	expanded_neutral_like_T95	A[G>T]C	25	1.839275521251737e-05	1.8539238612059073e-05	1.0708672833131827e-05	3.385197198897439e-05	4014	25	25.000000000000004	0.04	1.839275521251737e-05	1.8539238612059073e-05	1.0708672833131827e-05	3.385197198897439e-05	0.9	4000	position_bootstrap	mtDNA_position	False	paired nonparametric bootstrap of whole mtDNA positions
rna_coding	expanded_neutral_like_T95	T[G>T]A	19	2.0967740942269803e-05	2.1063064307943585e-05	1.1224804535042387e-05	3.93187664065313e-05	4014	19	18.999999999999996	0.05263157894736842	2.0967740942269803e-05	2.1063064307943585e-05	1.1224804535042387e-05	3.93187664065313e-05	0.9	4000	position_bootstrap	mtDNA_position	False	paired nonparametric bootstrap of whole mtDNA positions
rna_coding	expanded_neutral_like_T95	G[G>T]A	11	6.540643195085446e-05	6.019639877940102e-05	9.214181556234016e-06	0.0001812372223810181	4014	11	1.6396761133603237	0.7777777777777778	6.540643195085446e-05	6.019639877940102e-05	9.214181556234016e-06	0.0001812372223810181	0.9	4000	position_bootstrap	mtDNA_position	False	paired nonparametric bootstrap of whole mtDNA positions
rna_coding	expanded_neutral_like_T95	C[G>T]A	9	0.0002151952359864532	0.00019894251744296778	9.473239560374185e-06	0.0006737328606696028	4014	9	1.1723085460599332	0.9230769230769231	0.0002151952359864532	0.00019894251744296778	9.473239560374185e-06	0.0006737328606696028	0.9	4000	position_bootstrap	mtDNA_position	False	paired nonparametric bootstrap of whole mtDNA positions
rna_coding	expanded_neutral_like_T95	A[G>T]A	30	6.172083142029043e-05	5.942389287317032e-05	2.40312055036725e-05	0.00013440605533517798	4014	30	5.124576844955989	0.41379310344827586	6.172083142029043e-05	5.942389287317032e-05	2.40312055036725e-05	0.00013440605533517798	0.9	4000	position_bootstrap	mtDNA_position	False	paired nonparametric bootstrap of whole mtDNA positions
rna_coding	expanded_neutral_like_T95	A[C>G]A	33	3.8358408112174156e-05	3.6272069702136615e-05	1.5313274198186685e-05	8.489792293848918e-05	4014	33	5.1578947368421035	0.42857142857142855	3.8358408112174156e-05	3.6272069702136615e-05	1.5313274198186685e-05	8.489792293848918e-05	0.9	4000	position_bootstrap	mtDNA_position	False	paired nonparametric bootstrap of whole mtDNA positions
rna_coding	expanded_neutral_like_T95	A[C>G]C	49	2.8650253311805903e-05	2.8835355960466734e-05	1.744388339817941e-05	5.088135682869707e-05	4014	49	48.07692307692308	0.04	2.8650253311805903e-05	2.8835355960466734e-05	1.744388339817941e-05	5.088135682869707e-05	0.9	4000	position_bootstrap	mtDNA_position	False	paired nonparametric bootstrap of whole mtDNA positions
rna_coding	expanded_neutral_like_T95	A[C>G]G	11	2.648556750602501e-05	2.6336296297552208e-05	1.1985542303506686e-05	5.274715282609407e-05	4014	11	10.285714285714285	0.16666666666666666	2.648556750602501e-05	2.6336296297552208e-05	1.1985542303506686e-05	5.274715282609407e-05	0.9	4000	position_bootstrap	mtDNA_position	False	paired nonparametric bootstrap of whole mtDNA positions
rna_coding	expanded_neutral_like_T95	A[C>G]T	32	3.067262413381573e-05	3.080210463287855e-05	1.79279470810021e-05	5.654767153419627e-05	4014	32	28.48837209302325	0.08571428571428572	3.067262413381573e-05	3.080210463287855e-05	1.79279470810021e-05	5.654767153419627e-05	0.9	4000	position_bootstrap	mtDNA_position	False	paired nonparametric bootstrap of whole mtDNA positions
rna_coding	expanded_neutral_like_T95	C[C>G]A	35	2.979626344427814e-05	3.0061713174140622e-05	1.7375006904071538e-05	5.429315820552125e-05	4014	35	25.806451612903217	0.125	2.979626344427814e-05	3.0061713174140622e-05	1.7375006904071538e-05	5.429315820552125e-05	0.9	4000	position_bootstrap	mtDNA_position	False	paired nonparametric bootstrap of whole mtDNA positions
rna_coding	expanded_neutral_like_T95	C[C>G]C	35	2.65575391568566e-05	2.6513268970749304e-05	1.4990899657993504e-05	4.993596221796636e-05	4014	35	20.253012048192783	0.17073170731707318	2.65575391568566e-05	2.6513268970749304e-05	1.4990899657993504e-05	4.993596221796636e-05	0.9	4000	position_bootstrap	mtDNA_position	False	paired nonparametric bootstrap of whole mtDNA positions
rna_coding	expanded_neutral_like_T95	C[C>G]G	9	1.6760398187406454e-05	1.6745709155718184e-05	7.346271122227554e-06	3.467273014092169e-05	4014	9	9.0	0.1111111111111111	1.6760398187406454e-05	1.6745709155718184e-05	7.346271122227554e-06	3.467273014092169e-05	0.9	4000	position_bootstrap	mtDNA_position	False	paired nonparametric bootstrap of whole mtDNA positions
rna_coding	expanded_neutral_like_T95	C[C>G]T	31	2.3837010755422512e-05	2.3825079542412234e-05	1.3733901147149901e-05	4.318572928178182e-05	4014	31	30.11764705882353	0.0625	2.3837010755422512e-05	2.3825079542412234e-05	1.3733901147149901e-05	4.318572928178182e-05	0.9	4000	position_bootstrap	mtDNA_position	False	paired nonparametric bootstrap of whole mtDNA positions
rna_coding	expanded_neutral_like_T95	G[C>G]A	19	2.177419251697249e-05	2.1792811523532737e-05	1.1953059480386823e-05	4.091022358678202e-05	4014	19	18.999999999999996	0.05263157894736842	2.177419251697249e-05	2.1792811523532737e-05	1.1953059480386823e-05	4.091022358678202e-05	0.9	4000	position_bootstrap	mtDNA_position	False	paired nonparametric bootstrap of whole mtDNA positions
rna_coding	expanded_neutral_like_T95	G[C>G]C	20	2.7717454366770363e-05	2.7960855343791736e-05	1.5131741409799592e-05	5.151364122731803e-05	4014	20	19.99999999999999	0.05	2.7717454366770363e-05	2.7960855343791736e-05	1.5131741409799592e-05	5.151364122731803e-05	0.9	4000	position_bootstrap	mtDNA_position	False	paired nonparametric bootstrap of whole mtDNA positions
rna_coding	expanded_neutral_like_T95	G[C>G]G	4	1.25457951344329e-05	1.2042553149385177e-05	3.138947683388683e-06	2.926112250588597e-05	4014	4	4.0	0.25	1.25457951344329e-05	1.2042553149385177e-05	3.138947683388683e-06	2.926112250588597e-05	0.9	4000	position_bootstrap	mtDNA_position	False	paired nonparametric bootstrap of whole mtDNA positions
rna_coding	expanded_neutral_like_T95	G[C>G]T	15	1.9503008799891147e-05	1.9395501279722406e-05	9.652510632221204e-06	3.790526541562813e-05	4014	15	12.461538461538462	0.16666666666666666	1.9503008799891147e-05	1.9395501279722406e-05	9.652510632221204e-06	3.790526541562813e-05	0.9	4000	position_bootstrap	mtDNA_position	False	paired nonparametric bootstrap of whole mtDNA positions
rna_coding	expanded_neutral_like_T95	T[C>G]A	31	2.5769741357213527e-05	2.6071255851295758e-05	1.5133699061912124e-05	4.656073787715924e-05	4014	31	30.11764705882353	0.0625	2.5769741357213527e-05	2.6071255851295758e-05	1.5133699061912124e-05	4.656073787715924e-05	0.9	4000	position_bootstrap	mtDNA_position	False	paired nonparametric bootstrap of whole mtDNA positions
rna_coding	expanded_neutral_like_T95	T[C>G]C	16	2.1670009777656828e-05	2.1714584088027045e-05	1.1202987772326575e-05	4.0520677263866894e-05	4014	16	16.0	0.0625	2.1670009777656828e-05	2.1714584088027045e-05	1.1202987772326575e-05	4.0520677263866894e-05	0.9	4000	position_bootstrap	mtDNA_position	False	paired nonparametric bootstrap of whole mtDNA positions
rna_coding	expanded_neutral_like_T95	T[C>G]G	3	9.93208781475938e-06	9.404264311155e-06	0.0	2.4188502985807342e-05	4014	3	3.0	0.3333333333333333	9.93208781475938e-06	9.404264311155e-06	0.0	2.4188502985807342e-05	0.9	4000	position_bootstrap	mtDNA_position	False	paired nonparametric bootstrap of whole mtDNA positions
rna_coding	expanded_neutral_like_T95	T[C>G]T	20	2.8554752467433216e-05	2.8286513694471624e-05	1.475205989946337e-05	5.502617378897389e-05	4014	20	15.114285714285716	0.17391304347826086	2.8554752467433216e-05	2.8286513694471624e-05	1.475205989946337e-05	5.502617378897389e-05	0.9	4000	position_bootstrap	mtDNA_position	False	paired nonparametric bootstrap of whole mtDNA positions
rna_coding	expanded_neutral_like_T95	T[G>C]T	8	2.7809845881326264e-05	2.541505023878494e-05	5.68587871210349e-06	7.005912338172105e-05	4014	8	2.7735849056603783	0.5714285714285714	2.7809845881326264e-05	2.541505023878494e-05	5.68587871210349e-06	7.005912338172105e-05	0.9	4000	position_bootstrap	mtDNA_position	False	paired nonparametric bootstrap of whole mtDNA positions
rna_coding	expanded_neutral_like_T95	G[G>C]T	20	2.2487745995681613e-05	2.254926048093887e-05	1.2654362213576664e-05	4.17545022525986e-05	4014	20	19.99999999999999	0.05	2.2487745995681613e-05	2.254926048093887e-05	1.2654362213576664e-05	4.17545022525986e-05	0.9	4000	position_bootstrap	mtDNA_position	False	paired nonparametric bootstrap of whole mtDNA positions
rna_coding	expanded_neutral_like_T95	C[G>C]T	9	0.00013621149003098577	0.00012739307420445986	1.5881907602183614e-05	0.0003248885502369627	4014	9	1.5039164490861616	0.8125	0.00013621149003098577	0.00012739307420445986	1.5881907602183614e-05	0.0003248885502369627	0.9	4000	position_bootstrap	mtDNA_position	False	paired nonparametric bootstrap of whole mtDNA positions
rna_coding	expanded_neutral_like_T95	A[G>C]T	25	2.187573771858395e-05	2.1774254372552595e-05	1.2077385531273574e-05	4.1826365059444075e-05	4014	25	17.163265306122454	0.1724137931034483	2.187573771858395e-05	2.1774254372552595e-05	1.2077385531273574e-05	4.1826365059444075e-05	0.9	4000	position_bootstrap	mtDNA_position	False	paired nonparametric bootstrap of whole mtDNA positions
rna_coding	expanded_neutral_like_T95	T[G>C]G	8	9.93208781475938e-06	9.834418870881686e-06	4.2177281022613494e-06	2.01786015854201e-05	4014	8	8.0	0.125	9.93208781475938e-06	9.834418870881686e-06	4.2177281022613494e-06	2.01786015854201e-05	0.9	4000	position_bootstrap	mtDNA_position	False	paired nonparametric bootstrap of whole mtDNA positions
rna_coding	expanded_neutral_like_T95	G[G>C]G	11	1.7250468309845238e-05	1.7298855956026743e-05	8.039828423819077e-06	3.430158243336651e-05	4014	11	11.0	0.09090909090909091	1.7250468309845238e-05	1.7298855956026743e-05	8.039828423819077e-06	3.430158243336651e-05	0.9	4000	position_bootstrap	mtDNA_position	False	paired nonparametric bootstrap of whole mtDNA positions
rna_coding	expanded_neutral_like_T95	C[G>C]G	4	1.25457951344329e-05	1.2024893995386814e-05	3.0383484719420137e-06	2.8450006780731376e-05	4014	4	4.0	0.25	1.25457951344329e-05	1.2024893995386814e-05	3.0383484719420137e-06	2.8450006780731376e-05	0.9	4000	position_bootstrap	mtDNA_position	False	paired nonparametric bootstrap of whole mtDNA positions
rna_coding	expanded_neutral_like_T95	A[G>C]G	16	1.537871661640162e-05	1.5482786982999003e-05	8.046821741232118e-06	2.9155513889414876e-05	4014	16	16.0	0.0625	1.537871661640162e-05	1.5482786982999003e-05	8.046821741232118e-06	2.9155513889414876e-05	0.9	4000	position_bootstrap	mtDNA_position	False	paired nonparametric bootstrap of whole mtDNA positions
rna_coding	expanded_neutral_like_T95	T[G>C]C	9	2.708751222207104e-05	2.5721839899524265e-05	9.181076799495182e-06	5.987737555913535e-05	4014	9	4.787234042553191	0.4	2.708751222207104e-05	2.5721839899524265e-05	9.181076799495182e-06	5.987737555913535e-05	0.9	4000	position_bootstrap	mtDNA_position	False	paired nonparametric bootstrap of whole mtDNA positions
rna_coding	expanded_neutral_like_T95	G[G>C]C	12	2.0431723504647867e-05	2.0359831053955022e-05	9.712945278763611e-06	4.041706615506633e-05	4014	12	11.999999999999996	0.08333333333333333	2.0431723504647867e-05	2.0359831053955022e-05	9.712945278763611e-06	4.041706615506633e-05	0.9	4000	position_bootstrap	mtDNA_position	False	paired nonparametric bootstrap of whole mtDNA positions
rna_coding	expanded_neutral_like_T95	C[G>C]C	6	1.7877758066566885e-05	1.7491973891218618e-05	6.337723854379967e-06	3.805913315890789e-05	4014	6	5.999999999999999	0.16666666666666666	1.7877758066566885e-05	1.7491973891218618e-05	6.337723854379967e-06	3.805913315890789e-05	0.9	4000	position_bootstrap	mtDNA_position	False	paired nonparametric bootstrap of whole mtDNA positions
rna_coding	expanded_neutral_like_T95	A[G>C]C	24	4.340690230154099e-05	4.013740341915953e-05	1.342650185988218e-05	0.00010434972387590716	4014	24	3.250233426704014	0.5423728813559322	4.340690230154099e-05	4.013740341915953e-05	1.342650185988218e-05	0.00010434972387590716	0.9	4000	position_bootstrap	mtDNA_position	False	paired nonparametric bootstrap of whole mtDNA positions
rna_coding	expanded_neutral_like_T95	T[G>C]A	18	3.752122063353543e-05	3.613073831160389e-05	1.4581052689073966e-05	8.094952233037241e-05	4014	18	6.422222222222213	0.29411764705882354	3.752122063353543e-05	3.613073831160389e-05	1.4581052689073966e-05	8.094952233037241e-05	0.9	4000	position_bootstrap	mtDNA_position	False	paired nonparametric bootstrap of whole mtDNA positions
rna_coding	expanded_neutral_like_T95	G[G>C]A	10	1.4534762655745433e-05	1.4507500502129178e-05	6.682176721159754e-06	2.9536452920420156e-05	4014	10	9.999999999999996	0.1	1.4534762655745433e-05	1.4507500502129178e-05	6.682176721159754e-06	2.9536452920420156e-05	0.9	4000	position_bootstrap	mtDNA_position	False	paired nonparametric bootstrap of whole mtDNA positions
rna_coding	expanded_neutral_like_T95	C[G>C]A	9	1.489813172213907e-05	1.465154989751665e-05	6.884942689515683e-06	3.0397770446840878e-05	4014	9	9.0	0.1111111111111111	1.489813172213907e-05	1.465154989751665e-05	6.884942689515683e-06	3.0397770446840878e-05	0.9	4000	position_bootstrap	mtDNA_position	False	paired nonparametric bootstrap of whole mtDNA positions
rna_coding	expanded_neutral_like_T95	A[G>C]A	28	2.7667958912543985e-05	2.7656636751143546e-05	1.4640442900878357e-05	5.3148408963854684e-05	4014	28	13.702702702702705	0.1794871794871795	2.7667958912543985e-05	2.7656636751143546e-05	1.4640442900878357e-05	5.3148408963854684e-05	0.9	4000	position_bootstrap	mtDNA_position	False	paired nonparametric bootstrap of whole mtDNA positions
rna_coding	expanded_neutral_like_T95	A[C>T]A	51	0.0032426554286255796	0.0030737993792366077	0.0007774795444169074	0.007668981214979989	4014	51	3.586674728543815	0.4412758766370934	0.0032426554286255796	0.0030737993792366077	0.0007774795444169074	0.007668981214979989	0.9	4000	position_bootstrap	mtDNA_position	False	paired nonparametric bootstrap of whole mtDNA positions
rna_coding	expanded_neutral_like_T95	A[C>T]C	58	0.004158870770741745	0.003990311001652347	0.0013757550277526975	0.009277904801762184	4014	58	4.644096635106871	0.399834665197024	0.004158870770741745	0.003990311001652347	0.0013757550277526975	0.009277904801762184	0.9	4000	position_bootstrap	mtDNA_position	False	paired nonparametric bootstrap of whole mtDNA positions
rna_coding	expanded_neutral_like_T95	A[C>T]G	12	0.0007791171108022357	0.0007268883724663722	7.550515853134581e-05	0.001984223466969045	4014	12	2.5050559877771743	0.5495750708215298	0.0007791171108022357	0.0007268883724663722	7.550515853134581e-05	0.001984223466969045	0.9	4000	position_bootstrap	mtDNA_position	False	paired nonparametric bootstrap of whole mtDNA positions
rna_coding	expanded_neutral_like_T95	A[C>T]T	43	0.008370997306463082	0.007702442513684309	0.001115508005966732	0.023059746119015612	4014	43	1.9643211079615617	0.6953517587939698	0.008370997306463082	0.007702442513684309	0.001115508005966732	0.023059746119015612	0.9	4000	position_bootstrap	mtDNA_position	False	paired nonparametric bootstrap of whole mtDNA positions
rna_coding	expanded_neutral_like_T95	C[C>T]A	41	0.009160861195943315	0.008965017282153393	0.0022949919968068837	0.02089293861277311	4014	41	3.759719970465325	0.3821759635713124	0.009160861195943315	0.008965017282153393	0.0022949919968068837	0.02089293861277311	0.9	4000	position_bootstrap	mtDNA_position	False	paired nonparametric bootstrap of whole mtDNA positions
rna_coding	expanded_neutral_like_T95	C[C>T]C	50	0.0014911086619288755	0.001477369540913779	0.0006312856871961997	0.0030850949596109467	4014	50	7.493027609591384	0.24978279756733276	0.0014911086619288755	0.001477369540913779	0.0006312856871961997	0.0030850949596109467	0.9	4000	position_bootstrap	mtDNA_position	False	paired nonparametric bootstrap of whole mtDNA positions
rna_coding	expanded_neutral_like_T95	C[C>T]G	12	0.005974150820577767	0.005372673737419814	0.00018881303971474432	0.017100323771922825	4014	12	1.5054661163978809	0.7986284289276808	0.005974150820577767	0.005372673737419814	0.00018881303971474432	0.017100323771922825	0.9	4000	position_bootstrap	mtDNA_position	False	paired nonparametric bootstrap of whole mtDNA positions
rna_coding	expanded_neutral_like_T95	C[C>T]T	37	0.0004469439516641721	0.00043783370615873586	0.00022483002086882926	0.0008681712378361949	4014	37	12.41978886358932	0.17666666666666667	0.0004469439516641721	0.00043783370615873586	0.00022483002086882926	0.0008681712378361949	0.9	4000	position_bootstrap	mtDNA_position	False	paired nonparametric bootstrap of whole mtDNA positions
rna_coding	expanded_neutral_like_T95	G[C>T]A	22	0.00032546687762211507	0.00030279925019386614	8.285201276436767e-05	0.0007636693592453696	4014	22	3.5682180145107063	0.4647887323943662	0.00032546687762211507	0.00030279925019386614	8.285201276436767e-05	0.0007636693592453696	0.9	4000	position_bootstrap	mtDNA_position	False	paired nonparametric bootstrap of whole mtDNA positions
rna_coding	expanded_neutral_like_T95	G[C>T]C	21	0.0008204366492564027	0.0007429053022855289	0.0001306114040348284	0.0022566567761747075	4014	21	2.040143435942812	0.6875	0.0008204366492564027	0.0007429053022855289	0.0001306114040348284	0.0022566567761747075	0.9	4000	position_bootstrap	mtDNA_position	False	paired nonparametric bootstrap of whole mtDNA positions
rna_coding	expanded_neutral_like_T95	G[C>T]G	6	0.0003606916101149459	0.0003302886202868767	1.049012318232432e-05	0.0011188028857906855	4014	6	1.2167632716901282	0.9043478260869565	0.0003606916101149459	0.0003302886202868767	1.049012318232432e-05	0.0011188028857906855	0.9	4000	position_bootstrap	mtDNA_position	False	paired nonparametric bootstrap of whole mtDNA positions
rna_coding	expanded_neutral_like_T95	G[C>T]T	21	0.0006479332923519392	0.0006249827807310599	0.0001843059895730366	0.0015043929468203934	4014	21	4.267860126506743	0.32441471571906355	0.0006479332923519392	0.0006249827807310599	0.0001843059895730366	0.0015043929468203934	0.9	4000	position_bootstrap	mtDNA_position	False	paired nonparametric bootstrap of whole mtDNA positions
rna_coding	expanded_neutral_like_T95	T[C>T]A	39	0.0009212682535203835	0.0009211477364321137	0.00043834064776146156	0.001837640871781518	4014	39	10.152953406463826	0.23164335664335664	0.0009212682535203835	0.0009211477364321137	0.00043834064776146156	0.001837640871781518	0.9	4000	position_bootstrap	mtDNA_position	False	paired nonparametric bootstrap of whole mtDNA positions
rna_coding	expanded_neutral_like_T95	T[C>T]C	20	0.002601755548929923	0.002411630569131475	0.00015457034316163705	0.006554673567768871	4014	20	2.260641012210953	0.5273295158771473	0.002601755548929923	0.002411630569131475	0.00015457034316163705	0.006554673567768871	0.9	4000	position_bootstrap	mtDNA_position	False	paired nonparametric bootstrap of whole mtDNA positions
rna_coding	expanded_neutral_like_T95	T[C>T]G	4	0.00032775889788705956	0.0003029736119094745	4.8240900339876225e-06	0.0010471944295040033	4014	4	1.1781464118283447	0.9191919191919192	0.00032775889788705956	0.0003029736119094745	4.8240900339876225e-06	0.0010471944295040033	0.9	4000	position_bootstrap	mtDNA_position	False	paired nonparametric bootstrap of whole mtDNA positions
rna_coding	expanded_neutral_like_T95	T[C>T]T	24	0.00024581917341529464	0.00023636328457788178	0.00010002309523824513	0.0005229276262604177	4014	24	7.174963396778917	0.23737373737373738	0.00024581917341529464	0.00023636328457788178	0.00010002309523824513	0.0005229276262604177	0.9	4000	position_bootstrap	mtDNA_position	False	paired nonparametric bootstrap of whole mtDNA positions
rna_coding	expanded_neutral_like_T95	T[G>A]T	9	0.0006210865580162866	0.0005555921611867011	6.752065339909563e-05	0.0016234924701013554	4014	9	2.144475534020337	0.6481876332622601	0.0006210865580162866	0.0005555921611867011	6.752065339909563e-05	0.0016234924701013554	0.9	4000	position_bootstrap	mtDNA_position	False	paired nonparametric bootstrap of whole mtDNA positions
rna_coding	expanded_neutral_like_T95	G[G>A]T	15	0.01497009250932525	0.013655843100313834	4.758282569152467e-05	0.04598325949472993	4014	15	1.2331465094339544	0.8948475289169295	0.01497009250932525	0.013655843100313834	4.758282569152467e-05	0.04598325949472993	0.9	4000	position_bootstrap	mtDNA_position	False	paired nonparametric bootstrap of whole mtDNA positions
rna_coding	expanded_neutral_like_T95	C[G>A]T	8	0.10636698501732166	0.09932625542093468	0.00030719147853850175	0.2824983387845369	4014	8	1.0186286251334813	0.9907958274417736	0.10636698501732166	0.09932625542093468	0.00030719147853850175	0.2824983387845369	0.9	4000	position_bootstrap	mtDNA_position	False	paired nonparametric bootstrap of whole mtDNA positions
rna_coding	expanded_neutral_like_T95	A[G>A]T	29	0.0080389564436879	0.007424463474290911	0.001451654305624339	0.019706206685089895	4014	29	2.7856469765548657	0.5374870976822745	0.0080389564436879	0.007424463474290911	0.001451654305624339	0.019706206685089895	0.9	4000	position_bootstrap	mtDNA_position	False	paired nonparametric bootstrap of whole mtDNA positions
rna_coding	expanded_neutral_like_T95	T[G>A]G	13	0.0030541170030385094	0.0028411943154156988	0.00035930460288633223	0.007639766228547898	4014	13	2.555224707430233	0.5426829268292683	0.0030541170030385094	0.0028411943154156988	0.00035930460288633223	0.007639766228547898	0.9	4000	position_bootstrap	mtDNA_position	False	paired nonparametric bootstrap of whole mtDNA positions
rna_coding	expanded_neutral_like_T95	G[G>A]G	18	0.002352336587706169	0.0020937113915169394	0.0003065576297447627	0.006547388704856841	4014	18	1.8487720866638613	0.7233333333333334	0.002352336587706169	0.0020937113915169394	0.0003065576297447627	0.006547388704856841	0.9	4000	position_bootstrap	mtDNA_position	False	paired nonparametric bootstrap of whole mtDNA positions
rna_coding	expanded_neutral_like_T95	C[G>A]G	4	0.007082101353387372	0.006520480022083076	4.175494865009027e-06	0.022602743891606207	4014	4	1.01518345748608	0.9924712134632419	0.007082101353387372	0.006520480022083076	4.175494865009027e-06	0.022602743891606207	0.9	4000	position_bootstrap	mtDNA_position	False	paired nonparametric bootstrap of whole mtDNA positions
rna_coding	expanded_neutral_like_T95	A[G>A]G	18	0.0008573634513643903	0.0007987140193175457	5.102861324018868e-05	0.0025288575036104474	4014	18	1.3726154536201622	0.8497757847533632	0.0008573634513643903	0.0007987140193175457	5.102861324018868e-05	0.0025288575036104474	0.9	4000	position_bootstrap	mtDNA_position	False	paired nonparametric bootstrap of whole mtDNA positions
rna_coding	expanded_neutral_like_T95	T[G>A]C	8	0.005794921781375064	0.005161484959297587	9.912282531824698e-05	0.016816788492408363	4014	8	1.6033375927362108	0.7743845434714864	0.005794921781375064	0.005161484959297587	9.912282531824698e-05	0.016816788492408363	0.9	4000	position_bootstrap	mtDNA_position	False	paired nonparametric bootstrap of whole mtDNA positions
rna_coding	expanded_neutral_like_T95	G[G>A]C	13	0.0013604122566844704	0.001297019624518435	5.0498486141405055e-05	0.003594141402317064	4014	13	2.1682680714195954	0.5319148936170213	0.0013604122566844704	0.001297019624518435	5.0498486141405055e-05	0.003594141402317064	0.9	4000	position_bootstrap	mtDNA_position	False	paired nonparametric bootstrap of whole mtDNA positions
rna_coding	expanded_neutral_like_T95	C[G>A]C	6	0.0026488878201963266	0.002439468841341214	3.701162248271087e-05	0.007067624758596232	4014	6	2.0428118352249665	0.5511811023622047	0.0026488878201963266	0.002439468841341214	3.701162248271087e-05	0.007067624758596232	0.9	4000	position_bootstrap	mtDNA_position	False	paired nonparametric bootstrap of whole mtDNA positions
rna_coding	expanded_neutral_like_T95	A[G>A]C	24	0.04604883766026699	0.04491831966123162	0.012420788646088634	0.10120500597427252	4014	24	4.147635975301682	0.35543448738636546	0.04604883766026699	0.04491831966123162	0.012420788646088634	0.10120500597427252	0.9	4000	position_bootstrap	mtDNA_position	False	paired nonparametric bootstrap of whole mtDNA positions
rna_coding	expanded_neutral_like_T95	T[G>A]A	21	0.0011057724433765441	0.0010557179097834633	0.00025445388295536705	0.0026715820871504536	4014	21	3.716551172707891	0.39221556886227543	0.0011057724433765441	0.0010557179097834633	0.00025445388295536705	0.0026715820871504536	0.9	4000	position_bootstrap	mtDNA_position	False	paired nonparametric bootstrap of whole mtDNA positions
rna_coding	expanded_neutral_like_T95	G[G>A]A	10	0.029742484822451884	0.02753633561051927	8.127596889218515e-05	0.09396880984704754	4014	10	1.0176934933272843	0.9912525045203538	0.029742484822451884	0.02753633561051927	8.127596889218515e-05	0.09396880984704754	0.9	4000	position_bootstrap	mtDNA_position	False	paired nonparametric bootstrap of whole mtDNA positions
rna_coding	expanded_neutral_like_T95	C[G>A]A	12	0.08799498734282984	0.07994630974740054	0.001112863000428092	0.2438993002226131	4014	12	1.1144367198721414	0.9464426803115241	0.08799498734282984	0.07994630974740054	0.001112863000428092	0.2438993002226131	0.9	4000	position_bootstrap	mtDNA_position	False	paired nonparametric bootstrap of whole mtDNA positions
rna_coding	expanded_neutral_like_T95	A[G>A]A	31	0.013272816494738087	0.011731878009895527	0.0015856686012608373	0.03473058851880628	4014	31	1.8782088113119975	0.7122775134961783	0.013272816494738087	0.011731878009895527	0.0015856686012608373	0.03473058851880628	0.9	4000	position_bootstrap	mtDNA_position	False	paired nonparametric bootstrap of whole mtDNA positions
rna_coding	expanded_neutral_like_T95	A[T>A]A	35	0.00030398884502701737	0.00027080104505583426	3.172165962170048e-05	0.0008340087993047733	4014	35	2.027862497786348	0.6718061674008811	0.00030398884502701737	0.00027080104505583426	3.172165962170048e-05	0.0008340087993047733	0.9	4000	position_bootstrap	mtDNA_position	False	paired nonparametric bootstrap of whole mtDNA positions
rna_coding	expanded_neutral_like_T95	A[T>A]C	17	6.094690249965983e-05	5.5216454352278824e-05	1.5733555040068248e-05	0.00015008886701428626	4014	17	2.696404793608522	0.6	6.094690249965983e-05	5.5216454352278824e-05	1.5733555040068248e-05	0.00015008886701428626	0.9	4000	position_bootstrap	mtDNA_position	False	paired nonparametric bootstrap of whole mtDNA positions
rna_coding	expanded_neutral_like_T95	A[T>A]G	10	2.553965438080983e-05	2.4068344797121912e-05	7.435418309775131e-06	6.068461782082143e-05	4014	10	3.599999999999999	0.5	2.553965438080983e-05	2.4068344797121912e-05	7.435418309775131e-06	6.068461782082143e-05	0.9	4000	position_bootstrap	mtDNA_position	False	paired nonparametric bootstrap of whole mtDNA positions
rna_coding	expanded_neutral_like_T95	A[T>A]T	27	2.2041071588918073e-05	2.2315045120248326e-05	1.265373360799069e-05	4.0193274370930916e-05	4014	27	27.000000000000018	0.037037037037037035	2.2041071588918073e-05	2.2315045120248326e-05	1.265373360799069e-05	4.0193274370930916e-05	0.9	4000	position_bootstrap	mtDNA_position	False	paired nonparametric bootstrap of whole mtDNA positions
rna_coding	expanded_neutral_like_T95	C[T>A]A	38	0.000195243936779612	0.0001751889838488689	2.442372355993222e-05	0.000559367612381575	4014	38	1.5429659308662897	0.8032128514056225	0.000195243936779612	0.0001751889838488689	2.442372355993222e-05	0.000559367612381575	0.9	4000	position_bootstrap	mtDNA_position	False	paired nonparametric bootstrap of whole mtDNA positions
rna_coding	expanded_neutral_like_T95	C[T>A]C	21	7.308517448596525e-05	7.105475420691464e-05	2.6033898660087757e-05	0.00015423270460842821	4014	21	5.423620025673941	0.2923076923076923	7.308517448596525e-05	7.105475420691464e-05	2.6033898660087757e-05	0.00015423270460842821	0.9	4000	position_bootstrap	mtDNA_position	False	paired nonparametric bootstrap of whole mtDNA positions
rna_coding	expanded_neutral_like_T95	C[T>A]G	10	1.4534762655745433e-05	1.4363030790756742e-05	6.604910947100443e-06	2.9207092168827786e-05	4014	10	9.999999999999996	0.1	1.4534762655745433e-05	1.4363030790756742e-05	6.604910947100443e-06	2.9207092168827786e-05	0.9	4000	position_bootstrap	mtDNA_position	False	paired nonparametric bootstrap of whole mtDNA positions
rna_coding	expanded_neutral_like_T95	C[T>A]T	28	2.133559604652015e-05	2.158463082531221e-05	1.237581518678261e-05	3.832979612427813e-05	4014	28	27.129032258064527	0.06896551724137931	2.133559604652015e-05	2.158463082531221e-05	1.237581518678261e-05	3.832979612427813e-05	0.9	4000	position_bootstrap	mtDNA_position	False	paired nonparametric bootstrap of whole mtDNA positions
rna_coding	expanded_neutral_like_T95	G[T>A]A	16	1.616068525791357e-05	1.6381296473930093e-05	8.63200510810624e-06	3.092939685187343e-05	4014	16	16.0	0.0625	1.616068525791357e-05	1.6381296473930093e-05	8.63200510810624e-06	3.092939685187343e-05	0.9	4000	position_bootstrap	mtDNA_position	False	paired nonparametric bootstrap of whole mtDNA positions
rna_coding	expanded_neutral_like_T95	G[T>A]C	10	1.7026436253873222e-05	1.6911121611684354e-05	7.772947827122631e-06	3.396626916670269e-05	4014	10	9.999999999999996	0.1	1.7026436253873222e-05	1.6911121611684354e-05	7.772947827122631e-06	3.396626916670269e-05	0.9	4000	position_bootstrap	mtDNA_position	False	paired nonparametric bootstrap of whole mtDNA positions
rna_coding	expanded_neutral_like_T95	G[T>A]G	14	0.00021955141485257575	0.0002002345031179215	1.2886155229717416e-05	0.0006816420946740183	4014	14	1.2142237640936686	0.9071428571428571	0.00021955141485257575	0.0002002345031179215	1.2886155229717416e-05	0.0006816420946740183	0.9	4000	position_bootstrap	mtDNA_position	False	paired nonparametric bootstrap of whole mtDNA positions
rna_coding	expanded_neutral_like_T95	G[T>A]T	15	1.3966998489505378e-05	1.3869216396261145e-05	7.297965870269141e-06	2.696546536785168e-05	4014	15	15.0	0.06666666666666667	1.3966998489505378e-05	1.3869216396261145e-05	7.297965870269141e-06	2.696546536785168e-05	0.9	4000	position_bootstrap	mtDNA_position	False	paired nonparametric bootstrap of whole mtDNA positions
rna_coding	expanded_neutral_like_T95	T[T>A]A	40	0.0006954235057441343	0.00064785000602	2.6863584383294112e-05	0.0021745810177884327	4014	40	1.2417316578699278	0.8951798010711554	0.0006954235057441343	0.00064785000602	2.6863584383294112e-05	0.0021745810177884327	0.9	4000	position_bootstrap	mtDNA_position	False	paired nonparametric bootstrap of whole mtDNA positions
rna_coding	expanded_neutral_like_T95	T[T>A]C	14	2.8692698131527095e-05	2.6605414810372588e-05	9.274671180930656e-06	6.710302602004365e-05	4014	14	3.714285714285713	0.5	2.8692698131527095e-05	2.6605414810372588e-05	9.274671180930656e-06	6.710302602004365e-05	0.9	4000	position_bootstrap	mtDNA_position	False	paired nonparametric bootstrap of whole mtDNA positions
rna_coding	expanded_neutral_like_T95	T[T>A]G	14	0.00010509954742163561	9.504260630377833e-05	1.1616453345391871e-05	0.0003066428746425414	4014	14	1.5668609492089933	0.7938144329896907	0.00010509954742163561	9.504260630377833e-05	1.1616453345391871e-05	0.0003066428746425414	0.9	4000	position_bootstrap	mtDNA_position	False	paired nonparametric bootstrap of whole mtDNA positions
rna_coding	expanded_neutral_like_T95	T[T>A]T	36	4.520812384649097e-05	4.3018132344144053e-05	1.7513701422978836e-05	9.945059177001228e-05	4014	36	4.643923240938165	0.45454545454545453	4.520812384649097e-05	4.3018132344144053e-05	1.7513701422978836e-05	9.945059177001228e-05	0.9	4000	position_bootstrap	mtDNA_position	False	paired nonparametric bootstrap of whole mtDNA positions
rna_coding	expanded_neutral_like_T95	T[A>T]T	23	2.50915902688658e-05	2.4929008217778842e-05	1.4044462269282303e-05	4.678771627677247e-05	4014	23	22.153846153846146	0.08333333333333333	2.50915902688658e-05	2.4929008217778842e-05	1.4044462269282303e-05	4.678771627677247e-05	0.9	4000	position_bootstrap	mtDNA_position	False	paired nonparametric bootstrap of whole mtDNA positions
rna_coding	expanded_neutral_like_T95	G[A>T]T	7	8.34295376439788e-06	8.20661000393583e-06	3.2242859987534134e-06	1.7529720234463393e-05	4014	7	7.0	0.14285714285714285	8.34295376439788e-06	8.20661000393583e-06	3.2242859987534134e-06	1.7529720234463393e-05	0.9	4000	position_bootstrap	mtDNA_position	False	paired nonparametric bootstrap of whole mtDNA positions
rna_coding	expanded_neutral_like_T95	C[A>T]T	25	2.7087512222071036e-05	2.7120445379227908e-05	1.5079452363760143e-05	4.9782878710968936e-05	4014	25	25.000000000000004	0.04	2.7087512222071036e-05	2.7120445379227908e-05	1.5079452363760143e-05	4.9782878710968936e-05	0.9	4000	position_bootstrap	mtDNA_position	False	paired nonparametric bootstrap of whole mtDNA positions
rna_coding	expanded_neutral_like_T95	A[A>T]T	27	2.6713891363835573e-05	2.6190562356916125e-05	1.311397388370244e-05	5.2320725349596054e-05	4014	27	11.610687022900768	0.23076923076923078	2.6713891363835573e-05	2.6190562356916125e-05	1.311397388370244e-05	5.2320725349596054e-05	0.9	4000	position_bootstrap	mtDNA_position	False	paired nonparametric bootstrap of whole mtDNA positions
rna_coding	expanded_neutral_like_T95	T[A>T]G	32	2.4538099307052583e-05	2.4817771444991455e-05	1.4016609232774065e-05	4.52209953837732e-05	4014	32	28.48837209302325	0.08571428571428572	2.4538099307052583e-05	2.4817771444991455e-05	1.4016609232774065e-05	4.52209953837732e-05	0.9	4000	position_bootstrap	mtDNA_position	False	paired nonparametric bootstrap of whole mtDNA positions
rna_coding	expanded_neutral_like_T95	G[A>T]G	19	0.0001125636619006063	0.00010276196660092803	1.5632330427296343e-05	0.00032409251863419093	4014	19	1.6165320074580476	0.7843137254901961	0.0001125636619006063	0.00010276196660092803	1.5632330427296343e-05	0.00032409251863419093	0.9	4000	position_bootstrap	mtDNA_position	False	paired nonparametric bootstrap of whole mtDNA positions
rna_coding	expanded_neutral_like_T95	C[A>T]G	21	4.445791688511342e-05	4.227183131137133e-05	1.691008103853976e-05	9.584949566624984e-05	4014	21	5.9541778975741195	0.3191489361702128	4.445791688511342e-05	4.227183131137133e-05	1.691008103853976e-05	9.584949566624984e-05	0.9	4000	position_bootstrap	mtDNA_position	False	paired nonparametric bootstrap of whole mtDNA positions
rna_coding	expanded_neutral_like_T95	A[A>T]G	35	3.8185502666453533e-05	3.543205794072997e-05	1.3820343833266219e-05	8.866649396411768e-05	4014	35	4.117202268430998	0.48484848484848486	3.8185502666453533e-05	3.543205794072997e-05	1.3820343833266219e-05	8.866649396411768e-05	0.9	4000	position_bootstrap	mtDNA_position	False	paired nonparametric bootstrap of whole mtDNA positions
rna_coding	expanded_neutral_like_T95	T[A>T]C	21	4.072156004051346e-05	3.8364115010200095e-05	1.608688948969689e-05	8.930010212863929e-05	4014	21	5.547854785478542	0.3902439024390244	4.072156004051346e-05	3.8364115010200095e-05	1.608688948969689e-05	8.930010212863929e-05	0.9	4000	position_bootstrap	mtDNA_position	False	paired nonparametric bootstrap of whole mtDNA positions
rna_coding	expanded_neutral_like_T95	G[A>T]C	11	5.500848635866733e-05	5.004389884057221e-05	1.2222317288261027e-05	0.00013703125544217243	4014	11	2.734177215189873	0.5833333333333334	5.500848635866733e-05	5.004389884057221e-05	1.2222317288261027e-05	0.00013703125544217243	0.9	4000	position_bootstrap	mtDNA_position	False	paired nonparametric bootstrap of whole mtDNA positions
rna_coding	expanded_neutral_like_T95	C[A>T]C	24	0.00027629262466512456	0.00024953901904463697	3.667321419317025e-05	0.0007304401360968269	4014	24	2.2575947535924397	0.6274509803921569	0.00027629262466512456	0.00024953901904463697	3.667321419317025e-05	0.0007304401360968269	0.9	4000	position_bootstrap	mtDNA_position	False	paired nonparametric bootstrap of whole mtDNA positions
rna_coding	expanded_neutral_like_T95	A[A>T]C	47	7.535253399957942e-05	7.227475114409612e-05	2.9506382960501223e-05	0.0001586297964636028	4014	47	6.1977760127085	0.3333333333333333	7.535253399957942e-05	7.227475114409612e-05	2.9506382960501223e-05	0.0001586297964636028	0.9	4000	position_bootstrap	mtDNA_position	False	paired nonparametric bootstrap of whole mtDNA positions
rna_coding	expanded_neutral_like_T95	T[A>T]A	37	2.7838844677865704e-05	2.7664988364766144e-05	1.4465597422340063e-05	5.3862517644856355e-05	4014	37	13.38562091503268	0.203125	2.7838844677865704e-05	2.7664988364766144e-05	1.4465597422340063e-05	5.3862517644856355e-05	0.9	4000	position_bootstrap	mtDNA_position	False	paired nonparametric bootstrap of whole mtDNA positions
rna_coding	expanded_neutral_like_T95	G[A>T]A	23	2.1822615480316383e-05	2.207946791688936e-05	1.1541177117084057e-05	4.147357371573312e-05	4014	23	17.78947368421052	0.15384615384615385	2.1822615480316383e-05	2.207946791688936e-05	1.1541177117084057e-05	4.147357371573312e-05	0.9	4000	position_bootstrap	mtDNA_position	False	paired nonparametric bootstrap of whole mtDNA positions
rna_coding	expanded_neutral_like_T95	C[A>T]A	46	6.888677420145039e-05	6.759790987766244e-05	3.465681359221914e-05	0.00013368933515023847	4014	46	13.0990099009901	0.15079365079365079	6.888677420145039e-05	6.759790987766244e-05	3.465681359221914e-05	0.00013368933515023847	0.9	4000	position_bootstrap	mtDNA_position	False	paired nonparametric bootstrap of whole mtDNA positions
rna_coding	expanded_neutral_like_T95	A[A>T]A	57	5.04244458287784e-05	4.7300542215813526e-05	1.7199881754076454e-05	0.00011650905443931385	4014	57	4.056790968183373	0.4805194805194805	5.04244458287784e-05	4.7300542215813526e-05	1.7199881754076454e-05	0.00011650905443931385	0.9	4000	position_bootstrap	mtDNA_position	False	paired nonparametric bootstrap of whole mtDNA positions
rna_coding	expanded_neutral_like_T95	A[T>C]A	50	0.007585659967645551	0.007499071137767353	0.003674440926470707	0.014811257330827245	4014	50	11.089353865295191	0.21316974137170094	0.007585659967645551	0.007499071137767353	0.003674440926470707	0.014811257330827245	0.9	4000	position_bootstrap	mtDNA_position	False	paired nonparametric bootstrap of whole mtDNA positions
rna_coding	expanded_neutral_like_T95	A[T>C]C	22	0.02221853190015377	0.020234470145141258	0.001847513664577346	0.06314992180994311	4014	22	1.3629190500027069	0.8547394087168546	0.02221853190015377	0.020234470145141258	0.001847513664577346	0.06314992180994311	0.9	4000	position_bootstrap	mtDNA_position	False	paired nonparametric bootstrap of whole mtDNA positions
rna_coding	expanded_neutral_like_T95	A[T>C]G	12	0.0007676085011121176	0.0007259481792505271	0.00016341738238195223	0.0018173762912858159	4014	12	3.190018419819289	0.4879852125693161	0.0007676085011121176	0.0007259481792505271	0.00016341738238195223	0.0018173762912858159	0.9	4000	position_bootstrap	mtDNA_position	False	paired nonparametric bootstrap of whole mtDNA positions
rna_coding	expanded_neutral_like_T95	A[T>C]T	40	0.0015314463074374187	0.0015385602642671165	0.0007851293715448953	0.0029828374565747558	4014	40	12.884502174645247	0.15991471215351813	0.0015314463074374187	0.0015385602642671165	0.0007851293715448953	0.0029828374565747558	0.9	4000	position_bootstrap	mtDNA_position	False	paired nonparametric bootstrap of whole mtDNA positions
rna_coding	expanded_neutral_like_T95	C[T>C]A	43	0.007743892046728708	0.007070746092409057	0.001804475006261612	0.019625900583394692	4014	43	2.697647923384716	0.5907249898744431	0.007743892046728708	0.007070746092409057	0.001804475006261612	0.019625900583394692	0.9	4000	position_bootstrap	mtDNA_position	False	paired nonparametric bootstrap of whole mtDNA positions
rna_coding	expanded_neutral_like_T95	C[T>C]C	27	0.020823652792001174	0.019627741350941957	0.006620986091407771	0.04717415716928439	4014	27	4.362980082756473	0.40464362850971924	0.020823652792001174	0.019627741350941957	0.006620986091407771	0.04717415716928439	0.9	4000	position_bootstrap	mtDNA_position	False	paired nonparametric bootstrap of whole mtDNA positions
rna_coding	expanded_neutral_like_T95	C[T>C]G	14	0.0035421216592051623	0.003288490645332362	0.00029143001326795555	0.009396758500254062	4014	14	2.3181684227043515	0.5843249897414854	0.0035421216592051623	0.003288490645332362	0.00029143001326795555	0.009396758500254062	0.9	4000	position_bootstrap	mtDNA_position	False	paired nonparametric bootstrap of whole mtDNA positions
rna_coding	expanded_neutral_like_T95	C[T>C]T	31	0.004943972601124669	0.004690047966905836	0.001365948605492824	0.011841855461134426	4014	31	3.8591856658818133	0.446577380952381	0.004943972601124669	0.004690047966905836	0.001365948605492824	0.011841855461134426	0.9	4000	position_bootstrap	mtDNA_position	False	paired nonparametric bootstrap of whole mtDNA positions
rna_coding	expanded_neutral_like_T95	G[T>C]A	20	0.021323014154988332	0.018986519690887802	0.0013162171539622056	0.06333258411177793	4014	20	1.3326944155173153	0.8635308606887405	0.021323014154988332	0.018986519690887802	0.0013162171539622056	0.06333258411177793	0.9	4000	position_bootstrap	mtDNA_position	False	paired nonparametric bootstrap of whole mtDNA positions
rna_coding	expanded_neutral_like_T95	G[T>C]C	16	0.008792451681500132	0.008261787279726807	0.0013693215408254553	0.02224667084442633	4014	16	2.81796351754907	0.5091014717273431	0.008792451681500132	0.008261787279726807	0.0013693215408254553	0.02224667084442633	0.9	4000	position_bootstrap	mtDNA_position	False	paired nonparametric bootstrap of whole mtDNA positions
rna_coding	expanded_neutral_like_T95	G[T>C]G	17	0.002102988909409315	0.0020316983208807284	0.0007363584921703306	0.004734242248045506	4014	17	5.16117098371242	0.36092468307233405	0.002102988909409315	0.0020316983208807284	0.0007363584921703306	0.004734242248045506	0.9	4000	position_bootstrap	mtDNA_position	False	paired nonparametric bootstrap of whole mtDNA positions
rna_coding	expanded_neutral_like_T95	G[T>C]T	20	0.008876493106696984	0.008126516752679828	0.0010797073977512287	0.022903792584297585	4014	20	2.4044532903563547	0.5849155564879891	0.008876493106696984	0.008126516752679828	0.0010797073977512287	0.022903792584297585	0.9	4000	position_bootstrap	mtDNA_position	False	paired nonparametric bootstrap of whole mtDNA positions
rna_coding	expanded_neutral_like_T95	T[T>C]A	52	0.0058757167359850615	0.0054106006456074935	0.0013474095013913017	0.015346234968184038	4014	52	2.469313285328116	0.6245585438739473	0.0058757167359850615	0.0054106006456074935	0.0013474095013913017	0.015346234968184038	0.9	4000	position_bootstrap	mtDNA_position	False	paired nonparametric bootstrap of whole mtDNA positions
rna_coding	expanded_neutral_like_T95	T[T>C]C	18	0.0014313242106381015	0.0013521799380667985	0.00026021086763234545	0.003306906281324455	4014	18	3.4466198842391007	0.36931380107941403	0.0014313242106381015	0.0013521799380667985	0.00026021086763234545	0.003306906281324455	0.9	4000	position_bootstrap	mtDNA_position	False	paired nonparametric bootstrap of whole mtDNA positions
rna_coding	expanded_neutral_like_T95	T[T>C]G	18	0.000663102299196299	0.0006386531347453753	0.00016923383888701896	0.0015417110775226034	4014	18	3.817748149960246	0.369281045751634	0.000663102299196299	0.0006386531347453753	0.00016923383888701896	0.0015417110775226034	0.9	4000	position_bootstrap	mtDNA_position	False	paired nonparametric bootstrap of whole mtDNA positions
rna_coding	expanded_neutral_like_T95	T[T>C]T	39	0.017211280725617856	0.016003428631382068	0.0008888798106989491	0.050131661740017035	4014	39	1.4233179105310674	0.8318541807617305	0.017211280725617856	0.016003428631382068	0.0008888798106989491	0.050131661740017035	0.9	4000	position_bootstrap	mtDNA_position	False	paired nonparametric bootstrap of whole mtDNA positions
rna_coding	expanded_neutral_like_T95	T[A>G]T	31	0.0010643016205710578	0.0009763816943017545	0.00029768868073337294	0.0025620533699029944	4014	31	3.314730586421531	0.5216110019646365	0.0010643016205710578	0.0009763816943017545	0.00029768868073337294	0.0025620533699029944	0.9	4000	position_bootstrap	mtDNA_position	False	paired nonparametric bootstrap of whole mtDNA positions
rna_coding	expanded_neutral_like_T95	G[A>G]T	9	0.0030916602949783	0.0028748917647438187	0.0006131098079583976	0.007657266449459002	4014	9	3.1006117510013063	0.5003855050115652	0.0030916602949783	0.0028748917647438187	0.0006131098079583976	0.007657266449459002	0.9	4000	position_bootstrap	mtDNA_position	False	paired nonparametric bootstrap of whole mtDNA positions
rna_coding	expanded_neutral_like_T95	C[A>G]T	26	0.002319774546698163	0.0021574491853710524	0.0003009348769187672	0.006640304943771322	4014	26	1.685996048987843	0.7645959831854273	0.002319774546698163	0.0021574491853710524	0.0003009348769187672	0.006640304943771322	0.9	4000	position_bootstrap	mtDNA_position	False	paired nonparametric bootstrap of whole mtDNA positions
rna_coding	expanded_neutral_like_T95	A[A>G]T	42	0.00467698590339152	0.004451655288941447	0.001356119661562043	0.010323228622225003	4014	42	4.411091427029479	0.4030462800234329	0.00467698590339152	0.004451655288941447	0.001356119661562043	0.010323228622225003	0.9	4000	position_bootstrap	mtDNA_position	False	paired nonparametric bootstrap of whole mtDNA positions
rna_coding	expanded_neutral_like_T95	T[A>G]G	35	0.010547877259274462	0.009635207674785172	0.00055665009330589	0.026733194299206436	4014	35	2.2001811490573853	0.5925556663343303	0.010547877259274462	0.009635207674785172	0.00055665009330589	0.026733194299206436	0.9	4000	position_bootstrap	mtDNA_position	False	paired nonparametric bootstrap of whole mtDNA positions
rna_coding	expanded_neutral_like_T95	G[A>G]G	17	0.0008784379889498296	0.0008374973617686143	0.00027530755627341874	0.002017305496058633	4014	17	4.819692083003712	0.34673366834170855	0.0008784379889498296	0.0008374973617686143	0.00027530755627341874	0.002017305496058633	0.9	4000	position_bootstrap	mtDNA_position	False	paired nonparametric bootstrap of whole mtDNA positions
rna_coding	expanded_neutral_like_T95	C[A>G]G	21	0.0013696822053115793	0.0012482140908236302	0.0002560985762925153	0.0038062347998762177	4014	21	2.1548106232670183	0.669889502762431	0.0013696822053115793	0.0012482140908236302	0.0002560985762925153	0.0038062347998762177	0.9	4000	position_bootstrap	mtDNA_position	False	paired nonparametric bootstrap of whole mtDNA positions
rna_coding	expanded_neutral_like_T95	A[A>G]G	39	0.000656674932218557	0.0006143616781185436	0.0002067598984394579	0.0014751836431232592	4014	39	4.459887068240279	0.39295154185022024	0.000656674932218557	0.0006143616781185436	0.0002067598984394579	0.0014751836431232592	0.9	4000	position_bootstrap	mtDNA_position	False	paired nonparametric bootstrap of whole mtDNA positions
rna_coding	expanded_neutral_like_T95	T[A>G]C	29	0.0017689048398086455	0.0017515391447311783	0.0007506986227688397	0.003651724657048446	4014	29	8.347771049300354	0.1982032565974172	0.0017689048398086455	0.0017515391447311783	0.0007506986227688397	0.003651724657048446	0.9	4000	position_bootstrap	mtDNA_position	False	paired nonparametric bootstrap of whole mtDNA positions
rna_coding	expanded_neutral_like_T95	G[A>G]C	15	0.0016319184286404643	0.001573268503190636	0.0005939874272136901	0.0034096629045295983	4014	15	6.5288945874164295	0.25374531835205993	0.0016319184286404643	0.001573268503190636	0.0005939874272136901	0.0034096629045295983	0.9	4000	position_bootstrap	mtDNA_position	False	paired nonparametric bootstrap of whole mtDNA positions
rna_coding	expanded_neutral_like_T95	C[A>G]C	37	0.004155224374865697	0.00408005652702793	0.0017803867507851666	0.00854305225532815	4014	37	7.847591111914786	0.24663189917427206	0.004155224374865697	0.00408005652702793	0.0017803867507851666	0.00854305225532815	0.9	4000	position_bootstrap	mtDNA_position	False	paired nonparametric bootstrap of whole mtDNA positions
rna_coding	expanded_neutral_like_T95	A[A>G]C	72	0.026339404384519656	0.024589444065588315	0.004884351769483413	0.06402547001851483	4014	72	2.8310074143467867	0.5381537368411211	0.026339404384519656	0.024589444065588315	0.004884351769483413	0.06402547001851483	0.9	4000	position_bootstrap	mtDNA_position	False	paired nonparametric bootstrap of whole mtDNA positions
rna_coding	expanded_neutral_like_T95	T[A>G]A	63	0.0030661877520980524	0.002971054699214895	0.0011653498920306364	0.0066214408599006335	4014	63	5.877421941859084	0.32529436799546035	0.0030661877520980524	0.002971054699214895	0.0011653498920306364	0.0066214408599006335	0.9	4000	position_bootstrap	mtDNA_position	False	paired nonparametric bootstrap of whole mtDNA positions
rna_coding	expanded_neutral_like_T95	G[A>G]A	23	0.0008032401159485684	0.0007662429748039972	0.0001531362121331784	0.001960770087573478	4014	23	3.1895667255231785	0.4169278996865204	0.0008032401159485684	0.0007662429748039972	0.0001531362121331784	0.001960770087573478	0.9	4000	position_bootstrap	mtDNA_position	False	paired nonparametric bootstrap of whole mtDNA positions
rna_coding	expanded_neutral_like_T95	C[A>G]A	57	0.0003531813978899758	0.00034670333317738517	0.000164172603315099	0.0007154384923028287	4014	57	9.302630405706642	0.2585139318885449	0.0003531813978899758	0.00034670333317738517	0.000164172603315099	0.0007154384923028287	0.9	4000	position_bootstrap	mtDNA_position	False	paired nonparametric bootstrap of whole mtDNA positions
rna_coding	expanded_neutral_like_T95	A[A>G]A	83	0.02028830852235563	0.018542679960622616	0.0013261768942606441	0.058929480199385625	4014	83	1.609414958435299	0.7741196217036248	0.02028830852235563	0.018542679960622616	0.0013261768942606441	0.058929480199385625	0.9	4000	position_bootstrap	mtDNA_position	False	paired nonparametric bootstrap of whole mtDNA positions
rna_coding	expanded_neutral_like_T95	A[T>G]A	34	2.410484233694411e-05	2.444731056866969e-05	1.4104548095023497e-05	4.327805205654778e-05	4014	34	32.4	0.05555555555555555	2.410484233694411e-05	2.444731056866969e-05	1.4104548095023497e-05	4.327805205654778e-05	0.9	4000	position_bootstrap	mtDNA_position	False	paired nonparametric bootstrap of whole mtDNA positions
rna_coding	expanded_neutral_like_T95	A[T>G]C	17	2.979626344427814e-05	2.9563504298072575e-05	1.43228805848301e-05	6.107562967202576e-05	4014	17	9.30769230769231	0.2727272727272727	2.979626344427814e-05	2.9563504298072575e-05	1.43228805848301e-05	6.107562967202576e-05	0.9	4000	position_bootstrap	mtDNA_position	False	paired nonparametric bootstrap of whole mtDNA positions
rna_coding	expanded_neutral_like_T95	A[T>G]G	10	1.4188696878227684e-05	1.4155318385581651e-05	6.5463359640535205e-06	2.9254222055814357e-05	4014	10	9.999999999999996	0.1	1.4188696878227684e-05	1.4155318385581651e-05	6.5463359640535205e-06	2.9254222055814357e-05	0.9	4000	position_bootstrap	mtDNA_position	False	paired nonparametric bootstrap of whole mtDNA positions
rna_coding	expanded_neutral_like_T95	A[T>G]T	27	2.2041071588918073e-05	2.217155609837356e-05	1.260437930771742e-05	4.0126131655769594e-05	4014	27	27.000000000000018	0.037037037037037035	2.2041071588918073e-05	2.217155609837356e-05	1.260437930771742e-05	4.0126131655769594e-05	0.9	4000	position_bootstrap	mtDNA_position	False	paired nonparametric bootstrap of whole mtDNA positions
rna_coding	expanded_neutral_like_T95	C[T>G]A	36	4.469439516641721e-05	4.342018298322962e-05	2.1544023842773705e-05	9.080600052687505e-05	4014	36	9.584070796460182	0.2982456140350877	4.469439516641721e-05	4.342018298322962e-05	2.1544023842773705e-05	9.080600052687505e-05	0.9	4000	position_bootstrap	mtDNA_position	False	paired nonparametric bootstrap of whole mtDNA positions
rna_coding	expanded_neutral_like_T95	C[T>G]C	22	0.0025287470372143974	0.0022707695337127335	5.262684755677323e-05	0.007869075475659331	4014	22	1.0986771781683455	0.953757225433526	0.0025287470372143974	0.0022707695337127335	5.262684755677323e-05	0.007869075475659331	0.9	4000	position_bootstrap	mtDNA_position	False	paired nonparametric bootstrap of whole mtDNA positions
rna_coding	expanded_neutral_like_T95	C[T>G]G	11	4.651124049838539e-05	4.2639457251551194e-05	8.733309284598999e-06	0.0001238571278153033	4014	11	2.0728744939271255	0.6875	4.651124049838539e-05	4.2639457251551194e-05	8.733309284598999e-06	0.0001238571278153033	0.9	4000	position_bootstrap	mtDNA_position	False	paired nonparametric bootstrap of whole mtDNA positions
rna_coding	expanded_neutral_like_T95	C[T>G]T	29	2.133559604652015e-05	2.1553127492467838e-05	1.2470570363867236e-05	3.840529989378911e-05	4014	29	29.000000000000018	0.034482758620689655	2.133559604652015e-05	2.1553127492467838e-05	1.2470570363867236e-05	3.840529989378911e-05	0.9	4000	position_bootstrap	mtDNA_position	False	paired nonparametric bootstrap of whole mtDNA positions
rna_coding	expanded_neutral_like_T95	G[T>G]A	15	1.5150642429293969e-05	1.535538678301728e-05	7.998157152324796e-06	2.8926539647388445e-05	4014	15	15.0	0.06666666666666667	1.5150642429293969e-05	1.535538678301728e-05	7.998157152324796e-06	2.8926539647388445e-05	0.9	4000	position_bootstrap	mtDNA_position	False	paired nonparametric bootstrap of whole mtDNA positions
rna_coding	expanded_neutral_like_T95	G[T>G]C	10	1.7026436253873222e-05	1.6911121611684354e-05	7.772947827122631e-06	3.396626916670269e-05	4014	10	9.999999999999996	0.1	1.7026436253873222e-05	1.6911121611684354e-05	7.772947827122631e-06	3.396626916670269e-05	0.9	4000	position_bootstrap	mtDNA_position	False	paired nonparametric bootstrap of whole mtDNA positions
rna_coding	expanded_neutral_like_T95	G[T>G]G	16	4.861495614592749e-05	4.675755939662119e-05	1.9420589213947392e-05	0.00010351159910591263	4014	16	6.537414965986395	0.2903225806451613	4.861495614592749e-05	4.675755939662119e-05	1.9420589213947392e-05	0.00010351159910591263	0.9	4000	position_bootstrap	mtDNA_position	False	paired nonparametric bootstrap of whole mtDNA positions
rna_coding	expanded_neutral_like_T95	G[T>G]T	14	1.3035865256871685e-05	1.2941072432439023e-05	6.717799491836314e-06	2.533480068919463e-05	4014	14	14.0	0.07142857142857142	1.3035865256871685e-05	1.2941072432439023e-05	6.717799491836314e-06	2.533480068919463e-05	0.9	4000	position_bootstrap	mtDNA_position	False	paired nonparametric bootstrap of whole mtDNA positions
rna_coding	expanded_neutral_like_T95	T[T>G]A	39	2.607173051374337e-05	2.6272919773115156e-05	1.44797981535928e-05	4.9877745919785666e-05	4014	39	17.028368794326237	0.20408163265306123	2.607173051374337e-05	2.6272919773115156e-05	1.44797981535928e-05	4.9877745919785666e-05	0.9	4000	position_bootstrap	mtDNA_position	False	paired nonparametric bootstrap of whole mtDNA positions
rna_coding	expanded_neutral_like_T95	T[T>G]C	13	1.4346349065763547e-05	1.4419616455175747e-05	7.231630784077162e-06	2.734649397353394e-05	4014	13	12.999999999999996	0.07692307692307693	1.4346349065763547e-05	1.4419616455175747e-05	7.231630784077162e-06	2.734649397353394e-05	0.9	4000	position_bootstrap	mtDNA_position	False	paired nonparametric bootstrap of whole mtDNA positions
rna_coding	expanded_neutral_like_T95	T[T>G]G	12	7.259453275515037e-05	6.642238679557873e-05	7.462973742237294e-06	0.00021604799646742255	4014	12	1.4264378773435025	0.835820895522388	7.259453275515037e-05	6.642238679557873e-05	7.462973742237294e-06	0.00021604799646742255	0.9	4000	position_bootstrap	mtDNA_position	False	paired nonparametric bootstrap of whole mtDNA positions
rna_coding	expanded_neutral_like_T95	T[T>G]T	32	2.1919090349813803e-05	2.1912814543610624e-05	1.2871155167872123e-05	3.970657712482932e-05	4014	32	32.0	0.03125	2.1919090349813803e-05	2.1912814543610624e-05	1.2871155167872123e-05	3.970657712482932e-05	0.9	4000	position_bootstrap	mtDNA_position	False	paired nonparametric bootstrap of whole mtDNA positions
rna_coding	expanded_neutral_like_T95	T[A>C]T	22	5.645607810494805e-05	5.133481043850226e-05	1.4827532980903122e-05	0.00013972923760824957	4014	22	2.6270270270270277	0.6111111111111112	5.645607810494805e-05	5.133481043850226e-05	1.4827532980903122e-05	0.00013972923760824957	0.9	4000	position_bootstrap	mtDNA_position	False	paired nonparametric bootstrap of whole mtDNA positions
rna_coding	expanded_neutral_like_T95	G[A>C]T	7	8.34295376439788e-06	8.20661000393583e-06	3.2242859987534134e-06	1.7529720234463393e-05	4014	7	7.0	0.14285714285714285	8.34295376439788e-06	8.20661000393583e-06	3.2242859987534134e-06	1.7529720234463393e-05	0.9	4000	position_bootstrap	mtDNA_position	False	paired nonparametric bootstrap of whole mtDNA positions
rna_coding	expanded_neutral_like_T95	C[A>C]T	25	3.792251711089945e-05	3.7482170609883105e-05	1.933089005814868e-05	7.466192228878774e-05	4014	25	11.893203883495149	0.22857142857142856	3.792251711089945e-05	3.7482170609883105e-05	1.933089005814868e-05	7.466192228878774e-05	0.9	4000	position_bootstrap	mtDNA_position	False	paired nonparametric bootstrap of whole mtDNA positions
rna_coding	expanded_neutral_like_T95	A[A>C]T	28	1.9179204056087078e-05	1.9170334163361032e-05	1.1181263414655302e-05	3.463774473425804e-05	4014	28	27.999999999999986	0.03571428571428571	1.9179204056087078e-05	1.9170334163361032e-05	1.1181263414655302e-05	3.463774473425804e-05	0.9	4000	position_bootstrap	mtDNA_position	False	paired nonparametric bootstrap of whole mtDNA positions
rna_coding	expanded_neutral_like_T95	T[A>C]G	30	2.1032656548902214e-05	2.139081556798348e-05	1.206666337625279e-05	3.879169637269557e-05	4014	30	30.0	0.03333333333333333	2.1032656548902214e-05	2.139081556798348e-05	1.206666337625279e-05	3.879169637269557e-05	0.9	4000	position_bootstrap	mtDNA_position	False	paired nonparametric bootstrap of whole mtDNA positions
rna_coding	expanded_neutral_like_T95	G[A>C]G	18	2.538200219327397e-05	2.5034004703561797e-05	1.2144089116711507e-05	5.021811247500227e-05	4014	18	9.981132075471697	0.2608695652173913	2.538200219327397e-05	2.5034004703561797e-05	1.2144089116711507e-05	5.021811247500227e-05	0.9	4000	position_bootstrap	mtDNA_position	False	paired nonparametric bootstrap of whole mtDNA positions
rna_coding	expanded_neutral_like_T95	C[A>C]G	22	3.0269220006885727e-05	3.000178619308638e-05	1.565687088581269e-05	5.869437417773036e-05	4014	22	14.222222222222221	0.15625	3.0269220006885727e-05	3.000178619308638e-05	1.565687088581269e-05	5.869437417773036e-05	0.9	4000	position_bootstrap	mtDNA_position	False	paired nonparametric bootstrap of whole mtDNA positions
rna_coding	expanded_neutral_like_T95	A[A>C]G	34	1.967131955544576e-05	1.98415722387512e-05	1.160408910144647e-05	3.6011978701968845e-05	4014	34	34.000000000000014	0.029411764705882353	1.967131955544576e-05	1.98415722387512e-05	1.160408910144647e-05	3.6011978701968845e-05	0.9	4000	position_bootstrap	mtDNA_position	False	paired nonparametric bootstrap of whole mtDNA positions
rna_coding	expanded_neutral_like_T95	T[A>C]C	18	1.787775806656688e-05	1.8149827289009824e-05	9.586442317607292e-06	3.296116090122107e-05	4014	18	18.0	0.05555555555555555	1.787775806656688e-05	1.8149827289009824e-05	9.586442317607292e-06	3.296116090122107e-05	0.9	4000	position_bootstrap	mtDNA_position	False	paired nonparametric bootstrap of whole mtDNA positions
rna_coding	expanded_neutral_like_T95	G[A>C]C	13	0.00013293717536677938	0.00011813464636929647	2.1939713834972284e-05	0.0003641102968551923	4014	13	2.0385133315378394	0.6896551724137931	0.00013293717536677938	0.00011813464636929647	2.1939713834972284e-05	0.0003641102968551923	0.9	4000	position_bootstrap	mtDNA_position	False	paired nonparametric bootstrap of whole mtDNA positions
rna_coding	expanded_neutral_like_T95	C[A>C]C	28	0.0006311390347742552	0.000583021463729553	9.924999525715655e-05	0.0016671321783843793	4014	28	2.1675428206390817	0.6580829756795422	0.0006311390347742552	0.000583021463729553	9.924999525715655e-05	0.0016671321783843793	0.9	4000	position_bootstrap	mtDNA_position	False	paired nonparametric bootstrap of whole mtDNA positions
rna_coding	expanded_neutral_like_T95	A[A>C]C	48	4.974252244416681e-05	4.9610439116904555e-05	2.708851784607207e-05	9.282171001810958e-05	4014	48	16.973377703826944	0.15841584158415842	4.974252244416681e-05	4.9610439116904555e-05	2.708851784607207e-05	9.282171001810958e-05	0.9	4000	position_bootstrap	mtDNA_position	False	paired nonparametric bootstrap of whole mtDNA positions
rna_coding	expanded_neutral_like_T95	T[A>C]A	35	0.0001700779417038358	0.00015784852060720436	1.0564481093638677e-05	0.000547738866990904	4014	35	1.199226563541805	0.9130434782608695	0.0001700779417038358	0.00015784852060720436	1.0564481093638677e-05	0.000547738866990904	0.9	4000	position_bootstrap	mtDNA_position	False	paired nonparametric bootstrap of whole mtDNA positions
rna_coding	expanded_neutral_like_T95	G[A>C]A	22	1.8465290021806172e-05	1.855929847735055e-05	1.018014045163922e-05	3.439526576381069e-05	4014	22	22.0	0.045454545454545456	1.8465290021806172e-05	1.855929847735055e-05	1.018014045163922e-05	3.439526576381069e-05	0.9	4000	position_bootstrap	mtDNA_position	False	paired nonparametric bootstrap of whole mtDNA positions
rna_coding	expanded_neutral_like_T95	C[A>C]A	40	2.6242580648171574e-05	2.6446935802166474e-05	1.5274790926477198e-05	4.806084045071219e-05	4014	40	28.80000000000003	0.10416666666666667	2.6242580648171574e-05	2.6446935802166474e-05	1.5274790926477198e-05	4.806084045071219e-05	0.9	4000	position_bootstrap	mtDNA_position	False	paired nonparametric bootstrap of whole mtDNA positions
rna_coding	expanded_neutral_like_T95	A[A>C]A	60	8.185786660515973e-05	7.53883740781209e-05	1.3977266300058622e-05	0.00023518343560432803	4014	60	1.7104542966611909	0.764	8.185786660515973e-05	7.53883740781209e-05	1.3977266300058622e-05	0.00023518343560432803	0.9	4000	position_bootstrap	mtDNA_position	False	paired nonparametric bootstrap of whole mtDNA positions
rna_coding	unlabeled_out_of_neutral_domain_T95	A[C>A]A	53	3.8358408112174156e-05	3.8581676337784025e-05	2.3358781047798288e-05	6.734729392405109e-05	4014	53	46.1176470588235	0.07142857142857142	3.8358408112174156e-05	3.8581676337784025e-05	2.3358781047798288e-05	6.734729392405109e-05	0.9	4000	position_bootstrap	mtDNA_position	False	paired nonparametric bootstrap of whole mtDNA positions
rna_coding	unlabeled_out_of_neutral_domain_T95	A[C>A]C	58	3.724532930534767e-05	3.759014781596121e-05	2.211236796518587e-05	6.631400266670436e-05	4014	58	34.91735537190084	0.12307692307692308	3.724532930534767e-05	3.759014781596121e-05	2.211236796518587e-05	6.631400266670436e-05	0.9	4000	position_bootstrap	mtDNA_position	False	paired nonparametric bootstrap of whole mtDNA positions
rna_coding	unlabeled_out_of_neutral_domain_T95	A[C>A]G	16	4.193548188453961e-05	4.1617946437972e-05	2.0575104358369492e-05	8.184633807007046e-05	4014	16	11.64516129032258	0.21052631578947367	4.193548188453961e-05	4.1617946437972e-05	2.0575104358369492e-05	8.184633807007046e-05	0.9	4000	position_bootstrap	mtDNA_position	False	paired nonparametric bootstrap of whole mtDNA positions
rna_coding	unlabeled_out_of_neutral_domain_T95	A[C>A]T	38	3.505442758150369e-05	3.5686229896501945e-05	2.0774243878493556e-05	6.375237396543648e-05	4014	38	34.78260869565215	0.075	3.505442758150369e-05	3.5686229896501945e-05	2.0774243878493556e-05	6.375237396543648e-05	0.9	4000	position_bootstrap	mtDNA_position	False	paired nonparametric bootstrap of whole mtDNA positions
rna_coding	unlabeled_out_of_neutral_domain_T95	C[C>A]A	44	3.501060954702682e-05	3.536291685214811e-05	2.116916176352961e-05	6.245739425262258e-05	4014	44	37.44067796610173	0.0851063829787234	3.501060954702682e-05	3.536291685214811e-05	2.116916176352961e-05	6.245739425262258e-05	0.9	4000	position_bootstrap	mtDNA_position	False	paired nonparametric bootstrap of whole mtDNA positions
rna_coding	unlabeled_out_of_neutral_domain_T95	C[C>A]C	54	3.56259671616369e-05	3.5940468257453637e-05	2.1864369566803822e-05	6.313021423924586e-05	4014	54	53.070175438596536	0.03636363636363636	3.56259671616369e-05	3.5940468257453637e-05	2.1864369566803822e-05	6.313021423924586e-05	0.9	4000	position_bootstrap	mtDNA_position	False	paired nonparametric bootstrap of whole mtDNA positions
rna_coding	unlabeled_out_of_neutral_domain_T95	C[C>A]G	22	6.517932628435843e-05	6.136043190163695e-05	2.6400971485895762e-05	0.00014064426345100647	4014	22	5.645161290322577	0.4	6.517932628435843e-05	6.136043190163695e-05	2.6400971485895762e-05	0.00014064426345100647	0.9	4000	position_bootstrap	mtDNA_position	False	paired nonparametric bootstrap of whole mtDNA positions
rna_coding	unlabeled_out_of_neutral_domain_T95	C[C>A]T	48	4.1714768821989397e-05	4.190137392326164e-05	2.3965428920327548e-05	7.66572529885309e-05	4014	48	24.500000000000053	0.16071428571428573	4.1714768821989397e-05	4.190137392326164e-05	2.3965428920327548e-05	7.66572529885309e-05	0.9	4000	position_bootstrap	mtDNA_position	False	paired nonparametric bootstrap of whole mtDNA positions
rna_coding	unlabeled_out_of_neutral_domain_T95	G[C>A]A	31	4.011035463652827e-05	4.0117831656576446e-05	2.2876186963040538e-05	7.3609612404953e-05	4014	31	22.272727272727252	0.14285714285714285	4.011035463652827e-05	4.0117831656576446e-05	2.2876186963040538e-05	7.3609612404953e-05	0.9	4000	position_bootstrap	mtDNA_position	False	paired nonparametric bootstrap of whole mtDNA positions
rna_coding	unlabeled_out_of_neutral_domain_T95	G[C>A]C	23	3.1875072521785915e-05	3.180299924793234e-05	1.782197980707532e-05	5.887497783681372e-05	4014	23	23.000000000000004	0.043478260869565216	3.1875072521785915e-05	3.180299924793234e-05	1.782197980707532e-05	5.887497783681372e-05	0.9	4000	position_bootstrap	mtDNA_position	False	paired nonparametric bootstrap of whole mtDNA positions
rna_coding	unlabeled_out_of_neutral_domain_T95	G[C>A]G	15	4.7046731754123377e-05	4.737321709639823e-05	2.4130519635438043e-05	8.922790974191928e-05	4014	15	15.0	0.06666666666666667	4.7046731754123377e-05	4.737321709639823e-05	2.4130519635438043e-05	8.922790974191928e-05	0.9	4000	position_bootstrap	mtDNA_position	False	paired nonparametric bootstrap of whole mtDNA positions
rna_coding	unlabeled_out_of_neutral_domain_T95	G[C>A]T	37	4.008951808866513e-05	4.0710677000409497e-05	2.4080336492176638e-05	7.207820318467832e-05	4014	37	37.000000000000014	0.02702702702702703	4.008951808866513e-05	4.0710677000409497e-05	2.4080336492176638e-05	7.207820318467832e-05	0.9	4000	position_bootstrap	mtDNA_position	False	paired nonparametric bootstrap of whole mtDNA positions
rna_coding	unlabeled_out_of_neutral_domain_T95	T[C>A]A	42	3.54333943661686e-05	3.562608525167882e-05	2.1407403544701914e-05	6.335947107638394e-05	4014	42	40.33333333333338	0.045454545454545456	3.54333943661686e-05	3.562608525167882e-05	2.1407403544701914e-05	6.335947107638394e-05	0.9	4000	position_bootstrap	mtDNA_position	False	paired nonparametric bootstrap of whole mtDNA positions
rna_coding	unlabeled_out_of_neutral_domain_T95	T[C>A]C	29	5.552940005524563e-05	5.4794851243064065e-05	2.6315711462736186e-05	0.00011546583272658954	4014	29	8.53299492385787	0.3170731707317073	5.552940005524563e-05	5.4794851243064065e-05	2.6315711462736186e-05	0.00011546583272658954	0.9	4000	position_bootstrap	mtDNA_position	False	paired nonparametric bootstrap of whole mtDNA positions
rna_coding	unlabeled_out_of_neutral_domain_T95	T[C>A]G	14	4.9660439073796895e-05	4.9486468380701323e-05	2.4805752272238623e-05	9.713400761257636e-05	4014	14	13.235294117647058	0.13333333333333333	4.9660439073796895e-05	4.9486468380701323e-05	2.4805752272238623e-05	9.713400761257636e-05	0.9	4000	position_bootstrap	mtDNA_position	False	paired nonparametric bootstrap of whole mtDNA positions
rna_coding	unlabeled_out_of_neutral_domain_T95	T[C>A]T	29	4.221137321272736e-05	4.200248217725954e-05	2.3019100663084298e-05	7.887312798923624e-05	4014	29	18.0625	0.17647058823529413	4.221137321272736e-05	4.200248217725954e-05	2.3019100663084298e-05	7.887312798923624e-05	0.9	4000	position_bootstrap	mtDNA_position	False	paired nonparametric bootstrap of whole mtDNA positions
rna_coding	unlabeled_out_of_neutral_domain_T95	T[G>T]T	36	4.7674021510845024e-05	4.815432137289241e-05	2.8540121933618826e-05	8.408811014600209e-05	4014	36	36.0	0.027777777777777776	4.7674021510845024e-05	4.815432137289241e-05	2.8540121933618826e-05	8.408811014600209e-05	0.9	4000	position_bootstrap	mtDNA_position	False	paired nonparametric bootstrap of whole mtDNA positions
rna_coding	unlabeled_out_of_neutral_domain_T95	G[G>T]T	32	3.5980393593090585e-05	3.591353205418485e-05	2.084290871843347e-05	6.456235687226465e-05	4014	32	32.0	0.03125	3.5980393593090585e-05	3.591353205418485e-05	2.084290871843347e-05	6.456235687226465e-05	0.9	4000	position_bootstrap	mtDNA_position	False	paired nonparametric bootstrap of whole mtDNA positions
rna_coding	unlabeled_out_of_neutral_domain_T95	C[G>T]T	13	3.6890611883391984e-05	3.6866947952760744e-05	1.883542989799744e-05	6.932745098565298e-05	4014	13	12.999999999999996	0.07692307692307693	3.6890611883391984e-05	3.6866947952760744e-05	1.883542989799744e-05	6.932745098565298e-05	0.9	4000	position_bootstrap	mtDNA_position	False	paired nonparametric bootstrap of whole mtDNA positions
rna_coding	unlabeled_out_of_neutral_domain_T95	A[G>T]T	54	4.1488468086969555e-05	4.184563815031199e-05	2.5641572997919248e-05	7.259503466361014e-05	4014	54	53.070175438596536	0.03636363636363636	4.1488468086969555e-05	4.184563815031199e-05	2.5641572997919248e-05	7.259503466361014e-05	0.9	4000	position_bootstrap	mtDNA_position	False	paired nonparametric bootstrap of whole mtDNA positions
rna_coding	unlabeled_out_of_neutral_domain_T95	T[G>T]G	40	4.9660439073796895e-05	5.0317940234064935e-05	2.9645168026057127e-05	8.799409591910206e-05	4014	40	39.99999999999997	0.025	4.9660439073796895e-05	5.0317940234064935e-05	2.9645168026057127e-05	8.799409591910206e-05	0.9	4000	position_bootstrap	mtDNA_position	False	paired nonparametric bootstrap of whole mtDNA positions
rna_coding	unlabeled_out_of_neutral_domain_T95	G[G>T]G	27	4.391028297051515e-05	4.4260972892394975e-05	2.54119455737926e-05	8.0277044027449e-05	4014	27	26.133333333333322	0.07142857142857142	4.391028297051515e-05	4.4260972892394975e-05	2.54119455737926e-05	8.0277044027449e-05	0.9	4000	position_bootstrap	mtDNA_position	False	paired nonparametric bootstrap of whole mtDNA positions
rna_coding	unlabeled_out_of_neutral_domain_T95	C[G>T]G	15	4.7046731754123377e-05	4.7179869246771015e-05	2.450009955841717e-05	8.77743851589676e-05	4014	15	15.0	0.06666666666666667	4.7046731754123377e-05	4.7179869246771015e-05	2.450009955841717e-05	8.77743851589676e-05	0.9	4000	position_bootstrap	mtDNA_position	False	paired nonparametric bootstrap of whole mtDNA positions
rna_coding	unlabeled_out_of_neutral_domain_T95	A[G>T]G	45	4.325264048362956e-05	4.3701918163574935e-05	2.633262893404091e-05	7.721466908268617e-05	4014	45	44.99999999999996	0.022222222222222223	4.325264048362956e-05	4.3701918163574935e-05	2.633262893404091e-05	7.721466908268617e-05	0.9	4000	position_bootstrap	mtDNA_position	False	paired nonparametric bootstrap of whole mtDNA positions
rna_coding	unlabeled_out_of_neutral_domain_T95	T[G>T]C	25	4.5145853703451724e-05	4.552640891321253e-05	2.530263294383933e-05	8.250885992148647e-05	4014	25	25.000000000000004	0.04	4.5145853703451724e-05	4.552640891321253e-05	2.530263294383933e-05	8.250885992148647e-05	0.9	4000	position_bootstrap	mtDNA_position	False	paired nonparametric bootstrap of whole mtDNA positions
rna_coding	unlabeled_out_of_neutral_domain_T95	G[G>T]C	21	3.745815975852109e-05	3.73587751130395e-05	2.0324015191266868e-05	6.959649095889466e-05	4014	21	20.166666666666668	0.09090909090909091	3.745815975852109e-05	3.73587751130395e-05	2.0324015191266868e-05	6.959649095889466e-05	0.9	4000	position_bootstrap	mtDNA_position	False	paired nonparametric bootstrap of whole mtDNA positions
rna_coding	unlabeled_out_of_neutral_domain_T95	C[G>T]C	14	4.1714768821989397e-05	4.2120050133166366e-05	2.144134073712894e-05	8.010148969189539e-05	4014	14	14.0	0.07142857142857142	4.1714768821989397e-05	4.2120050133166366e-05	2.144134073712894e-05	8.010148969189539e-05	0.9	4000	position_bootstrap	mtDNA_position	False	paired nonparametric bootstrap of whole mtDNA positions
rna_coding	unlabeled_out_of_neutral_domain_T95	A[G>T]C	56	4.119977167603891e-05	4.178578732917649e-05	2.5711158122435503e-05	7.277401501660365e-05	4014	56	55.99999999999996	0.017857142857142856	4.119977167603891e-05	4.178578732917649e-05	2.5711158122435503e-05	7.277401501660365e-05	0.9	4000	position_bootstrap	mtDNA_position	False	paired nonparametric bootstrap of whole mtDNA positions
rna_coding	unlabeled_out_of_neutral_domain_T95	T[G>T]A	35	3.8624785946286475e-05	3.8940822339123097e-05	2.2648274249147464e-05	7.038078939714712e-05	4014	35	35.00000000000002	0.02857142857142857	3.8624785946286475e-05	3.8940822339123097e-05	2.2648274249147464e-05	7.038078939714712e-05	0.9	4000	position_bootstrap	mtDNA_position	False	paired nonparametric bootstrap of whole mtDNA positions
rna_coding	unlabeled_out_of_neutral_domain_T95	G[G>T]A	30	4.3604287967236304e-05	4.4143476795363513e-05	2.5509175509068646e-05	7.891282332091067e-05	4014	30	30.0	0.03333333333333333	4.3604287967236304e-05	4.4143476795363513e-05	2.5509175509068646e-05	7.891282332091067e-05	0.9	4000	position_bootstrap	mtDNA_position	False	paired nonparametric bootstrap of whole mtDNA positions
rna_coding	unlabeled_out_of_neutral_domain_T95	C[G>T]A	27	4.469439516641721e-05	4.513159980263825e-05	2.6234221874340657e-05	8.142023708424208e-05	4014	27	27.000000000000018	0.037037037037037035	4.469439516641721e-05	4.513159980263825e-05	2.6234221874340657e-05	8.142023708424208e-05	0.9	4000	position_bootstrap	mtDNA_position	False	paired nonparametric bootstrap of whole mtDNA positions
rna_coding	unlabeled_out_of_neutral_domain_T95	A[G>T]A	54	3.8309481571214745e-05	3.863718692320325e-05	2.3231965284795538e-05	6.7511732709802e-05	4014	54	54.00000000000004	0.018518518518518517	3.8309481571214745e-05	3.863718692320325e-05	2.3231965284795538e-05	6.7511732709802e-05	0.9	4000	position_bootstrap	mtDNA_position	False	paired nonparametric bootstrap of whole mtDNA positions
rna_coding	unlabeled_out_of_neutral_domain_T95	A[C>G]A	54	3.698846496531079e-05	3.7280224344206775e-05	2.264275014870005e-05	6.502390783258664e-05	4014	54	54.00000000000004	0.018518518518518517	3.698846496531079e-05	3.7280224344206775e-05	2.264275014870005e-05	6.502390783258664e-05	0.9	4000	position_bootstrap	mtDNA_position	False	paired nonparametric bootstrap of whole mtDNA positions
rna_coding	unlabeled_out_of_neutral_domain_T95	A[C>G]C	55	3.151527864298649e-05	3.1715968488941e-05	1.9455834835915617e-05	5.4892042539667077e-05	4014	55	55.000000000000036	0.01818181818181818	3.151527864298649e-05	3.1715968488941e-05	1.9455834835915617e-05	5.4892042539667077e-05	0.9	4000	position_bootstrap	mtDNA_position	False	paired nonparametric bootstrap of whole mtDNA positions
rna_coding	unlabeled_out_of_neutral_domain_T95	A[C>G]G	16	3.531409000803335e-05	3.529985883426859e-05	1.8521291184325893e-05	6.65805992360028e-05	4014	16	16.0	0.0625	3.531409000803335e-05	3.529985883426859e-05	1.8521291184325893e-05	6.65805992360028e-05	0.9	4000	position_bootstrap	mtDNA_position	False	paired nonparametric bootstrap of whole mtDNA positions
rna_coding	unlabeled_out_of_neutral_domain_T95	A[C>G]T	36	3.154898482335332e-05	3.220819037298335e-05	1.8713908885220258e-05	5.7161470674016875e-05	4014	36	36.0	0.027777777777777776	3.154898482335332e-05	3.220819037298335e-05	1.8713908885220258e-05	5.7161470674016875e-05	0.9	4000	position_bootstrap	mtDNA_position	False	paired nonparametric bootstrap of whole mtDNA positions
rna_coding	unlabeled_out_of_neutral_domain_T95	C[C>G]A	45	3.352079637481291e-05	3.387414634032368e-05	2.0541601820404833e-05	5.944625596560109e-05	4014	45	44.99999999999996	0.022222222222222223	3.352079637481291e-05	3.387414634032368e-05	2.0541601820404833e-05	5.944625596560109e-05	0.9	4000	position_bootstrap	mtDNA_position	False	paired nonparametric bootstrap of whole mtDNA positions
rna_coding	unlabeled_out_of_neutral_domain_T95	C[C>G]C	57	3.692145687660552e-05	3.728166730457363e-05	2.2791022355552497e-05	6.529037233470385e-05	4014	57	56.99999999999996	0.017543859649122806	3.692145687660552e-05	3.728166730457363e-05	2.2791022355552497e-05	6.529037233470385e-05	0.9	4000	position_bootstrap	mtDNA_position	False	paired nonparametric bootstrap of whole mtDNA positions
rna_coding	unlabeled_out_of_neutral_domain_T95	C[C>G]G	23	4.283212870114983e-05	4.300382114151579e-05	2.429721350794106e-05	8.042772886339925e-05	4014	23	23.000000000000004	0.043478260869565216	4.283212870114983e-05	4.300382114151579e-05	2.429721350794106e-05	8.042772886339925e-05	0.9	4000	position_bootstrap	mtDNA_position	False	paired nonparametric bootstrap of whole mtDNA positions
rna_coding	unlabeled_out_of_neutral_domain_T95	C[C>G]T	49	3.650042271924072e-05	3.70819092109222e-05	2.2189058633190856e-05	6.400191893784712e-05	4014	49	48.999999999999986	0.02040816326530612	3.650042271924072e-05	3.70819092109222e-05	2.2189058633190856e-05	6.400191893784712e-05	0.9	4000	position_bootstrap	mtDNA_position	False	paired nonparametric bootstrap of whole mtDNA positions
rna_coding	unlabeled_out_of_neutral_domain_T95	G[C>G]A	33	3.7818334371583796e-05	3.825746901003762e-05	2.2565386829515755e-05	6.731154607978108e-05	4014	33	32.999999999999986	0.030303030303030304	3.7818334371583796e-05	3.825746901003762e-05	2.2565386829515755e-05	6.731154607978108e-05	0.9	4000	position_bootstrap	mtDNA_position	False	paired nonparametric bootstrap of whole mtDNA positions
rna_coding	unlabeled_out_of_neutral_domain_T95	G[C>G]C	23	3.1875072521785915e-05	3.185316641193597e-05	1.7943498681448604e-05	5.9105284207781676e-05	4014	23	23.000000000000004	0.043478260869565216	3.1875072521785915e-05	3.185316641193597e-05	1.7943498681448604e-05	5.9105284207781676e-05	0.9	4000	position_bootstrap	mtDNA_position	False	paired nonparametric bootstrap of whole mtDNA positions
rna_coding	unlabeled_out_of_neutral_domain_T95	G[C>G]G	15	4.7046731754123377e-05	4.737321709639823e-05	2.4130519635438043e-05	8.922790974191928e-05	4014	15	15.0	0.06666666666666667	4.7046731754123377e-05	4.737321709639823e-05	2.4130519635438043e-05	8.922790974191928e-05	0.9	4000	position_bootstrap	mtDNA_position	False	paired nonparametric bootstrap of whole mtDNA positions
rna_coding	unlabeled_out_of_neutral_domain_T95	G[C>G]T	40	4.3340019555313655e-05	4.409089191539909e-05	2.5998554759945227e-05	7.72575249033026e-05	4014	40	39.99999999999997	0.025	4.3340019555313655e-05	4.409089191539909e-05	2.5998554759945227e-05	7.72575249033026e-05	0.9	4000	position_bootstrap	mtDNA_position	False	paired nonparametric bootstrap of whole mtDNA positions
rna_coding	unlabeled_out_of_neutral_domain_T95	T[C>G]A	43	3.462808994875568e-05	3.491836692136888e-05	2.092498102696182e-05	6.222912268168332e-05	4014	43	42.999999999999964	0.023255813953488372	3.462808994875568e-05	3.491836692136888e-05	2.092498102696182e-05	6.222912268168332e-05	0.9	4000	position_bootstrap	mtDNA_position	False	paired nonparametric bootstrap of whole mtDNA positions
rna_coding	unlabeled_out_of_neutral_domain_T95	T[C>G]C	28	3.792251711089945e-05	3.8382046794952325e-05	2.1813074393977076e-05	6.946570891858043e-05	4014	28	27.999999999999986	0.03571428571428571	3.792251711089945e-05	3.8382046794952325e-05	2.1813074393977076e-05	6.946570891858043e-05	0.9	4000	position_bootstrap	mtDNA_position	False	paired nonparametric bootstrap of whole mtDNA positions
rna_coding	unlabeled_out_of_neutral_domain_T95	T[C>G]G	15	4.9660439073796895e-05	4.966739872849861e-05	2.5861664451648133e-05	9.574586313226687e-05	4014	15	15.0	0.06666666666666667	4.9660439073796895e-05	4.966739872849861e-05	2.5861664451648133e-05	9.574586313226687e-05	0.9	4000	position_bootstrap	mtDNA_position	False	paired nonparametric bootstrap of whole mtDNA positions
rna_coding	unlabeled_out_of_neutral_domain_T95	T[C>G]T	28	3.476230735165783e-05	3.480593753584326e-05	2.0183156494886077e-05	6.348411847228193e-05	4014	28	27.999999999999986	0.03571428571428571	3.476230735165783e-05	3.480593753584326e-05	2.0183156494886077e-05	6.348411847228193e-05	0.9	4000	position_bootstrap	mtDNA_position	False	paired nonparametric bootstrap of whole mtDNA positions
rna_coding	unlabeled_out_of_neutral_domain_T95	T[G>C]T	37	5.4295413387351275e-05	5.451525712785987e-05	3.1857565275559044e-05	9.541831933177131e-05	4014	37	31.716981132075492	0.07317073170731707	5.4295413387351275e-05	5.451525712785987e-05	3.1857565275559044e-05	9.541831933177131e-05	0.9	4000	position_bootstrap	mtDNA_position	False	paired nonparametric bootstrap of whole mtDNA positions
rna_coding	unlabeled_out_of_neutral_domain_T95	G[G>C]T	33	3.7104780892874665e-05	3.7050837357255745e-05	2.165560722557039e-05	6.643536103950414e-05	4014	33	32.999999999999986	0.030303030303030304	3.7104780892874665e-05	3.7050837357255745e-05	2.165560722557039e-05	6.643536103950414e-05	0.9	4000	position_bootstrap	mtDNA_position	False	paired nonparametric bootstrap of whole mtDNA positions
rna_coding	unlabeled_out_of_neutral_domain_T95	C[G>C]T	12	3.4052872507746444e-05	3.402835648380196e-05	1.6673541177744007e-05	6.734538227985876e-05	4014	12	11.999999999999996	0.08333333333333333	3.4052872507746444e-05	3.402835648380196e-05	1.6673541177744007e-05	6.734538227985876e-05	0.9	4000	position_bootstrap	mtDNA_position	False	paired nonparametric bootstrap of whole mtDNA positions
rna_coding	unlabeled_out_of_neutral_domain_T95	A[G>C]T	54	4.073413230357011e-05	4.116055006557408e-05	2.5215507863298702e-05	7.161306077399983e-05	4014	54	54.00000000000004	0.018518518518518517	4.073413230357011e-05	4.116055006557408e-05	2.5215507863298702e-05	7.161306077399983e-05	0.9	4000	position_bootstrap	mtDNA_position	False	paired nonparametric bootstrap of whole mtDNA positions
rna_coding	unlabeled_out_of_neutral_domain_T95	T[G>C]G	40	4.9660439073796895e-05	5.015657778438532e-05	2.9726913117513242e-05	8.779978976153101e-05	4014	40	39.99999999999997	0.025	4.9660439073796895e-05	5.015657778438532e-05	2.9726913117513242e-05	8.779978976153101e-05	0.9	4000	position_bootstrap	mtDNA_position	False	paired nonparametric bootstrap of whole mtDNA positions
rna_coding	unlabeled_out_of_neutral_domain_T95	G[G>C]G	27	4.234205857871104e-05	4.269546502237702e-05	2.464544246621227e-05	7.712176827291143e-05	4014	27	27.000000000000018	0.037037037037037035	4.234205857871104e-05	4.269546502237702e-05	2.464544246621227e-05	7.712176827291143e-05	0.9	4000	position_bootstrap	mtDNA_position	False	paired nonparametric bootstrap of whole mtDNA positions
rna_coding	unlabeled_out_of_neutral_domain_T95	C[G>C]G	15	4.7046731754123377e-05	4.7179869246771015e-05	2.450009955841717e-05	8.77743851589676e-05	4014	15	15.0	0.06666666666666667	4.7046731754123377e-05	4.7179869246771015e-05	2.450009955841717e-05	8.77743851589676e-05	0.9	4000	position_bootstrap	mtDNA_position	False	paired nonparametric bootstrap of whole mtDNA positions
rna_coding	unlabeled_out_of_neutral_domain_T95	A[G>C]G	46	4.421381027215466e-05	4.479970115384107e-05	2.701305460986185e-05	7.858902980212237e-05	4014	46	45.99999999999999	0.021739130434782608	4.421381027215466e-05	4.479970115384107e-05	2.701305460986185e-05	7.858902980212237e-05	0.9	4000	position_bootstrap	mtDNA_position	False	paired nonparametric bootstrap of whole mtDNA positions
rna_coding	unlabeled_out_of_neutral_domain_T95	T[G>C]C	24	4.3340019555313655e-05	4.359974153390741e-05	2.413907230926062e-05	7.904927295023148e-05	4014	24	23.999999999999993	0.041666666666666664	4.3340019555313655e-05	4.359974153390741e-05	2.413907230926062e-05	7.904927295023148e-05	0.9	4000	position_bootstrap	mtDNA_position	False	paired nonparametric bootstrap of whole mtDNA positions
rna_coding	unlabeled_out_of_neutral_domain_T95	G[G>C]C	23	3.9160803383908414e-05	3.9143476718706205e-05	2.2035303451682037e-05	7.280267646413667e-05	4014	23	23.000000000000004	0.043478260869565216	3.9160803383908414e-05	3.9143476718706205e-05	2.2035303451682037e-05	7.280267646413667e-05	0.9	4000	position_bootstrap	mtDNA_position	False	paired nonparametric bootstrap of whole mtDNA positions
rna_coding	unlabeled_out_of_neutral_domain_T95	C[G>C]C	14	4.1714768821989397e-05	4.2120050133166366e-05	2.144134073712894e-05	8.010148969189539e-05	4014	14	14.0	0.07142857142857142	4.1714768821989397e-05	4.2120050133166366e-05	2.144134073712894e-05	8.010148969189539e-05	0.9	4000	position_bootstrap	mtDNA_position	False	paired nonparametric bootstrap of whole mtDNA positions
rna_coding	unlabeled_out_of_neutral_domain_T95	A[G>C]C	57	4.193548188453961e-05	4.256651184514953e-05	2.6105850781511442e-05	7.421710235768506e-05	4014	57	56.99999999999996	0.017543859649122806	4.193548188453961e-05	4.256651184514953e-05	2.6105850781511442e-05	7.421710235768506e-05	0.9	4000	position_bootstrap	mtDNA_position	False	paired nonparametric bootstrap of whole mtDNA positions
rna_coding	unlabeled_out_of_neutral_domain_T95	T[G>C]A	36	4.414261251004169e-05	4.464000299931277e-05	2.5567261986947376e-05	7.948029266420567e-05	4014	36	26.666666666666657	0.125	4.414261251004169e-05	4.464000299931277e-05	2.5567261986947376e-05	7.948029266420567e-05	0.9	4000	position_bootstrap	mtDNA_position	False	paired nonparametric bootstrap of whole mtDNA positions
rna_coding	unlabeled_out_of_neutral_domain_T95	G[G>C]A	31	4.505776423281084e-05	4.576587558374225e-05	2.644576534395302e-05	8.092772262015899e-05	4014	31	30.999999999999993	0.03225806451612903	4.505776423281084e-05	4.576587558374225e-05	2.644576534395302e-05	8.092772262015899e-05	0.9	4000	position_bootstrap	mtDNA_position	False	paired nonparametric bootstrap of whole mtDNA positions
rna_coding	unlabeled_out_of_neutral_domain_T95	C[G>C]A	27	4.469439516641721e-05	4.530889024122481e-05	2.6184278156081896e-05	8.100098867680858e-05	4014	27	27.000000000000018	0.037037037037037035	4.469439516641721e-05	4.530889024122481e-05	2.6184278156081896e-05	8.100098867680858e-05	0.9	4000	position_bootstrap	mtDNA_position	False	paired nonparametric bootstrap of whole mtDNA positions
rna_coding	unlabeled_out_of_neutral_domain_T95	A[G>C]A	56	3.972835125903752e-05	4.011801872077499e-05	2.410081439469012e-05	6.968759463395897e-05	4014	56	55.99999999999996	0.017857142857142856	3.972835125903752e-05	4.011801872077499e-05	2.410081439469012e-05	6.968759463395897e-05	0.9	4000	position_bootstrap	mtDNA_position	False	paired nonparametric bootstrap of whole mtDNA positions
rna_coding	unlabeled_out_of_neutral_domain_T95	A[C>T]A	35	8.699138982582353e-05	7.828818918022804e-05	2.162960004431791e-05	0.0002315947170990124	4014	35	2.424319855704193	0.6377952755905512	8.699138982582353e-05	7.828818918022804e-05	2.162960004431791e-05	0.0002315947170990124	0.9	4000	position_bootstrap	mtDNA_position	False	paired nonparametric bootstrap of whole mtDNA positions
rna_coding	unlabeled_out_of_neutral_domain_T95	A[C>T]C	46	3.7818334371583796e-05	3.783239704769541e-05	2.1200058173655824e-05	6.915666872365349e-05	4014	46	21.14563106796118	0.16666666666666666	3.7818334371583796e-05	3.783239704769541e-05	2.1200058173655824e-05	6.915666872365349e-05	0.9	4000	position_bootstrap	mtDNA_position	False	paired nonparametric bootstrap of whole mtDNA positions
rna_coding	unlabeled_out_of_neutral_domain_T95	A[C>T]G	15	6.400678813956043e-05	6.054406535447583e-05	2.120694442409695e-05	0.00014825216607800855	4014	15	3.9483568075117352	0.4827586206896552	6.400678813956043e-05	6.054406535447583e-05	2.120694442409695e-05	0.00014825216607800855	0.9	4000	position_bootstrap	mtDNA_position	False	paired nonparametric bootstrap of whole mtDNA positions
rna_coding	unlabeled_out_of_neutral_domain_T95	A[C>T]T	25	3.242534551289091e-05	3.2303428846743875e-05	1.6451873403071335e-05	6.332605110555024e-05	4014	25	13.291262135922326	0.16216216216216217	3.242534551289091e-05	3.2303428846743875e-05	1.6451873403071335e-05	6.332605110555024e-05	0.9	4000	position_bootstrap	mtDNA_position	False	paired nonparametric bootstrap of whole mtDNA positions
rna_coding	unlabeled_out_of_neutral_domain_T95	C[C>T]A	38	3.724532930534767e-05	3.720469413114793e-05	2.0448575795339195e-05	7.025499777243681e-05	4014	38	17.123287671232898	0.2	3.724532930534767e-05	3.720469413114793e-05	2.0448575795339195e-05	7.025499777243681e-05	0.9	4000	position_bootstrap	mtDNA_position	False	paired nonparametric bootstrap of whole mtDNA positions
rna_coding	unlabeled_out_of_neutral_domain_T95	C[C>T]C	41	2.65575391568566e-05	2.6673284288362803e-05	1.5950779638029908e-05	4.7410925988122296e-05	4014	41	41.000000000000014	0.024390243902439025	2.65575391568566e-05	2.6673284288362803e-05	1.5950779638029908e-05	4.7410925988122296e-05	0.9	4000	position_bootstrap	mtDNA_position	False	paired nonparametric bootstrap of whole mtDNA positions
rna_coding	unlabeled_out_of_neutral_domain_T95	C[C>T]G	20	0.00017691531420040146	0.00015785049769860492	2.8747136476791962e-05	0.0004729481874663028	4014	20	1.9589754721076622	0.7052631578947368	0.00017691531420040146	0.00015785049769860492	2.8747136476791962e-05	0.0004729481874663028	0.9	4000	position_bootstrap	mtDNA_position	False	paired nonparametric bootstrap of whole mtDNA positions
rna_coding	unlabeled_out_of_neutral_domain_T95	C[C>T]T	42	3.799023589145463e-05	3.8331935656745404e-05	2.2487506664261504e-05	6.744971719986137e-05	4014	42	32.92405063291137	0.0784313725490196	3.799023589145463e-05	3.8331935656745404e-05	2.2487506664261504e-05	6.744971719986137e-05	0.9	4000	position_bootstrap	mtDNA_position	False	paired nonparametric bootstrap of whole mtDNA positions
rna_coding	unlabeled_out_of_neutral_domain_T95	G[C>T]A	29	4.240237490147274e-05	4.2653305079687004e-05	2.4058168281876748e-05	7.740016549553276e-05	4014	29	22.442622950819658	0.10810810810810811	4.240237490147274e-05	4.2653305079687004e-05	2.4058168281876748e-05	7.740016549553276e-05	0.9	4000	position_bootstrap	mtDNA_position	False	paired nonparametric bootstrap of whole mtDNA positions
rna_coding	unlabeled_out_of_neutral_domain_T95	G[C>T]C	22	6.513601776191035e-05	6.309619588648728e-05	2.5737215634341137e-05	0.00013875662081998708	4014	22	7.012698412698412	0.2978723404255319	6.513601776191035e-05	6.309619588648728e-05	2.5737215634341137e-05	0.00013875662081998708	0.9	4000	position_bootstrap	mtDNA_position	False	paired nonparametric bootstrap of whole mtDNA positions
rna_coding	unlabeled_out_of_neutral_domain_T95	G[C>T]G	13	0.00013173084891154546	0.00012201425775260737	2.321751127322777e-05	0.00037108650641654094	4014	13	1.9342105263157898	0.7142857142857143	0.00013173084891154546	0.00012201425775260737	2.321751127322777e-05	0.00037108650641654094	0.9	4000	position_bootstrap	mtDNA_position	False	paired nonparametric bootstrap of whole mtDNA positions
rna_coding	unlabeled_out_of_neutral_domain_T95	G[C>T]T	32	0.0012297730548820251	0.0011363724794082584	2.9582942824950354e-05	0.003961503072074678	4014	32	1.0821228078870286	0.9612334801762115	0.0012297730548820251	0.0011363724794082584	2.9582942824950354e-05	0.003961503072074678	0.9	4000	position_bootstrap	mtDNA_position	False	paired nonparametric bootstrap of whole mtDNA positions
rna_coding	unlabeled_out_of_neutral_domain_T95	T[C>T]A	34	6.120313572338213e-05	5.9816233827081895e-05	2.8587801255047533e-05	0.00012330420618051453	4014	34	9.05329153605016	0.2894736842105263	6.120313572338213e-05	5.9816233827081895e-05	2.8587801255047533e-05	0.00012330420618051453	0.9	4000	position_bootstrap	mtDNA_position	False	paired nonparametric bootstrap of whole mtDNA positions
rna_coding	unlabeled_out_of_neutral_domain_T95	T[C>T]C	24	3.65681414997959e-05	3.68366045659597e-05	2.0407744341380083e-05	6.756867711847316e-05	4014	24	20.82857142857144	0.1111111111111111	3.65681414997959e-05	3.68366045659597e-05	2.0407744341380083e-05	6.756867711847316e-05	0.9	4000	position_bootstrap	mtDNA_position	False	paired nonparametric bootstrap of whole mtDNA positions
rna_coding	unlabeled_out_of_neutral_domain_T95	T[C>T]G	14	5.959252688855628e-05	5.897889267843145e-05	2.8232519386703954e-05	0.00011860548413560024	4014	14	10.8	0.16666666666666666	5.959252688855628e-05	5.897889267843145e-05	2.8232519386703954e-05	0.00011860548413560024	0.9	4000	position_bootstrap	mtDNA_position	False	paired nonparametric bootstrap of whole mtDNA positions
rna_coding	unlabeled_out_of_neutral_domain_T95	T[C>T]T	24	3.227928539796798e-05	3.229082269982665e-05	1.807434140530626e-05	5.918094971755215e-05	4014	24	22.533333333333328	0.07692307692307693	3.227928539796798e-05	3.229082269982665e-05	1.807434140530626e-05	5.918094971755215e-05	0.9	4000	position_bootstrap	mtDNA_position	False	paired nonparametric bootstrap of whole mtDNA positions
rna_coding	unlabeled_out_of_neutral_domain_T95	T[G>A]T	35	8.607809439458129e-05	8.612441415892065e-05	4.788298152208032e-05	0.000159143368757816	4014	35	18.449781659388652	0.13846153846153847	8.607809439458129e-05	8.612441415892065e-05	4.788298152208032e-05	0.000159143368757816	0.9	4000	position_bootstrap	mtDNA_position	False	paired nonparametric bootstrap of whole mtDNA positions
rna_coding	unlabeled_out_of_neutral_domain_T95	G[G>A]T	35	6.296568878790852e-05	6.322338684035914e-05	3.6674713497066376e-05	0.00011374567604467405	4014	35	28.509090909090904	0.05357142857142857	6.296568878790852e-05	6.322338684035914e-05	3.6674713497066376e-05	0.00011374567604467405	0.9	4000	position_bootstrap	mtDNA_position	False	paired nonparametric bootstrap of whole mtDNA positions
rna_coding	unlabeled_out_of_neutral_domain_T95	C[G>A]T	13	9.648313877194826e-05	9.501616172208333e-05	4.0679217539515306e-05	0.00019466754870399016	4014	13	8.140845070422536	0.20588235294117646	9.648313877194826e-05	9.501616172208333e-05	4.0679217539515306e-05	0.00019466754870399016	0.9	4000	position_bootstrap	mtDNA_position	False	paired nonparametric bootstrap of whole mtDNA positions
rna_coding	unlabeled_out_of_neutral_domain_T95	A[G>A]T	47	5.2049169054561815e-05	5.224284553086701e-05	3.023043396888966e-05	9.567786913569871e-05	4014	47	24.66839378238341	0.14492753623188406	5.2049169054561815e-05	5.224284553086701e-05	3.023043396888966e-05	9.567786913569871e-05	0.9	4000	position_bootstrap	mtDNA_position	False	paired nonparametric bootstrap of whole mtDNA positions
rna_coding	unlabeled_out_of_neutral_domain_T95	T[G>A]G	34	6.952461470331565e-05	6.952199211414717e-05	3.796940608006378e-05	0.00013323514026708608	4014	34	19.848101265822805	0.10714285714285714	6.952461470331565e-05	6.952199211414717e-05	3.796940608006378e-05	0.00013323514026708608	0.9	4000	position_bootstrap	mtDNA_position	False	paired nonparametric bootstrap of whole mtDNA positions
rna_coding	unlabeled_out_of_neutral_domain_T95	G[G>A]G	19	3.76373854032987e-05	3.7804235105533944e-05	1.9781339277743286e-05	7.126164919408869e-05	4014	19	15.999999999999996	0.125	3.76373854032987e-05	3.7804235105533944e-05	1.9781339277743286e-05	7.126164919408869e-05	0.9	4000	position_bootstrap	mtDNA_position	False	paired nonparametric bootstrap of whole mtDNA positions
rna_coding	unlabeled_out_of_neutral_domain_T95	C[G>A]G	15	9.409346350824675e-05	9.231118405429111e-05	3.9642379741739645e-05	0.0001905666484549868	4014	15	7.758620689655173	0.26666666666666666	9.409346350824675e-05	9.231118405429111e-05	3.9642379741739645e-05	0.0001905666484549868	0.9	4000	position_bootstrap	mtDNA_position	False	paired nonparametric bootstrap of whole mtDNA positions
rna_coding	unlabeled_out_of_neutral_domain_T95	A[G>A]G	42	7.112656435085749e-05	7.191650398694203e-05	4.0599534799603394e-05	0.00013073332727377913	4014	42	26.326923076923062	0.0945945945945946	7.112656435085749e-05	7.191650398694203e-05	4.0599534799603394e-05	0.00013073332727377913	0.9	4000	position_bootstrap	mtDNA_position	False	paired nonparametric bootstrap of whole mtDNA positions
rna_coding	unlabeled_out_of_neutral_domain_T95	T[G>A]C	25	5.598085859228014e-05	5.598349805606084e-05	3.067132184247286e-05	0.0001032342157411414	4014	25	18.84313725490197	0.12903225806451613	5.598085859228014e-05	5.598349805606084e-05	3.067132184247286e-05	0.0001032342157411414	0.9	4000	position_bootstrap	mtDNA_position	False	paired nonparametric bootstrap of whole mtDNA positions
rna_coding	unlabeled_out_of_neutral_domain_T95	G[G>A]C	22	6.810574501549289e-05	6.679743570375737e-05	3.275022656750194e-05	0.00013610026923212016	4014	22	10.389610389610386	0.225	6.810574501549289e-05	6.679743570375737e-05	3.275022656750194e-05	0.00013610026923212016	0.9	4000	position_bootstrap	mtDNA_position	False	paired nonparametric bootstrap of whole mtDNA positions
rna_coding	unlabeled_out_of_neutral_domain_T95	C[G>A]C	14	0.00010130729571054569	0.00010055314298222113	4.75726926988144e-05	0.00019912737652230076	4014	14	9.633333333333333	0.17647058823529413	0.00010130729571054569	0.00010055314298222113	4.75726926988144e-05	0.00019912737652230076	0.9	4000	position_bootstrap	mtDNA_position	False	paired nonparametric bootstrap of whole mtDNA positions
rna_coding	unlabeled_out_of_neutral_domain_T95	A[G>A]C	56	0.0001839275521251737	0.00016769111729267273	4.517141434936843e-05	0.00048708099217676564	4014	56	2.3638426626323743	0.648	0.0001839275521251737	0.00016769111729267273	4.517141434936843e-05	0.00048708099217676564	0.9	4000	position_bootstrap	mtDNA_position	False	paired nonparametric bootstrap of whole mtDNA positions
rna_coding	unlabeled_out_of_neutral_domain_T95	T[G>A]A	32	4.5246177822792725e-05	4.567001260323407e-05	2.5682924474681705e-05	8.24180638949687e-05	4014	32	25.089552238805975	0.0975609756097561	4.5246177822792725e-05	4.567001260323407e-05	2.5682924474681705e-05	8.24180638949687e-05	0.9	4000	position_bootstrap	mtDNA_position	False	paired nonparametric bootstrap of whole mtDNA positions
rna_coding	unlabeled_out_of_neutral_domain_T95	G[G>A]A	30	0.00011191767244923985	0.0001125092993985231	5.62737811857212e-05	0.0002165962171642948	4014	30	13.263982102908283	0.15584415584415584	0.00011191767244923985	0.0001125092993985231	5.62737811857212e-05	0.0002165962171642948	0.9	4000	position_bootstrap	mtDNA_position	False	paired nonparametric bootstrap of whole mtDNA positions
rna_coding	unlabeled_out_of_neutral_domain_T95	C[G>A]A	24	9.43548342402141e-05	9.426438424411118e-05	4.884819002231988e-05	0.0001825161195844871	4014	24	15.54545454545455	0.14035087719298245	9.43548342402141e-05	9.426438424411118e-05	4.884819002231988e-05	0.0001825161195844871	0.9	4000	position_bootstrap	mtDNA_position	False	paired nonparametric bootstrap of whole mtDNA positions
rna_coding	unlabeled_out_of_neutral_domain_T95	A[G>A]A	52	6.952461470331565e-05	6.981749449716572e-05	3.8353434776446437e-05	0.00013116979870357164	4014	52	18.905511811023658	0.15306122448979592	6.952461470331565e-05	6.981749449716572e-05	3.8353434776446437e-05	0.00013116979870357164	0.9	4000	position_bootstrap	mtDNA_position	False	paired nonparametric bootstrap of whole mtDNA positions
rna_coding	unlabeled_out_of_neutral_domain_T95	A[T>A]A	54	3.615726350541616e-05	3.639296841618811e-05	2.241946133708893e-05	6.326381904508118e-05	4014	54	54.00000000000004	0.018518518518518517	3.615726350541616e-05	3.639296841618811e-05	2.241946133708893e-05	6.326381904508118e-05	0.9	4000	position_bootstrap	mtDNA_position	False	paired nonparametric bootstrap of whole mtDNA positions
rna_coding	unlabeled_out_of_neutral_domain_T95	A[T>A]C	27	3.65681414997959e-05	3.713418889521352e-05	2.0856932044909275e-05	6.698311627312769e-05	4014	27	27.000000000000018	0.037037037037037035	3.65681414997959e-05	3.713418889521352e-05	2.0856932044909275e-05	6.698311627312769e-05	0.9	4000	position_bootstrap	mtDNA_position	False	paired nonparametric bootstrap of whole mtDNA positions
rna_coding	unlabeled_out_of_neutral_domain_T95	A[T>A]G	32	4.5403830010328594e-05	4.595274766636603e-05	2.689563857986271e-05	8.24122290582358e-05	4014	32	32.0	0.03125	4.5403830010328594e-05	4.595274766636603e-05	2.689563857986271e-05	8.24122290582358e-05	0.9	4000	position_bootstrap	mtDNA_position	False	paired nonparametric bootstrap of whole mtDNA positions
rna_coding	unlabeled_out_of_neutral_domain_T95	A[T>A]T	46	3.918412726918769e-05	3.9621118210547056e-05	2.3556975554030563e-05	6.941270589116485e-05	4014	46	42.66666666666671	0.0625	3.918412726918769e-05	3.9621118210547056e-05	2.3556975554030563e-05	6.941270589116485e-05	0.9	4000	position_bootstrap	mtDNA_position	False	paired nonparametric bootstrap of whole mtDNA positions
rna_coding	unlabeled_out_of_neutral_domain_T95	C[T>A]A	38	2.979626344427814e-05	3.0269172967228266e-05	1.784231219906389e-05	5.356230049151412e-05	4014	38	37.999999999999986	0.02631578947368421	2.979626344427814e-05	3.0269172967228266e-05	1.784231219906389e-05	5.356230049151412e-05	0.9	4000	position_bootstrap	mtDNA_position	False	paired nonparametric bootstrap of whole mtDNA positions
rna_coding	unlabeled_out_of_neutral_domain_T95	C[T>A]C	32	3.5980393593090585e-05	3.615325147567147e-05	2.1094924756343866e-05	6.403780927190915e-05	4014	32	32.0	0.03125	3.5980393593090585e-05	3.615325147567147e-05	2.1094924756343866e-05	6.403780927190915e-05	0.9	4000	position_bootstrap	mtDNA_position	False	paired nonparametric bootstrap of whole mtDNA positions
rna_coding	unlabeled_out_of_neutral_domain_T95	C[T>A]G	31	4.651124049838539e-05	4.675314680465806e-05	2.6991844293541333e-05	8.484426123924239e-05	4014	31	30.11764705882353	0.0625	4.651124049838539e-05	4.675314680465806e-05	2.6991844293541333e-05	8.484426123924239e-05	0.9	4000	position_bootstrap	mtDNA_position	False	paired nonparametric bootstrap of whole mtDNA positions
rna_coding	unlabeled_out_of_neutral_domain_T95	C[T>A]T	53	3.972835125903752e-05	4.020151158114301e-05	2.4361999036620564e-05	7.038580990654089e-05	4014	53	52.07142857142861	0.037037037037037035	3.972835125903752e-05	4.020151158114301e-05	2.4361999036620564e-05	7.038580990654089e-05	0.9	4000	position_bootstrap	mtDNA_position	False	paired nonparametric bootstrap of whole mtDNA positions
rna_coding	unlabeled_out_of_neutral_domain_T95	G[T>A]A	43	4.3431841630642706e-05	4.380471512238789e-05	2.6170271801146584e-05	7.673469704177054e-05	4014	43	42.999999999999964	0.023255813953488372	4.3431841630642706e-05	4.380471512238789e-05	2.6170271801146584e-05	7.673469704177054e-05	0.9	4000	position_bootstrap	mtDNA_position	False	paired nonparametric bootstrap of whole mtDNA positions
rna_coding	unlabeled_out_of_neutral_domain_T95	G[T>A]C	25	4.256609063468306e-05	4.2736516870814045e-05	2.4129027147343156e-05	7.885852901822106e-05	4014	25	25.000000000000004	0.04	4.256609063468306e-05	4.2736516870814045e-05	2.4129027147343156e-05	7.885852901822106e-05	0.9	4000	position_bootstrap	mtDNA_position	False	paired nonparametric bootstrap of whole mtDNA positions
rna_coding	unlabeled_out_of_neutral_domain_T95	G[T>A]G	24	3.76373854032987e-05	3.812893778276161e-05	2.1109236960950625e-05	6.983241121149882e-05	4014	24	23.999999999999993	0.041666666666666664	3.76373854032987e-05	3.812893778276161e-05	2.1109236960950625e-05	6.983241121149882e-05	0.9	4000	position_bootstrap	mtDNA_position	False	paired nonparametric bootstrap of whole mtDNA positions
rna_coding	unlabeled_out_of_neutral_domain_T95	G[T>A]T	49	4.56255283990509e-05	4.568954795253782e-05	2.805263668410145e-05	8.084113497986501e-05	4014	49	48.999999999999986	0.02040816326530612	4.56255283990509e-05	4.568954795253782e-05	2.805263668410145e-05	8.084113497986501e-05	0.9	4000	position_bootstrap	mtDNA_position	False	paired nonparametric bootstrap of whole mtDNA positions
rna_coding	unlabeled_out_of_neutral_domain_T95	T[T>A]A	72	0.003081784961951053	0.0028303133294275283	2.8594608923843254e-05	0.00991707956366335	4014	72	1.0256893928646575	0.987396408839779	0.003081784961951053	0.0028303133294275283	2.8594608923843254e-05	0.00991707956366335	0.9	4000	position_bootstrap	mtDNA_position	False	paired nonparametric bootstrap of whole mtDNA positions
rna_coding	unlabeled_out_of_neutral_domain_T95	T[T>A]C	40	4.414261251004169e-05	4.433862969867589e-05	2.6287248997230116e-05	7.85749656473614e-05	4014	40	39.99999999999997	0.025	4.414261251004169e-05	4.433862969867589e-05	2.6287248997230116e-05	7.85749656473614e-05	0.9	4000	position_bootstrap	mtDNA_position	False	paired nonparametric bootstrap of whole mtDNA positions
rna_coding	unlabeled_out_of_neutral_domain_T95	T[T>A]G	41	4.442352004419649e-05	4.500928695234799e-05	2.6488539395025472e-05	7.853962963886075e-05	4014	41	41.000000000000014	0.024390243902439025	4.442352004419649e-05	4.500928695234799e-05	2.6488539395025472e-05	7.853962963886075e-05	0.9	4000	position_bootstrap	mtDNA_position	False	paired nonparametric bootstrap of whole mtDNA positions
rna_coding	unlabeled_out_of_neutral_domain_T95	T[T>A]T	51	3.493355024501575e-05	3.5316975852016787e-05	2.1660573610661014e-05	6.169169073268554e-05	4014	51	50.99999999999993	0.0196078431372549	3.493355024501575e-05	3.5316975852016787e-05	2.1660573610661014e-05	6.169169073268554e-05	0.9	4000	position_bootstrap	mtDNA_position	False	paired nonparametric bootstrap of whole mtDNA positions
rna_coding	unlabeled_out_of_neutral_domain_T95	T[A>T]T	34	3.76373854032987e-05	3.797253348949246e-05	2.2325134570487617e-05	6.742551633589255e-05	4014	34	32.4	0.05555555555555555	3.76373854032987e-05	3.797253348949246e-05	2.2325134570487617e-05	6.742551633589255e-05	0.9	4000	position_bootstrap	mtDNA_position	False	paired nonparametric bootstrap of whole mtDNA positions
rna_coding	unlabeled_out_of_neutral_domain_T95	G[A>T]T	43	5.12495731241584e-05	5.1489903999824014e-05	3.048681775678147e-05	9.167415505351887e-05	4014	43	42.999999999999964	0.023255813953488372	5.12495731241584e-05	5.1489903999824014e-05	3.048681775678147e-05	9.167415505351887e-05	0.9	4000	position_bootstrap	mtDNA_position	False	paired nonparametric bootstrap of whole mtDNA positions
rna_coding	unlabeled_out_of_neutral_domain_T95	C[A>T]T	30	3.250501466648524e-05	3.263279709072415e-05	1.9121893696992436e-05	5.865187492298596e-05	4014	30	30.0	0.03333333333333333	3.250501466648524e-05	3.263279709072415e-05	1.9121893696992436e-05	5.865187492298596e-05	0.9	4000	position_bootstrap	mtDNA_position	False	paired nonparametric bootstrap of whole mtDNA positions
rna_coding	unlabeled_out_of_neutral_domain_T95	A[A>T]T	60	4.178326597933256e-05	4.2452927394947064e-05	2.5856622519261716e-05	7.335265166724065e-05	4014	60	59.06349206349202	0.03278688524590164	4.178326597933256e-05	4.2452927394947064e-05	2.5856622519261716e-05	7.335265166724065e-05	0.9	4000	position_bootstrap	mtDNA_position	False	paired nonparametric bootstrap of whole mtDNA positions
rna_coding	unlabeled_out_of_neutral_domain_T95	T[A>T]G	53	3.715769323639392e-05	3.7701843540309364e-05	2.260674180853799e-05	6.589193051724988e-05	4014	53	53.00000000000005	0.018867924528301886	3.715769323639392e-05	3.7701843540309364e-05	2.260674180853799e-05	6.589193051724988e-05	0.9	4000	position_bootstrap	mtDNA_position	False	paired nonparametric bootstrap of whole mtDNA positions
rna_coding	unlabeled_out_of_neutral_domain_T95	G[A>T]G	34	3.752122063353543e-05	3.755061215375625e-05	2.238322026193857e-05	6.736793193400316e-05	4014	34	34.000000000000014	0.029411764705882353	3.752122063353543e-05	3.755061215375625e-05	2.238322026193857e-05	6.736793193400316e-05	0.9	4000	position_bootstrap	mtDNA_position	False	paired nonparametric bootstrap of whole mtDNA positions
rna_coding	unlabeled_out_of_neutral_domain_T95	C[A>T]G	42	3.972835125903752e-05	4.013173862563173e-05	2.375372845555945e-05	7.065124005328617e-05	4014	42	42.000000000000036	0.023809523809523808	3.972835125903752e-05	4.013173862563173e-05	2.375372845555945e-05	7.065124005328617e-05	0.9	4000	position_bootstrap	mtDNA_position	False	paired nonparametric bootstrap of whole mtDNA positions
rna_coding	unlabeled_out_of_neutral_domain_T95	A[A>T]G	68	4.0499775555329504e-05	4.065872208385751e-05	2.5192692676230192e-05	7.032052527761725e-05	4014	68	64.47368421052624	0.04285714285714286	4.0499775555329504e-05	4.065872208385751e-05	2.5192692676230192e-05	7.032052527761725e-05	0.9	4000	position_bootstrap	mtDNA_position	False	paired nonparametric bootstrap of whole mtDNA positions
rna_coding	unlabeled_out_of_neutral_domain_T95	T[A>T]C	39	3.873514247756158e-05	3.919969476603499e-05	2.3156121878529414e-05	7.012675406014012e-05	4014	39	39.00000000000003	0.02564102564102564	3.873514247756158e-05	3.919969476603499e-05	2.3156121878529414e-05	7.012675406014012e-05	0.9	4000	position_bootstrap	mtDNA_position	False	paired nonparametric bootstrap of whole mtDNA positions
rna_coding	unlabeled_out_of_neutral_domain_T95	G[A>T]C	28	4.278437827896348e-05	4.3052853113217135e-05	2.4734044713511323e-05	7.886116664387276e-05	4014	28	27.999999999999986	0.03571428571428571	4.278437827896348e-05	4.3052853113217135e-05	2.4734044713511323e-05	7.886116664387276e-05	0.9	4000	position_bootstrap	mtDNA_position	False	paired nonparametric bootstrap of whole mtDNA positions
rna_coding	unlabeled_out_of_neutral_domain_T95	C[A>T]C	42	3.8825434184968484e-05	3.923402131068153e-05	2.3667288245275825e-05	6.929521157445902e-05	4014	42	41.08888888888886	0.046511627906976744	3.8825434184968484e-05	3.923402131068153e-05	2.3667288245275825e-05	6.929521157445902e-05	0.9	4000	position_bootstrap	mtDNA_position	False	paired nonparametric bootstrap of whole mtDNA positions
rna_coding	unlabeled_out_of_neutral_domain_T95	A[A>T]C	74	3.792251711089945e-05	3.8332509064360115e-05	2.3670672645964548e-05	6.622682647846734e-05	4014	74	71.43373493975916	0.025974025974025976	3.792251711089945e-05	3.8332509064360115e-05	2.3670672645964548e-05	6.622682647846734e-05	0.9	4000	position_bootstrap	mtDNA_position	False	paired nonparametric bootstrap of whole mtDNA positions
rna_coding	unlabeled_out_of_neutral_domain_T95	T[A>T]A	100	4.6978050393898374e-05	4.7444942645457556e-05	2.9680122430095332e-05	8.079842472111289e-05	4014	100	64.8	0.08333333333333333	4.6978050393898374e-05	4.7444942645457556e-05	2.9680122430095332e-05	8.079842472111289e-05	0.9	4000	position_bootstrap	mtDNA_position	False	paired nonparametric bootstrap of whole mtDNA positions
rna_coding	unlabeled_out_of_neutral_domain_T95	G[A>T]A	48	4.1127236866750106e-05	4.160328540117646e-05	2.595713772229152e-05	7.138368717072334e-05	4014	48	47.078431372549005	0.04081632653061224	4.1127236866750106e-05	4.160328540117646e-05	2.595713772229152e-05	7.138368717072334e-05	0.9	4000	position_bootstrap	mtDNA_position	False	paired nonparametric bootstrap of whole mtDNA positions
rna_coding	unlabeled_out_of_neutral_domain_T95	C[A>T]A	63	3.71769892515764e-05	3.762387835454188e-05	2.316814195491545e-05	6.576327079383858e-05	4014	63	57.80000000000002	0.04411764705882353	3.71769892515764e-05	3.762387835454188e-05	2.316814195491545e-05	6.576327079383858e-05	0.9	4000	position_bootstrap	mtDNA_position	False	paired nonparametric bootstrap of whole mtDNA positions
rna_coding	unlabeled_out_of_neutral_domain_T95	A[A>T]A	125	4.158379623542114e-05	4.226933053763575e-05	2.6472538004395943e-05	7.221686467271795e-05	4014	125	123.1221374045802	0.015748031496062992	4.158379623542114e-05	4.226933053763575e-05	2.6472538004395943e-05	7.221686467271795e-05	0.9	4000	position_bootstrap	mtDNA_position	False	paired nonparametric bootstrap of whole mtDNA positions
rna_coding	unlabeled_out_of_neutral_domain_T95	A[T>C]A	38	4.6870526766280217e-05	4.658660839385587e-05	2.5490039386484422e-05	8.690971932836862e-05	4014	38	18.01470588235294	0.17142857142857143	4.6870526766280217e-05	4.658660839385587e-05	2.5490039386484422e-05	8.690971932836862e-05	0.9	4000	position_bootstrap	mtDNA_position	False	paired nonparametric bootstrap of whole mtDNA positions
rna_coding	unlabeled_out_of_neutral_domain_T95	A[T>C]C	22	9.345191716614507e-05	9.247481896052114e-05	4.1436745593674665e-05	0.00018764331409008262	4014	22	8.8659217877095	0.2753623188405797	9.345191716614507e-05	9.247481896052114e-05	4.1436745593674665e-05	0.00018764331409008262	0.9	4000	position_bootstrap	mtDNA_position	False	paired nonparametric bootstrap of whole mtDNA positions
rna_coding	unlabeled_out_of_neutral_domain_T95	A[T>C]G	29	6.1011396576379045e-05	6.1022848408652874e-05	3.333358531197139e-05	0.00011469245305327234	4014	29	17.280373831775698	0.16279069767441862	6.1011396576379045e-05	6.1022848408652874e-05	3.333358531197139e-05	0.00011469245305327234	0.9	4000	position_bootstrap	mtDNA_position	False	paired nonparametric bootstrap of whole mtDNA positions
rna_coding	unlabeled_out_of_neutral_domain_T95	A[T>C]T	32	3.673511931486346e-05	3.655928904094335e-05	2.0238618421437742e-05	6.778367529340524e-05	4014	32	18.925233644859798	0.15555555555555556	3.673511931486346e-05	3.655928904094335e-05	2.0238618421437742e-05	6.778367529340524e-05	0.9	4000	position_bootstrap	mtDNA_position	False	paired nonparametric bootstrap of whole mtDNA positions
rna_coding	unlabeled_out_of_neutral_domain_T95	C[T>C]A	31	2.8228039052474025e-05	2.82676998602517e-05	1.6282631140507093e-05	5.1623669750897046e-05	4014	31	26.999999999999982	0.08333333333333333	2.8228039052474025e-05	2.82676998602517e-05	1.6282631140507093e-05	5.1623669750897046e-05	0.9	4000	position_bootstrap	mtDNA_position	False	paired nonparametric bootstrap of whole mtDNA positions
rna_coding	unlabeled_out_of_neutral_domain_T95	C[T>C]C	26	7.645833638531749e-05	7.571107826688853e-05	3.818057432503493e-05	0.0001443342349728882	4014	26	14.097560975609747	0.14705882352941177	7.645833638531749e-05	7.571107826688853e-05	3.818057432503493e-05	0.0001443342349728882	0.9	4000	position_bootstrap	mtDNA_position	False	paired nonparametric bootstrap of whole mtDNA positions
rna_coding	unlabeled_out_of_neutral_domain_T95	C[T>C]G	27	5.232514556068356e-05	5.218429889289683e-05	2.8628219497833925e-05	9.879648699273148e-05	4014	27	19.05882352941176	0.1111111111111111	5.232514556068356e-05	5.218429889289683e-05	2.8628219497833925e-05	9.879648699273148e-05	0.9	4000	position_bootstrap	mtDNA_position	False	paired nonparametric bootstrap of whole mtDNA positions
rna_coding	unlabeled_out_of_neutral_domain_T95	C[T>C]T	49	7.724957189257295e-05	7.676765060013699e-05	4.2103455872657616e-05	0.00014452151477683652	4014	49	15.72753209700429	0.19047619047619047	7.724957189257295e-05	7.676765060013699e-05	4.2103455872657616e-05	0.00014452151477683652	0.9	4000	position_bootstrap	mtDNA_position	False	paired nonparametric bootstrap of whole mtDNA positions
rna_coding	unlabeled_out_of_neutral_domain_T95	G[T>C]A	38	5.656239840269749e-05	5.618601030677121e-05	3.0169729163032744e-05	0.0001073787032817723	4014	38	16.6808510638298	0.19642857142857142	5.656239840269749e-05	5.618601030677121e-05	3.0169729163032744e-05	0.0001073787032817723	0.9	4000	position_bootstrap	mtDNA_position	False	paired nonparametric bootstrap of whole mtDNA positions
rna_coding	unlabeled_out_of_neutral_domain_T95	G[T>C]C	19	5.278195238700699e-05	5.188779351352324e-05	2.5904740021086447e-05	0.0001027316262905215	4014	19	11.305882352941174	0.1935483870967742	5.278195238700699e-05	5.188779351352324e-05	2.5904740021086447e-05	0.0001027316262905215	0.9	4000	position_bootstrap	mtDNA_position	False	paired nonparametric bootstrap of whole mtDNA positions
rna_coding	unlabeled_out_of_neutral_domain_T95	G[T>C]G	21	3.920560979510281e-05	3.933555789146011e-05	2.0960657459924928e-05	7.415919493373584e-05	4014	21	17.857142857142865	0.12	3.920560979510281e-05	3.933555789146011e-05	2.0960657459924928e-05	7.415919493373584e-05	0.9	4000	position_bootstrap	mtDNA_position	False	paired nonparametric bootstrap of whole mtDNA positions
rna_coding	unlabeled_out_of_neutral_domain_T95	G[T>C]T	44	6.611045951699213e-05	6.564697634127336e-05	3.549988990300179e-05	0.00012496567539830518	4014	44	16.747508305647827	0.18309859154929578	6.611045951699213e-05	6.564697634127336e-05	3.549988990300179e-05	0.00012496567539830518	0.9	4000	position_bootstrap	mtDNA_position	False	paired nonparametric bootstrap of whole mtDNA positions
rna_coding	unlabeled_out_of_neutral_domain_T95	T[T>C]A	60	4.416231903348367e-05	4.42087130296493e-05	2.5257045423319832e-05	8.25380695557218e-05	4014	60	23.673539518900377	0.1686746987951807	4.416231903348367e-05	4.42087130296493e-05	2.5257045423319832e-05	8.25380695557218e-05	0.9	4000	position_bootstrap	mtDNA_position	False	paired nonparametric bootstrap of whole mtDNA positions
rna_coding	unlabeled_out_of_neutral_domain_T95	T[T>C]C	35	4.855687376104585e-05	4.882648333232712e-05	2.8043913071775542e-05	8.699685168179852e-05	4014	35	27.657142857142876	0.09090909090909091	4.855687376104585e-05	4.882648333232712e-05	2.8043913071775542e-05	8.699685168179852e-05	0.9	4000	position_bootstrap	mtDNA_position	False	paired nonparametric bootstrap of whole mtDNA positions
rna_coding	unlabeled_out_of_neutral_domain_T95	T[T>C]G	37	6.717703031073616e-05	6.746621303771705e-05	3.828498780381785e-05	0.0001239543070319729	4014	37	25.289473684210527	0.0967741935483871	6.717703031073616e-05	6.746621303771705e-05	3.828498780381785e-05	0.0001239543070319729	0.9	4000	position_bootstrap	mtDNA_position	False	paired nonparametric bootstrap of whole mtDNA positions
rna_coding	unlabeled_out_of_neutral_domain_T95	T[T>C]T	47	4.589309541992265e-05	4.587489206986524e-05	2.7192143933978177e-05	8.376753376254797e-05	4014	47	29.33986928104574	0.08955223880597014	4.589309541992265e-05	4.587489206986524e-05	2.7192143933978177e-05	8.376753376254797e-05	0.9	4000	position_bootstrap	mtDNA_position	False	paired nonparametric bootstrap of whole mtDNA positions
rna_coding	unlabeled_out_of_neutral_domain_T95	T[A>G]T	26	3.0319004908212846e-05	3.053124485303487e-05	1.734362931287925e-05	5.571431004347153e-05	4014	26	22.729729729729737	0.10344827586206896	3.0319004908212846e-05	3.053124485303487e-05	1.734362931287925e-05	5.571431004347153e-05	0.9	4000	position_bootstrap	mtDNA_position	False	paired nonparametric bootstrap of whole mtDNA positions
rna_coding	unlabeled_out_of_neutral_domain_T95	G[A>G]T	41	5.8400676350785155e-05	5.843835369866824e-05	3.4511486806459376e-05	0.00010390081830150352	4014	41	33.816901408450704	0.08163265306122448	5.8400676350785155e-05	5.843835369866824e-05	3.4511486806459376e-05	0.00010390081830150352	0.9	4000	position_bootstrap	mtDNA_position	False	paired nonparametric bootstrap of whole mtDNA positions
rna_coding	unlabeled_out_of_neutral_domain_T95	C[A>G]T	28	4.5507020533079336e-05	4.5288624662733775e-05	2.4569127034483845e-05	8.529243304662587e-05	4014	28	17.639999999999993	0.14285714285714285	4.5507020533079336e-05	4.5288624662733775e-05	2.4569127034483845e-05	8.529243304662587e-05	0.9	4000	position_bootstrap	mtDNA_position	False	paired nonparametric bootstrap of whole mtDNA positions
rna_coding	unlabeled_out_of_neutral_domain_T95	A[A>G]T	45	4.109829440590088e-05	4.15359347182238e-05	2.4485355500865128e-05	7.4400422207038e-05	4014	45	32.727272727272755	0.06666666666666667	4.109829440590088e-05	4.15359347182238e-05	2.4485355500865128e-05	7.4400422207038e-05	0.9	4000	position_bootstrap	mtDNA_position	False	paired nonparametric bootstrap of whole mtDNA positions
rna_coding	unlabeled_out_of_neutral_domain_T95	T[A>G]G	49	4.206531309780443e-05	4.24295346189582e-05	2.4888916844543513e-05	7.628683187637834e-05	4014	49	37.50000000000003	0.08333333333333333	4.206531309780443e-05	4.24295346189582e-05	2.4888916844543513e-05	7.628683187637834e-05	0.9	4000	position_bootstrap	mtDNA_position	False	paired nonparametric bootstrap of whole mtDNA positions
rna_coding	unlabeled_out_of_neutral_domain_T95	G[A>G]G	36	9.15959209583365e-05	9.120450531069897e-05	4.586560114313091e-05	0.0001765824546382301	4014	36	12.107205623901589	0.18072289156626506	9.15959209583365e-05	9.120450531069897e-05	4.586560114313091e-05	0.0001765824546382301	0.9	4000	position_bootstrap	mtDNA_position	False	paired nonparametric bootstrap of whole mtDNA positions
rna_coding	unlabeled_out_of_neutral_domain_T95	C[A>G]G	41	4.9187482511189304e-05	4.9735429185084686e-05	2.8368412342640396e-05	8.899513875571095e-05	4014	41	28.166666666666682	0.09615384615384616	4.9187482511189304e-05	4.9735429185084686e-05	2.8368412342640396e-05	8.899513875571095e-05	0.9	4000	position_bootstrap	mtDNA_position	False	paired nonparametric bootstrap of whole mtDNA positions
rna_coding	unlabeled_out_of_neutral_domain_T95	A[A>G]G	64	9.83565977772288e-05	9.744360061563261e-05	4.958391551604893e-05	0.0001922524501436367	4014	64	11.653225806451601	0.21176470588235294	9.83565977772288e-05	9.744360061563261e-05	4.958391551604893e-05	0.0001922524501436367	0.9	4000	position_bootstrap	mtDNA_position	False	paired nonparametric bootstrap of whole mtDNA positions
rna_coding	unlabeled_out_of_neutral_domain_T95	T[A>G]C	31	5.4626482981176586e-05	5.37674982980493e-05	2.6978099764680276e-05	0.00010750510402828303	4014	31	12.148594377510046	0.23636363636363636	5.4626482981176586e-05	5.37674982980493e-05	2.6978099764680276e-05	0.00010750510402828303	0.9	4000	position_bootstrap	mtDNA_position	False	paired nonparametric bootstrap of whole mtDNA positions
rna_coding	unlabeled_out_of_neutral_domain_T95	G[A>G]C	23	7.945670251807504e-05	7.850975015865385e-05	3.828455799495046e-05	0.0001585295859140286	4014	23	9.86861313868613	0.25	7.945670251807504e-05	7.850975015865385e-05	3.828455799495046e-05	0.0001585295859140286	0.9	4000	position_bootstrap	mtDNA_position	False	paired nonparametric bootstrap of whole mtDNA positions
rna_coding	unlabeled_out_of_neutral_domain_T95	C[A>G]C	29	4.243710248124463e-05	4.2681783862498206e-05	2.326810273013138e-05	8.059154355742698e-05	4014	29	18.256198347107443	0.1276595744680851	4.243710248124463e-05	4.2681783862498206e-05	2.326810273013138e-05	8.059154355742698e-05	0.9	4000	position_bootstrap	mtDNA_position	False	paired nonparametric bootstrap of whole mtDNA positions
rna_coding	unlabeled_out_of_neutral_domain_T95	A[A>G]C	46	4.481752022197208e-05	4.5505968664631775e-05	2.5350177656463277e-05	8.347084672069093e-05	4014	46	22.201072386058975	0.12087912087912088	4.481752022197208e-05	4.5505968664631775e-05	2.5350177656463277e-05	8.347084672069093e-05	0.9	4000	position_bootstrap	mtDNA_position	False	paired nonparametric bootstrap of whole mtDNA positions
rna_coding	unlabeled_out_of_neutral_domain_T95	T[A>G]A	73	0.17805638059573287	0.1678376065974958	5.059360193460941e-05	0.3805528471623033	4014	73	1.9307514705101774	0.5952382115688104	0.17805638059573287	0.1678376065974958	5.059360193460941e-05	0.3805528471623033	0.9	4000	position_bootstrap	mtDNA_position	False	paired nonparametric bootstrap of whole mtDNA positions
rna_coding	unlabeled_out_of_neutral_domain_T95	G[A>G]A	48	0.2085629328022068	0.19947684376242214	4.847049595065165e-05	0.4553569413013404	4014	48	1.000507259560771	0.9997464656098709	0.2085629328022068	0.19947684376242214	4.847049595065165e-05	0.4553569413013404	0.9	4000	position_bootstrap	mtDNA_position	False	paired nonparametric bootstrap of whole mtDNA positions
rna_coding	unlabeled_out_of_neutral_domain_T95	C[A>G]A	52	8.419494624621712e-05	8.36305493537274e-05	4.161511826255935e-05	0.0001659841517379475	4014	52	11.23981042654028	0.19480519480519481	8.419494624621712e-05	8.36305493537274e-05	4.161511826255935e-05	0.0001659841517379475	0.9	4000	position_bootstrap	mtDNA_position	False	paired nonparametric bootstrap of whole mtDNA positions
rna_coding	unlabeled_out_of_neutral_domain_T95	A[A>G]A	96	4.387581650036561e-05	4.4425662843893315e-05	2.7075783895909895e-05	7.794372328046094e-05	4014	96	49.602209944751266	0.08208955223880597	4.387581650036561e-05	4.4425662843893315e-05	2.7075783895909895e-05	7.794372328046094e-05	0.9	4000	position_bootstrap	mtDNA_position	False	paired nonparametric bootstrap of whole mtDNA positions
rna_coding	unlabeled_out_of_neutral_domain_T95	A[T>G]A	55	3.7496421413024175e-05	3.765617361410096e-05	2.33171248612919e-05	6.507188031304329e-05	4014	55	54.06896551724134	0.03571428571428571	3.7496421413024175e-05	3.765617361410096e-05	2.33171248612919e-05	6.507188031304329e-05	0.9	4000	position_bootstrap	mtDNA_position	False	paired nonparametric bootstrap of whole mtDNA positions
rna_coding	unlabeled_out_of_neutral_domain_T95	A[T>G]C	27	3.65681414997959e-05	3.676432621620023e-05	2.0892013171074633e-05	6.681597998655418e-05	4014	27	27.000000000000018	0.037037037037037035	3.65681414997959e-05	3.676432621620023e-05	2.0892013171074633e-05	6.681597998655418e-05	0.9	4000	position_bootstrap	mtDNA_position	False	paired nonparametric bootstrap of whole mtDNA positions
rna_coding	unlabeled_out_of_neutral_domain_T95	A[T>G]G	32	4.682269969815136e-05	4.721672930915161e-05	2.767935114594064e-05	8.536600122219792e-05	4014	32	31.114285714285696	0.06060606060606061	4.682269969815136e-05	4.721672930915161e-05	2.767935114594064e-05	8.536600122219792e-05	0.9	4000	position_bootstrap	mtDNA_position	False	paired nonparametric bootstrap of whole mtDNA positions
rna_coding	unlabeled_out_of_neutral_domain_T95	A[T>G]T	46	3.75514552996382e-05	3.7959468161688636e-05	2.2697858277830317e-05	6.596386482145157e-05	4014	46	45.99999999999999	0.021739130434782608	3.75514552996382e-05	3.7959468161688636e-05	2.2697858277830317e-05	6.596386482145157e-05	0.9	4000	position_bootstrap	mtDNA_position	False	paired nonparametric bootstrap of whole mtDNA positions
rna_coding	unlabeled_out_of_neutral_domain_T95	C[T>G]A	40	3.136448783608225e-05	3.168278732999301e-05	1.871030337511362e-05	5.64932773686456e-05	4014	40	39.99999999999997	0.025	3.136448783608225e-05	3.168278732999301e-05	1.871030337511362e-05	5.64932773686456e-05	0.9	4000	position_bootstrap	mtDNA_position	False	paired nonparametric bootstrap of whole mtDNA positions
rna_coding	unlabeled_out_of_neutral_domain_T95	C[T>G]C	31	3.48560062933065e-05	3.4923248778521754e-05	2.034311529446838e-05	6.232958320854873e-05	4014	31	30.999999999999993	0.03225806451612903	3.48560062933065e-05	3.4923248778521754e-05	2.034311529446838e-05	6.232958320854873e-05	0.9	4000	position_bootstrap	mtDNA_position	False	paired nonparametric bootstrap of whole mtDNA positions
rna_coding	unlabeled_out_of_neutral_domain_T95	C[T>G]G	30	4.505776423281084e-05	4.505100194025025e-05	2.5902519781886397e-05	8.28252925816652e-05	4014	30	29.121212121212114	0.06451612903225806	4.505776423281084e-05	4.505100194025025e-05	2.5902519781886397e-05	8.28252925816652e-05	0.9	4000	position_bootstrap	mtDNA_position	False	paired nonparametric bootstrap of whole mtDNA positions
rna_coding	unlabeled_out_of_neutral_domain_T95	C[T>G]T	52	3.825693084203613e-05	3.870775650510259e-05	2.3505960721736424e-05	6.694593448425809e-05	4014	52	52.00000000000003	0.019230769230769232	3.825693084203613e-05	3.870775650510259e-05	2.3505960721736424e-05	6.694593448425809e-05	0.9	4000	position_bootstrap	mtDNA_position	False	paired nonparametric bootstrap of whole mtDNA positions
rna_coding	unlabeled_out_of_neutral_domain_T95	G[T>G]A	44	4.444188445926231e-05	4.484415933200762e-05	2.6850109799924773e-05	7.82088617916829e-05	4014	44	44.00000000000004	0.022727272727272728	4.444188445926231e-05	4.484415933200762e-05	2.6850109799924773e-05	7.82088617916829e-05	0.9	4000	position_bootstrap	mtDNA_position	False	paired nonparametric bootstrap of whole mtDNA positions
rna_coding	unlabeled_out_of_neutral_domain_T95	G[T>G]C	25	4.256609063468306e-05	4.2736516870814045e-05	2.4129027147343156e-05	7.885852901822106e-05	4014	25	25.000000000000004	0.04	4.256609063468306e-05	4.2736516870814045e-05	2.4129027147343156e-05	7.885852901822106e-05	0.9	4000	position_bootstrap	mtDNA_position	False	paired nonparametric bootstrap of whole mtDNA positions
rna_coding	unlabeled_out_of_neutral_domain_T95	G[T>G]G	22	3.4500936619690475e-05	3.4789160164344564e-05	1.933240693288616e-05	6.481774183290527e-05	4014	22	22.0	0.045454545454545456	3.4500936619690475e-05	3.4789160164344564e-05	1.933240693288616e-05	6.481774183290527e-05	0.9	4000	position_bootstrap	mtDNA_position	False	paired nonparametric bootstrap of whole mtDNA positions
rna_coding	unlabeled_out_of_neutral_domain_T95	G[T>G]T	50	4.748779486431829e-05	4.753543162348895e-05	2.9157914214241208e-05	8.473435216806213e-05	4014	50	49.07547169811315	0.0392156862745098	4.748779486431829e-05	4.753543162348895e-05	2.9157914214241208e-05	8.473435216806213e-05	0.9	4000	position_bootstrap	mtDNA_position	False	paired nonparametric bootstrap of whole mtDNA positions
rna_coding	unlabeled_out_of_neutral_domain_T95	T[T>G]A	73	3.9373633837081823e-05	3.9763199510143654e-05	2.4558677738399575e-05	6.882139766968297e-05	4014	73	72.05263157894728	0.02702702702702703	3.9373633837081823e-05	3.9763199510143654e-05	2.4558677738399575e-05	6.882139766968297e-05	0.9	4000	position_bootstrap	mtDNA_position	False	paired nonparametric bootstrap of whole mtDNA positions
rna_coding	unlabeled_out_of_neutral_domain_T95	T[T>G]C	41	4.634974313554377e-05	4.673229122250401e-05	2.7502844591920736e-05	8.280815640739925e-05	4014	41	40.090909090909115	0.047619047619047616	4.634974313554377e-05	4.673229122250401e-05	2.7502844591920736e-05	8.280815640739925e-05	0.9	4000	position_bootstrap	mtDNA_position	False	paired nonparametric bootstrap of whole mtDNA positions
rna_coding	unlabeled_out_of_neutral_domain_T95	T[T>G]G	43	4.659052102196218e-05	4.721144063553952e-05	2.7806531124606082e-05	8.262438261432893e-05	4014	43	42.999999999999964	0.023255813953488372	4.659052102196218e-05	4.721144063553952e-05	2.7806531124606082e-05	8.262438261432893e-05	0.9	4000	position_bootstrap	mtDNA_position	False	paired nonparametric bootstrap of whole mtDNA positions
rna_coding	unlabeled_out_of_neutral_domain_T95	T[T>G]T	55	3.7673436538742475e-05	3.816291098424183e-05	2.3474381522777115e-05	6.637261851857497e-05	4014	55	55.000000000000036	0.01818181818181818	3.7673436538742475e-05	3.816291098424183e-05	2.3474381522777115e-05	6.637261851857497e-05	0.9	4000	position_bootstrap	mtDNA_position	False	paired nonparametric bootstrap of whole mtDNA positions
rna_coding	unlabeled_out_of_neutral_domain_T95	T[A>C]T	35	3.868286833116811e-05	3.9192523656210394e-05	2.301320738071124e-05	6.947864782068265e-05	4014	35	31.837209302325586	0.08108108108108109	3.868286833116811e-05	3.9192523656210394e-05	2.301320738071124e-05	6.947864782068265e-05	0.9	4000	position_bootstrap	mtDNA_position	False	paired nonparametric bootstrap of whole mtDNA positions
rna_coding	unlabeled_out_of_neutral_domain_T95	G[A>C]T	43	5.363327419970065e-05	5.376428944190269e-05	3.229970569338821e-05	9.623935400916229e-05	4014	43	41.326530612244866	0.044444444444444446	5.363327419970065e-05	5.376428944190269e-05	3.229970569338821e-05	9.623935400916229e-05	0.9	4000	position_bootstrap	mtDNA_position	False	paired nonparametric bootstrap of whole mtDNA positions
rna_coding	unlabeled_out_of_neutral_domain_T95	C[A>C]T	30	6.392652884408765e-05	6.113118059861296e-05	2.5490448877676045e-05	0.000136782706269557	4014	30	5.87015177065767	0.3728813559322034	6.392652884408765e-05	6.113118059861296e-05	2.5490448877676045e-05	0.000136782706269557	0.9	4000	position_bootstrap	mtDNA_position	False	paired nonparametric bootstrap of whole mtDNA positions
rna_coding	unlabeled_out_of_neutral_domain_T95	A[A>C]T	59	4.657806699335433e-05	4.717652362066631e-05	2.7205563830616888e-05	8.384874222877994e-05	4014	59	29.265822784810094	0.14705882352941177	4.657806699335433e-05	4.717652362066631e-05	2.7205563830616888e-05	8.384874222877994e-05	0.9	4000	position_bootstrap	mtDNA_position	False	paired nonparametric bootstrap of whole mtDNA positions
rna_coding	unlabeled_out_of_neutral_domain_T95	T[A>C]G	55	3.855987033965407e-05	3.8994219330123216e-05	2.3521547111887123e-05	6.800999405814276e-05	4014	55	55.000000000000036	0.01818181818181818	3.855987033965407e-05	3.8994219330123216e-05	2.3521547111887123e-05	6.800999405814276e-05	0.9	4000	position_bootstrap	mtDNA_position	False	paired nonparametric bootstrap of whole mtDNA positions
rna_coding	unlabeled_out_of_neutral_domain_T95	G[A>C]G	36	3.972835125903752e-05	3.983365342677365e-05	2.3687161227827715e-05	7.120676428171965e-05	4014	36	36.0	0.027777777777777776	3.972835125903752e-05	3.983365342677365e-05	2.3687161227827715e-05	7.120676428171965e-05	0.9	4000	position_bootstrap	mtDNA_position	False	paired nonparametric bootstrap of whole mtDNA positions
rna_coding	unlabeled_out_of_neutral_domain_T95	C[A>C]G	41	3.8782438133822336e-05	3.920295715552393e-05	2.308089493922796e-05	6.840194597913457e-05	4014	41	41.000000000000014	0.024390243902439025	3.8782438133822336e-05	3.920295715552393e-05	2.308089493922796e-05	6.840194597913457e-05	0.9	4000	position_bootstrap	mtDNA_position	False	paired nonparametric bootstrap of whole mtDNA positions
rna_coding	unlabeled_out_of_neutral_domain_T95	A[A>C]G	69	3.992120733311051e-05	4.027654285628665e-05	2.4999288695915924e-05	6.944116747150421e-05	4014	69	69.00000000000004	0.014492753623188406	3.992120733311051e-05	4.027654285628665e-05	2.4999288695915924e-05	6.944116747150421e-05	0.9	4000	position_bootstrap	mtDNA_position	False	paired nonparametric bootstrap of whole mtDNA positions
rna_coding	unlabeled_out_of_neutral_domain_T95	T[A>C]C	42	4.171476882198939e-05	4.2213478584648064e-05	2.5050212916281434e-05	7.504210786537256e-05	4014	42	42.000000000000036	0.023809523809523808	4.171476882198939e-05	4.2213478584648064e-05	2.5050212916281434e-05	7.504210786537256e-05	0.9	4000	position_bootstrap	mtDNA_position	False	paired nonparametric bootstrap of whole mtDNA positions
rna_coding	unlabeled_out_of_neutral_domain_T95	G[A>C]C	26	3.972835125903752e-05	4.020323709771296e-05	2.269599390815465e-05	7.352625322331596e-05	4014	26	25.999999999999993	0.038461538461538464	3.972835125903752e-05	4.020323709771296e-05	2.269599390815465e-05	7.352625322331596e-05	0.9	4000	position_bootstrap	mtDNA_position	False	paired nonparametric bootstrap of whole mtDNA positions
rna_coding	unlabeled_out_of_neutral_domain_T95	C[A>C]C	38	3.611668296276138e-05	3.625800952226031e-05	2.1720134924200283e-05	6.54384930630182e-05	4014	38	34.78260869565215	0.075	3.611668296276138e-05	3.625800952226031e-05	2.1720134924200283e-05	6.54384930630182e-05	0.9	4000	position_bootstrap	mtDNA_position	False	paired nonparametric bootstrap of whole mtDNA positions
rna_coding	unlabeled_out_of_neutral_domain_T95	A[A>C]C	73	3.644501644424103e-05	3.698299626712413e-05	2.285179953736795e-05	6.397882790301142e-05	4014	73	72.0526315789473	0.02702702702702703	3.644501644424103e-05	3.698299626712413e-05	2.285179953736795e-05	6.397882790301142e-05	0.9	4000	position_bootstrap	mtDNA_position	False	paired nonparametric bootstrap of whole mtDNA positions
rna_coding	unlabeled_out_of_neutral_domain_T95	T[A>C]A	102	4.436815870534847e-05	4.485439594883587e-05	2.848490392735279e-05	7.620201807981107e-05	4014	102	102.0	0.00980392156862745	4.436815870534847e-05	4.485439594883587e-05	2.848490392735279e-05	7.620201807981107e-05	0.9	4000	position_bootstrap	mtDNA_position	False	paired nonparametric bootstrap of whole mtDNA positions
rna_coding	unlabeled_out_of_neutral_domain_T95	G[A>C]A	49	4.1127236866750106e-05	4.1666151266217085e-05	2.608162224780369e-05	7.092967955799787e-05	4014	49	48.999999999999986	0.02040816326530612	4.1127236866750106e-05	4.1666151266217085e-05	2.608162224780369e-05	7.092967955799787e-05	0.9	4000	position_bootstrap	mtDNA_position	False	paired nonparametric bootstrap of whole mtDNA positions
rna_coding	unlabeled_out_of_neutral_domain_T95	C[A>C]A	69	3.881715054208712e-05	3.935182826497152e-05	2.4355009249381984e-05	6.833791333049052e-05	4014	69	67.21333333333332	0.028169014084507043	3.881715054208712e-05	3.935182826497152e-05	2.4355009249381984e-05	6.833791333049052e-05	0.9	4000	position_bootstrap	mtDNA_position	False	paired nonparametric bootstrap of whole mtDNA positions
rna_coding	unlabeled_out_of_neutral_domain_T95	A[A>C]A	122	3.9946638903317946e-05	4.061324003769613e-05	2.543899110149053e-05	6.926357874518278e-05	4014	122	121.99999999999994	0.00819672131147541	3.9946638903317946e-05	4.061324003769613e-05	2.543899110149053e-05	6.926357874518278e-05	0.9	4000	position_bootstrap	mtDNA_position	False	paired nonparametric bootstrap of whole mtDNA positions
