feature_panel	repeat	fold	model	metric	value	threshold	n_test	n_pathogenic_test
current_all_9	1	1	random_forest	roc_auc	0.9941389599317988	0.009112110405822538	1673	17
current_all_9	1	1	random_forest	average_precision	0.7845973735858595	0.009112110405822538	1673	17
current_all_9	1	1	random_forest	balanced_accuracy	0.9752415458937198	0.009112110405822538	1673	17
current_all_9	1	1	random_forest	sensitivity	1.0	0.009112110405822538	1673	17
current_all_9	1	1	random_forest	specificity	0.9504830917874396	0.009112110405822538	1673	17
current_all_9	1	1	random_forest	precision	0.1717171717171717	0.009112110405822538	1673	17
current_all_9	1	1	random_forest	f1	0.29310344827586204	0.009112110405822538	1673	17
current_all_9	1	1	random_forest	mcc	0.40399785678482514	0.009112110405822538	1673	17
current_all_9	1	1	isolation_forest	roc_auc	0.9462915601023018	0.10307492927315043	1673	17
current_all_9	1	1	isolation_forest	average_precision	0.4558640475995108	0.10307492927315043	1673	17
current_all_9	1	1	isolation_forest	balanced_accuracy	0.8309001136686559	0.10307492927315043	1673	17
current_all_9	1	1	isolation_forest	sensitivity	0.7058823529411765	0.10307492927315043	1673	17
current_all_9	1	1	isolation_forest	specificity	0.9559178743961353	0.10307492927315043	1673	17
current_all_9	1	1	isolation_forest	precision	0.1411764705882353	0.10307492927315043	1673	17
current_all_9	1	1	isolation_forest	f1	0.23529411764705882	0.10307492927315043	1673	17
current_all_9	1	1	isolation_forest	mcc	0.30223644132625904	0.10307492927315043	1673	17
without_phyloP	1	1	random_forest	roc_auc	0.9564151747655584	0.03235499989695901	1673	17
without_phyloP	1	1	random_forest	average_precision	0.2683892788557476	0.03235499989695901	1673	17
without_phyloP	1	1	random_forest	balanced_accuracy	0.8296923842000569	0.03235499989695901	1673	17
without_phyloP	1	1	random_forest	sensitivity	0.7058823529411765	0.03235499989695901	1673	17
without_phyloP	1	1	random_forest	specificity	0.9535024154589372	0.03235499989695901	1673	17
without_phyloP	1	1	random_forest	precision	0.1348314606741573	0.03235499989695901	1673	17
without_phyloP	1	1	random_forest	f1	0.22641509433962265	0.03235499989695901	1673	17
without_phyloP	1	1	random_forest	mcc	0.2946598380425876	0.03235499989695901	1673	17
without_phyloP	1	1	isolation_forest	roc_auc	0.9078573458368855	0.11115028076095777	1673	17
without_phyloP	1	1	isolation_forest	average_precision	0.22356941155604784	0.11115028076095777	1673	17
without_phyloP	1	1	isolation_forest	balanced_accuracy	0.7699630576868428	0.11115028076095777	1673	17
without_phyloP	1	1	isolation_forest	sensitivity	0.5882352941176471	0.11115028076095777	1673	17
without_phyloP	1	1	isolation_forest	specificity	0.9516908212560387	0.11115028076095777	1673	17
without_phyloP	1	1	isolation_forest	precision	0.1111111111111111	0.11115028076095777	1673	17
without_phyloP	1	1	isolation_forest	f1	0.18691588785046728	0.11115028076095777	1673	17
without_phyloP	1	1	isolation_forest	mcc	0.24000884605138176	0.11115028076095777	1673	17
mlc_and_codon_only	1	1	random_forest	roc_auc	0.8066034384768401	0.02877571089754448	1673	17
mlc_and_codon_only	1	1	random_forest	average_precision	0.10519891381746758	0.02877571089754448	1673	17
mlc_and_codon_only	1	1	random_forest	balanced_accuracy	0.713856919579426	0.02877571089754448	1673	17
mlc_and_codon_only	1	1	random_forest	sensitivity	0.47058823529411764	0.02877571089754448	1673	17
mlc_and_codon_only	1	1	random_forest	specificity	0.9571256038647343	0.02877571089754448	1673	17
mlc_and_codon_only	1	1	random_forest	precision	0.10126582278481013	0.02877571089754448	1673	17
mlc_and_codon_only	1	1	random_forest	f1	0.16666666666666666	0.02877571089754448	1673	17
mlc_and_codon_only	1	1	random_forest	mcc	0.2022321622408862	0.02877571089754448	1673	17
mlc_and_codon_only	1	1	isolation_forest	roc_auc	0.9175547030406366	0.14032812349253013	1673	17
mlc_and_codon_only	1	1	isolation_forest	average_precision	0.16805552050058165	0.14032812349253013	1673	17
mlc_and_codon_only	1	1	isolation_forest	balanced_accuracy	0.6259235578289287	0.14032812349253013	1673	17
mlc_and_codon_only	1	1	isolation_forest	sensitivity	0.29411764705882354	0.14032812349253013	1673	17
mlc_and_codon_only	1	1	isolation_forest	specificity	0.9577294685990339	0.14032812349253013	1673	17
mlc_and_codon_only	1	1	isolation_forest	precision	0.06666666666666667	0.14032812349253013	1673	17
mlc_and_codon_only	1	1	isolation_forest	f1	0.10869565217391304	0.14032812349253013	1673	17
mlc_and_codon_only	1	1	isolation_forest	mcc	0.12205978175203096	0.14032812349253013	1673	17
mlc_only	1	1	random_forest	roc_auc	0.7204816709292412	0.017641665296402268	1673	17
mlc_only	1	1	random_forest	average_precision	0.10858677776521736	0.017641665296402268	1673	17
mlc_only	1	1	random_forest	balanced_accuracy	0.6486928104575164	0.017641665296402268	1673	17
mlc_only	1	1	random_forest	sensitivity	0.35294117647058826	0.017641665296402268	1673	17
mlc_only	1	1	random_forest	specificity	0.9444444444444444	0.017641665296402268	1673	17
mlc_only	1	1	random_forest	precision	0.061224489795918366	0.017641665296402268	1673	17
mlc_only	1	1	random_forest	f1	0.10434782608695652	0.017641665296402268	1673	17
mlc_only	1	1	random_forest	mcc	0.1270051336499483	0.017641665296402268	1673	17
mlc_only	1	1	isolation_forest	roc_auc	0.921817277635692	0.09922124365999457	1673	17
mlc_only	1	1	isolation_forest	average_precision	0.09769335910909847	0.09922124365999457	1673	17
mlc_only	1	1	isolation_forest	balanced_accuracy	0.709931798806479	0.09922124365999457	1673	17
mlc_only	1	1	isolation_forest	sensitivity	0.47058823529411764	0.09922124365999457	1673	17
mlc_only	1	1	isolation_forest	specificity	0.9492753623188406	0.09922124365999457	1673	17
mlc_only	1	1	isolation_forest	precision	0.08695652173913043	0.09922124365999457	1673	17
mlc_only	1	1	isolation_forest	f1	0.14678899082568808	0.09922124365999457	1673	17
mlc_only	1	1	isolation_forest	mcc	0.18471535587728005	0.09922124365999457	1673	17
current_all_9	1	2	random_forest	roc_auc	0.992260996130498	0.005947955975490115	1674	17
current_all_9	1	2	random_forest	average_precision	0.7622067830476127	0.005947955975490115	1674	17
current_all_9	1	2	random_forest	balanced_accuracy	0.9652987326493663	0.005947955975490115	1674	17
current_all_9	1	2	random_forest	sensitivity	1.0	0.005947955975490115	1674	17
current_all_9	1	2	random_forest	specificity	0.9305974652987327	0.005947955975490115	1674	17
current_all_9	1	2	random_forest	precision	0.12878787878787878	0.005947955975490115	1674	17
current_all_9	1	2	random_forest	f1	0.22818791946308725	0.005947955975490115	1674	17
current_all_9	1	2	random_forest	mcc	0.34619311599337216	0.005947955975490115	1674	17
current_all_9	1	2	isolation_forest	roc_auc	0.9710674855337427	0.09404219151895041	1674	17
current_all_9	1	2	isolation_forest	average_precision	0.6204679657335278	0.09404219151895041	1674	17
current_all_9	1	2	isolation_forest	balanced_accuracy	0.8812879406439703	0.09404219151895041	1674	17
current_all_9	1	2	isolation_forest	sensitivity	0.8235294117647058	0.09404219151895041	1674	17
current_all_9	1	2	isolation_forest	specificity	0.9390464695232348	0.09404219151895041	1674	17
current_all_9	1	2	isolation_forest	precision	0.12173913043478261	0.09404219151895041	1674	17
current_all_9	1	2	isolation_forest	f1	0.21212121212121213	0.09404219151895041	1674	17
current_all_9	1	2	isolation_forest	mcc	0.30227122247597155	0.09404219151895041	1674	17
without_phyloP	1	2	random_forest	roc_auc	0.9573467286733643	0.03345164091512415	1674	17
without_phyloP	1	2	random_forest	average_precision	0.29224390864602023	0.03345164091512415	1674	17
without_phyloP	1	2	random_forest	balanced_accuracy	0.9085874542937271	0.03345164091512415	1674	17
without_phyloP	1	2	random_forest	sensitivity	0.8823529411764706	0.03345164091512415	1674	17
without_phyloP	1	2	random_forest	specificity	0.9348219674109837	0.03345164091512415	1674	17
without_phyloP	1	2	random_forest	precision	0.12195121951219512	0.03345164091512415	1674	17
without_phyloP	1	2	random_forest	f1	0.21428571428571427	0.03345164091512415	1674	17
without_phyloP	1	2	random_forest	mcc	0.31400913561868515	0.03345164091512415	1674	17
without_phyloP	1	2	isolation_forest	roc_auc	0.9502644751322376	0.11069406702811474	1674	17
without_phyloP	1	2	isolation_forest	average_precision	0.3952649017399267	0.11069406702811474	1674	17
without_phyloP	1	2	isolation_forest	balanced_accuracy	0.7969753984876993	0.11069406702811474	1674	17
without_phyloP	1	2	isolation_forest	sensitivity	0.6470588235294118	0.11069406702811474	1674	17
without_phyloP	1	2	isolation_forest	specificity	0.9468919734459867	0.11069406702811474	1674	17
without_phyloP	1	2	isolation_forest	precision	0.1111111111111111	0.11069406702811474	1674	17
without_phyloP	1	2	isolation_forest	f1	0.1896551724137931	0.11069406702811474	1674	17
without_phyloP	1	2	isolation_forest	mcc	0.25245170487541385	0.11069406702811474	1674	17
mlc_and_codon_only	1	2	random_forest	roc_auc	0.876122688061344	0.03530009956402417	1674	17
mlc_and_codon_only	1	2	random_forest	average_precision	0.1356742805100047	0.03530009956402417	1674	17
mlc_and_codon_only	1	2	random_forest	balanced_accuracy	0.7366431183215592	0.03530009956402417	1674	17
mlc_and_codon_only	1	2	random_forest	sensitivity	0.5294117647058824	0.03530009956402417	1674	17
mlc_and_codon_only	1	2	random_forest	specificity	0.943874471937236	0.03530009956402417	1674	17
mlc_and_codon_only	1	2	random_forest	precision	0.08823529411764706	0.03530009956402417	1674	17
mlc_and_codon_only	1	2	random_forest	f1	0.15126050420168066	0.03530009956402417	1674	17
mlc_and_codon_only	1	2	random_forest	mcc	0.1983733070125046	0.03530009956402417	1674	17
mlc_and_codon_only	1	2	isolation_forest	roc_auc	0.9172139586069794	0.13014517159680297	1674	17
mlc_and_codon_only	1	2	isolation_forest	average_precision	0.10378647550548013	0.13014517159680297	1674	17
mlc_and_codon_only	1	2	isolation_forest	balanced_accuracy	0.699989349994675	0.13014517159680297	1674	17
mlc_and_codon_only	1	2	isolation_forest	sensitivity	0.47058823529411764	0.13014517159680297	1674	17
mlc_and_codon_only	1	2	isolation_forest	specificity	0.9293904646952323	0.13014517159680297	1674	17
mlc_and_codon_only	1	2	isolation_forest	precision	0.064	0.13014517159680297	1674	17
mlc_and_codon_only	1	2	isolation_forest	f1	0.11267605633802817	0.13014517159680297	1674	17
mlc_and_codon_only	1	2	isolation_forest	mcc	0.1525604159177498	0.13014517159680297	1674	17
mlc_only	1	2	random_forest	roc_auc	0.6656253328126663	0.04799123600061259	1674	17
mlc_only	1	2	random_forest	average_precision	0.046104850479122376	0.04799123600061259	1674	17
mlc_only	1	2	random_forest	balanced_accuracy	0.6496148248074124	0.04799123600061259	1674	17
mlc_only	1	2	random_forest	sensitivity	0.35294117647058826	0.04799123600061259	1674	17
mlc_only	1	2	random_forest	specificity	0.9462884731442366	0.04799123600061259	1674	17
mlc_only	1	2	random_forest	precision	0.06315789473684211	0.04799123600061259	1674	17
mlc_only	1	2	random_forest	f1	0.10714285714285714	0.04799123600061259	1674	17
mlc_only	1	2	random_forest	mcc	0.12966939103860753	0.04799123600061259	1674	17
mlc_only	1	2	isolation_forest	roc_auc	0.899605949802975	0.09399649028052492	1674	17
mlc_only	1	2	isolation_forest	average_precision	0.06644467374654461	0.09399649028052492	1674	17
mlc_only	1	2	isolation_forest	balanced_accuracy	0.676310838155419	0.09399649028052492	1674	17
mlc_only	1	2	isolation_forest	sensitivity	0.4117647058823529	0.09399649028052492	1674	17
mlc_only	1	2	isolation_forest	specificity	0.9408569704284853	0.09399649028052492	1674	17
mlc_only	1	2	isolation_forest	precision	0.06666666666666667	0.09399649028052492	1674	17
mlc_only	1	2	isolation_forest	f1	0.11475409836065574	0.09399649028052492	1674	17
mlc_only	1	2	isolation_forest	mcc	0.14581043286425704	0.09399649028052492	1674	17
current_all_9	1	3	random_forest	roc_auc	0.9966787439613527	0.012084854347332917	1672	16
current_all_9	1	3	random_forest	average_precision	0.7305098051247265	0.012084854347332917	1672	16
current_all_9	1	3	random_forest	balanced_accuracy	0.981280193236715	0.012084854347332917	1672	16
current_all_9	1	3	random_forest	sensitivity	1.0	0.012084854347332917	1672	16
current_all_9	1	3	random_forest	specificity	0.9625603864734299	0.012084854347332917	1672	16
current_all_9	1	3	random_forest	precision	0.20512820512820512	0.012084854347332917	1672	16
current_all_9	1	3	random_forest	f1	0.3404255319148936	0.012084854347332917	1672	16
current_all_9	1	3	random_forest	mcc	0.4443515324659139	0.012084854347332917	1672	16
current_all_9	1	3	isolation_forest	roc_auc	0.9710144927536232	0.10441961278959808	1672	16
current_all_9	1	3	isolation_forest	average_precision	0.3796398144836334	0.10441961278959808	1672	16
current_all_9	1	3	isolation_forest	balanced_accuracy	0.8817934782608696	0.10441961278959808	1672	16
current_all_9	1	3	isolation_forest	sensitivity	0.8125	0.10441961278959808	1672	16
current_all_9	1	3	isolation_forest	specificity	0.9510869565217391	0.10441961278959808	1672	16
current_all_9	1	3	isolation_forest	precision	0.13829787234042554	0.10441961278959808	1672	16
current_all_9	1	3	isolation_forest	f1	0.23636363636363636	0.10441961278959808	1672	16
current_all_9	1	3	isolation_forest	mcc	0.32272397680483667	0.10441961278959808	1672	16
without_phyloP	1	3	random_forest	roc_auc	0.936160175120773	0.044625785887431886	1672	16
without_phyloP	1	3	random_forest	average_precision	0.41483051533993076	0.044625785887431886	1672	16
without_phyloP	1	3	random_forest	balanced_accuracy	0.8457125603864735	0.044625785887431886	1672	16
without_phyloP	1	3	random_forest	sensitivity	0.75	0.044625785887431886	1672	16
without_phyloP	1	3	random_forest	specificity	0.9414251207729468	0.044625785887431886	1672	16
without_phyloP	1	3	random_forest	precision	0.11009174311926606	0.044625785887431886	1672	16
without_phyloP	1	3	random_forest	f1	0.192	0.044625785887431886	1672	16
without_phyloP	1	3	random_forest	mcc	0.2726732746483014	0.044625785887431886	1672	16
without_phyloP	1	3	isolation_forest	roc_auc	0.9332729468599035	0.11529014215123504	1672	16
without_phyloP	1	3	isolation_forest	average_precision	0.191507265850906	0.11529014215123504	1672	16
without_phyloP	1	3	isolation_forest	balanced_accuracy	0.8454106280193237	0.11529014215123504	1672	16
without_phyloP	1	3	isolation_forest	sensitivity	0.75	0.11529014215123504	1672	16
without_phyloP	1	3	isolation_forest	specificity	0.9408212560386473	0.11529014215123504	1672	16
without_phyloP	1	3	isolation_forest	precision	0.10909090909090909	0.11529014215123504	1672	16
without_phyloP	1	3	isolation_forest	f1	0.19047619047619047	0.11529014215123504	1672	16
without_phyloP	1	3	isolation_forest	mcc	0.2712807592203974	0.11529014215123504	1672	16
mlc_and_codon_only	1	3	random_forest	roc_auc	0.7754189311594204	0.13841291721818075	1672	16
mlc_and_codon_only	1	3	random_forest	average_precision	0.2213857831883695	0.13841291721818075	1672	16
mlc_and_codon_only	1	3	random_forest	balanced_accuracy	0.6693840579710144	0.13841291721818075	1672	16
mlc_and_codon_only	1	3	random_forest	sensitivity	0.375	0.13841291721818075	1672	16
mlc_and_codon_only	1	3	random_forest	specificity	0.9637681159420289	0.13841291721818075	1672	16
mlc_and_codon_only	1	3	random_forest	precision	0.09090909090909091	0.13841291721818075	1672	16
mlc_and_codon_only	1	3	random_forest	f1	0.14634146341463414	0.13841291721818075	1672	16
mlc_and_codon_only	1	3	random_forest	mcc	0.16937446956094362	0.13841291721818075	1672	16
mlc_and_codon_only	1	3	isolation_forest	roc_auc	0.875943538647343	0.13912634683447622	1672	16
mlc_and_codon_only	1	3	isolation_forest	average_precision	0.10135442942626399	0.13912634683447622	1672	16
mlc_and_codon_only	1	3	isolation_forest	balanced_accuracy	0.5701992753623188	0.13912634683447622	1672	16
mlc_and_codon_only	1	3	isolation_forest	sensitivity	0.1875	0.13912634683447622	1672	16
mlc_and_codon_only	1	3	isolation_forest	specificity	0.9528985507246377	0.13912634683447622	1672	16
mlc_and_codon_only	1	3	isolation_forest	precision	0.037037037037037035	0.13912634683447622	1672	16
mlc_and_codon_only	1	3	isolation_forest	f1	0.061855670103092786	0.13912634683447622	1672	16
mlc_and_codon_only	1	3	isolation_forest	mcc	0.06366125311472975	0.13912634683447622	1672	16
mlc_only	1	3	random_forest	roc_auc	0.6712711352657005	0.058118513368315076	1672	16
mlc_only	1	3	random_forest	average_precision	0.03673211539347345	0.058118513368315076	1672	16
mlc_only	1	3	random_forest	balanced_accuracy	0.6293780193236715	0.058118513368315076	1672	16
mlc_only	1	3	random_forest	sensitivity	0.3125	0.058118513368315076	1672	16
mlc_only	1	3	random_forest	specificity	0.946256038647343	0.058118513368315076	1672	16
mlc_only	1	3	random_forest	precision	0.05319148936170213	0.058118513368315076	1672	16
mlc_only	1	3	random_forest	f1	0.09090909090909091	0.058118513368315076	1672	16
mlc_only	1	3	random_forest	mcc	0.10936118945106565	0.058118513368315076	1672	16
mlc_only	1	3	isolation_forest	roc_auc	0.8766606280193238	0.115513621708628	1672	16
mlc_only	1	3	isolation_forest	average_precision	0.05340061274593815	0.115513621708628	1672	16
mlc_only	1	3	isolation_forest	balanced_accuracy	0.63118961352657	0.115513621708628	1672	16
mlc_only	1	3	isolation_forest	sensitivity	0.3125	0.115513621708628	1672	16
mlc_only	1	3	isolation_forest	specificity	0.9498792270531401	0.115513621708628	1672	16
mlc_only	1	3	isolation_forest	precision	0.056818181818181816	0.115513621708628	1672	16
mlc_only	1	3	isolation_forest	f1	0.09615384615384616	0.115513621708628	1672	16
mlc_only	1	3	isolation_forest	mcc	0.11439332437853407	0.115513621708628	1672	16
current_all_9	1	4	random_forest	roc_auc	0.9976911054276784	0.007657393222553779	1673	17
current_all_9	1	4	random_forest	average_precision	0.8834302912793079	0.007657393222553779	1673	17
current_all_9	1	4	random_forest	balanced_accuracy	0.9682971014492754	0.007657393222553779	1673	17
current_all_9	1	4	random_forest	sensitivity	1.0	0.007657393222553779	1673	17
current_all_9	1	4	random_forest	specificity	0.9365942028985508	0.007657393222553779	1673	17
current_all_9	1	4	random_forest	precision	0.13934426229508196	0.007657393222553779	1673	17
current_all_9	1	4	random_forest	f1	0.2446043165467626	0.007657393222553779	1673	17
current_all_9	1	4	random_forest	mcc	0.36126033310169675	0.007657393222553779	1673	17
current_all_9	1	4	isolation_forest	roc_auc	0.9812801932367149	0.09741510266540755	1673	17
current_all_9	1	4	isolation_forest	average_precision	0.6123709658206609	0.09741510266540755	1673	17
current_all_9	1	4	isolation_forest	balanced_accuracy	0.9449239840863881	0.09741510266540755	1673	17
current_all_9	1	4	isolation_forest	sensitivity	0.9411764705882353	0.09741510266540755	1673	17
current_all_9	1	4	isolation_forest	specificity	0.9486714975845411	0.09741510266540755	1673	17
current_all_9	1	4	isolation_forest	precision	0.15841584158415842	0.09741510266540755	1673	17
current_all_9	1	4	isolation_forest	f1	0.2711864406779661	0.09741510266540755	1673	17
current_all_9	1	4	isolation_forest	mcc	0.3746998181365822	0.09741510266540755	1673	17
without_phyloP	1	4	random_forest	roc_auc	0.9260088093208296	0.026897592146460095	1673	17
without_phyloP	1	4	random_forest	average_precision	0.21051908261653243	0.026897592146460095	1673	17
without_phyloP	1	4	random_forest	balanced_accuracy	0.8512539073600454	0.026897592146460095	1673	17
without_phyloP	1	4	random_forest	sensitivity	0.7647058823529411	0.026897592146460095	1673	17
without_phyloP	1	4	random_forest	specificity	0.9378019323671497	0.026897592146460095	1673	17
without_phyloP	1	4	random_forest	precision	0.11206896551724138	0.026897592146460095	1673	17
without_phyloP	1	4	random_forest	f1	0.19548872180451127	0.026897592146460095	1673	17
without_phyloP	1	4	random_forest	mcc	0.27735275599405546	0.026897592146460095	1673	17
without_phyloP	1	4	isolation_forest	roc_auc	0.9593989769820972	0.11346647732953324	1673	17
without_phyloP	1	4	isolation_forest	average_precision	0.32739107066071244	0.11346647732953324	1673	17
without_phyloP	1	4	isolation_forest	balanced_accuracy	0.912794828076158	0.11346647732953324	1673	17
without_phyloP	1	4	isolation_forest	sensitivity	0.8823529411764706	0.11346647732953324	1673	17
without_phyloP	1	4	isolation_forest	specificity	0.9432367149758454	0.11346647732953324	1673	17
without_phyloP	1	4	isolation_forest	precision	0.13761467889908258	0.11346647732953324	1673	17
without_phyloP	1	4	isolation_forest	f1	0.23809523809523808	0.11346647732953324	1673	17
without_phyloP	1	4	isolation_forest	mcc	0.3354959227554462	0.11346647732953324	1673	17
mlc_and_codon_only	1	4	random_forest	roc_auc	0.8027315998863314	0.027645384527296285	1673	17
mlc_and_codon_only	1	4	random_forest	average_precision	0.17514960160570228	0.027645384527296285	1673	17
mlc_and_codon_only	1	4	random_forest	balanced_accuracy	0.7090260017050298	0.027645384527296285	1673	17
mlc_and_codon_only	1	4	random_forest	sensitivity	0.47058823529411764	0.027645384527296285	1673	17
mlc_and_codon_only	1	4	random_forest	specificity	0.947463768115942	0.027645384527296285	1673	17
mlc_and_codon_only	1	4	random_forest	precision	0.08421052631578947	0.027645384527296285	1673	17
mlc_and_codon_only	1	4	random_forest	f1	0.14285714285714285	0.027645384527296285	1673	17
mlc_and_codon_only	1	4	random_forest	mcc	0.1811630542326018	0.027645384527296285	1673	17
mlc_and_codon_only	1	4	isolation_forest	roc_auc	0.884786160841148	0.13640359468912444	1673	17
mlc_and_codon_only	1	4	isolation_forest	average_precision	0.1331937800253417	0.13640359468912444	1673	17
mlc_and_codon_only	1	4	isolation_forest	balanced_accuracy	0.7035912190963343	0.13640359468912444	1673	17
mlc_and_codon_only	1	4	isolation_forest	sensitivity	0.47058823529411764	0.13640359468912444	1673	17
mlc_and_codon_only	1	4	isolation_forest	specificity	0.9365942028985508	0.13640359468912444	1673	17
mlc_and_codon_only	1	4	isolation_forest	precision	0.07079646017699115	0.13640359468912444	1673	17
mlc_and_codon_only	1	4	isolation_forest	f1	0.12307692307692308	0.13640359468912444	1673	17
mlc_and_codon_only	1	4	isolation_forest	mcc	0.16272045298353202	0.13640359468912444	1673	17
mlc_only	1	4	random_forest	roc_auc	0.7141943734015345	0.053090493138238756	1673	17
mlc_only	1	4	random_forest	average_precision	0.034230531132023935	0.053090493138238756	1673	17
mlc_only	1	4	random_forest	balanced_accuracy	0.5934924694515488	0.053090493138238756	1673	17
mlc_only	1	4	random_forest	sensitivity	0.23529411764705882	0.053090493138238756	1673	17
mlc_only	1	4	random_forest	specificity	0.9516908212560387	0.053090493138238756	1673	17
mlc_only	1	4	random_forest	precision	0.047619047619047616	0.053090493138238756	1673	17
mlc_only	1	4	random_forest	f1	0.07920792079207921	0.053090493138238756	1673	17
mlc_only	1	4	random_forest	mcc	0.08587359846737873	0.053090493138238756	1673	17
mlc_only	1	4	isolation_forest	roc_auc	0.9030974708724069	0.0941641112790549	1673	17
mlc_only	1	4	isolation_forest	average_precision	0.06800990761910886	0.0941641112790549	1673	17
mlc_only	1	4	isolation_forest	balanced_accuracy	0.7108375959079284	0.0941641112790549	1673	17
mlc_only	1	4	isolation_forest	sensitivity	0.47058823529411764	0.0941641112790549	1673	17
mlc_only	1	4	isolation_forest	specificity	0.9510869565217391	0.0941641112790549	1673	17
mlc_only	1	4	isolation_forest	precision	0.0898876404494382	0.0941641112790549	1673	17
mlc_only	1	4	isolation_forest	f1	0.1509433962264151	0.0941641112790549	1673	17
mlc_only	1	4	isolation_forest	mcc	0.1884343552983654	0.0941641112790549	1673	17
current_all_9	1	5	random_forest	roc_auc	0.9989337124577928	0.008942617097091364	1672	17
current_all_9	1	5	random_forest	average_precision	0.8818303524618403	0.008942617097091364	1672	17
current_all_9	1	5	random_forest	balanced_accuracy	0.9806646525679759	0.008942617097091364	1672	17
current_all_9	1	5	random_forest	sensitivity	1.0	0.008942617097091364	1672	17
current_all_9	1	5	random_forest	specificity	0.9613293051359516	0.008942617097091364	1672	17
current_all_9	1	5	random_forest	precision	0.20987654320987653	0.008942617097091364	1672	17
current_all_9	1	5	random_forest	f1	0.3469387755102041	0.008942617097091364	1672	17
current_all_9	1	5	random_forest	mcc	0.44917755002703125	0.008942617097091364	1672	17
current_all_9	1	5	isolation_forest	roc_auc	0.9913986138261951	0.1056991917542448	1672	17
current_all_9	1	5	isolation_forest	average_precision	0.5846287372757961	0.1056991917542448	1672	17
current_all_9	1	5	isolation_forest	balanced_accuracy	0.9758308157099698	0.1056991917542448	1672	17
current_all_9	1	5	isolation_forest	sensitivity	1.0	0.1056991917542448	1672	17
current_all_9	1	5	isolation_forest	specificity	0.9516616314199395	0.1056991917542448	1672	17
current_all_9	1	5	isolation_forest	precision	0.17525773195876287	0.1056991917542448	1672	17
current_all_9	1	5	isolation_forest	f1	0.2982456140350877	0.1056991917542448	1672	17
current_all_9	1	5	isolation_forest	mcc	0.40839448957452257	0.1056991917542448	1672	17
without_phyloP	1	5	random_forest	roc_auc	0.9436822463124221	0.046605266323852604	1672	17
without_phyloP	1	5	random_forest	average_precision	0.36789173488906296	0.046605266323852604	1672	17
without_phyloP	1	5	random_forest	balanced_accuracy	0.9182157455127066	0.046605266323852604	1672	17
without_phyloP	1	5	random_forest	sensitivity	0.8823529411764706	0.046605266323852604	1672	17
without_phyloP	1	5	random_forest	specificity	0.9540785498489426	0.046605266323852604	1672	17
without_phyloP	1	5	random_forest	precision	0.16483516483516483	0.046605266323852604	1672	17
without_phyloP	1	5	random_forest	f1	0.2777777777777778	0.046605266323852604	1672	17
without_phyloP	1	5	random_forest	mcc	0.369885412450293	0.046605266323852604	1672	17
without_phyloP	1	5	isolation_forest	roc_auc	0.9723831526568332	0.11303977461504769	1672	17
without_phyloP	1	5	isolation_forest	average_precision	0.30268387784606376	0.11303977461504769	1672	17
without_phyloP	1	5	isolation_forest	balanced_accuracy	0.885480717966945	0.11303977461504769	1672	17
without_phyloP	1	5	isolation_forest	sensitivity	0.8235294117647058	0.11303977461504769	1672	17
without_phyloP	1	5	isolation_forest	specificity	0.9474320241691843	0.11303977461504769	1672	17
without_phyloP	1	5	isolation_forest	precision	0.13861386138613863	0.11303977461504769	1672	17
without_phyloP	1	5	isolation_forest	f1	0.23728813559322035	0.11303977461504769	1672	17
without_phyloP	1	5	isolation_forest	mcc	0.3246439659485743	0.11303977461504769	1672	17
mlc_and_codon_only	1	5	random_forest	roc_auc	0.802754576150702	0.03392967232712968	1672	17
mlc_and_codon_only	1	5	random_forest	average_precision	0.09737488288486183	0.03392967232712968	1672	17
mlc_and_codon_only	1	5	random_forest	balanced_accuracy	0.6510929447307624	0.03392967232712968	1672	17
mlc_and_codon_only	1	5	random_forest	sensitivity	0.35294117647058826	0.03392967232712968	1672	17
mlc_and_codon_only	1	5	random_forest	specificity	0.9492447129909366	0.03392967232712968	1672	17
mlc_and_codon_only	1	5	random_forest	precision	0.06666666666666667	0.03392967232712968	1672	17
mlc_and_codon_only	1	5	random_forest	f1	0.11214953271028037	0.03392967232712968	1672	17
mlc_and_codon_only	1	5	random_forest	mcc	0.13433004077766816	0.03392967232712968	1672	17
mlc_and_codon_only	1	5	isolation_forest	roc_auc	0.905171494579705	0.15914919480562628	1672	17
mlc_and_codon_only	1	5	isolation_forest	average_precision	0.07555929471547854	0.15914919480562628	1672	17
mlc_and_codon_only	1	5	isolation_forest	balanced_accuracy	0.5734316687400035	0.15914919480562628	1672	17
mlc_and_codon_only	1	5	isolation_forest	sensitivity	0.17647058823529413	0.15914919480562628	1672	17
mlc_and_codon_only	1	5	isolation_forest	specificity	0.970392749244713	0.15914919480562628	1672	17
mlc_and_codon_only	1	5	isolation_forest	precision	0.057692307692307696	0.15914919480562628	1672	17
mlc_and_codon_only	1	5	isolation_forest	f1	0.08695652173913043	0.15914919480562628	1672	17
mlc_and_codon_only	1	5	isolation_forest	mcc	0.08487458699969515	0.15914919480562628	1672	17
mlc_only	1	5	random_forest	roc_auc	0.791327527990048	0.07996342949679482	1672	17
mlc_only	1	5	random_forest	average_precision	0.04230255978663347	0.07996342949679482	1672	17
mlc_only	1	5	random_forest	balanced_accuracy	0.6183579171850009	0.07996342949679482	1672	17
mlc_only	1	5	random_forest	sensitivity	0.29411764705882354	0.07996342949679482	1672	17
mlc_only	1	5	random_forest	specificity	0.9425981873111783	0.07996342949679482	1672	17
mlc_only	1	5	random_forest	precision	0.05	0.07996342949679482	1672	17
mlc_only	1	5	random_forest	f1	0.08547008547008547	0.07996342949679482	1672	17
mlc_only	1	5	random_forest	mcc	0.10014389954679719	0.07996342949679482	1672	17
mlc_only	1	5	isolation_forest	roc_auc	0.8818553403234407	0.1048031558052378	1672	17
mlc_only	1	5	isolation_forest	average_precision	0.06517116699068805	0.1048031558052378	1672	17
mlc_only	1	5	isolation_forest	balanced_accuracy	0.6228896392393816	0.1048031558052378	1672	17
mlc_only	1	5	isolation_forest	sensitivity	0.29411764705882354	0.1048031558052378	1672	17
mlc_only	1	5	isolation_forest	specificity	0.9516616314199395	0.1048031558052378	1672	17
mlc_only	1	5	isolation_forest	precision	0.058823529411764705	0.1048031558052378	1672	17
mlc_only	1	5	isolation_forest	f1	0.09803921568627451	0.1048031558052378	1672	17
mlc_only	1	5	isolation_forest	mcc	0.11224598062582432	0.1048031558052378	1672	17
current_all_9	2	1	random_forest	roc_auc	0.9987219993609997	0.006867453940873243	1674	17
current_all_9	2	1	random_forest	average_precision	0.8741228209152996	0.006867453940873243	1674	17
current_all_9	2	1	random_forest	balanced_accuracy	0.9770669885334943	0.006867453940873243	1674	17
current_all_9	2	1	random_forest	sensitivity	1.0	0.006867453940873243	1674	17
current_all_9	2	1	random_forest	specificity	0.9541339770669885	0.006867453940873243	1674	17
current_all_9	2	1	random_forest	precision	0.1827956989247312	0.006867453940873243	1674	17
current_all_9	2	1	random_forest	f1	0.3090909090909091	0.006867453940873243	1674	17
current_all_9	2	1	random_forest	mcc	0.41762613328884673	0.006867453940873243	1674	17
current_all_9	2	1	isolation_forest	roc_auc	0.9922254961127481	0.0972473531745954	1674	17
current_all_9	2	1	isolation_forest	average_precision	0.5598679797585875	0.0972473531745954	1674	17
current_all_9	2	1	isolation_forest	balanced_accuracy	0.9776704888352444	0.0972473531745954	1674	17
current_all_9	2	1	isolation_forest	sensitivity	1.0	0.0972473531745954	1674	17
current_all_9	2	1	isolation_forest	specificity	0.9553409776704889	0.0972473531745954	1674	17
current_all_9	2	1	isolation_forest	precision	0.18681318681318682	0.0972473531745954	1674	17
current_all_9	2	1	isolation_forest	f1	0.3148148148148148	0.0972473531745954	1674	17
current_all_9	2	1	isolation_forest	mcc	0.4224574446401076	0.0972473531745954	1674	17
without_phyloP	2	1	random_forest	roc_auc	0.9767119883559943	0.04175510768655313	1674	17
without_phyloP	2	1	random_forest	average_precision	0.32802213418675397	0.04175510768655313	1674	17
without_phyloP	2	1	random_forest	balanced_accuracy	0.8939614469807236	0.04175510768655313	1674	17
without_phyloP	2	1	random_forest	sensitivity	0.8235294117647058	0.04175510768655313	1674	17
without_phyloP	2	1	random_forest	specificity	0.9643934821967411	0.04175510768655313	1674	17
without_phyloP	2	1	random_forest	precision	0.1917808219178082	0.04175510768655313	1674	17
without_phyloP	2	1	random_forest	f1	0.3111111111111111	0.04175510768655313	1674	17
without_phyloP	2	1	random_forest	mcc	0.38682304424118336	0.04175510768655313	1674	17
without_phyloP	2	1	isolation_forest	roc_auc	0.9823209911604955	0.10725540628098118	1674	17
without_phyloP	2	1	isolation_forest	average_precision	0.3060635624031566	0.10725540628098118	1674	17
without_phyloP	2	1	isolation_forest	balanced_accuracy	0.9503709751854876	0.10725540628098118	1674	17
without_phyloP	2	1	isolation_forest	sensitivity	0.9411764705882353	0.10725540628098118	1674	17
without_phyloP	2	1	isolation_forest	specificity	0.9595654797827399	0.10725540628098118	1674	17
without_phyloP	2	1	isolation_forest	precision	0.1927710843373494	0.10725540628098118	1674	17
without_phyloP	2	1	isolation_forest	f1	0.32	0.10725540628098118	1674	17
without_phyloP	2	1	isolation_forest	mcc	0.41601785319618745	0.10725540628098118	1674	17
mlc_and_codon_only	2	1	random_forest	roc_auc	0.823742411871206	0.04708012767742667	1674	17
mlc_and_codon_only	2	1	random_forest	average_precision	0.11935135565621265	0.04708012767742667	1674	17
mlc_and_codon_only	2	1	random_forest	balanced_accuracy	0.6787248393624197	0.04708012767742667	1674	17
mlc_and_codon_only	2	1	random_forest	sensitivity	0.4117647058823529	0.04708012767742667	1674	17
mlc_and_codon_only	2	1	random_forest	specificity	0.9456849728424864	0.04708012767742667	1674	17
mlc_and_codon_only	2	1	random_forest	precision	0.07216494845360824	0.04708012767742667	1674	17
mlc_and_codon_only	2	1	random_forest	f1	0.12280701754385964	0.04708012767742667	1674	17
mlc_and_codon_only	2	1	random_forest	mcc	0.15339065860640208	0.04708012767742667	1674	17
mlc_and_codon_only	2	1	isolation_forest	roc_auc	0.9098654549327275	0.14081294175441328	1674	17
mlc_and_codon_only	2	1	isolation_forest	average_precision	0.09767652504615179	0.14081294175441328	1674	17
mlc_and_codon_only	2	1	isolation_forest	balanced_accuracy	0.6874755937377969	0.14081294175441328	1674	17
mlc_and_codon_only	2	1	isolation_forest	sensitivity	0.4117647058823529	0.14081294175441328	1674	17
mlc_and_codon_only	2	1	isolation_forest	specificity	0.9631864815932408	0.14081294175441328	1674	17
mlc_and_codon_only	2	1	isolation_forest	precision	0.10294117647058823	0.14081294175441328	1674	17
mlc_and_codon_only	2	1	isolation_forest	f1	0.16470588235294117	0.14081294175441328	1674	17
mlc_and_codon_only	2	1	isolation_forest	mcc	0.19042905902970772	0.14081294175441328	1674	17
mlc_only	2	1	random_forest	roc_auc	0.6719443359721678	0.10227606035741812	1674	17
mlc_only	2	1	random_forest	average_precision	0.06405241202588174	0.10227606035741812	1674	17
mlc_only	2	1	random_forest	balanced_accuracy	0.6286520643260322	0.10227606035741812	1674	17
mlc_only	2	1	random_forest	sensitivity	0.29411764705882354	0.10227606035741812	1674	17
mlc_only	2	1	random_forest	specificity	0.9631864815932408	0.10227606035741812	1674	17
mlc_only	2	1	random_forest	precision	0.07575757575757576	0.10227606035741812	1674	17
mlc_only	2	1	random_forest	f1	0.12048192771084337	0.10227606035741812	1674	17
mlc_only	2	1	random_forest	mcc	0.13256152139489097	0.10227606035741812	1674	17
mlc_only	2	1	isolation_forest	roc_auc	0.9139124569562285	0.10472232672179335	1674	17
mlc_only	2	1	isolation_forest	average_precision	0.08393385302762386	0.10472232672179335	1674	17
mlc_only	2	1	isolation_forest	balanced_accuracy	0.7393588696794349	0.10472232672179335	1674	17
mlc_only	2	1	isolation_forest	sensitivity	0.5294117647058824	0.10472232672179335	1674	17
mlc_only	2	1	isolation_forest	specificity	0.9493059746529873	0.10472232672179335	1674	17
mlc_only	2	1	isolation_forest	precision	0.0967741935483871	0.10472232672179335	1674	17
mlc_only	2	1	isolation_forest	f1	0.16363636363636364	0.10472232672179335	1674	17
mlc_only	2	1	isolation_forest	mcc	0.20953560320720685	0.10472232672179335	1674	17
current_all_9	2	2	random_forest	roc_auc	0.9966254617789144	0.010739963219304701	1673	17
current_all_9	2	2	random_forest	average_precision	0.8258713745384636	0.010739963219304701	1673	17
current_all_9	2	2	random_forest	balanced_accuracy	0.9788647342995169	0.010739963219304701	1673	17
current_all_9	2	2	random_forest	sensitivity	1.0	0.010739963219304701	1673	17
current_all_9	2	2	random_forest	specificity	0.9577294685990339	0.010739963219304701	1673	17
current_all_9	2	2	random_forest	precision	0.19540229885057472	0.010739963219304701	1673	17
current_all_9	2	2	random_forest	f1	0.3269230769230769	0.010739963219304701	1673	17
current_all_9	2	2	random_forest	mcc	0.43259974553990493	0.010739963219304701	1673	17
current_all_9	2	2	isolation_forest	roc_auc	0.9747797669792555	0.10774889305331267	1673	17
current_all_9	2	2	isolation_forest	average_precision	0.5608235709811352	0.10774889305331267	1673	17
current_all_9	2	2	isolation_forest	balanced_accuracy	0.8621234725774367	0.10774889305331267	1673	17
current_all_9	2	2	isolation_forest	sensitivity	0.7647058823529411	0.10774889305331267	1673	17
current_all_9	2	2	isolation_forest	specificity	0.9595410628019324	0.10774889305331267	1673	17
current_all_9	2	2	isolation_forest	precision	0.1625	0.10774889305331267	1673	17
current_all_9	2	2	isolation_forest	f1	0.26804123711340205	0.10774889305331267	1673	17
current_all_9	2	2	isolation_forest	mcc	0.3403991112872967	0.10774889305331267	1673	17
without_phyloP	2	2	random_forest	roc_auc	0.9608553566354079	0.053203640324871675	1673	17
without_phyloP	2	2	random_forest	average_precision	0.3746202830381197	0.053203640324871675	1673	17
without_phyloP	2	2	random_forest	balanced_accuracy	0.860613810741688	0.053203640324871675	1673	17
without_phyloP	2	2	random_forest	sensitivity	0.7647058823529411	0.053203640324871675	1673	17
without_phyloP	2	2	random_forest	specificity	0.9565217391304348	0.053203640324871675	1673	17
without_phyloP	2	2	random_forest	precision	0.15294117647058825	0.053203640324871675	1673	17
without_phyloP	2	2	random_forest	f1	0.2549019607843137	0.053203640324871675	1673	17
without_phyloP	2	2	random_forest	mcc	0.32937623877882904	0.053203640324871675	1673	17
without_phyloP	2	2	isolation_forest	roc_auc	0.9327578857630008	0.11493055180527478	1673	17
without_phyloP	2	2	isolation_forest	average_precision	0.3256315383273277	0.11493055180527478	1673	17
without_phyloP	2	2	isolation_forest	balanced_accuracy	0.7999786871270247	0.11493055180527478	1673	17
without_phyloP	2	2	isolation_forest	sensitivity	0.6470588235294118	0.11493055180527478	1673	17
without_phyloP	2	2	isolation_forest	specificity	0.9528985507246377	0.11493055180527478	1673	17
without_phyloP	2	2	isolation_forest	precision	0.12359550561797752	0.11493055180527478	1673	17
without_phyloP	2	2	isolation_forest	f1	0.20754716981132076	0.11493055180527478	1673	17
without_phyloP	2	2	isolation_forest	mcc	0.26810346735653207	0.11493055180527478	1673	17
mlc_and_codon_only	2	2	random_forest	roc_auc	0.8014705882352942	0.10443982305522004	1673	17
mlc_and_codon_only	2	2	random_forest	average_precision	0.1415536919549633	0.10443982305522004	1673	17
mlc_and_codon_only	2	2	random_forest	balanced_accuracy	0.7093279340721796	0.10443982305522004	1673	17
mlc_and_codon_only	2	2	random_forest	sensitivity	0.47058823529411764	0.10443982305522004	1673	17
mlc_and_codon_only	2	2	random_forest	specificity	0.9480676328502415	0.10443982305522004	1673	17
mlc_and_codon_only	2	2	random_forest	precision	0.0851063829787234	0.10443982305522004	1673	17
mlc_and_codon_only	2	2	random_forest	f1	0.14414414414414414	0.10443982305522004	1673	17
mlc_and_codon_only	2	2	random_forest	mcc	0.18232944837333454	0.10443982305522004	1673	17
mlc_and_codon_only	2	2	isolation_forest	roc_auc	0.908994032395567	0.13362313471485865	1673	17
mlc_and_codon_only	2	2	isolation_forest	average_precision	0.19042133005968967	0.13362313471485865	1673	17
mlc_and_codon_only	2	2	isolation_forest	balanced_accuracy	0.7072144075021313	0.13362313471485865	1673	17
mlc_and_codon_only	2	2	isolation_forest	sensitivity	0.47058823529411764	0.13362313471485865	1673	17
mlc_and_codon_only	2	2	isolation_forest	specificity	0.9438405797101449	0.13362313471485865	1673	17
mlc_and_codon_only	2	2	isolation_forest	precision	0.07920792079207921	0.13362313471485865	1673	17
mlc_and_codon_only	2	2	isolation_forest	f1	0.13559322033898305	0.13362313471485865	1673	17
mlc_and_codon_only	2	2	isolation_forest	mcc	0.17450891294557122	0.13362313471485865	1673	17
mlc_only	2	2	random_forest	roc_auc	0.7938867576015914	0.10937962211624912	1673	17
mlc_only	2	2	random_forest	average_precision	0.04585299851821727	0.10937962211624912	1673	17
mlc_only	2	2	random_forest	balanced_accuracy	0.675085251491901	0.10937962211624912	1673	17
mlc_only	2	2	random_forest	sensitivity	0.4117647058823529	0.10937962211624912	1673	17
mlc_only	2	2	random_forest	specificity	0.9384057971014492	0.10937962211624912	1673	17
mlc_only	2	2	random_forest	precision	0.06422018348623854	0.10937962211624912	1673	17
mlc_only	2	2	random_forest	f1	0.1111111111111111	0.10937962211624912	1673	17
mlc_only	2	2	random_forest	mcc	0.14229923442574602	0.10937962211624912	1673	17
mlc_only	2	2	isolation_forest	roc_auc	0.9116048593350383	0.10074144830955312	1673	17
mlc_only	2	2	isolation_forest	average_precision	0.07733295193380041	0.10074144830955312	1673	17
mlc_only	2	2	isolation_forest	balanced_accuracy	0.6762929809605001	0.10074144830955312	1673	17
mlc_only	2	2	isolation_forest	sensitivity	0.4117647058823529	0.10074144830955312	1673	17
mlc_only	2	2	isolation_forest	specificity	0.9408212560386473	0.10074144830955312	1673	17
mlc_only	2	2	isolation_forest	precision	0.06666666666666667	0.10074144830955312	1673	17
mlc_only	2	2	isolation_forest	f1	0.11475409836065574	0.10074144830955312	1673	17
mlc_only	2	2	isolation_forest	mcc	0.14579813384780507	0.10074144830955312	1673	17
current_all_9	2	3	random_forest	roc_auc	0.9988300120772947	0.019712002258923094	1672	16
current_all_9	2	3	random_forest	average_precision	0.8553271792169819	0.019712002258923094	1672	16
current_all_9	2	3	random_forest	balanced_accuracy	0.980072463768116	0.019712002258923094	1672	16
current_all_9	2	3	random_forest	sensitivity	1.0	0.019712002258923094	1672	16
current_all_9	2	3	random_forest	specificity	0.9601449275362319	0.019712002258923094	1672	16
current_all_9	2	3	random_forest	precision	0.1951219512195122	0.019712002258923094	1672	16
current_all_9	2	3	random_forest	f1	0.32653061224489793	0.019712002258923094	1672	16
current_all_9	2	3	random_forest	mcc	0.4328340925971367	0.019712002258923094	1672	16
current_all_9	2	3	isolation_forest	roc_auc	0.9773928140096618	0.11592331143763812	1672	16
current_all_9	2	3	isolation_forest	average_precision	0.32434079706654184	0.11592331143763812	1672	16
current_all_9	2	3	isolation_forest	balanced_accuracy	0.8565821256038647	0.11592331143763812	1672	16
current_all_9	2	3	isolation_forest	sensitivity	0.75	0.11592331143763812	1672	16
current_all_9	2	3	isolation_forest	specificity	0.9631642512077294	0.11592331143763812	1672	16
current_all_9	2	3	isolation_forest	precision	0.1643835616438356	0.11592331143763812	1672	16
current_all_9	2	3	isolation_forest	f1	0.2696629213483146	0.11592331143763812	1672	16
current_all_9	2	3	isolation_forest	mcc	0.3397770651567566	0.11592331143763812	1672	16
without_phyloP	2	3	random_forest	roc_auc	0.9641077898550724	0.09669151699618579	1672	16
without_phyloP	2	3	random_forest	average_precision	0.1827237164256925	0.09669151699618579	1672	16
without_phyloP	2	3	random_forest	balanced_accuracy	0.8538647342995169	0.09669151699618579	1672	16
without_phyloP	2	3	random_forest	sensitivity	0.75	0.09669151699618579	1672	16
without_phyloP	2	3	random_forest	specificity	0.9577294685990339	0.09669151699618579	1672	16
without_phyloP	2	3	random_forest	precision	0.14634146341463414	0.09669151699618579	1672	16
without_phyloP	2	3	random_forest	f1	0.24489795918367346	0.09669151699618579	1672	16
without_phyloP	2	3	random_forest	mcc	0.31904500410304665	0.09669151699618579	1672	16
without_phyloP	2	3	isolation_forest	roc_auc	0.9495206823671498	0.12966385300038283	1672	16
without_phyloP	2	3	isolation_forest	average_precision	0.1474558208169125	0.12966385300038283	1672	16
without_phyloP	2	3	isolation_forest	balanced_accuracy	0.7922705314009661	0.12966385300038283	1672	16
without_phyloP	2	3	isolation_forest	sensitivity	0.625	0.12966385300038283	1672	16
without_phyloP	2	3	isolation_forest	specificity	0.9595410628019324	0.12966385300038283	1672	16
without_phyloP	2	3	isolation_forest	precision	0.12987012987012986	0.12966385300038283	1672	16
without_phyloP	2	3	isolation_forest	f1	0.21505376344086022	0.12966385300038283	1672	16
without_phyloP	2	3	isolation_forest	mcc	0.27150602790874745	0.12966385300038283	1672	16
mlc_and_codon_only	2	3	random_forest	roc_auc	0.8179536533816425	0.1270207455322444	1672	16
mlc_and_codon_only	2	3	random_forest	average_precision	0.152597546745144	0.1270207455322444	1672	16
mlc_and_codon_only	2	3	random_forest	balanced_accuracy	0.7318840579710144	0.1270207455322444	1672	16
mlc_and_codon_only	2	3	random_forest	sensitivity	0.5	0.1270207455322444	1672	16
mlc_and_codon_only	2	3	random_forest	specificity	0.9637681159420289	0.1270207455322444	1672	16
mlc_and_codon_only	2	3	random_forest	precision	0.11764705882352941	0.1270207455322444	1672	16
mlc_and_codon_only	2	3	random_forest	f1	0.19047619047619047	0.1270207455322444	1672	16
mlc_and_codon_only	2	3	random_forest	mcc	0.22857798862059386	0.1270207455322444	1672	16
mlc_and_codon_only	2	3	isolation_forest	roc_auc	0.8676592693236715	0.14891618223280198	1672	16
mlc_and_codon_only	2	3	isolation_forest	average_precision	0.04530334651282736	0.14891618223280198	1672	16
mlc_and_codon_only	2	3	isolation_forest	balanced_accuracy	0.5368357487922706	0.14891618223280198	1672	16
mlc_and_codon_only	2	3	isolation_forest	sensitivity	0.125	0.14891618223280198	1672	16
mlc_and_codon_only	2	3	isolation_forest	specificity	0.9486714975845411	0.14891618223280198	1672	16
mlc_and_codon_only	2	3	isolation_forest	precision	0.022988505747126436	0.14891618223280198	1672	16
mlc_and_codon_only	2	3	isolation_forest	f1	0.038834951456310676	0.14891618223280198	1672	16
mlc_and_codon_only	2	3	isolation_forest	mcc	0.032293520774167965	0.14891618223280198	1672	16
mlc_only	2	3	random_forest	roc_auc	0.704200634057971	0.14391773788295414	1672	16
mlc_only	2	3	random_forest	average_precision	0.059179971243193755	0.14391773788295414	1672	16
mlc_only	2	3	random_forest	balanced_accuracy	0.5714070048309179	0.14391773788295414	1672	16
mlc_only	2	3	random_forest	sensitivity	0.1875	0.14391773788295414	1672	16
mlc_only	2	3	random_forest	specificity	0.9553140096618358	0.14391773788295414	1672	16
mlc_only	2	3	random_forest	precision	0.03896103896103896	0.14391773788295414	1672	16
mlc_only	2	3	random_forest	f1	0.06451612903225806	0.14391773788295414	1672	16
mlc_only	2	3	random_forest	mcc	0.06633385909134171	0.14391773788295414	1672	16
mlc_only	2	3	isolation_forest	roc_auc	0.8574501811594203	0.10639356740793071	1672	16
mlc_only	2	3	isolation_forest	average_precision	0.04028401116207777	0.10639356740793071	1672	16
mlc_only	2	3	isolation_forest	balanced_accuracy	0.5972222222222222	0.10639356740793071	1672	16
mlc_only	2	3	isolation_forest	sensitivity	0.25	0.10639356740793071	1672	16
mlc_only	2	3	isolation_forest	specificity	0.9444444444444444	0.10639356740793071	1672	16
mlc_only	2	3	isolation_forest	precision	0.041666666666666664	0.10639356740793071	1672	16
mlc_only	2	3	isolation_forest	f1	0.07142857142857142	0.10639356740793071	1672	16
mlc_only	2	3	isolation_forest	mcc	0.08137143477099999	0.10639356740793071	1672	16
current_all_9	2	4	random_forest	roc_auc	0.9955242966751918	0.006942374523965658	1673	17
current_all_9	2	4	random_forest	average_precision	0.7340573024464013	0.006942374523965658	1673	17
current_all_9	2	4	random_forest	balanced_accuracy	0.980072463768116	0.006942374523965658	1673	17
current_all_9	2	4	random_forest	sensitivity	1.0	0.006942374523965658	1673	17
current_all_9	2	4	random_forest	specificity	0.9601449275362319	0.006942374523965658	1673	17
current_all_9	2	4	random_forest	precision	0.20481927710843373	0.006942374523965658	1673	17
current_all_9	2	4	random_forest	f1	0.34	0.006942374523965658	1673	17
current_all_9	2	4	random_forest	mcc	0.44345934422142974	0.006942374523965658	1673	17
current_all_9	2	4	isolation_forest	roc_auc	0.9725774367718102	0.0977995602126801	1673	17
current_all_9	2	4	isolation_forest	average_precision	0.644567745269814	0.0977995602126801	1673	17
current_all_9	2	4	isolation_forest	balanced_accuracy	0.9170218812162546	0.0977995602126801	1673	17
current_all_9	2	4	isolation_forest	sensitivity	0.8823529411764706	0.0977995602126801	1673	17
current_all_9	2	4	isolation_forest	specificity	0.9516908212560387	0.0977995602126801	1673	17
current_all_9	2	4	isolation_forest	precision	0.15789473684210525	0.0977995602126801	1673	17
current_all_9	2	4	isolation_forest	f1	0.26785714285714285	0.0977995602126801	1673	17
current_all_9	2	4	isolation_forest	mcc	0.3614333004827504	0.0977995602126801	1673	17
without_phyloP	2	4	random_forest	roc_auc	0.9239130434782609	0.06163780830563678	1673	17
without_phyloP	2	4	random_forest	average_precision	0.252260848323695	0.06163780830563678	1673	17
without_phyloP	2	4	random_forest	balanced_accuracy	0.8612176754759875	0.06163780830563678	1673	17
without_phyloP	2	4	random_forest	sensitivity	0.7647058823529411	0.06163780830563678	1673	17
without_phyloP	2	4	random_forest	specificity	0.9577294685990339	0.06163780830563678	1673	17
without_phyloP	2	4	random_forest	precision	0.1566265060240964	0.06163780830563678	1673	17
without_phyloP	2	4	random_forest	f1	0.26	0.06163780830563678	1673	17
without_phyloP	2	4	random_forest	mcc	0.33366911368018637	0.06163780830563678	1673	17
without_phyloP	2	4	isolation_forest	roc_auc	0.9595055413469735	0.10922271077115098	1673	17
without_phyloP	2	4	isolation_forest	average_precision	0.3966935693311692	0.10922271077115098	1673	17
without_phyloP	2	4	isolation_forest	balanced_accuracy	0.8563867576015913	0.10922271077115098	1673	17
without_phyloP	2	4	isolation_forest	sensitivity	0.7647058823529411	0.10922271077115098	1673	17
without_phyloP	2	4	isolation_forest	specificity	0.9480676328502415	0.10922271077115098	1673	17
without_phyloP	2	4	isolation_forest	precision	0.13131313131313133	0.10922271077115098	1673	17
without_phyloP	2	4	isolation_forest	f1	0.22413793103448276	0.10922271077115098	1673	17
without_phyloP	2	4	isolation_forest	mcc	0.30296064706795356	0.10922271077115098	1673	17
mlc_and_codon_only	2	4	random_forest	roc_auc	0.8094273941460642	0.04132886842369282	1673	17
mlc_and_codon_only	2	4	random_forest	average_precision	0.06427301139879518	0.04132886842369282	1673	17
mlc_and_codon_only	2	4	random_forest	balanced_accuracy	0.6805200341005968	0.04132886842369282	1673	17
mlc_and_codon_only	2	4	random_forest	sensitivity	0.4117647058823529	0.04132886842369282	1673	17
mlc_and_codon_only	2	4	random_forest	specificity	0.9492753623188406	0.04132886842369282	1673	17
mlc_and_codon_only	2	4	random_forest	precision	0.07692307692307693	0.04132886842369282	1673	17
mlc_and_codon_only	2	4	random_forest	f1	0.12962962962962962	0.04132886842369282	1673	17
mlc_and_codon_only	2	4	random_forest	mcc	0.1596563122608702	0.04132886842369282	1673	17
mlc_and_codon_only	2	4	isolation_forest	roc_auc	0.9223145780051152	0.15560724285832842	1673	17
mlc_and_codon_only	2	4	isolation_forest	average_precision	0.1564792597697388	0.15560724285832842	1673	17
mlc_and_codon_only	2	4	isolation_forest	balanced_accuracy	0.6877664109121909	0.15560724285832842	1673	17
mlc_and_codon_only	2	4	isolation_forest	sensitivity	0.4117647058823529	0.15560724285832842	1673	17
mlc_and_codon_only	2	4	isolation_forest	specificity	0.9637681159420289	0.15560724285832842	1673	17
mlc_and_codon_only	2	4	isolation_forest	precision	0.1044776119402985	0.15560724285832842	1673	17
mlc_and_codon_only	2	4	isolation_forest	f1	0.16666666666666666	0.15560724285832842	1673	17
mlc_and_codon_only	2	4	isolation_forest	mcc	0.19208451515157887	0.15560724285832842	1673	17
mlc_only	2	4	random_forest	roc_auc	0.6276996305768684	0.05261273540151109	1673	17
mlc_only	2	4	random_forest	average_precision	0.0222024731063878	0.05261273540151109	1673	17
mlc_only	2	4	random_forest	balanced_accuracy	0.5613633134413185	0.05261273540151109	1673	17
mlc_only	2	4	random_forest	sensitivity	0.17647058823529413	0.05261273540151109	1673	17
mlc_only	2	4	random_forest	specificity	0.946256038647343	0.05261273540151109	1673	17
mlc_only	2	4	random_forest	precision	0.03260869565217391	0.05261273540151109	1673	17
mlc_only	2	4	random_forest	f1	0.05504587155963303	0.05261273540151109	1673	17
mlc_only	2	4	random_forest	mcc	0.05399251730592238	0.05261273540151109	1673	17
mlc_only	2	4	isolation_forest	roc_auc	0.8757814720090935	0.11151102766915542	1673	17
mlc_only	2	4	isolation_forest	average_precision	0.06981491645542459	0.11151102766915542	1673	17
mlc_only	2	4	isolation_forest	balanced_accuracy	0.6820296959363455	0.11151102766915542	1673	17
mlc_only	2	4	isolation_forest	sensitivity	0.4117647058823529	0.11151102766915542	1673	17
mlc_only	2	4	isolation_forest	specificity	0.9522946859903382	0.11151102766915542	1673	17
mlc_only	2	4	isolation_forest	precision	0.08139534883720931	0.11151102766915542	1673	17
mlc_only	2	4	isolation_forest	f1	0.13592233009708737	0.11151102766915542	1673	17
mlc_only	2	4	isolation_forest	mcc	0.16534428072430019	0.11151102766915542	1673	17
current_all_9	2	5	random_forest	roc_auc	0.9920383863515194	0.008728992341391318	1672	17
current_all_9	2	5	random_forest	average_precision	0.7835690781829918	0.008728992341391318	1672	17
current_all_9	2	5	random_forest	balanced_accuracy	0.9130797938510752	0.008728992341391318	1672	17
current_all_9	2	5	random_forest	sensitivity	0.8823529411764706	0.008728992341391318	1672	17
current_all_9	2	5	random_forest	specificity	0.9438066465256798	0.008728992341391318	1672	17
current_all_9	2	5	random_forest	precision	0.1388888888888889	0.008728992341391318	1672	17
current_all_9	2	5	random_forest	f1	0.24	0.008728992341391318	1672	17
current_all_9	2	5	random_forest	mcc	0.3371763887342262	0.008728992341391318	1672	17
current_all_9	2	5	isolation_forest	roc_auc	0.9467211658077128	0.09915783011871802	1672	17
current_all_9	2	5	isolation_forest	average_precision	0.5216646501049643	0.09915783011871802	1672	17
current_all_9	2	5	isolation_forest	balanced_accuracy	0.8521414608139328	0.09915783011871802	1672	17
current_all_9	2	5	isolation_forest	sensitivity	0.7647058823529411	0.09915783011871802	1672	17
current_all_9	2	5	isolation_forest	specificity	0.9395770392749244	0.09915783011871802	1672	17
current_all_9	2	5	isolation_forest	precision	0.11504424778761062	0.09915783011871802	1672	17
current_all_9	2	5	isolation_forest	f1	0.2	0.09915783011871802	1672	17
current_all_9	2	5	isolation_forest	mcc	0.2814545912969303	0.09915783011871802	1672	17
without_phyloP	2	5	random_forest	roc_auc	0.9132930513595166	0.02990395800051508	1672	17
without_phyloP	2	5	random_forest	average_precision	0.23096057478565624	0.02990395800051508	1672	17
without_phyloP	2	5	random_forest	balanced_accuracy	0.7909010129731651	0.02990395800051508	1672	17
without_phyloP	2	5	random_forest	sensitivity	0.6470588235294118	0.02990395800051508	1672	17
without_phyloP	2	5	random_forest	specificity	0.9347432024169184	0.02990395800051508	1672	17
without_phyloP	2	5	random_forest	precision	0.09243697478991597	0.02990395800051508	1672	17
without_phyloP	2	5	random_forest	f1	0.16176470588235295	0.02990395800051508	1672	17
without_phyloP	2	5	random_forest	mcc	0.22700712077963686	0.02990395800051508	1672	17
without_phyloP	2	5	isolation_forest	roc_auc	0.9095077305846809	0.11578902604895014	1672	17
without_phyloP	2	5	isolation_forest	average_precision	0.36753851483098554	0.11578902604895014	1672	17
without_phyloP	2	5	isolation_forest	balanced_accuracy	0.8275635329660566	0.11578902604895014	1672	17
without_phyloP	2	5	isolation_forest	sensitivity	0.7058823529411765	0.11578902604895014	1672	17
without_phyloP	2	5	isolation_forest	specificity	0.9492447129909366	0.11578902604895014	1672	17
without_phyloP	2	5	isolation_forest	precision	0.125	0.11578902604895014	1672	17
without_phyloP	2	5	isolation_forest	f1	0.21238938053097345	0.11578902604895014	1672	17
without_phyloP	2	5	isolation_forest	mcc	0.28251094567870766	0.11578902604895014	1672	17
mlc_and_codon_only	2	5	random_forest	roc_auc	0.7832592855873467	0.02709184686624049	1672	17
mlc_and_codon_only	2	5	random_forest	average_precision	0.20311928277060318	0.02709184686624049	1672	17
mlc_and_codon_only	2	5	random_forest	balanced_accuracy	0.6747645281677626	0.02709184686624049	1672	17
mlc_and_codon_only	2	5	random_forest	sensitivity	0.4117647058823529	0.02709184686624049	1672	17
mlc_and_codon_only	2	5	random_forest	specificity	0.9377643504531722	0.02709184686624049	1672	17
mlc_and_codon_only	2	5	random_forest	precision	0.06363636363636363	0.02709184686624049	1672	17
mlc_and_codon_only	2	5	random_forest	f1	0.11023622047244094	0.02709184686624049	1672	17
mlc_and_codon_only	2	5	random_forest	mcc	0.14143923113919663	0.02709184686624049	1672	17
mlc_and_codon_only	2	5	isolation_forest	roc_auc	0.8973165096854452	0.14063140861537587	1672	17
mlc_and_codon_only	2	5	isolation_forest	average_precision	0.1456016577005671	0.14063140861537587	1672	17
mlc_and_codon_only	2	5	isolation_forest	balanced_accuracy	0.6519992891416385	0.14063140861537587	1672	17
mlc_and_codon_only	2	5	isolation_forest	sensitivity	0.35294117647058826	0.14063140861537587	1672	17
mlc_and_codon_only	2	5	isolation_forest	specificity	0.9510574018126888	0.14063140861537587	1672	17
mlc_and_codon_only	2	5	isolation_forest	precision	0.06896551724137931	0.14063140861537587	1672	17
mlc_and_codon_only	2	5	isolation_forest	f1	0.11538461538461539	0.14063140861537587	1672	17
mlc_and_codon_only	2	5	isolation_forest	mcc	0.1373158762814525	0.14063140861537587	1672	17
mlc_only	2	5	random_forest	roc_auc	0.60591789585925	0.06974056732997892	1672	17
mlc_only	2	5	random_forest	average_precision	0.06366436824572866	0.06974056732997892	1672	17
mlc_only	2	5	random_forest	balanced_accuracy	0.5940821041407499	0.06974056732997892	1672	17
mlc_only	2	5	random_forest	sensitivity	0.23529411764705882	0.06974056732997892	1672	17
mlc_only	2	5	random_forest	specificity	0.9528700906344411	0.06974056732997892	1672	17
mlc_only	2	5	random_forest	precision	0.04878048780487805	0.06974056732997892	1672	17
mlc_only	2	5	random_forest	f1	0.08080808080808081	0.06974056732997892	1672	17
mlc_only	2	5	random_forest	mcc	0.08740876595466612	0.06974056732997892	1672	17
mlc_only	2	5	isolation_forest	roc_auc	0.9148747112137906	0.10971174556845868	1672	17
mlc_only	2	5	isolation_forest	average_precision	0.07663241399540521	0.10971174556845868	1672	17
mlc_only	2	5	isolation_forest	balanced_accuracy	0.6562288963923938	0.10971174556845868	1672	17
mlc_only	2	5	isolation_forest	sensitivity	0.35294117647058826	0.10971174556845868	1672	17
mlc_only	2	5	isolation_forest	specificity	0.9595166163141994	0.10971174556845868	1672	17
mlc_only	2	5	isolation_forest	precision	0.0821917808219178	0.10971174556845868	1672	17
mlc_only	2	5	isolation_forest	f1	0.13333333333333333	0.10971174556845868	1672	17
mlc_only	2	5	isolation_forest	mcc	0.15340134179187892	0.10971174556845868	1672	17
current_all_9	3	1	random_forest	roc_auc	0.9937837453822109	0.006354347934883718	1673	17
current_all_9	3	1	random_forest	average_precision	0.7960253815506422	0.006354347934883718	1673	17
current_all_9	3	1	random_forest	balanced_accuracy	0.9752415458937198	0.006354347934883718	1673	17
current_all_9	3	1	random_forest	sensitivity	1.0	0.006354347934883718	1673	17
current_all_9	3	1	random_forest	specificity	0.9504830917874396	0.006354347934883718	1673	17
current_all_9	3	1	random_forest	precision	0.1717171717171717	0.006354347934883718	1673	17
current_all_9	3	1	random_forest	f1	0.29310344827586204	0.006354347934883718	1673	17
current_all_9	3	1	random_forest	mcc	0.40399785678482514	0.006354347934883718	1673	17
current_all_9	3	1	isolation_forest	roc_auc	0.9514776925262858	0.09768916704499911	1673	17
current_all_9	3	1	isolation_forest	average_precision	0.5275147541007563	0.09768916704499911	1673	17
current_all_9	3	1	isolation_forest	balanced_accuracy	0.8909313725490196	0.09768916704499911	1673	17
current_all_9	3	1	isolation_forest	sensitivity	0.8235294117647058	0.09768916704499911	1673	17
current_all_9	3	1	isolation_forest	specificity	0.9583333333333334	0.09768916704499911	1673	17
current_all_9	3	1	isolation_forest	precision	0.1686746987951807	0.09768916704499911	1673	17
current_all_9	3	1	isolation_forest	f1	0.28	0.09768916704499911	1673	17
current_all_9	3	1	isolation_forest	mcc	0.36111667131549724	0.09768916704499911	1673	17
without_phyloP	3	1	random_forest	roc_auc	0.9683326229042342	0.04718546323707795	1673	17
without_phyloP	3	1	random_forest	average_precision	0.22815485539800884	0.04718546323707795	1673	17
without_phyloP	3	1	random_forest	balanced_accuracy	0.8588022165387894	0.04718546323707795	1673	17
without_phyloP	3	1	random_forest	sensitivity	0.7647058823529411	0.04718546323707795	1673	17
without_phyloP	3	1	random_forest	specificity	0.9528985507246377	0.04718546323707795	1673	17
without_phyloP	3	1	random_forest	precision	0.14285714285714285	0.04718546323707795	1673	17
without_phyloP	3	1	random_forest	f1	0.24074074074074073	0.04718546323707795	1673	17
without_phyloP	3	1	random_forest	mcc	0.31733341403916765	0.04718546323707795	1673	17
without_phyloP	3	1	isolation_forest	roc_auc	0.9242504973003695	0.11166831274075452	1673	17
without_phyloP	3	1	isolation_forest	average_precision	0.27547277569216544	0.11166831274075452	1673	17
without_phyloP	3	1	isolation_forest	balanced_accuracy	0.8330136402387043	0.11166831274075452	1673	17
without_phyloP	3	1	isolation_forest	sensitivity	0.7058823529411765	0.11166831274075452	1673	17
without_phyloP	3	1	isolation_forest	specificity	0.9601449275362319	0.11166831274075452	1673	17
without_phyloP	3	1	isolation_forest	precision	0.15384615384615385	0.11166831274075452	1673	17
without_phyloP	3	1	isolation_forest	f1	0.25263157894736843	0.11166831274075452	1673	17
without_phyloP	3	1	isolation_forest	mcc	0.3168246765084027	0.11166831274075452	1673	17
mlc_and_codon_only	3	1	random_forest	roc_auc	0.8175440466041488	0.08877387978833623	1673	17
mlc_and_codon_only	3	1	random_forest	average_precision	0.05323839149110128	0.08877387978833623	1673	17
mlc_and_codon_only	3	1	random_forest	balanced_accuracy	0.651712134129014	0.08877387978833623	1673	17
mlc_and_codon_only	3	1	random_forest	sensitivity	0.35294117647058826	0.08877387978833623	1673	17
mlc_and_codon_only	3	1	random_forest	specificity	0.9504830917874396	0.08877387978833623	1673	17
mlc_and_codon_only	3	1	random_forest	precision	0.06818181818181818	0.08877387978833623	1673	17
mlc_and_codon_only	3	1	random_forest	f1	0.11428571428571428	0.08877387978833623	1673	17
mlc_and_codon_only	3	1	random_forest	mcc	0.13631667075278214	0.08877387978833623	1673	17
mlc_and_codon_only	3	1	isolation_forest	roc_auc	0.9121732026143791	0.12865537799464005	1673	17
mlc_and_codon_only	3	1	isolation_forest	average_precision	0.13082244092757045	0.12865537799464005	1673	17
mlc_and_codon_only	3	1	isolation_forest	balanced_accuracy	0.6775007104290991	0.12865537799464005	1673	17
mlc_and_codon_only	3	1	isolation_forest	sensitivity	0.4117647058823529	0.12865537799464005	1673	17
mlc_and_codon_only	3	1	isolation_forest	specificity	0.9432367149758454	0.12865537799464005	1673	17
mlc_and_codon_only	3	1	isolation_forest	precision	0.06930693069306931	0.12865537799464005	1673	17
mlc_and_codon_only	3	1	isolation_forest	f1	0.11864406779661017	0.12865537799464005	1673	17
mlc_and_codon_only	3	1	isolation_forest	mcc	0.14948504979669486	0.12865537799464005	1673	17
mlc_only	3	1	random_forest	roc_auc	0.6893115942028986	0.03973590653216703	1673	17
mlc_only	3	1	random_forest	average_precision	0.0611436368673965	0.03973590653216703	1673	17
mlc_only	3	1	random_forest	balanced_accuracy	0.6423522307473715	0.03973590653216703	1673	17
mlc_only	3	1	random_forest	sensitivity	0.35294117647058826	0.03973590653216703	1673	17
mlc_only	3	1	random_forest	specificity	0.9317632850241546	0.03973590653216703	1673	17
mlc_only	3	1	random_forest	precision	0.05042016806722689	0.03973590653216703	1673	17
mlc_only	3	1	random_forest	f1	0.08823529411764706	0.03973590653216703	1673	17
mlc_only	3	1	random_forest	mcc	0.11108359128188634	0.03973590653216703	1673	17
mlc_only	3	1	isolation_forest	roc_auc	0.9196504688832053	0.10050004506573947	1673	17
mlc_only	3	1	isolation_forest	average_precision	0.0707746717168016	0.10050004506573947	1673	17
mlc_only	3	1	isolation_forest	balanced_accuracy	0.6462773515203183	0.10050004506573947	1673	17
mlc_only	3	1	isolation_forest	sensitivity	0.35294117647058826	0.10050004506573947	1673	17
mlc_only	3	1	isolation_forest	specificity	0.9396135265700483	0.10050004506573947	1673	17
mlc_only	3	1	isolation_forest	precision	0.05660377358490566	0.10050004506573947	1673	17
mlc_only	3	1	isolation_forest	f1	0.0975609756097561	0.10050004506573947	1673	17
mlc_only	3	1	isolation_forest	mcc	0.12044097987751345	0.10050004506573947	1673	17
current_all_9	3	2	random_forest	roc_auc	0.9985089992544997	0.009870895250225248	1674	17
current_all_9	3	2	random_forest	average_precision	0.8792282232586129	0.009870895250225248	1674	17
current_all_9	3	2	random_forest	balanced_accuracy	0.9713337356668679	0.009870895250225248	1674	17
current_all_9	3	2	random_forest	sensitivity	1.0	0.009870895250225248	1674	17
current_all_9	3	2	random_forest	specificity	0.9426674713337356	0.009870895250225248	1674	17
current_all_9	3	2	random_forest	precision	0.15178571428571427	0.009870895250225248	1674	17
current_all_9	3	2	random_forest	f1	0.26356589147286824	0.009870895250225248	1674	17
current_all_9	3	2	random_forest	mcc	0.3782637379795996	0.009870895250225248	1674	17
current_all_9	3	2	isolation_forest	roc_auc	0.9812204906102453	0.09877707854369844	1674	17
current_all_9	3	2	isolation_forest	average_precision	0.3770625361706955	0.09877707854369844	1674	17
current_all_9	3	2	isolation_forest	balanced_accuracy	0.9158294579147289	0.09877707854369844	1674	17
current_all_9	3	2	isolation_forest	sensitivity	0.8823529411764706	0.09877707854369844	1674	17
current_all_9	3	2	isolation_forest	specificity	0.9493059746529873	0.09877707854369844	1674	17
current_all_9	3	2	isolation_forest	precision	0.15151515151515152	0.09877707854369844	1674	17
current_all_9	3	2	isolation_forest	f1	0.25862068965517243	0.09877707854369844	1674	17
current_all_9	3	2	isolation_forest	mcc	0.35348670671904375	0.09877707854369844	1674	17
without_phyloP	3	2	random_forest	roc_auc	0.9642514821257411	0.04449334623837916	1674	17
without_phyloP	3	2	random_forest	average_precision	0.19351054076494462	0.04449334623837916	1674	17
without_phyloP	3	2	random_forest	balanced_accuracy	0.8539884269942135	0.04449334623837916	1674	17
without_phyloP	3	2	random_forest	sensitivity	0.7647058823529411	0.04449334623837916	1674	17
without_phyloP	3	2	random_forest	specificity	0.9432709716354858	0.04449334623837916	1674	17
without_phyloP	3	2	random_forest	precision	0.12149532710280374	0.04449334623837916	1674	17
without_phyloP	3	2	random_forest	f1	0.20967741935483872	0.04449334623837916	1674	17
without_phyloP	3	2	random_forest	mcc	0.2901872903700375	0.04449334623837916	1674	17
without_phyloP	3	2	isolation_forest	roc_auc	0.944371472185736	0.11227095354053587	1674	17
without_phyloP	3	2	isolation_forest	average_precision	0.19115147705587185	0.11227095354053587	1674	17
without_phyloP	3	2	isolation_forest	balanced_accuracy	0.8011999005999504	0.11227095354053587	1674	17
without_phyloP	3	2	isolation_forest	sensitivity	0.6470588235294118	0.11227095354053587	1674	17
without_phyloP	3	2	isolation_forest	specificity	0.9553409776704889	0.11227095354053587	1674	17
without_phyloP	3	2	isolation_forest	precision	0.12941176470588237	0.11227095354053587	1674	17
without_phyloP	3	2	isolation_forest	f1	0.21568627450980393	0.11227095354053587	1674	17
without_phyloP	3	2	isolation_forest	mcc	0.2751054051544968	0.11227095354053587	1674	17
mlc_and_codon_only	3	2	random_forest	roc_auc	0.9090667045333523	0.022351228083598237	1674	17
mlc_and_codon_only	3	2	random_forest	average_precision	0.08937620735225363	0.022351228083598237	1674	17
mlc_and_codon_only	3	2	random_forest	balanced_accuracy	0.7330221165110582	0.022351228083598237	1674	17
mlc_and_codon_only	3	2	random_forest	sensitivity	0.5294117647058824	0.022351228083598237	1674	17
mlc_and_codon_only	3	2	random_forest	specificity	0.9366324683162341	0.022351228083598237	1674	17
mlc_and_codon_only	3	2	random_forest	precision	0.07894736842105263	0.022351228083598237	1674	17
mlc_and_codon_only	3	2	random_forest	f1	0.13740458015267176	0.022351228083598237	1674	17
mlc_and_codon_only	3	2	random_forest	mcc	0.18548044462732316	0.022351228083598237	1674	17
mlc_and_codon_only	3	2	isolation_forest	roc_auc	0.8884411942205971	0.1461327826624661	1674	17
mlc_and_codon_only	3	2	isolation_forest	average_precision	0.04496073292667137	0.1461327826624661	1674	17
mlc_and_codon_only	3	2	isolation_forest	balanced_accuracy	0.5079875039937519	0.1461327826624661	1674	17
mlc_and_codon_only	3	2	isolation_forest	sensitivity	0.058823529411764705	0.1461327826624661	1674	17
mlc_and_codon_only	3	2	isolation_forest	specificity	0.9571514785757392	0.1461327826624661	1674	17
mlc_and_codon_only	3	2	isolation_forest	precision	0.013888888888888888	0.1461327826624661	1674	17
mlc_and_codon_only	3	2	isolation_forest	f1	0.02247191011235955	0.1461327826624661	1674	17
mlc_and_codon_only	3	2	isolation_forest	mcc	0.007894584812672663	0.1461327826624661	1674	17
mlc_only	3	2	random_forest	roc_auc	0.7208988604494302	0.10865279944696778	1674	17
mlc_only	3	2	random_forest	average_precision	0.0734187985916307	0.10865279944696778	1674	17
mlc_only	3	2	random_forest	balanced_accuracy	0.5992402996201498	0.10865279944696778	1674	17
mlc_only	3	2	random_forest	sensitivity	0.23529411764705882	0.10865279944696778	1674	17
mlc_only	3	2	random_forest	specificity	0.9631864815932408	0.10865279944696778	1674	17
mlc_only	3	2	random_forest	precision	0.06153846153846154	0.10865279944696778	1674	17
mlc_only	3	2	random_forest	f1	0.0975609756097561	0.10865279944696778	1674	17
mlc_only	3	2	random_forest	mcc	0.10300755456418821	0.10865279944696778	1674	17
mlc_only	3	2	isolation_forest	roc_auc	0.8833469416734707	0.13665944769344462	1674	17
mlc_only	3	2	isolation_forest	average_precision	0.04614616180504185	0.13665944769344462	1674	17
mlc_only	3	2	isolation_forest	balanced_accuracy	0.5713372856686428	0.13665944769344462	1674	17
mlc_only	3	2	isolation_forest	sensitivity	0.17647058823529413	0.13665944769344462	1674	17
mlc_only	3	2	isolation_forest	specificity	0.9662039831019915	0.13665944769344462	1674	17
mlc_only	3	2	isolation_forest	precision	0.05084745762711865	0.13665944769344462	1674	17
mlc_only	3	2	isolation_forest	f1	0.07894736842105263	0.13665944769344462	1674	17
mlc_only	3	2	isolation_forest	mcc	0.07757468524583729	0.13665944769344462	1674	17
current_all_9	3	3	random_forest	roc_auc	0.9992074275362318	0.007842669385349247	1672	16
current_all_9	3	3	random_forest	average_precision	0.9130849287558847	0.007842669385349247	1672	16
current_all_9	3	3	random_forest	balanced_accuracy	0.9785628019323671	0.007842669385349247	1672	16
current_all_9	3	3	random_forest	sensitivity	1.0	0.007842669385349247	1672	16
current_all_9	3	3	random_forest	specificity	0.9571256038647343	0.007842669385349247	1672	16
current_all_9	3	3	random_forest	precision	0.1839080459770115	0.007842669385349247	1672	16
current_all_9	3	3	random_forest	f1	0.3106796116504854	0.007842669385349247	1672	16
current_all_9	3	3	random_forest	mcc	0.41955106907423134	0.007842669385349247	1672	16
current_all_9	3	3	isolation_forest	roc_auc	0.9916213768115941	0.10231640090875449	1672	16
current_all_9	3	3	isolation_forest	average_precision	0.5879872215950815	0.10231640090875449	1672	16
current_all_9	3	3	isolation_forest	balanced_accuracy	0.9391606280193237	0.10231640090875449	1672	16
current_all_9	3	3	isolation_forest	sensitivity	0.9375	0.10231640090875449	1672	16
current_all_9	3	3	isolation_forest	specificity	0.9408212560386473	0.10231640090875449	1672	16
current_all_9	3	3	isolation_forest	precision	0.13274336283185842	0.10231640090875449	1672	16
current_all_9	3	3	isolation_forest	f1	0.23255813953488372	0.10231640090875449	1672	16
current_all_9	3	3	isolation_forest	mcc	0.34062872688779616	0.10231640090875449	1672	16
without_phyloP	3	3	random_forest	roc_auc	0.9719202898550724	0.03404262596422867	1672	16
without_phyloP	3	3	random_forest	average_precision	0.3541539970670717	0.03404262596422867	1672	16
without_phyloP	3	3	random_forest	balanced_accuracy	0.8481280193236715	0.03404262596422867	1672	16
without_phyloP	3	3	random_forest	sensitivity	0.75	0.03404262596422867	1672	16
without_phyloP	3	3	random_forest	specificity	0.946256038647343	0.03404262596422867	1672	16
without_phyloP	3	3	random_forest	precision	0.1188118811881188	0.03404262596422867	1672	16
without_phyloP	3	3	random_forest	f1	0.20512820512820512	0.03404262596422867	1672	16
without_phyloP	3	3	random_forest	mcc	0.2845183968722316	0.03404262596422867	1672	16
without_phyloP	3	3	isolation_forest	roc_auc	0.9687877415458936	0.1158293433607589	1672	16
without_phyloP	3	3	isolation_forest	average_precision	0.3141771047868496	0.1158293433607589	1672	16
without_phyloP	3	3	isolation_forest	balanced_accuracy	0.9109299516908212	0.1158293433607589	1672	16
without_phyloP	3	3	isolation_forest	sensitivity	0.875	0.1158293433607589	1672	16
without_phyloP	3	3	isolation_forest	specificity	0.9468599033816425	0.1158293433607589	1672	16
without_phyloP	3	3	isolation_forest	precision	0.13725490196078433	0.1158293433607589	1672	16
without_phyloP	3	3	isolation_forest	f1	0.23728813559322035	0.1158293433607589	1672	16
without_phyloP	3	3	isolation_forest	mcc	0.33430127904812895	0.1158293433607589	1672	16
mlc_and_codon_only	3	3	random_forest	roc_auc	0.7941387379227053	0.07885537993090463	1672	16
mlc_and_codon_only	3	3	random_forest	average_precision	0.293392671439541	0.07885537993090463	1672	16
mlc_and_codon_only	3	3	random_forest	balanced_accuracy	0.7030495169082125	0.07885537993090463	1672	16
mlc_and_codon_only	3	3	random_forest	sensitivity	0.4375	0.07885537993090463	1672	16
mlc_and_codon_only	3	3	random_forest	specificity	0.9685990338164251	0.07885537993090463	1672	16
mlc_and_codon_only	3	3	random_forest	precision	0.11864406779661017	0.07885537993090463	1672	16
mlc_and_codon_only	3	3	random_forest	f1	0.18666666666666668	0.07885537993090463	1672	16
mlc_and_codon_only	3	3	random_forest	mcc	0.21427866119928382	0.07885537993090463	1672	16
mlc_and_codon_only	3	3	isolation_forest	roc_auc	0.910703502415459	0.14337409641610474	1672	16
mlc_and_codon_only	3	3	isolation_forest	average_precision	0.17166284071881133	0.14337409641610474	1672	16
mlc_and_codon_only	3	3	isolation_forest	balanced_accuracy	0.7216183574879227	0.14337409641610474	1672	16
mlc_and_codon_only	3	3	isolation_forest	sensitivity	0.5	0.14337409641610474	1672	16
mlc_and_codon_only	3	3	isolation_forest	specificity	0.9432367149758454	0.14337409641610474	1672	16
mlc_and_codon_only	3	3	isolation_forest	precision	0.0784313725490196	0.14337409641610474	1672	16
mlc_and_codon_only	3	3	isolation_forest	f1	0.13559322033898305	0.14337409641610474	1672	16
mlc_and_codon_only	3	3	isolation_forest	mcc	0.180291799280916	0.14337409641610474	1672	16
mlc_only	3	3	random_forest	roc_auc	0.73112922705314	0.0824769085832711	1672	16
mlc_only	3	3	random_forest	average_precision	0.04302776958771058	0.0824769085832711	1672	16
mlc_only	3	3	random_forest	balanced_accuracy	0.6002415458937198	0.0824769085832711	1672	16
mlc_only	3	3	random_forest	sensitivity	0.25	0.0824769085832711	1672	16
mlc_only	3	3	random_forest	specificity	0.9504830917874396	0.0824769085832711	1672	16
mlc_only	3	3	random_forest	precision	0.046511627906976744	0.0824769085832711	1672	16
mlc_only	3	3	random_forest	f1	0.0784313725490196	0.0824769085832711	1672	16
mlc_only	3	3	random_forest	mcc	0.08836231627906273	0.0824769085832711	1672	16
mlc_only	3	3	isolation_forest	roc_auc	0.9034571256038647	0.12170009012254923	1672	16
mlc_only	3	3	isolation_forest	average_precision	0.06911917880486919	0.12170009012254923	1672	16
mlc_only	3	3	isolation_forest	balanced_accuracy	0.7276570048309179	0.12170009012254923	1672	16
mlc_only	3	3	isolation_forest	sensitivity	0.5	0.12170009012254923	1672	16
mlc_only	3	3	isolation_forest	specificity	0.9553140096618358	0.12170009012254923	1672	16
mlc_only	3	3	isolation_forest	precision	0.0975609756097561	0.12170009012254923	1672	16
mlc_only	3	3	isolation_forest	f1	0.16326530612244897	0.12170009012254923	1672	16
mlc_only	3	3	isolation_forest	mcc	0.20525591560895665	0.12170009012254923	1672	16
current_all_9	3	4	random_forest	roc_auc	0.9916169366297244	0.005913351120965846	1673	17
current_all_9	3	4	random_forest	average_precision	0.7648868928699267	0.005913351120965846	1673	17
current_all_9	3	4	random_forest	balanced_accuracy	0.9458297811878374	0.005913351120965846	1673	17
current_all_9	3	4	random_forest	sensitivity	0.9411764705882353	0.005913351120965846	1673	17
current_all_9	3	4	random_forest	specificity	0.9504830917874396	0.005913351120965846	1673	17
current_all_9	3	4	random_forest	precision	0.16326530612244897	0.005913351120965846	1673	17
current_all_9	3	4	random_forest	f1	0.2782608695652174	0.005913351120965846	1673	17
current_all_9	3	4	random_forest	mcc	0.3808030177832062	0.005913351120965846	1673	17
current_all_9	3	4	isolation_forest	roc_auc	0.9693805058255186	0.100502376557408	1673	17
current_all_9	3	4	isolation_forest	average_precision	0.5132646672198773	0.100502376557408	1673	17
current_all_9	3	4	isolation_forest	balanced_accuracy	0.8839869281045751	0.100502376557408	1673	17
current_all_9	3	4	isolation_forest	sensitivity	0.8235294117647058	0.100502376557408	1673	17
current_all_9	3	4	isolation_forest	specificity	0.9444444444444444	0.100502376557408	1673	17
current_all_9	3	4	isolation_forest	precision	0.1320754716981132	0.100502376557408	1673	17
current_all_9	3	4	isolation_forest	f1	0.22764227642276422	0.100502376557408	1673	17
current_all_9	3	4	isolation_forest	mcc	0.31616488403980586	0.100502376557408	1673	17
without_phyloP	3	4	random_forest	roc_auc	0.9207338732594487	0.03895444378228832	1673	17
without_phyloP	3	4	random_forest	average_precision	0.2716457509324981	0.03895444378228832	1673	17
without_phyloP	3	4	random_forest	balanced_accuracy	0.9118890309747087	0.03895444378228832	1673	17
without_phyloP	3	4	random_forest	sensitivity	0.8823529411764706	0.03895444378228832	1673	17
without_phyloP	3	4	random_forest	specificity	0.9414251207729468	0.03895444378228832	1673	17
without_phyloP	3	4	random_forest	precision	0.13392857142857142	0.03895444378228832	1673	17
without_phyloP	3	4	random_forest	f1	0.23255813953488372	0.03895444378228832	1673	17
without_phyloP	3	4	random_forest	mcc	0.33056311025370483	0.03895444378228832	1673	17
without_phyloP	3	4	isolation_forest	roc_auc	0.9528630292696789	0.11060783580492599	1673	17
without_phyloP	3	4	isolation_forest	average_precision	0.36844703177324295	0.11060783580492599	1673	17
without_phyloP	3	4	isolation_forest	balanced_accuracy	0.8482345836885479	0.11060783580492599	1673	17
without_phyloP	3	4	isolation_forest	sensitivity	0.7647058823529411	0.11060783580492599	1673	17
without_phyloP	3	4	isolation_forest	specificity	0.9317632850241546	0.11060783580492599	1673	17
without_phyloP	3	4	isolation_forest	precision	0.10317460317460317	0.11060783580492599	1673	17
without_phyloP	3	4	isolation_forest	f1	0.18181818181818182	0.11060783580492599	1673	17
without_phyloP	3	4	isolation_forest	mcc	0.2646830268688626	0.11060783580492599	1673	17
mlc_and_codon_only	3	4	random_forest	roc_auc	0.8550902244955954	0.10501827825532077	1673	17
mlc_and_codon_only	3	4	random_forest	average_precision	0.07863284405766034	0.10501827825532077	1673	17
mlc_and_codon_only	3	4	random_forest	balanced_accuracy	0.6859548167092924	0.10501827825532077	1673	17
mlc_and_codon_only	3	4	random_forest	sensitivity	0.4117647058823529	0.10501827825532077	1673	17
mlc_and_codon_only	3	4	random_forest	specificity	0.9601449275362319	0.10501827825532077	1673	17
mlc_and_codon_only	3	4	random_forest	precision	0.0958904109589041	0.10501827825532077	1673	17
mlc_and_codon_only	3	4	random_forest	f1	0.15555555555555556	0.10501827825532077	1673	17
mlc_and_codon_only	3	4	random_forest	mcc	0.18258732809047107	0.10501827825532077	1673	17
mlc_and_codon_only	3	4	isolation_forest	roc_auc	0.9137894288150042	0.1440146787799624	1673	17
mlc_and_codon_only	3	4	isolation_forest	average_precision	0.15718174429606804	0.1440146787799624	1673	17
mlc_and_codon_only	3	4	isolation_forest	balanced_accuracy	0.7363242398408638	0.1440146787799624	1673	17
mlc_and_codon_only	3	4	isolation_forest	sensitivity	0.5294117647058824	0.1440146787799624	1673	17
mlc_and_codon_only	3	4	isolation_forest	specificity	0.9432367149758454	0.1440146787799624	1673	17
mlc_and_codon_only	3	4	isolation_forest	precision	0.08737864077669903	0.1440146787799624	1673	17
mlc_and_codon_only	3	4	isolation_forest	f1	0.15	0.1440146787799624	1673	17
mlc_and_codon_only	3	4	isolation_forest	mcc	0.1972079659225134	0.1440146787799624	1673	17
mlc_only	3	4	random_forest	roc_auc	0.7126314293833476	0.08403047160378727	1673	17
mlc_only	3	4	random_forest	average_precision	0.038288676839208606	0.08403047160378727	1673	17
mlc_only	3	4	random_forest	balanced_accuracy	0.5631749076442171	0.08403047160378727	1673	17
mlc_only	3	4	random_forest	sensitivity	0.17647058823529413	0.08403047160378727	1673	17
mlc_only	3	4	random_forest	specificity	0.9498792270531401	0.08403047160378727	1673	17
mlc_only	3	4	random_forest	precision	0.03488372093023256	0.08403047160378727	1673	17
mlc_only	3	4	random_forest	f1	0.05825242718446602	0.08403047160378727	1673	17
mlc_only	3	4	random_forest	mcc	0.057384096647120277	0.08403047160378727	1673	17
mlc_only	3	4	isolation_forest	roc_auc	0.8835606706450697	0.08976185707756856	1673	17
mlc_only	3	4	isolation_forest	average_precision	0.08182752608923968	0.08976185707756856	1673	17
mlc_only	3	4	isolation_forest	balanced_accuracy	0.7302855924978687	0.08976185707756856	1673	17
mlc_only	3	4	isolation_forest	sensitivity	0.5294117647058824	0.08976185707756856	1673	17
mlc_only	3	4	isolation_forest	specificity	0.9311594202898551	0.08976185707756856	1673	17
mlc_only	3	4	isolation_forest	precision	0.07317073170731707	0.08976185707756856	1673	17
mlc_only	3	4	isolation_forest	f1	0.12857142857142856	0.08976185707756856	1673	17
mlc_only	3	4	isolation_forest	mcc	0.1769835840112472	0.08976185707756856	1673	17
current_all_9	3	5	random_forest	roc_auc	0.9953083348142883	0.007994606980783001	1672	17
current_all_9	3	5	random_forest	average_precision	0.7720765939647771	0.007994606980783001	1672	17
current_all_9	3	5	random_forest	balanced_accuracy	0.9740181268882175	0.007994606980783001	1672	17
current_all_9	3	5	random_forest	sensitivity	1.0	0.007994606980783001	1672	17
current_all_9	3	5	random_forest	specificity	0.9480362537764351	0.007994606980783001	1672	17
current_all_9	3	5	random_forest	precision	0.1650485436893204	0.007994606980783001	1672	17
current_all_9	3	5	random_forest	f1	0.2833333333333333	0.007994606980783001	1672	17
current_all_9	3	5	random_forest	mcc	0.39556542196010963	0.007994606980783001	1672	17
current_all_9	3	5	isolation_forest	roc_auc	0.9771103607606184	0.0959576231441262	1672	17
current_all_9	3	5	isolation_forest	average_precision	0.6055477625963611	0.0959576231441262	1672	17
current_all_9	3	5	isolation_forest	balanced_accuracy	0.8881997511995734	0.0959576231441262	1672	17
current_all_9	3	5	isolation_forest	sensitivity	0.8235294117647058	0.0959576231441262	1672	17
current_all_9	3	5	isolation_forest	specificity	0.9528700906344411	0.0959576231441262	1672	17
current_all_9	3	5	isolation_forest	precision	0.15217391304347827	0.0959576231441262	1672	17
current_all_9	3	5	isolation_forest	f1	0.25688073394495414	0.0959576231441262	1672	17
current_all_9	3	5	isolation_forest	mcc	0.3415751368216215	0.0959576231441262	1672	17
without_phyloP	3	5	random_forest	roc_auc	0.9129731650968543	0.051313843526372103	1672	17
without_phyloP	3	5	random_forest	average_precision	0.2885344215701396	0.051313843526372103	1672	17
without_phyloP	3	5	random_forest	balanced_accuracy	0.8800426515016883	0.051313843526372103	1672	17
without_phyloP	3	5	random_forest	sensitivity	0.8235294117647058	0.051313843526372103	1672	17
without_phyloP	3	5	random_forest	specificity	0.9365558912386707	0.051313843526372103	1672	17
without_phyloP	3	5	random_forest	precision	0.11764705882352941	0.051313843526372103	1672	17
without_phyloP	3	5	random_forest	f1	0.20588235294117646	0.051313843526372103	1672	17
without_phyloP	3	5	random_forest	mcc	0.2965695691778688	0.051313843526372103	1672	17
without_phyloP	3	5	isolation_forest	roc_auc	0.9483205971210236	0.10458636382476333	1672	17
without_phyloP	3	5	isolation_forest	average_precision	0.4713395922264538	0.10458636382476333	1672	17
without_phyloP	3	5	isolation_forest	balanced_accuracy	0.8254487293406789	0.10458636382476333	1672	17
without_phyloP	3	5	isolation_forest	sensitivity	0.7058823529411765	0.10458636382476333	1672	17
without_phyloP	3	5	isolation_forest	specificity	0.9450151057401812	0.10458636382476333	1672	17
without_phyloP	3	5	isolation_forest	precision	0.11650485436893204	0.10458636382476333	1672	17
without_phyloP	3	5	isolation_forest	f1	0.2	0.10458636382476333	1672	17
without_phyloP	3	5	isolation_forest	mcc	0.27158510750029946	0.10458636382476333	1672	17
mlc_and_codon_only	3	5	random_forest	roc_auc	0.7632308512528879	0.0414484500795275	1672	17
mlc_and_codon_only	3	5	random_forest	average_precision	0.22168513952541555	0.0414484500795275	1672	17
mlc_and_codon_only	3	5	random_forest	balanced_accuracy	0.6771814465967656	0.0414484500795275	1672	17
mlc_and_codon_only	3	5	random_forest	sensitivity	0.4117647058823529	0.0414484500795275	1672	17
mlc_and_codon_only	3	5	random_forest	specificity	0.9425981873111783	0.0414484500795275	1672	17
mlc_and_codon_only	3	5	random_forest	precision	0.06862745098039216	0.0414484500795275	1672	17
mlc_and_codon_only	3	5	random_forest	f1	0.11764705882352941	0.0414484500795275	1672	17
mlc_and_codon_only	3	5	random_forest	mcc	0.14853260110235214	0.0414484500795275	1672	17
mlc_and_codon_only	3	5	isolation_forest	roc_auc	0.8826017416029857	0.12736798020517373	1672	17
mlc_and_codon_only	3	5	isolation_forest	average_precision	0.12732161261791794	0.12736798020517373	1672	17
mlc_and_codon_only	3	5	isolation_forest	balanced_accuracy	0.6820152834547717	0.12736798020517373	1672	17
mlc_and_codon_only	3	5	isolation_forest	sensitivity	0.4117647058823529	0.12736798020517373	1672	17
mlc_and_codon_only	3	5	isolation_forest	specificity	0.9522658610271904	0.12736798020517373	1672	17
mlc_and_codon_only	3	5	isolation_forest	precision	0.08139534883720931	0.12736798020517373	1672	17
mlc_and_codon_only	3	5	isolation_forest	f1	0.13592233009708737	0.12736798020517373	1672	17
mlc_and_codon_only	3	5	isolation_forest	mcc	0.16533336107461147	0.12736798020517373	1672	17
mlc_only	3	5	random_forest	roc_auc	0.7056335525146613	0.03890401538175093	1672	17
mlc_only	3	5	random_forest	average_precision	0.05637694662291249	0.03890401538175093	1672	17
mlc_only	3	5	random_forest	balanced_accuracy	0.6141283099342456	0.03890401538175093	1672	17
mlc_only	3	5	random_forest	sensitivity	0.29411764705882354	0.03890401538175093	1672	17
mlc_only	3	5	random_forest	specificity	0.9341389728096676	0.03890401538175093	1672	17
mlc_only	3	5	random_forest	precision	0.043859649122807015	0.03890401538175093	1672	17
mlc_only	3	5	random_forest	f1	0.07633587786259542	0.03890401538175093	1672	17
mlc_only	3	5	random_forest	mcc	0.09084702066336181	0.03890401538175093	1672	17
mlc_only	3	5	isolation_forest	roc_auc	0.8773236182690597	0.0899445342994003	1672	17
mlc_only	3	5	isolation_forest	average_precision	0.06642389179059546	0.0899445342994003	1672	17
mlc_only	3	5	isolation_forest	balanced_accuracy	0.7062910964990226	0.0899445342994003	1672	17
mlc_only	3	5	isolation_forest	sensitivity	0.47058823529411764	0.0899445342994003	1672	17
mlc_only	3	5	isolation_forest	specificity	0.9419939577039275	0.0899445342994003	1672	17
mlc_only	3	5	isolation_forest	precision	0.07692307692307693	0.0899445342994003	1672	17
mlc_only	3	5	isolation_forest	f1	0.1322314049586777	0.0899445342994003	1672	17
mlc_only	3	5	isolation_forest	mcc	0.17137372663777595	0.0899445342994003	1672	17
current_all_9	4	1	random_forest	roc_auc	0.9997159998579999	0.009742362323110727	1674	17
current_all_9	4	1	random_forest	average_precision	0.97703081232493	0.009742362323110727	1674	17
current_all_9	4	1	random_forest	balanced_accuracy	0.9755582377791189	0.009742362323110727	1674	17
current_all_9	4	1	random_forest	sensitivity	1.0	0.009742362323110727	1674	17
current_all_9	4	1	random_forest	specificity	0.9511164755582378	0.009742362323110727	1674	17
current_all_9	4	1	random_forest	precision	0.17346938775510204	0.009742362323110727	1674	17
current_all_9	4	1	random_forest	f1	0.2956521739130435	0.009742362323110727	1674	17
current_all_9	4	1	random_forest	mcc	0.4061891095276657	0.009742362323110727	1674	17
current_all_9	4	1	isolation_forest	roc_auc	0.9849834924917462	0.08584551094202578	1674	17
current_all_9	4	1	isolation_forest	average_precision	0.5721853192941824	0.08584551094202578	1674	17
current_all_9	4	1	isolation_forest	balanced_accuracy	0.9383009691504846	0.08584551094202578	1674	17
current_all_9	4	1	isolation_forest	sensitivity	0.9411764705882353	0.08584551094202578	1674	17
current_all_9	4	1	isolation_forest	specificity	0.9354254677127338	0.08584551094202578	1674	17
current_all_9	4	1	isolation_forest	precision	0.13008130081300814	0.08584551094202578	1674	17
current_all_9	4	1	isolation_forest	f1	0.22857142857142856	0.08584551094202578	1674	17
current_all_9	4	1	isolation_forest	mcc	0.3368446755216209	0.08584551094202578	1674	17
without_phyloP	4	1	random_forest	roc_auc	0.9736234868117435	0.03799382881678649	1674	17
without_phyloP	4	1	random_forest	average_precision	0.40379857857045837	0.03799382881678649	1674	17
without_phyloP	4	1	random_forest	balanced_accuracy	0.9164329582164791	0.03799382881678649	1674	17
without_phyloP	4	1	random_forest	sensitivity	0.8823529411764706	0.03799382881678649	1674	17
without_phyloP	4	1	random_forest	specificity	0.9505129752564876	0.03799382881678649	1674	17
without_phyloP	4	1	random_forest	precision	0.15463917525773196	0.03799382881678649	1674	17
without_phyloP	4	1	random_forest	f1	0.2631578947368421	0.03799382881678649	1674	17
without_phyloP	4	1	random_forest	mcc	0.35740373836178363	0.03799382881678649	1674	17
without_phyloP	4	1	isolation_forest	roc_auc	0.9510099755049878	0.1037941860773649	1674	17
without_phyloP	4	1	isolation_forest	average_precision	0.27578806603482553	0.1037941860773649	1674	17
without_phyloP	4	1	isolation_forest	balanced_accuracy	0.8539884269942135	0.1037941860773649	1674	17
without_phyloP	4	1	isolation_forest	sensitivity	0.7647058823529411	0.1037941860773649	1674	17
without_phyloP	4	1	isolation_forest	specificity	0.9432709716354858	0.1037941860773649	1674	17
without_phyloP	4	1	isolation_forest	precision	0.12149532710280374	0.1037941860773649	1674	17
without_phyloP	4	1	isolation_forest	f1	0.20967741935483872	0.1037941860773649	1674	17
without_phyloP	4	1	isolation_forest	mcc	0.2901872903700375	0.1037941860773649	1674	17
mlc_and_codon_only	4	1	random_forest	roc_auc	0.931697965848983	0.06294923474353752	1674	17
mlc_and_codon_only	4	1	random_forest	average_precision	0.1941541108414073	0.06294923474353752	1674	17
mlc_and_codon_only	4	1	random_forest	balanced_accuracy	0.7447903723951862	0.06294923474353752	1674	17
mlc_and_codon_only	4	1	random_forest	sensitivity	0.5294117647058824	0.06294923474353752	1674	17
mlc_and_codon_only	4	1	random_forest	specificity	0.96016898008449	0.06294923474353752	1674	17
mlc_and_codon_only	4	1	random_forest	precision	0.12	0.06294923474353752	1674	17
mlc_and_codon_only	4	1	random_forest	f1	0.1956521739130435	0.06294923474353752	1674	17
mlc_and_codon_only	4	1	random_forest	mcc	0.23727674718407396	0.06294923474353752	1674	17
mlc_and_codon_only	4	1	isolation_forest	roc_auc	0.8925591962795981	0.1277790153595852	1674	17
mlc_and_codon_only	4	1	isolation_forest	average_precision	0.09086035885944752	0.1277790153595852	1674	17
mlc_and_codon_only	4	1	isolation_forest	balanced_accuracy	0.6180908090454045	0.1277790153595852	1674	17
mlc_and_codon_only	4	1	isolation_forest	sensitivity	0.29411764705882354	0.1277790153595852	1674	17
mlc_and_codon_only	4	1	isolation_forest	specificity	0.9420639710319855	0.1277790153595852	1674	17
mlc_and_codon_only	4	1	isolation_forest	precision	0.04950495049504951	0.1277790153595852	1674	17
mlc_and_codon_only	4	1	isolation_forest	f1	0.0847457627118644	0.1277790153595852	1674	17
mlc_and_codon_only	4	1	isolation_forest	mcc	0.09945045177581159	0.1277790153595852	1674	17
mlc_only	4	1	random_forest	roc_auc	0.7179523589761795	0.08999057396611114	1674	17
mlc_only	4	1	random_forest	average_precision	0.053731558607992905	0.08999057396611114	1674	17
mlc_only	4	1	random_forest	balanced_accuracy	0.6235223117611559	0.08999057396611114	1674	17
mlc_only	4	1	random_forest	sensitivity	0.29411764705882354	0.08999057396611114	1674	17
mlc_only	4	1	random_forest	specificity	0.9529269764634882	0.08999057396611114	1674	17
mlc_only	4	1	random_forest	precision	0.060240963855421686	0.08999057396611114	1674	17
mlc_only	4	1	random_forest	f1	0.1	0.08999057396611114	1674	17
mlc_only	4	1	random_forest	mcc	0.11410035235850188	0.08999057396611114	1674	17
mlc_only	4	1	isolation_forest	roc_auc	0.892044446022223	0.09115534304621087	1674	17
mlc_only	4	1	isolation_forest	average_precision	0.057893519843946833	0.09115534304621087	1674	17
mlc_only	4	1	isolation_forest	balanced_accuracy	0.5904895452447726	0.09115534304621087	1674	17
mlc_only	4	1	isolation_forest	sensitivity	0.23529411764705882	0.09115534304621087	1674	17
mlc_only	4	1	isolation_forest	specificity	0.9456849728424864	0.09115534304621087	1674	17
mlc_only	4	1	isolation_forest	precision	0.0425531914893617	0.09115534304621087	1674	17
mlc_only	4	1	isolation_forest	f1	0.07207207207207207	0.09115534304621087	1674	17
mlc_only	4	1	isolation_forest	mcc	0.0788173167972554	0.09115534304621087	1674	17
current_all_9	4	2	random_forest	roc_auc	0.9952445652173914	0.008101097376247849	1672	16
current_all_9	4	2	random_forest	average_precision	0.7133341929049157	0.008101097376247849	1672	16
current_all_9	4	2	random_forest	balanced_accuracy	0.948822463768116	0.008101097376247849	1672	16
current_all_9	4	2	random_forest	sensitivity	0.9375	0.008101097376247849	1672	16
current_all_9	4	2	random_forest	specificity	0.9601449275362319	0.008101097376247849	1672	16
current_all_9	4	2	random_forest	precision	0.18518518518518517	0.008101097376247849	1672	16
current_all_9	4	2	random_forest	f1	0.30927835051546393	0.008101097376247849	1672	16
current_all_9	4	2	random_forest	mcc	0.4070213021722399	0.008101097376247849	1672	16
current_all_9	4	2	isolation_forest	roc_auc	0.969165157004831	0.10646677428645895	1672	16
current_all_9	4	2	isolation_forest	average_precision	0.555049582287764	0.10646677428645895	1672	16
current_all_9	4	2	isolation_forest	balanced_accuracy	0.888737922705314	0.10646677428645895	1672	16
current_all_9	4	2	isolation_forest	sensitivity	0.8125	0.10646677428645895	1672	16
current_all_9	4	2	isolation_forest	specificity	0.964975845410628	0.10646677428645895	1672	16
current_all_9	4	2	isolation_forest	precision	0.18309859154929578	0.10646677428645895	1672	16
current_all_9	4	2	isolation_forest	f1	0.2988505747126437	0.10646677428645895	1672	16
current_all_9	4	2	isolation_forest	mcc	0.3753636577821044	0.10646677428645895	1672	16
without_phyloP	4	2	random_forest	roc_auc	0.9229128925120773	0.03380890014907725	1672	16
without_phyloP	4	2	random_forest	average_precision	0.3118265780167149	0.03380890014907725	1672	16
without_phyloP	4	2	random_forest	balanced_accuracy	0.855072463768116	0.03380890014907725	1672	16
without_phyloP	4	2	random_forest	sensitivity	0.75	0.03380890014907725	1672	16
without_phyloP	4	2	random_forest	specificity	0.9601449275362319	0.03380890014907725	1672	16
without_phyloP	4	2	random_forest	precision	0.15384615384615385	0.03380890014907725	1672	16
without_phyloP	4	2	random_forest	f1	0.2553191489361702	0.03380890014907725	1672	16
without_phyloP	4	2	random_forest	mcc	0.32782773035126395	0.03380890014907725	1672	16
without_phyloP	4	2	isolation_forest	roc_auc	0.9438783212560387	0.11957133003648779	1672	16
without_phyloP	4	2	isolation_forest	average_precision	0.3702890380446612	0.11957133003648779	1672	16
without_phyloP	4	2	isolation_forest	balanced_accuracy	0.7934782608695652	0.11957133003648779	1672	16
without_phyloP	4	2	isolation_forest	sensitivity	0.625	0.11957133003648779	1672	16
without_phyloP	4	2	isolation_forest	specificity	0.9619565217391305	0.11957133003648779	1672	16
without_phyloP	4	2	isolation_forest	precision	0.136986301369863	0.11957133003648779	1672	16
without_phyloP	4	2	isolation_forest	f1	0.2247191011235955	0.11957133003648779	1672	16
without_phyloP	4	2	isolation_forest	mcc	0.279647169629439	0.11957133003648779	1672	16
mlc_and_codon_only	4	2	random_forest	roc_auc	0.7110129830917875	0.04135012134835572	1672	16
mlc_and_codon_only	4	2	random_forest	average_precision	0.10176889575005887	0.04135012134835572	1672	16
mlc_and_codon_only	4	2	random_forest	balanced_accuracy	0.6955012077294687	0.04135012134835572	1672	16
mlc_and_codon_only	4	2	random_forest	sensitivity	0.4375	0.04135012134835572	1672	16
mlc_and_codon_only	4	2	random_forest	specificity	0.9535024154589372	0.04135012134835572	1672	16
mlc_and_codon_only	4	2	random_forest	precision	0.08333333333333333	0.04135012134835572	1672	16
mlc_and_codon_only	4	2	random_forest	f1	0.14	0.04135012134835572	1672	16
mlc_and_codon_only	4	2	random_forest	mcc	0.1742628071899817	0.04135012134835572	1672	16
mlc_and_codon_only	4	2	isolation_forest	roc_auc	0.8983997584541061	0.1461012370811664	1672	16
mlc_and_codon_only	4	2	isolation_forest	average_precision	0.18822730453051986	0.1461012370811664	1672	16
mlc_and_codon_only	4	2	isolation_forest	balanced_accuracy	0.6357185990338164	0.1461012370811664	1672	16
mlc_and_codon_only	4	2	isolation_forest	sensitivity	0.3125	0.1461012370811664	1672	16
mlc_and_codon_only	4	2	isolation_forest	specificity	0.9589371980676329	0.1461012370811664	1672	16
mlc_and_codon_only	4	2	isolation_forest	precision	0.0684931506849315	0.1461012370811664	1672	16
mlc_and_codon_only	4	2	isolation_forest	f1	0.11235955056179775	0.1461012370811664	1672	16
mlc_and_codon_only	4	2	isolation_forest	mcc	0.12932243081114486	0.1461012370811664	1672	16
mlc_only	4	2	random_forest	roc_auc	0.616262832125604	0.09610012561145787	1672	16
mlc_only	4	2	random_forest	average_precision	0.02480334211549196	0.09610012561145787	1672	16
mlc_only	4	2	random_forest	balanced_accuracy	0.5996376811594203	0.09610012561145787	1672	16
mlc_only	4	2	random_forest	sensitivity	0.25	0.09610012561145787	1672	16
mlc_only	4	2	random_forest	specificity	0.9492753623188406	0.09610012561145787	1672	16
mlc_only	4	2	random_forest	precision	0.045454545454545456	0.09610012561145787	1672	16
mlc_only	4	2	random_forest	f1	0.07692307692307693	0.09610012561145787	1672	16
mlc_only	4	2	random_forest	mcc	0.08688100585711449	0.09610012561145787	1672	16
mlc_only	4	2	isolation_forest	roc_auc	0.8857940821256038	0.12076051877898417	1672	16
mlc_only	4	2	isolation_forest	average_precision	0.06634747643126361	0.12076051877898417	1672	16
mlc_only	4	2	isolation_forest	balanced_accuracy	0.6369263285024155	0.12076051877898417	1672	16
mlc_only	4	2	isolation_forest	sensitivity	0.3125	0.12076051877898417	1672	16
mlc_only	4	2	isolation_forest	specificity	0.961352657004831	0.12076051877898417	1672	16
mlc_only	4	2	isolation_forest	precision	0.07246376811594203	0.12076051877898417	1672	16
mlc_only	4	2	isolation_forest	f1	0.11764705882352941	0.12076051877898417	1672	16
mlc_only	4	2	isolation_forest	mcc	0.13403425660450105	0.12076051877898417	1672	16
current_all_9	4	3	random_forest	roc_auc	0.9931443591929525	0.01080689509670786	1673	17
current_all_9	4	3	random_forest	average_precision	0.6380730964662098	0.01080689509670786	1673	17
current_all_9	4	3	random_forest	balanced_accuracy	0.9734299516908212	0.01080689509670786	1673	17
current_all_9	4	3	random_forest	sensitivity	1.0	0.01080689509670786	1673	17
current_all_9	4	3	random_forest	specificity	0.9468599033816425	0.01080689509670786	1673	17
current_all_9	4	3	random_forest	precision	0.1619047619047619	0.01080689509670786	1673	17
current_all_9	4	3	random_forest	f1	0.2786885245901639	0.01080689509670786	1673	17
current_all_9	4	3	random_forest	mcc	0.3915368784855019	0.01080689509670786	1673	17
current_all_9	4	3	isolation_forest	roc_auc	0.9584754191531685	0.10326913472814439	1673	17
current_all_9	4	3	isolation_forest	average_precision	0.37930820631691037	0.10326913472814439	1673	17
current_all_9	4	3	isolation_forest	balanced_accuracy	0.914002557544757	0.10326913472814439	1673	17
current_all_9	4	3	isolation_forest	sensitivity	0.8823529411764706	0.10326913472814439	1673	17
current_all_9	4	3	isolation_forest	specificity	0.9456521739130435	0.10326913472814439	1673	17
current_all_9	4	3	isolation_forest	precision	0.14285714285714285	0.10326913472814439	1673	17
current_all_9	4	3	isolation_forest	f1	0.2459016393442623	0.10326913472814439	1673	17
current_all_9	4	3	isolation_forest	mcc	0.3423891295579625	0.10326913472814439	1673	17
without_phyloP	4	3	random_forest	roc_auc	0.9573387325944871	0.06635763197635629	1673	17
without_phyloP	4	3	random_forest	average_precision	0.35956556832660325	0.06635763197635629	1673	17
without_phyloP	4	3	random_forest	balanced_accuracy	0.8551790281329923	0.06635763197635629	1673	17
without_phyloP	4	3	random_forest	sensitivity	0.7647058823529411	0.06635763197635629	1673	17
without_phyloP	4	3	random_forest	specificity	0.9456521739130435	0.06635763197635629	1673	17
without_phyloP	4	3	random_forest	precision	0.1262135922330097	0.06635763197635629	1673	17
without_phyloP	4	3	random_forest	f1	0.21666666666666667	0.06635763197635629	1673	17
without_phyloP	4	3	random_forest	mcc	0.2963899671214808	0.06635763197635629	1673	17
without_phyloP	4	3	isolation_forest	roc_auc	0.9417803353225348	0.12238917209395103	1673	17
without_phyloP	4	3	isolation_forest	average_precision	0.3038884145730675	0.12238917209395103	1673	17
without_phyloP	4	3	isolation_forest	balanced_accuracy	0.7990728900255755	0.12238917209395103	1673	17
without_phyloP	4	3	isolation_forest	sensitivity	0.6470588235294118	0.12238917209395103	1673	17
without_phyloP	4	3	isolation_forest	specificity	0.9510869565217391	0.12238917209395103	1673	17
without_phyloP	4	3	isolation_forest	precision	0.11956521739130435	0.12238917209395103	1673	17
without_phyloP	4	3	isolation_forest	f1	0.2018348623853211	0.12238917209395103	1673	17
without_phyloP	4	3	isolation_forest	mcc	0.2631490590200946	0.12238917209395103	1673	17
mlc_and_codon_only	4	3	random_forest	roc_auc	0.7660912190963343	0.12607489691941465	1673	17
mlc_and_codon_only	4	3	random_forest	average_precision	0.1449474021808133	0.12607489691941465	1673	17
mlc_and_codon_only	4	3	random_forest	balanced_accuracy	0.6301506109690252	0.12607489691941465	1673	17
mlc_and_codon_only	4	3	random_forest	sensitivity	0.29411764705882354	0.12607489691941465	1673	17
mlc_and_codon_only	4	3	random_forest	specificity	0.966183574879227	0.12607489691941465	1673	17
mlc_and_codon_only	4	3	random_forest	precision	0.08196721311475409	0.12607489691941465	1673	17
mlc_and_codon_only	4	3	random_forest	f1	0.1282051282051282	0.12607489691941465	1673	17
mlc_and_codon_only	4	3	random_forest	mcc	0.13927828084351837	0.12607489691941465	1673	17
mlc_and_codon_only	4	3	isolation_forest	roc_auc	0.8696540210287014	0.14757400188731312	1673	17
mlc_and_codon_only	4	3	isolation_forest	average_precision	0.06852319192555806	0.14757400188731312	1673	17
mlc_and_codon_only	4	3	isolation_forest	balanced_accuracy	0.5904731457800512	0.14757400188731312	1673	17
mlc_and_codon_only	4	3	isolation_forest	sensitivity	0.23529411764705882	0.14757400188731312	1673	17
mlc_and_codon_only	4	3	isolation_forest	specificity	0.9456521739130435	0.14757400188731312	1673	17
mlc_and_codon_only	4	3	isolation_forest	precision	0.0425531914893617	0.14757400188731312	1673	17
mlc_and_codon_only	4	3	isolation_forest	f1	0.07207207207207207	0.14757400188731312	1673	17
mlc_and_codon_only	4	3	isolation_forest	mcc	0.07880419226317377	0.14757400188731312	1673	17
mlc_only	4	3	random_forest	roc_auc	0.7048699914748507	0.14771034077101247	1673	17
mlc_only	4	3	random_forest	average_precision	0.030504888785281688	0.14771034077101247	1673	17
mlc_only	4	3	random_forest	balanced_accuracy	0.5937944018186985	0.14771034077101247	1673	17
mlc_only	4	3	random_forest	sensitivity	0.23529411764705882	0.14771034077101247	1673	17
mlc_only	4	3	random_forest	specificity	0.9522946859903382	0.14771034077101247	1673	17
mlc_only	4	3	random_forest	precision	0.04819277108433735	0.14771034077101247	1673	17
mlc_only	4	3	random_forest	f1	0.08	0.14771034077101247	1673	17
mlc_only	4	3	random_forest	mcc	0.08664109496238885	0.14771034077101247	1673	17
mlc_only	4	3	isolation_forest	roc_auc	0.8951584256891162	0.12664579427496525	1673	17
mlc_only	4	3	isolation_forest	average_precision	0.05208511702544042	0.12664579427496525	1673	17
mlc_only	4	3	isolation_forest	balanced_accuracy	0.6232061665245808	0.12664579427496525	1673	17
mlc_only	4	3	isolation_forest	sensitivity	0.29411764705882354	0.12664579427496525	1673	17
mlc_only	4	3	isolation_forest	specificity	0.9522946859903382	0.12664579427496525	1673	17
mlc_only	4	3	isolation_forest	precision	0.05952380952380952	0.12664579427496525	1673	17
mlc_only	4	3	isolation_forest	f1	0.09900990099009901	0.12664579427496525	1673	17
mlc_only	4	3	isolation_forest	mcc	0.11316587244836744	0.12664579427496525	1673	17
current_all_9	4	4	random_forest	roc_auc	0.9964478545041205	0.006741521002378988	1673	17
current_all_9	4	4	random_forest	average_precision	0.8083464525619871	0.006741521002378988	1673	17
current_all_9	4	4	random_forest	balanced_accuracy	0.96256038647343	0.006741521002378988	1673	17
current_all_9	4	4	random_forest	sensitivity	1.0	0.006741521002378988	1673	17
current_all_9	4	4	random_forest	specificity	0.9251207729468599	0.006741521002378988	1673	17
current_all_9	4	4	random_forest	precision	0.12056737588652482	0.006741521002378988	1673	17
current_all_9	4	4	random_forest	f1	0.21518987341772153	0.006741521002378988	1673	17
current_all_9	4	4	random_forest	mcc	0.3339751247807483	0.006741521002378988	1673	17
current_all_9	4	4	isolation_forest	roc_auc	0.978651605569764	0.11151558161025851	1673	17
current_all_9	4	4	isolation_forest	average_precision	0.43983392943151683	0.11151558161025851	1673	17
current_all_9	4	4	isolation_forest	balanced_accuracy	0.8891197783461211	0.11151558161025851	1673	17
current_all_9	4	4	isolation_forest	sensitivity	0.8235294117647058	0.11151558161025851	1673	17
current_all_9	4	4	isolation_forest	specificity	0.9547101449275363	0.11151558161025851	1673	17
current_all_9	4	4	isolation_forest	precision	0.15730337078651685	0.11151558161025851	1673	17
current_all_9	4	4	isolation_forest	f1	0.2641509433962264	0.11151558161025851	1673	17
current_all_9	4	4	isolation_forest	mcc	0.3477725794146987	0.11151558161025851	1673	17
without_phyloP	4	4	random_forest	roc_auc	0.9676221938050583	0.04375563765095565	1673	17
without_phyloP	4	4	random_forest	average_precision	0.21687632243615945	0.04375563765095565	1673	17
without_phyloP	4	4	random_forest	balanced_accuracy	0.9118890309747087	0.04375563765095565	1673	17
without_phyloP	4	4	random_forest	sensitivity	0.8823529411764706	0.04375563765095565	1673	17
without_phyloP	4	4	random_forest	specificity	0.9414251207729468	0.04375563765095565	1673	17
without_phyloP	4	4	random_forest	precision	0.13392857142857142	0.04375563765095565	1673	17
without_phyloP	4	4	random_forest	f1	0.23255813953488372	0.04375563765095565	1673	17
without_phyloP	4	4	random_forest	mcc	0.33056311025370483	0.04375563765095565	1673	17
without_phyloP	4	4	isolation_forest	roc_auc	0.9547101449275361	0.11866863797756896	1673	17
without_phyloP	4	4	isolation_forest	average_precision	0.26341851007110106	0.11866863797756896	1673	17
without_phyloP	4	4	isolation_forest	balanced_accuracy	0.8548770957658425	0.11866863797756896	1673	17
without_phyloP	4	4	isolation_forest	sensitivity	0.7647058823529411	0.11866863797756896	1673	17
without_phyloP	4	4	isolation_forest	specificity	0.9450483091787439	0.11866863797756896	1673	17
without_phyloP	4	4	isolation_forest	precision	0.125	0.11866863797756896	1673	17
without_phyloP	4	4	isolation_forest	f1	0.21487603305785125	0.11866863797756896	1673	17
without_phyloP	4	4	isolation_forest	mcc	0.2948047328247516	0.11866863797756896	1673	17
mlc_and_codon_only	4	4	random_forest	roc_auc	0.7664109121909634	0.0364144077958906	1673	17
mlc_and_codon_only	4	4	random_forest	average_precision	0.061672811404603727	0.0364144077958906	1673	17
mlc_and_codon_only	4	4	random_forest	balanced_accuracy	0.6741794543904518	0.0364144077958906	1673	17
mlc_and_codon_only	4	4	random_forest	sensitivity	0.4117647058823529	0.0364144077958906	1673	17
mlc_and_codon_only	4	4	random_forest	specificity	0.9365942028985508	0.0364144077958906	1673	17
mlc_and_codon_only	4	4	random_forest	precision	0.0625	0.0364144077958906	1673	17
mlc_and_codon_only	4	4	random_forest	f1	0.10852713178294573	0.0364144077958906	1673	17
mlc_and_codon_only	4	4	random_forest	mcc	0.13978838438437682	0.0364144077958906	1673	17
mlc_and_codon_only	4	4	isolation_forest	roc_auc	0.9216219096334186	0.1432158848054873	1673	17
mlc_and_codon_only	4	4	isolation_forest	average_precision	0.09753242051284793	0.1432158848054873	1673	17
mlc_and_codon_only	4	4	isolation_forest	balanced_accuracy	0.7657360045467463	0.1432158848054873	1673	17
mlc_and_codon_only	4	4	isolation_forest	sensitivity	0.5882352941176471	0.1432158848054873	1673	17
mlc_and_codon_only	4	4	isolation_forest	specificity	0.9432367149758454	0.1432158848054873	1673	17
mlc_and_codon_only	4	4	isolation_forest	precision	0.09615384615384616	0.1432158848054873	1673	17
mlc_and_codon_only	4	4	isolation_forest	f1	0.1652892561983471	0.1432158848054873	1673	17
mlc_and_codon_only	4	4	isolation_forest	mcc	0.22075313610549688	0.1432158848054873	1673	17
mlc_only	4	4	random_forest	roc_auc	0.7746518897414038	0.06709371321400073	1673	17
mlc_only	4	4	random_forest	average_precision	0.056212050152004575	0.06709371321400073	1673	17
mlc_only	4	4	random_forest	balanced_accuracy	0.7069124751349816	0.06709371321400073	1673	17
mlc_only	4	4	random_forest	sensitivity	0.47058823529411764	0.06709371321400073	1673	17
mlc_only	4	4	random_forest	specificity	0.9432367149758454	0.06709371321400073	1673	17
mlc_only	4	4	random_forest	precision	0.0784313725490196	0.06709371321400073	1673	17
mlc_only	4	4	random_forest	f1	0.13445378151260504	0.06709371321400073	1673	17
mlc_only	4	4	random_forest	mcc	0.17345352094751187	0.06709371321400073	1673	17
mlc_only	4	4	isolation_forest	roc_auc	0.9034704461494742	0.11376405487086846	1673	17
mlc_only	4	4	isolation_forest	average_precision	0.07544127805082709	0.11376405487086846	1673	17
mlc_only	4	4	isolation_forest	balanced_accuracy	0.7666418016481955	0.11376405487086846	1673	17
mlc_only	4	4	isolation_forest	sensitivity	0.5882352941176471	0.11376405487086846	1673	17
mlc_only	4	4	isolation_forest	specificity	0.9450483091787439	0.11376405487086846	1673	17
mlc_only	4	4	isolation_forest	precision	0.09900990099009901	0.11376405487086846	1673	17
mlc_only	4	4	isolation_forest	f1	0.1694915254237288	0.11376405487086846	1673	17
mlc_only	4	4	isolation_forest	mcc	0.22455663924332397	0.11376405487086846	1673	17
current_all_9	4	5	random_forest	roc_auc	0.9977252532432912	0.007875561410019645	1672	17
current_all_9	4	5	random_forest	average_precision	0.8967053734774308	0.007875561410019645	1672	17
current_all_9	4	5	random_forest	balanced_accuracy	0.9785498489425981	0.007875561410019645	1672	17
current_all_9	4	5	random_forest	sensitivity	1.0	0.007875561410019645	1672	17
current_all_9	4	5	random_forest	specificity	0.9570996978851963	0.007875561410019645	1672	17
current_all_9	4	5	random_forest	precision	0.19318181818181818	0.007875561410019645	1672	17
current_all_9	4	5	random_forest	f1	0.3238095238095238	0.007875561410019645	1672	17
current_all_9	4	5	random_forest	mcc	0.4299933253188137	0.007875561410019645	1672	17
current_all_9	4	5	isolation_forest	roc_auc	0.9710680646881109	0.10380715707805441	1672	17
current_all_9	4	5	isolation_forest	average_precision	0.6265054518208116	0.10380715707805441	1672	17
current_all_9	4	5	isolation_forest	balanced_accuracy	0.8851786031633198	0.10380715707805441	1672	17
current_all_9	4	5	isolation_forest	sensitivity	0.8235294117647058	0.10380715707805441	1672	17
current_all_9	4	5	isolation_forest	specificity	0.9468277945619336	0.10380715707805441	1672	17
current_all_9	4	5	isolation_forest	precision	0.13725490196078433	0.10380715707805441	1672	17
current_all_9	4	5	isolation_forest	f1	0.23529411764705882	0.10380715707805441	1672	17
current_all_9	4	5	isolation_forest	mcc	0.32289825439241526	0.10380715707805441	1672	17
without_phyloP	4	5	random_forest	roc_auc	0.9684378887506664	0.06705967677809019	1672	17
without_phyloP	4	5	random_forest	average_precision	0.2963464137808341	0.06705967677809019	1672	17
without_phyloP	4	5	random_forest	balanced_accuracy	0.8951483916829572	0.06705967677809019	1672	17
without_phyloP	4	5	random_forest	sensitivity	0.8235294117647058	0.06705967677809019	1672	17
without_phyloP	4	5	random_forest	specificity	0.9667673716012085	0.06705967677809019	1672	17
without_phyloP	4	5	random_forest	precision	0.2028985507246377	0.06705967677809019	1672	17
without_phyloP	4	5	random_forest	f1	0.32558139534883723	0.06705967677809019	1672	17
without_phyloP	4	5	random_forest	mcc	0.398586300198437	0.06705967677809019	1672	17
without_phyloP	4	5	isolation_forest	roc_auc	0.9562111249333571	0.11382881638133271	1672	17
without_phyloP	4	5	isolation_forest	average_precision	0.41203225445851793	0.11382881638133271	1672	17
without_phyloP	4	5	isolation_forest	balanced_accuracy	0.8881997511995734	0.11382881638133271	1672	17
without_phyloP	4	5	isolation_forest	sensitivity	0.8235294117647058	0.11382881638133271	1672	17
without_phyloP	4	5	isolation_forest	specificity	0.9528700906344411	0.11382881638133271	1672	17
without_phyloP	4	5	isolation_forest	precision	0.15217391304347827	0.11382881638133271	1672	17
without_phyloP	4	5	isolation_forest	f1	0.25688073394495414	0.11382881638133271	1672	17
without_phyloP	4	5	isolation_forest	mcc	0.3415751368216215	0.11382881638133271	1672	17
mlc_and_codon_only	4	5	random_forest	roc_auc	0.7914341567442686	0.1350002151987271	1672	17
mlc_and_codon_only	4	5	random_forest	average_precision	0.3616558215181812	0.1350002151987271	1672	17
mlc_and_codon_only	4	5	random_forest	balanced_accuracy	0.77538652923405	0.1350002151987271	1672	17
mlc_and_codon_only	4	5	random_forest	sensitivity	0.5882352941176471	0.1350002151987271	1672	17
mlc_and_codon_only	4	5	random_forest	specificity	0.9625377643504531	0.1350002151987271	1672	17
mlc_and_codon_only	4	5	random_forest	precision	0.1388888888888889	0.1350002151987271	1672	17
mlc_and_codon_only	4	5	random_forest	f1	0.2247191011235955	0.1350002151987271	1672	17
mlc_and_codon_only	4	5	random_forest	mcc	0.2721885853407	0.1350002151987271	1672	17
mlc_and_codon_only	4	5	isolation_forest	roc_auc	0.912688821752266	0.13911892087877642	1672	17
mlc_and_codon_only	4	5	isolation_forest	average_precision	0.153734989564582	0.13911892087877642	1672	17
mlc_and_codon_only	4	5	isolation_forest	balanced_accuracy	0.7111249333570286	0.13911892087877642	1672	17
mlc_and_codon_only	4	5	isolation_forest	sensitivity	0.47058823529411764	0.13911892087877642	1672	17
mlc_and_codon_only	4	5	isolation_forest	specificity	0.9516616314199395	0.13911892087877642	1672	17
mlc_and_codon_only	4	5	isolation_forest	precision	0.09090909090909091	0.13911892087877642	1672	17
mlc_and_codon_only	4	5	isolation_forest	f1	0.1523809523809524	0.13911892087877642	1672	17
mlc_and_codon_only	4	5	isolation_forest	mcc	0.18970293764065307	0.13911892087877642	1672	17
mlc_only	4	5	random_forest	roc_auc	0.753563177536876	0.1886767511650937	1672	17
mlc_only	4	5	random_forest	average_precision	0.14062802078814418	0.1886767511650937	1672	17
mlc_only	4	5	random_forest	balanced_accuracy	0.630442509330016	0.1886767511650937	1672	17
mlc_only	4	5	random_forest	sensitivity	0.29411764705882354	0.1886767511650937	1672	17
mlc_only	4	5	random_forest	specificity	0.9667673716012085	0.1886767511650937	1672	17
mlc_only	4	5	random_forest	precision	0.08333333333333333	0.1886767511650937	1672	17
mlc_only	4	5	random_forest	f1	0.12987012987012986	0.1886767511650937	1672	17
mlc_only	4	5	random_forest	mcc	0.1407065958740497	0.1886767511650937	1672	17
mlc_only	4	5	isolation_forest	roc_auc	0.9035187488892837	0.12353251490883768	1672	17
mlc_only	4	5	isolation_forest	average_precision	0.09507256594781811	0.12353251490883768	1672	17
mlc_only	4	5	isolation_forest	balanced_accuracy	0.745370534920917	0.12353251490883768	1672	17
mlc_only	4	5	isolation_forest	sensitivity	0.5294117647058824	0.12353251490883768	1672	17
mlc_only	4	5	isolation_forest	specificity	0.9613293051359516	0.12353251490883768	1672	17
mlc_only	4	5	isolation_forest	precision	0.1232876712328767	0.12353251490883768	1672	17
mlc_only	4	5	isolation_forest	f1	0.2	0.12353251490883768	1672	17
mlc_only	4	5	isolation_forest	mcc	0.2409296241747779	0.12353251490883768	1672	17
current_all_9	5	1	random_forest	roc_auc	0.9985080988917306	0.006890911686277102	1673	17
current_all_9	5	1	random_forest	average_precision	0.9140580465699435	0.006890911686277102	1673	17
current_all_9	5	1	random_forest	balanced_accuracy	0.9701086956521738	0.006890911686277102	1673	17
current_all_9	5	1	random_forest	sensitivity	1.0	0.006890911686277102	1673	17
current_all_9	5	1	random_forest	specificity	0.9402173913043478	0.006890911686277102	1673	17
current_all_9	5	1	random_forest	precision	0.14655172413793102	0.006890911686277102	1673	17
current_all_9	5	1	random_forest	f1	0.2556390977443609	0.006890911686277102	1673	17
current_all_9	5	1	random_forest	mcc	0.37120140053631256	0.006890911686277102	1673	17
current_all_9	5	1	isolation_forest	roc_auc	0.9670005683432793	0.10764573575944883	1673	17
current_all_9	5	1	isolation_forest	average_precision	0.39447572535525277	0.10764573575944883	1673	17
current_all_9	5	1	isolation_forest	balanced_accuracy	0.8566886899687411	0.10764573575944883	1673	17
current_all_9	5	1	isolation_forest	sensitivity	0.7647058823529411	0.10764573575944883	1673	17
current_all_9	5	1	isolation_forest	specificity	0.9486714975845411	0.10764573575944883	1673	17
current_all_9	5	1	isolation_forest	precision	0.1326530612244898	0.10764573575944883	1673	17
current_all_9	5	1	isolation_forest	f1	0.22608695652173913	0.10764573575944883	1673	17
current_all_9	5	1	isolation_forest	mcc	0.30466365254322886	0.10764573575944883	1673	17
without_phyloP	5	1	random_forest	roc_auc	0.9262041773231031	0.04142706786386284	1673	17
without_phyloP	5	1	random_forest	average_precision	0.2877411182845672	0.04142706786386284	1673	17
without_phyloP	5	1	random_forest	balanced_accuracy	0.8554809605001421	0.04142706786386284	1673	17
without_phyloP	5	1	random_forest	sensitivity	0.7647058823529411	0.04142706786386284	1673	17
without_phyloP	5	1	random_forest	specificity	0.946256038647343	0.04142706786386284	1673	17
without_phyloP	5	1	random_forest	precision	0.12745098039215685	0.04142706786386284	1673	17
without_phyloP	5	1	random_forest	f1	0.2184873949579832	0.04142706786386284	1673	17
without_phyloP	5	1	random_forest	mcc	0.2979976156020987	0.04142706786386284	1673	17
without_phyloP	5	1	isolation_forest	roc_auc	0.9328289286729184	0.11504580001878517	1673	17
without_phyloP	5	1	isolation_forest	average_precision	0.17216034303448244	0.11504580001878517	1673	17
without_phyloP	5	1	isolation_forest	balanced_accuracy	0.799676754759875	0.11504580001878517	1673	17
without_phyloP	5	1	isolation_forest	sensitivity	0.6470588235294118	0.11504580001878517	1673	17
without_phyloP	5	1	isolation_forest	specificity	0.9522946859903382	0.11504580001878517	1673	17
without_phyloP	5	1	isolation_forest	precision	0.12222222222222222	0.11504580001878517	1673	17
without_phyloP	5	1	isolation_forest	f1	0.205607476635514	0.11504580001878517	1673	17
without_phyloP	5	1	isolation_forest	mcc	0.26642560917269503	0.11504580001878517	1673	17
mlc_and_codon_only	5	1	random_forest	roc_auc	0.8136011651037226	0.08451303557848888	1673	17
mlc_and_codon_only	5	1	random_forest	average_precision	0.19701220459574403	0.08451303557848888	1673	17
mlc_and_codon_only	5	1	random_forest	balanced_accuracy	0.6787084398976981	0.08451303557848888	1673	17
mlc_and_codon_only	5	1	random_forest	sensitivity	0.4117647058823529	0.08451303557848888	1673	17
mlc_and_codon_only	5	1	random_forest	specificity	0.9456521739130435	0.08451303557848888	1673	17
mlc_and_codon_only	5	1	random_forest	precision	0.07216494845360824	0.08451303557848888	1673	17
mlc_and_codon_only	5	1	random_forest	f1	0.12280701754385964	0.08451303557848888	1673	17
mlc_and_codon_only	5	1	random_forest	mcc	0.1533789330518426	0.08451303557848888	1673	17
mlc_and_codon_only	5	1	isolation_forest	roc_auc	0.8903097470872408	0.1488527263936643	1673	17
mlc_and_codon_only	5	1	isolation_forest	average_precision	0.09157271749620574	0.1488527263936643	1673	17
mlc_and_codon_only	5	1	isolation_forest	balanced_accuracy	0.652919863597613	0.1488527263936643	1673	17
mlc_and_codon_only	5	1	isolation_forest	sensitivity	0.35294117647058826	0.1488527263936643	1673	17
mlc_and_codon_only	5	1	isolation_forest	specificity	0.9528985507246377	0.1488527263936643	1673	17
mlc_and_codon_only	5	1	isolation_forest	precision	0.07142857142857142	0.1488527263936643	1673	17
mlc_and_codon_only	5	1	isolation_forest	f1	0.1188118811881188	0.1488527263936643	1673	17
mlc_and_codon_only	5	1	isolation_forest	mcc	0.14045814642935617	0.1488527263936643	1673	17
mlc_only	5	1	random_forest	roc_auc	0.6782999431656721	0.08879618486668153	1673	17
mlc_only	5	1	random_forest	average_precision	0.03594233746229019	0.08879618486668153	1673	17
mlc_only	5	1	random_forest	balanced_accuracy	0.6444657573174197	0.08879618486668153	1673	17
mlc_only	5	1	random_forest	sensitivity	0.35294117647058826	0.08879618486668153	1673	17
mlc_only	5	1	random_forest	specificity	0.9359903381642513	0.08879618486668153	1673	17
mlc_only	5	1	random_forest	precision	0.05357142857142857	0.08879618486668153	1673	17
mlc_only	5	1	random_forest	f1	0.09302325581395349	0.08879618486668153	1673	17
mlc_only	5	1	random_forest	mcc	0.11594154365071083	0.08879618486668153	1673	17
mlc_only	5	1	isolation_forest	roc_auc	0.8571682296106847	0.09482261904579137	1673	17
mlc_only	5	1	isolation_forest	average_precision	0.057092952458035154	0.09482261904579137	1673	17
mlc_only	5	1	isolation_forest	balanced_accuracy	0.7357203751065644	0.09482261904579137	1673	17
mlc_only	5	1	isolation_forest	sensitivity	0.5294117647058824	0.09482261904579137	1673	17
mlc_only	5	1	isolation_forest	specificity	0.9420289855072463	0.09482261904579137	1673	17
mlc_only	5	1	isolation_forest	precision	0.08571428571428572	0.09482261904579137	1673	17
mlc_only	5	1	isolation_forest	f1	0.14754098360655737	0.09482261904579137	1673	17
mlc_only	5	1	isolation_forest	mcc	0.19494588277534444	0.09482261904579137	1673	17
current_all_9	5	2	random_forest	roc_auc	0.9951719975859988	0.010034824817821076	1674	17
current_all_9	5	2	random_forest	average_precision	0.8198051470063666	0.010034824817821076	1674	17
current_all_9	5	2	random_forest	balanced_accuracy	0.9821967410983705	0.010034824817821076	1674	17
current_all_9	5	2	random_forest	sensitivity	1.0	0.010034824817821076	1674	17
current_all_9	5	2	random_forest	specificity	0.9643934821967411	0.010034824817821076	1674	17
current_all_9	5	2	random_forest	precision	0.2236842105263158	0.010034824817821076	1674	17
current_all_9	5	2	random_forest	f1	0.3655913978494624	0.010034824817821076	1674	17
current_all_9	5	2	random_forest	mcc	0.4644562355076123	0.010034824817821076	1674	17
current_all_9	5	2	isolation_forest	roc_auc	0.9414249707124853	0.10088872605319968	1674	17
current_all_9	5	2	isolation_forest	average_precision	0.6125372434267004	0.10088872605319968	1674	17
current_all_9	5	2	isolation_forest	balanced_accuracy	0.8588164294082147	0.10088872605319968	1674	17
current_all_9	5	2	isolation_forest	sensitivity	0.7647058823529411	0.10088872605319968	1674	17
current_all_9	5	2	isolation_forest	specificity	0.9529269764634882	0.10088872605319968	1674	17
current_all_9	5	2	isolation_forest	precision	0.14285714285714285	0.10088872605319968	1674	17
current_all_9	5	2	isolation_forest	f1	0.24074074074074073	0.10088872605319968	1674	17
current_all_9	5	2	isolation_forest	mcc	0.3173415050871307	0.10088872605319968	1674	17
without_phyloP	5	2	random_forest	roc_auc	0.9498029749014875	0.06462640023287256	1674	17
without_phyloP	5	2	random_forest	average_precision	0.28680684187128225	0.06462640023287256	1674	17
without_phyloP	5	2	random_forest	balanced_accuracy	0.8312151656075828	0.06462640023287256	1674	17
without_phyloP	5	2	random_forest	sensitivity	0.7058823529411765	0.06462640023287256	1674	17
without_phyloP	5	2	random_forest	specificity	0.9565479782739892	0.06462640023287256	1674	17
without_phyloP	5	2	random_forest	precision	0.14285714285714285	0.06462640023287256	1674	17
without_phyloP	5	2	random_forest	f1	0.2376237623762376	0.06462640023287256	1674	17
without_phyloP	5	2	random_forest	mcc	0.30421997010420776	0.06462640023287256	1674	17
without_phyloP	5	2	isolation_forest	roc_auc	0.9193794596897298	0.11257188673882304	1674	17
without_phyloP	5	2	isolation_forest	average_precision	0.38193034070257104	0.11257188673882304	1674	17
without_phyloP	5	2	isolation_forest	balanced_accuracy	0.8257836628918315	0.11257188673882304	1674	17
without_phyloP	5	2	isolation_forest	sensitivity	0.7058823529411765	0.11257188673882304	1674	17
without_phyloP	5	2	isolation_forest	specificity	0.9456849728424864	0.11257188673882304	1674	17
without_phyloP	5	2	isolation_forest	precision	0.11764705882352941	0.11257188673882304	1674	17
without_phyloP	5	2	isolation_forest	f1	0.20168067226890757	0.11257188673882304	1674	17
without_phyloP	5	2	isolation_forest	mcc	0.2730980855766209	0.11257188673882304	1674	17
mlc_and_codon_only	5	2	random_forest	roc_auc	0.6852035926017962	0.036305878275913604	1674	17
mlc_and_codon_only	5	2	random_forest	average_precision	0.05521218934368903	0.036305878275913604	1674	17
mlc_and_codon_only	5	2	random_forest	balanced_accuracy	0.5595690297845148	0.036305878275913604	1674	17
mlc_and_codon_only	5	2	random_forest	sensitivity	0.17647058823529413	0.036305878275913604	1674	17
mlc_and_codon_only	5	2	random_forest	specificity	0.9426674713337356	0.036305878275913604	1674	17
mlc_and_codon_only	5	2	random_forest	precision	0.030612244897959183	0.036305878275913604	1674	17
mlc_and_codon_only	5	2	random_forest	f1	0.05217391304347826	0.036305878275913604	1674	17
mlc_and_codon_only	5	2	random_forest	mcc	0.05087976454071536	0.036305878275913604	1674	17
mlc_and_codon_only	5	2	isolation_forest	roc_auc	0.8653839326919663	0.13311606143671684	1674	17
mlc_and_codon_only	5	2	isolation_forest	average_precision	0.05220263952281026	0.13311606143671684	1674	17
mlc_and_codon_only	5	2	isolation_forest	balanced_accuracy	0.5349852674926338	0.13311606143671684	1674	17
mlc_and_codon_only	5	2	isolation_forest	sensitivity	0.11764705882352941	0.13311606143671684	1674	17
mlc_and_codon_only	5	2	isolation_forest	specificity	0.9523234761617381	0.13311606143671684	1674	17
mlc_and_codon_only	5	2	isolation_forest	precision	0.024691358024691357	0.13311606143671684	1674	17
mlc_and_codon_only	5	2	isolation_forest	f1	0.04081632653061224	0.13311606143671684	1674	17
mlc_and_codon_only	5	2	isolation_forest	mcc	0.0326926791326271	0.13311606143671684	1674	17
mlc_only	5	2	random_forest	roc_auc	0.60030530015265	0.10365508847985205	1674	17
mlc_only	5	2	random_forest	average_precision	0.02229251369900426	0.10365508847985205	1674	17
mlc_only	5	2	random_forest	balanced_accuracy	0.5407185203592602	0.10365508847985205	1674	17
mlc_only	5	2	random_forest	sensitivity	0.11764705882352941	0.10365508847985205	1674	17
mlc_only	5	2	random_forest	specificity	0.963789981894991	0.10365508847985205	1674	17
mlc_only	5	2	random_forest	precision	0.03225806451612903	0.10365508847985205	1674	17
mlc_only	5	2	random_forest	f1	0.05063291139240506	0.10365508847985205	1674	17
mlc_only	5	2	random_forest	mcc	0.043234389935186725	0.10365508847985205	1674	17
mlc_only	5	2	isolation_forest	roc_auc	0.899676949838475	0.10044124690154146	1674	17
mlc_only	5	2	isolation_forest	average_precision	0.05691732560970091	0.10044124690154146	1674	17
mlc_only	5	2	isolation_forest	balanced_accuracy	0.5646987823493912	0.10044124690154146	1674	17
mlc_only	5	2	isolation_forest	sensitivity	0.17647058823529413	0.10044124690154146	1674	17
mlc_only	5	2	isolation_forest	specificity	0.9529269764634882	0.10044124690154146	1674	17
mlc_only	5	2	isolation_forest	precision	0.037037037037037035	0.10044124690154146	1674	17
mlc_only	5	2	isolation_forest	f1	0.061224489795918366	0.10044124690154146	1674	17
mlc_only	5	2	isolation_forest	mcc	0.06045906414937888	0.10044124690154146	1674	17
current_all_9	5	3	random_forest	roc_auc	0.9954332729468599	0.00901075746739973	1672	16
current_all_9	5	3	random_forest	average_precision	0.7100314276605038	0.00901075746739973	1672	16
current_all_9	5	3	random_forest	balanced_accuracy	0.9758454106280193	0.00901075746739973	1672	16
current_all_9	5	3	random_forest	sensitivity	1.0	0.00901075746739973	1672	16
current_all_9	5	3	random_forest	specificity	0.9516908212560387	0.00901075746739973	1672	16
current_all_9	5	3	random_forest	precision	0.16666666666666666	0.00901075746739973	1672	16
current_all_9	5	3	random_forest	f1	0.2857142857142857	0.00901075746739973	1672	16
current_all_9	5	3	random_forest	mcc	0.3982651590034037	0.00901075746739973	1672	16
current_all_9	5	3	isolation_forest	roc_auc	0.983846618357488	0.1045099221488135	1672	16
current_all_9	5	3	isolation_forest	average_precision	0.5516248624148713	0.1045099221488135	1672	16
current_all_9	5	3	isolation_forest	balanced_accuracy	0.9148550724637681	0.1045099221488135	1672	16
current_all_9	5	3	isolation_forest	sensitivity	0.875	0.1045099221488135	1672	16
current_all_9	5	3	isolation_forest	specificity	0.9547101449275363	0.1045099221488135	1672	16
current_all_9	5	3	isolation_forest	precision	0.15730337078651685	0.1045099221488135	1672	16
current_all_9	5	3	isolation_forest	f1	0.26666666666666666	0.1045099221488135	1672	16
current_all_9	5	3	isolation_forest	mcc	0.3598165184692893	0.1045099221488135	1672	16
without_phyloP	5	3	random_forest	roc_auc	0.9686179045893721	0.049040616675178714	1672	16
without_phyloP	5	3	random_forest	average_precision	0.19682181466962329	0.049040616675178714	1672	16
without_phyloP	5	3	random_forest	balanced_accuracy	0.9142512077294687	0.049040616675178714	1672	16
without_phyloP	5	3	random_forest	sensitivity	0.875	0.049040616675178714	1672	16
without_phyloP	5	3	random_forest	specificity	0.9535024154589372	0.049040616675178714	1672	16
without_phyloP	5	3	random_forest	precision	0.15384615384615385	0.049040616675178714	1672	16
without_phyloP	5	3	random_forest	f1	0.2616822429906542	0.049040616675178714	1672	16
without_phyloP	5	3	random_forest	mcc	0.35554723479976186	0.049040616675178714	1672	16
without_phyloP	5	3	isolation_forest	roc_auc	0.963352958937198	0.11656121189745539	1672	16
without_phyloP	5	3	isolation_forest	average_precision	0.33454978747098313	0.11656121189745539	1672	16
without_phyloP	5	3	isolation_forest	balanced_accuracy	0.8854166666666667	0.11656121189745539	1672	16
without_phyloP	5	3	isolation_forest	sensitivity	0.8125	0.11656121189745539	1672	16
without_phyloP	5	3	isolation_forest	specificity	0.9583333333333334	0.11656121189745539	1672	16
without_phyloP	5	3	isolation_forest	precision	0.15853658536585366	0.11656121189745539	1672	16
without_phyloP	5	3	isolation_forest	f1	0.2653061224489796	0.11656121189745539	1672	16
without_phyloP	5	3	isolation_forest	mcc	0.34749227622656914	0.11656121189745539	1672	16
mlc_and_codon_only	5	3	random_forest	roc_auc	0.8117829106280193	0.11366648369250629	1672	16
mlc_and_codon_only	5	3	random_forest	average_precision	0.1177453311156796	0.11366648369250629	1672	16
mlc_and_codon_only	5	3	random_forest	balanced_accuracy	0.6991243961352658	0.11366648369250629	1672	16
mlc_and_codon_only	5	3	random_forest	sensitivity	0.4375	0.11366648369250629	1672	16
mlc_and_codon_only	5	3	random_forest	specificity	0.9607487922705314	0.11366648369250629	1672	16
mlc_and_codon_only	5	3	random_forest	precision	0.09722222222222222	0.11366648369250629	1672	16
mlc_and_codon_only	5	3	random_forest	f1	0.1590909090909091	0.11366648369250629	1672	16
mlc_and_codon_only	5	3	random_forest	mcc	0.19099341120922333	0.11366648369250629	1672	16
mlc_and_codon_only	5	3	isolation_forest	roc_auc	0.9200822765700484	0.13868179836142006	1672	16
mlc_and_codon_only	5	3	isolation_forest	average_precision	0.1299723209003529	0.13868179836142006	1672	16
mlc_and_codon_only	5	3	isolation_forest	balanced_accuracy	0.7210144927536232	0.13868179836142006	1672	16
mlc_and_codon_only	5	3	isolation_forest	sensitivity	0.5	0.13868179836142006	1672	16
mlc_and_codon_only	5	3	isolation_forest	specificity	0.9420289855072463	0.13868179836142006	1672	16
mlc_and_codon_only	5	3	isolation_forest	precision	0.07692307692307693	0.13868179836142006	1672	16
mlc_and_codon_only	5	3	isolation_forest	f1	0.13333333333333333	0.13868179836142006	1672	16
mlc_and_codon_only	5	3	isolation_forest	mcc	0.17817682152386205	0.13868179836142006	1672	16
mlc_only	5	3	random_forest	roc_auc	0.7371112620772946	0.13858105852124297	1672	16
mlc_only	5	3	random_forest	average_precision	0.0441381692398759	0.13858105852124297	1672	16
mlc_only	5	3	random_forest	balanced_accuracy	0.6056763285024155	0.13858105852124297	1672	16
mlc_only	5	3	random_forest	sensitivity	0.25	0.13858105852124297	1672	16
mlc_only	5	3	random_forest	specificity	0.961352657004831	0.13858105852124297	1672	16
mlc_only	5	3	random_forest	precision	0.058823529411764705	0.13858105852124297	1672	16
mlc_only	5	3	random_forest	f1	0.09523809523809523	0.13858105852124297	1672	16
mlc_only	5	3	random_forest	mcc	0.10416965627240606	0.13858105852124297	1672	16
mlc_only	5	3	isolation_forest	roc_auc	0.9234224033816425	0.11858187044555457	1672	16
mlc_only	5	3	isolation_forest	average_precision	0.07338512439348499	0.11858187044555457	1672	16
mlc_only	5	3	isolation_forest	balanced_accuracy	0.6945954106280193	0.11858187044555457	1672	16
mlc_only	5	3	isolation_forest	sensitivity	0.4375	0.11858187044555457	1672	16
mlc_only	5	3	isolation_forest	specificity	0.9516908212560387	0.11858187044555457	1672	16
mlc_only	5	3	isolation_forest	precision	0.08045977011494253	0.11858187044555457	1672	16
mlc_only	5	3	isolation_forest	f1	0.13592233009708737	0.11858187044555457	1672	16
mlc_only	5	3	isolation_forest	mcc	0.1705997880241906	0.11858187044555457	1672	16
current_all_9	5	4	random_forest	roc_auc	0.9630221653878944	0.006922368842725808	1673	17
current_all_9	5	4	random_forest	average_precision	0.7547866385294539	0.006922368842725808	1673	17
current_all_9	5	4	random_forest	balanced_accuracy	0.9458297811878374	0.006922368842725808	1673	17
current_all_9	5	4	random_forest	sensitivity	0.9411764705882353	0.006922368842725808	1673	17
current_all_9	5	4	random_forest	specificity	0.9504830917874396	0.006922368842725808	1673	17
current_all_9	5	4	random_forest	precision	0.16326530612244897	0.006922368842725808	1673	17
current_all_9	5	4	random_forest	f1	0.2782608695652174	0.006922368842725808	1673	17
current_all_9	5	4	random_forest	mcc	0.3808030177832062	0.006922368842725808	1673	17
current_all_9	5	4	isolation_forest	roc_auc	0.9735720375106565	0.1056676435133439	1673	17
current_all_9	5	4	isolation_forest	average_precision	0.6032814760398728	0.1056676435133439	1673	17
current_all_9	5	4	isolation_forest	balanced_accuracy	0.9221547314578005	0.1056676435133439	1673	17
current_all_9	5	4	isolation_forest	sensitivity	0.8823529411764706	0.1056676435133439	1673	17
current_all_9	5	4	isolation_forest	specificity	0.9619565217391305	0.1056676435133439	1673	17
current_all_9	5	4	isolation_forest	precision	0.19230769230769232	0.1056676435133439	1673	17
current_all_9	5	4	isolation_forest	f1	0.3157894736842105	0.1056676435133439	1673	17
current_all_9	5	4	isolation_forest	mcc	0.40163230591617194	0.1056676435133439	1673	17
without_phyloP	5	4	random_forest	roc_auc	0.9536800227337311	0.053178303826900114	1673	17
without_phyloP	5	4	random_forest	average_precision	0.33852554628623294	0.053178303826900114	1673	17
without_phyloP	5	4	random_forest	balanced_accuracy	0.82576726342711	0.053178303826900114	1673	17
without_phyloP	5	4	random_forest	sensitivity	0.7058823529411765	0.053178303826900114	1673	17
without_phyloP	5	4	random_forest	specificity	0.9456521739130435	0.053178303826900114	1673	17
without_phyloP	5	4	random_forest	precision	0.11764705882352941	0.053178303826900114	1673	17
without_phyloP	5	4	random_forest	f1	0.20168067226890757	0.053178303826900114	1673	17
without_phyloP	5	4	random_forest	mcc	0.27308879667118136	0.053178303826900114	1673	17
without_phyloP	5	4	isolation_forest	roc_auc	0.9546391020176186	0.11454894190819162	1673	17
without_phyloP	5	4	isolation_forest	average_precision	0.4064031200654326	0.11454894190819162	1673	17
without_phyloP	5	4	isolation_forest	balanced_accuracy	0.8621234725774367	0.11454894190819162	1673	17
without_phyloP	5	4	isolation_forest	sensitivity	0.7647058823529411	0.11454894190819162	1673	17
without_phyloP	5	4	isolation_forest	specificity	0.9595410628019324	0.11454894190819162	1673	17
without_phyloP	5	4	isolation_forest	precision	0.1625	0.11454894190819162	1673	17
without_phyloP	5	4	isolation_forest	f1	0.26804123711340205	0.11454894190819162	1673	17
without_phyloP	5	4	isolation_forest	mcc	0.3403991112872967	0.11454894190819162	1673	17
mlc_and_codon_only	5	4	random_forest	roc_auc	0.8906116794543905	0.10150762943961836	1673	17
mlc_and_codon_only	5	4	random_forest	average_precision	0.18599629167493228	0.10150762943961836	1673	17
mlc_and_codon_only	5	4	random_forest	balanced_accuracy	0.8036018755328218	0.10150762943961836	1673	17
mlc_and_codon_only	5	4	random_forest	sensitivity	0.6470588235294118	0.10150762943961836	1673	17
mlc_and_codon_only	5	4	random_forest	specificity	0.9601449275362319	0.10150762943961836	1673	17
mlc_and_codon_only	5	4	random_forest	precision	0.14285714285714285	0.10150762943961836	1673	17
mlc_and_codon_only	5	4	random_forest	f1	0.23404255319148937	0.10150762943961836	1673	17
mlc_and_codon_only	5	4	random_forest	mcc	0.2906211832277713	0.10150762943961836	1673	17
mlc_and_codon_only	5	4	isolation_forest	roc_auc	0.9114805342426825	0.13598089180042017	1673	17
mlc_and_codon_only	5	4	isolation_forest	average_precision	0.2926168448032392	0.13598089180042017	1673	17
mlc_and_codon_only	5	4	isolation_forest	balanced_accuracy	0.7735862460926399	0.13598089180042017	1673	17
mlc_and_codon_only	5	4	isolation_forest	sensitivity	0.5882352941176471	0.13598089180042017	1673	17
mlc_and_codon_only	5	4	isolation_forest	specificity	0.9589371980676329	0.13598089180042017	1673	17
mlc_and_codon_only	5	4	isolation_forest	precision	0.1282051282051282	0.13598089180042017	1673	17
mlc_and_codon_only	5	4	isolation_forest	f1	0.21052631578947367	0.13598089180042017	1673	17
mlc_and_codon_only	5	4	isolation_forest	mcc	0.2602862569032232	0.13598089180042017	1673	17
mlc_only	5	4	random_forest	roc_auc	0.7381713554987213	0.09088034283430199	1673	17
mlc_only	5	4	random_forest	average_precision	0.05169607724005857	0.09088034283430199	1673	17
mlc_only	5	4	random_forest	balanced_accuracy	0.5947001989201478	0.09088034283430199	1673	17
mlc_only	5	4	random_forest	sensitivity	0.23529411764705882	0.09088034283430199	1673	17
mlc_only	5	4	random_forest	specificity	0.9541062801932367	0.09088034283430199	1673	17
mlc_only	5	4	random_forest	precision	0.05	0.09088034283430199	1673	17
mlc_only	5	4	random_forest	f1	0.08247422680412371	0.09088034283430199	1673	17
mlc_only	5	4	random_forest	mcc	0.08901898383362922	0.09088034283430199	1673	17
mlc_only	5	4	isolation_forest	roc_auc	0.9390274225632282	0.10981116885786571	1673	17
mlc_only	5	4	isolation_forest	average_precision	0.11906878581235297	0.10981116885786571	1673	17
mlc_only	5	4	isolation_forest	balanced_accuracy	0.7156685137823245	0.10981116885786571	1673	17
mlc_only	5	4	isolation_forest	sensitivity	0.47058823529411764	0.10981116885786571	1673	17
mlc_only	5	4	isolation_forest	specificity	0.9607487922705314	0.10981116885786571	1673	17
mlc_only	5	4	isolation_forest	precision	0.1095890410958904	0.10981116885786571	1673	17
mlc_only	5	4	isolation_forest	f1	0.17777777777777778	0.10981116885786571	1673	17
mlc_only	5	4	isolation_forest	mcc	0.2117629345752235	0.10981116885786571	1673	17
current_all_9	5	5	random_forest	roc_auc	0.9979740536698063	0.009862045307033619	1672	17
current_all_9	5	5	random_forest	average_precision	0.8228972759188626	0.009862045307033619	1672	17
current_all_9	5	5	random_forest	balanced_accuracy	0.9719033232628399	0.009862045307033619	1672	17
current_all_9	5	5	random_forest	sensitivity	1.0	0.009862045307033619	1672	17
current_all_9	5	5	random_forest	specificity	0.9438066465256798	0.009862045307033619	1672	17
current_all_9	5	5	random_forest	precision	0.15454545454545454	0.009862045307033619	1672	17
current_all_9	5	5	random_forest	f1	0.2677165354330709	0.009862045307033619	1672	17
current_all_9	5	5	random_forest	mcc	0.3819175659619918	0.009862045307033619	1672	17
current_all_9	5	5	isolation_forest	roc_auc	0.9862448907055269	0.09563351108825444	1672	17
current_all_9	5	5	isolation_forest	average_precision	0.49545967874424574	0.09563351108825444	1672	17
current_all_9	5	5	isolation_forest	balanced_accuracy	0.9397725253243292	0.09563351108825444	1672	17
current_all_9	5	5	isolation_forest	sensitivity	0.9411764705882353	0.09563351108825444	1672	17
current_all_9	5	5	isolation_forest	specificity	0.938368580060423	0.09563351108825444	1672	17
current_all_9	5	5	isolation_forest	precision	0.13559322033898305	0.09563351108825444	1672	17
current_all_9	5	5	isolation_forest	f1	0.23703703703703705	0.09563351108825444	1672	17
current_all_9	5	5	isolation_forest	mcc	0.3445204755084744	0.09563351108825444	1672	17
without_phyloP	5	5	random_forest	roc_auc	0.9614892482672827	0.03723741145306997	1672	17
without_phyloP	5	5	random_forest	average_precision	0.2183682057876947	0.03723741145306997	1672	17
without_phyloP	5	5	random_forest	balanced_accuracy	0.8569752976719389	0.03723741145306997	1672	17
without_phyloP	5	5	random_forest	sensitivity	0.7647058823529411	0.03723741145306997	1672	17
without_phyloP	5	5	random_forest	specificity	0.9492447129909366	0.03723741145306997	1672	17
without_phyloP	5	5	random_forest	precision	0.13402061855670103	0.03723741145306997	1672	17
without_phyloP	5	5	random_forest	f1	0.22807017543859648	0.03723741145306997	1672	17
without_phyloP	5	5	random_forest	mcc	0.30638357094616003	0.03723741145306997	1672	17
without_phyloP	5	5	isolation_forest	roc_auc	0.9576328416563	0.109892229108013	1672	17
without_phyloP	5	5	isolation_forest	average_precision	0.2429895228633356	0.109892229108013	1672	17
without_phyloP	5	5	isolation_forest	balanced_accuracy	0.8464012795450506	0.109892229108013	1672	17
without_phyloP	5	5	isolation_forest	sensitivity	0.7647058823529411	0.109892229108013	1672	17
without_phyloP	5	5	isolation_forest	specificity	0.9280966767371601	0.109892229108013	1672	17
without_phyloP	5	5	isolation_forest	precision	0.09848484848484848	0.109892229108013	1672	17
without_phyloP	5	5	isolation_forest	f1	0.174496644295302	0.109892229108013	1672	17
without_phyloP	5	5	isolation_forest	mcc	0.25774225089308916	0.109892229108013	1672	17
mlc_and_codon_only	5	5	random_forest	roc_auc	0.732610627332504	0.026848520498827355	1672	17
mlc_and_codon_only	5	5	random_forest	average_precision	0.0449714506035982	0.026848520498827355	1672	17
mlc_and_codon_only	5	5	random_forest	balanced_accuracy	0.6693264617025058	0.026848520498827355	1672	17
mlc_and_codon_only	5	5	random_forest	sensitivity	0.4117647058823529	0.026848520498827355	1672	17
mlc_and_codon_only	5	5	random_forest	specificity	0.9268882175226586	0.026848520498827355	1672	17
mlc_and_codon_only	5	5	random_forest	precision	0.0546875	0.026848520498827355	1672	17
mlc_and_codon_only	5	5	random_forest	f1	0.09655172413793103	0.026848520498827355	1672	17
mlc_and_codon_only	5	5	random_forest	mcc	0.12777610809223	0.026848520498827355	1672	17
mlc_and_codon_only	5	5	isolation_forest	roc_auc	0.8970499377998934	0.13613037497284652	1672	17
mlc_and_codon_only	5	5	isolation_forest	average_precision	0.0768052395530312	0.13613037497284652	1672	17
mlc_and_codon_only	5	5	isolation_forest	balanced_accuracy	0.6201706060067531	0.13613037497284652	1672	17
mlc_and_codon_only	5	5	isolation_forest	sensitivity	0.29411764705882354	0.13613037497284652	1672	17
mlc_and_codon_only	5	5	isolation_forest	specificity	0.9462235649546827	0.13613037497284652	1672	17
mlc_and_codon_only	5	5	isolation_forest	precision	0.05319148936170213	0.13613037497284652	1672	17
mlc_and_codon_only	5	5	isolation_forest	f1	0.09009009009009009	0.13613037497284652	1672	17
mlc_and_codon_only	5	5	isolation_forest	mcc	0.10467290574354593	0.13613037497284652	1672	17
mlc_only	5	5	random_forest	roc_auc	0.7038030922338724	0.13060801700412614	1672	17
mlc_only	5	5	random_forest	average_precision	0.02569358251882224	0.13060801700412614	1672	17
mlc_only	5	5	random_forest	balanced_accuracy	0.5367691487471121	0.13060801700412614	1672	17
mlc_only	5	5	random_forest	sensitivity	0.11764705882352941	0.13060801700412614	1672	17
mlc_only	5	5	random_forest	specificity	0.9558912386706948	0.13060801700412614	1672	17
mlc_only	5	5	random_forest	precision	0.02666666666666667	0.13060801700412614	1672	17
mlc_only	5	5	random_forest	f1	0.043478260869565216	0.13060801700412614	1672	17
mlc_only	5	5	random_forest	mcc	0.035641333221668244	0.13060801700412614	1672	17
mlc_only	5	5	isolation_forest	roc_auc	0.878638706237782	0.08867973970781484	1672	17
mlc_only	5	5	isolation_forest	average_precision	0.0567714064688499	0.08867973970781484	1672	17
mlc_only	5	5	isolation_forest	balanced_accuracy	0.6738581837568864	0.08867973970781484	1672	17
mlc_only	5	5	isolation_forest	sensitivity	0.4117647058823529	0.08867973970781484	1672	17
mlc_only	5	5	isolation_forest	specificity	0.93595166163142	0.08867973970781484	1672	17
mlc_only	5	5	isolation_forest	precision	0.061946902654867256	0.08867973970781484	1672	17
mlc_only	5	5	isolation_forest	f1	0.1076923076923077	0.08867973970781484	1672	17
mlc_only	5	5	isolation_forest	mcc	0.13895888300064946	0.08867973970781484	1672	17
